reach_id,time_str,river_name,p_lat,p_lon,wse,width,slope2,d_x_area,dschg_c,source_file,product,time,date
21404000011,2023-11-22T10:42:31Z,Adige,45.13669319,11.9340853,3.3218,148.073442,0.00015541915,,,SWOT_L2_HR_RiverSP_Reach_006_557_EU_20231122T104158_20231122T104200_PIC0_01.zip,river,2023-11-22 10:42:31+00:00,2023-11-22
21404000021,2023-11-22T10:42:31Z,Adige,45.1152242,11.8085946,5.1055,176.395437,0.00016433836,,,SWOT_L2_HR_RiverSP_Reach_006_557_EU_20231122T104158_20231122T104200_PIC0_01.zip,river,2023-11-22 10:42:31+00:00,2023-11-22
21404000031,2023-11-22T10:42:31Z,Adige,45.10291143,11.6839963,7.0083,139.858491,0.0001704965,,,SWOT_L2_HR_RiverSP_Reach_006_557_EU_20231122T104158_20231122T104200_PIC0_01.zip,river,2023-11-22 10:42:31+00:00,2023-11-22
21404000041,2023-11-22T10:42:31Z,Adige,45.11467588,11.5378009,9.1219,113.184249,0.00015226327,,,SWOT_L2_HR_RiverSP_Reach_006_557_EU_20231122T104158_20231122T104200_PIC0_01.zip,river,2023-11-22 10:42:31+00:00,2023-11-22
21404000415,2023-11-22T10:42:31Z,Fiume Adige,45.12610537,12.2744918,-0.0714,493.906656,8.011946e-05,,,SWOT_L2_HR_RiverSP_Reach_006_557_EU_20231122T104158_20231122T104200_PIC0_01.zip,river,2023-11-22 10:42:31+00:00,2023-11-22
21404000425,2023-11-22T10:42:31Z,Adige; Fiume Adige,45.11811217,12.169194,1.0406,162.846555,7.493721e-05,,,SWOT_L2_HR_RiverSP_Reach_006_557_EU_20231122T104158_20231122T104200_PIC0_01.zip,river,2023-11-22 10:42:31+00:00,2023-11-22
21404000435,2023-11-22T10:42:31Z,Adige,45.13738683,12.0558708,1.9513,65.799854,6.479771e-05,,,SWOT_L2_HR_RiverSP_Reach_006_557_EU_20231122T104158_20231122T104200_PIC0_01.zip,river,2023-11-22 10:42:31+00:00,2023-11-22
21406100011,2023-11-22T10:42:31Z,no_data,44.97788826,11.9055543,1.4068,250.188776,2.628152e-05,,,SWOT_L2_HR_RiverSP_Reach_006_557_EU_20231122T104158_20231122T104200_PIC0_01.zip,river,2023-11-22 10:42:31+00:00,2023-11-22
21406100021,2023-11-22T10:42:31Z,Po,44.94767275,11.7511479,1.9989,345.778961,5.346604e-05,,,SWOT_L2_HR_RiverSP_Reach_006_557_EU_20231122T104158_20231122T104200_PIC0_01.zip,river,2023-11-22 10:42:31+00:00,2023-11-22
21406100031,2023-11-22T10:42:22Z,Po,44.89965067,11.6362292,2.7911,439.056863,7.78389e-05,,,SWOT_L2_HR_RiverSP_Reach_006_557_EU_20231122T104158_20231122T104200_PIC0_01.zip,river,2023-11-22 10:42:22+00:00,2023-11-22
21406100041,2023-11-22T10:42:22Z,Po,44.92732847,11.5407952,3.7453,479.731886,9.748212e-05,,,SWOT_L2_HR_RiverSP_Reach_006_557_EU_20231122T104158_20231122T104200_PIC0_01.zip,river,2023-11-22 10:42:22+00:00,2023-11-22
21406100051,2023-11-22T10:42:22Z,Po,44.95362753,11.4200067,4.9989,475.266745,9.893612e-05,,,SWOT_L2_HR_RiverSP_Reach_006_557_EU_20231122T104158_20231122T104200_PIC0_01.zip,river,2023-11-22 10:42:22+00:00,2023-11-22
21406100061,2023-11-22T10:42:31Z,Po,45.00951862,11.3007475,6.1011,355.500822,8.78768e-05,,,SWOT_L2_HR_RiverSP_Reach_006_557_EU_20231122T104158_20231122T104200_PIC0_01.zip,river,2023-11-22 10:42:31+00:00,2023-11-22
21406100071,2023-11-22T10:42:31Z,Po,45.05059331,11.2359852,7.0958,375.863218,9.211103e-05,,,SWOT_L2_HR_RiverSP_Reach_006_557_EU_20231122T104158_20231122T104200_PIC0_01.zip,river,2023-11-22 10:42:31+00:00,2023-11-22
21406100081,2023-11-22T10:42:31Z,Po,45.0526046,11.0864648,8.6389,309.565399,0.00011123093,,,SWOT_L2_HR_RiverSP_Reach_006_557_EU_20231122T104158_20231122T104200_PIC0_01.zip,river,2023-11-22 10:42:31+00:00,2023-11-22
21406100275,2023-11-22T10:42:31Z,Po di Venezia,44.95659643,12.3650664,0.4262,611.802668,-2.74291e-05,,,SWOT_L2_HR_RiverSP_Reach_006_557_EU_20231122T104158_20231122T104200_PIC0_01.zip,river,2023-11-22 10:42:31+00:00,2023-11-22
21406100285,2023-11-22T10:42:31Z,Po di Venezia,44.97907136,12.2580871,0.6849,469.530642,3.87234e-06,,,SWOT_L2_HR_RiverSP_Reach_006_557_EU_20231122T104158_20231122T104200_PIC0_01.zip,river,2023-11-22 10:42:31+00:00,2023-11-22
21406100295,2023-11-22T10:42:31Z,Po di Venezia,45.02022837,12.1647155,0.5886,552.947985,1.956234e-05,,,SWOT_L2_HR_RiverSP_Reach_006_557_EU_20231122T104158_20231122T104200_PIC0_01.zip,river,2023-11-22 10:42:31+00:00,2023-11-22
21406100305,2023-11-22T10:42:31Z,Po di Venezia,44.99976903,12.0782068,0.9991,537.26746,3.184659e-05,,,SWOT_L2_HR_RiverSP_Reach_006_557_EU_20231122T104158_20231122T104200_PIC0_01.zip,river,2023-11-22 10:42:31+00:00,2023-11-22
21406100315,2023-11-22T10:42:31Z,Po,44.97645748,12.0255272,1.2133,412.645552,3.135043e-05,,,SWOT_L2_HR_RiverSP_Reach_006_557_EU_20231122T104158_20231122T104200_PIC0_01.zip,river,2023-11-22 10:42:31+00:00,2023-11-22
21407000015,2023-11-22T10:42:31Z,Po di Gnocca,44.88633902,12.3402252,0.4631,186.060569,1.290003e-05,,,SWOT_L2_HR_RiverSP_Reach_006_557_EU_20231122T104158_20231122T104200_PIC0_01.zip,river,2023-11-22 10:42:31+00:00,2023-11-22
21407000025,2023-11-22T10:42:31Z,no_data,44.82749551,12.3520721,0.2469,258.81118,1.133615e-05,,,SWOT_L2_HR_RiverSP_Reach_006_557_EU_20231122T104158_20231122T104200_PIC0_01.zip,river,2023-11-22 10:42:31+00:00,2023-11-22
21407000035,2023-11-22T10:42:31Z,Po di Goro,44.88212683,12.2910628,0.2126,206.985398,1.04809e-05,,,SWOT_L2_HR_RiverSP_Reach_006_557_EU_20231122T104158_20231122T104200_PIC0_01.zip,river,2023-11-22 10:42:31+00:00,2023-11-22
21407000045,2023-11-22T10:42:31Z,Po di Goro,44.93225211,12.2569541,0.3253,223.213852,-7.412e-06,,,SWOT_L2_HR_RiverSP_Reach_006_557_EU_20231122T104158_20231122T104200_PIC0_01.zip,river,2023-11-22 10:42:31+00:00,2023-11-22
21407000055,2023-11-22T10:42:31Z,Po di Goro,44.94808193,12.128055,0.7366,187.444866,6.195033e-05,,,SWOT_L2_HR_RiverSP_Reach_006_557_EU_20231122T104158_20231122T104200_PIC0_01.zip,river,2023-11-22 10:42:31+00:00,2023-11-22
21406300051,2023-11-23T10:43:02Z,Parma; Po,44.98238586,10.3257584,24.2101,202.145885,0.0001424614,,,SWOT_L2_HR_RiverSP_Reach_007_001_EU_20231123T104209_20231123T104211_PGC0_01.zip,river,2023-11-23 10:43:02+00:00,2023-11-23
21406300051,2023-11-23T10:43:02Z,Parma; Po,44.98238586,10.3257584,24.2814,201.879046,0.00012184075,,,SWOT_L2_HR_RiverSP_Reach_007_001_EU_20231123T104209_20231123T104211_PIC0_01.zip,river,2023-11-23 10:43:02+00:00,2023-11-23
21404000011,2023-11-30T19:46:03Z,Adige,45.13669319,11.9340853,1.749,64.242563,0.0002737008,,,SWOT_L2_HR_RiverSP_Reach_007_208_EU_20231130T194339_20231130T194341_PGC0_01.zip,river,2023-11-30 19:46:03+00:00,2023-11-30
21404000021,2023-11-30T19:46:03Z,Adige,45.1152242,11.8085946,2.6188,71.678469,0.00023126048,,,SWOT_L2_HR_RiverSP_Reach_007_208_EU_20231130T194339_20231130T194341_PGC0_01.zip,river,2023-11-30 19:46:03+00:00,2023-11-30
21404000031,2023-11-30T19:46:03Z,Adige,45.10291143,11.6839963,5.6004,70.852006,0.00025041463,,,SWOT_L2_HR_RiverSP_Reach_007_208_EU_20231130T194339_20231130T194341_PGC0_01.zip,river,2023-11-30 19:46:03+00:00,2023-11-30
21404000041,2023-11-30T19:46:02Z,Adige,45.11467588,11.5378009,9.2805,70.382372,0.00018855284,,,SWOT_L2_HR_RiverSP_Reach_007_208_EU_20231130T194339_20231130T194341_PGC0_01.zip,river,2023-11-30 19:46:02+00:00,2023-11-30
21404000435,2023-11-30T19:46:03Z,Adige,45.13738683,12.0558708,,43.276886,,,,SWOT_L2_HR_RiverSP_Reach_007_208_EU_20231130T194339_20231130T194341_PGC0_01.zip,river,2023-11-30 19:46:03+00:00,2023-11-30
21406100011,2023-11-30T19:46:12Z,no_data,44.97788826,11.9055543,1.244,309.345391,4.165804e-05,,,SWOT_L2_HR_RiverSP_Reach_007_208_EU_20231130T194339_20231130T194341_PGC0_01.zip,river,2023-11-30 19:46:12+00:00,2023-11-30
21406100021,2023-11-30T19:46:12Z,Po,44.94767275,11.7511479,1.9141,299.890533,5.927906e-05,,,SWOT_L2_HR_RiverSP_Reach_007_208_EU_20231130T194339_20231130T194341_PGC0_01.zip,river,2023-11-30 19:46:12+00:00,2023-11-30
21406100031,2023-11-30T19:46:12Z,Po,44.89965067,11.6362292,2.9035,354.441305,9.928874e-05,,,SWOT_L2_HR_RiverSP_Reach_007_208_EU_20231130T194339_20231130T194341_PGC0_01.zip,river,2023-11-30 19:46:12+00:00,2023-11-30
21406100041,2023-11-30T19:46:11Z,Po,44.92732847,11.5407952,3.882,424.969842,8.444263e-05,,,SWOT_L2_HR_RiverSP_Reach_007_208_EU_20231130T194339_20231130T194341_PGC0_01.zip,river,2023-11-30 19:46:11+00:00,2023-11-30
21406100051,2023-11-30T19:46:03Z,Po,44.95362753,11.4200067,5.1151,456.26801,0.0001097975,,,SWOT_L2_HR_RiverSP_Reach_007_208_EU_20231130T194339_20231130T194341_PGC0_01.zip,river,2023-11-30 19:46:03+00:00,2023-11-30
21406100061,2023-11-30T19:46:03Z,Po,45.00951862,11.3007475,6.3983,394.861918,0.00018097937,,,SWOT_L2_HR_RiverSP_Reach_007_208_EU_20231130T194339_20231130T194341_PGC0_01.zip,river,2023-11-30 19:46:03+00:00,2023-11-30
21406100071,2023-11-30T19:46:02Z,Po,45.05059331,11.2359852,10.5307,541.186672,0.00096731349,,,SWOT_L2_HR_RiverSP_Reach_007_208_EU_20231130T194339_20231130T194341_PGC0_01.zip,river,2023-11-30 19:46:02+00:00,2023-11-30
21406100081,2023-11-30T19:46:02Z,Po,45.0526046,11.0864648,9.0831,378.393231,0.0001173218,,,SWOT_L2_HR_RiverSP_Reach_007_208_EU_20231130T194339_20231130T194341_PGC0_01.zip,river,2023-11-30 19:46:02+00:00,2023-11-30
21406100091,2023-11-30T19:46:02Z,Fiume Mincio; Po,45.10017596,10.9113497,11.6484,13.687828,0.00019142898,,,SWOT_L2_HR_RiverSP_Reach_007_208_EU_20231130T194339_20231130T194341_PGC0_01.zip,river,2023-11-30 19:46:02+00:00,2023-11-30
21406100101,2023-11-30T19:46:02Z,Po,45.06440534,10.9221059,10.9361,267.08373,0.00010733979,,,SWOT_L2_HR_RiverSP_Reach_007_208_EU_20231130T194339_20231130T194341_PGC0_01.zip,river,2023-11-30 19:46:02+00:00,2023-11-30
21406100111,2023-11-30T19:46:02Z,Po,45.04625504,10.768001,12.9914,250.13235,0.00015321073,,,SWOT_L2_HR_RiverSP_Reach_007_208_EU_20231130T194339_20231130T194341_PGC0_01.zip,river,2023-11-30 19:46:02+00:00,2023-11-30
21406100123,2023-11-30T19:46:02Z,Fiume Mincio,45.14246728,10.8162187,13.5766,,,,,SWOT_L2_HR_RiverSP_Reach_007_208_EU_20231130T194339_20231130T194341_PGC0_01.zip,river,2023-11-30 19:46:02+00:00,2023-11-30
21406100305,2023-11-30T19:46:12Z,Po di Venezia,44.99976903,12.0782068,0.5487,348.538287,3.650062e-05,,,SWOT_L2_HR_RiverSP_Reach_007_208_EU_20231130T194339_20231130T194341_PGC0_01.zip,river,2023-11-30 19:46:12+00:00,2023-11-30
21406100315,2023-11-30T19:46:12Z,Po,44.97645748,12.0255272,0.8217,359.284036,6.243365e-05,,,SWOT_L2_HR_RiverSP_Reach_007_208_EU_20231130T194339_20231130T194341_PGC0_01.zip,river,2023-11-30 19:46:12+00:00,2023-11-30
21406200011,2023-11-30T19:46:02Z,Po,45.06313602,10.6021879,17.0919,43.97251,0.00026803496,,,SWOT_L2_HR_RiverSP_Reach_007_208_EU_20231130T194339_20231130T194341_PGC0_01.zip,river,2023-11-30 19:46:02+00:00,2023-11-30
21406200021,2023-11-30T19:46:02Z,Fiume Oglio,45.12874321,10.5044278,20.1844,21.239157,0.00024915785,,,SWOT_L2_HR_RiverSP_Reach_007_208_EU_20231130T194339_20231130T194341_PGC0_01.zip,river,2023-11-30 19:46:02+00:00,2023-11-30
21406300011,2023-11-30T19:46:02Z,Po,45.00223735,10.6801087,15.6451,246.018273,0.0001351845,,,SWOT_L2_HR_RiverSP_Reach_007_208_EU_20231130T194339_20231130T194341_PGC0_01.zip,river,2023-11-30 19:46:02+00:00,2023-11-30
21406300021,2023-11-30T19:46:02Z,Po,44.92496107,10.6126319,17.8236,208.091034,0.00035814947,,,SWOT_L2_HR_RiverSP_Reach_007_208_EU_20231130T194339_20231130T194341_PGC0_01.zip,river,2023-11-30 19:46:02+00:00,2023-11-30
21406300031,2023-11-30T19:46:02Z,Parma; Po,44.92391702,10.4975482,19.2722,202.023862,-0.0001493147,,,SWOT_L2_HR_RiverSP_Reach_007_208_EU_20231130T194339_20231130T194341_PGC0_01.zip,river,2023-11-30 19:46:02+00:00,2023-11-30
21406300041,2023-11-30T19:46:02Z,Parma,44.96698609,10.4153531,19.4554,212.77913,0.00038338435,,,SWOT_L2_HR_RiverSP_Reach_007_208_EU_20231130T194339_20231130T194341_PGC0_01.zip,river,2023-11-30 19:46:02+00:00,2023-11-30
21406300051,2023-11-30T19:46:02Z,Parma; Po,44.98238586,10.3257584,25.9303,149.017888,0.00486967829,,,SWOT_L2_HR_RiverSP_Reach_007_208_EU_20231130T194339_20231130T194341_PGC0_01.zip,river,2023-11-30 19:46:02+00:00,2023-11-30
21407000055,2023-11-30T19:46:12Z,Po di Goro,44.94808193,12.128055,0.4798,23.732608,-0.0006564106,,,SWOT_L2_HR_RiverSP_Reach_007_208_EU_20231130T194339_20231130T194341_PGC0_01.zip,river,2023-11-30 19:46:12+00:00,2023-11-30
21404000011,2023-11-30T19:46:03Z,Adige,45.13669319,11.9340853,1.7953,62.816927,0.00031836162,,,SWOT_L2_HR_RiverSP_Reach_007_208_EU_20231130T194339_20231130T194341_PIC0_01.zip,river,2023-11-30 19:46:03+00:00,2023-11-30
21404000021,2023-11-30T19:46:03Z,Adige,45.1152242,11.8085946,2.536,71.841527,0.00018274023,,,SWOT_L2_HR_RiverSP_Reach_007_208_EU_20231130T194339_20231130T194341_PIC0_01.zip,river,2023-11-30 19:46:03+00:00,2023-11-30
21404000031,2023-11-30T19:46:03Z,Adige,45.10291143,11.6839963,5.8184,70.937831,0.00024529014,,,SWOT_L2_HR_RiverSP_Reach_007_208_EU_20231130T194339_20231130T194341_PIC0_01.zip,river,2023-11-30 19:46:03+00:00,2023-11-30
21404000041,2023-11-30T19:46:02Z,Adige,45.11467588,11.5378009,9.1762,70.612474,0.00020371908,,,SWOT_L2_HR_RiverSP_Reach_007_208_EU_20231130T194339_20231130T194341_PIC0_01.zip,river,2023-11-30 19:46:02+00:00,2023-11-30
21404000435,2023-11-30T19:46:03Z,Adige,45.13738683,12.0558708,,43.280603,,,,SWOT_L2_HR_RiverSP_Reach_007_208_EU_20231130T194339_20231130T194341_PIC0_01.zip,river,2023-11-30 19:46:03+00:00,2023-11-30
21406100011,2023-11-30T19:46:12Z,no_data,44.97788826,11.9055543,1.2583,309.40794,4.268015e-05,,,SWOT_L2_HR_RiverSP_Reach_007_208_EU_20231130T194339_20231130T194341_PIC0_01.zip,river,2023-11-30 19:46:12+00:00,2023-11-30
21406100021,2023-11-30T19:46:12Z,Po,44.94767275,11.7511479,1.9477,300.019467,6.196566e-05,,,SWOT_L2_HR_RiverSP_Reach_007_208_EU_20231130T194339_20231130T194341_PIC0_01.zip,river,2023-11-30 19:46:12+00:00,2023-11-30
21406100031,2023-11-30T19:46:12Z,Po,44.89965067,11.6362292,2.977,354.766267,0.00011173654,,,SWOT_L2_HR_RiverSP_Reach_007_208_EU_20231130T194339_20231130T194341_PIC0_01.zip,river,2023-11-30 19:46:12+00:00,2023-11-30
21406100041,2023-11-30T19:46:11Z,Po,44.92732847,11.5407952,3.9129,424.966352,6.845594e-05,,,SWOT_L2_HR_RiverSP_Reach_007_208_EU_20231130T194339_20231130T194341_PIC0_01.zip,river,2023-11-30 19:46:11+00:00,2023-11-30
21406100051,2023-11-30T19:46:03Z,Po,44.95362753,11.4200067,5.092,456.302305,0.00011038302,,,SWOT_L2_HR_RiverSP_Reach_007_208_EU_20231130T194339_20231130T194341_PIC0_01.zip,river,2023-11-30 19:46:03+00:00,2023-11-30
21406100061,2023-11-30T19:46:03Z,Po,45.00951862,11.3007475,6.3955,391.97998,9.483364e-05,,,SWOT_L2_HR_RiverSP_Reach_007_208_EU_20231130T194339_20231130T194341_PIC0_01.zip,river,2023-11-30 19:46:03+00:00,2023-11-30
21406100071,2023-11-30T19:46:02Z,Po,45.05059331,11.2359852,7.365,584.253708,9.553878e-05,,,SWOT_L2_HR_RiverSP_Reach_007_208_EU_20231130T194339_20231130T194341_PIC0_01.zip,river,2023-11-30 19:46:02+00:00,2023-11-30
21406100081,2023-11-30T19:46:02Z,Po,45.0526046,11.0864648,9.0746,379.169974,0.00011472087,,,SWOT_L2_HR_RiverSP_Reach_007_208_EU_20231130T194339_20231130T194341_PIC0_01.zip,river,2023-11-30 19:46:02+00:00,2023-11-30
21406100091,2023-11-30T19:46:02Z,Fiume Mincio; Po,45.10017596,10.9113497,11.6435,13.171939,0.00020127268,,,SWOT_L2_HR_RiverSP_Reach_007_208_EU_20231130T194339_20231130T194341_PIC0_01.zip,river,2023-11-30 19:46:02+00:00,2023-11-30
21406100101,2023-11-30T19:46:02Z,Po,45.06440534,10.9221059,10.892,267.425782,0.00010171396,,,SWOT_L2_HR_RiverSP_Reach_007_208_EU_20231130T194339_20231130T194341_PIC0_01.zip,river,2023-11-30 19:46:02+00:00,2023-11-30
21406100111,2023-11-30T19:46:02Z,Po,45.04625504,10.768001,12.8368,249.913078,0.00015437236,,,SWOT_L2_HR_RiverSP_Reach_007_208_EU_20231130T194339_20231130T194341_PIC0_01.zip,river,2023-11-30 19:46:02+00:00,2023-11-30
21406100123,2023-11-30T19:46:02Z,Fiume Mincio,45.14246728,10.8162187,13.4911,,,,,SWOT_L2_HR_RiverSP_Reach_007_208_EU_20231130T194339_20231130T194341_PIC0_01.zip,river,2023-11-30 19:46:02+00:00,2023-11-30
21406100305,2023-11-30T19:46:12Z,Po di Venezia,44.99976903,12.0782068,0.5344,348.197288,4.336657e-05,,,SWOT_L2_HR_RiverSP_Reach_007_208_EU_20231130T194339_20231130T194341_PIC0_01.zip,river,2023-11-30 19:46:12+00:00,2023-11-30
21406100315,2023-11-30T19:46:12Z,Po,44.97645748,12.0255272,0.7842,359.286388,6.376357e-05,,,SWOT_L2_HR_RiverSP_Reach_007_208_EU_20231130T194339_20231130T194341_PIC0_01.zip,river,2023-11-30 19:46:12+00:00,2023-11-30
21406200011,2023-11-30T19:46:02Z,Po,45.06313602,10.6021879,16.6818,43.566433,0.00026902955,,,SWOT_L2_HR_RiverSP_Reach_007_208_EU_20231130T194339_20231130T194341_PIC0_01.zip,river,2023-11-30 19:46:02+00:00,2023-11-30
21406200021,2023-11-30T19:46:02Z,Fiume Oglio,45.12874321,10.5044278,19.799,21.005163,0.00023498693,,,SWOT_L2_HR_RiverSP_Reach_007_208_EU_20231130T194339_20231130T194341_PIC0_01.zip,river,2023-11-30 19:46:02+00:00,2023-11-30
21406300011,2023-11-30T19:46:02Z,Po,45.00223735,10.6801087,15.5301,246.848938,0.00012186092,,,SWOT_L2_HR_RiverSP_Reach_007_208_EU_20231130T194339_20231130T194341_PIC0_01.zip,river,2023-11-30 19:46:02+00:00,2023-11-30
21406300021,2023-11-30T19:46:02Z,Po,44.92496107,10.6126319,17.5832,207.881828,0.00037347382,,,SWOT_L2_HR_RiverSP_Reach_007_208_EU_20231130T194339_20231130T194341_PIC0_01.zip,river,2023-11-30 19:46:02+00:00,2023-11-30
21406300031,2023-11-30T19:46:02Z,Parma; Po,44.92391702,10.4975482,18.8966,202.041977,-0.0001850864,,,SWOT_L2_HR_RiverSP_Reach_007_208_EU_20231130T194339_20231130T194341_PIC0_01.zip,river,2023-11-30 19:46:02+00:00,2023-11-30
21406300041,2023-11-30T19:46:02Z,Parma,44.96698609,10.4153531,19.1261,212.844549,0.00044920763,,,SWOT_L2_HR_RiverSP_Reach_007_208_EU_20231130T194339_20231130T194341_PIC0_01.zip,river,2023-11-30 19:46:02+00:00,2023-11-30
21406300051,2023-11-30T19:46:02Z,Parma; Po,44.98238586,10.3257584,26.2922,149.018656,0.00579789485,,,SWOT_L2_HR_RiverSP_Reach_007_208_EU_20231130T194339_20231130T194341_PIC0_01.zip,river,2023-11-30 19:46:02+00:00,2023-11-30
21407000055,2023-11-30T19:46:12Z,Po di Goro,44.94808193,12.128055,-3.9661,24.43103,0.00077425351,,,SWOT_L2_HR_RiverSP_Reach_007_208_EU_20231130T194339_20231130T194341_PIC0_01.zip,river,2023-11-30 19:46:12+00:00,2023-11-30
21404000031,2023-12-03T09:05:20Z,Adige,45.10291143,11.6839963,,3.643479,,,,SWOT_L2_HR_RiverSP_Reach_007_279_EU_20231203T090341_20231203T090349_PGC0_01.zip,river,2023-12-03 09:05:20+00:00,2023-12-03
21404000041,2023-12-03T09:05:20Z,Adige,45.11467588,11.5378009,10.4325,73.670937,0.00022208572,,,SWOT_L2_HR_RiverSP_Reach_007_279_EU_20231203T090341_20231203T090349_PGC0_01.zip,river,2023-12-03 09:05:20+00:00,2023-12-03
21406100041,2023-12-03T09:05:19Z,Po,44.92732847,11.5407952,5.002,453.522648,0.00010703761,,,SWOT_L2_HR_RiverSP_Reach_007_279_EU_20231203T090341_20231203T090349_PGC0_01.zip,river,2023-12-03 09:05:19+00:00,2023-12-03
21406100051,2023-12-03T09:05:19Z,Po,44.95362753,11.4200067,6.5205,426.980389,0.00012445444,,,SWOT_L2_HR_RiverSP_Reach_007_279_EU_20231203T090341_20231203T090349_PGC0_01.zip,river,2023-12-03 09:05:19+00:00,2023-12-03
21406100061,2023-12-03T09:05:20Z,Po,45.00951862,11.3007475,7.9581,367.482578,0.00011804816,,,SWOT_L2_HR_RiverSP_Reach_007_279_EU_20231203T090341_20231203T090349_PGC0_01.zip,river,2023-12-03 09:05:20+00:00,2023-12-03
21406100071,2023-12-03T09:05:20Z,Po,45.05059331,11.2359852,9.3224,367.95296,0.00011240695,,,SWOT_L2_HR_RiverSP_Reach_007_279_EU_20231203T090341_20231203T090349_PGC0_01.zip,river,2023-12-03 09:05:20+00:00,2023-12-03
21406100081,2023-12-03T09:05:20Z,Po,45.0526046,11.0864648,11.049,384.693393,0.00012816859,,,SWOT_L2_HR_RiverSP_Reach_007_279_EU_20231203T090341_20231203T090349_PGC0_01.zip,river,2023-12-03 09:05:20+00:00,2023-12-03
21406100091,2023-12-03T09:05:20Z,Fiume Mincio; Po,45.10017596,10.9113497,13.3034,85.773197,9.193236e-05,,,SWOT_L2_HR_RiverSP_Reach_007_279_EU_20231203T090341_20231203T090349_PGC0_01.zip,river,2023-12-03 09:05:20+00:00,2023-12-03
21406100101,2023-12-03T09:05:19Z,Po,45.06440534,10.9221059,13.139,393.055435,0.0001314116,,,SWOT_L2_HR_RiverSP_Reach_007_279_EU_20231203T090341_20231203T090349_PGC0_01.zip,river,2023-12-03 09:05:19+00:00,2023-12-03
21406100111,2023-12-03T09:05:19Z,Po,45.04625504,10.768001,15.2306,372.399553,0.00013826684,,,SWOT_L2_HR_RiverSP_Reach_007_279_EU_20231203T090341_20231203T090349_PGC0_01.zip,river,2023-12-03 09:05:19+00:00,2023-12-03
21406100123,2023-12-03T09:05:20Z,Fiume Mincio,45.14246728,10.8162187,13.614,,,,,SWOT_L2_HR_RiverSP_Reach_007_279_EU_20231203T090341_20231203T090349_PGC0_01.zip,river,2023-12-03 09:05:20+00:00,2023-12-03
21406200011,2023-12-03T09:05:19Z,Po,45.06313602,10.6021879,18.2892,101.268209,0.00025029999,,,SWOT_L2_HR_RiverSP_Reach_007_279_EU_20231203T090341_20231203T090349_PGC0_01.zip,river,2023-12-03 09:05:19+00:00,2023-12-03
21406200021,2023-12-03T09:05:19Z,Fiume Oglio,45.12874321,10.5044278,21.7905,113.304432,0.00023949354,,,SWOT_L2_HR_RiverSP_Reach_007_279_EU_20231203T090341_20231203T090349_PGC0_01.zip,river,2023-12-03 09:05:19+00:00,2023-12-03
21406300021,2023-12-03T09:05:19Z,Po,44.92496107,10.6126319,19.1381,71.709367,5.655575e-05,,,SWOT_L2_HR_RiverSP_Reach_007_279_EU_20231203T090341_20231203T090349_PGC0_01.zip,river,2023-12-03 09:05:19+00:00,2023-12-03
21406300031,2023-12-03T09:05:19Z,Parma; Po,44.92391702,10.4975482,20.6644,239.248283,0.00014444472,,,SWOT_L2_HR_RiverSP_Reach_007_279_EU_20231203T090341_20231203T090349_PGC0_01.zip,river,2023-12-03 09:05:19+00:00,2023-12-03
21406300041,2023-12-03T09:05:19Z,Parma,44.96698609,10.4153531,21.9524,287.066406,0.00013079902,,,SWOT_L2_HR_RiverSP_Reach_007_279_EU_20231203T090341_20231203T090349_PGC0_01.zip,river,2023-12-03 09:05:19+00:00,2023-12-03
21406300051,2023-12-03T09:05:19Z,Parma; Po,44.98238586,10.3257584,23.5958,219.942866,0.00014741905,,,SWOT_L2_HR_RiverSP_Reach_007_279_EU_20231203T090341_20231203T090349_PGC0_01.zip,river,2023-12-03 09:05:19+00:00,2023-12-03
21500900041,2023-12-03T09:05:07Z,Serchio,43.8036516,10.4063306,4.9487,131.895281,0.0002053654,,,SWOT_L2_HR_RiverSP_Reach_007_279_EU_20231203T090341_20231203T090349_PGC0_01.zip,river,2023-12-03 09:05:07+00:00,2023-12-03
21500900184,2023-12-03T09:05:07Z,Serchio,43.8188553,10.4136918,,290.371165,,,,SWOT_L2_HR_RiverSP_Reach_007_279_EU_20231203T090341_20231203T090349_PGC0_01.zip,river,2023-12-03 09:05:07+00:00,2023-12-03
21500900191,2023-12-03T09:05:07Z,Serchio,43.84327707,10.4415553,10.444,53.980234,0.00061512794,,,SWOT_L2_HR_RiverSP_Reach_007_279_EU_20231203T090341_20231203T090349_PGC0_01.zip,river,2023-12-03 09:05:07+00:00,2023-12-03
21500900204,2023-12-03T09:05:07Z,Serchio,43.8539327,10.476405,,7.841903,,,,SWOT_L2_HR_RiverSP_Reach_007_279_EU_20231203T090341_20231203T090349_PGC0_01.zip,river,2023-12-03 09:05:07+00:00,2023-12-03
21500900211,2023-12-03T09:05:07Z,Serchio,43.8532787,10.4915647,15.533,72.079238,0.00125192882,,,SWOT_L2_HR_RiverSP_Reach_007_279_EU_20231203T090341_20231203T090349_PGC0_01.zip,river,2023-12-03 09:05:07+00:00,2023-12-03
21500900224,2023-12-03T09:05:07Z,Serchio,43.85677563,10.5059732,,124.319441,,,,SWOT_L2_HR_RiverSP_Reach_007_279_EU_20231203T090341_20231203T090349_PGC0_01.zip,river,2023-12-03 09:05:07+00:00,2023-12-03
21500900231,2023-12-03T09:05:07Z,Serchio,43.88606154,10.5259476,38.8358,168.607382,0.00774884937,,,SWOT_L2_HR_RiverSP_Reach_007_279_EU_20231203T090341_20231203T090349_PGC0_01.zip,river,2023-12-03 09:05:07+00:00,2023-12-03
21500900244,2023-12-03T09:05:07Z,Serchio,43.91649583,10.529312,,218.225275,,,,SWOT_L2_HR_RiverSP_Reach_007_279_EU_20231203T090341_20231203T090349_PGC0_01.zip,river,2023-12-03 09:05:07+00:00,2023-12-03
21500900261,2023-12-03T09:05:07Z,Serchio,43.92488448,10.5296092,41.4376,85.461543,0.00179924799,,,SWOT_L2_HR_RiverSP_Reach_007_279_EU_20231203T090341_20231203T090349_PGC0_01.zip,river,2023-12-03 09:05:07+00:00,2023-12-03
21500900274,2023-12-03T09:05:07Z,Serchio,43.92529227,10.5218935,,128.277241,,,,SWOT_L2_HR_RiverSP_Reach_007_279_EU_20231203T090341_20231203T090349_PGC0_01.zip,river,2023-12-03 09:05:07+00:00,2023-12-03
21500900281,2023-12-03T09:05:07Z,Serchio,43.93088015,10.5087897,48.2254,112.872645,0.00296359075,,,SWOT_L2_HR_RiverSP_Reach_007_279_EU_20231203T090341_20231203T090349_PGC0_01.zip,river,2023-12-03 09:05:07+00:00,2023-12-03
21500900294,2023-12-03T09:05:07Z,Serchio,43.93982305,10.5015469,,194.903481,,,,SWOT_L2_HR_RiverSP_Reach_007_279_EU_20231203T090341_20231203T090349_PGC0_01.zip,river,2023-12-03 09:05:07+00:00,2023-12-03
21500900301,2023-12-03T09:05:07Z,Serchio,43.96338733,10.5238839,68.7121,165.278756,0.00393881378,,,SWOT_L2_HR_RiverSP_Reach_007_279_EU_20231203T090341_20231203T090349_PGC0_01.zip,river,2023-12-03 09:05:07+00:00,2023-12-03
21500900314,2023-12-03T09:05:07Z,Serchio,43.98114573,10.5523043,,199.862533,,,,SWOT_L2_HR_RiverSP_Reach_007_279_EU_20231203T090341_20231203T090349_PGC0_01.zip,river,2023-12-03 09:05:07+00:00,2023-12-03
21500900321,2023-12-03T09:05:07Z,Serchio,43.99085556,10.5533227,91.3485,102.208144,0.00216103504,,,SWOT_L2_HR_RiverSP_Reach_007_279_EU_20231203T090341_20231203T090349_PGC0_01.zip,river,2023-12-03 09:05:07+00:00,2023-12-03
21404000031,2023-12-03T09:05:20Z,Adige,45.10291143,11.6839963,,3.643478,,,,SWOT_L2_HR_RiverSP_Reach_007_279_EU_20231203T090341_20231203T090349_PIC0_01.zip,river,2023-12-03 09:05:20+00:00,2023-12-03
21404000041,2023-12-03T09:05:20Z,Adige,45.11467588,11.5378009,10.4053,84.302999,0.00028657297,,,SWOT_L2_HR_RiverSP_Reach_007_279_EU_20231203T090341_20231203T090349_PIC0_01.zip,river,2023-12-03 09:05:20+00:00,2023-12-03
21406100041,2023-12-03T09:05:19Z,Po,44.92732847,11.5407952,5.0051,453.635527,0.00010698617,,,SWOT_L2_HR_RiverSP_Reach_007_279_EU_20231203T090341_20231203T090349_PIC0_01.zip,river,2023-12-03 09:05:19+00:00,2023-12-03
21406100051,2023-12-03T09:05:19Z,Po,44.95362753,11.4200067,6.523,426.981163,0.00012440811,,,SWOT_L2_HR_RiverSP_Reach_007_279_EU_20231203T090341_20231203T090349_PIC0_01.zip,river,2023-12-03 09:05:19+00:00,2023-12-03
21406100061,2023-12-03T09:05:20Z,Po,45.00951862,11.3007475,7.9601,367.4826,0.00011801927,,,SWOT_L2_HR_RiverSP_Reach_007_279_EU_20231203T090341_20231203T090349_PIC0_01.zip,river,2023-12-03 09:05:20+00:00,2023-12-03
21406100071,2023-12-03T09:05:20Z,Po,45.05059331,11.2359852,9.3244,367.95303,0.00011239634,,,SWOT_L2_HR_RiverSP_Reach_007_279_EU_20231203T090341_20231203T090349_PIC0_01.zip,river,2023-12-03 09:05:20+00:00,2023-12-03
21406100081,2023-12-03T09:05:20Z,Po,45.0526046,11.0864648,11.0506,384.63161,0.00012816215,,,SWOT_L2_HR_RiverSP_Reach_007_279_EU_20231203T090341_20231203T090349_PIC0_01.zip,river,2023-12-03 09:05:20+00:00,2023-12-03
21406100091,2023-12-03T09:05:20Z,Fiume Mincio; Po,45.10017596,10.9113497,13.305,85.16468,9.193531e-05,,,SWOT_L2_HR_RiverSP_Reach_007_279_EU_20231203T090341_20231203T090349_PIC0_01.zip,river,2023-12-03 09:05:20+00:00,2023-12-03
21406100101,2023-12-03T09:05:19Z,Po,45.06440534,10.9221059,13.1407,392.708966,0.00013142621,,,SWOT_L2_HR_RiverSP_Reach_007_279_EU_20231203T090341_20231203T090349_PIC0_01.zip,river,2023-12-03 09:05:19+00:00,2023-12-03
21406100111,2023-12-03T09:05:19Z,Po,45.04625504,10.768001,15.2324,370.8768,0.00013799285,,,SWOT_L2_HR_RiverSP_Reach_007_279_EU_20231203T090341_20231203T090349_PIC0_01.zip,river,2023-12-03 09:05:19+00:00,2023-12-03
21406100123,2023-12-03T09:05:20Z,Fiume Mincio,45.14246728,10.8162187,13.6158,,,,,SWOT_L2_HR_RiverSP_Reach_007_279_EU_20231203T090341_20231203T090349_PIC0_01.zip,river,2023-12-03 09:05:20+00:00,2023-12-03
21406200011,2023-12-03T09:05:19Z,Po,45.06313602,10.6021879,18.2911,100.974533,0.00025009577,,,SWOT_L2_HR_RiverSP_Reach_007_279_EU_20231203T090341_20231203T090349_PIC0_01.zip,river,2023-12-03 09:05:19+00:00,2023-12-03
21406200021,2023-12-03T09:05:19Z,Fiume Oglio,45.12874321,10.5044278,21.792,113.303978,0.00023952302,,,SWOT_L2_HR_RiverSP_Reach_007_279_EU_20231203T090341_20231203T090349_PIC0_01.zip,river,2023-12-03 09:05:19+00:00,2023-12-03
21406300021,2023-12-03T09:05:19Z,Po,44.92496107,10.6126319,19.1181,33.502647,4.605666e-05,,,SWOT_L2_HR_RiverSP_Reach_007_279_EU_20231203T090341_20231203T090349_PIC0_01.zip,river,2023-12-03 09:05:19+00:00,2023-12-03
21406300031,2023-12-03T09:05:19Z,Parma; Po,44.92391702,10.4975482,20.6659,239.247673,0.00014449147,,,SWOT_L2_HR_RiverSP_Reach_007_279_EU_20231203T090341_20231203T090349_PIC0_01.zip,river,2023-12-03 09:05:19+00:00,2023-12-03
21406300041,2023-12-03T09:05:19Z,Parma,44.96698609,10.4153531,21.954,287.06586,0.00013083799,,,SWOT_L2_HR_RiverSP_Reach_007_279_EU_20231203T090341_20231203T090349_PIC0_01.zip,river,2023-12-03 09:05:19+00:00,2023-12-03
21406300051,2023-12-03T09:05:19Z,Parma; Po,44.98238586,10.3257584,23.598,219.943127,0.00014746499,,,SWOT_L2_HR_RiverSP_Reach_007_279_EU_20231203T090341_20231203T090349_PIC0_01.zip,river,2023-12-03 09:05:19+00:00,2023-12-03
21500900041,2023-12-03T09:05:07Z,Serchio,43.8036516,10.4063306,4.9494,131.583322,0.00020519562,,,SWOT_L2_HR_RiverSP_Reach_007_279_EU_20231203T090341_20231203T090349_PIC0_01.zip,river,2023-12-03 09:05:07+00:00,2023-12-03
21500900184,2023-12-03T09:05:07Z,Serchio,43.8188553,10.4136918,,290.371039,,,,SWOT_L2_HR_RiverSP_Reach_007_279_EU_20231203T090341_20231203T090349_PIC0_01.zip,river,2023-12-03 09:05:07+00:00,2023-12-03
21500900191,2023-12-03T09:05:07Z,Serchio,43.84327707,10.4415553,10.4458,53.698763,0.00061511722,,,SWOT_L2_HR_RiverSP_Reach_007_279_EU_20231203T090341_20231203T090349_PIC0_01.zip,river,2023-12-03 09:05:07+00:00,2023-12-03
21500900204,2023-12-03T09:05:07Z,Serchio,43.8539327,10.476405,,7.842481,,,,SWOT_L2_HR_RiverSP_Reach_007_279_EU_20231203T090341_20231203T090349_PIC0_01.zip,river,2023-12-03 09:05:07+00:00,2023-12-03
21500900211,2023-12-03T09:05:07Z,Serchio,43.8532787,10.4915647,15.5348,72.079414,0.00125194695,,,SWOT_L2_HR_RiverSP_Reach_007_279_EU_20231203T090341_20231203T090349_PIC0_01.zip,river,2023-12-03 09:05:07+00:00,2023-12-03
21500900224,2023-12-03T09:05:07Z,Serchio,43.85677563,10.5059732,,124.324154,,,,SWOT_L2_HR_RiverSP_Reach_007_279_EU_20231203T090341_20231203T090349_PIC0_01.zip,river,2023-12-03 09:05:07+00:00,2023-12-03
21500900231,2023-12-03T09:05:07Z,Serchio,43.88606154,10.5259476,38.8379,168.609525,0.00774905151,,,SWOT_L2_HR_RiverSP_Reach_007_279_EU_20231203T090341_20231203T090349_PIC0_01.zip,river,2023-12-03 09:05:07+00:00,2023-12-03
21500900244,2023-12-03T09:05:07Z,Serchio,43.91649583,10.529312,,218.221029,,,,SWOT_L2_HR_RiverSP_Reach_007_279_EU_20231203T090341_20231203T090349_PIC0_01.zip,river,2023-12-03 09:05:07+00:00,2023-12-03
21500900261,2023-12-03T09:05:07Z,Serchio,43.92488448,10.5296092,41.4394,85.461156,0.00179924487,,,SWOT_L2_HR_RiverSP_Reach_007_279_EU_20231203T090341_20231203T090349_PIC0_01.zip,river,2023-12-03 09:05:07+00:00,2023-12-03
21500900274,2023-12-03T09:05:07Z,Serchio,43.92529227,10.5218935,,128.276784,,,,SWOT_L2_HR_RiverSP_Reach_007_279_EU_20231203T090341_20231203T090349_PIC0_01.zip,river,2023-12-03 09:05:07+00:00,2023-12-03
21500900281,2023-12-03T09:05:07Z,Serchio,43.93088015,10.5087897,48.2272,112.872353,0.00296360751,,,SWOT_L2_HR_RiverSP_Reach_007_279_EU_20231203T090341_20231203T090349_PIC0_01.zip,river,2023-12-03 09:05:07+00:00,2023-12-03
21500900294,2023-12-03T09:05:07Z,Serchio,43.93982305,10.5015469,,194.892826,,,,SWOT_L2_HR_RiverSP_Reach_007_279_EU_20231203T090341_20231203T090349_PIC0_01.zip,river,2023-12-03 09:05:07+00:00,2023-12-03
21500900301,2023-12-03T09:05:07Z,Serchio,43.96338733,10.5238839,68.321,165.409427,0.00384881439,,,SWOT_L2_HR_RiverSP_Reach_007_279_EU_20231203T090341_20231203T090349_PIC0_01.zip,river,2023-12-03 09:05:07+00:00,2023-12-03
21500900314,2023-12-03T09:05:07Z,Serchio,43.98114573,10.5523043,,199.864598,,,,SWOT_L2_HR_RiverSP_Reach_007_279_EU_20231203T090341_20231203T090349_PIC0_01.zip,river,2023-12-03 09:05:07+00:00,2023-12-03
21500900321,2023-12-03T09:05:07Z,Serchio,43.99085556,10.5533227,91.3503,102.209057,0.00216104422,,,SWOT_L2_HR_RiverSP_Reach_007_279_EU_20231203T090341_20231203T090349_PIC0_01.zip,river,2023-12-03 09:05:07+00:00,2023-12-03
21404000031,2023-12-03T09:05:20Z,Adige,45.10291143,11.6839963,,3.643478,,,,SWOT_L2_HR_RiverSP_Reach_007_279_EU_20231203T090341_20231203T090349_PIC0_02.zip,river,2023-12-03 09:05:20+00:00,2023-12-03
21404000041,2023-12-03T09:05:20Z,Adige,45.11467588,11.5378009,10.4053,84.302999,0.00028657296,,,SWOT_L2_HR_RiverSP_Reach_007_279_EU_20231203T090341_20231203T090349_PIC0_02.zip,river,2023-12-03 09:05:20+00:00,2023-12-03
21406100041,2023-12-03T09:05:19Z,Po,44.92732847,11.5407952,5.0051,453.635527,0.00010698618,,,SWOT_L2_HR_RiverSP_Reach_007_279_EU_20231203T090341_20231203T090349_PIC0_02.zip,river,2023-12-03 09:05:19+00:00,2023-12-03
21406100051,2023-12-03T09:05:19Z,Po,44.95362753,11.4200067,6.523,426.981163,0.00012440811,,,SWOT_L2_HR_RiverSP_Reach_007_279_EU_20231203T090341_20231203T090349_PIC0_02.zip,river,2023-12-03 09:05:19+00:00,2023-12-03
21406100061,2023-12-03T09:05:20Z,Po,45.00951862,11.3007475,7.9601,367.4826,0.00011801928,,,SWOT_L2_HR_RiverSP_Reach_007_279_EU_20231203T090341_20231203T090349_PIC0_02.zip,river,2023-12-03 09:05:20+00:00,2023-12-03
21406100071,2023-12-03T09:05:20Z,Po,45.05059331,11.2359852,9.3244,367.95303,0.00011239633,,,SWOT_L2_HR_RiverSP_Reach_007_279_EU_20231203T090341_20231203T090349_PIC0_02.zip,river,2023-12-03 09:05:20+00:00,2023-12-03
21406100081,2023-12-03T09:05:20Z,Po,45.0526046,11.0864648,11.0506,384.63161,0.00012816215,,,SWOT_L2_HR_RiverSP_Reach_007_279_EU_20231203T090341_20231203T090349_PIC0_02.zip,river,2023-12-03 09:05:20+00:00,2023-12-03
21406100091,2023-12-03T09:05:20Z,Fiume Mincio; Po,45.10017596,10.9113497,13.305,85.16468,9.19353e-05,,,SWOT_L2_HR_RiverSP_Reach_007_279_EU_20231203T090341_20231203T090349_PIC0_02.zip,river,2023-12-03 09:05:20+00:00,2023-12-03
21406100101,2023-12-03T09:05:19Z,Po,45.06440534,10.9221059,13.1407,392.708966,0.00013142621,,,SWOT_L2_HR_RiverSP_Reach_007_279_EU_20231203T090341_20231203T090349_PIC0_02.zip,river,2023-12-03 09:05:19+00:00,2023-12-03
21406100111,2023-12-03T09:05:19Z,Po,45.04625504,10.768001,15.2324,370.8768,0.00013799249,,,SWOT_L2_HR_RiverSP_Reach_007_279_EU_20231203T090341_20231203T090349_PIC0_02.zip,river,2023-12-03 09:05:19+00:00,2023-12-03
21406100123,2023-12-03T09:05:20Z,Fiume Mincio,45.14246728,10.8162187,13.6158,,,,,SWOT_L2_HR_RiverSP_Reach_007_279_EU_20231203T090341_20231203T090349_PIC0_02.zip,river,2023-12-03 09:05:20+00:00,2023-12-03
21406200011,2023-12-03T09:05:19Z,Po,45.06313602,10.6021879,18.2911,100.974533,0.00025009576,,,SWOT_L2_HR_RiverSP_Reach_007_279_EU_20231203T090341_20231203T090349_PIC0_02.zip,river,2023-12-03 09:05:19+00:00,2023-12-03
21406200021,2023-12-03T09:05:19Z,Fiume Oglio,45.12874321,10.5044278,21.792,113.303978,0.00023952301,,,SWOT_L2_HR_RiverSP_Reach_007_279_EU_20231203T090341_20231203T090349_PIC0_02.zip,river,2023-12-03 09:05:19+00:00,2023-12-03
21406300021,2023-12-03T09:05:19Z,Po,44.92496107,10.6126319,19.1181,33.502647,4.605667e-05,,,SWOT_L2_HR_RiverSP_Reach_007_279_EU_20231203T090341_20231203T090349_PIC0_02.zip,river,2023-12-03 09:05:19+00:00,2023-12-03
21406300031,2023-12-03T09:05:19Z,Parma; Po,44.92391702,10.4975482,20.6659,239.247673,0.00014449151,,,SWOT_L2_HR_RiverSP_Reach_007_279_EU_20231203T090341_20231203T090349_PIC0_02.zip,river,2023-12-03 09:05:19+00:00,2023-12-03
21406300041,2023-12-03T09:05:19Z,Parma,44.96698609,10.4153531,21.954,287.06586,0.00013083798,,,SWOT_L2_HR_RiverSP_Reach_007_279_EU_20231203T090341_20231203T090349_PIC0_02.zip,river,2023-12-03 09:05:19+00:00,2023-12-03
21406300051,2023-12-03T09:05:19Z,Parma; Po,44.98238586,10.3257584,23.598,219.943127,0.00014746501,,,SWOT_L2_HR_RiverSP_Reach_007_279_EU_20231203T090341_20231203T090349_PIC0_02.zip,river,2023-12-03 09:05:19+00:00,2023-12-03
21500900041,2023-12-03T09:05:07Z,Serchio,43.8036516,10.4063306,4.9494,131.583322,0.00020519562,,,SWOT_L2_HR_RiverSP_Reach_007_279_EU_20231203T090341_20231203T090349_PIC0_02.zip,river,2023-12-03 09:05:07+00:00,2023-12-03
21500900184,2023-12-03T09:05:07Z,Serchio,43.8188553,10.4136918,,290.371039,,,,SWOT_L2_HR_RiverSP_Reach_007_279_EU_20231203T090341_20231203T090349_PIC0_02.zip,river,2023-12-03 09:05:07+00:00,2023-12-03
21500900191,2023-12-03T09:05:07Z,Serchio,43.84327707,10.4415553,10.4458,53.698763,0.00061511752,,,SWOT_L2_HR_RiverSP_Reach_007_279_EU_20231203T090341_20231203T090349_PIC0_02.zip,river,2023-12-03 09:05:07+00:00,2023-12-03
21500900204,2023-12-03T09:05:07Z,Serchio,43.8539327,10.476405,,7.842481,,,,SWOT_L2_HR_RiverSP_Reach_007_279_EU_20231203T090341_20231203T090349_PIC0_02.zip,river,2023-12-03 09:05:07+00:00,2023-12-03
21500900211,2023-12-03T09:05:07Z,Serchio,43.8532787,10.4915647,15.5348,72.079414,0.00125194703,,,SWOT_L2_HR_RiverSP_Reach_007_279_EU_20231203T090341_20231203T090349_PIC0_02.zip,river,2023-12-03 09:05:07+00:00,2023-12-03
21500900224,2023-12-03T09:05:07Z,Serchio,43.85677563,10.5059732,,124.324154,,,,SWOT_L2_HR_RiverSP_Reach_007_279_EU_20231203T090341_20231203T090349_PIC0_02.zip,river,2023-12-03 09:05:07+00:00,2023-12-03
21500900231,2023-12-03T09:05:07Z,Serchio,43.88606154,10.5259476,38.8379,168.609525,0.00774905128,,,SWOT_L2_HR_RiverSP_Reach_007_279_EU_20231203T090341_20231203T090349_PIC0_02.zip,river,2023-12-03 09:05:07+00:00,2023-12-03
21500900244,2023-12-03T09:05:07Z,Serchio,43.91649583,10.529312,,218.221029,,,,SWOT_L2_HR_RiverSP_Reach_007_279_EU_20231203T090341_20231203T090349_PIC0_02.zip,river,2023-12-03 09:05:07+00:00,2023-12-03
21500900261,2023-12-03T09:05:07Z,Serchio,43.92488448,10.5296092,41.4394,85.461156,0.0017992453,,,SWOT_L2_HR_RiverSP_Reach_007_279_EU_20231203T090341_20231203T090349_PIC0_02.zip,river,2023-12-03 09:05:07+00:00,2023-12-03
21500900274,2023-12-03T09:05:07Z,Serchio,43.92529227,10.5218935,,128.276784,,,,SWOT_L2_HR_RiverSP_Reach_007_279_EU_20231203T090341_20231203T090349_PIC0_02.zip,river,2023-12-03 09:05:07+00:00,2023-12-03
21500900281,2023-12-03T09:05:07Z,Serchio,43.93088015,10.5087897,48.2272,112.872353,0.00296360751,,,SWOT_L2_HR_RiverSP_Reach_007_279_EU_20231203T090341_20231203T090349_PIC0_02.zip,river,2023-12-03 09:05:07+00:00,2023-12-03
21500900294,2023-12-03T09:05:07Z,Serchio,43.93982305,10.5015469,,194.892826,,,,SWOT_L2_HR_RiverSP_Reach_007_279_EU_20231203T090341_20231203T090349_PIC0_02.zip,river,2023-12-03 09:05:07+00:00,2023-12-03
21500900301,2023-12-03T09:05:07Z,Serchio,43.96338733,10.5238839,68.321,165.409427,0.00384881436,,,SWOT_L2_HR_RiverSP_Reach_007_279_EU_20231203T090341_20231203T090349_PIC0_02.zip,river,2023-12-03 09:05:07+00:00,2023-12-03
21500900314,2023-12-03T09:05:07Z,Serchio,43.98114573,10.5523043,,199.864598,,,,SWOT_L2_HR_RiverSP_Reach_007_279_EU_20231203T090341_20231203T090349_PIC0_02.zip,river,2023-12-03 09:05:07+00:00,2023-12-03
21500900321,2023-12-03T09:05:07Z,Serchio,43.99085556,10.5533227,91.3503,102.209057,0.00216104422,,,SWOT_L2_HR_RiverSP_Reach_007_279_EU_20231203T090341_20231203T090349_PIC0_02.zip,river,2023-12-03 09:05:07+00:00,2023-12-03
21404000011,2023-12-10T18:08:18Z,Adige,45.13669319,11.9340853,1.7517,68.512632,0.00017913905,,,SWOT_L2_HR_RiverSP_Reach_007_486_EU_20231210T180556_20231210T180557_PGC0_01.zip,river,2023-12-10 18:08:18+00:00,2023-12-10
21404000021,2023-12-10T18:08:18Z,Adige,45.1152242,11.8085946,3.3257,71.022578,4.33307e-06,,,SWOT_L2_HR_RiverSP_Reach_007_486_EU_20231210T180556_20231210T180557_PGC0_01.zip,river,2023-12-10 18:08:18+00:00,2023-12-10
21404000031,2023-12-10T18:08:18Z,Adige,45.10291143,11.6839963,4.8152,62.285845,0.00050698705,,,SWOT_L2_HR_RiverSP_Reach_007_486_EU_20231210T180556_20231210T180557_PGC0_01.zip,river,2023-12-10 18:08:18+00:00,2023-12-10
21404000041,2023-12-10T18:08:18Z,Adige,45.11467588,11.5378009,9.7682,62.94541,-0.0003583437,,,SWOT_L2_HR_RiverSP_Reach_007_486_EU_20231210T180556_20231210T180557_PGC0_01.zip,river,2023-12-10 18:08:18+00:00,2023-12-10
21404000415,2023-12-10T18:08:18Z,Fiume Adige,45.12610537,12.2744918,-0.0797,152.56086,3.582789e-05,,,SWOT_L2_HR_RiverSP_Reach_007_486_EU_20231210T180556_20231210T180557_PGC0_01.zip,river,2023-12-10 18:08:18+00:00,2023-12-10
21404000425,2023-12-10T18:08:18Z,Adige; Fiume Adige,45.11811217,12.169194,0.3796,69.86004,6.235184e-05,,,SWOT_L2_HR_RiverSP_Reach_007_486_EU_20231210T180556_20231210T180557_PGC0_01.zip,river,2023-12-10 18:08:18+00:00,2023-12-10
21404000435,2023-12-10T18:08:18Z,Adige,45.13738683,12.0558708,0.9578,50.166355,-1.77289e-05,,,SWOT_L2_HR_RiverSP_Reach_007_486_EU_20231210T180556_20231210T180557_PGC0_01.zip,river,2023-12-10 18:08:18+00:00,2023-12-10
21406100011,2023-12-10T18:08:18Z,no_data,44.97788826,11.9055543,1.3414,304.508744,4.358488e-05,,,SWOT_L2_HR_RiverSP_Reach_007_486_EU_20231210T180556_20231210T180557_PGC0_01.zip,river,2023-12-10 18:08:18+00:00,2023-12-10
21406100021,2023-12-10T18:08:18Z,Po,44.94767275,11.7511479,2.2096,305.381401,6.424759e-05,,,SWOT_L2_HR_RiverSP_Reach_007_486_EU_20231210T180556_20231210T180557_PGC0_01.zip,river,2023-12-10 18:08:18+00:00,2023-12-10
21406100031,2023-12-10T18:08:18Z,Po,44.89965067,11.6362292,2.8812,342.215943,7.42924e-05,,,SWOT_L2_HR_RiverSP_Reach_007_486_EU_20231210T180556_20231210T180557_PGC0_01.zip,river,2023-12-10 18:08:18+00:00,2023-12-10
21406100275,2023-12-10T18:08:19Z,Po di Venezia,44.95659643,12.3650664,-0.5699,360.078948,-7.98017e-05,,,SWOT_L2_HR_RiverSP_Reach_007_486_EU_20231210T180556_20231210T180557_PGC0_01.zip,river,2023-12-10 18:08:19+00:00,2023-12-10
21406100285,2023-12-10T18:08:18Z,Po di Venezia,44.97907136,12.2580871,0.4224,350.196914,8.422872e-05,,,SWOT_L2_HR_RiverSP_Reach_007_486_EU_20231210T180556_20231210T180557_PGC0_01.zip,river,2023-12-10 18:08:18+00:00,2023-12-10
21406100295,2023-12-10T18:08:18Z,Po di Venezia,45.02022837,12.1647155,0.5541,342.764825,1.404476e-05,,,SWOT_L2_HR_RiverSP_Reach_007_486_EU_20231210T180556_20231210T180557_PGC0_01.zip,river,2023-12-10 18:08:18+00:00,2023-12-10
21406100305,2023-12-10T18:08:18Z,Po di Venezia,44.99976903,12.0782068,0.8173,392.720398,1.582791e-05,,,SWOT_L2_HR_RiverSP_Reach_007_486_EU_20231210T180556_20231210T180557_PGC0_01.zip,river,2023-12-10 18:08:18+00:00,2023-12-10
21406100315,2023-12-10T18:08:18Z,Po,44.97645748,12.0255272,0.937,347.324609,4.359095e-05,,,SWOT_L2_HR_RiverSP_Reach_007_486_EU_20231210T180556_20231210T180557_PGC0_01.zip,river,2023-12-10 18:08:18+00:00,2023-12-10
21407000015,2023-12-10T18:08:19Z,Po di Gnocca,44.88633902,12.3402252,-0.976,94.685464,-4.88431e-05,,,SWOT_L2_HR_RiverSP_Reach_007_486_EU_20231210T180556_20231210T180557_PGC0_01.zip,river,2023-12-10 18:08:19+00:00,2023-12-10
21407000025,2023-12-10T18:08:27Z,no_data,44.82749551,12.3520721,-0.1277,119.002993,-2.91565e-05,,,SWOT_L2_HR_RiverSP_Reach_007_486_EU_20231210T180556_20231210T180557_PGC0_01.zip,river,2023-12-10 18:08:27+00:00,2023-12-10
21407000035,2023-12-10T18:08:19Z,Po di Goro,44.88212683,12.2910628,0.1133,76.320544,-5.7412e-05,,,SWOT_L2_HR_RiverSP_Reach_007_486_EU_20231210T180556_20231210T180557_PGC0_01.zip,river,2023-12-10 18:08:19+00:00,2023-12-10
21407000045,2023-12-10T18:08:19Z,Po di Goro,44.93225211,12.2569541,-0.5908,42.781361,6.146635e-05,,,SWOT_L2_HR_RiverSP_Reach_007_486_EU_20231210T180556_20231210T180557_PGC0_01.zip,river,2023-12-10 18:08:19+00:00,2023-12-10
21407000055,2023-12-10T18:08:18Z,Po di Goro,44.94808193,12.128055,0.2219,34.855697,4.029234e-05,,,SWOT_L2_HR_RiverSP_Reach_007_486_EU_20231210T180556_20231210T180557_PGC0_01.zip,river,2023-12-10 18:08:18+00:00,2023-12-10
21404000011,2023-12-10T18:08:18Z,Adige,45.13669319,11.9340853,1.8142,68.396018,0.00018434242,,,SWOT_L2_HR_RiverSP_Reach_007_486_EU_20231210T180556_20231210T180557_PIC0_01.zip,river,2023-12-10 18:08:18+00:00,2023-12-10
21404000021,2023-12-10T18:08:18Z,Adige,45.1152242,11.8085946,3.3465,70.949356,9.4228e-07,,,SWOT_L2_HR_RiverSP_Reach_007_486_EU_20231210T180556_20231210T180557_PIC0_01.zip,river,2023-12-10 18:08:18+00:00,2023-12-10
21404000031,2023-12-10T18:08:18Z,Adige,45.10291143,11.6839963,4.8299,62.286234,0.00050608484,,,SWOT_L2_HR_RiverSP_Reach_007_486_EU_20231210T180556_20231210T180557_PIC0_01.zip,river,2023-12-10 18:08:18+00:00,2023-12-10
21404000041,2023-12-10T18:08:18Z,Adige,45.11467588,11.5378009,9.7734,62.947364,-0.0003575432,,,SWOT_L2_HR_RiverSP_Reach_007_486_EU_20231210T180556_20231210T180557_PIC0_01.zip,river,2023-12-10 18:08:18+00:00,2023-12-10
21404000415,2023-12-10T18:08:18Z,Fiume Adige,45.12610537,12.2744918,-0.071,155.770972,3.630285e-05,,,SWOT_L2_HR_RiverSP_Reach_007_486_EU_20231210T180556_20231210T180557_PIC0_01.zip,river,2023-12-10 18:08:18+00:00,2023-12-10
21404000425,2023-12-10T18:08:18Z,Adige; Fiume Adige,45.11811217,12.169194,0.3891,70.372241,6.192058e-05,,,SWOT_L2_HR_RiverSP_Reach_007_486_EU_20231210T180556_20231210T180557_PIC0_01.zip,river,2023-12-10 18:08:18+00:00,2023-12-10
21404000435,2023-12-10T18:08:18Z,Adige,45.13738683,12.0558708,0.9663,50.158541,-1.75326e-05,,,SWOT_L2_HR_RiverSP_Reach_007_486_EU_20231210T180556_20231210T180557_PIC0_01.zip,river,2023-12-10 18:08:18+00:00,2023-12-10
21406100011,2023-12-10T18:08:18Z,no_data,44.97788826,11.9055543,1.3469,304.296156,4.357881e-05,,,SWOT_L2_HR_RiverSP_Reach_007_486_EU_20231210T180556_20231210T180557_PIC0_01.zip,river,2023-12-10 18:08:18+00:00,2023-12-10
21406100021,2023-12-10T18:08:18Z,Po,44.94767275,11.7511479,2.2152,305.352972,6.424634e-05,,,SWOT_L2_HR_RiverSP_Reach_007_486_EU_20231210T180556_20231210T180557_PIC0_01.zip,river,2023-12-10 18:08:18+00:00,2023-12-10
21406100031,2023-12-10T18:08:18Z,Po,44.89965067,11.6362292,2.8865,342.118973,7.414599e-05,,,SWOT_L2_HR_RiverSP_Reach_007_486_EU_20231210T180556_20231210T180557_PIC0_01.zip,river,2023-12-10 18:08:18+00:00,2023-12-10
21406100275,2023-12-10T18:08:19Z,Po di Venezia,44.95659643,12.3650664,-0.5646,360.240343,-8.00294e-05,,,SWOT_L2_HR_RiverSP_Reach_007_486_EU_20231210T180556_20231210T180557_PIC0_01.zip,river,2023-12-10 18:08:19+00:00,2023-12-10
21406100285,2023-12-10T18:08:18Z,Po di Venezia,44.97907136,12.2580871,0.4274,351.398069,8.200305e-05,,,SWOT_L2_HR_RiverSP_Reach_007_486_EU_20231210T180556_20231210T180557_PIC0_01.zip,river,2023-12-10 18:08:18+00:00,2023-12-10
21406100295,2023-12-10T18:08:18Z,Po di Venezia,45.02022837,12.1647155,0.5653,343.02625,1.493814e-05,,,SWOT_L2_HR_RiverSP_Reach_007_486_EU_20231210T180556_20231210T180557_PIC0_01.zip,river,2023-12-10 18:08:18+00:00,2023-12-10
21406100305,2023-12-10T18:08:18Z,Po di Venezia,44.99976903,12.0782068,0.8291,392.819307,1.521946e-05,,,SWOT_L2_HR_RiverSP_Reach_007_486_EU_20231210T180556_20231210T180557_PIC0_01.zip,river,2023-12-10 18:08:18+00:00,2023-12-10
21406100315,2023-12-10T18:08:18Z,Po,44.97645748,12.0255272,0.9426,346.899071,4.355787e-05,,,SWOT_L2_HR_RiverSP_Reach_007_486_EU_20231210T180556_20231210T180557_PIC0_01.zip,river,2023-12-10 18:08:18+00:00,2023-12-10
21407000015,2023-12-10T18:08:19Z,Po di Gnocca,44.88633902,12.3402252,-0.9722,94.826402,-4.91155e-05,,,SWOT_L2_HR_RiverSP_Reach_007_486_EU_20231210T180556_20231210T180557_PIC0_01.zip,river,2023-12-10 18:08:19+00:00,2023-12-10
21407000025,2023-12-10T18:08:27Z,no_data,44.82749551,12.3520721,-0.1278,117.720066,-2.73201e-05,,,SWOT_L2_HR_RiverSP_Reach_007_486_EU_20231210T180556_20231210T180557_PIC0_01.zip,river,2023-12-10 18:08:27+00:00,2023-12-10
21407000035,2023-12-10T18:08:19Z,Po di Goro,44.88212683,12.2910628,0.1465,76.499791,-3.68243e-05,,,SWOT_L2_HR_RiverSP_Reach_007_486_EU_20231210T180556_20231210T180557_PIC0_01.zip,river,2023-12-10 18:08:19+00:00,2023-12-10
21407000045,2023-12-10T18:08:19Z,Po di Goro,44.93225211,12.2569541,-0.5121,41.913892,4.231953e-05,,,SWOT_L2_HR_RiverSP_Reach_007_486_EU_20231210T180556_20231210T180557_PIC0_01.zip,river,2023-12-10 18:08:19+00:00,2023-12-10
21407000055,2023-12-10T18:08:18Z,Po di Goro,44.94808193,12.128055,0.2524,34.949607,3.716245e-05,,,SWOT_L2_HR_RiverSP_Reach_007_486_EU_20231210T180556_20231210T180557_PIC0_01.zip,river,2023-12-10 18:08:18+00:00,2023-12-10
21406100111,2023-12-11T18:08:50Z,Po,45.04625504,10.768001,13.5705,236.096558,0.00011582884,,,SWOT_L2_HR_RiverSP_Reach_007_514_EU_20231211T180629_20231211T180638_PGC0_01.zip,river,2023-12-11 18:08:50+00:00,2023-12-11
21406100123,2023-12-11T18:08:49Z,Fiume Mincio,45.14246728,10.8162187,14.4197,,,,,SWOT_L2_HR_RiverSP_Reach_007_514_EU_20231211T180629_20231211T180638_PGC0_01.zip,river,2023-12-11 18:08:49+00:00,2023-12-11
21406200011,2023-12-11T18:08:49Z,Po,45.06313602,10.6021879,17.2267,34.753788,0.00027294589,,,SWOT_L2_HR_RiverSP_Reach_007_514_EU_20231211T180629_20231211T180638_PGC0_01.zip,river,2023-12-11 18:08:49+00:00,2023-12-11
21406200021,2023-12-11T18:08:49Z,Fiume Oglio,45.12874321,10.5044278,20.8403,35.548621,0.00022207619,,,SWOT_L2_HR_RiverSP_Reach_007_514_EU_20231211T180629_20231211T180638_PGC0_01.zip,river,2023-12-11 18:08:49+00:00,2023-12-11
21406300011,2023-12-11T18:08:58Z,Po,45.00223735,10.6801087,15.7098,248.288963,0.00015483326,,,SWOT_L2_HR_RiverSP_Reach_007_514_EU_20231211T180629_20231211T180638_PGC0_01.zip,river,2023-12-11 18:08:58+00:00,2023-12-11
21406300021,2023-12-11T18:08:58Z,Po,44.92496107,10.6126319,17.0423,202.465185,0.00011725252,,,SWOT_L2_HR_RiverSP_Reach_007_514_EU_20231211T180629_20231211T180638_PGC0_01.zip,river,2023-12-11 18:08:58+00:00,2023-12-11
21406300031,2023-12-11T18:08:58Z,Parma; Po,44.92391702,10.4975482,18.479,220.090952,0.00011982153,,,SWOT_L2_HR_RiverSP_Reach_007_514_EU_20231211T180629_20231211T180638_PGC0_01.zip,river,2023-12-11 18:08:58+00:00,2023-12-11
21406300041,2023-12-11T18:08:50Z,Parma,44.96698609,10.4153531,19.9844,243.767688,0.00017207444,,,SWOT_L2_HR_RiverSP_Reach_007_514_EU_20231211T180629_20231211T180638_PGC0_01.zip,river,2023-12-11 18:08:50+00:00,2023-12-11
21406300051,2023-12-11T18:08:50Z,Parma; Po,44.98238586,10.3257584,21.9012,240.409581,0.00014333187,,,SWOT_L2_HR_RiverSP_Reach_007_514_EU_20231211T180629_20231211T180638_PGC0_01.zip,river,2023-12-11 18:08:50+00:00,2023-12-11
21500900041,2023-12-11T18:09:10Z,Serchio,43.8036516,10.4063306,7.328,661.478468,-0.0001729097,,,SWOT_L2_HR_RiverSP_Reach_007_514_EU_20231211T180629_20231211T180638_PGC0_01.zip,river,2023-12-11 18:09:10+00:00,2023-12-11
21500900184,2023-12-11T18:09:09Z,Serchio,43.8188553,10.4136918,,1063.630114,,,,SWOT_L2_HR_RiverSP_Reach_007_514_EU_20231211T180629_20231211T180638_PGC0_01.zip,river,2023-12-11 18:09:09+00:00,2023-12-11
21500900231,2023-12-11T18:09:09Z,Serchio,43.88606154,10.5259476,29.8656,564.916018,0.00301966596,,,SWOT_L2_HR_RiverSP_Reach_007_514_EU_20231211T180629_20231211T180638_PGC0_01.zip,river,2023-12-11 18:09:09+00:00,2023-12-11
21500900244,2023-12-11T18:09:09Z,Serchio,43.91649583,10.529312,,257.586078,,,,SWOT_L2_HR_RiverSP_Reach_007_514_EU_20231211T180629_20231211T180638_PGC0_01.zip,river,2023-12-11 18:09:09+00:00,2023-12-11
21500900261,2023-12-11T18:09:09Z,Serchio,43.92488448,10.5296092,40.4243,37.9233,0.00121797759,,,SWOT_L2_HR_RiverSP_Reach_007_514_EU_20231211T180629_20231211T180638_PGC0_01.zip,river,2023-12-11 18:09:09+00:00,2023-12-11
21500900281,2023-12-11T18:09:09Z,Serchio,43.93088015,10.5087897,46.614,35.464325,0.00381532554,,,SWOT_L2_HR_RiverSP_Reach_007_514_EU_20231211T180629_20231211T180638_PGC0_01.zip,river,2023-12-11 18:09:09+00:00,2023-12-11
21500900294,2023-12-11T18:09:09Z,Serchio,43.93982305,10.5015469,,80.341724,,,,SWOT_L2_HR_RiverSP_Reach_007_514_EU_20231211T180629_20231211T180638_PGC0_01.zip,river,2023-12-11 18:09:09+00:00,2023-12-11
21500900301,2023-12-11T18:09:09Z,Serchio,43.96338733,10.5238839,74.1942,125.367213,0.00493762704,,,SWOT_L2_HR_RiverSP_Reach_007_514_EU_20231211T180629_20231211T180638_PGC0_01.zip,river,2023-12-11 18:09:09+00:00,2023-12-11
21500900314,2023-12-11T18:09:09Z,Serchio,43.98114573,10.5523043,,281.209292,,,,SWOT_L2_HR_RiverSP_Reach_007_514_EU_20231211T180629_20231211T180638_PGC0_01.zip,river,2023-12-11 18:09:09+00:00,2023-12-11
21500900321,2023-12-11T18:09:09Z,Serchio,43.99085556,10.5533227,94.4565,82.003478,0.00548003341,,,SWOT_L2_HR_RiverSP_Reach_007_514_EU_20231211T180629_20231211T180638_PGC0_01.zip,river,2023-12-11 18:09:09+00:00,2023-12-11
21406100111,2023-12-11T18:08:50Z,Po,45.04625504,10.768001,13.5689,236.060295,0.00011777174,,,SWOT_L2_HR_RiverSP_Reach_007_514_EU_20231211T180629_20231211T180638_PIC0_01.zip,river,2023-12-11 18:08:50+00:00,2023-12-11
21406100123,2023-12-11T18:08:49Z,Fiume Mincio,45.14246728,10.8162187,14.4156,,,,,SWOT_L2_HR_RiverSP_Reach_007_514_EU_20231211T180629_20231211T180638_PIC0_01.zip,river,2023-12-11 18:08:49+00:00,2023-12-11
21406200011,2023-12-11T18:08:49Z,Po,45.06313602,10.6021879,17.2361,34.640605,0.00027307838,,,SWOT_L2_HR_RiverSP_Reach_007_514_EU_20231211T180629_20231211T180638_PIC0_01.zip,river,2023-12-11 18:08:49+00:00,2023-12-11
21406200021,2023-12-11T18:08:49Z,Fiume Oglio,45.12874321,10.5044278,20.8436,35.56891,0.00022207554,,,SWOT_L2_HR_RiverSP_Reach_007_514_EU_20231211T180629_20231211T180638_PIC0_01.zip,river,2023-12-11 18:08:49+00:00,2023-12-11
21406300011,2023-12-11T18:08:58Z,Po,45.00223735,10.6801087,15.7208,248.226372,0.00015624196,,,SWOT_L2_HR_RiverSP_Reach_007_514_EU_20231211T180629_20231211T180638_PIC0_01.zip,river,2023-12-11 18:08:58+00:00,2023-12-11
21406300021,2023-12-11T18:08:58Z,Po,44.92496107,10.6126319,17.0452,202.393081,0.00011729675,,,SWOT_L2_HR_RiverSP_Reach_007_514_EU_20231211T180629_20231211T180638_PIC0_01.zip,river,2023-12-11 18:08:58+00:00,2023-12-11
21406300031,2023-12-11T18:08:58Z,Parma; Po,44.92391702,10.4975482,18.4855,220.064095,0.00011977034,,,SWOT_L2_HR_RiverSP_Reach_007_514_EU_20231211T180629_20231211T180638_PIC0_01.zip,river,2023-12-11 18:08:58+00:00,2023-12-11
21406300041,2023-12-11T18:08:50Z,Parma,44.96698609,10.4153531,19.9869,243.617498,0.00017208367,,,SWOT_L2_HR_RiverSP_Reach_007_514_EU_20231211T180629_20231211T180638_PIC0_01.zip,river,2023-12-11 18:08:50+00:00,2023-12-11
21406300051,2023-12-11T18:08:50Z,Parma; Po,44.98238586,10.3257584,21.9072,240.18285,0.00014349148,,,SWOT_L2_HR_RiverSP_Reach_007_514_EU_20231211T180629_20231211T180638_PIC0_01.zip,river,2023-12-11 18:08:50+00:00,2023-12-11
21500900041,2023-12-11T18:09:10Z,Serchio,43.8036516,10.4063306,7.8166,609.062533,0.00052156248,,,SWOT_L2_HR_RiverSP_Reach_007_514_EU_20231211T180629_20231211T180638_PIC0_01.zip,river,2023-12-11 18:09:10+00:00,2023-12-11
21500900184,2023-12-11T18:09:09Z,Serchio,43.8188553,10.4136918,,1063.498389,,,,SWOT_L2_HR_RiverSP_Reach_007_514_EU_20231211T180629_20231211T180638_PIC0_01.zip,river,2023-12-11 18:09:09+00:00,2023-12-11
21500900231,2023-12-11T18:09:09Z,Serchio,43.88606154,10.5259476,29.8744,564.822472,0.00301401793,,,SWOT_L2_HR_RiverSP_Reach_007_514_EU_20231211T180629_20231211T180638_PIC0_01.zip,river,2023-12-11 18:09:09+00:00,2023-12-11
21500900244,2023-12-11T18:09:09Z,Serchio,43.91649583,10.529312,,264.226597,,,,SWOT_L2_HR_RiverSP_Reach_007_514_EU_20231211T180629_20231211T180638_PIC0_01.zip,river,2023-12-11 18:09:09+00:00,2023-12-11
21500900261,2023-12-11T18:09:09Z,Serchio,43.92488448,10.5296092,40.4325,33.326471,0.00121785704,,,SWOT_L2_HR_RiverSP_Reach_007_514_EU_20231211T180629_20231211T180638_PIC0_01.zip,river,2023-12-11 18:09:09+00:00,2023-12-11
21500900281,2023-12-11T18:09:09Z,Serchio,43.93088015,10.5087897,46.8367,34.176279,0.00309863883,,,SWOT_L2_HR_RiverSP_Reach_007_514_EU_20231211T180629_20231211T180638_PIC0_01.zip,river,2023-12-11 18:09:09+00:00,2023-12-11
21500900294,2023-12-11T18:09:09Z,Serchio,43.93982305,10.5015469,,80.240182,,,,SWOT_L2_HR_RiverSP_Reach_007_514_EU_20231211T180629_20231211T180638_PIC0_01.zip,river,2023-12-11 18:09:09+00:00,2023-12-11
21500900301,2023-12-11T18:09:09Z,Serchio,43.96338733,10.5238839,74.2001,125.991524,0.00493486192,,,SWOT_L2_HR_RiverSP_Reach_007_514_EU_20231211T180629_20231211T180638_PIC0_01.zip,river,2023-12-11 18:09:09+00:00,2023-12-11
21500900314,2023-12-11T18:09:09Z,Serchio,43.98114573,10.5523043,,280.929939,,,,SWOT_L2_HR_RiverSP_Reach_007_514_EU_20231211T180629_20231211T180638_PIC0_01.zip,river,2023-12-11 18:09:09+00:00,2023-12-11
21500900321,2023-12-11T18:09:09Z,Serchio,43.99085556,10.5533227,94.4645,80.796892,0.00548030734,,,SWOT_L2_HR_RiverSP_Reach_007_514_EU_20231211T180629_20231211T180638_PIC0_01.zip,river,2023-12-11 18:09:09+00:00,2023-12-11
21404000011,2023-12-13T07:27:35Z,Adige,45.13669319,11.9340853,3.8214,580.943735,-0.0001853161,,,SWOT_L2_HR_RiverSP_Reach_007_557_EU_20231213T072702_20231213T072704_PGC0_01.zip,river,2023-12-13 07:27:35+00:00,2023-12-13
21404000021,2023-12-13T07:27:35Z,Adige,45.1152242,11.8085946,4.9122,132.992194,0.00016723258,,,SWOT_L2_HR_RiverSP_Reach_007_557_EU_20231213T072702_20231213T072704_PGC0_01.zip,river,2023-12-13 07:27:35+00:00,2023-12-13
21404000031,2023-12-13T07:27:35Z,Adige,45.10291143,11.6839963,6.9191,81.162976,0.00014905903,,,SWOT_L2_HR_RiverSP_Reach_007_557_EU_20231213T072702_20231213T072704_PGC0_01.zip,river,2023-12-13 07:27:35+00:00,2023-12-13
21404000041,2023-12-13T07:27:35Z,Adige,45.11467588,11.5378009,8.6029,63.635577,0.00018031811,,,SWOT_L2_HR_RiverSP_Reach_007_557_EU_20231213T072702_20231213T072704_PGC0_01.zip,river,2023-12-13 07:27:35+00:00,2023-12-13
21404000415,2023-12-13T07:27:35Z,Fiume Adige,45.12610537,12.2744918,1.7384,91.0654,1.123425e-05,,,SWOT_L2_HR_RiverSP_Reach_007_557_EU_20231213T072702_20231213T072704_PGC0_01.zip,river,2023-12-13 07:27:35+00:00,2023-12-13
21404000425,2023-12-13T07:27:35Z,Adige; Fiume Adige,45.11811217,12.169194,0.5704,88.342268,0.00011786858,,,SWOT_L2_HR_RiverSP_Reach_007_557_EU_20231213T072702_20231213T072704_PGC0_01.zip,river,2023-12-13 07:27:35+00:00,2023-12-13
21404000435,2023-12-13T07:27:35Z,Adige,45.13738683,12.0558708,1.5559,98.281171,0.00010499003,,,SWOT_L2_HR_RiverSP_Reach_007_557_EU_20231213T072702_20231213T072704_PGC0_01.zip,river,2023-12-13 07:27:35+00:00,2023-12-13
21406100011,2023-12-13T07:27:35Z,no_data,44.97788826,11.9055543,-0.2523,257.756131,0.00033691567,,,SWOT_L2_HR_RiverSP_Reach_007_557_EU_20231213T072702_20231213T072704_PGC0_01.zip,river,2023-12-13 07:27:35+00:00,2023-12-13
21406100021,2023-12-13T07:27:35Z,Po,44.94767275,11.7511479,2.1835,292.226694,5.778003e-05,,,SWOT_L2_HR_RiverSP_Reach_007_557_EU_20231213T072702_20231213T072704_PGC0_01.zip,river,2023-12-13 07:27:35+00:00,2023-12-13
21406100031,2023-12-13T07:27:26Z,Po,44.89965067,11.6362292,3.3834,387.730889,0.00010362155,,,SWOT_L2_HR_RiverSP_Reach_007_557_EU_20231213T072702_20231213T072704_PGC0_01.zip,river,2023-12-13 07:27:26+00:00,2023-12-13
21406100041,2023-12-13T07:27:26Z,Po,44.92732847,11.5407952,3.957,428.015384,9.124188e-05,,,SWOT_L2_HR_RiverSP_Reach_007_557_EU_20231213T072702_20231213T072704_PGC0_01.zip,river,2023-12-13 07:27:26+00:00,2023-12-13
21406100051,2023-12-13T07:27:26Z,Po,44.95362753,11.4200067,5.4378,430.094891,0.0001110384,,,SWOT_L2_HR_RiverSP_Reach_007_557_EU_20231213T072702_20231213T072704_PGC0_01.zip,river,2023-12-13 07:27:26+00:00,2023-12-13
21406100061,2023-12-13T07:27:35Z,Po,45.00951862,11.3007475,6.7553,351.479761,9.01284e-05,,,SWOT_L2_HR_RiverSP_Reach_007_557_EU_20231213T072702_20231213T072704_PGC0_01.zip,river,2023-12-13 07:27:35+00:00,2023-12-13
21406100071,2023-12-13T07:27:35Z,Po,45.05059331,11.2359852,7.998,334.102459,0.0001181475,,,SWOT_L2_HR_RiverSP_Reach_007_557_EU_20231213T072702_20231213T072704_PGC0_01.zip,river,2023-12-13 07:27:35+00:00,2023-12-13
21406100081,2023-12-13T07:27:35Z,Po,45.0526046,11.0864648,9.0757,276.096141,9.56177e-06,,,SWOT_L2_HR_RiverSP_Reach_007_557_EU_20231213T072702_20231213T072704_PGC0_01.zip,river,2023-12-13 07:27:35+00:00,2023-12-13
21406100275,2023-12-13T07:27:35Z,Po di Venezia,44.95659643,12.3650664,0.3252,382.806023,2.12772e-05,,,SWOT_L2_HR_RiverSP_Reach_007_557_EU_20231213T072702_20231213T072704_PGC0_01.zip,river,2023-12-13 07:27:35+00:00,2023-12-13
21406100285,2023-12-13T07:27:35Z,Po di Venezia,44.97907136,12.2580871,0.3252,380.585472,1.937593e-05,,,SWOT_L2_HR_RiverSP_Reach_007_557_EU_20231213T072702_20231213T072704_PGC0_01.zip,river,2023-12-13 07:27:35+00:00,2023-12-13
21406100295,2023-12-13T07:27:35Z,Po di Venezia,45.02022837,12.1647155,0.5867,369.917904,1.414109e-05,,,SWOT_L2_HR_RiverSP_Reach_007_557_EU_20231213T072702_20231213T072704_PGC0_01.zip,river,2023-12-13 07:27:35+00:00,2023-12-13
21406100305,2023-12-13T07:27:35Z,Po di Venezia,44.99976903,12.0782068,0.7597,365.953804,2.479426e-05,,,SWOT_L2_HR_RiverSP_Reach_007_557_EU_20231213T072702_20231213T072704_PGC0_01.zip,river,2023-12-13 07:27:35+00:00,2023-12-13
21406100315,2023-12-13T07:27:35Z,Po,44.97645748,12.0255272,,13.662895,,,,SWOT_L2_HR_RiverSP_Reach_007_557_EU_20231213T072702_20231213T072704_PGC0_01.zip,river,2023-12-13 07:27:35+00:00,2023-12-13
21407000015,2023-12-13T07:27:35Z,Po di Gnocca,44.88633902,12.3402252,0.0178,112.212515,-9.7602e-06,,,SWOT_L2_HR_RiverSP_Reach_007_557_EU_20231213T072702_20231213T072704_PGC0_01.zip,river,2023-12-13 07:27:35+00:00,2023-12-13
21407000025,2023-12-13T07:27:35Z,no_data,44.82749551,12.3520721,0.2363,192.292113,-4.066e-07,,,SWOT_L2_HR_RiverSP_Reach_007_557_EU_20231213T072702_20231213T072704_PGC0_01.zip,river,2023-12-13 07:27:35+00:00,2023-12-13
21407000035,2023-12-13T07:27:35Z,Po di Goro,44.88212683,12.2910628,0.2174,85.283981,-2.72213e-05,,,SWOT_L2_HR_RiverSP_Reach_007_557_EU_20231213T072702_20231213T072704_PGC0_01.zip,river,2023-12-13 07:27:35+00:00,2023-12-13
21407000045,2023-12-13T07:27:35Z,Po di Goro,44.93225211,12.2569541,-0.0059,37.656459,5.99922e-06,,,SWOT_L2_HR_RiverSP_Reach_007_557_EU_20231213T072702_20231213T072704_PGC0_01.zip,river,2023-12-13 07:27:35+00:00,2023-12-13
21407000055,2023-12-13T07:27:35Z,Po di Goro,44.94808193,12.128055,-3.1763,52.090601,0.00013318476,,,SWOT_L2_HR_RiverSP_Reach_007_557_EU_20231213T072702_20231213T072704_PGC0_01.zip,river,2023-12-13 07:27:35+00:00,2023-12-13
21404000011,2023-12-13T07:27:35Z,Adige,45.13669319,11.9340853,3.759,573.830079,-1.71988e-05,,,SWOT_L2_HR_RiverSP_Reach_007_557_EU_20231213T072702_20231213T072704_PIC0_01.zip,river,2023-12-13 07:27:35+00:00,2023-12-13
21404000021,2023-12-13T07:27:35Z,Adige,45.1152242,11.8085946,4.9258,133.570198,0.00016776223,,,SWOT_L2_HR_RiverSP_Reach_007_557_EU_20231213T072702_20231213T072704_PIC0_01.zip,river,2023-12-13 07:27:35+00:00,2023-12-13
21404000031,2023-12-13T07:27:35Z,Adige,45.10291143,11.6839963,6.9472,81.335691,0.00015047805,,,SWOT_L2_HR_RiverSP_Reach_007_557_EU_20231213T072702_20231213T072704_PIC0_01.zip,river,2023-12-13 07:27:35+00:00,2023-12-13
21404000041,2023-12-13T07:27:35Z,Adige,45.11467588,11.5378009,8.6639,63.8791,0.00018352673,,,SWOT_L2_HR_RiverSP_Reach_007_557_EU_20231213T072702_20231213T072704_PIC0_01.zip,river,2023-12-13 07:27:35+00:00,2023-12-13
21404000415,2023-12-13T07:27:35Z,Fiume Adige,45.12610537,12.2744918,1.7217,91.499554,1.155195e-05,,,SWOT_L2_HR_RiverSP_Reach_007_557_EU_20231213T072702_20231213T072704_PIC0_01.zip,river,2023-12-13 07:27:35+00:00,2023-12-13
21404000425,2023-12-13T07:27:35Z,Adige; Fiume Adige,45.11811217,12.169194,0.5607,88.34598,0.00011920408,,,SWOT_L2_HR_RiverSP_Reach_007_557_EU_20231213T072702_20231213T072704_PIC0_01.zip,river,2023-12-13 07:27:35+00:00,2023-12-13
21404000435,2023-12-13T07:27:35Z,Adige,45.13738683,12.0558708,1.5568,98.128669,0.00010550656,,,SWOT_L2_HR_RiverSP_Reach_007_557_EU_20231213T072702_20231213T072704_PIC0_01.zip,river,2023-12-13 07:27:35+00:00,2023-12-13
21406100011,2023-12-13T07:27:35Z,no_data,44.97788826,11.9055543,1.1565,269.633811,7.538826e-05,,,SWOT_L2_HR_RiverSP_Reach_007_557_EU_20231213T072702_20231213T072704_PIC0_01.zip,river,2023-12-13 07:27:35+00:00,2023-12-13
21406100021,2023-12-13T07:27:35Z,Po,44.94767275,11.7511479,2.1993,290.175289,5.794583e-05,,,SWOT_L2_HR_RiverSP_Reach_007_557_EU_20231213T072702_20231213T072704_PIC0_01.zip,river,2023-12-13 07:27:35+00:00,2023-12-13
21406100031,2023-12-13T07:27:26Z,Po,44.89965067,11.6362292,3.1608,387.660107,9.760433e-05,,,SWOT_L2_HR_RiverSP_Reach_007_557_EU_20231213T072702_20231213T072704_PIC0_01.zip,river,2023-12-13 07:27:26+00:00,2023-12-13
21406100041,2023-12-13T07:27:26Z,Po,44.92732847,11.5407952,4.1485,428.085408,0.00011782676,,,SWOT_L2_HR_RiverSP_Reach_007_557_EU_20231213T072702_20231213T072704_PIC0_01.zip,river,2023-12-13 07:27:26+00:00,2023-12-13
21406100051,2023-12-13T07:27:26Z,Po,44.95362753,11.4200067,5.4754,429.959731,0.00010788411,,,SWOT_L2_HR_RiverSP_Reach_007_557_EU_20231213T072702_20231213T072704_PIC0_01.zip,river,2023-12-13 07:27:26+00:00,2023-12-13
21406100061,2023-12-13T07:27:35Z,Po,45.00951862,11.3007475,6.835,351.54857,9.377549e-05,,,SWOT_L2_HR_RiverSP_Reach_007_557_EU_20231213T072702_20231213T072704_PIC0_01.zip,river,2023-12-13 07:27:35+00:00,2023-12-13
21406100071,2023-12-13T07:27:35Z,Po,45.05059331,11.2359852,8.0859,334.059026,0.00011916815,,,SWOT_L2_HR_RiverSP_Reach_007_557_EU_20231213T072702_20231213T072704_PIC0_01.zip,river,2023-12-13 07:27:35+00:00,2023-12-13
21406100081,2023-12-13T07:27:35Z,Po,45.0526046,11.0864648,9.0792,276.079495,-1.24051e-05,,,SWOT_L2_HR_RiverSP_Reach_007_557_EU_20231213T072702_20231213T072704_PIC0_01.zip,river,2023-12-13 07:27:35+00:00,2023-12-13
21406100275,2023-12-13T07:27:35Z,Po di Venezia,44.95659643,12.3650664,0.3068,382.78949,2.124401e-05,,,SWOT_L2_HR_RiverSP_Reach_007_557_EU_20231213T072702_20231213T072704_PIC0_01.zip,river,2023-12-13 07:27:35+00:00,2023-12-13
21406100285,2023-12-13T07:27:35Z,Po di Venezia,44.97907136,12.2580871,0.3117,380.522948,-2.671e-05,,,SWOT_L2_HR_RiverSP_Reach_007_557_EU_20231213T072702_20231213T072704_PIC0_01.zip,river,2023-12-13 07:27:35+00:00,2023-12-13
21406100295,2023-12-13T07:27:35Z,Po di Venezia,45.02022837,12.1647155,-4.1505,309.127124,-0.0018371229,,,SWOT_L2_HR_RiverSP_Reach_007_557_EU_20231213T072702_20231213T072704_PIC0_01.zip,river,2023-12-13 07:27:35+00:00,2023-12-13
21406100305,2023-12-13T07:27:35Z,Po di Venezia,44.99976903,12.0782068,-16.6943,286.867535,1.813482e-05,,,SWOT_L2_HR_RiverSP_Reach_007_557_EU_20231213T072702_20231213T072704_PIC0_01.zip,river,2023-12-13 07:27:35+00:00,2023-12-13
21406100315,2023-12-13T07:27:35Z,Po,44.97645748,12.0255272,,75.176556,,,,SWOT_L2_HR_RiverSP_Reach_007_557_EU_20231213T072702_20231213T072704_PIC0_01.zip,river,2023-12-13 07:27:35+00:00,2023-12-13
21407000015,2023-12-13T07:27:35Z,Po di Gnocca,44.88633902,12.3402252,0.0007,112.118169,-9.6954e-06,,,SWOT_L2_HR_RiverSP_Reach_007_557_EU_20231213T072702_20231213T072704_PIC0_01.zip,river,2023-12-13 07:27:35+00:00,2023-12-13
21407000025,2023-12-13T07:27:35Z,no_data,44.82749551,12.3520721,0.2158,192.635921,-1.26e-08,,,SWOT_L2_HR_RiverSP_Reach_007_557_EU_20231213T072702_20231213T072704_PIC0_01.zip,river,2023-12-13 07:27:35+00:00,2023-12-13
21407000035,2023-12-13T07:27:35Z,Po di Goro,44.88212683,12.2910628,0.1977,85.238628,-2.76496e-05,,,SWOT_L2_HR_RiverSP_Reach_007_557_EU_20231213T072702_20231213T072704_PIC0_01.zip,river,2023-12-13 07:27:35+00:00,2023-12-13
21407000045,2023-12-13T07:27:35Z,Po di Goro,44.93225211,12.2569541,-0.0303,37.73324,6.81913e-06,,,SWOT_L2_HR_RiverSP_Reach_007_557_EU_20231213T072702_20231213T072704_PIC0_01.zip,river,2023-12-13 07:27:35+00:00,2023-12-13
21407000055,2023-12-13T07:27:35Z,Po di Goro,44.94808193,12.128055,-3.1031,49.711534,0.00013837017,,,SWOT_L2_HR_RiverSP_Reach_007_557_EU_20231213T072702_20231213T072704_PIC0_01.zip,river,2023-12-13 07:27:35+00:00,2023-12-13
21406300051,2023-12-14T07:28:06Z,Parma; Po,44.98238586,10.3257584,22.4577,200.409234,0.00046908782,,,SWOT_L2_HR_RiverSP_Reach_008_001_EU_20231214T072712_20231214T072715_PIC0_01.zip,river,2023-12-14 07:28:06+00:00,2023-12-14
21404000011,2023-12-21T16:31:07Z,Adige,45.13669319,11.9340853,1.5453,64.176861,0.00026114926,,,SWOT_L2_HR_RiverSP_Reach_008_208_EU_20231221T162843_20231221T162845_PIC0_01.zip,river,2023-12-21 16:31:07+00:00,2023-12-21
21404000021,2023-12-21T16:31:07Z,Adige,45.1152242,11.8085946,2.4456,71.604215,0.00014426228,,,SWOT_L2_HR_RiverSP_Reach_008_208_EU_20231221T162843_20231221T162845_PIC0_01.zip,river,2023-12-21 16:31:07+00:00,2023-12-21
21404000031,2023-12-21T16:31:07Z,Adige,45.10291143,11.6839963,5.7741,63.989363,0.00035917326,,,SWOT_L2_HR_RiverSP_Reach_008_208_EU_20231221T162843_20231221T162845_PIC0_01.zip,river,2023-12-21 16:31:07+00:00,2023-12-21
21404000041,2023-12-21T16:31:06Z,Adige,45.11467588,11.5378009,9.1494,93.468623,0.00016677238,,,SWOT_L2_HR_RiverSP_Reach_008_208_EU_20231221T162843_20231221T162845_PIC0_01.zip,river,2023-12-21 16:31:06+00:00,2023-12-21
21404000435,2023-12-21T16:31:07Z,Adige,45.13738683,12.0558708,-1.9713,41.998356,0.00088984874,,,SWOT_L2_HR_RiverSP_Reach_008_208_EU_20231221T162843_20231221T162845_PIC0_01.zip,river,2023-12-21 16:31:07+00:00,2023-12-21
21406100011,2023-12-21T16:31:15Z,no_data,44.97788826,11.9055543,1.7522,310.18763,0.00010366303,,,SWOT_L2_HR_RiverSP_Reach_008_208_EU_20231221T162843_20231221T162845_PIC0_01.zip,river,2023-12-21 16:31:15+00:00,2023-12-21
21406100021,2023-12-21T16:31:15Z,Po,44.94767275,11.7511479,2.3672,285.18687,4.085874e-05,,,SWOT_L2_HR_RiverSP_Reach_008_208_EU_20231221T162843_20231221T162845_PIC0_01.zip,river,2023-12-21 16:31:15+00:00,2023-12-21
21406100031,2023-12-21T16:31:16Z,Po,44.89965067,11.6362292,3.2941,346.645798,8.265089e-05,,,SWOT_L2_HR_RiverSP_Reach_008_208_EU_20231221T162843_20231221T162845_PIC0_01.zip,river,2023-12-21 16:31:16+00:00,2023-12-21
21406100041,2023-12-21T16:31:15Z,Po,44.92732847,11.5407952,4.0156,398.47453,5.001833e-05,,,SWOT_L2_HR_RiverSP_Reach_008_208_EU_20231221T162843_20231221T162845_PIC0_01.zip,river,2023-12-21 16:31:15+00:00,2023-12-21
21406100051,2023-12-21T16:31:07Z,Po,44.95362753,11.4200067,5.0112,477.087705,0.00010594459,,,SWOT_L2_HR_RiverSP_Reach_008_208_EU_20231221T162843_20231221T162845_PIC0_01.zip,river,2023-12-21 16:31:07+00:00,2023-12-21
21406100061,2023-12-21T16:31:07Z,Po,45.00951862,11.3007475,6.2814,362.421564,8.781809e-05,,,SWOT_L2_HR_RiverSP_Reach_008_208_EU_20231221T162843_20231221T162845_PIC0_01.zip,river,2023-12-21 16:31:07+00:00,2023-12-21
21406100071,2023-12-21T16:31:06Z,Po,45.05059331,11.2359852,7.2572,514.062034,0.00011521008,,,SWOT_L2_HR_RiverSP_Reach_008_208_EU_20231221T162843_20231221T162845_PIC0_01.zip,river,2023-12-21 16:31:06+00:00,2023-12-21
21406100081,2023-12-21T16:31:06Z,Po,45.0526046,11.0864648,9.0273,375.512906,0.0001189098,,,SWOT_L2_HR_RiverSP_Reach_008_208_EU_20231221T162843_20231221T162845_PIC0_01.zip,river,2023-12-21 16:31:06+00:00,2023-12-21
21406100091,2023-12-21T16:31:06Z,Fiume Mincio; Po,45.10017596,10.9113497,11.8619,11.92756,0.00017054035,,,SWOT_L2_HR_RiverSP_Reach_008_208_EU_20231221T162843_20231221T162845_PIC0_01.zip,river,2023-12-21 16:31:06+00:00,2023-12-21
21406100101,2023-12-21T16:31:06Z,Po,45.06440534,10.9221059,11.014,249.020081,0.00011650783,,,SWOT_L2_HR_RiverSP_Reach_008_208_EU_20231221T162843_20231221T162845_PIC0_01.zip,river,2023-12-21 16:31:06+00:00,2023-12-21
21406100111,2023-12-21T16:31:06Z,Po,45.04625504,10.768001,13.0583,248.176256,0.00015930486,,,SWOT_L2_HR_RiverSP_Reach_008_208_EU_20231221T162843_20231221T162845_PIC0_01.zip,river,2023-12-21 16:31:06+00:00,2023-12-21
21406100123,2023-12-21T16:31:06Z,Fiume Mincio,45.14246728,10.8162187,13.5349,,,,,SWOT_L2_HR_RiverSP_Reach_008_208_EU_20231221T162843_20231221T162845_PIC0_01.zip,river,2023-12-21 16:31:06+00:00,2023-12-21
21406100305,2023-12-21T16:31:16Z,Po di Venezia,44.99976903,12.0782068,0.4159,357.177658,2.717153e-05,,,SWOT_L2_HR_RiverSP_Reach_008_208_EU_20231221T162843_20231221T162845_PIC0_01.zip,river,2023-12-21 16:31:16+00:00,2023-12-21
21406100315,2023-12-21T16:31:16Z,Po,44.97645748,12.0255272,0.7593,347.121965,5.1384e-07,,,SWOT_L2_HR_RiverSP_Reach_008_208_EU_20231221T162843_20231221T162845_PIC0_01.zip,river,2023-12-21 16:31:16+00:00,2023-12-21
21406200011,2023-12-21T16:31:06Z,Po,45.06313602,10.6021879,17.0844,40.81602,0.00023706931,,,SWOT_L2_HR_RiverSP_Reach_008_208_EU_20231221T162843_20231221T162845_PIC0_01.zip,river,2023-12-21 16:31:06+00:00,2023-12-21
21406200021,2023-12-21T16:31:06Z,Fiume Oglio,45.12874321,10.5044278,19.587,26.381971,0.00016610374,,,SWOT_L2_HR_RiverSP_Reach_008_208_EU_20231221T162843_20231221T162845_PIC0_01.zip,river,2023-12-21 16:31:06+00:00,2023-12-21
21406300011,2023-12-21T16:31:06Z,Po,45.00223735,10.6801087,15.5544,245.219329,9.768653e-05,,,SWOT_L2_HR_RiverSP_Reach_008_208_EU_20231221T162843_20231221T162845_PIC0_01.zip,river,2023-12-21 16:31:06+00:00,2023-12-21
21406300021,2023-12-21T16:31:06Z,Po,44.92496107,10.6126319,17.8561,207.247083,0.00040198967,,,SWOT_L2_HR_RiverSP_Reach_008_208_EU_20231221T162843_20231221T162845_PIC0_01.zip,river,2023-12-21 16:31:06+00:00,2023-12-21
21406300031,2023-12-21T16:31:06Z,Parma; Po,44.92391702,10.4975482,18.5657,201.27544,-0.0001183167,,,SWOT_L2_HR_RiverSP_Reach_008_208_EU_20231221T162843_20231221T162845_PIC0_01.zip,river,2023-12-21 16:31:06+00:00,2023-12-21
21406300041,2023-12-21T16:31:06Z,Parma,44.96698609,10.4153531,20.2517,212.894091,0.00020325129,,,SWOT_L2_HR_RiverSP_Reach_008_208_EU_20231221T162843_20231221T162845_PIC0_01.zip,river,2023-12-21 16:31:06+00:00,2023-12-21
21406300051,2023-12-21T16:31:06Z,Parma; Po,44.98238586,10.3257584,23.489,131.885404,0.0015946469,,,SWOT_L2_HR_RiverSP_Reach_008_208_EU_20231221T162843_20231221T162845_PIC0_01.zip,river,2023-12-21 16:31:06+00:00,2023-12-21
21407000055,2023-12-21T16:31:16Z,Po di Goro,44.94808193,12.128055,2.7135,24.597834,-0.0003613388,,,SWOT_L2_HR_RiverSP_Reach_008_208_EU_20231221T162843_20231221T162845_PIC0_01.zip,river,2023-12-21 16:31:16+00:00,2023-12-21
21404000011,2023-12-31T14:53:24Z,Adige,45.13669319,11.9340853,2.6709,104.032867,0.00015553782,,,SWOT_L2_HR_RiverSP_Reach_008_486_EU_20231231T145102_20231231T145103_PIC0_01.zip,river,2023-12-31 14:53:24+00:00,2023-12-31
21404000021,2023-12-31T14:53:24Z,Adige,45.1152242,11.8085946,4.5634,89.059722,0.00016846275,,,SWOT_L2_HR_RiverSP_Reach_008_486_EU_20231231T145102_20231231T145103_PIC0_01.zip,river,2023-12-31 14:53:24+00:00,2023-12-31
21404000031,2023-12-31T14:53:24Z,Adige,45.10291143,11.6839963,6.4269,73.257704,0.00017880861,,,SWOT_L2_HR_RiverSP_Reach_008_486_EU_20231231T145102_20231231T145103_PIC0_01.zip,river,2023-12-31 14:53:24+00:00,2023-12-31
21404000041,2023-12-31T14:53:24Z,Adige,45.11467588,11.5378009,8.8902,58.39735,0.00019102163,,,SWOT_L2_HR_RiverSP_Reach_008_486_EU_20231231T145102_20231231T145103_PIC0_01.zip,river,2023-12-31 14:53:24+00:00,2023-12-31
21404000415,2023-12-31T14:53:24Z,Fiume Adige,45.12610537,12.2744918,-0.6137,434.920586,6.048532e-05,,,SWOT_L2_HR_RiverSP_Reach_008_486_EU_20231231T145102_20231231T145103_PIC0_01.zip,river,2023-12-31 14:53:24+00:00,2023-12-31
21404000425,2023-12-31T14:53:24Z,Adige; Fiume Adige,45.11811217,12.169194,0.1307,84.202873,7.452228e-05,,,SWOT_L2_HR_RiverSP_Reach_008_486_EU_20231231T145102_20231231T145103_PIC0_01.zip,river,2023-12-31 14:53:24+00:00,2023-12-31
21404000435,2023-12-31T14:53:24Z,Adige,45.13738683,12.0558708,1.2038,72.336041,0.00011137746,,,SWOT_L2_HR_RiverSP_Reach_008_486_EU_20231231T145102_20231231T145103_PIC0_01.zip,river,2023-12-31 14:53:24+00:00,2023-12-31
21406100011,2023-12-31T14:53:25Z,no_data,44.97788826,11.9055543,0.9019,339.58198,3.571162e-05,,,SWOT_L2_HR_RiverSP_Reach_008_486_EU_20231231T145102_20231231T145103_PIC0_01.zip,river,2023-12-31 14:53:25+00:00,2023-12-31
21406100021,2023-12-31T14:53:25Z,Po,44.94767275,11.7511479,1.5452,309.391032,5.514606e-05,,,SWOT_L2_HR_RiverSP_Reach_008_486_EU_20231231T145102_20231231T145103_PIC0_01.zip,river,2023-12-31 14:53:25+00:00,2023-12-31
21406100031,2023-12-31T14:53:25Z,Po,44.89965067,11.6362292,2.3532,372.610092,7.750864e-05,,,SWOT_L2_HR_RiverSP_Reach_008_486_EU_20231231T145102_20231231T145103_PIC0_01.zip,river,2023-12-31 14:53:25+00:00,2023-12-31
21406100285,2023-12-31T14:53:25Z,Po di Venezia,44.97907136,12.2580871,-0.0391,499.772102,1.482878e-05,,,SWOT_L2_HR_RiverSP_Reach_008_486_EU_20231231T145102_20231231T145103_PIC0_01.zip,river,2023-12-31 14:53:25+00:00,2023-12-31
21406100295,2023-12-31T14:53:25Z,Po di Venezia,45.02022837,12.1647155,0.1074,400.099263,2.301019e-05,,,SWOT_L2_HR_RiverSP_Reach_008_486_EU_20231231T145102_20231231T145103_PIC0_01.zip,river,2023-12-31 14:53:25+00:00,2023-12-31
21406100305,2023-12-31T14:53:25Z,Po di Venezia,44.99976903,12.0782068,0.3854,428.706771,2.878394e-05,,,SWOT_L2_HR_RiverSP_Reach_008_486_EU_20231231T145102_20231231T145103_PIC0_01.zip,river,2023-12-31 14:53:25+00:00,2023-12-31
21406100315,2023-12-31T14:53:25Z,Po,44.97645748,12.0255272,0.5881,396.708069,3.028966e-05,,,SWOT_L2_HR_RiverSP_Reach_008_486_EU_20231231T145102_20231231T145103_PIC0_01.zip,river,2023-12-31 14:53:25+00:00,2023-12-31
21407000015,2023-12-31T14:53:25Z,Po di Gnocca,44.88633902,12.3402252,-0.3193,187.050187,1.427659e-05,,,SWOT_L2_HR_RiverSP_Reach_008_486_EU_20231231T145102_20231231T145103_PIC0_01.zip,river,2023-12-31 14:53:25+00:00,2023-12-31
21407000025,2023-12-31T14:53:34Z,no_data,44.82749551,12.3520721,-0.4615,222.521685,6.15119e-06,,,SWOT_L2_HR_RiverSP_Reach_008_486_EU_20231231T145102_20231231T145103_PIC0_01.zip,river,2023-12-31 14:53:34+00:00,2023-12-31
21407000035,2023-12-31T14:53:25Z,Po di Goro,44.88212683,12.2910628,-0.1034,159.271255,3.427011e-05,,,SWOT_L2_HR_RiverSP_Reach_008_486_EU_20231231T145102_20231231T145103_PIC0_01.zip,river,2023-12-31 14:53:25+00:00,2023-12-31
21407000045,2023-12-31T14:53:25Z,Po di Goro,44.93225211,12.2569541,-0.4052,143.31508,-0.0007898597,,,SWOT_L2_HR_RiverSP_Reach_008_486_EU_20231231T145102_20231231T145103_PIC0_01.zip,river,2023-12-31 14:53:25+00:00,2023-12-31
21407000055,2023-12-31T14:53:25Z,Po di Goro,44.94808193,12.128055,-0.0683,69.975383,6.535334e-05,,,SWOT_L2_HR_RiverSP_Reach_008_486_EU_20231231T145102_20231231T145103_PIC0_01.zip,river,2023-12-31 14:53:25+00:00,2023-12-31
21406100111,2024-01-01T14:53:56Z,Po,45.04625504,10.768001,13.5692,233.196783,0.0001122566,,,SWOT_L2_HR_RiverSP_Reach_008_514_EU_20240101T145136_20240101T145144_PIC0_01.zip,river,2024-01-01 14:53:56+00:00,2024-01-01
21406100123,2024-01-01T14:53:56Z,Fiume Mincio,45.14246728,10.8162187,13.1775,,,,,SWOT_L2_HR_RiverSP_Reach_008_514_EU_20240101T145136_20240101T145144_PIC0_01.zip,river,2024-01-01 14:53:56+00:00,2024-01-01
21406200011,2024-01-01T14:53:56Z,Po,45.06313602,10.6021879,17.0315,37.511295,0.00023545475,,,SWOT_L2_HR_RiverSP_Reach_008_514_EU_20240101T145136_20240101T145144_PIC0_01.zip,river,2024-01-01 14:53:56+00:00,2024-01-01
21406200021,2024-01-01T14:53:56Z,Fiume Oglio,45.12874321,10.5044278,20.2698,28.151984,0.00028935396,,,SWOT_L2_HR_RiverSP_Reach_008_514_EU_20240101T145136_20240101T145144_PIC0_01.zip,river,2024-01-01 14:53:56+00:00,2024-01-01
21406300011,2024-01-01T14:54:05Z,Po,45.00223735,10.6801087,15.3634,241.624358,0.00011229119,,,SWOT_L2_HR_RiverSP_Reach_008_514_EU_20240101T145136_20240101T145144_PIC0_01.zip,river,2024-01-01 14:54:05+00:00,2024-01-01
21406300021,2024-01-01T14:54:05Z,Po,44.92496107,10.6126319,16.8793,209.117452,0.00012291272,,,SWOT_L2_HR_RiverSP_Reach_008_514_EU_20240101T145136_20240101T145144_PIC0_01.zip,river,2024-01-01 14:54:05+00:00,2024-01-01
21406300031,2024-01-01T14:54:05Z,Parma; Po,44.92391702,10.4975482,18.4912,215.406433,0.00012868015,,,SWOT_L2_HR_RiverSP_Reach_008_514_EU_20240101T145136_20240101T145144_PIC0_01.zip,river,2024-01-01 14:54:05+00:00,2024-01-01
21406300041,2024-01-01T14:53:56Z,Parma,44.96698609,10.4153531,20.2067,243.226902,0.00014315949,,,SWOT_L2_HR_RiverSP_Reach_008_514_EU_20240101T145136_20240101T145144_PIC0_01.zip,river,2024-01-01 14:53:56+00:00,2024-01-01
21406300051,2024-01-01T14:53:56Z,Parma; Po,44.98238586,10.3257584,21.6986,264.320366,0.00016817939,,,SWOT_L2_HR_RiverSP_Reach_008_514_EU_20240101T145136_20240101T145144_PIC0_01.zip,river,2024-01-01 14:53:56+00:00,2024-01-01
21500900041,2024-01-01T14:54:16Z,Serchio,43.8036516,10.4063306,7.0998,829.156344,0.00065886152,,,SWOT_L2_HR_RiverSP_Reach_008_514_EU_20240101T145136_20240101T145144_PIC0_01.zip,river,2024-01-01 14:54:16+00:00,2024-01-01
21500900191,2024-01-01T14:54:16Z,Serchio,43.84327707,10.4415553,20.2181,728.103427,-0.0024907533,,,SWOT_L2_HR_RiverSP_Reach_008_514_EU_20240101T145136_20240101T145144_PIC0_01.zip,river,2024-01-01 14:54:16+00:00,2024-01-01
21500900211,2024-01-01T14:54:16Z,Serchio,43.8532787,10.4915647,,157.920547,,,,SWOT_L2_HR_RiverSP_Reach_008_514_EU_20240101T145136_20240101T145144_PIC0_01.zip,river,2024-01-01 14:54:16+00:00,2024-01-01
21500900231,2024-01-01T14:54:16Z,Serchio,43.88606154,10.5259476,29.8483,746.233002,0.00173276049,,,SWOT_L2_HR_RiverSP_Reach_008_514_EU_20240101T145136_20240101T145144_PIC0_01.zip,river,2024-01-01 14:54:16+00:00,2024-01-01
21500900244,2024-01-01T14:54:16Z,Serchio,43.91649583,10.529312,,138.745901,,,,SWOT_L2_HR_RiverSP_Reach_008_514_EU_20240101T145136_20240101T145144_PIC0_01.zip,river,2024-01-01 14:54:16+00:00,2024-01-01
21500900261,2024-01-01T14:54:16Z,Serchio,43.92488448,10.5296092,,2.549334,,,,SWOT_L2_HR_RiverSP_Reach_008_514_EU_20240101T145136_20240101T145144_PIC0_01.zip,river,2024-01-01 14:54:16+00:00,2024-01-01
21500900274,2024-01-01T14:54:16Z,Serchio,43.92529227,10.5218935,,4.389374,,,,SWOT_L2_HR_RiverSP_Reach_008_514_EU_20240101T145136_20240101T145144_PIC0_01.zip,river,2024-01-01 14:54:16+00:00,2024-01-01
21500900281,2024-01-01T14:54:16Z,Serchio,43.93088015,10.5087897,46.5525,40.022585,0.00334719278,,,SWOT_L2_HR_RiverSP_Reach_008_514_EU_20240101T145136_20240101T145144_PIC0_01.zip,river,2024-01-01 14:54:16+00:00,2024-01-01
21500900301,2024-01-01T14:54:16Z,Serchio,43.96338733,10.5238839,65.3572,112.996271,0.00479082112,,,SWOT_L2_HR_RiverSP_Reach_008_514_EU_20240101T145136_20240101T145144_PIC0_01.zip,river,2024-01-01 14:54:16+00:00,2024-01-01
21500900314,2024-01-01T14:54:16Z,Serchio,43.98114573,10.5523043,,789.831846,,,,SWOT_L2_HR_RiverSP_Reach_008_514_EU_20240101T145136_20240101T145144_PIC0_01.zip,river,2024-01-01 14:54:16+00:00,2024-01-01
21500900321,2024-01-01T14:54:16Z,Serchio,43.99085556,10.5533227,90.7363,89.8816,0.00107267006,,,SWOT_L2_HR_RiverSP_Reach_008_514_EU_20240101T145136_20240101T145144_PIC0_01.zip,river,2024-01-01 14:54:16+00:00,2024-01-01
21404000011,2024-01-03T04:12:42Z,Adige,45.13669319,11.9340853,2.6938,116.155915,0.00015143087,,,SWOT_L2_HR_RiverSP_Reach_008_557_EU_20240103T041208_20240103T041210_PIC0_01.zip,river,2024-01-03 04:12:42+00:00,2024-01-03
21404000021,2024-01-03T04:12:42Z,Adige,45.1152242,11.8085946,4.4941,129.910723,0.00016886707,,,SWOT_L2_HR_RiverSP_Reach_008_557_EU_20240103T041208_20240103T041210_PIC0_01.zip,river,2024-01-03 04:12:42+00:00,2024-01-03
21404000031,2024-01-03T04:12:42Z,Adige,45.10291143,11.6839963,6.3272,80.35051,0.00014987543,,,SWOT_L2_HR_RiverSP_Reach_008_557_EU_20240103T041208_20240103T041210_PIC0_01.zip,river,2024-01-03 04:12:42+00:00,2024-01-03
21404000041,2024-01-03T04:12:41Z,Adige,45.11467588,11.5378009,7.9019,64.579232,0.00012169268,,,SWOT_L2_HR_RiverSP_Reach_008_557_EU_20240103T041208_20240103T041210_PIC0_01.zip,river,2024-01-03 04:12:41+00:00,2024-01-03
21404000415,2024-01-03T04:12:42Z,Fiume Adige,45.12610537,12.2744918,0.3728,148.347216,-7.8753e-06,,,SWOT_L2_HR_RiverSP_Reach_008_557_EU_20240103T041208_20240103T041210_PIC0_01.zip,river,2024-01-03 04:12:42+00:00,2024-01-03
21404000425,2024-01-03T04:12:42Z,Adige; Fiume Adige,45.11811217,12.169194,0.2421,88.315772,3.738002e-05,,,SWOT_L2_HR_RiverSP_Reach_008_557_EU_20240103T041208_20240103T041210_PIC0_01.zip,river,2024-01-03 04:12:42+00:00,2024-01-03
21404000435,2024-01-03T04:12:42Z,Adige,45.13738683,12.0558708,,49.356062,,,,SWOT_L2_HR_RiverSP_Reach_008_557_EU_20240103T041208_20240103T041210_PIC0_01.zip,river,2024-01-03 04:12:42+00:00,2024-01-03
21406100011,2024-01-03T04:12:41Z,no_data,44.97788826,11.9055543,0.9258,373.890392,6.248749e-05,,,SWOT_L2_HR_RiverSP_Reach_008_557_EU_20240103T041208_20240103T041210_PIC0_01.zip,river,2024-01-03 04:12:41+00:00,2024-01-03
21406100021,2024-01-03T04:12:41Z,Po,44.94767275,11.7511479,1.8098,364.411014,5.160099e-05,,,SWOT_L2_HR_RiverSP_Reach_008_557_EU_20240103T041208_20240103T041210_PIC0_01.zip,river,2024-01-03 04:12:41+00:00,2024-01-03
21406100031,2024-01-03T04:12:32Z,Po,44.89965067,11.6362292,6.8868,378.716352,0.00061684633,,,SWOT_L2_HR_RiverSP_Reach_008_557_EU_20240103T041208_20240103T041210_PIC0_01.zip,river,2024-01-03 04:12:32+00:00,2024-01-03
21406100041,2024-01-03T04:12:32Z,Po,44.92732847,11.5407952,4.0806,428.221007,-0.000121558,,,SWOT_L2_HR_RiverSP_Reach_008_557_EU_20240103T041208_20240103T041210_PIC0_01.zip,river,2024-01-03 04:12:32+00:00,2024-01-03
21406100051,2024-01-03T04:12:32Z,Po,44.95362753,11.4200067,5.3532,422.004537,0.00013172487,,,SWOT_L2_HR_RiverSP_Reach_008_557_EU_20240103T041208_20240103T041210_PIC0_01.zip,river,2024-01-03 04:12:32+00:00,2024-01-03
21406100061,2024-01-03T04:12:41Z,Po,45.00951862,11.3007475,6.3306,346.2963,3.091763e-05,,,SWOT_L2_HR_RiverSP_Reach_008_557_EU_20240103T041208_20240103T041210_PIC0_01.zip,river,2024-01-03 04:12:41+00:00,2024-01-03
21406100071,2024-01-03T04:12:41Z,Po,45.05059331,11.2359852,7.6854,330.365859,9.967708e-05,,,SWOT_L2_HR_RiverSP_Reach_008_557_EU_20240103T041208_20240103T041210_PIC0_01.zip,river,2024-01-03 04:12:41+00:00,2024-01-03
21406100081,2024-01-03T04:12:41Z,Po,45.0526046,11.0864648,9.3973,280.55364,0.0001052239,,,SWOT_L2_HR_RiverSP_Reach_008_557_EU_20240103T041208_20240103T041210_PIC0_01.zip,river,2024-01-03 04:12:41+00:00,2024-01-03
21406100275,2024-01-03T04:12:41Z,Po di Venezia,44.95659643,12.3650664,0.2416,402.592406,1.50501e-06,,,SWOT_L2_HR_RiverSP_Reach_008_557_EU_20240103T041208_20240103T041210_PIC0_01.zip,river,2024-01-03 04:12:41+00:00,2024-01-03
21406100285,2024-01-03T04:12:41Z,Po di Venezia,44.97907136,12.2580871,0.3142,386.606943,9.63809e-06,,,SWOT_L2_HR_RiverSP_Reach_008_557_EU_20240103T041208_20240103T041210_PIC0_01.zip,river,2024-01-03 04:12:41+00:00,2024-01-03
21406100295,2024-01-03T04:12:42Z,Po di Venezia,45.02022837,12.1647155,0.4186,390.651868,1.275373e-05,,,SWOT_L2_HR_RiverSP_Reach_008_557_EU_20240103T041208_20240103T041210_PIC0_01.zip,river,2024-01-03 04:12:42+00:00,2024-01-03
21406100305,2024-01-03T04:12:41Z,Po di Venezia,44.99976903,12.0782068,0.605,427.042978,2.638528e-05,,,SWOT_L2_HR_RiverSP_Reach_008_557_EU_20240103T041208_20240103T041210_PIC0_01.zip,river,2024-01-03 04:12:41+00:00,2024-01-03
21406100315,2024-01-03T04:12:41Z,Po,44.97645748,12.0255272,0.8153,345.273729,1.995293e-05,,,SWOT_L2_HR_RiverSP_Reach_008_557_EU_20240103T041208_20240103T041210_PIC0_01.zip,river,2024-01-03 04:12:41+00:00,2024-01-03
21407000015,2024-01-03T04:12:41Z,Po di Gnocca,44.88633902,12.3402252,-0.1223,101.70423,5.15347e-06,,,SWOT_L2_HR_RiverSP_Reach_008_557_EU_20240103T041208_20240103T041210_PIC0_01.zip,river,2024-01-03 04:12:41+00:00,2024-01-03
21407000025,2024-01-03T04:12:41Z,no_data,44.82749551,12.3520721,0.0545,150.876793,3.865e-07,,,SWOT_L2_HR_RiverSP_Reach_008_557_EU_20240103T041208_20240103T041210_PIC0_01.zip,river,2024-01-03 04:12:41+00:00,2024-01-03
21407000035,2024-01-03T04:12:41Z,Po di Goro,44.88212683,12.2910628,0.0652,65.721619,2.879472e-05,,,SWOT_L2_HR_RiverSP_Reach_008_557_EU_20240103T041208_20240103T041210_PIC0_01.zip,river,2024-01-03 04:12:41+00:00,2024-01-03
21407000045,2024-01-03T04:12:41Z,Po di Goro,44.93225211,12.2569541,0.1722,53.76801,-1.18068e-05,,,SWOT_L2_HR_RiverSP_Reach_008_557_EU_20240103T041208_20240103T041210_PIC0_01.zip,river,2024-01-03 04:12:41+00:00,2024-01-03
21407000055,2024-01-03T04:12:41Z,Po di Goro,44.94808193,12.128055,0.4537,82.755368,2.291075e-05,,,SWOT_L2_HR_RiverSP_Reach_008_557_EU_20240103T041208_20240103T041210_PIC0_01.zip,river,2024-01-03 04:12:41+00:00,2024-01-03
21406300051,2024-01-04T04:13:13Z,Parma; Po,44.98238586,10.3257584,22.7241,208.63277,0.00017845229,,,SWOT_L2_HR_RiverSP_Reach_009_001_EU_20240104T041219_20240104T041222_PIC0_01.zip,river,2024-01-04 04:13:13+00:00,2024-01-04
21404000011,2024-01-11T13:16:12Z,Adige,45.13669319,11.9340853,2.7861,65.97713,0.00016869813,,,SWOT_L2_HR_RiverSP_Reach_009_208_EU_20240111T131348_20240111T131350_PIC0_01.zip,river,2024-01-11 13:16:12+00:00,2024-01-11
21404000021,2024-01-11T13:16:12Z,Adige,45.1152242,11.8085946,4.0865,77.282913,9.191646e-05,,,SWOT_L2_HR_RiverSP_Reach_009_208_EU_20240111T131348_20240111T131350_PIC0_01.zip,river,2024-01-11 13:16:12+00:00,2024-01-11
21404000031,2024-01-11T13:16:12Z,Adige,45.10291143,11.6839963,6.2891,79.309031,0.00025060126,,,SWOT_L2_HR_RiverSP_Reach_009_208_EU_20240111T131348_20240111T131350_PIC0_01.zip,river,2024-01-11 13:16:12+00:00,2024-01-11
21404000041,2024-01-11T13:16:12Z,Adige,45.11467588,11.5378009,8.9462,73.475236,0.00017624104,,,SWOT_L2_HR_RiverSP_Reach_009_208_EU_20240111T131348_20240111T131350_PIC0_01.zip,river,2024-01-11 13:16:12+00:00,2024-01-11
21404000435,2024-01-11T13:16:12Z,Adige,45.13738683,12.0558708,0.6412,44.356902,0.00030143758,,,SWOT_L2_HR_RiverSP_Reach_009_208_EU_20240111T131348_20240111T131350_PIC0_01.zip,river,2024-01-11 13:16:12+00:00,2024-01-11
21406100011,2024-01-11T13:16:21Z,no_data,44.97788826,11.9055543,1.7147,336.595275,4.09606e-05,,,SWOT_L2_HR_RiverSP_Reach_009_208_EU_20240111T131348_20240111T131350_PIC0_01.zip,river,2024-01-11 13:16:21+00:00,2024-01-11
21406100021,2024-01-11T13:16:21Z,Po,44.94767275,11.7511479,2.4508,326.331129,6.554791e-05,,,SWOT_L2_HR_RiverSP_Reach_009_208_EU_20240111T131348_20240111T131350_PIC0_01.zip,river,2024-01-11 13:16:21+00:00,2024-01-11
21406100031,2024-01-11T13:16:21Z,Po,44.89965067,11.6362292,3.3421,382.150164,8.708328e-05,,,SWOT_L2_HR_RiverSP_Reach_009_208_EU_20240111T131348_20240111T131350_PIC0_01.zip,river,2024-01-11 13:16:21+00:00,2024-01-11
21406100041,2024-01-11T13:16:21Z,Po,44.92732847,11.5407952,4.3747,482.04636,0.00010066526,,,SWOT_L2_HR_RiverSP_Reach_009_208_EU_20240111T131348_20240111T131350_PIC0_01.zip,river,2024-01-11 13:16:21+00:00,2024-01-11
21406100051,2024-01-11T13:16:12Z,Po,44.95362753,11.4200067,5.6553,512.95246,0.00010609464,,,SWOT_L2_HR_RiverSP_Reach_009_208_EU_20240111T131348_20240111T131350_PIC0_01.zip,river,2024-01-11 13:16:12+00:00,2024-01-11
21406100061,2024-01-11T13:16:12Z,Po,45.00951862,11.3007475,6.9042,239.812558,9.847203e-05,,,SWOT_L2_HR_RiverSP_Reach_009_208_EU_20240111T131348_20240111T131350_PIC0_01.zip,river,2024-01-11 13:16:12+00:00,2024-01-11
21406100071,2024-01-11T13:16:12Z,Po,45.05059331,11.2359852,7.9638,206.598982,9.900004e-05,,,SWOT_L2_HR_RiverSP_Reach_009_208_EU_20240111T131348_20240111T131350_PIC0_01.zip,river,2024-01-11 13:16:12+00:00,2024-01-11
21406100081,2024-01-11T13:16:12Z,Po,45.0526046,11.0864648,9.5746,364.023946,0.00010673846,,,SWOT_L2_HR_RiverSP_Reach_009_208_EU_20240111T131348_20240111T131350_PIC0_01.zip,river,2024-01-11 13:16:12+00:00,2024-01-11
21406100091,2024-01-11T13:16:12Z,Fiume Mincio; Po,45.10017596,10.9113497,12.9449,62.432517,0.00017191459,,,SWOT_L2_HR_RiverSP_Reach_009_208_EU_20240111T131348_20240111T131350_PIC0_01.zip,river,2024-01-11 13:16:12+00:00,2024-01-11
21406100101,2024-01-11T13:16:12Z,Po,45.06440534,10.9221059,11.3734,321.871294,0.00011190779,,,SWOT_L2_HR_RiverSP_Reach_009_208_EU_20240111T131348_20240111T131350_PIC0_01.zip,river,2024-01-11 13:16:12+00:00,2024-01-11
21406100111,2024-01-11T13:16:12Z,Po,45.04625504,10.768001,13.3532,299.855345,0.00013385935,,,SWOT_L2_HR_RiverSP_Reach_009_208_EU_20240111T131348_20240111T131350_PIC0_01.zip,river,2024-01-11 13:16:12+00:00,2024-01-11
21406100123,2024-01-11T13:16:11Z,Fiume Mincio,45.14246728,10.8162187,13.5449,,,,,SWOT_L2_HR_RiverSP_Reach_009_208_EU_20240111T131348_20240111T131350_PIC0_01.zip,river,2024-01-11 13:16:11+00:00,2024-01-11
21406100305,2024-01-11T13:16:21Z,Po di Venezia,44.99976903,12.0782068,1.0744,368.908507,4.63667e-05,,,SWOT_L2_HR_RiverSP_Reach_009_208_EU_20240111T131348_20240111T131350_PIC0_01.zip,river,2024-01-11 13:16:21+00:00,2024-01-11
21406100315,2024-01-11T13:16:21Z,Po,44.97645748,12.0255272,1.3347,379.728384,4.630112e-05,,,SWOT_L2_HR_RiverSP_Reach_009_208_EU_20240111T131348_20240111T131350_PIC0_01.zip,river,2024-01-11 13:16:21+00:00,2024-01-11
21406200011,2024-01-11T13:16:11Z,Po,45.06313602,10.6021879,17.1006,54.846531,0.00024109425,,,SWOT_L2_HR_RiverSP_Reach_009_208_EU_20240111T131348_20240111T131350_PIC0_01.zip,river,2024-01-11 13:16:11+00:00,2024-01-11
21406200021,2024-01-11T13:16:11Z,Fiume Oglio,45.12874321,10.5044278,20.2734,21.80711,0.00021592439,,,SWOT_L2_HR_RiverSP_Reach_009_208_EU_20240111T131348_20240111T131350_PIC0_01.zip,river,2024-01-11 13:16:11+00:00,2024-01-11
21406300011,2024-01-11T13:16:12Z,Po,45.00223735,10.6801087,15.47,292.051909,0.00013276465,,,SWOT_L2_HR_RiverSP_Reach_009_208_EU_20240111T131348_20240111T131350_PIC0_01.zip,river,2024-01-11 13:16:12+00:00,2024-01-11
21406300021,2024-01-11T13:16:12Z,Po,44.92496107,10.6126319,16.9362,214.623419,0.00013877655,,,SWOT_L2_HR_RiverSP_Reach_009_208_EU_20240111T131348_20240111T131350_PIC0_01.zip,river,2024-01-11 13:16:12+00:00,2024-01-11
21406300031,2024-01-11T13:16:12Z,Parma; Po,44.92391702,10.4975482,18.4372,207.204503,0.00012264356,,,SWOT_L2_HR_RiverSP_Reach_009_208_EU_20240111T131348_20240111T131350_PIC0_01.zip,river,2024-01-11 13:16:12+00:00,2024-01-11
21406300041,2024-01-11T13:16:12Z,Parma,44.96698609,10.4153531,19.8802,231.44579,0.00020203869,,,SWOT_L2_HR_RiverSP_Reach_009_208_EU_20240111T131348_20240111T131350_PIC0_01.zip,river,2024-01-11 13:16:12+00:00,2024-01-11
21406300051,2024-01-11T13:16:12Z,Parma; Po,44.98238586,10.3257584,22.98,154.261151,0.00166540299,,,SWOT_L2_HR_RiverSP_Reach_009_208_EU_20240111T131348_20240111T131350_PIC0_01.zip,river,2024-01-11 13:16:12+00:00,2024-01-11
21407000055,2024-01-11T13:16:21Z,Po di Goro,44.94808193,12.128055,0.6185,32.750233,8.014772e-05,,,SWOT_L2_HR_RiverSP_Reach_009_208_EU_20240111T131348_20240111T131350_PIC0_01.zip,river,2024-01-11 13:16:21+00:00,2024-01-11
21404000041,2024-01-14T02:35:29Z,Adige,45.11467588,11.5378009,6.5725,61.689661,9.109673e-05,,,SWOT_L2_HR_RiverSP_Reach_009_279_EU_20240114T023350_20240114T023358_PIC0_01.zip,river,2024-01-14 02:35:29+00:00,2024-01-14
21406100041,2024-01-14T02:35:29Z,Po,44.92732847,11.5407952,3.201,456.753445,0.00010450845,,,SWOT_L2_HR_RiverSP_Reach_009_279_EU_20240114T023350_20240114T023358_PIC0_01.zip,river,2024-01-14 02:35:29+00:00,2024-01-14
21406100051,2024-01-14T02:35:29Z,Po,44.95362753,11.4200067,4.7432,421.063394,0.00012180161,,,SWOT_L2_HR_RiverSP_Reach_009_279_EU_20240114T023350_20240114T023358_PIC0_01.zip,river,2024-01-14 02:35:29+00:00,2024-01-14
21406100061,2024-01-14T02:35:29Z,Po,45.00951862,11.3007475,6.0948,357.758915,6.28631e-05,,,SWOT_L2_HR_RiverSP_Reach_009_279_EU_20240114T023350_20240114T023358_PIC0_01.zip,river,2024-01-14 02:35:29+00:00,2024-01-14
21406100071,2024-01-14T02:35:29Z,Po,45.05059331,11.2359852,7.1066,340.712728,0.00015169192,,,SWOT_L2_HR_RiverSP_Reach_009_279_EU_20240114T023350_20240114T023358_PIC0_01.zip,river,2024-01-14 02:35:29+00:00,2024-01-14
21406100081,2024-01-14T02:35:29Z,Po,45.0526046,11.0864648,8.8238,346.58715,0.00011283206,,,SWOT_L2_HR_RiverSP_Reach_009_279_EU_20240114T023350_20240114T023358_PIC0_01.zip,river,2024-01-14 02:35:29+00:00,2024-01-14
21406100091,2024-01-14T02:35:29Z,Fiume Mincio; Po,45.10017596,10.9113497,12.1727,72.058637,0.00022012515,,,SWOT_L2_HR_RiverSP_Reach_009_279_EU_20240114T023350_20240114T023358_PIC0_01.zip,river,2024-01-14 02:35:29+00:00,2024-01-14
21406100101,2024-01-14T02:35:29Z,Po,45.06440534,10.9221059,10.9016,350.814962,0.00011464495,,,SWOT_L2_HR_RiverSP_Reach_009_279_EU_20240114T023350_20240114T023358_PIC0_01.zip,river,2024-01-14 02:35:29+00:00,2024-01-14
21406100111,2024-01-14T02:35:29Z,Po,45.04625504,10.768001,12.6251,304.113635,0.0001842003,,,SWOT_L2_HR_RiverSP_Reach_009_279_EU_20240114T023350_20240114T023358_PIC0_01.zip,river,2024-01-14 02:35:29+00:00,2024-01-14
21406100123,2024-01-14T02:35:29Z,Fiume Mincio,45.14246728,10.8162187,13.6258,,,,,SWOT_L2_HR_RiverSP_Reach_009_279_EU_20240114T023350_20240114T023358_PIC0_01.zip,river,2024-01-14 02:35:29+00:00,2024-01-14
21406200011,2024-01-14T02:35:29Z,Po,45.06313602,10.6021879,17.0632,95.413958,0.00026433984,,,SWOT_L2_HR_RiverSP_Reach_009_279_EU_20240114T023350_20240114T023358_PIC0_01.zip,river,2024-01-14 02:35:29+00:00,2024-01-14
21406200021,2024-01-14T02:35:29Z,Fiume Oglio,45.12874321,10.5044278,20.5663,71.881077,0.00023457351,,,SWOT_L2_HR_RiverSP_Reach_009_279_EU_20240114T023350_20240114T023358_PIC0_01.zip,river,2024-01-14 02:35:29+00:00,2024-01-14
21406300021,2024-01-14T02:35:28Z,Po,44.92496107,10.6126319,16.8316,24.855201,0.00016315656,,,SWOT_L2_HR_RiverSP_Reach_009_279_EU_20240114T023350_20240114T023358_PIC0_01.zip,river,2024-01-14 02:35:28+00:00,2024-01-14
21406300031,2024-01-14T02:35:28Z,Parma; Po,44.92391702,10.4975482,18.3411,214.97467,0.00013837289,,,SWOT_L2_HR_RiverSP_Reach_009_279_EU_20240114T023350_20240114T023358_PIC0_01.zip,river,2024-01-14 02:35:28+00:00,2024-01-14
21406300041,2024-01-14T02:35:29Z,Parma,44.96698609,10.4153531,19.8207,271.419947,0.00016868156,,,SWOT_L2_HR_RiverSP_Reach_009_279_EU_20240114T023350_20240114T023358_PIC0_01.zip,river,2024-01-14 02:35:29+00:00,2024-01-14
21406300051,2024-01-14T02:35:29Z,Parma; Po,44.98238586,10.3257584,22.4183,215.594976,0.00033072024,,,SWOT_L2_HR_RiverSP_Reach_009_279_EU_20240114T023350_20240114T023358_PIC0_01.zip,river,2024-01-14 02:35:29+00:00,2024-01-14
21500900041,2024-01-14T02:35:16Z,Serchio,43.8036516,10.4063306,2.9346,179.724969,0.00221508955,,,SWOT_L2_HR_RiverSP_Reach_009_279_EU_20240114T023350_20240114T023358_PIC0_01.zip,river,2024-01-14 02:35:16+00:00,2024-01-14
21500900184,2024-01-14T02:35:16Z,Serchio,43.8188553,10.4136918,,98.93532,,,,SWOT_L2_HR_RiverSP_Reach_009_279_EU_20240114T023350_20240114T023358_PIC0_01.zip,river,2024-01-14 02:35:16+00:00,2024-01-14
21500900191,2024-01-14T02:35:17Z,Serchio,43.84327707,10.4415553,8.1668,67.391839,0.00096324236,,,SWOT_L2_HR_RiverSP_Reach_009_279_EU_20240114T023350_20240114T023358_PIC0_01.zip,river,2024-01-14 02:35:17+00:00,2024-01-14
21500900204,2024-01-14T02:35:17Z,Serchio,43.8539327,10.476405,,60.665295,,,,SWOT_L2_HR_RiverSP_Reach_009_279_EU_20240114T023350_20240114T023358_PIC0_01.zip,river,2024-01-14 02:35:17+00:00,2024-01-14
21500900211,2024-01-14T02:35:17Z,Serchio,43.8532787,10.4915647,27.7207,99.611665,0.00283756744,,,SWOT_L2_HR_RiverSP_Reach_009_279_EU_20240114T023350_20240114T023358_PIC0_01.zip,river,2024-01-14 02:35:17+00:00,2024-01-14
21500900224,2024-01-14T02:35:17Z,Serchio,43.85677563,10.5059732,,21.607481,,,,SWOT_L2_HR_RiverSP_Reach_009_279_EU_20240114T023350_20240114T023358_PIC0_01.zip,river,2024-01-14 02:35:17+00:00,2024-01-14
21500900231,2024-01-14T02:35:17Z,Serchio,43.88606154,10.5259476,25.6342,71.278028,0.00291373593,,,SWOT_L2_HR_RiverSP_Reach_009_279_EU_20240114T023350_20240114T023358_PIC0_01.zip,river,2024-01-14 02:35:17+00:00,2024-01-14
21500900244,2024-01-14T02:35:17Z,Serchio,43.91649583,10.529312,,252.498307,,,,SWOT_L2_HR_RiverSP_Reach_009_279_EU_20240114T023350_20240114T023358_PIC0_01.zip,river,2024-01-14 02:35:17+00:00,2024-01-14
21500900261,2024-01-14T02:35:17Z,Serchio,43.92488448,10.5296092,40.8714,17.018659,0.00011497946,,,SWOT_L2_HR_RiverSP_Reach_009_279_EU_20240114T023350_20240114T023358_PIC0_01.zip,river,2024-01-14 02:35:17+00:00,2024-01-14
21500900274,2024-01-14T02:35:17Z,Serchio,43.92529227,10.5218935,,63.832028,,,,SWOT_L2_HR_RiverSP_Reach_009_279_EU_20240114T023350_20240114T023358_PIC0_01.zip,river,2024-01-14 02:35:17+00:00,2024-01-14
21500900281,2024-01-14T02:35:17Z,Serchio,43.93088015,10.5087897,46.6094,61.521736,0.00326677966,,,SWOT_L2_HR_RiverSP_Reach_009_279_EU_20240114T023350_20240114T023358_PIC0_01.zip,river,2024-01-14 02:35:17+00:00,2024-01-14
21500900294,2024-01-14T02:35:17Z,Serchio,43.93982305,10.5015469,,66.15023,,,,SWOT_L2_HR_RiverSP_Reach_009_279_EU_20240114T023350_20240114T023358_PIC0_01.zip,river,2024-01-14 02:35:17+00:00,2024-01-14
21500900301,2024-01-14T02:35:17Z,Serchio,43.96338733,10.5238839,66.3784,45.304549,0.00398256499,,,SWOT_L2_HR_RiverSP_Reach_009_279_EU_20240114T023350_20240114T023358_PIC0_01.zip,river,2024-01-14 02:35:17+00:00,2024-01-14
21500900314,2024-01-14T02:35:17Z,Serchio,43.98114573,10.5523043,,155.533567,,,,SWOT_L2_HR_RiverSP_Reach_009_279_EU_20240114T023350_20240114T023358_PIC0_01.zip,river,2024-01-14 02:35:17+00:00,2024-01-14
21500900321,2024-01-14T02:35:17Z,Serchio,43.99085556,10.5533227,90.3692,67.636634,0.00057320101,,,SWOT_L2_HR_RiverSP_Reach_009_279_EU_20240114T023350_20240114T023358_PIC0_01.zip,river,2024-01-14 02:35:17+00:00,2024-01-14
21404000011,2024-01-21T11:38:30Z,Adige,45.13669319,11.9340853,1.0434,65.452241,0.00018370332,,,SWOT_L2_HR_RiverSP_Reach_009_486_EU_20240121T113607_20240121T113608_PIC0_01.zip,river,2024-01-21 11:38:30+00:00,2024-01-21
21404000021,2024-01-21T11:38:30Z,Adige,45.1152242,11.8085946,1.7603,70.287536,0.00010865919,,,SWOT_L2_HR_RiverSP_Reach_009_486_EU_20240121T113607_20240121T113608_PIC0_01.zip,river,2024-01-21 11:38:30+00:00,2024-01-21
21404000031,2024-01-21T11:38:30Z,Adige,45.10291143,11.6839963,4.3717,53.5964,0.00035826665,,,SWOT_L2_HR_RiverSP_Reach_009_486_EU_20240121T113607_20240121T113608_PIC0_01.zip,river,2024-01-21 11:38:30+00:00,2024-01-21
21404000041,2024-01-21T11:38:29Z,Adige,45.11467588,11.5378009,11.3521,63.157839,0.00122150411,,,SWOT_L2_HR_RiverSP_Reach_009_486_EU_20240121T113607_20240121T113608_PIC0_01.zip,river,2024-01-21 11:38:29+00:00,2024-01-21
21404000415,2024-01-21T11:38:30Z,Fiume Adige,45.12610537,12.2744918,-0.3503,156.168956,5.916665e-05,,,SWOT_L2_HR_RiverSP_Reach_009_486_EU_20240121T113607_20240121T113608_PIC0_01.zip,river,2024-01-21 11:38:30+00:00,2024-01-21
21404000425,2024-01-21T11:38:30Z,Adige; Fiume Adige,45.11811217,12.169194,0.1453,70.147354,4.52598e-05,,,SWOT_L2_HR_RiverSP_Reach_009_486_EU_20240121T113607_20240121T113608_PIC0_01.zip,river,2024-01-21 11:38:30+00:00,2024-01-21
21404000435,2024-01-21T11:38:30Z,Adige,45.13738683,12.0558708,0.6496,45.846496,-6.97066e-05,,,SWOT_L2_HR_RiverSP_Reach_009_486_EU_20240121T113607_20240121T113608_PIC0_01.zip,river,2024-01-21 11:38:30+00:00,2024-01-21
21406100011,2024-01-21T11:38:30Z,no_data,44.97788826,11.9055543,1.9194,303.593662,2.451247e-05,,,SWOT_L2_HR_RiverSP_Reach_009_486_EU_20240121T113607_20240121T113608_PIC0_01.zip,river,2024-01-21 11:38:30+00:00,2024-01-21
21406100021,2024-01-21T11:38:30Z,Po,44.94767275,11.7511479,2.2287,302.042248,5.515807e-05,,,SWOT_L2_HR_RiverSP_Reach_009_486_EU_20240121T113607_20240121T113608_PIC0_01.zip,river,2024-01-21 11:38:30+00:00,2024-01-21
21406100031,2024-01-21T11:38:30Z,Po,44.89965067,11.6362292,3.1773,369.151428,9.299792e-05,,,SWOT_L2_HR_RiverSP_Reach_009_486_EU_20240121T113607_20240121T113608_PIC0_01.zip,river,2024-01-21 11:38:30+00:00,2024-01-21
21406100275,2024-01-21T11:38:30Z,Po di Venezia,44.95659643,12.3650664,,149.712588,,,,SWOT_L2_HR_RiverSP_Reach_009_486_EU_20240121T113607_20240121T113608_PIC0_01.zip,river,2024-01-21 11:38:30+00:00,2024-01-21
21406100285,2024-01-21T11:38:30Z,Po di Venezia,44.97907136,12.2580871,0.0404,468.682945,3.285765e-05,,,SWOT_L2_HR_RiverSP_Reach_009_486_EU_20240121T113607_20240121T113608_PIC0_01.zip,river,2024-01-21 11:38:30+00:00,2024-01-21
21406100295,2024-01-21T11:38:30Z,Po di Venezia,45.02022837,12.1647155,0.3519,372.545952,3.233904e-05,,,SWOT_L2_HR_RiverSP_Reach_009_486_EU_20240121T113607_20240121T113608_PIC0_01.zip,river,2024-01-21 11:38:30+00:00,2024-01-21
21406100305,2024-01-21T11:38:30Z,Po di Venezia,44.99976903,12.0782068,0.7559,406.190955,4.682705e-05,,,SWOT_L2_HR_RiverSP_Reach_009_486_EU_20240121T113607_20240121T113608_PIC0_01.zip,river,2024-01-21 11:38:30+00:00,2024-01-21
21406100315,2024-01-21T11:38:30Z,Po,44.97645748,12.0255272,1.2732,362.258208,0.00021869326,,,SWOT_L2_HR_RiverSP_Reach_009_486_EU_20240121T113607_20240121T113608_PIC0_01.zip,river,2024-01-21 11:38:30+00:00,2024-01-21
21407000015,2024-01-21T11:38:30Z,Po di Gnocca,44.88633902,12.3402252,-0.4053,171.758684,1.296144e-05,,,SWOT_L2_HR_RiverSP_Reach_009_486_EU_20240121T113607_20240121T113608_PIC0_01.zip,river,2024-01-21 11:38:30+00:00,2024-01-21
21407000025,2024-01-21T11:38:39Z,no_data,44.82749551,12.3520721,-0.5004,224.762741,-6.16199e-05,,,SWOT_L2_HR_RiverSP_Reach_009_486_EU_20240121T113607_20240121T113608_PIC0_01.zip,river,2024-01-21 11:38:39+00:00,2024-01-21
21407000035,2024-01-21T11:38:30Z,Po di Goro,44.88212683,12.2910628,-0.5313,159.765614,5.534824e-05,,,SWOT_L2_HR_RiverSP_Reach_009_486_EU_20240121T113607_20240121T113608_PIC0_01.zip,river,2024-01-21 11:38:30+00:00,2024-01-21
21407000045,2024-01-21T11:38:30Z,Po di Goro,44.93225211,12.2569541,0.181,149.746796,0.00010852138,,,SWOT_L2_HR_RiverSP_Reach_009_486_EU_20240121T113607_20240121T113608_PIC0_01.zip,river,2024-01-21 11:38:30+00:00,2024-01-21
21407000055,2024-01-21T11:38:30Z,Po di Goro,44.94808193,12.128055,0.3297,27.907926,-1.48707e-05,,,SWOT_L2_HR_RiverSP_Reach_009_486_EU_20240121T113607_20240121T113608_PIC0_01.zip,river,2024-01-21 11:38:30+00:00,2024-01-21
21406100111,2024-01-22T11:39:01Z,Po,45.04625504,10.768001,13.0888,249.223655,0.00012940416,,,SWOT_L2_HR_RiverSP_Reach_009_514_EU_20240122T113641_20240122T113650_PIC0_01.zip,river,2024-01-22 11:39:01+00:00,2024-01-22
21406100123,2024-01-22T11:39:01Z,Fiume Mincio,45.14246728,10.8162187,13.4099,,,,,SWOT_L2_HR_RiverSP_Reach_009_514_EU_20240122T113641_20240122T113650_PIC0_01.zip,river,2024-01-22 11:39:01+00:00,2024-01-22
21406200011,2024-01-22T11:39:01Z,Po,45.06313602,10.6021879,17.0156,43.225411,0.00025917465,,,SWOT_L2_HR_RiverSP_Reach_009_514_EU_20240122T113641_20240122T113650_PIC0_01.zip,river,2024-01-22 11:39:01+00:00,2024-01-22
21406200021,2024-01-22T11:39:01Z,Fiume Oglio,45.12874321,10.5044278,20.2866,31.124506,0.00025882654,,,SWOT_L2_HR_RiverSP_Reach_009_514_EU_20240122T113641_20240122T113650_PIC0_01.zip,river,2024-01-22 11:39:01+00:00,2024-01-22
21406300011,2024-01-22T11:39:10Z,Po,45.00223735,10.6801087,15.214,272.233098,0.0001476356,,,SWOT_L2_HR_RiverSP_Reach_009_514_EU_20240122T113641_20240122T113650_PIC0_01.zip,river,2024-01-22 11:39:10+00:00,2024-01-22
21406300021,2024-01-22T11:39:10Z,Po,44.92496107,10.6126319,16.9379,212.437272,0.00013222829,,,SWOT_L2_HR_RiverSP_Reach_009_514_EU_20240122T113641_20240122T113650_PIC0_01.zip,river,2024-01-22 11:39:10+00:00,2024-01-22
21406300031,2024-01-22T11:39:10Z,Parma; Po,44.92391702,10.4975482,18.0845,216.786922,7.026833e-05,,,SWOT_L2_HR_RiverSP_Reach_009_514_EU_20240122T113641_20240122T113650_PIC0_01.zip,river,2024-01-22 11:39:10+00:00,2024-01-22
21406300041,2024-01-22T11:39:02Z,Parma,44.96698609,10.4153531,19.3884,232.887653,0.00018855243,,,SWOT_L2_HR_RiverSP_Reach_009_514_EU_20240122T113641_20240122T113650_PIC0_01.zip,river,2024-01-22 11:39:02+00:00,2024-01-22
21406300051,2024-01-22T11:39:01Z,Parma; Po,44.98238586,10.3257584,21.3608,252.027272,0.00016582814,,,SWOT_L2_HR_RiverSP_Reach_009_514_EU_20240122T113641_20240122T113650_PIC0_01.zip,river,2024-01-22 11:39:01+00:00,2024-01-22
21500900041,2024-01-22T11:39:21Z,Serchio,43.8036516,10.4063306,,216.253063,,,,SWOT_L2_HR_RiverSP_Reach_009_514_EU_20240122T113641_20240122T113650_PIC0_01.zip,river,2024-01-22 11:39:21+00:00,2024-01-22
21500900191,2024-01-22T11:39:21Z,Serchio,43.84327707,10.4415553,7.4003,122.375078,0.00279088814,,,SWOT_L2_HR_RiverSP_Reach_009_514_EU_20240122T113641_20240122T113650_PIC0_01.zip,river,2024-01-22 11:39:21+00:00,2024-01-22
21500900231,2024-01-22T11:39:21Z,Serchio,43.88606154,10.5259476,29.0913,859.675651,0.00325620263,,,SWOT_L2_HR_RiverSP_Reach_009_514_EU_20240122T113641_20240122T113650_PIC0_01.zip,river,2024-01-22 11:39:21+00:00,2024-01-22
21500900244,2024-01-22T11:39:21Z,Serchio,43.91649583,10.529312,,238.314473,,,,SWOT_L2_HR_RiverSP_Reach_009_514_EU_20240122T113641_20240122T113650_PIC0_01.zip,river,2024-01-22 11:39:21+00:00,2024-01-22
21500900261,2024-01-22T11:39:21Z,Serchio,43.92488448,10.5296092,40.377,83.765172,0.000195954,,,SWOT_L2_HR_RiverSP_Reach_009_514_EU_20240122T113641_20240122T113650_PIC0_01.zip,river,2024-01-22 11:39:21+00:00,2024-01-22
21500900281,2024-01-22T11:39:21Z,Serchio,43.93088015,10.5087897,46.7777,39.776414,0.0030123517,,,SWOT_L2_HR_RiverSP_Reach_009_514_EU_20240122T113641_20240122T113650_PIC0_01.zip,river,2024-01-22 11:39:21+00:00,2024-01-22
21500900294,2024-01-22T11:39:21Z,Serchio,43.93982305,10.5015469,,59.19482,,,,SWOT_L2_HR_RiverSP_Reach_009_514_EU_20240122T113641_20240122T113650_PIC0_01.zip,river,2024-01-22 11:39:21+00:00,2024-01-22
21500900301,2024-01-22T11:39:21Z,Serchio,43.96338733,10.5238839,67.3813,273.454983,0.00381907795,,,SWOT_L2_HR_RiverSP_Reach_009_514_EU_20240122T113641_20240122T113650_PIC0_01.zip,river,2024-01-22 11:39:21+00:00,2024-01-22
21500900314,2024-01-22T11:39:21Z,Serchio,43.98114573,10.5523043,,433.887578,,,,SWOT_L2_HR_RiverSP_Reach_009_514_EU_20240122T113641_20240122T113650_PIC0_01.zip,river,2024-01-22 11:39:21+00:00,2024-01-22
21500900321,2024-01-22T11:39:21Z,Serchio,43.99085556,10.5533227,91.3133,55.905141,8.441871e-05,,,SWOT_L2_HR_RiverSP_Reach_009_514_EU_20240122T113641_20240122T113650_PIC0_01.zip,river,2024-01-22 11:39:21+00:00,2024-01-22
21404000011,2024-01-24T00:57:47Z,Adige,45.13669319,11.9340853,2.6207,168.001147,0.00013553502,,,SWOT_L2_HR_RiverSP_Reach_009_557_EU_20240124T005714_20240124T005716_PIC0_01.zip,river,2024-01-24 00:57:47+00:00,2024-01-24
21404000021,2024-01-24T00:57:47Z,Adige,45.1152242,11.8085946,4.4688,121.227769,0.00016451135,,,SWOT_L2_HR_RiverSP_Reach_009_557_EU_20240124T005714_20240124T005716_PIC0_01.zip,river,2024-01-24 00:57:47+00:00,2024-01-24
21404000031,2024-01-24T00:57:47Z,Adige,45.10291143,11.6839963,6.1979,87.756151,0.00010845047,,,SWOT_L2_HR_RiverSP_Reach_009_557_EU_20240124T005714_20240124T005716_PIC0_01.zip,river,2024-01-24 00:57:47+00:00,2024-01-24
21404000041,2024-01-24T00:57:47Z,Adige,45.11467588,11.5378009,7.4969,63.225071,0.00016742992,,,SWOT_L2_HR_RiverSP_Reach_009_557_EU_20240124T005714_20240124T005716_PIC0_01.zip,river,2024-01-24 00:57:47+00:00,2024-01-24
21404000415,2024-01-24T00:57:47Z,Fiume Adige,45.12610537,12.2744918,-0.0079,91.935016,-9.14907e-05,,,SWOT_L2_HR_RiverSP_Reach_009_557_EU_20240124T005714_20240124T005716_PIC0_01.zip,river,2024-01-24 00:57:47+00:00,2024-01-24
21404000425,2024-01-24T00:57:47Z,Adige; Fiume Adige,45.11811217,12.169194,-0.1632,57.514922,0.0003174993,,,SWOT_L2_HR_RiverSP_Reach_009_557_EU_20240124T005714_20240124T005716_PIC0_01.zip,river,2024-01-24 00:57:47+00:00,2024-01-24
21406100011,2024-01-24T00:57:47Z,no_data,44.97788826,11.9055543,1.3575,300.014216,3.521114e-05,,,SWOT_L2_HR_RiverSP_Reach_009_557_EU_20240124T005714_20240124T005716_PIC0_01.zip,river,2024-01-24 00:57:47+00:00,2024-01-24
21406100021,2024-01-24T00:57:47Z,Po,44.94767275,11.7511479,1.792,337.352635,6.817357e-05,,,SWOT_L2_HR_RiverSP_Reach_009_557_EU_20240124T005714_20240124T005716_PIC0_01.zip,river,2024-01-24 00:57:47+00:00,2024-01-24
21406100031,2024-01-24T00:57:38Z,Po,44.89965067,11.6362292,3.3274,374.804327,6.364618e-05,,,SWOT_L2_HR_RiverSP_Reach_009_557_EU_20240124T005714_20240124T005716_PIC0_01.zip,river,2024-01-24 00:57:38+00:00,2024-01-24
21406100041,2024-01-24T00:57:38Z,Po,44.92732847,11.5407952,4.0623,414.334463,0.00016461029,,,SWOT_L2_HR_RiverSP_Reach_009_557_EU_20240124T005714_20240124T005716_PIC0_01.zip,river,2024-01-24 00:57:38+00:00,2024-01-24
21406100051,2024-01-24T00:57:38Z,Po,44.95362753,11.4200067,5.4565,415.734694,8.581694e-05,,,SWOT_L2_HR_RiverSP_Reach_009_557_EU_20240124T005714_20240124T005716_PIC0_01.zip,river,2024-01-24 00:57:38+00:00,2024-01-24
21406100061,2024-01-24T00:57:47Z,Po,45.00951862,11.3007475,6.5634,345.296322,7.453915e-05,,,SWOT_L2_HR_RiverSP_Reach_009_557_EU_20240124T005714_20240124T005716_PIC0_01.zip,river,2024-01-24 00:57:47+00:00,2024-01-24
21406100071,2024-01-24T00:57:47Z,Po,45.05059331,11.2359852,7.4672,330.838186,0.00013102778,,,SWOT_L2_HR_RiverSP_Reach_009_557_EU_20240124T005714_20240124T005716_PIC0_01.zip,river,2024-01-24 00:57:47+00:00,2024-01-24
21406100081,2024-01-24T00:57:47Z,Po,45.0526046,11.0864648,9.3198,270.357145,8.280628e-05,,,SWOT_L2_HR_RiverSP_Reach_009_557_EU_20240124T005714_20240124T005716_PIC0_01.zip,river,2024-01-24 00:57:47+00:00,2024-01-24
21406100275,2024-01-24T00:57:47Z,Po di Venezia,44.95659643,12.3650664,-0.1196,359.792992,2.78717e-05,,,SWOT_L2_HR_RiverSP_Reach_009_557_EU_20240124T005714_20240124T005716_PIC0_01.zip,river,2024-01-24 00:57:47+00:00,2024-01-24
21406100285,2024-01-24T00:57:47Z,Po di Venezia,44.97907136,12.2580871,0.0295,357.880875,3.409874e-05,,,SWOT_L2_HR_RiverSP_Reach_009_557_EU_20240124T005714_20240124T005716_PIC0_01.zip,river,2024-01-24 00:57:47+00:00,2024-01-24
21406100295,2024-01-24T00:57:47Z,Po di Venezia,45.02022837,12.1647155,0.3515,356.753647,0.00021833194,,,SWOT_L2_HR_RiverSP_Reach_009_557_EU_20240124T005714_20240124T005716_PIC0_01.zip,river,2024-01-24 00:57:47+00:00,2024-01-24
21406100305,2024-01-24T00:57:47Z,Po di Venezia,44.99976903,12.0782068,2.1392,389.882401,-0.000207562,,,SWOT_L2_HR_RiverSP_Reach_009_557_EU_20240124T005714_20240124T005716_PIC0_01.zip,river,2024-01-24 00:57:47+00:00,2024-01-24
21406100315,2024-01-24T00:57:47Z,Po,44.97645748,12.0255272,0.7769,364.169131,-2.73047e-05,,,SWOT_L2_HR_RiverSP_Reach_009_557_EU_20240124T005714_20240124T005716_PIC0_01.zip,river,2024-01-24 00:57:47+00:00,2024-01-24
21407000015,2024-01-24T00:57:47Z,Po di Gnocca,44.88633902,12.3402252,-0.7517,80.972993,-9.1888e-06,,,SWOT_L2_HR_RiverSP_Reach_009_557_EU_20240124T005714_20240124T005716_PIC0_01.zip,river,2024-01-24 00:57:47+00:00,2024-01-24
21407000025,2024-01-24T00:57:47Z,no_data,44.82749551,12.3520721,-0.4898,95.044574,0.00022106599,,,SWOT_L2_HR_RiverSP_Reach_009_557_EU_20240124T005714_20240124T005716_PIC0_01.zip,river,2024-01-24 00:57:47+00:00,2024-01-24
21407000035,2024-01-24T00:57:47Z,Po di Goro,44.88212683,12.2910628,-0.2845,62.957144,-4.98616e-05,,,SWOT_L2_HR_RiverSP_Reach_009_557_EU_20240124T005714_20240124T005716_PIC0_01.zip,river,2024-01-24 00:57:47+00:00,2024-01-24
21407000045,2024-01-24T00:57:47Z,Po di Goro,44.93225211,12.2569541,-1.607,35.090472,-0.0002333151,,,SWOT_L2_HR_RiverSP_Reach_009_557_EU_20240124T005714_20240124T005716_PIC0_01.zip,river,2024-01-24 00:57:47+00:00,2024-01-24
21407000055,2024-01-24T00:57:47Z,Po di Goro,44.94808193,12.128055,-0.4563,44.798447,0.00016620615,,,SWOT_L2_HR_RiverSP_Reach_009_557_EU_20240124T005714_20240124T005716_PIC0_01.zip,river,2024-01-24 00:57:47+00:00,2024-01-24
21406300051,2024-01-25T00:58:18Z,Parma; Po,44.98238586,10.3257584,22.4713,199.116363,0.00029828706,,,SWOT_L2_HR_RiverSP_Reach_010_001_EU_20240125T005725_20240125T005727_PIC0_01.zip,river,2024-01-25 00:58:18+00:00,2024-01-25
21406300051,2024-01-25T00:58:18Z,Parma; Po,44.98238586,10.3257584,22.4713,199.116363,0.00029828706,,,SWOT_L2_HR_RiverSP_Reach_010_001_EU_20240125T005725_20240125T005727_PIC0_02.zip,river,2024-01-25 00:58:18+00:00,2024-01-25
21404000011,2024-02-01T10:01:18Z,Adige,45.13669319,11.9340853,0.6438,62.732684,0.00029559048,,,SWOT_L2_HR_RiverSP_Reach_010_208_EU_20240201T095854_20240201T095857_PIC0_01.zip,river,2024-02-01 10:01:18+00:00,2024-02-01
21404000021,2024-02-01T10:01:18Z,Adige,45.1152242,11.8085946,2.7776,71.049509,0.00032820934,,,SWOT_L2_HR_RiverSP_Reach_010_208_EU_20240201T095854_20240201T095857_PIC0_01.zip,river,2024-02-01 10:01:18+00:00,2024-02-01
21404000031,2024-02-01T10:01:18Z,Adige,45.10291143,11.6839963,5.2275,65.306082,4.909315e-05,,,SWOT_L2_HR_RiverSP_Reach_010_208_EU_20240201T095854_20240201T095857_PIC0_01.zip,river,2024-02-01 10:01:18+00:00,2024-02-01
21404000041,2024-02-01T10:01:18Z,Adige,45.11467588,11.5378009,7.9729,66.008674,0.00025368331,,,SWOT_L2_HR_RiverSP_Reach_010_208_EU_20240201T095854_20240201T095857_PIC0_01.zip,river,2024-02-01 10:01:18+00:00,2024-02-01
21404000435,2024-02-01T10:01:18Z,Adige,45.13738683,12.0558708,1.3656,44.405271,0.00088581533,,,SWOT_L2_HR_RiverSP_Reach_010_208_EU_20240201T095854_20240201T095857_PIC0_01.zip,river,2024-02-01 10:01:18+00:00,2024-02-01
21406100011,2024-02-01T10:01:27Z,no_data,44.97788826,11.9055543,0.6671,307.62371,4.049294e-05,,,SWOT_L2_HR_RiverSP_Reach_010_208_EU_20240201T095854_20240201T095857_PIC0_01.zip,river,2024-02-01 10:01:27+00:00,2024-02-01
21406100021,2024-02-01T10:01:27Z,Po,44.94767275,11.7511479,1.3491,322.928922,5.639001e-05,,,SWOT_L2_HR_RiverSP_Reach_010_208_EU_20240201T095854_20240201T095857_PIC0_01.zip,river,2024-02-01 10:01:27+00:00,2024-02-01
21406100031,2024-02-01T10:01:27Z,Po,44.89965067,11.6362292,2.2413,390.935588,8.890074e-05,,,SWOT_L2_HR_RiverSP_Reach_010_208_EU_20240201T095854_20240201T095857_PIC0_01.zip,river,2024-02-01 10:01:27+00:00,2024-02-01
21406100041,2024-02-01T10:01:27Z,Po,44.92732847,11.5407952,3.2343,466.536612,0.00010348772,,,SWOT_L2_HR_RiverSP_Reach_010_208_EU_20240201T095854_20240201T095857_PIC0_01.zip,river,2024-02-01 10:01:27+00:00,2024-02-01
21406100051,2024-02-01T10:01:19Z,Po,44.95362753,11.4200067,4.5663,529.25209,0.00010710019,,,SWOT_L2_HR_RiverSP_Reach_010_208_EU_20240201T095854_20240201T095857_PIC0_01.zip,river,2024-02-01 10:01:19+00:00,2024-02-01
21406100061,2024-02-01T10:01:18Z,Po,45.00951862,11.3007475,5.8106,432.172701,8.704054e-05,,,SWOT_L2_HR_RiverSP_Reach_010_208_EU_20240201T095854_20240201T095857_PIC0_01.zip,river,2024-02-01 10:01:18+00:00,2024-02-01
21406100071,2024-02-01T10:01:18Z,Po,45.05059331,11.2359852,6.7496,702.959763,0.00010502993,,,SWOT_L2_HR_RiverSP_Reach_010_208_EU_20240201T095854_20240201T095857_PIC0_01.zip,river,2024-02-01 10:01:18+00:00,2024-02-01
21406100081,2024-02-01T10:01:18Z,Po,45.0526046,11.0864648,8.6239,343.353529,0.00011600899,,,SWOT_L2_HR_RiverSP_Reach_010_208_EU_20240201T095854_20240201T095857_PIC0_01.zip,river,2024-02-01 10:01:18+00:00,2024-02-01
21406100091,2024-02-01T10:01:18Z,Fiume Mincio; Po,45.10017596,10.9113497,12.5761,52.832219,0.00020735997,,,SWOT_L2_HR_RiverSP_Reach_010_208_EU_20240201T095854_20240201T095857_PIC0_01.zip,river,2024-02-01 10:01:18+00:00,2024-02-01
21406100101,2024-02-01T10:01:18Z,Po,45.06440534,10.9221059,10.4749,257.552339,0.00010965809,,,SWOT_L2_HR_RiverSP_Reach_010_208_EU_20240201T095854_20240201T095857_PIC0_01.zip,river,2024-02-01 10:01:18+00:00,2024-02-01
21406100111,2024-02-01T10:01:18Z,Po,45.04625504,10.768001,12.4773,257.144958,0.00014390315,,,SWOT_L2_HR_RiverSP_Reach_010_208_EU_20240201T095854_20240201T095857_PIC0_01.zip,river,2024-02-01 10:01:18+00:00,2024-02-01
21406100123,2024-02-01T10:01:18Z,Fiume Mincio,45.14246728,10.8162187,13.2004,,,,,SWOT_L2_HR_RiverSP_Reach_010_208_EU_20240201T095854_20240201T095857_PIC0_01.zip,river,2024-02-01 10:01:18+00:00,2024-02-01
21406100305,2024-02-01T10:01:27Z,Po di Venezia,44.99976903,12.0782068,0.0841,357.321714,7.331331e-05,,,SWOT_L2_HR_RiverSP_Reach_010_208_EU_20240201T095854_20240201T095857_PIC0_01.zip,river,2024-02-01 10:01:27+00:00,2024-02-01
21406100315,2024-02-01T10:01:27Z,Po,44.97645748,12.0255272,0.3312,340.032652,1.737825e-05,,,SWOT_L2_HR_RiverSP_Reach_010_208_EU_20240201T095854_20240201T095857_PIC0_01.zip,river,2024-02-01 10:01:27+00:00,2024-02-01
21406200011,2024-02-01T10:01:18Z,Po,45.06313602,10.6021879,16.9526,45.5681,0.00027362515,,,SWOT_L2_HR_RiverSP_Reach_010_208_EU_20240201T095854_20240201T095857_PIC0_01.zip,river,2024-02-01 10:01:18+00:00,2024-02-01
21406200021,2024-02-01T10:01:18Z,Fiume Oglio,45.12874321,10.5044278,20.0455,21.643863,0.00021674113,,,SWOT_L2_HR_RiverSP_Reach_010_208_EU_20240201T095854_20240201T095857_PIC0_01.zip,river,2024-02-01 10:01:18+00:00,2024-02-01
21406300011,2024-02-01T10:01:18Z,Po,45.00223735,10.6801087,14.6969,273.019859,0.00012279095,,,SWOT_L2_HR_RiverSP_Reach_010_208_EU_20240201T095854_20240201T095857_PIC0_01.zip,river,2024-02-01 10:01:18+00:00,2024-02-01
21406300021,2024-02-01T10:01:18Z,Po,44.92496107,10.6126319,16.4818,209.093537,0.00019993416,,,SWOT_L2_HR_RiverSP_Reach_010_208_EU_20240201T095854_20240201T095857_PIC0_01.zip,river,2024-02-01 10:01:18+00:00,2024-02-01
21406300031,2024-02-01T10:01:18Z,Parma; Po,44.92391702,10.4975482,16.5543,201.455502,-3.66875e-05,,,SWOT_L2_HR_RiverSP_Reach_010_208_EU_20240201T095854_20240201T095857_PIC0_01.zip,river,2024-02-01 10:01:18+00:00,2024-02-01
21406300041,2024-02-01T10:01:18Z,Parma,44.96698609,10.4153531,19.4027,228.486238,0.00036704058,,,SWOT_L2_HR_RiverSP_Reach_010_208_EU_20240201T095854_20240201T095857_PIC0_01.zip,river,2024-02-01 10:01:18+00:00,2024-02-01
21406300051,2024-02-01T10:01:18Z,Parma; Po,44.98238586,10.3257584,22.5064,138.854501,0.00395600323,,,SWOT_L2_HR_RiverSP_Reach_010_208_EU_20240201T095854_20240201T095857_PIC0_01.zip,river,2024-02-01 10:01:18+00:00,2024-02-01
21407000055,2024-02-01T10:01:27Z,Po di Goro,44.94808193,12.128055,-0.3774,27.023674,1.610868e-05,,,SWOT_L2_HR_RiverSP_Reach_010_208_EU_20240201T095854_20240201T095857_PIC0_01.zip,river,2024-02-01 10:01:27+00:00,2024-02-01
21404000041,2024-02-03T23:20:35Z,Adige,45.11467588,11.5378009,7.1892,62.695897,0.00018603869,,,SWOT_L2_HR_RiverSP_Reach_010_279_EU_20240203T231856_20240203T231904_PIC0_01.zip,river,2024-02-03 23:20:35+00:00,2024-02-03
21406100041,2024-02-03T23:20:35Z,Po,44.92732847,11.5407952,3.727,434.887885,2.206274e-05,,,SWOT_L2_HR_RiverSP_Reach_010_279_EU_20240203T231856_20240203T231904_PIC0_01.zip,river,2024-02-03 23:20:35+00:00,2024-02-03
21406100051,2024-02-03T23:20:35Z,Po,44.95362753,11.4200067,5.0266,412.302408,0.00015479284,,,SWOT_L2_HR_RiverSP_Reach_010_279_EU_20240203T231856_20240203T231904_PIC0_01.zip,river,2024-02-03 23:20:35+00:00,2024-02-03
21406100061,2024-02-03T23:20:35Z,Po,45.00951862,11.3007475,6.5649,353.571663,0.00011448152,,,SWOT_L2_HR_RiverSP_Reach_010_279_EU_20240203T231856_20240203T231904_PIC0_01.zip,river,2024-02-03 23:20:35+00:00,2024-02-03
21406100071,2024-02-03T23:20:35Z,Po,45.05059331,11.2359852,7.1419,336.77782,1.336976e-05,,,SWOT_L2_HR_RiverSP_Reach_010_279_EU_20240203T231856_20240203T231904_PIC0_01.zip,river,2024-02-03 23:20:35+00:00,2024-02-03
21406100081,2024-02-03T23:20:35Z,Po,45.0526046,11.0864648,8.5667,337.399701,0.00011986005,,,SWOT_L2_HR_RiverSP_Reach_010_279_EU_20240203T231856_20240203T231904_PIC0_01.zip,river,2024-02-03 23:20:35+00:00,2024-02-03
21406100091,2024-02-03T23:20:35Z,Fiume Mincio; Po,45.10017596,10.9113497,14.3986,82.2322,0.0008889408,,,SWOT_L2_HR_RiverSP_Reach_010_279_EU_20240203T231856_20240203T231904_PIC0_01.zip,river,2024-02-03 23:20:35+00:00,2024-02-03
21406100101,2024-02-03T23:20:35Z,Po,45.06440534,10.9221059,10.4641,332.466739,9.785115e-05,,,SWOT_L2_HR_RiverSP_Reach_010_279_EU_20240203T231856_20240203T231904_PIC0_01.zip,river,2024-02-03 23:20:35+00:00,2024-02-03
21406100111,2024-02-03T23:20:35Z,Po,45.04625504,10.768001,12.0748,320.991611,0.00023653588,,,SWOT_L2_HR_RiverSP_Reach_010_279_EU_20240203T231856_20240203T231904_PIC0_01.zip,river,2024-02-03 23:20:35+00:00,2024-02-03
21406100123,2024-02-03T23:20:35Z,Fiume Mincio,45.14246728,10.8162187,24.0457,,,,,SWOT_L2_HR_RiverSP_Reach_010_279_EU_20240203T231856_20240203T231904_PIC0_01.zip,river,2024-02-03 23:20:35+00:00,2024-02-03
21406200011,2024-02-03T23:20:35Z,Po,45.06313602,10.6021879,17.0006,113.168639,0.00024664929,,,SWOT_L2_HR_RiverSP_Reach_010_279_EU_20240203T231856_20240203T231904_PIC0_01.zip,river,2024-02-03 23:20:35+00:00,2024-02-03
21406200021,2024-02-03T23:20:35Z,Fiume Oglio,45.12874321,10.5044278,20.319,70.236004,0.00022919808,,,SWOT_L2_HR_RiverSP_Reach_010_279_EU_20240203T231856_20240203T231904_PIC0_01.zip,river,2024-02-03 23:20:35+00:00,2024-02-03
21406300021,2024-02-03T23:20:35Z,Po,44.92496107,10.6126319,16.1502,197.65222,-2.17618e-05,,,SWOT_L2_HR_RiverSP_Reach_010_279_EU_20240203T231856_20240203T231904_PIC0_01.zip,river,2024-02-03 23:20:35+00:00,2024-02-03
21406300031,2024-02-03T23:20:34Z,Parma; Po,44.92391702,10.4975482,17.6348,234.896773,0.00013779439,,,SWOT_L2_HR_RiverSP_Reach_010_279_EU_20240203T231856_20240203T231904_PIC0_01.zip,river,2024-02-03 23:20:34+00:00,2024-02-03
21406300041,2024-02-03T23:20:35Z,Parma,44.96698609,10.4153531,19.1534,268.741624,0.00016736449,,,SWOT_L2_HR_RiverSP_Reach_010_279_EU_20240203T231856_20240203T231904_PIC0_01.zip,river,2024-02-03 23:20:35+00:00,2024-02-03
21406300051,2024-02-03T23:20:35Z,Parma; Po,44.98238586,10.3257584,21.2635,217.757487,0.00027200712,,,SWOT_L2_HR_RiverSP_Reach_010_279_EU_20240203T231856_20240203T231904_PIC0_01.zip,river,2024-02-03 23:20:35+00:00,2024-02-03
21500900041,2024-02-03T23:20:22Z,Serchio,43.8036516,10.4063306,7.8026,35.878462,-0.0018807734,,,SWOT_L2_HR_RiverSP_Reach_010_279_EU_20240203T231856_20240203T231904_PIC0_01.zip,river,2024-02-03 23:20:22+00:00,2024-02-03
21500900184,2024-02-03T23:20:22Z,Serchio,43.8188553,10.4136918,,164.680008,,,,SWOT_L2_HR_RiverSP_Reach_010_279_EU_20240203T231856_20240203T231904_PIC0_01.zip,river,2024-02-03 23:20:22+00:00,2024-02-03
21500900191,2024-02-03T23:20:23Z,Serchio,43.84327707,10.4415553,,10.384984,,,,SWOT_L2_HR_RiverSP_Reach_010_279_EU_20240203T231856_20240203T231904_PIC0_01.zip,river,2024-02-03 23:20:23+00:00,2024-02-03
21500900211,2024-02-03T23:20:23Z,Serchio,43.8532787,10.4915647,,8.902145,,,,SWOT_L2_HR_RiverSP_Reach_010_279_EU_20240203T231856_20240203T231904_PIC0_01.zip,river,2024-02-03 23:20:23+00:00,2024-02-03
21500900224,2024-02-03T23:20:23Z,Serchio,43.85677563,10.5059732,,26.865833,,,,SWOT_L2_HR_RiverSP_Reach_010_279_EU_20240203T231856_20240203T231904_PIC0_01.zip,river,2024-02-03 23:20:23+00:00,2024-02-03
21500900231,2024-02-03T23:20:23Z,Serchio,43.88606154,10.5259476,30.9742,54.182327,0.00725371739,,,SWOT_L2_HR_RiverSP_Reach_010_279_EU_20240203T231856_20240203T231904_PIC0_01.zip,river,2024-02-03 23:20:23+00:00,2024-02-03
21500900244,2024-02-03T23:20:23Z,Serchio,43.91649583,10.529312,,38.839744,,,,SWOT_L2_HR_RiverSP_Reach_010_279_EU_20240203T231856_20240203T231904_PIC0_01.zip,river,2024-02-03 23:20:23+00:00,2024-02-03
21500900261,2024-02-03T23:20:23Z,Serchio,43.92488448,10.5296092,,13.446224,,,,SWOT_L2_HR_RiverSP_Reach_010_279_EU_20240203T231856_20240203T231904_PIC0_01.zip,river,2024-02-03 23:20:23+00:00,2024-02-03
21500900274,2024-02-03T23:20:23Z,Serchio,43.92529227,10.5218935,,94.67297,,,,SWOT_L2_HR_RiverSP_Reach_010_279_EU_20240203T231856_20240203T231904_PIC0_01.zip,river,2024-02-03 23:20:23+00:00,2024-02-03
21500900281,2024-02-03T23:20:23Z,Serchio,43.93088015,10.5087897,46.178,32.752831,0.00289740371,,,SWOT_L2_HR_RiverSP_Reach_010_279_EU_20240203T231856_20240203T231904_PIC0_01.zip,river,2024-02-03 23:20:23+00:00,2024-02-03
21500900294,2024-02-03T23:20:23Z,Serchio,43.93982305,10.5015469,,108.242562,,,,SWOT_L2_HR_RiverSP_Reach_010_279_EU_20240203T231856_20240203T231904_PIC0_01.zip,river,2024-02-03 23:20:23+00:00,2024-02-03
21500900301,2024-02-03T23:20:23Z,Serchio,43.96338733,10.5238839,67.4551,62.535804,0.00497730999,,,SWOT_L2_HR_RiverSP_Reach_010_279_EU_20240203T231856_20240203T231904_PIC0_01.zip,river,2024-02-03 23:20:23+00:00,2024-02-03
21500900314,2024-02-03T23:20:23Z,Serchio,43.98114573,10.5523043,,169.82763,,,,SWOT_L2_HR_RiverSP_Reach_010_279_EU_20240203T231856_20240203T231904_PIC0_01.zip,river,2024-02-03 23:20:23+00:00,2024-02-03
21500900321,2024-02-03T23:20:23Z,Serchio,43.99085556,10.5533227,90.1001,85.23006,0.00164089073,,,SWOT_L2_HR_RiverSP_Reach_010_279_EU_20240203T231856_20240203T231904_PIC0_01.zip,river,2024-02-03 23:20:23+00:00,2024-02-03
21404000011,2024-02-11T08:23:34Z,Adige,45.13669319,11.9340853,1.6694,67.225713,0.00014065144,,,SWOT_L2_HR_RiverSP_Reach_010_486_EU_20240211T082112_20240211T082123_PIC0_01.zip,river,2024-02-11 08:23:34+00:00,2024-02-11
21404000021,2024-02-11T08:23:34Z,Adige,45.1152242,11.8085946,2.5413,70.736354,0.00026910002,,,SWOT_L2_HR_RiverSP_Reach_010_486_EU_20240211T082112_20240211T082123_PIC0_01.zip,river,2024-02-11 08:23:34+00:00,2024-02-11
21404000031,2024-02-11T08:23:34Z,Adige,45.10291143,11.6839963,5.8557,59.485628,0.00031373184,,,SWOT_L2_HR_RiverSP_Reach_010_486_EU_20240211T082112_20240211T082123_PIC0_01.zip,river,2024-02-11 08:23:34+00:00,2024-02-11
21404000041,2024-02-11T08:23:34Z,Adige,45.11467588,11.5378009,10.9003,64.16521,0.00076381495,,,SWOT_L2_HR_RiverSP_Reach_010_486_EU_20240211T082112_20240211T082123_PIC0_01.zip,river,2024-02-11 08:23:34+00:00,2024-02-11
21404000415,2024-02-11T08:23:34Z,Fiume Adige,45.12610537,12.2744918,0.0163,132.215315,-4.12202e-05,,,SWOT_L2_HR_RiverSP_Reach_010_486_EU_20240211T082112_20240211T082123_PIC0_01.zip,river,2024-02-11 08:23:34+00:00,2024-02-11
21404000425,2024-02-11T08:23:34Z,Adige; Fiume Adige,45.11811217,12.169194,-0.2387,59.422421,4.144319e-05,,,SWOT_L2_HR_RiverSP_Reach_010_486_EU_20240211T082112_20240211T082123_PIC0_01.zip,river,2024-02-11 08:23:34+00:00,2024-02-11
21404000435,2024-02-11T08:23:34Z,Adige,45.13738683,12.0558708,0.4117,35.917444,-4.02056e-05,,,SWOT_L2_HR_RiverSP_Reach_010_486_EU_20240211T082112_20240211T082123_PIC0_01.zip,river,2024-02-11 08:23:34+00:00,2024-02-11
21406100011,2024-02-11T08:23:34Z,no_data,44.97788826,11.9055543,1.1188,292.100283,-3.22026e-05,,,SWOT_L2_HR_RiverSP_Reach_010_486_EU_20240211T082112_20240211T082123_PIC0_01.zip,river,2024-02-11 08:23:34+00:00,2024-02-11
21406100021,2024-02-11T08:23:34Z,Po,44.94767275,11.7511479,1.5541,299.490099,5.164342e-05,,,SWOT_L2_HR_RiverSP_Reach_010_486_EU_20240211T082112_20240211T082123_PIC0_01.zip,river,2024-02-11 08:23:34+00:00,2024-02-11
21406100031,2024-02-11T08:23:35Z,Po,44.89965067,11.6362292,2.3628,348.942128,8.372246e-05,,,SWOT_L2_HR_RiverSP_Reach_010_486_EU_20240211T082112_20240211T082123_PIC0_01.zip,river,2024-02-11 08:23:35+00:00,2024-02-11
21406100275,2024-02-11T08:23:35Z,Po di Venezia,44.95659643,12.3650664,0.2121,87.641426,-4.54693e-05,,,SWOT_L2_HR_RiverSP_Reach_010_486_EU_20240211T082112_20240211T082123_PIC0_01.zip,river,2024-02-11 08:23:35+00:00,2024-02-11
21406100285,2024-02-11T08:23:35Z,Po di Venezia,44.97907136,12.2580871,0.3039,462.049888,4.76502e-06,,,SWOT_L2_HR_RiverSP_Reach_010_486_EU_20240211T082112_20240211T082123_PIC0_01.zip,river,2024-02-11 08:23:35+00:00,2024-02-11
21406100295,2024-02-11T08:23:34Z,Po di Venezia,45.02022837,12.1647155,0.6702,342.24581,4.561561e-05,,,SWOT_L2_HR_RiverSP_Reach_010_486_EU_20240211T082112_20240211T082123_PIC0_01.zip,river,2024-02-11 08:23:34+00:00,2024-02-11
21406100305,2024-02-11T08:23:34Z,Po di Venezia,44.99976903,12.0782068,0.8148,389.28018,-1.48001e-05,,,SWOT_L2_HR_RiverSP_Reach_010_486_EU_20240211T082112_20240211T082123_PIC0_01.zip,river,2024-02-11 08:23:34+00:00,2024-02-11
21406100315,2024-02-11T08:23:35Z,Po,44.97645748,12.0255272,1.6933,342.740582,0.00038159981,,,SWOT_L2_HR_RiverSP_Reach_010_486_EU_20240211T082112_20240211T082123_PIC0_01.zip,river,2024-02-11 08:23:35+00:00,2024-02-11
21407000015,2024-02-11T08:23:35Z,Po di Gnocca,44.88633902,12.3402252,0.2221,149.508938,-1.03861e-05,,,SWOT_L2_HR_RiverSP_Reach_010_486_EU_20240211T082112_20240211T082123_PIC0_01.zip,river,2024-02-11 08:23:35+00:00,2024-02-11
21407000025,2024-02-11T08:23:44Z,no_data,44.82749551,12.3520721,0.0999,236.859232,2.107826e-05,,,SWOT_L2_HR_RiverSP_Reach_010_486_EU_20240211T082112_20240211T082123_PIC0_01.zip,river,2024-02-11 08:23:44+00:00,2024-02-11
21407000035,2024-02-11T08:23:35Z,Po di Goro,44.88212683,12.2910628,0.6435,149.83451,-6.53218e-05,,,SWOT_L2_HR_RiverSP_Reach_010_486_EU_20240211T082112_20240211T082123_PIC0_01.zip,river,2024-02-11 08:23:35+00:00,2024-02-11
21407000045,2024-02-11T08:23:35Z,Po di Goro,44.93225211,12.2569541,-1.2374,54.619002,-0.0001191134,,,SWOT_L2_HR_RiverSP_Reach_010_486_EU_20240211T082112_20240211T082123_PIC0_01.zip,river,2024-02-11 08:23:35+00:00,2024-02-11
21407000055,2024-02-11T08:23:35Z,Po di Goro,44.94808193,12.128055,-1.2503,24.05942,1.680755e-05,,,SWOT_L2_HR_RiverSP_Reach_010_486_EU_20240211T082112_20240211T082123_PIC0_01.zip,river,2024-02-11 08:23:35+00:00,2024-02-11
21406100111,2024-02-12T08:24:06Z,Po,45.04625504,10.768001,16.5869,235.495473,0.00012195073,,,SWOT_L2_HR_RiverSP_Reach_010_514_EU_20240212T082146_20240212T082154_PIC0_01.zip,river,2024-02-12 08:24:06+00:00,2024-02-12
21406100123,2024-02-12T08:24:06Z,Fiume Mincio,45.14246728,10.8162187,17.4548,,,,,SWOT_L2_HR_RiverSP_Reach_010_514_EU_20240212T082146_20240212T082154_PIC0_01.zip,river,2024-02-12 08:24:06+00:00,2024-02-12
21406200011,2024-02-12T08:24:06Z,Po,45.06313602,10.6021879,17.7927,35.820003,0.00019609389,,,SWOT_L2_HR_RiverSP_Reach_010_514_EU_20240212T082146_20240212T082154_PIC0_01.zip,river,2024-02-12 08:24:06+00:00,2024-02-12
21406200021,2024-02-12T08:24:06Z,Fiume Oglio,45.12874321,10.5044278,21.5042,34.983862,0.00025219067,,,SWOT_L2_HR_RiverSP_Reach_010_514_EU_20240212T082146_20240212T082154_PIC0_01.zip,river,2024-02-12 08:24:06+00:00,2024-02-12
21406300011,2024-02-12T08:24:15Z,Po,45.00223735,10.6801087,18.4937,246.661583,0.00021398675,,,SWOT_L2_HR_RiverSP_Reach_010_514_EU_20240212T082146_20240212T082154_PIC0_01.zip,river,2024-02-12 08:24:15+00:00,2024-02-12
21406300021,2024-02-12T08:24:15Z,Po,44.92496107,10.6126319,19.8013,219.985267,5.820329e-05,,,SWOT_L2_HR_RiverSP_Reach_010_514_EU_20240212T082146_20240212T082154_PIC0_01.zip,river,2024-02-12 08:24:15+00:00,2024-02-12
21406300031,2024-02-12T08:24:15Z,Parma; Po,44.92391702,10.4975482,21.0798,249.680827,0.00015214002,,,SWOT_L2_HR_RiverSP_Reach_010_514_EU_20240212T082146_20240212T082154_PIC0_01.zip,river,2024-02-12 08:24:15+00:00,2024-02-12
21406300041,2024-02-12T08:24:06Z,Parma,44.96698609,10.4153531,22.6967,286.798619,0.00016196309,,,SWOT_L2_HR_RiverSP_Reach_010_514_EU_20240212T082146_20240212T082154_PIC0_01.zip,river,2024-02-12 08:24:06+00:00,2024-02-12
21406300051,2024-02-12T08:24:06Z,Parma; Po,44.98238586,10.3257584,24.3758,255.094261,0.00015608669,,,SWOT_L2_HR_RiverSP_Reach_010_514_EU_20240212T082146_20240212T082154_PIC0_01.zip,river,2024-02-12 08:24:06+00:00,2024-02-12
21500900041,2024-02-12T08:24:26Z,Serchio,43.8036516,10.4063306,140.9669,279.835499,-0.044819791,,,SWOT_L2_HR_RiverSP_Reach_010_514_EU_20240212T082146_20240212T082154_PIC0_01.zip,river,2024-02-12 08:24:26+00:00,2024-02-12
21500900191,2024-02-12T08:24:26Z,Serchio,43.84327707,10.4415553,37.512,643.607768,-0.0104740928,,,SWOT_L2_HR_RiverSP_Reach_010_514_EU_20240212T082146_20240212T082154_PIC0_01.zip,river,2024-02-12 08:24:26+00:00,2024-02-12
21500900231,2024-02-12T08:24:26Z,Serchio,43.88606154,10.5259476,29.687,391.10516,0.00423584184,,,SWOT_L2_HR_RiverSP_Reach_010_514_EU_20240212T082146_20240212T082154_PIC0_01.zip,river,2024-02-12 08:24:26+00:00,2024-02-12
21500900244,2024-02-12T08:24:26Z,Serchio,43.91649583,10.529312,,224.796827,,,,SWOT_L2_HR_RiverSP_Reach_010_514_EU_20240212T082146_20240212T082154_PIC0_01.zip,river,2024-02-12 08:24:26+00:00,2024-02-12
21500900261,2024-02-12T08:24:26Z,Serchio,43.92488448,10.5296092,40.332,99.405004,0.00015359025,,,SWOT_L2_HR_RiverSP_Reach_010_514_EU_20240212T082146_20240212T082154_PIC0_01.zip,river,2024-02-12 08:24:26+00:00,2024-02-12
21500900281,2024-02-12T08:24:26Z,Serchio,43.93088015,10.5087897,44.9674,27.07215,0.09466225435,,,SWOT_L2_HR_RiverSP_Reach_010_514_EU_20240212T082146_20240212T082154_PIC0_01.zip,river,2024-02-12 08:24:26+00:00,2024-02-12
21500900294,2024-02-12T08:24:26Z,Serchio,43.93982305,10.5015469,,820.811744,,,,SWOT_L2_HR_RiverSP_Reach_010_514_EU_20240212T082146_20240212T082154_PIC0_01.zip,river,2024-02-12 08:24:26+00:00,2024-02-12
21500900301,2024-02-12T08:24:26Z,Serchio,43.96338733,10.5238839,66.7831,129.582706,0.0036686362,,,SWOT_L2_HR_RiverSP_Reach_010_514_EU_20240212T082146_20240212T082154_PIC0_01.zip,river,2024-02-12 08:24:26+00:00,2024-02-12
21500900314,2024-02-12T08:24:26Z,Serchio,43.98114573,10.5523043,,1107.356657,,,,SWOT_L2_HR_RiverSP_Reach_010_514_EU_20240212T082146_20240212T082154_PIC0_01.zip,river,2024-02-12 08:24:26+00:00,2024-02-12
21500900321,2024-02-12T08:24:26Z,Serchio,43.99085556,10.5533227,90.7198,87.571191,0.00103884485,,,SWOT_L2_HR_RiverSP_Reach_010_514_EU_20240212T082146_20240212T082154_PIC0_01.zip,river,2024-02-12 08:24:26+00:00,2024-02-12
21404000011,2024-02-13T21:42:52Z,Adige,45.13669319,11.9340853,3.4064,129.060401,6.030343e-05,,,SWOT_L2_HR_RiverSP_Reach_010_557_EU_20240213T214219_20240213T214221_PIC0_01.zip,river,2024-02-13 21:42:52+00:00,2024-02-13
21404000021,2024-02-13T21:42:52Z,Adige,45.1152242,11.8085946,4.5763,138.129809,0.00016804466,,,SWOT_L2_HR_RiverSP_Reach_010_557_EU_20240213T214219_20240213T214221_PIC0_01.zip,river,2024-02-13 21:42:52+00:00,2024-02-13
21404000031,2024-02-13T21:42:52Z,Adige,45.10291143,11.6839963,6.5999,79.089594,0.00011831313,,,SWOT_L2_HR_RiverSP_Reach_010_557_EU_20240213T214219_20240213T214221_PIC0_01.zip,river,2024-02-13 21:42:52+00:00,2024-02-13
21404000041,2024-02-13T21:42:52Z,Adige,45.11467588,11.5378009,7.6965,66.445564,0.00020958297,,,SWOT_L2_HR_RiverSP_Reach_010_557_EU_20240213T214219_20240213T214221_PIC0_01.zip,river,2024-02-13 21:42:52+00:00,2024-02-13
21404000415,2024-02-13T21:42:52Z,Fiume Adige,45.12610537,12.2744918,1.5989,106.907158,-2.99041e-05,,,SWOT_L2_HR_RiverSP_Reach_010_557_EU_20240213T214219_20240213T214221_PIC0_01.zip,river,2024-02-13 21:42:52+00:00,2024-02-13
21404000425,2024-02-13T21:42:52Z,Adige; Fiume Adige,45.11811217,12.169194,-0.0341,73.331225,1.414831e-05,,,SWOT_L2_HR_RiverSP_Reach_010_557_EU_20240213T214219_20240213T214221_PIC0_01.zip,river,2024-02-13 21:42:52+00:00,2024-02-13
21404000435,2024-02-13T21:42:52Z,Adige,45.13738683,12.0558708,1.0589,88.542698,-6.12014e-05,,,SWOT_L2_HR_RiverSP_Reach_010_557_EU_20240213T214219_20240213T214221_PIC0_01.zip,river,2024-02-13 21:42:52+00:00,2024-02-13
21406100011,2024-02-13T21:42:52Z,no_data,44.97788826,11.9055543,2.7484,370.704632,6.921606e-05,,,SWOT_L2_HR_RiverSP_Reach_010_557_EU_20240213T214219_20240213T214221_PIC0_01.zip,river,2024-02-13 21:42:52+00:00,2024-02-13
21406100021,2024-02-13T21:42:51Z,Po,44.94767275,11.7511479,3.9781,347.888926,9.489334e-05,,,SWOT_L2_HR_RiverSP_Reach_010_557_EU_20240213T214219_20240213T214221_PIC0_01.zip,river,2024-02-13 21:42:51+00:00,2024-02-13
21406100031,2024-02-13T21:42:43Z,Po,44.89965067,11.6362292,5.1073,459.750835,9.546228e-05,,,SWOT_L2_HR_RiverSP_Reach_010_557_EU_20240213T214219_20240213T214221_PIC0_01.zip,river,2024-02-13 21:42:43+00:00,2024-02-13
21406100041,2024-02-13T21:42:43Z,Po,44.92732847,11.5407952,6.2243,432.915515,9.985709e-05,,,SWOT_L2_HR_RiverSP_Reach_010_557_EU_20240213T214219_20240213T214221_PIC0_01.zip,river,2024-02-13 21:42:43+00:00,2024-02-13
21406100051,2024-02-13T21:42:43Z,Po,44.95362753,11.4200067,7.8141,433.993213,0.00016197574,,,SWOT_L2_HR_RiverSP_Reach_010_557_EU_20240213T214219_20240213T214221_PIC0_01.zip,river,2024-02-13 21:42:43+00:00,2024-02-13
21406100061,2024-02-13T21:42:51Z,Po,45.00951862,11.3007475,10.1679,347.544088,0.00013689192,,,SWOT_L2_HR_RiverSP_Reach_010_557_EU_20240213T214219_20240213T214221_PIC0_01.zip,river,2024-02-13 21:42:51+00:00,2024-02-13
21406100071,2024-02-13T21:42:51Z,Po,45.05059331,11.2359852,10.661,330.755252,0.00011580582,,,SWOT_L2_HR_RiverSP_Reach_010_557_EU_20240213T214219_20240213T214221_PIC0_01.zip,river,2024-02-13 21:42:51+00:00,2024-02-13
21406100081,2024-02-13T21:42:51Z,Po,45.0526046,11.0864648,11.8093,277.960714,-5.23816e-05,,,SWOT_L2_HR_RiverSP_Reach_010_557_EU_20240213T214219_20240213T214221_PIC0_01.zip,river,2024-02-13 21:42:51+00:00,2024-02-13
21406100275,2024-02-13T21:42:52Z,Po di Venezia,44.95659643,12.3650664,0.196,297.306842,6.28068e-06,,,SWOT_L2_HR_RiverSP_Reach_010_557_EU_20240213T214219_20240213T214221_PIC0_01.zip,river,2024-02-13 21:42:52+00:00,2024-02-13
21406100285,2024-02-13T21:42:52Z,Po di Venezia,44.97907136,12.2580871,0.5334,334.87194,5.244936e-05,,,SWOT_L2_HR_RiverSP_Reach_010_557_EU_20240213T214219_20240213T214221_PIC0_01.zip,river,2024-02-13 21:42:52+00:00,2024-02-13
21406100295,2024-02-13T21:42:52Z,Po di Venezia,45.02022837,12.1647155,0.969,321.64402,4.927756e-05,,,SWOT_L2_HR_RiverSP_Reach_010_557_EU_20240213T214219_20240213T214221_PIC0_01.zip,river,2024-02-13 21:42:52+00:00,2024-02-13
21406100305,2024-02-13T21:42:52Z,Po di Venezia,44.99976903,12.0782068,1.64,338.013044,7.812084e-05,,,SWOT_L2_HR_RiverSP_Reach_010_557_EU_20240213T214219_20240213T214221_PIC0_01.zip,river,2024-02-13 21:42:52+00:00,2024-02-13
21406100315,2024-02-13T21:42:52Z,Po,44.97645748,12.0255272,2.1415,43.128579,2.465477e-05,,,SWOT_L2_HR_RiverSP_Reach_010_557_EU_20240213T214219_20240213T214221_PIC0_01.zip,river,2024-02-13 21:42:52+00:00,2024-02-13
21407000015,2024-02-13T21:42:52Z,Po di Gnocca,44.88633902,12.3402252,-0.2444,97.526313,5.208509e-05,,,SWOT_L2_HR_RiverSP_Reach_010_557_EU_20240213T214219_20240213T214221_PIC0_01.zip,river,2024-02-13 21:42:52+00:00,2024-02-13
21407000025,2024-02-13T21:42:51Z,no_data,44.82749551,12.3520721,0.0277,134.028512,-1.0444e-05,,,SWOT_L2_HR_RiverSP_Reach_010_557_EU_20240213T214219_20240213T214221_PIC0_01.zip,river,2024-02-13 21:42:51+00:00,2024-02-13
21407000035,2024-02-13T21:42:52Z,Po di Goro,44.88212683,12.2910628,0.0226,77.537402,3.778471e-05,,,SWOT_L2_HR_RiverSP_Reach_010_557_EU_20240213T214219_20240213T214221_PIC0_01.zip,river,2024-02-13 21:42:52+00:00,2024-02-13
21407000045,2024-02-13T21:42:52Z,Po di Goro,44.93225211,12.2569541,0.1428,51.833008,4.92847e-06,,,SWOT_L2_HR_RiverSP_Reach_010_557_EU_20240213T214219_20240213T214221_PIC0_01.zip,river,2024-02-13 21:42:52+00:00,2024-02-13
21407000055,2024-02-13T21:42:52Z,Po di Goro,44.94808193,12.128055,1.0575,82.462467,7.946428e-05,,,SWOT_L2_HR_RiverSP_Reach_010_557_EU_20240213T214219_20240213T214221_PIC0_01.zip,river,2024-02-13 21:42:52+00:00,2024-02-13
21406300051,2024-02-14T21:43:23Z,Parma; Po,44.98238586,10.3257584,23.7193,204.755899,0.00020120257,,,SWOT_L2_HR_RiverSP_Reach_011_001_EU_20240214T214230_20240214T214232_PIC0_01.zip,river,2024-02-14 21:43:23+00:00,2024-02-14
21404000011,2024-02-22T06:46:23Z,Adige,45.13669319,11.9340853,0.9909,62.397684,-0.0001032015,,,SWOT_L2_HR_RiverSP_Reach_011_208_EU_20240222T064400_20240222T064402_PIC0_01.zip,river,2024-02-22 06:46:23+00:00,2024-02-22
21404000021,2024-02-22T06:46:23Z,Adige,45.1152242,11.8085946,1.9017,69.729522,0.00022989695,,,SWOT_L2_HR_RiverSP_Reach_011_208_EU_20240222T064400_20240222T064402_PIC0_01.zip,river,2024-02-22 06:46:23+00:00,2024-02-22
21404000031,2024-02-22T06:46:23Z,Adige,45.10291143,11.6839963,4.0357,61.76333,0.00030361292,,,SWOT_L2_HR_RiverSP_Reach_011_208_EU_20240222T064400_20240222T064402_PIC0_01.zip,river,2024-02-22 06:46:23+00:00,2024-02-22
21404000041,2024-02-22T06:46:23Z,Adige,45.11467588,11.5378009,7.5026,58.617201,0.00023903467,,,SWOT_L2_HR_RiverSP_Reach_011_208_EU_20240222T064400_20240222T064402_PIC0_01.zip,river,2024-02-22 06:46:23+00:00,2024-02-22
21404000435,2024-02-22T06:46:23Z,Adige,45.13738683,12.0558708,6.3564,56.482052,-0.0043017759,,,SWOT_L2_HR_RiverSP_Reach_011_208_EU_20240222T064400_20240222T064402_PIC0_01.zip,river,2024-02-22 06:46:23+00:00,2024-02-22
21406100011,2024-02-22T06:46:32Z,no_data,44.97788826,11.9055543,1.4033,304.161987,0.00016179986,,,SWOT_L2_HR_RiverSP_Reach_011_208_EU_20240222T064400_20240222T064402_PIC0_01.zip,river,2024-02-22 06:46:32+00:00,2024-02-22
21406100021,2024-02-22T06:46:32Z,Po,44.94767275,11.7511479,2.2417,287.270593,9.002876e-05,,,SWOT_L2_HR_RiverSP_Reach_011_208_EU_20240222T064400_20240222T064402_PIC0_01.zip,river,2024-02-22 06:46:32+00:00,2024-02-22
21406100031,2024-02-22T06:46:32Z,Po,44.89965067,11.6362292,3.4159,358.992384,4.132178e-05,,,SWOT_L2_HR_RiverSP_Reach_011_208_EU_20240222T064400_20240222T064402_PIC0_01.zip,river,2024-02-22 06:46:32+00:00,2024-02-22
21406100041,2024-02-22T06:46:32Z,Po,44.92732847,11.5407952,3.8752,424.156245,5.871578e-05,,,SWOT_L2_HR_RiverSP_Reach_011_208_EU_20240222T064400_20240222T064402_PIC0_01.zip,river,2024-02-22 06:46:32+00:00,2024-02-22
21406100051,2024-02-22T06:46:24Z,Po,44.95362753,11.4200067,4.9806,453.802436,0.00010747408,,,SWOT_L2_HR_RiverSP_Reach_011_208_EU_20240222T064400_20240222T064402_PIC0_01.zip,river,2024-02-22 06:46:24+00:00,2024-02-22
21406100061,2024-02-22T06:46:23Z,Po,45.00951862,11.3007475,6.2554,393.762867,9.010061e-05,,,SWOT_L2_HR_RiverSP_Reach_011_208_EU_20240222T064400_20240222T064402_PIC0_01.zip,river,2024-02-22 06:46:23+00:00,2024-02-22
21406100071,2024-02-22T06:46:23Z,Po,45.05059331,11.2359852,7.2449,614.830794,0.00010578339,,,SWOT_L2_HR_RiverSP_Reach_011_208_EU_20240222T064400_20240222T064402_PIC0_01.zip,river,2024-02-22 06:46:23+00:00,2024-02-22
21406100081,2024-02-22T06:46:23Z,Po,45.0526046,11.0864648,9.0023,312.7656,0.00010787197,,,SWOT_L2_HR_RiverSP_Reach_011_208_EU_20240222T064400_20240222T064402_PIC0_01.zip,river,2024-02-22 06:46:23+00:00,2024-02-22
21406100091,2024-02-22T06:46:23Z,Fiume Mincio; Po,45.10017596,10.9113497,11.6409,14.004306,0.00022766016,,,SWOT_L2_HR_RiverSP_Reach_011_208_EU_20240222T064400_20240222T064402_PIC0_01.zip,river,2024-02-22 06:46:23+00:00,2024-02-22
21406100101,2024-02-22T06:46:23Z,Po,45.06440534,10.9221059,10.7931,238.804293,0.00011137547,,,SWOT_L2_HR_RiverSP_Reach_011_208_EU_20240222T064400_20240222T064402_PIC0_01.zip,river,2024-02-22 06:46:23+00:00,2024-02-22
21406100111,2024-02-22T06:46:23Z,Po,45.04625504,10.768001,12.9209,256.4464,0.0001523287,,,SWOT_L2_HR_RiverSP_Reach_011_208_EU_20240222T064400_20240222T064402_PIC0_01.zip,river,2024-02-22 06:46:23+00:00,2024-02-22
21406100123,2024-02-22T06:46:23Z,Fiume Mincio,45.14246728,10.8162187,13.6241,,,,,SWOT_L2_HR_RiverSP_Reach_011_208_EU_20240222T064400_20240222T064402_PIC0_01.zip,river,2024-02-22 06:46:23+00:00,2024-02-22
21406100305,2024-02-22T06:46:32Z,Po di Venezia,44.99976903,12.0782068,1.2437,349.513389,0.00049800927,,,SWOT_L2_HR_RiverSP_Reach_011_208_EU_20240222T064400_20240222T064402_PIC0_01.zip,river,2024-02-22 06:46:32+00:00,2024-02-22
21406100315,2024-02-22T06:46:32Z,Po,44.97645748,12.0255272,-1.9759,316.678213,-0.002802471,,,SWOT_L2_HR_RiverSP_Reach_011_208_EU_20240222T064400_20240222T064402_PIC0_01.zip,river,2024-02-22 06:46:32+00:00,2024-02-22
21406200011,2024-02-22T06:46:23Z,Po,45.06313602,10.6021879,16.9183,43.111476,0.00027342025,,,SWOT_L2_HR_RiverSP_Reach_011_208_EU_20240222T064400_20240222T064402_PIC0_01.zip,river,2024-02-22 06:46:23+00:00,2024-02-22
21406200021,2024-02-22T06:46:23Z,Fiume Oglio,45.12874321,10.5044278,19.9664,21.074085,0.00015969454,,,SWOT_L2_HR_RiverSP_Reach_011_208_EU_20240222T064400_20240222T064402_PIC0_01.zip,river,2024-02-22 06:46:23+00:00,2024-02-22
21406300011,2024-02-22T06:46:23Z,Po,45.00223735,10.6801087,15.3404,258.560993,0.00012404738,,,SWOT_L2_HR_RiverSP_Reach_011_208_EU_20240222T064400_20240222T064402_PIC0_01.zip,river,2024-02-22 06:46:23+00:00,2024-02-22
21406300021,2024-02-22T06:46:23Z,Po,44.92496107,10.6126319,16.486,203.398465,0.00011278768,,,SWOT_L2_HR_RiverSP_Reach_011_208_EU_20240222T064400_20240222T064402_PIC0_01.zip,river,2024-02-22 06:46:23+00:00,2024-02-22
21406300031,2024-02-22T06:46:23Z,Parma; Po,44.92391702,10.4975482,17.8414,200.818018,4.08199e-05,,,SWOT_L2_HR_RiverSP_Reach_011_208_EU_20240222T064400_20240222T064402_PIC0_01.zip,river,2024-02-22 06:46:23+00:00,2024-02-22
21406300041,2024-02-22T06:46:23Z,Parma,44.96698609,10.4153531,19.2639,218.136745,0.00031203218,,,SWOT_L2_HR_RiverSP_Reach_011_208_EU_20240222T064400_20240222T064402_PIC0_01.zip,river,2024-02-22 06:46:23+00:00,2024-02-22
21406300051,2024-02-22T06:46:23Z,Parma; Po,44.98238586,10.3257584,21.5023,157.241526,-0.0015797911,,,SWOT_L2_HR_RiverSP_Reach_011_208_EU_20240222T064400_20240222T064402_PIC0_01.zip,river,2024-02-22 06:46:23+00:00,2024-02-22
21407000055,2024-02-22T06:46:32Z,Po di Goro,44.94808193,12.128055,0.0213,22.758651,0.00017923489,,,SWOT_L2_HR_RiverSP_Reach_011_208_EU_20240222T064400_20240222T064402_PIC0_01.zip,river,2024-02-22 06:46:32+00:00,2024-02-22
21404000041,2024-02-24T20:05:41Z,Adige,45.11467588,11.5378009,8.0932,63.820849,0.00023400893,,,SWOT_L2_HR_RiverSP_Reach_011_279_EU_20240224T200402_20240224T200409_PIC0_01.zip,river,2024-02-24 20:05:41+00:00,2024-02-24
21406100041,2024-02-24T20:05:40Z,Po,44.92732847,11.5407952,4.9869,434.821822,0.00033571421,,,SWOT_L2_HR_RiverSP_Reach_011_279_EU_20240224T200402_20240224T200409_PIC0_01.zip,river,2024-02-24 20:05:40+00:00,2024-02-24
21406100051,2024-02-24T20:05:40Z,Po,44.95362753,11.4200067,6.1892,429.042678,7.141758e-05,,,SWOT_L2_HR_RiverSP_Reach_011_279_EU_20240224T200402_20240224T200409_PIC0_01.zip,river,2024-02-24 20:05:40+00:00,2024-02-24
21406100061,2024-02-24T20:05:40Z,Po,45.00951862,11.3007475,7.4731,344.567321,6.564015e-05,,,SWOT_L2_HR_RiverSP_Reach_011_279_EU_20240224T200402_20240224T200409_PIC0_01.zip,river,2024-02-24 20:05:40+00:00,2024-02-24
21406100071,2024-02-24T20:05:40Z,Po,45.05059331,11.2359852,8.5663,342.748171,0.00011709504,,,SWOT_L2_HR_RiverSP_Reach_011_279_EU_20240224T200402_20240224T200409_PIC0_01.zip,river,2024-02-24 20:05:40+00:00,2024-02-24
21406100081,2024-02-24T20:05:40Z,Po,45.0526046,11.0864648,10.4328,371.214477,0.00012434133,,,SWOT_L2_HR_RiverSP_Reach_011_279_EU_20240224T200402_20240224T200409_PIC0_01.zip,river,2024-02-24 20:05:40+00:00,2024-02-24
21406100091,2024-02-24T20:05:40Z,Fiume Mincio; Po,45.10017596,10.9113497,13.0088,55.46716,0.00014898615,,,SWOT_L2_HR_RiverSP_Reach_011_279_EU_20240224T200402_20240224T200409_PIC0_01.zip,river,2024-02-24 20:05:40+00:00,2024-02-24
21406100101,2024-02-24T20:05:40Z,Po,45.06440534,10.9221059,12.48,350.344924,0.00013221709,,,SWOT_L2_HR_RiverSP_Reach_011_279_EU_20240224T200402_20240224T200409_PIC0_01.zip,river,2024-02-24 20:05:40+00:00,2024-02-24
21406100111,2024-02-24T20:05:40Z,Po,45.04625504,10.768001,14.6084,181.463249,0.0002054579,,,SWOT_L2_HR_RiverSP_Reach_011_279_EU_20240224T200402_20240224T200409_PIC0_01.zip,river,2024-02-24 20:05:40+00:00,2024-02-24
21406100123,2024-02-24T20:05:40Z,Fiume Mincio,45.14246728,10.8162187,13.9803,,,,,SWOT_L2_HR_RiverSP_Reach_011_279_EU_20240224T200402_20240224T200409_PIC0_01.zip,river,2024-02-24 20:05:40+00:00,2024-02-24
21406200011,2024-02-24T20:05:40Z,Po,45.06313602,10.6021879,18.1851,137.845833,0.00024645327,,,SWOT_L2_HR_RiverSP_Reach_011_279_EU_20240224T200402_20240224T200409_PIC0_01.zip,river,2024-02-24 20:05:40+00:00,2024-02-24
21406200021,2024-02-24T20:05:40Z,Fiume Oglio,45.12874321,10.5044278,21.5128,111.667694,0.00022005528,,,SWOT_L2_HR_RiverSP_Reach_011_279_EU_20240224T200402_20240224T200409_PIC0_01.zip,river,2024-02-24 20:05:40+00:00,2024-02-24
21406300021,2024-02-24T20:05:40Z,Po,44.92496107,10.6126319,18.4398,147.279408,5.80137e-06,,,SWOT_L2_HR_RiverSP_Reach_011_279_EU_20240224T200402_20240224T200409_PIC0_01.zip,river,2024-02-24 20:05:40+00:00,2024-02-24
21406300031,2024-02-24T20:05:40Z,Parma; Po,44.92391702,10.4975482,20.0228,252.19295,0.00015443302,,,SWOT_L2_HR_RiverSP_Reach_011_279_EU_20240224T200402_20240224T200409_PIC0_01.zip,river,2024-02-24 20:05:40+00:00,2024-02-24
21406300041,2024-02-24T20:05:40Z,Parma,44.96698609,10.4153531,21.5431,284.175305,0.00014831622,,,SWOT_L2_HR_RiverSP_Reach_011_279_EU_20240224T200402_20240224T200409_PIC0_01.zip,river,2024-02-24 20:05:40+00:00,2024-02-24
21406300051,2024-02-24T20:05:40Z,Parma; Po,44.98238586,10.3257584,23.3911,220.50025,0.00028388597,,,SWOT_L2_HR_RiverSP_Reach_011_279_EU_20240224T200402_20240224T200409_PIC0_01.zip,river,2024-02-24 20:05:40+00:00,2024-02-24
21500900041,2024-02-24T20:05:28Z,Serchio,43.8036516,10.4063306,2.526,74.256838,0.00093250704,,,SWOT_L2_HR_RiverSP_Reach_011_279_EU_20240224T200402_20240224T200409_PIC0_01.zip,river,2024-02-24 20:05:28+00:00,2024-02-24
21500900211,2024-02-24T20:05:28Z,Serchio,43.8532787,10.4915647,,94.635652,,,,SWOT_L2_HR_RiverSP_Reach_011_279_EU_20240224T200402_20240224T200409_PIC0_01.zip,river,2024-02-24 20:05:28+00:00,2024-02-24
21500900224,2024-02-24T20:05:28Z,Serchio,43.85677563,10.5059732,,182.916408,,,,SWOT_L2_HR_RiverSP_Reach_011_279_EU_20240224T200402_20240224T200409_PIC0_01.zip,river,2024-02-24 20:05:28+00:00,2024-02-24
21500900231,2024-02-24T20:05:28Z,Serchio,43.88606154,10.5259476,20.706,35.930714,0.00047056624,,,SWOT_L2_HR_RiverSP_Reach_011_279_EU_20240224T200402_20240224T200409_PIC0_01.zip,river,2024-02-24 20:05:28+00:00,2024-02-24
21500900244,2024-02-24T20:05:28Z,Serchio,43.91649583,10.529312,,362.783922,,,,SWOT_L2_HR_RiverSP_Reach_011_279_EU_20240224T200402_20240224T200409_PIC0_01.zip,river,2024-02-24 20:05:28+00:00,2024-02-24
21500900261,2024-02-24T20:05:28Z,Serchio,43.92488448,10.5296092,40.9705,91.152198,0.00018784762,,,SWOT_L2_HR_RiverSP_Reach_011_279_EU_20240224T200402_20240224T200409_PIC0_01.zip,river,2024-02-24 20:05:28+00:00,2024-02-24
21500900274,2024-02-24T20:05:28Z,Serchio,43.92529227,10.5218935,,101.753405,,,,SWOT_L2_HR_RiverSP_Reach_011_279_EU_20240224T200402_20240224T200409_PIC0_01.zip,river,2024-02-24 20:05:28+00:00,2024-02-24
21500900281,2024-02-24T20:05:28Z,Serchio,43.93088015,10.5087897,47.0108,61.409949,0.00343091747,,,SWOT_L2_HR_RiverSP_Reach_011_279_EU_20240224T200402_20240224T200409_PIC0_01.zip,river,2024-02-24 20:05:28+00:00,2024-02-24
21500900294,2024-02-24T20:05:28Z,Serchio,43.93982305,10.5015469,,63.056194,,,,SWOT_L2_HR_RiverSP_Reach_011_279_EU_20240224T200402_20240224T200409_PIC0_01.zip,river,2024-02-24 20:05:28+00:00,2024-02-24
21500900301,2024-02-24T20:05:28Z,Serchio,43.96338733,10.5238839,68.6703,83.827507,0.00410816559,,,SWOT_L2_HR_RiverSP_Reach_011_279_EU_20240224T200402_20240224T200409_PIC0_01.zip,river,2024-02-24 20:05:28+00:00,2024-02-24
21500900314,2024-02-24T20:05:28Z,Serchio,43.98114573,10.5523043,,278.398755,,,,SWOT_L2_HR_RiverSP_Reach_011_279_EU_20240224T200402_20240224T200409_PIC0_01.zip,river,2024-02-24 20:05:28+00:00,2024-02-24
21500900321,2024-02-24T20:05:28Z,Serchio,43.99085556,10.5533227,91.1787,89.197721,0.00095662386,,,SWOT_L2_HR_RiverSP_Reach_011_279_EU_20240224T200402_20240224T200409_PIC0_01.zip,river,2024-02-24 20:05:28+00:00,2024-02-24
21404000011,2024-03-03T05:08:39Z,Adige,45.13669319,11.9340853,3.9464,82.401736,0.00014405991,,,SWOT_L2_HR_RiverSP_Reach_011_486_EU_20240303T050617_20240303T050618_PIC0_01.zip,river,2024-03-03 05:08:39+00:00,2024-03-03
21404000021,2024-03-03T05:08:39Z,Adige,45.1152242,11.8085946,5.7628,100.071466,0.00017847701,,,SWOT_L2_HR_RiverSP_Reach_011_486_EU_20240303T050617_20240303T050618_PIC0_01.zip,river,2024-03-03 05:08:39+00:00,2024-03-03
21404000031,2024-03-03T05:08:39Z,Adige,45.10291143,11.6839963,7.7323,84.922473,0.00017419128,,,SWOT_L2_HR_RiverSP_Reach_011_486_EU_20240303T050617_20240303T050618_PIC0_01.zip,river,2024-03-03 05:08:39+00:00,2024-03-03
21404000041,2024-03-03T05:08:39Z,Adige,45.11467588,11.5378009,9.9767,84.154548,0.00016268278,,,SWOT_L2_HR_RiverSP_Reach_011_486_EU_20240303T050617_20240303T050618_PIC0_01.zip,river,2024-03-03 05:08:39+00:00,2024-03-03
21404000415,2024-03-03T05:08:39Z,Fiume Adige,45.12610537,12.2744918,-0.2669,526.668274,8.795856e-05,,,SWOT_L2_HR_RiverSP_Reach_011_486_EU_20240303T050617_20240303T050618_PIC0_01.zip,river,2024-03-03 05:08:39+00:00,2024-03-03
21404000425,2024-03-03T05:08:39Z,Adige; Fiume Adige,45.11811217,12.169194,0.8967,119.703354,0.00011334676,,,SWOT_L2_HR_RiverSP_Reach_011_486_EU_20240303T050617_20240303T050618_PIC0_01.zip,river,2024-03-03 05:08:39+00:00,2024-03-03
21404000435,2024-03-03T05:08:39Z,Adige,45.13738683,12.0558708,2.322,92.544761,0.00015050734,,,SWOT_L2_HR_RiverSP_Reach_011_486_EU_20240303T050617_20240303T050618_PIC0_01.zip,river,2024-03-03 05:08:39+00:00,2024-03-03
21406100011,2024-03-03T05:08:40Z,no_data,44.97788826,11.9055543,5.3944,349.55389,9.274102e-05,,,SWOT_L2_HR_RiverSP_Reach_011_486_EU_20240303T050617_20240303T050618_PIC0_01.zip,river,2024-03-03 05:08:40+00:00,2024-03-03
21406100021,2024-03-03T05:08:40Z,Po,44.94767275,11.7511479,6.8025,355.583107,0.00010297076,,,SWOT_L2_HR_RiverSP_Reach_011_486_EU_20240303T050617_20240303T050618_PIC0_01.zip,river,2024-03-03 05:08:40+00:00,2024-03-03
21406100031,2024-03-03T05:08:40Z,Po,44.89965067,11.6362292,8.0133,402.220969,8.941281e-05,,,SWOT_L2_HR_RiverSP_Reach_011_486_EU_20240303T050617_20240303T050618_PIC0_01.zip,river,2024-03-03 05:08:40+00:00,2024-03-03
21406100285,2024-03-03T05:08:40Z,Po di Venezia,44.97907136,12.2580871,1.992,521.936376,9.055285e-05,,,SWOT_L2_HR_RiverSP_Reach_011_486_EU_20240303T050617_20240303T050618_PIC0_01.zip,river,2024-03-03 05:08:40+00:00,2024-03-03
21406100295,2024-03-03T05:08:40Z,Po di Venezia,45.02022837,12.1647155,2.9034,462.0514,0.00010234376,,,SWOT_L2_HR_RiverSP_Reach_011_486_EU_20240303T050617_20240303T050618_PIC0_01.zip,river,2024-03-03 05:08:40+00:00,2024-03-03
21406100305,2024-03-03T05:08:40Z,Po di Venezia,44.99976903,12.0782068,3.8461,505.551346,8.507062e-05,,,SWOT_L2_HR_RiverSP_Reach_011_486_EU_20240303T050617_20240303T050618_PIC0_01.zip,river,2024-03-03 05:08:40+00:00,2024-03-03
21406100315,2024-03-03T05:08:40Z,Po,44.97645748,12.0255272,4.4944,377.945857,8.549257e-05,,,SWOT_L2_HR_RiverSP_Reach_011_486_EU_20240303T050617_20240303T050618_PIC0_01.zip,river,2024-03-03 05:08:40+00:00,2024-03-03
21407000015,2024-03-03T05:08:40Z,Po di Gnocca,44.88633902,12.3402252,0.6343,200.404355,7.526806e-05,,,SWOT_L2_HR_RiverSP_Reach_011_486_EU_20240303T050617_20240303T050618_PIC0_01.zip,river,2024-03-03 05:08:40+00:00,2024-03-03
21407000025,2024-03-03T05:08:49Z,no_data,44.82749551,12.3520721,0.0657,248.461182,6.940181e-05,,,SWOT_L2_HR_RiverSP_Reach_011_486_EU_20240303T050617_20240303T050618_PIC0_01.zip,river,2024-03-03 05:08:49+00:00,2024-03-03
21407000035,2024-03-03T05:08:40Z,Po di Goro,44.88212683,12.2910628,0.8242,224.96808,7.777057e-05,,,SWOT_L2_HR_RiverSP_Reach_011_486_EU_20240303T050617_20240303T050618_PIC0_01.zip,river,2024-03-03 05:08:40+00:00,2024-03-03
21407000045,2024-03-03T05:08:40Z,Po di Goro,44.93225211,12.2569541,,183.227877,,,,SWOT_L2_HR_RiverSP_Reach_011_486_EU_20240303T050617_20240303T050618_PIC0_01.zip,river,2024-03-03 05:08:40+00:00,2024-03-03
21407000055,2024-03-03T05:08:40Z,Po di Goro,44.94808193,12.128055,3.1932,163.253607,0.00013051853,,,SWOT_L2_HR_RiverSP_Reach_011_486_EU_20240303T050617_20240303T050618_PIC0_01.zip,river,2024-03-03 05:08:40+00:00,2024-03-03
21406100111,2024-03-04T05:09:11Z,Po,45.04625504,10.768001,18.2719,401.240866,0.00012835049,,,SWOT_L2_HR_RiverSP_Reach_011_514_EU_20240304T050651_20240304T050659_PIC0_01.zip,river,2024-03-04 05:09:11+00:00,2024-03-04
21406100123,2024-03-04T05:09:11Z,Fiume Mincio,45.14246728,10.8162187,12.7294,,,,,SWOT_L2_HR_RiverSP_Reach_011_514_EU_20240304T050651_20240304T050659_PIC0_01.zip,river,2024-03-04 05:09:11+00:00,2024-03-04
21406200011,2024-03-04T05:09:11Z,Po,45.06313602,10.6021879,19.9161,182.066501,7.635466e-05,,,SWOT_L2_HR_RiverSP_Reach_011_514_EU_20240304T050651_20240304T050659_PIC0_01.zip,river,2024-03-04 05:09:11+00:00,2024-03-04
21406200021,2024-03-04T05:09:11Z,Fiume Oglio,45.12874321,10.5044278,21.8572,92.5453,0.00020319682,,,SWOT_L2_HR_RiverSP_Reach_011_514_EU_20240304T050651_20240304T050659_PIC0_01.zip,river,2024-03-04 05:09:11+00:00,2024-03-04
21406300011,2024-03-04T05:09:19Z,Po,45.00223735,10.6801087,20.3009,382.406551,0.00017942083,,,SWOT_L2_HR_RiverSP_Reach_011_514_EU_20240304T050651_20240304T050659_PIC0_01.zip,river,2024-03-04 05:09:19+00:00,2024-03-04
21406300021,2024-03-04T05:09:20Z,Po,44.92496107,10.6126319,22.287,244.199495,0.00012196464,,,SWOT_L2_HR_RiverSP_Reach_011_514_EU_20240304T050651_20240304T050659_PIC0_01.zip,river,2024-03-04 05:09:20+00:00,2024-03-04
21406300031,2024-03-04T05:09:20Z,Parma; Po,44.92391702,10.4975482,23.8867,344.867407,0.00016410183,,,SWOT_L2_HR_RiverSP_Reach_011_514_EU_20240304T050651_20240304T050659_PIC0_01.zip,river,2024-03-04 05:09:20+00:00,2024-03-04
21406300041,2024-03-04T05:09:11Z,Parma,44.96698609,10.4153531,34.9667,352.577595,0.00326408217,,,SWOT_L2_HR_RiverSP_Reach_011_514_EU_20240304T050651_20240304T050659_PIC0_01.zip,river,2024-03-04 05:09:11+00:00,2024-03-04
21406300051,2024-03-04T05:09:11Z,Parma; Po,44.98238586,10.3257584,65.6781,47.933161,0.00014324139,,,SWOT_L2_HR_RiverSP_Reach_011_514_EU_20240304T050651_20240304T050659_PIC0_01.zip,river,2024-03-04 05:09:11+00:00,2024-03-04
21500900191,2024-03-04T05:09:31Z,Serchio,43.84327707,10.4415553,24.4724,921.693665,-0.0060956703,,,SWOT_L2_HR_RiverSP_Reach_011_514_EU_20240304T050651_20240304T050659_PIC0_01.zip,river,2024-03-04 05:09:31+00:00,2024-03-04
21500900211,2024-03-04T05:09:31Z,Serchio,43.8532787,10.4915647,,19.852602,,,,SWOT_L2_HR_RiverSP_Reach_011_514_EU_20240304T050651_20240304T050659_PIC0_01.zip,river,2024-03-04 05:09:31+00:00,2024-03-04
21500900231,2024-03-04T05:09:31Z,Serchio,43.88606154,10.5259476,30.4839,511.27599,0.00438294483,,,SWOT_L2_HR_RiverSP_Reach_011_514_EU_20240304T050651_20240304T050659_PIC0_01.zip,river,2024-03-04 05:09:31+00:00,2024-03-04
21500900244,2024-03-04T05:09:31Z,Serchio,43.91649583,10.529312,,340.382217,,,,SWOT_L2_HR_RiverSP_Reach_011_514_EU_20240304T050651_20240304T050659_PIC0_01.zip,river,2024-03-04 05:09:31+00:00,2024-03-04
21500900261,2024-03-04T05:09:31Z,Serchio,43.92488448,10.5296092,46.5614,40.178401,0.0130457405,,,SWOT_L2_HR_RiverSP_Reach_011_514_EU_20240304T050651_20240304T050659_PIC0_01.zip,river,2024-03-04 05:09:31+00:00,2024-03-04
21500900281,2024-03-04T05:09:31Z,Serchio,43.93088015,10.5087897,47.3046,34.530441,0.0031298643,,,SWOT_L2_HR_RiverSP_Reach_011_514_EU_20240304T050651_20240304T050659_PIC0_01.zip,river,2024-03-04 05:09:31+00:00,2024-03-04
21500900294,2024-03-04T05:09:31Z,Serchio,43.93982305,10.5015469,,178.930277,,,,SWOT_L2_HR_RiverSP_Reach_011_514_EU_20240304T050651_20240304T050659_PIC0_01.zip,river,2024-03-04 05:09:31+00:00,2024-03-04
21500900301,2024-03-04T05:09:31Z,Serchio,43.96338733,10.5238839,72.7517,131.875222,0.00546918205,,,SWOT_L2_HR_RiverSP_Reach_011_514_EU_20240304T050651_20240304T050659_PIC0_01.zip,river,2024-03-04 05:09:31+00:00,2024-03-04
21500900314,2024-03-04T05:09:31Z,Serchio,43.98114573,10.5523043,,299.465333,,,,SWOT_L2_HR_RiverSP_Reach_011_514_EU_20240304T050651_20240304T050659_PIC0_01.zip,river,2024-03-04 05:09:31+00:00,2024-03-04
21500900321,2024-03-04T05:09:30Z,Serchio,43.99085556,10.5533227,90.7358,64.032483,0.00092328536,,,SWOT_L2_HR_RiverSP_Reach_011_514_EU_20240304T050651_20240304T050659_PIC0_01.zip,river,2024-03-04 05:09:30+00:00,2024-03-04
21404000011,2024-03-05T18:27:56Z,Adige,45.13669319,11.9340853,3.767,114.572779,0.00018347464,,,SWOT_L2_HR_RiverSP_Reach_011_557_EU_20240305T182723_20240305T182725_PIC0_01.zip,river,2024-03-05 18:27:56+00:00,2024-03-05
21404000021,2024-03-05T18:27:56Z,Adige,45.1152242,11.8085946,5.522,162.100062,0.00016721521,,,SWOT_L2_HR_RiverSP_Reach_011_557_EU_20240305T182723_20240305T182725_PIC0_01.zip,river,2024-03-05 18:27:56+00:00,2024-03-05
21404000031,2024-03-05T18:27:56Z,Adige,45.10291143,11.6839963,7.5024,87.996653,0.0001418766,,,SWOT_L2_HR_RiverSP_Reach_011_557_EU_20240305T182723_20240305T182725_PIC0_01.zip,river,2024-03-05 18:27:56+00:00,2024-03-05
21404000041,2024-03-05T18:27:56Z,Adige,45.11467588,11.5378009,8.5214,71.223403,6.356635e-05,,,SWOT_L2_HR_RiverSP_Reach_011_557_EU_20240305T182723_20240305T182725_PIC0_01.zip,river,2024-03-05 18:27:56+00:00,2024-03-05
21404000415,2024-03-05T18:27:57Z,Fiume Adige,45.12610537,12.2744918,0.5751,96.79693,1.134451e-05,,,SWOT_L2_HR_RiverSP_Reach_011_557_EU_20240305T182723_20240305T182725_PIC0_01.zip,river,2024-03-05 18:27:57+00:00,2024-03-05
21404000425,2024-03-05T18:27:57Z,Adige; Fiume Adige,45.11811217,12.169194,0.904,83.514598,6.678026e-05,,,SWOT_L2_HR_RiverSP_Reach_011_557_EU_20240305T182723_20240305T182725_PIC0_01.zip,river,2024-03-05 18:27:57+00:00,2024-03-05
21406100011,2024-03-05T18:27:56Z,no_data,44.97788826,11.9055543,5.2443,134.323984,9.65331e-05,,,SWOT_L2_HR_RiverSP_Reach_011_557_EU_20240305T182723_20240305T182725_PIC0_01.zip,river,2024-03-05 18:27:56+00:00,2024-03-05
21406100021,2024-03-05T18:27:56Z,Po,44.94767275,11.7511479,6.7948,391.048443,0.00010702409,,,SWOT_L2_HR_RiverSP_Reach_011_557_EU_20240305T182723_20240305T182725_PIC0_01.zip,river,2024-03-05 18:27:56+00:00,2024-03-05
21406100031,2024-03-05T18:27:47Z,Po,44.89965067,11.6362292,7.9582,617.25568,9.407407e-05,,,SWOT_L2_HR_RiverSP_Reach_011_557_EU_20240305T182723_20240305T182725_PIC0_01.zip,river,2024-03-05 18:27:47+00:00,2024-03-05
21406100041,2024-03-05T18:27:47Z,Po,44.92732847,11.5407952,9.0115,556.583089,9.545718e-05,,,SWOT_L2_HR_RiverSP_Reach_011_557_EU_20240305T182723_20240305T182725_PIC0_01.zip,river,2024-03-05 18:27:47+00:00,2024-03-05
21406100051,2024-03-05T18:27:47Z,Po,44.95362753,11.4200067,10.1979,507.379944,9.496355e-05,,,SWOT_L2_HR_RiverSP_Reach_011_557_EU_20240305T182723_20240305T182725_PIC0_01.zip,river,2024-03-05 18:27:47+00:00,2024-03-05
21406100061,2024-03-05T18:27:56Z,Po,45.00951862,11.3007475,11.4685,374.340794,0.0001221145,,,SWOT_L2_HR_RiverSP_Reach_011_557_EU_20240305T182723_20240305T182725_PIC0_01.zip,river,2024-03-05 18:27:56+00:00,2024-03-05
21406100071,2024-03-05T18:27:56Z,Po,45.05059331,11.2359852,13.9157,417.188735,0.00030407718,,,SWOT_L2_HR_RiverSP_Reach_011_557_EU_20240305T182723_20240305T182725_PIC0_01.zip,river,2024-03-05 18:27:56+00:00,2024-03-05
21406100081,2024-03-05T18:27:56Z,Po,45.0526046,11.0864648,14.9106,285.720158,0.00012133365,,,SWOT_L2_HR_RiverSP_Reach_011_557_EU_20240305T182723_20240305T182725_PIC0_01.zip,river,2024-03-05 18:27:56+00:00,2024-03-05
21406100275,2024-03-05T18:27:56Z,Po di Venezia,44.95659643,12.3650664,1.1335,347.645761,-5.3264e-05,,,SWOT_L2_HR_RiverSP_Reach_011_557_EU_20240305T182723_20240305T182725_PIC0_01.zip,river,2024-03-05 18:27:56+00:00,2024-03-05
21406100285,2024-03-05T18:27:56Z,Po di Venezia,44.97907136,12.2580871,1.9802,370.56953,9.02605e-05,,,SWOT_L2_HR_RiverSP_Reach_011_557_EU_20240305T182723_20240305T182725_PIC0_01.zip,river,2024-03-05 18:27:56+00:00,2024-03-05
21406100295,2024-03-05T18:27:56Z,Po di Venezia,45.02022837,12.1647155,2.8818,342.7932,9.684026e-05,,,SWOT_L2_HR_RiverSP_Reach_011_557_EU_20240305T182723_20240305T182725_PIC0_01.zip,river,2024-03-05 18:27:56+00:00,2024-03-05
21406100305,2024-03-05T18:27:56Z,Po di Venezia,44.99976903,12.0782068,3.6914,264.258952,8.717593e-05,,,SWOT_L2_HR_RiverSP_Reach_011_557_EU_20240305T182723_20240305T182725_PIC0_01.zip,river,2024-03-05 18:27:56+00:00,2024-03-05
21407000015,2024-03-05T18:27:56Z,Po di Gnocca,44.88633902,12.3402252,0.6934,129.177912,6.558625e-05,,,SWOT_L2_HR_RiverSP_Reach_011_557_EU_20240305T182723_20240305T182725_PIC0_01.zip,river,2024-03-05 18:27:56+00:00,2024-03-05
21407000025,2024-03-05T18:27:56Z,no_data,44.82749551,12.3520721,0.2164,204.262364,4.530558e-05,,,SWOT_L2_HR_RiverSP_Reach_011_557_EU_20240305T182723_20240305T182725_PIC0_01.zip,river,2024-03-05 18:27:56+00:00,2024-03-05
21407000035,2024-03-05T18:27:56Z,Po di Goro,44.88212683,12.2910628,0.7262,161.174157,7.562249e-05,,,SWOT_L2_HR_RiverSP_Reach_011_557_EU_20240305T182723_20240305T182725_PIC0_01.zip,river,2024-03-05 18:27:56+00:00,2024-03-05
21407000045,2024-03-05T18:27:56Z,Po di Goro,44.93225211,12.2569541,1.4766,212.86415,7.8018e-05,,,SWOT_L2_HR_RiverSP_Reach_011_557_EU_20240305T182723_20240305T182725_PIC0_01.zip,river,2024-03-05 18:27:56+00:00,2024-03-05
21407000055,2024-03-05T18:27:56Z,Po di Goro,44.94808193,12.128055,3.1584,160.542736,0.00012477186,,,SWOT_L2_HR_RiverSP_Reach_011_557_EU_20240305T182723_20240305T182725_PIC0_01.zip,river,2024-03-05 18:27:56+00:00,2024-03-05
21406300051,2024-03-06T18:28:27Z,Parma; Po,44.98238586,10.3257584,29.8225,212.480585,-0.0001561036,,,SWOT_L2_HR_RiverSP_Reach_012_001_EU_20240306T182734_20240306T182736_PIC0_01.zip,river,2024-03-06 18:28:27+00:00,2024-03-06
21404000011,2024-03-14T03:31:26Z,Adige,45.13669319,11.9340853,2.8238,63.500379,3.187426e-05,,,SWOT_L2_HR_RiverSP_Reach_012_208_EU_20240314T032902_20240314T032904_PIC0_01.zip,river,2024-03-14 03:31:26+00:00,2024-03-14
21404000021,2024-03-14T03:31:26Z,Adige,45.1152242,11.8085946,3.384,71.624157,0.00014179422,,,SWOT_L2_HR_RiverSP_Reach_012_208_EU_20240314T032902_20240314T032904_PIC0_01.zip,river,2024-03-14 03:31:26+00:00,2024-03-14
21404000031,2024-03-14T03:31:26Z,Adige,45.10291143,11.6839963,6.2983,62.176859,0.00032975168,,,SWOT_L2_HR_RiverSP_Reach_012_208_EU_20240314T032902_20240314T032904_PIC0_01.zip,river,2024-03-14 03:31:26+00:00,2024-03-14
21404000041,2024-03-14T03:31:26Z,Adige,45.11467588,11.5378009,9.6004,74.404686,0.00016127766,,,SWOT_L2_HR_RiverSP_Reach_012_208_EU_20240314T032902_20240314T032904_PIC0_01.zip,river,2024-03-14 03:31:26+00:00,2024-03-14
21404000435,2024-03-14T03:31:26Z,Adige,45.13738683,12.0558708,0.6494,56.948935,0.00021479359,,,SWOT_L2_HR_RiverSP_Reach_012_208_EU_20240314T032902_20240314T032904_PIC0_01.zip,river,2024-03-14 03:31:26+00:00,2024-03-14
21406100011,2024-03-14T03:31:35Z,no_data,44.97788826,11.9055543,6.345,371.42175,4.143735e-05,,,SWOT_L2_HR_RiverSP_Reach_012_208_EU_20240314T032902_20240314T032904_PIC0_01.zip,river,2024-03-14 03:31:35+00:00,2024-03-14
21406100021,2024-03-14T03:31:35Z,Po,44.94767275,11.7511479,7.3399,372.860631,0.00010662124,,,SWOT_L2_HR_RiverSP_Reach_012_208_EU_20240314T032902_20240314T032904_PIC0_01.zip,river,2024-03-14 03:31:35+00:00,2024-03-14
21406100031,2024-03-14T03:31:35Z,Po,44.89965067,11.6362292,8.5303,521.877661,9.824189e-05,,,SWOT_L2_HR_RiverSP_Reach_012_208_EU_20240314T032902_20240314T032904_PIC0_01.zip,river,2024-03-14 03:31:35+00:00,2024-03-14
21406100041,2024-03-14T03:31:34Z,Po,44.92732847,11.5407952,9.5731,530.6264,9.234713e-05,,,SWOT_L2_HR_RiverSP_Reach_012_208_EU_20240314T032902_20240314T032904_PIC0_01.zip,river,2024-03-14 03:31:34+00:00,2024-03-14
21406100051,2024-03-14T03:31:26Z,Po,44.95362753,11.4200067,10.6486,615.967574,9.284135e-05,,,SWOT_L2_HR_RiverSP_Reach_012_208_EU_20240314T032902_20240314T032904_PIC0_01.zip,river,2024-03-14 03:31:26+00:00,2024-03-14
21406100061,2024-03-14T03:31:26Z,Po,45.00951862,11.3007475,11.8413,431.778969,0.00011296403,,,SWOT_L2_HR_RiverSP_Reach_012_208_EU_20240314T032902_20240314T032904_PIC0_01.zip,river,2024-03-14 03:31:26+00:00,2024-03-14
21406100071,2024-03-14T03:31:26Z,Po,45.05059331,11.2359852,13.1429,454.416636,0.00012349716,,,SWOT_L2_HR_RiverSP_Reach_012_208_EU_20240314T032902_20240314T032904_PIC0_01.zip,river,2024-03-14 03:31:26+00:00,2024-03-14
21406100081,2024-03-14T03:31:25Z,Po,45.0526046,11.0864648,14.589,494.634894,0.00010294745,,,SWOT_L2_HR_RiverSP_Reach_012_208_EU_20240314T032902_20240314T032904_PIC0_01.zip,river,2024-03-14 03:31:25+00:00,2024-03-14
21406100091,2024-03-14T03:31:25Z,Fiume Mincio; Po,45.10017596,10.9113497,15.7723,42.918023,-4.18108e-05,,,SWOT_L2_HR_RiverSP_Reach_012_208_EU_20240314T032902_20240314T032904_PIC0_01.zip,river,2024-03-14 03:31:25+00:00,2024-03-14
21406100101,2024-03-14T03:31:25Z,Po,45.06440534,10.9221059,16.3938,426.491614,0.00012136458,,,SWOT_L2_HR_RiverSP_Reach_012_208_EU_20240314T032902_20240314T032904_PIC0_01.zip,river,2024-03-14 03:31:25+00:00,2024-03-14
21406100111,2024-03-14T03:31:25Z,Po,45.04625504,10.768001,18.3416,420.031492,0.0001160255,,,SWOT_L2_HR_RiverSP_Reach_012_208_EU_20240314T032902_20240314T032904_PIC0_01.zip,river,2024-03-14 03:31:25+00:00,2024-03-14
21406100123,2024-03-14T03:31:25Z,Fiume Mincio,45.14246728,10.8162187,14.0375,,,,,SWOT_L2_HR_RiverSP_Reach_012_208_EU_20240314T032902_20240314T032904_PIC0_01.zip,river,2024-03-14 03:31:25+00:00,2024-03-14
21406100305,2024-03-14T03:31:35Z,Po di Venezia,44.99976903,12.0782068,4.2072,389.021322,8.132416e-05,,,SWOT_L2_HR_RiverSP_Reach_012_208_EU_20240314T032902_20240314T032904_PIC0_01.zip,river,2024-03-14 03:31:35+00:00,2024-03-14
21406100315,2024-03-14T03:31:35Z,Po,44.97645748,12.0255272,5.5798,343.350597,0.00010906829,,,SWOT_L2_HR_RiverSP_Reach_012_208_EU_20240314T032902_20240314T032904_PIC0_01.zip,river,2024-03-14 03:31:35+00:00,2024-03-14
21406200011,2024-03-14T03:31:25Z,Po,45.06313602,10.6021879,19.8847,63.627844,2.203444e-05,,,SWOT_L2_HR_RiverSP_Reach_012_208_EU_20240314T032902_20240314T032904_PIC0_01.zip,river,2024-03-14 03:31:25+00:00,2024-03-14
21406200021,2024-03-14T03:31:25Z,Fiume Oglio,45.12874321,10.5044278,21.2445,24.245785,0.00029875088,,,SWOT_L2_HR_RiverSP_Reach_012_208_EU_20240314T032902_20240314T032904_PIC0_01.zip,river,2024-03-14 03:31:25+00:00,2024-03-14
21406300011,2024-03-14T03:31:25Z,Po,45.00223735,10.6801087,20.0995,377.02109,0.0001321533,,,SWOT_L2_HR_RiverSP_Reach_012_208_EU_20240314T032902_20240314T032904_PIC0_01.zip,river,2024-03-14 03:31:25+00:00,2024-03-14
21406300021,2024-03-14T03:31:26Z,Po,44.92496107,10.6126319,21.7544,214.574399,0.00015575964,,,SWOT_L2_HR_RiverSP_Reach_012_208_EU_20240314T032902_20240314T032904_PIC0_01.zip,river,2024-03-14 03:31:26+00:00,2024-03-14
21406300031,2024-03-14T03:31:26Z,Parma; Po,44.92391702,10.4975482,24.5944,224.112164,0.00033416448,,,SWOT_L2_HR_RiverSP_Reach_012_208_EU_20240314T032902_20240314T032904_PIC0_01.zip,river,2024-03-14 03:31:26+00:00,2024-03-14
21406300041,2024-03-14T03:31:25Z,Parma,44.96698609,10.4153531,25.9748,223.241405,2.131958e-05,,,SWOT_L2_HR_RiverSP_Reach_012_208_EU_20240314T032902_20240314T032904_PIC0_01.zip,river,2024-03-14 03:31:25+00:00,2024-03-14
21406300051,2024-03-14T03:31:25Z,Parma; Po,44.98238586,10.3257584,24.7586,124.181688,-0.0006650409,,,SWOT_L2_HR_RiverSP_Reach_012_208_EU_20240314T032902_20240314T032904_PIC0_01.zip,river,2024-03-14 03:31:25+00:00,2024-03-14
21407000055,2024-03-14T03:31:35Z,Po di Goro,44.94808193,12.128055,3.8637,74.61395,0.00012258482,,,SWOT_L2_HR_RiverSP_Reach_012_208_EU_20240314T032902_20240314T032904_PIC0_01.zip,river,2024-03-14 03:31:35+00:00,2024-03-14
21404000031,2024-03-16T16:50:43Z,Adige,45.10291143,11.6839963,,21.646015,,,,SWOT_L2_HR_RiverSP_Reach_012_279_EU_20240316T164904_20240316T164911_PIC0_01.zip,river,2024-03-16 16:50:43+00:00,2024-03-16
21404000041,2024-03-16T16:50:43Z,Adige,45.11467588,11.5378009,10.6119,67.31882,0.00041635265,,,SWOT_L2_HR_RiverSP_Reach_012_279_EU_20240316T164904_20240316T164911_PIC0_01.zip,river,2024-03-16 16:50:43+00:00,2024-03-16
21406100041,2024-03-16T16:50:42Z,Po,44.92732847,11.5407952,9.9594,443.341483,0.00017230113,,,SWOT_L2_HR_RiverSP_Reach_012_279_EU_20240316T164904_20240316T164911_PIC0_01.zip,river,2024-03-16 16:50:42+00:00,2024-03-16
21406100051,2024-03-16T16:50:42Z,Po,44.95362753,11.4200067,11.3335,437.116038,1.522866e-05,,,SWOT_L2_HR_RiverSP_Reach_012_279_EU_20240316T164904_20240316T164911_PIC0_01.zip,river,2024-03-16 16:50:42+00:00,2024-03-16
21406100061,2024-03-16T16:50:42Z,Po,45.00951862,11.3007475,10.9709,383.839288,7.481676e-05,,,SWOT_L2_HR_RiverSP_Reach_012_279_EU_20240316T164904_20240316T164911_PIC0_01.zip,river,2024-03-16 16:50:42+00:00,2024-03-16
21406100071,2024-03-16T16:50:43Z,Po,45.05059331,11.2359852,12.3898,410.187721,4.198766e-05,,,SWOT_L2_HR_RiverSP_Reach_012_279_EU_20240316T164904_20240316T164911_PIC0_01.zip,river,2024-03-16 16:50:43+00:00,2024-03-16
21406100081,2024-03-16T16:50:42Z,Po,45.0526046,11.0864648,12.9742,445.164055,7.126381e-05,,,SWOT_L2_HR_RiverSP_Reach_012_279_EU_20240316T164904_20240316T164911_PIC0_01.zip,river,2024-03-16 16:50:42+00:00,2024-03-16
21406100091,2024-03-16T16:50:42Z,Fiume Mincio; Po,45.10017596,10.9113497,14.4538,43.203827,2.968031e-05,,,SWOT_L2_HR_RiverSP_Reach_012_279_EU_20240316T164904_20240316T164911_PIC0_01.zip,river,2024-03-16 16:50:42+00:00,2024-03-16
21406100101,2024-03-16T16:50:42Z,Po,45.06440534,10.9221059,14.3242,372.480348,0.00010389174,,,SWOT_L2_HR_RiverSP_Reach_012_279_EU_20240316T164904_20240316T164911_PIC0_01.zip,river,2024-03-16 16:50:42+00:00,2024-03-16
21406100111,2024-03-16T16:50:42Z,Po,45.04625504,10.768001,15.9911,266.108434,0.00015130361,,,SWOT_L2_HR_RiverSP_Reach_012_279_EU_20240316T164904_20240316T164911_PIC0_01.zip,river,2024-03-16 16:50:42+00:00,2024-03-16
21406200011,2024-03-16T16:50:42Z,Po,45.06313602,10.6021879,17.5086,97.35042,0.00021290434,,,SWOT_L2_HR_RiverSP_Reach_012_279_EU_20240316T164904_20240316T164911_PIC0_01.zip,river,2024-03-16 16:50:42+00:00,2024-03-16
21406200021,2024-03-16T16:50:42Z,Fiume Oglio,45.12874321,10.5044278,20.41,84.275801,0.00019673843,,,SWOT_L2_HR_RiverSP_Reach_012_279_EU_20240316T164904_20240316T164911_PIC0_01.zip,river,2024-03-16 16:50:42+00:00,2024-03-16
21406300021,2024-03-16T16:50:42Z,Po,44.92496107,10.6126319,,9.722734,,,,SWOT_L2_HR_RiverSP_Reach_012_279_EU_20240316T164904_20240316T164911_PIC0_01.zip,river,2024-03-16 16:50:42+00:00,2024-03-16
21406300031,2024-03-16T16:50:42Z,Parma; Po,44.92391702,10.4975482,20.7533,244.709701,0.00012854692,,,SWOT_L2_HR_RiverSP_Reach_012_279_EU_20240316T164904_20240316T164911_PIC0_01.zip,river,2024-03-16 16:50:42+00:00,2024-03-16
21406300041,2024-03-16T16:50:42Z,Parma,44.96698609,10.4153531,21.982,294.088907,0.00011742282,,,SWOT_L2_HR_RiverSP_Reach_012_279_EU_20240316T164904_20240316T164911_PIC0_01.zip,river,2024-03-16 16:50:42+00:00,2024-03-16
21406300051,2024-03-16T16:50:42Z,Parma; Po,44.98238586,10.3257584,23.3146,271.45092,0.00012762695,,,SWOT_L2_HR_RiverSP_Reach_012_279_EU_20240316T164904_20240316T164911_PIC0_01.zip,river,2024-03-16 16:50:42+00:00,2024-03-16
21500900041,2024-03-16T16:50:30Z,Serchio,43.8036516,10.4063306,-1.2392,353.18,0.00261894951,,,SWOT_L2_HR_RiverSP_Reach_012_279_EU_20240316T164904_20240316T164911_PIC0_01.zip,river,2024-03-16 16:50:30+00:00,2024-03-16
21500900191,2024-03-16T16:50:30Z,Serchio,43.84327707,10.4415553,,61.826547,,,,SWOT_L2_HR_RiverSP_Reach_012_279_EU_20240316T164904_20240316T164911_PIC0_01.zip,river,2024-03-16 16:50:30+00:00,2024-03-16
21500900211,2024-03-16T16:50:30Z,Serchio,43.8532787,10.4915647,,172.763823,,,,SWOT_L2_HR_RiverSP_Reach_012_279_EU_20240316T164904_20240316T164911_PIC0_01.zip,river,2024-03-16 16:50:30+00:00,2024-03-16
21500900224,2024-03-16T16:50:30Z,Serchio,43.85677563,10.5059732,,70.490082,,,,SWOT_L2_HR_RiverSP_Reach_012_279_EU_20240316T164904_20240316T164911_PIC0_01.zip,river,2024-03-16 16:50:30+00:00,2024-03-16
21500900231,2024-03-16T16:50:30Z,Serchio,43.88606154,10.5259476,28.7026,95.969738,0.00313879483,,,SWOT_L2_HR_RiverSP_Reach_012_279_EU_20240316T164904_20240316T164911_PIC0_01.zip,river,2024-03-16 16:50:30+00:00,2024-03-16
21500900244,2024-03-16T16:50:30Z,Serchio,43.91649583,10.529312,,176.410932,,,,SWOT_L2_HR_RiverSP_Reach_012_279_EU_20240316T164904_20240316T164911_PIC0_01.zip,river,2024-03-16 16:50:30+00:00,2024-03-16
21500900261,2024-03-16T16:50:30Z,Serchio,43.92488448,10.5296092,40.8297,57.385677,0.0017645417,,,SWOT_L2_HR_RiverSP_Reach_012_279_EU_20240316T164904_20240316T164911_PIC0_01.zip,river,2024-03-16 16:50:30+00:00,2024-03-16
21500900274,2024-03-16T16:50:30Z,Serchio,43.92529227,10.5218935,,82.500527,,,,SWOT_L2_HR_RiverSP_Reach_012_279_EU_20240316T164904_20240316T164911_PIC0_01.zip,river,2024-03-16 16:50:30+00:00,2024-03-16
21500900281,2024-03-16T16:50:30Z,Serchio,43.93088015,10.5087897,47.4071,60.344651,0.00316959064,,,SWOT_L2_HR_RiverSP_Reach_012_279_EU_20240316T164904_20240316T164911_PIC0_01.zip,river,2024-03-16 16:50:30+00:00,2024-03-16
21500900294,2024-03-16T16:50:30Z,Serchio,43.93982305,10.5015469,,81.069656,,,,SWOT_L2_HR_RiverSP_Reach_012_279_EU_20240316T164904_20240316T164911_PIC0_01.zip,river,2024-03-16 16:50:30+00:00,2024-03-16
21500900301,2024-03-16T16:50:30Z,Serchio,43.96338733,10.5238839,68.0379,72.084753,0.00382774568,,,SWOT_L2_HR_RiverSP_Reach_012_279_EU_20240316T164904_20240316T164911_PIC0_01.zip,river,2024-03-16 16:50:30+00:00,2024-03-16
21500900314,2024-03-16T16:50:30Z,Serchio,43.98114573,10.5523043,,113.504445,,,,SWOT_L2_HR_RiverSP_Reach_012_279_EU_20240316T164904_20240316T164911_PIC0_01.zip,river,2024-03-16 16:50:30+00:00,2024-03-16
21500900321,2024-03-16T16:50:30Z,Serchio,43.99085556,10.5533227,91.6533,80.741177,0.00085245661,,,SWOT_L2_HR_RiverSP_Reach_012_279_EU_20240316T164904_20240316T164911_PIC0_01.zip,river,2024-03-16 16:50:30+00:00,2024-03-16
