reach_id,time_str,river_name,p_lat,p_lon,wse,width,slope2,d_x_area,dschg_c,source_file,product,time
21404000011,2023-11-22T10:42:31Z,Adige,45.13669319,11.9340853,3.3218,148.073442,0.00015541915,,,SWOT_L2_HR_RiverSP_Reach_006_557_EU_20231122T104158_20231122T104200_PIC0_01.zip,river,2023-11-22 10:42:31+00:00
21404000021,2023-11-22T10:42:31Z,Adige,45.1152242,11.8085946,5.1055,176.395437,0.00016433836,,,SWOT_L2_HR_RiverSP_Reach_006_557_EU_20231122T104158_20231122T104200_PIC0_01.zip,river,2023-11-22 10:42:31+00:00
21404000031,2023-11-22T10:42:31Z,Adige,45.10291143,11.6839963,7.0083,139.858491,0.0001704965,,,SWOT_L2_HR_RiverSP_Reach_006_557_EU_20231122T104158_20231122T104200_PIC0_01.zip,river,2023-11-22 10:42:31+00:00
21404000041,2023-11-22T10:42:31Z,Adige,45.11467588,11.5378009,9.1219,113.184249,0.00015226327,,,SWOT_L2_HR_RiverSP_Reach_006_557_EU_20231122T104158_20231122T104200_PIC0_01.zip,river,2023-11-22 10:42:31+00:00
21404000415,2023-11-22T10:42:31Z,Fiume Adige,45.12610537,12.2744918,-0.0714,493.906656,8.011946e-05,,,SWOT_L2_HR_RiverSP_Reach_006_557_EU_20231122T104158_20231122T104200_PIC0_01.zip,river,2023-11-22 10:42:31+00:00
21404000425,2023-11-22T10:42:31Z,Adige; Fiume Adige,45.11811217,12.169194,1.0406,162.846555,7.493721e-05,,,SWOT_L2_HR_RiverSP_Reach_006_557_EU_20231122T104158_20231122T104200_PIC0_01.zip,river,2023-11-22 10:42:31+00:00
21404000435,2023-11-22T10:42:31Z,Adige,45.13738683,12.0558708,1.9513,65.799854,6.479771e-05,,,SWOT_L2_HR_RiverSP_Reach_006_557_EU_20231122T104158_20231122T104200_PIC0_01.zip,river,2023-11-22 10:42:31+00:00
21406100011,2023-11-22T10:42:31Z,no_data,44.97788826,11.9055543,1.4068,250.188776,2.628152e-05,,,SWOT_L2_HR_RiverSP_Reach_006_557_EU_20231122T104158_20231122T104200_PIC0_01.zip,river,2023-11-22 10:42:31+00:00
21406100021,2023-11-22T10:42:31Z,Po,44.94767275,11.7511479,1.9989,345.778961,5.346604e-05,,,SWOT_L2_HR_RiverSP_Reach_006_557_EU_20231122T104158_20231122T104200_PIC0_01.zip,river,2023-11-22 10:42:31+00:00
21406100031,2023-11-22T10:42:22Z,Po,44.89965067,11.6362292,2.7911,439.056863,7.78389e-05,,,SWOT_L2_HR_RiverSP_Reach_006_557_EU_20231122T104158_20231122T104200_PIC0_01.zip,river,2023-11-22 10:42:22+00:00
21406100041,2023-11-22T10:42:22Z,Po,44.92732847,11.5407952,3.7453,479.731886,9.748212e-05,,,SWOT_L2_HR_RiverSP_Reach_006_557_EU_20231122T104158_20231122T104200_PIC0_01.zip,river,2023-11-22 10:42:22+00:00
21406100051,2023-11-22T10:42:22Z,Po,44.95362753,11.4200067,4.9989,475.266745,9.893612e-05,,,SWOT_L2_HR_RiverSP_Reach_006_557_EU_20231122T104158_20231122T104200_PIC0_01.zip,river,2023-11-22 10:42:22+00:00
21406100061,2023-11-22T10:42:31Z,Po,45.00951862,11.3007475,6.1011,355.500822,8.78768e-05,,,SWOT_L2_HR_RiverSP_Reach_006_557_EU_20231122T104158_20231122T104200_PIC0_01.zip,river,2023-11-22 10:42:31+00:00
21406100071,2023-11-22T10:42:31Z,Po,45.05059331,11.2359852,7.0958,375.863218,9.211103e-05,,,SWOT_L2_HR_RiverSP_Reach_006_557_EU_20231122T104158_20231122T104200_PIC0_01.zip,river,2023-11-22 10:42:31+00:00
21406100081,2023-11-22T10:42:31Z,Po,45.0526046,11.0864648,8.6389,309.565399,0.00011123093,,,SWOT_L2_HR_RiverSP_Reach_006_557_EU_20231122T104158_20231122T104200_PIC0_01.zip,river,2023-11-22 10:42:31+00:00
21406100275,2023-11-22T10:42:31Z,Po di Venezia,44.95659643,12.3650664,0.4262,611.802668,-2.74291e-05,,,SWOT_L2_HR_RiverSP_Reach_006_557_EU_20231122T104158_20231122T104200_PIC0_01.zip,river,2023-11-22 10:42:31+00:00
21406100285,2023-11-22T10:42:31Z,Po di Venezia,44.97907136,12.2580871,0.6849,469.530642,3.87234e-06,,,SWOT_L2_HR_RiverSP_Reach_006_557_EU_20231122T104158_20231122T104200_PIC0_01.zip,river,2023-11-22 10:42:31+00:00
21406100295,2023-11-22T10:42:31Z,Po di Venezia,45.02022837,12.1647155,0.5886,552.947985,1.956234e-05,,,SWOT_L2_HR_RiverSP_Reach_006_557_EU_20231122T104158_20231122T104200_PIC0_01.zip,river,2023-11-22 10:42:31+00:00
21406100305,2023-11-22T10:42:31Z,Po di Venezia,44.99976903,12.0782068,0.9991,537.26746,3.184659e-05,,,SWOT_L2_HR_RiverSP_Reach_006_557_EU_20231122T104158_20231122T104200_PIC0_01.zip,river,2023-11-22 10:42:31+00:00
21406100315,2023-11-22T10:42:31Z,Po,44.97645748,12.0255272,1.2133,412.645552,3.135043e-05,,,SWOT_L2_HR_RiverSP_Reach_006_557_EU_20231122T104158_20231122T104200_PIC0_01.zip,river,2023-11-22 10:42:31+00:00
21407000015,2023-11-22T10:42:31Z,Po di Gnocca,44.88633902,12.3402252,0.4631,186.060569,1.290003e-05,,,SWOT_L2_HR_RiverSP_Reach_006_557_EU_20231122T104158_20231122T104200_PIC0_01.zip,river,2023-11-22 10:42:31+00:00
21407000025,2023-11-22T10:42:31Z,no_data,44.82749551,12.3520721,0.2469,258.81118,1.133615e-05,,,SWOT_L2_HR_RiverSP_Reach_006_557_EU_20231122T104158_20231122T104200_PIC0_01.zip,river,2023-11-22 10:42:31+00:00
21407000035,2023-11-22T10:42:31Z,Po di Goro,44.88212683,12.2910628,0.2126,206.985398,1.04809e-05,,,SWOT_L2_HR_RiverSP_Reach_006_557_EU_20231122T104158_20231122T104200_PIC0_01.zip,river,2023-11-22 10:42:31+00:00
21407000045,2023-11-22T10:42:31Z,Po di Goro,44.93225211,12.2569541,0.3253,223.213852,-7.412e-06,,,SWOT_L2_HR_RiverSP_Reach_006_557_EU_20231122T104158_20231122T104200_PIC0_01.zip,river,2023-11-22 10:42:31+00:00
21407000055,2023-11-22T10:42:31Z,Po di Goro,44.94808193,12.128055,0.7366,187.444866,6.195033e-05,,,SWOT_L2_HR_RiverSP_Reach_006_557_EU_20231122T104158_20231122T104200_PIC0_01.zip,river,2023-11-22 10:42:31+00:00
21500800061,2023-11-22T10:42:02Z,Fiume Arno,43.70436492,10.7839405,8.4072,51.469134,-5.655e-07,,,SWOT_L2_HR_RiverSP_Reach_006_557_EU_20231122T104158_20231122T104200_PIC0_01.zip,river,2023-11-22 10:42:02+00:00
21500800074,2023-11-22T10:42:02Z,Fiume Arno,43.71763156,10.8700497,,66.910209,,,,SWOT_L2_HR_RiverSP_Reach_006_557_EU_20231122T104158_20231122T104200_PIC0_01.zip,river,2023-11-22 10:42:02+00:00
21500800081,2023-11-22T10:42:02Z,Fiume Arno,43.72780079,10.8953951,12.2508,72.247529,0.00013842873,,,SWOT_L2_HR_RiverSP_Reach_006_557_EU_20231122T104158_20231122T104200_PIC0_01.zip,river,2023-11-22 10:42:02+00:00
21500800094,2023-11-22T10:42:02Z,Fiume Arno,43.72897311,10.9212468,,88.969846,,,,SWOT_L2_HR_RiverSP_Reach_006_557_EU_20231122T104158_20231122T104200_PIC0_01.zip,river,2023-11-22 10:42:02+00:00
21500800101,2023-11-22T10:42:02Z,Fiume Arno,43.72609497,10.9424002,13.797,35.544571,0.0001354169,,,SWOT_L2_HR_RiverSP_Reach_006_557_EU_20231122T104158_20231122T104200_PIC0_01.zip,river,2023-11-22 10:42:02+00:00
21500800114,2023-11-22T10:42:02Z,Fiume Arno,43.73395613,10.9629417,,31.74553,,,,SWOT_L2_HR_RiverSP_Reach_006_557_EU_20231122T104158_20231122T104200_PIC0_01.zip,river,2023-11-22 10:42:02+00:00
21500800121,2023-11-22T10:42:02Z,Fiume Arno,43.739528,10.9815185,17.0159,42.386051,-9.2014e-06,,,SWOT_L2_HR_RiverSP_Reach_006_557_EU_20231122T104158_20231122T104200_PIC0_01.zip,river,2023-11-22 10:42:02+00:00
21500800134,2023-11-22T10:42:02Z,Fiume Arno,43.73552158,10.9998728,,79.378145,,,,SWOT_L2_HR_RiverSP_Reach_006_557_EU_20231122T104158_20231122T104200_PIC0_01.zip,river,2023-11-22 10:42:02+00:00
21500800141,2023-11-22T10:42:02Z,Fiume Arno,43.74768721,11.0244481,20.8903,64.512174,0.00043492349,,,SWOT_L2_HR_RiverSP_Reach_006_557_EU_20231122T104158_20231122T104200_PIC0_01.zip,river,2023-11-22 10:42:02+00:00
21500800154,2023-11-22T10:42:02Z,Fiume Arno,43.76627758,11.0424554,,87.916742,,,,SWOT_L2_HR_RiverSP_Reach_006_557_EU_20231122T104158_20231122T104200_PIC0_01.zip,river,2023-11-22 10:42:02+00:00
21500800161,2023-11-22T10:42:02Z,Fiume Arno,43.77826116,11.1119621,27.2392,65.08366,0.00013281289,,,SWOT_L2_HR_RiverSP_Reach_006_557_EU_20231122T104158_20231122T104200_PIC0_01.zip,river,2023-11-22 10:42:02+00:00
21500800174,2023-11-22T10:42:02Z,Fiume Arno,43.78926005,11.1968555,,144.473928,,,,SWOT_L2_HR_RiverSP_Reach_006_557_EU_20231122T104158_20231122T104200_PIC0_01.zip,river,2023-11-22 10:42:02+00:00
21500800181,2023-11-22T10:42:02Z,Fiume Arno,43.7853558,11.2058467,27.9725,14.344228,-0.0003892971,,,SWOT_L2_HR_RiverSP_Reach_006_557_EU_20231122T104158_20231122T104200_PIC0_01.zip,river,2023-11-22 10:42:02+00:00
21500800194,2023-11-22T10:42:02Z,Fiume Arno,43.78123761,11.2146427,,75.531357,,,,SWOT_L2_HR_RiverSP_Reach_006_557_EU_20231122T104158_20231122T104200_PIC0_01.zip,river,2023-11-22 10:42:02+00:00
21500800201,2023-11-22T10:42:02Z,Fiume Arno,43.7758682,11.2295414,35.9856,52.526059,-3.00425e-05,,,SWOT_L2_HR_RiverSP_Reach_006_557_EU_20231122T104158_20231122T104200_PIC0_01.zip,river,2023-11-22 10:42:02+00:00
21500800214,2023-11-22T10:42:02Z,Fiume Arno,43.7710951,11.2443983,,126.351573,,,,SWOT_L2_HR_RiverSP_Reach_006_557_EU_20231122T104158_20231122T104200_PIC0_01.zip,river,2023-11-22 10:42:02+00:00
21500800221,2023-11-22T10:42:02Z,Fiume Arno,43.76715202,11.2554943,41.9405,71.883634,0.00226432504,,,SWOT_L2_HR_RiverSP_Reach_006_557_EU_20231122T104158_20231122T104200_PIC0_01.zip,river,2023-11-22 10:42:02+00:00
21500800234,2023-11-22T10:42:02Z,Fiume Arno,43.76500389,11.2673403,,113.841757,,,,SWOT_L2_HR_RiverSP_Reach_006_557_EU_20231122T104158_20231122T104200_PIC0_01.zip,river,2023-11-22 10:42:02+00:00
21500800241,2023-11-22T10:42:02Z,Fiume Arno,43.76412125,11.2917186,55.1007,159.92798,0.00666599003,,,SWOT_L2_HR_RiverSP_Reach_006_557_EU_20231122T104158_20231122T104200_PIC0_01.zip,river,2023-11-22 10:42:02+00:00
21500800254,2023-11-22T10:42:02Z,Fiume Arno,43.76234794,11.3160621,,40.492169,,,,SWOT_L2_HR_RiverSP_Reach_006_557_EU_20231122T104158_20231122T104200_PIC0_01.zip,river,2023-11-22 10:42:02+00:00
21500800264,2023-11-22T10:42:02Z,Fiume Arno,43.76456329,11.3232663,,66.901442,,,,SWOT_L2_HR_RiverSP_Reach_006_557_EU_20231122T104158_20231122T104200_PIC0_01.zip,river,2023-11-22 10:42:02+00:00
21500800274,2023-11-22T10:42:02Z,Fiume Arno,43.76832184,11.331508,54.272,252.567088,-0.0021088237,,,SWOT_L2_HR_RiverSP_Reach_006_557_EU_20231122T104158_20231122T104200_PIC0_01.zip,river,2023-11-22 10:42:02+00:00
21500800284,2023-11-22T10:42:02Z,Fiume Arno,43.76530457,11.337519,53.9797,127.392934,-0.0001327886,,,SWOT_L2_HR_RiverSP_Reach_006_557_EU_20231122T104158_20231122T104200_PIC0_01.zip,river,2023-11-22 10:42:02+00:00
21500800301,2023-11-22T10:42:02Z,Fiume Arno,43.77298059,11.3559331,56.9784,86.434541,0.00074349173,,,SWOT_L2_HR_RiverSP_Reach_006_557_EU_20231122T104158_20231122T104200_PIC0_01.zip,river,2023-11-22 10:42:02+00:00
21500800314,2023-11-22T10:42:02Z,Fiume Arno,43.78146667,11.3605945,,138.945613,,,,SWOT_L2_HR_RiverSP_Reach_006_557_EU_20231122T104158_20231122T104200_PIC0_01.zip,river,2023-11-22 10:42:02+00:00
21500800324,2023-11-22T10:42:02Z,Fiume Arno,43.78330118,11.3692522,63.5799,77.28117,0.00209529702,,,SWOT_L2_HR_RiverSP_Reach_006_557_EU_20231122T104158_20231122T104200_PIC0_01.zip,river,2023-11-22 10:42:02+00:00
21500800331,2023-11-22T10:42:02Z,Fiume Arno,43.78712321,11.3824156,65.7707,69.593524,0.00025493714,,,SWOT_L2_HR_RiverSP_Reach_006_557_EU_20231122T104158_20231122T104200_PIC0_01.zip,river,2023-11-22 10:42:02+00:00
21500800344,2023-11-22T10:42:11Z,Fiume Arno,43.79152438,11.3885935,,143.013283,,,,SWOT_L2_HR_RiverSP_Reach_006_557_EU_20231122T104158_20231122T104200_PIC0_01.zip,river,2023-11-22 10:42:11+00:00
21500800351,2023-11-22T10:42:02Z,Fiume Arno,43.75962957,11.4430708,84.6277,82.721097,0.00252271559,,,SWOT_L2_HR_RiverSP_Reach_006_557_EU_20231122T104158_20231122T104200_PIC0_01.zip,river,2023-11-22 10:42:02+00:00
21500800364,no_data,Fiume Arno,43.72136726,11.4558202,,13.617078,,,,SWOT_L2_HR_RiverSP_Reach_006_557_EU_20231122T104158_20231122T104200_PIC0_01.zip,river,
21500900231,no_data,Serchio,43.88606154,10.5259476,,,,,,SWOT_L2_HR_RiverSP_Reach_006_557_EU_20231122T104158_20231122T104200_PIC0_01.zip,river,
21500900244,no_data,Serchio,43.91649583,10.529312,,,,,,SWOT_L2_HR_RiverSP_Reach_006_557_EU_20231122T104158_20231122T104200_PIC0_01.zip,river,
21500900314,no_data,Serchio,43.98114573,10.5523043,,,,,,SWOT_L2_HR_RiverSP_Reach_006_557_EU_20231122T104158_20231122T104200_PIC0_01.zip,river,
21406200021,no_data,Fiume Oglio,45.12874321,10.5044278,,,,,,SWOT_L2_HR_RiverSP_Reach_007_001_EU_20231123T104209_20231123T104211_PGC0_01.zip,river,
21406300031,no_data,Parma; Po,44.92391702,10.4975482,,,,,,SWOT_L2_HR_RiverSP_Reach_007_001_EU_20231123T104209_20231123T104211_PGC0_01.zip,river,
21406300041,no_data,Parma,44.96698609,10.4153531,,,,,,SWOT_L2_HR_RiverSP_Reach_007_001_EU_20231123T104209_20231123T104211_PGC0_01.zip,river,
21406300051,2023-11-23T10:43:02Z,Parma; Po,44.98238586,10.3257584,24.2101,202.145885,0.0001424614,,,SWOT_L2_HR_RiverSP_Reach_007_001_EU_20231123T104209_20231123T104211_PGC0_01.zip,river,2023-11-23 10:43:02+00:00
21406300061,2023-11-23T10:43:02Z,Po,45.0255784,10.1966661,24.9321,202.424109,9.63828e-06,,,SWOT_L2_HR_RiverSP_Reach_007_001_EU_20231123T104209_20231123T104211_PGC0_01.zip,river,2023-11-23 10:43:02+00:00
21406300071,2023-11-23T10:43:02Z,Po,45.04383353,10.0629096,25.972,276.49334,0.0001597086,,,SWOT_L2_HR_RiverSP_Reach_007_001_EU_20231123T104209_20231123T104211_PGC0_01.zip,river,2023-11-23 10:43:02+00:00
21406300081,2023-11-23T10:43:02Z,Po,45.11338408,10.0010764,27.7098,261.308416,0.0001643749,,,SWOT_L2_HR_RiverSP_Reach_007_001_EU_20231123T104209_20231123T104211_PGC0_01.zip,river,2023-11-23 10:43:02+00:00
21406300091,2023-11-23T10:43:02Z,Po,45.10509326,9.9334895,28.9041,170.678332,0.00011504153,,,SWOT_L2_HR_RiverSP_Reach_007_001_EU_20231123T104209_20231123T104211_PGC0_01.zip,river,2023-11-23 10:43:02+00:00
21406300111,2023-11-23T10:43:02Z,Po,45.12967127,9.9212745,29.7032,264.409457,0.00021614534,,,SWOT_L2_HR_RiverSP_Reach_007_001_EU_20231123T104209_20231123T104211_PGC0_01.zip,river,2023-11-23 10:43:02+00:00
21406400014,2023-11-23T10:43:02Z,Adda,45.13676214,9.8763325,31.0846,238.817126,0.00155239915,,,SWOT_L2_HR_RiverSP_Reach_007_001_EU_20231123T104209_20231123T104211_PGC0_01.zip,river,2023-11-23 10:43:02+00:00
21406500011,2023-11-23T10:43:02Z,Adda; Po,45.11288469,9.8866488,31.3713,185.536131,-0.0002906391,,,SWOT_L2_HR_RiverSP_Reach_007_001_EU_20231123T104209_20231123T104211_PGC0_01.zip,river,2023-11-23 10:43:02+00:00
21406500021,2023-11-23T10:43:02Z,Po,45.08313086,9.8584456,40.3752,334.322783,-7.77021e-05,,,SWOT_L2_HR_RiverSP_Reach_007_001_EU_20231123T104209_20231123T104211_PGC0_01.zip,river,2023-11-23 10:43:02+00:00
21406500031,2023-11-23T10:43:02Z,Po,45.08910017,9.7847586,39.2475,262.194585,0.00010165587,,,SWOT_L2_HR_RiverSP_Reach_007_001_EU_20231123T104209_20231123T104211_PGC0_01.zip,river,2023-11-23 10:43:02+00:00
21406500041,2023-11-23T10:43:02Z,Po,45.07148237,9.704767,41.4611,271.249239,0.0001281723,,,SWOT_L2_HR_RiverSP_Reach_007_001_EU_20231123T104209_20231123T104211_PGC0_01.zip,river,2023-11-23 10:43:02+00:00
21406500051,2023-11-23T10:43:02Z,Po,45.11288369,9.6007179,43.7897,326.299682,0.00015709595,,,SWOT_L2_HR_RiverSP_Reach_007_001_EU_20231123T104209_20231123T104211_PGC0_01.zip,river,2023-11-23 10:43:02+00:00
21406500061,2023-11-23T10:43:02Z,Po,45.09545589,9.4901032,47.3222,281.988183,0.0002523459,,,SWOT_L2_HR_RiverSP_Reach_007_001_EU_20231123T104209_20231123T104211_PGC0_01.zip,river,2023-11-23 10:43:02+00:00
21406500071,2023-11-23T10:43:02Z,Po,45.11737939,9.3109347,50.7758,325.303091,0.00019818076,,,SWOT_L2_HR_RiverSP_Reach_007_001_EU_20231123T104209_20231123T104211_PGC0_01.zip,river,2023-11-23 10:43:02+00:00
21406500104,2023-11-23T10:43:02Z,Po,45.09264137,9.9046467,,177.714239,,,,SWOT_L2_HR_RiverSP_Reach_007_001_EU_20231123T104209_20231123T104211_PGC0_01.zip,river,2023-11-23 10:43:02+00:00
21406700011,2023-11-23T10:43:02Z,Po,45.12538309,9.1596345,53.8087,302.310952,0.00024188946,,,SWOT_L2_HR_RiverSP_Reach_007_001_EU_20231123T104209_20231123T104211_PGC0_01.zip,river,2023-11-23 10:43:02+00:00
21500900064,no_data,Fiume Magra,44.1080452,9.9369098,,,,,,SWOT_L2_HR_RiverSP_Reach_007_001_EU_20231123T104209_20231123T104211_PGC0_01.zip,river,
21500900335,no_data,Fiume Magra,44.07842653,9.9655885,,,,,,SWOT_L2_HR_RiverSP_Reach_007_001_EU_20231123T104209_20231123T104211_PGC0_01.zip,river,
21500900344,no_data,Fiume Magra,44.10398535,9.9379287,,,,,,SWOT_L2_HR_RiverSP_Reach_007_001_EU_20231123T104209_20231123T104211_PGC0_01.zip,river,
21500900355,no_data,Fiume Magra,44.12143652,9.9276433,,,,,,SWOT_L2_HR_RiverSP_Reach_007_001_EU_20231123T104209_20231123T104211_PGC0_01.zip,river,
21500900364,no_data,Fiume Magra,44.13142931,9.9138465,,,,,,SWOT_L2_HR_RiverSP_Reach_007_001_EU_20231123T104209_20231123T104211_PGC0_01.zip,river,
21500900375,no_data,Fiume Magra,44.13659356,9.9063001,,,,,,SWOT_L2_HR_RiverSP_Reach_007_001_EU_20231123T104209_20231123T104211_PGC0_01.zip,river,
21500900384,no_data,Fiume Magra,44.14283943,9.8981002,,,,,,SWOT_L2_HR_RiverSP_Reach_007_001_EU_20231123T104209_20231123T104211_PGC0_01.zip,river,
21500900395,no_data,Fiume Magra,44.15012927,9.8899941,,,,,,SWOT_L2_HR_RiverSP_Reach_007_001_EU_20231123T104209_20231123T104211_PGC0_01.zip,river,
21500900404,no_data,Fiume Magra,44.15876878,9.8931723,,,,,,SWOT_L2_HR_RiverSP_Reach_007_001_EU_20231123T104209_20231123T104211_PGC0_01.zip,river,
21500900414,no_data,Fiume Magra,44.16226318,9.8974438,,,,,,SWOT_L2_HR_RiverSP_Reach_007_001_EU_20231123T104209_20231123T104211_PGC0_01.zip,river,
21500900425,2023-11-23T10:43:00Z,Fiume Magra,44.16616482,9.9066061,21.7704,390.233405,0.00500041125,,,SWOT_L2_HR_RiverSP_Reach_007_001_EU_20231123T104209_20231123T104211_PGC0_01.zip,river,2023-11-23 10:43:00+00:00
21500900434,2023-11-23T10:43:00Z,Fiume Magra,44.16995794,9.9183815,28.5532,356.712574,-0.0018875753,,,SWOT_L2_HR_RiverSP_Reach_007_001_EU_20231123T104209_20231123T104211_PGC0_01.zip,river,2023-11-23 10:43:00+00:00
21500900444,2023-11-23T10:43:00Z,Fiume Magra,44.17257832,9.9248018,,191.859925,,,,SWOT_L2_HR_RiverSP_Reach_007_001_EU_20231123T104209_20231123T104211_PGC0_01.zip,river,2023-11-23 10:43:00+00:00
21500900455,2023-11-23T10:43:00Z,Fiume Magra,44.1887648,9.9372759,37.9941,97.206883,0.00321701288,,,SWOT_L2_HR_RiverSP_Reach_007_001_EU_20231123T104209_20231123T104211_PGC0_01.zip,river,2023-11-23 10:43:00+00:00
21406200021,no_data,Fiume Oglio,45.12874321,10.5044278,,,,,,SWOT_L2_HR_RiverSP_Reach_007_001_EU_20231123T104209_20231123T104211_PIC0_01.zip,river,
21406300031,no_data,Parma; Po,44.92391702,10.4975482,,,,,,SWOT_L2_HR_RiverSP_Reach_007_001_EU_20231123T104209_20231123T104211_PIC0_01.zip,river,
21406300041,no_data,Parma,44.96698609,10.4153531,,,,,,SWOT_L2_HR_RiverSP_Reach_007_001_EU_20231123T104209_20231123T104211_PIC0_01.zip,river,
21406300051,2023-11-23T10:43:02Z,Parma; Po,44.98238586,10.3257584,24.2814,201.879046,0.00012184075,,,SWOT_L2_HR_RiverSP_Reach_007_001_EU_20231123T104209_20231123T104211_PIC0_01.zip,river,2023-11-23 10:43:02+00:00
21406300061,2023-11-23T10:43:02Z,Po,45.0255784,10.1966661,24.9917,202.462128,1.074709e-05,,,SWOT_L2_HR_RiverSP_Reach_007_001_EU_20231123T104209_20231123T104211_PIC0_01.zip,river,2023-11-23 10:43:02+00:00
21406300071,2023-11-23T10:43:02Z,Po,45.04383353,10.0629096,26.014,276.427214,0.00015908063,,,SWOT_L2_HR_RiverSP_Reach_007_001_EU_20231123T104209_20231123T104211_PIC0_01.zip,river,2023-11-23 10:43:02+00:00
21406300081,2023-11-23T10:43:02Z,Po,45.11338408,10.0010764,27.7391,256.441691,0.00016429246,,,SWOT_L2_HR_RiverSP_Reach_007_001_EU_20231123T104209_20231123T104211_PIC0_01.zip,river,2023-11-23 10:43:02+00:00
21406300091,2023-11-23T10:43:02Z,Po,45.10509326,9.9334895,28.9393,170.83661,0.00011447439,,,SWOT_L2_HR_RiverSP_Reach_007_001_EU_20231123T104209_20231123T104211_PIC0_01.zip,river,2023-11-23 10:43:02+00:00
21406300111,2023-11-23T10:43:02Z,Po,45.12967127,9.9212745,29.7352,264.320528,0.00021688861,,,SWOT_L2_HR_RiverSP_Reach_007_001_EU_20231123T104209_20231123T104211_PIC0_01.zip,river,2023-11-23 10:43:02+00:00
21406400014,2023-11-23T10:43:02Z,Adda,45.13676214,9.8763325,31.1065,238.029212,0.00156039364,,,SWOT_L2_HR_RiverSP_Reach_007_001_EU_20231123T104209_20231123T104211_PIC0_01.zip,river,2023-11-23 10:43:02+00:00
21406500011,2023-11-23T10:43:02Z,Adda; Po,45.11288469,9.8866488,31.407,185.21825,-0.0002881813,,,SWOT_L2_HR_RiverSP_Reach_007_001_EU_20231123T104209_20231123T104211_PIC0_01.zip,river,2023-11-23 10:43:02+00:00
21406500021,2023-11-23T10:43:02Z,Po,45.08313086,9.8584456,40.408,334.477285,-7.67717e-05,,,SWOT_L2_HR_RiverSP_Reach_007_001_EU_20231123T104209_20231123T104211_PIC0_01.zip,river,2023-11-23 10:43:02+00:00
21406500031,2023-11-23T10:43:02Z,Po,45.08910017,9.7847586,39.2953,262.358364,9.952303e-05,,,SWOT_L2_HR_RiverSP_Reach_007_001_EU_20231123T104209_20231123T104211_PIC0_01.zip,river,2023-11-23 10:43:02+00:00
21406500041,2023-11-23T10:43:02Z,Po,45.07148237,9.704767,41.4772,271.466071,0.00012748112,,,SWOT_L2_HR_RiverSP_Reach_007_001_EU_20231123T104209_20231123T104211_PIC0_01.zip,river,2023-11-23 10:43:02+00:00
21406500051,2023-11-23T10:43:02Z,Po,45.11288369,9.6007179,43.8091,326.258601,0.0001577342,,,SWOT_L2_HR_RiverSP_Reach_007_001_EU_20231123T104209_20231123T104211_PIC0_01.zip,river,2023-11-23 10:43:02+00:00
21406500061,2023-11-23T10:43:02Z,Po,45.09545589,9.4901032,47.2902,279.906505,0.00024920644,,,SWOT_L2_HR_RiverSP_Reach_007_001_EU_20231123T104209_20231123T104211_PIC0_01.zip,river,2023-11-23 10:43:02+00:00
21406500071,2023-11-23T10:43:02Z,Po,45.11737939,9.3109347,50.7706,322.878168,0.0001979573,,,SWOT_L2_HR_RiverSP_Reach_007_001_EU_20231123T104209_20231123T104211_PIC0_01.zip,river,2023-11-23 10:43:02+00:00
21406500104,2023-11-23T10:43:02Z,Po,45.09264137,9.9046467,,178.575667,,,,SWOT_L2_HR_RiverSP_Reach_007_001_EU_20231123T104209_20231123T104211_PIC0_01.zip,river,2023-11-23 10:43:02+00:00
21406700011,2023-11-23T10:43:02Z,Po,45.12538309,9.1596345,53.8008,302.323082,0.00024173003,,,SWOT_L2_HR_RiverSP_Reach_007_001_EU_20231123T104209_20231123T104211_PIC0_01.zip,river,2023-11-23 10:43:02+00:00
21500900064,no_data,Fiume Magra,44.1080452,9.9369098,,,,,,SWOT_L2_HR_RiverSP_Reach_007_001_EU_20231123T104209_20231123T104211_PIC0_01.zip,river,
21500900335,no_data,Fiume Magra,44.07842653,9.9655885,,,,,,SWOT_L2_HR_RiverSP_Reach_007_001_EU_20231123T104209_20231123T104211_PIC0_01.zip,river,
21500900344,no_data,Fiume Magra,44.10398535,9.9379287,,,,,,SWOT_L2_HR_RiverSP_Reach_007_001_EU_20231123T104209_20231123T104211_PIC0_01.zip,river,
21500900355,no_data,Fiume Magra,44.12143652,9.9276433,,,,,,SWOT_L2_HR_RiverSP_Reach_007_001_EU_20231123T104209_20231123T104211_PIC0_01.zip,river,
21500900364,no_data,Fiume Magra,44.13142931,9.9138465,,,,,,SWOT_L2_HR_RiverSP_Reach_007_001_EU_20231123T104209_20231123T104211_PIC0_01.zip,river,
21500900375,no_data,Fiume Magra,44.13659356,9.9063001,,,,,,SWOT_L2_HR_RiverSP_Reach_007_001_EU_20231123T104209_20231123T104211_PIC0_01.zip,river,
21500900384,no_data,Fiume Magra,44.14283943,9.8981002,,,,,,SWOT_L2_HR_RiverSP_Reach_007_001_EU_20231123T104209_20231123T104211_PIC0_01.zip,river,
21500900395,no_data,Fiume Magra,44.15012927,9.8899941,,,,,,SWOT_L2_HR_RiverSP_Reach_007_001_EU_20231123T104209_20231123T104211_PIC0_01.zip,river,
21500900404,no_data,Fiume Magra,44.15876878,9.8931723,,,,,,SWOT_L2_HR_RiverSP_Reach_007_001_EU_20231123T104209_20231123T104211_PIC0_01.zip,river,
21500900414,no_data,Fiume Magra,44.16226318,9.8974438,,,,,,SWOT_L2_HR_RiverSP_Reach_007_001_EU_20231123T104209_20231123T104211_PIC0_01.zip,river,
21500900425,2023-11-23T10:43:00Z,Fiume Magra,44.16616482,9.9066061,21.8177,389.883705,0.00499158791,,,SWOT_L2_HR_RiverSP_Reach_007_001_EU_20231123T104209_20231123T104211_PIC0_01.zip,river,2023-11-23 10:43:00+00:00
21500900434,2023-11-23T10:43:00Z,Fiume Magra,44.16995794,9.9183815,28.6085,357.292718,-0.0018838615,,,SWOT_L2_HR_RiverSP_Reach_007_001_EU_20231123T104209_20231123T104211_PIC0_01.zip,river,2023-11-23 10:43:00+00:00
21500900444,2023-11-23T10:43:00Z,Fiume Magra,44.17257832,9.9248018,,188.301512,,,,SWOT_L2_HR_RiverSP_Reach_007_001_EU_20231123T104209_20231123T104211_PIC0_01.zip,river,2023-11-23 10:43:00+00:00
21500900455,2023-11-23T10:43:00Z,Fiume Magra,44.1887648,9.9372759,38.0451,97.407163,0.00321463052,,,SWOT_L2_HR_RiverSP_Reach_007_001_EU_20231123T104209_20231123T104211_PIC0_01.zip,river,2023-11-23 10:43:00+00:00
21404000011,2023-11-30T19:46:03Z,Adige,45.13669319,11.9340853,1.749,64.242563,0.0002737008,,,SWOT_L2_HR_RiverSP_Reach_007_208_EU_20231130T194339_20231130T194341_PGC0_01.zip,river,2023-11-30 19:46:03+00:00
21404000021,2023-11-30T19:46:03Z,Adige,45.1152242,11.8085946,2.6188,71.678469,0.00023126048,,,SWOT_L2_HR_RiverSP_Reach_007_208_EU_20231130T194339_20231130T194341_PGC0_01.zip,river,2023-11-30 19:46:03+00:00
21404000031,2023-11-30T19:46:03Z,Adige,45.10291143,11.6839963,5.6004,70.852006,0.00025041463,,,SWOT_L2_HR_RiverSP_Reach_007_208_EU_20231130T194339_20231130T194341_PGC0_01.zip,river,2023-11-30 19:46:03+00:00
21404000041,2023-11-30T19:46:02Z,Adige,45.11467588,11.5378009,9.2805,70.382372,0.00018855284,,,SWOT_L2_HR_RiverSP_Reach_007_208_EU_20231130T194339_20231130T194341_PGC0_01.zip,river,2023-11-30 19:46:02+00:00
21404000425,no_data,Adige; Fiume Adige,45.11811217,12.169194,,,,,,SWOT_L2_HR_RiverSP_Reach_007_208_EU_20231130T194339_20231130T194341_PGC0_01.zip,river,
21404000435,2023-11-30T19:46:03Z,Adige,45.13738683,12.0558708,,43.276886,,,,SWOT_L2_HR_RiverSP_Reach_007_208_EU_20231130T194339_20231130T194341_PGC0_01.zip,river,2023-11-30 19:46:03+00:00
21406100011,2023-11-30T19:46:12Z,no_data,44.97788826,11.9055543,1.244,309.345391,4.165804e-05,,,SWOT_L2_HR_RiverSP_Reach_007_208_EU_20231130T194339_20231130T194341_PGC0_01.zip,river,2023-11-30 19:46:12+00:00
21406100021,2023-11-30T19:46:12Z,Po,44.94767275,11.7511479,1.9141,299.890533,5.927906e-05,,,SWOT_L2_HR_RiverSP_Reach_007_208_EU_20231130T194339_20231130T194341_PGC0_01.zip,river,2023-11-30 19:46:12+00:00
21406100031,2023-11-30T19:46:12Z,Po,44.89965067,11.6362292,2.9035,354.441305,9.928874e-05,,,SWOT_L2_HR_RiverSP_Reach_007_208_EU_20231130T194339_20231130T194341_PGC0_01.zip,river,2023-11-30 19:46:12+00:00
21406100041,2023-11-30T19:46:11Z,Po,44.92732847,11.5407952,3.882,424.969842,8.444263e-05,,,SWOT_L2_HR_RiverSP_Reach_007_208_EU_20231130T194339_20231130T194341_PGC0_01.zip,river,2023-11-30 19:46:11+00:00
21406100051,2023-11-30T19:46:03Z,Po,44.95362753,11.4200067,5.1151,456.26801,0.0001097975,,,SWOT_L2_HR_RiverSP_Reach_007_208_EU_20231130T194339_20231130T194341_PGC0_01.zip,river,2023-11-30 19:46:03+00:00
21406100061,2023-11-30T19:46:03Z,Po,45.00951862,11.3007475,6.3983,394.861918,0.00018097937,,,SWOT_L2_HR_RiverSP_Reach_007_208_EU_20231130T194339_20231130T194341_PGC0_01.zip,river,2023-11-30 19:46:03+00:00
21406100071,2023-11-30T19:46:02Z,Po,45.05059331,11.2359852,10.5307,541.186672,0.00096731349,,,SWOT_L2_HR_RiverSP_Reach_007_208_EU_20231130T194339_20231130T194341_PGC0_01.zip,river,2023-11-30 19:46:02+00:00
21406100081,2023-11-30T19:46:02Z,Po,45.0526046,11.0864648,9.0831,378.393231,0.0001173218,,,SWOT_L2_HR_RiverSP_Reach_007_208_EU_20231130T194339_20231130T194341_PGC0_01.zip,river,2023-11-30 19:46:02+00:00
21406100091,2023-11-30T19:46:02Z,Fiume Mincio; Po,45.10017596,10.9113497,11.6484,13.687828,0.00019142898,,,SWOT_L2_HR_RiverSP_Reach_007_208_EU_20231130T194339_20231130T194341_PGC0_01.zip,river,2023-11-30 19:46:02+00:00
21406100101,2023-11-30T19:46:02Z,Po,45.06440534,10.9221059,10.9361,267.08373,0.00010733979,,,SWOT_L2_HR_RiverSP_Reach_007_208_EU_20231130T194339_20231130T194341_PGC0_01.zip,river,2023-11-30 19:46:02+00:00
21406100111,2023-11-30T19:46:02Z,Po,45.04625504,10.768001,12.9914,250.13235,0.00015321073,,,SWOT_L2_HR_RiverSP_Reach_007_208_EU_20231130T194339_20231130T194341_PGC0_01.zip,river,2023-11-30 19:46:02+00:00
21406100123,2023-11-30T19:46:02Z,Fiume Mincio,45.14246728,10.8162187,13.5766,,,,,SWOT_L2_HR_RiverSP_Reach_007_208_EU_20231130T194339_20231130T194341_PGC0_01.zip,river,2023-11-30 19:46:02+00:00
21406100285,no_data,Po di Venezia,44.97907136,12.2580871,,,,,,SWOT_L2_HR_RiverSP_Reach_007_208_EU_20231130T194339_20231130T194341_PGC0_01.zip,river,
21406100295,no_data,Po di Venezia,45.02022837,12.1647155,,,,,,SWOT_L2_HR_RiverSP_Reach_007_208_EU_20231130T194339_20231130T194341_PGC0_01.zip,river,
21406100305,2023-11-30T19:46:12Z,Po di Venezia,44.99976903,12.0782068,0.5487,348.538287,3.650062e-05,,,SWOT_L2_HR_RiverSP_Reach_007_208_EU_20231130T194339_20231130T194341_PGC0_01.zip,river,2023-11-30 19:46:12+00:00
21406100315,2023-11-30T19:46:12Z,Po,44.97645748,12.0255272,0.8217,359.284036,6.243365e-05,,,SWOT_L2_HR_RiverSP_Reach_007_208_EU_20231130T194339_20231130T194341_PGC0_01.zip,river,2023-11-30 19:46:12+00:00
21406200011,2023-11-30T19:46:02Z,Po,45.06313602,10.6021879,17.0919,43.97251,0.00026803496,,,SWOT_L2_HR_RiverSP_Reach_007_208_EU_20231130T194339_20231130T194341_PGC0_01.zip,river,2023-11-30 19:46:02+00:00
21406200021,2023-11-30T19:46:02Z,Fiume Oglio,45.12874321,10.5044278,20.1844,21.239157,0.00024915785,,,SWOT_L2_HR_RiverSP_Reach_007_208_EU_20231130T194339_20231130T194341_PGC0_01.zip,river,2023-11-30 19:46:02+00:00
21406300011,2023-11-30T19:46:02Z,Po,45.00223735,10.6801087,15.6451,246.018273,0.0001351845,,,SWOT_L2_HR_RiverSP_Reach_007_208_EU_20231130T194339_20231130T194341_PGC0_01.zip,river,2023-11-30 19:46:02+00:00
21406300021,2023-11-30T19:46:02Z,Po,44.92496107,10.6126319,17.8236,208.091034,0.00035814947,,,SWOT_L2_HR_RiverSP_Reach_007_208_EU_20231130T194339_20231130T194341_PGC0_01.zip,river,2023-11-30 19:46:02+00:00
21406300031,2023-11-30T19:46:02Z,Parma; Po,44.92391702,10.4975482,19.2722,202.023862,-0.0001493147,,,SWOT_L2_HR_RiverSP_Reach_007_208_EU_20231130T194339_20231130T194341_PGC0_01.zip,river,2023-11-30 19:46:02+00:00
21406300041,2023-11-30T19:46:02Z,Parma,44.96698609,10.4153531,19.4554,212.77913,0.00038338435,,,SWOT_L2_HR_RiverSP_Reach_007_208_EU_20231130T194339_20231130T194341_PGC0_01.zip,river,2023-11-30 19:46:02+00:00
21406300051,2023-11-30T19:46:02Z,Parma; Po,44.98238586,10.3257584,25.9303,149.017888,0.00486967829,,,SWOT_L2_HR_RiverSP_Reach_007_208_EU_20231130T194339_20231130T194341_PGC0_01.zip,river,2023-11-30 19:46:02+00:00
21406300061,no_data,Po,45.0255784,10.1966661,,,,,,SWOT_L2_HR_RiverSP_Reach_007_208_EU_20231130T194339_20231130T194341_PGC0_01.zip,river,
21407000035,no_data,Po di Goro,44.88212683,12.2910628,,,,,,SWOT_L2_HR_RiverSP_Reach_007_208_EU_20231130T194339_20231130T194341_PGC0_01.zip,river,
21407000045,no_data,Po di Goro,44.93225211,12.2569541,,,,,,SWOT_L2_HR_RiverSP_Reach_007_208_EU_20231130T194339_20231130T194341_PGC0_01.zip,river,
21407000055,2023-11-30T19:46:12Z,Po di Goro,44.94808193,12.128055,0.4798,23.732608,-0.0006564106,,,SWOT_L2_HR_RiverSP_Reach_007_208_EU_20231130T194339_20231130T194341_PGC0_01.zip,river,2023-11-30 19:46:12+00:00
21500800061,2023-11-30T19:46:23Z,Fiume Arno,43.70436492,10.7839405,71.0893,7.012663,-0.0070071103,,,SWOT_L2_HR_RiverSP_Reach_007_208_EU_20231130T194339_20231130T194341_PGC0_01.zip,river,2023-11-30 19:46:23+00:00
21500800074,2023-11-30T19:46:23Z,Fiume Arno,43.71763156,10.8700497,,44.243739,,,,SWOT_L2_HR_RiverSP_Reach_007_208_EU_20231130T194339_20231130T194341_PGC0_01.zip,river,2023-11-30 19:46:23+00:00
21500800081,2023-11-30T19:46:23Z,Fiume Arno,43.72780079,10.8953951,15.8267,3.848739,0.00132538728,,,SWOT_L2_HR_RiverSP_Reach_007_208_EU_20231130T194339_20231130T194341_PGC0_01.zip,river,2023-11-30 19:46:23+00:00
21500800094,2023-11-30T19:46:23Z,Fiume Arno,43.72897311,10.9212468,,39.919097,,,,SWOT_L2_HR_RiverSP_Reach_007_208_EU_20231130T194339_20231130T194341_PGC0_01.zip,river,2023-11-30 19:46:23+00:00
21500800101,2023-11-30T19:46:23Z,Fiume Arno,43.72609497,10.9424002,19.9704,8.796942,-0.0020438915,,,SWOT_L2_HR_RiverSP_Reach_007_208_EU_20231130T194339_20231130T194341_PGC0_01.zip,river,2023-11-30 19:46:23+00:00
21500800114,2023-11-30T19:46:23Z,Fiume Arno,43.73395613,10.9629417,,32.919746,,,,SWOT_L2_HR_RiverSP_Reach_007_208_EU_20231130T194339_20231130T194341_PGC0_01.zip,river,2023-11-30 19:46:23+00:00
21500800121,2023-11-30T19:46:23Z,Fiume Arno,43.739528,10.9815185,20.9792,22.837996,-0.0028101893,,,SWOT_L2_HR_RiverSP_Reach_007_208_EU_20231130T194339_20231130T194341_PGC0_01.zip,river,2023-11-30 19:46:23+00:00
21500800134,2023-11-30T19:46:23Z,Fiume Arno,43.73552158,10.9998728,,34.191172,,,,SWOT_L2_HR_RiverSP_Reach_007_208_EU_20231130T194339_20231130T194341_PGC0_01.zip,river,2023-11-30 19:46:23+00:00
21500800141,2023-11-30T19:46:23Z,Fiume Arno,43.74768721,11.0244481,23.0753,11.74716,0.00040761345,,,SWOT_L2_HR_RiverSP_Reach_007_208_EU_20231130T194339_20231130T194341_PGC0_01.zip,river,2023-11-30 19:46:23+00:00
21500800154,2023-11-30T19:46:23Z,Fiume Arno,43.76627758,11.0424554,,72.880186,,,,SWOT_L2_HR_RiverSP_Reach_007_208_EU_20231130T194339_20231130T194341_PGC0_01.zip,river,2023-11-30 19:46:23+00:00
21500800161,2023-11-30T19:46:23Z,Fiume Arno,43.77826116,11.1119621,31.4452,15.941288,0.00048771618,,,SWOT_L2_HR_RiverSP_Reach_007_208_EU_20231130T194339_20231130T194341_PGC0_01.zip,river,2023-11-30 19:46:23+00:00
21500800174,2023-11-30T19:46:23Z,Fiume Arno,43.78926005,11.1968555,,19.686956,,,,SWOT_L2_HR_RiverSP_Reach_007_208_EU_20231130T194339_20231130T194341_PGC0_01.zip,river,2023-11-30 19:46:23+00:00
21500800181,2023-11-30T19:46:23Z,Fiume Arno,43.7853558,11.2058467,33.8963,16.076372,-0.0096632019,,,SWOT_L2_HR_RiverSP_Reach_007_208_EU_20231130T194339_20231130T194341_PGC0_01.zip,river,2023-11-30 19:46:23+00:00
21500800194,2023-11-30T19:46:23Z,Fiume Arno,43.78123761,11.2146427,,20.725831,,,,SWOT_L2_HR_RiverSP_Reach_007_208_EU_20231130T194339_20231130T194341_PGC0_01.zip,river,2023-11-30 19:46:23+00:00
21500800201,2023-11-30T19:46:23Z,Fiume Arno,43.7758682,11.2295414,42.2227,31.17268,0.00334868051,,,SWOT_L2_HR_RiverSP_Reach_007_208_EU_20231130T194339_20231130T194341_PGC0_01.zip,river,2023-11-30 19:46:23+00:00
21500800214,2023-11-30T19:46:23Z,Fiume Arno,43.7710951,11.2443983,,34.322525,,,,SWOT_L2_HR_RiverSP_Reach_007_208_EU_20231130T194339_20231130T194341_PGC0_01.zip,river,2023-11-30 19:46:23+00:00
21500800221,2023-11-30T19:46:23Z,Fiume Arno,43.76715202,11.2554943,37.7734,13.360156,0.02755624348,,,SWOT_L2_HR_RiverSP_Reach_007_208_EU_20231130T194339_20231130T194341_PGC0_01.zip,river,2023-11-30 19:46:23+00:00
21500800234,2023-11-30T19:46:23Z,Fiume Arno,43.76500389,11.2673403,,89.492225,,,,SWOT_L2_HR_RiverSP_Reach_007_208_EU_20231130T194339_20231130T194341_PGC0_01.zip,river,2023-11-30 19:46:23+00:00
21500800241,2023-11-30T19:46:23Z,Fiume Arno,43.76412125,11.2917186,46.1711,65.08966,-0.0030124517,,,SWOT_L2_HR_RiverSP_Reach_007_208_EU_20231130T194339_20231130T194341_PGC0_01.zip,river,2023-11-30 19:46:23+00:00
21500800254,2023-11-30T19:46:23Z,Fiume Arno,43.76234794,11.3160621,,14.866142,,,,SWOT_L2_HR_RiverSP_Reach_007_208_EU_20231130T194339_20231130T194341_PGC0_01.zip,river,2023-11-30 19:46:23+00:00
21500800264,2023-11-30T19:46:23Z,Fiume Arno,43.76456329,11.3232663,52.8058,80.920835,-0.0086710218,,,SWOT_L2_HR_RiverSP_Reach_007_208_EU_20231130T194339_20231130T194341_PGC0_01.zip,river,2023-11-30 19:46:23+00:00
21500800274,2023-11-30T19:46:23Z,Fiume Arno,43.76832184,11.331508,58.4382,36.672379,0.00313214371,,,SWOT_L2_HR_RiverSP_Reach_007_208_EU_20231130T194339_20231130T194341_PGC0_01.zip,river,2023-11-30 19:46:23+00:00
21500800284,2023-11-30T19:46:23Z,Fiume Arno,43.76530457,11.337519,60.6129,64.024285,-0.0147698311,,,SWOT_L2_HR_RiverSP_Reach_007_208_EU_20231130T194339_20231130T194341_PGC0_01.zip,river,2023-11-30 19:46:23+00:00
21500800301,2023-11-30T19:46:23Z,Fiume Arno,43.77298059,11.3559331,56.0711,38.360787,0.00256119613,,,SWOT_L2_HR_RiverSP_Reach_007_208_EU_20231130T194339_20231130T194341_PGC0_01.zip,river,2023-11-30 19:46:23+00:00
21500800314,2023-11-30T19:46:23Z,Fiume Arno,43.78146667,11.3605945,,157.802092,,,,SWOT_L2_HR_RiverSP_Reach_007_208_EU_20231130T194339_20231130T194341_PGC0_01.zip,river,2023-11-30 19:46:23+00:00
21500800324,2023-11-30T19:46:23Z,Fiume Arno,43.78330118,11.3692522,66.2898,70.923613,-0.025526901,,,SWOT_L2_HR_RiverSP_Reach_007_208_EU_20231130T194339_20231130T194341_PGC0_01.zip,river,2023-11-30 19:46:23+00:00
21500800331,2023-11-30T19:46:23Z,Fiume Arno,43.78712321,11.3824156,,21.682458,,,,SWOT_L2_HR_RiverSP_Reach_007_208_EU_20231130T194339_20231130T194341_PGC0_01.zip,river,2023-11-30 19:46:23+00:00
21500800344,2023-11-30T19:46:23Z,Fiume Arno,43.79152438,11.3885935,,138.572427,,,,SWOT_L2_HR_RiverSP_Reach_007_208_EU_20231130T194339_20231130T194341_PGC0_01.zip,river,2023-11-30 19:46:23+00:00
21500800351,2023-11-30T19:46:23Z,Fiume Arno,43.75962957,11.4430708,91.2066,34.37954,0.00544657279,,,SWOT_L2_HR_RiverSP_Reach_007_208_EU_20231130T194339_20231130T194341_PGC0_01.zip,river,2023-11-30 19:46:23+00:00
21500800364,2023-11-30T19:46:31Z,Fiume Arno,43.72136726,11.4558202,,223.692456,,,,SWOT_L2_HR_RiverSP_Reach_007_208_EU_20231130T194339_20231130T194341_PGC0_01.zip,river,2023-11-30 19:46:31+00:00
21404000011,2023-11-30T19:46:03Z,Adige,45.13669319,11.9340853,1.7953,62.816927,0.00031836162,,,SWOT_L2_HR_RiverSP_Reach_007_208_EU_20231130T194339_20231130T194341_PIC0_01.zip,river,2023-11-30 19:46:03+00:00
21404000021,2023-11-30T19:46:03Z,Adige,45.1152242,11.8085946,2.536,71.841527,0.00018274023,,,SWOT_L2_HR_RiverSP_Reach_007_208_EU_20231130T194339_20231130T194341_PIC0_01.zip,river,2023-11-30 19:46:03+00:00
21404000031,2023-11-30T19:46:03Z,Adige,45.10291143,11.6839963,5.8184,70.937831,0.00024529014,,,SWOT_L2_HR_RiverSP_Reach_007_208_EU_20231130T194339_20231130T194341_PIC0_01.zip,river,2023-11-30 19:46:03+00:00
21404000041,2023-11-30T19:46:02Z,Adige,45.11467588,11.5378009,9.1762,70.612474,0.00020371908,,,SWOT_L2_HR_RiverSP_Reach_007_208_EU_20231130T194339_20231130T194341_PIC0_01.zip,river,2023-11-30 19:46:02+00:00
21404000425,no_data,Adige; Fiume Adige,45.11811217,12.169194,,,,,,SWOT_L2_HR_RiverSP_Reach_007_208_EU_20231130T194339_20231130T194341_PIC0_01.zip,river,
21404000435,2023-11-30T19:46:03Z,Adige,45.13738683,12.0558708,,43.280603,,,,SWOT_L2_HR_RiverSP_Reach_007_208_EU_20231130T194339_20231130T194341_PIC0_01.zip,river,2023-11-30 19:46:03+00:00
21406100011,2023-11-30T19:46:12Z,no_data,44.97788826,11.9055543,1.2583,309.40794,4.268015e-05,,,SWOT_L2_HR_RiverSP_Reach_007_208_EU_20231130T194339_20231130T194341_PIC0_01.zip,river,2023-11-30 19:46:12+00:00
21406100021,2023-11-30T19:46:12Z,Po,44.94767275,11.7511479,1.9477,300.019467,6.196566e-05,,,SWOT_L2_HR_RiverSP_Reach_007_208_EU_20231130T194339_20231130T194341_PIC0_01.zip,river,2023-11-30 19:46:12+00:00
21406100031,2023-11-30T19:46:12Z,Po,44.89965067,11.6362292,2.977,354.766267,0.00011173654,,,SWOT_L2_HR_RiverSP_Reach_007_208_EU_20231130T194339_20231130T194341_PIC0_01.zip,river,2023-11-30 19:46:12+00:00
21406100041,2023-11-30T19:46:11Z,Po,44.92732847,11.5407952,3.9129,424.966352,6.845594e-05,,,SWOT_L2_HR_RiverSP_Reach_007_208_EU_20231130T194339_20231130T194341_PIC0_01.zip,river,2023-11-30 19:46:11+00:00
21406100051,2023-11-30T19:46:03Z,Po,44.95362753,11.4200067,5.092,456.302305,0.00011038302,,,SWOT_L2_HR_RiverSP_Reach_007_208_EU_20231130T194339_20231130T194341_PIC0_01.zip,river,2023-11-30 19:46:03+00:00
21406100061,2023-11-30T19:46:03Z,Po,45.00951862,11.3007475,6.3955,391.97998,9.483364e-05,,,SWOT_L2_HR_RiverSP_Reach_007_208_EU_20231130T194339_20231130T194341_PIC0_01.zip,river,2023-11-30 19:46:03+00:00
21406100071,2023-11-30T19:46:02Z,Po,45.05059331,11.2359852,7.365,584.253708,9.553878e-05,,,SWOT_L2_HR_RiverSP_Reach_007_208_EU_20231130T194339_20231130T194341_PIC0_01.zip,river,2023-11-30 19:46:02+00:00
21406100081,2023-11-30T19:46:02Z,Po,45.0526046,11.0864648,9.0746,379.169974,0.00011472087,,,SWOT_L2_HR_RiverSP_Reach_007_208_EU_20231130T194339_20231130T194341_PIC0_01.zip,river,2023-11-30 19:46:02+00:00
21406100091,2023-11-30T19:46:02Z,Fiume Mincio; Po,45.10017596,10.9113497,11.6435,13.171939,0.00020127268,,,SWOT_L2_HR_RiverSP_Reach_007_208_EU_20231130T194339_20231130T194341_PIC0_01.zip,river,2023-11-30 19:46:02+00:00
21406100101,2023-11-30T19:46:02Z,Po,45.06440534,10.9221059,10.892,267.425782,0.00010171396,,,SWOT_L2_HR_RiverSP_Reach_007_208_EU_20231130T194339_20231130T194341_PIC0_01.zip,river,2023-11-30 19:46:02+00:00
21406100111,2023-11-30T19:46:02Z,Po,45.04625504,10.768001,12.8368,249.913078,0.00015437236,,,SWOT_L2_HR_RiverSP_Reach_007_208_EU_20231130T194339_20231130T194341_PIC0_01.zip,river,2023-11-30 19:46:02+00:00
21406100123,2023-11-30T19:46:02Z,Fiume Mincio,45.14246728,10.8162187,13.4911,,,,,SWOT_L2_HR_RiverSP_Reach_007_208_EU_20231130T194339_20231130T194341_PIC0_01.zip,river,2023-11-30 19:46:02+00:00
21406100285,no_data,Po di Venezia,44.97907136,12.2580871,,,,,,SWOT_L2_HR_RiverSP_Reach_007_208_EU_20231130T194339_20231130T194341_PIC0_01.zip,river,
21406100295,no_data,Po di Venezia,45.02022837,12.1647155,,,,,,SWOT_L2_HR_RiverSP_Reach_007_208_EU_20231130T194339_20231130T194341_PIC0_01.zip,river,
21406100305,2023-11-30T19:46:12Z,Po di Venezia,44.99976903,12.0782068,0.5344,348.197288,4.336657e-05,,,SWOT_L2_HR_RiverSP_Reach_007_208_EU_20231130T194339_20231130T194341_PIC0_01.zip,river,2023-11-30 19:46:12+00:00
21406100315,2023-11-30T19:46:12Z,Po,44.97645748,12.0255272,0.7842,359.286388,6.376357e-05,,,SWOT_L2_HR_RiverSP_Reach_007_208_EU_20231130T194339_20231130T194341_PIC0_01.zip,river,2023-11-30 19:46:12+00:00
21406200011,2023-11-30T19:46:02Z,Po,45.06313602,10.6021879,16.6818,43.566433,0.00026902955,,,SWOT_L2_HR_RiverSP_Reach_007_208_EU_20231130T194339_20231130T194341_PIC0_01.zip,river,2023-11-30 19:46:02+00:00
21406200021,2023-11-30T19:46:02Z,Fiume Oglio,45.12874321,10.5044278,19.799,21.005163,0.00023498693,,,SWOT_L2_HR_RiverSP_Reach_007_208_EU_20231130T194339_20231130T194341_PIC0_01.zip,river,2023-11-30 19:46:02+00:00
21406300011,2023-11-30T19:46:02Z,Po,45.00223735,10.6801087,15.5301,246.848938,0.00012186092,,,SWOT_L2_HR_RiverSP_Reach_007_208_EU_20231130T194339_20231130T194341_PIC0_01.zip,river,2023-11-30 19:46:02+00:00
21406300021,2023-11-30T19:46:02Z,Po,44.92496107,10.6126319,17.5832,207.881828,0.00037347382,,,SWOT_L2_HR_RiverSP_Reach_007_208_EU_20231130T194339_20231130T194341_PIC0_01.zip,river,2023-11-30 19:46:02+00:00
21406300031,2023-11-30T19:46:02Z,Parma; Po,44.92391702,10.4975482,18.8966,202.041977,-0.0001850864,,,SWOT_L2_HR_RiverSP_Reach_007_208_EU_20231130T194339_20231130T194341_PIC0_01.zip,river,2023-11-30 19:46:02+00:00
21406300041,2023-11-30T19:46:02Z,Parma,44.96698609,10.4153531,19.1261,212.844549,0.00044920763,,,SWOT_L2_HR_RiverSP_Reach_007_208_EU_20231130T194339_20231130T194341_PIC0_01.zip,river,2023-11-30 19:46:02+00:00
21406300051,2023-11-30T19:46:02Z,Parma; Po,44.98238586,10.3257584,26.2922,149.018656,0.00579789485,,,SWOT_L2_HR_RiverSP_Reach_007_208_EU_20231130T194339_20231130T194341_PIC0_01.zip,river,2023-11-30 19:46:02+00:00
21406300061,no_data,Po,45.0255784,10.1966661,,,,,,SWOT_L2_HR_RiverSP_Reach_007_208_EU_20231130T194339_20231130T194341_PIC0_01.zip,river,
21407000035,no_data,Po di Goro,44.88212683,12.2910628,,,,,,SWOT_L2_HR_RiverSP_Reach_007_208_EU_20231130T194339_20231130T194341_PIC0_01.zip,river,
21407000045,no_data,Po di Goro,44.93225211,12.2569541,,,,,,SWOT_L2_HR_RiverSP_Reach_007_208_EU_20231130T194339_20231130T194341_PIC0_01.zip,river,
21407000055,2023-11-30T19:46:12Z,Po di Goro,44.94808193,12.128055,-3.9661,24.43103,0.00077425351,,,SWOT_L2_HR_RiverSP_Reach_007_208_EU_20231130T194339_20231130T194341_PIC0_01.zip,river,2023-11-30 19:46:12+00:00
21500800061,2023-11-30T19:46:23Z,Fiume Arno,43.70436492,10.7839405,,6.789742,,,,SWOT_L2_HR_RiverSP_Reach_007_208_EU_20231130T194339_20231130T194341_PIC0_01.zip,river,2023-11-30 19:46:23+00:00
21500800074,2023-11-30T19:46:23Z,Fiume Arno,43.71763156,10.8700497,,44.255757,,,,SWOT_L2_HR_RiverSP_Reach_007_208_EU_20231130T194339_20231130T194341_PIC0_01.zip,river,2023-11-30 19:46:23+00:00
21500800081,2023-11-30T19:46:23Z,Fiume Arno,43.72780079,10.8953951,15.5308,4.587088,0.00121270928,,,SWOT_L2_HR_RiverSP_Reach_007_208_EU_20231130T194339_20231130T194341_PIC0_01.zip,river,2023-11-30 19:46:23+00:00
21500800094,2023-11-30T19:46:23Z,Fiume Arno,43.72897311,10.9212468,,40.52998,,,,SWOT_L2_HR_RiverSP_Reach_007_208_EU_20231130T194339_20231130T194341_PIC0_01.zip,river,2023-11-30 19:46:23+00:00
21500800101,2023-11-30T19:46:23Z,Fiume Arno,43.72609497,10.9424002,19.6065,8.810595,-0.0019600617,,,SWOT_L2_HR_RiverSP_Reach_007_208_EU_20231130T194339_20231130T194341_PIC0_01.zip,river,2023-11-30 19:46:23+00:00
21500800114,2023-11-30T19:46:23Z,Fiume Arno,43.73395613,10.9629417,,32.059522,,,,SWOT_L2_HR_RiverSP_Reach_007_208_EU_20231130T194339_20231130T194341_PIC0_01.zip,river,2023-11-30 19:46:23+00:00
21500800121,2023-11-30T19:46:23Z,Fiume Arno,43.739528,10.9815185,20.8293,22.539783,-0.0027967635,,,SWOT_L2_HR_RiverSP_Reach_007_208_EU_20231130T194339_20231130T194341_PIC0_01.zip,river,2023-11-30 19:46:23+00:00
21500800134,2023-11-30T19:46:23Z,Fiume Arno,43.73552158,10.9998728,,32.942048,,,,SWOT_L2_HR_RiverSP_Reach_007_208_EU_20231130T194339_20231130T194341_PIC0_01.zip,river,2023-11-30 19:46:23+00:00
21500800141,2023-11-30T19:46:23Z,Fiume Arno,43.74768721,11.0244481,23.0495,12.694591,0.00065059238,,,SWOT_L2_HR_RiverSP_Reach_007_208_EU_20231130T194339_20231130T194341_PIC0_01.zip,river,2023-11-30 19:46:23+00:00
21500800154,2023-11-30T19:46:23Z,Fiume Arno,43.76627758,11.0424554,,73.435503,,,,SWOT_L2_HR_RiverSP_Reach_007_208_EU_20231130T194339_20231130T194341_PIC0_01.zip,river,2023-11-30 19:46:23+00:00
21500800161,2023-11-30T19:46:23Z,Fiume Arno,43.77826116,11.1119621,31.4707,15.260409,0.00045172096,,,SWOT_L2_HR_RiverSP_Reach_007_208_EU_20231130T194339_20231130T194341_PIC0_01.zip,river,2023-11-30 19:46:23+00:00
21500800174,2023-11-30T19:46:23Z,Fiume Arno,43.78926005,11.1968555,,25.50339,,,,SWOT_L2_HR_RiverSP_Reach_007_208_EU_20231130T194339_20231130T194341_PIC0_01.zip,river,2023-11-30 19:46:23+00:00
21500800181,2023-11-30T19:46:23Z,Fiume Arno,43.7853558,11.2058467,33.6462,17.392978,-0.0088797151,,,SWOT_L2_HR_RiverSP_Reach_007_208_EU_20231130T194339_20231130T194341_PIC0_01.zip,river,2023-11-30 19:46:23+00:00
21500800194,2023-11-30T19:46:23Z,Fiume Arno,43.78123761,11.2146427,,19.327226,,,,SWOT_L2_HR_RiverSP_Reach_007_208_EU_20231130T194339_20231130T194341_PIC0_01.zip,river,2023-11-30 19:46:23+00:00
21500800201,2023-11-30T19:46:23Z,Fiume Arno,43.7758682,11.2295414,42.0969,32.021462,0.00324807384,,,SWOT_L2_HR_RiverSP_Reach_007_208_EU_20231130T194339_20231130T194341_PIC0_01.zip,river,2023-11-30 19:46:23+00:00
21500800214,2023-11-30T19:46:23Z,Fiume Arno,43.7710951,11.2443983,,36.480945,,,,SWOT_L2_HR_RiverSP_Reach_007_208_EU_20231130T194339_20231130T194341_PIC0_01.zip,river,2023-11-30 19:46:23+00:00
21500800221,2023-11-30T19:46:23Z,Fiume Arno,43.76715202,11.2554943,37.3741,12.892819,0.03004177061,,,SWOT_L2_HR_RiverSP_Reach_007_208_EU_20231130T194339_20231130T194341_PIC0_01.zip,river,2023-11-30 19:46:23+00:00
21500800234,2023-11-30T19:46:23Z,Fiume Arno,43.76500389,11.2673403,,89.46219,,,,SWOT_L2_HR_RiverSP_Reach_007_208_EU_20231130T194339_20231130T194341_PIC0_01.zip,river,2023-11-30 19:46:23+00:00
21500800241,2023-11-30T19:46:23Z,Fiume Arno,43.76412125,11.2917186,46.0816,64.584597,-0.0030196834,,,SWOT_L2_HR_RiverSP_Reach_007_208_EU_20231130T194339_20231130T194341_PIC0_01.zip,river,2023-11-30 19:46:23+00:00
21500800254,2023-11-30T19:46:23Z,Fiume Arno,43.76234794,11.3160621,,14.571182,,,,SWOT_L2_HR_RiverSP_Reach_007_208_EU_20231130T194339_20231130T194341_PIC0_01.zip,river,2023-11-30 19:46:23+00:00
21500800264,2023-11-30T19:46:23Z,Fiume Arno,43.76456329,11.3232663,51.8327,79.868434,-0.000121744,,,SWOT_L2_HR_RiverSP_Reach_007_208_EU_20231130T194339_20231130T194341_PIC0_01.zip,river,2023-11-30 19:46:23+00:00
21500800274,2023-11-30T19:46:23Z,Fiume Arno,43.76832184,11.331508,57.9262,35.940656,-0.0011526893,,,SWOT_L2_HR_RiverSP_Reach_007_208_EU_20231130T194339_20231130T194341_PIC0_01.zip,river,2023-11-30 19:46:23+00:00
21500800284,2023-11-30T19:46:23Z,Fiume Arno,43.76530457,11.337519,60.5405,64.441304,-0.0150116823,,,SWOT_L2_HR_RiverSP_Reach_007_208_EU_20231130T194339_20231130T194341_PIC0_01.zip,river,2023-11-30 19:46:23+00:00
21500800301,2023-11-30T19:46:23Z,Fiume Arno,43.77298059,11.3559331,57.3112,39.051496,0.00125168755,,,SWOT_L2_HR_RiverSP_Reach_007_208_EU_20231130T194339_20231130T194341_PIC0_01.zip,river,2023-11-30 19:46:23+00:00
21500800314,2023-11-30T19:46:23Z,Fiume Arno,43.78146667,11.3605945,,158.625596,,,,SWOT_L2_HR_RiverSP_Reach_007_208_EU_20231130T194339_20231130T194341_PIC0_01.zip,river,2023-11-30 19:46:23+00:00
21500800324,2023-11-30T19:46:23Z,Fiume Arno,43.78330118,11.3692522,66.2205,71.450126,-0.0254470072,,,SWOT_L2_HR_RiverSP_Reach_007_208_EU_20231130T194339_20231130T194341_PIC0_01.zip,river,2023-11-30 19:46:23+00:00
21500800331,2023-11-30T19:46:23Z,Fiume Arno,43.78712321,11.3824156,,23.840597,,,,SWOT_L2_HR_RiverSP_Reach_007_208_EU_20231130T194339_20231130T194341_PIC0_01.zip,river,2023-11-30 19:46:23+00:00
21500800344,2023-11-30T19:46:23Z,Fiume Arno,43.79152438,11.3885935,,62.957157,,,,SWOT_L2_HR_RiverSP_Reach_007_208_EU_20231130T194339_20231130T194341_PIC0_01.zip,river,2023-11-30 19:46:23+00:00
21500800351,2023-11-30T19:46:23Z,Fiume Arno,43.75962957,11.4430708,93.1736,34.131229,0.0057527324,,,SWOT_L2_HR_RiverSP_Reach_007_208_EU_20231130T194339_20231130T194341_PIC0_01.zip,river,2023-11-30 19:46:23+00:00
21500800364,2023-11-30T19:46:31Z,Fiume Arno,43.72136726,11.4558202,,221.207691,,,,SWOT_L2_HR_RiverSP_Reach_007_208_EU_20231130T194339_20231130T194341_PIC0_01.zip,river,2023-11-30 19:46:31+00:00
21406500041,no_data,Po,45.07148237,9.704767,,,,,,SWOT_L2_HR_RiverSP_Reach_007_236_EU_20231201T194417_20231201T194422_PIC0_01.zip,river,
21406500051,2023-12-01T19:46:34Z,Po,45.11288369,9.6007179,44.3356,261.011847,0.00026150465,,,SWOT_L2_HR_RiverSP_Reach_007_236_EU_20231201T194417_20231201T194422_PIC0_01.zip,river,2023-12-01 19:46:34+00:00
21406500061,2023-12-01T19:46:34Z,Po,45.09545589,9.4901032,47.6632,282.211935,0.00014658252,,,SWOT_L2_HR_RiverSP_Reach_007_236_EU_20231201T194417_20231201T194422_PIC0_01.zip,river,2023-12-01 19:46:34+00:00
21406500071,2023-12-01T19:46:34Z,Po,45.11737939,9.3109347,50.9598,353.374833,0.00023139768,,,SWOT_L2_HR_RiverSP_Reach_007_236_EU_20231201T194417_20231201T194422_PIC0_01.zip,river,2023-12-01 19:46:34+00:00
21406700011,2023-12-01T19:46:33Z,Po,45.12538309,9.1596345,54.2007,307.329891,0.00028322049,,,SWOT_L2_HR_RiverSP_Reach_007_236_EU_20231201T194417_20231201T194422_PIC0_01.zip,river,2023-12-01 19:46:33+00:00
21404000021,no_data,Adige,45.1152242,11.8085946,,,,,,SWOT_L2_HR_RiverSP_Reach_007_279_EU_20231203T090341_20231203T090349_PGC0_01.zip,river,
21404000031,2023-12-03T09:05:20Z,Adige,45.10291143,11.6839963,,3.643479,,,,SWOT_L2_HR_RiverSP_Reach_007_279_EU_20231203T090341_20231203T090349_PGC0_01.zip,river,2023-12-03 09:05:20+00:00
21404000041,2023-12-03T09:05:20Z,Adige,45.11467588,11.5378009,10.4325,73.670937,0.00022208572,,,SWOT_L2_HR_RiverSP_Reach_007_279_EU_20231203T090341_20231203T090349_PGC0_01.zip,river,2023-12-03 09:05:20+00:00
21406100031,no_data,Po,44.89965067,11.6362292,,,,,,SWOT_L2_HR_RiverSP_Reach_007_279_EU_20231203T090341_20231203T090349_PGC0_01.zip,river,
21406100041,2023-12-03T09:05:19Z,Po,44.92732847,11.5407952,5.002,453.522648,0.00010703761,,,SWOT_L2_HR_RiverSP_Reach_007_279_EU_20231203T090341_20231203T090349_PGC0_01.zip,river,2023-12-03 09:05:19+00:00
21406100051,2023-12-03T09:05:19Z,Po,44.95362753,11.4200067,6.5205,426.980389,0.00012445444,,,SWOT_L2_HR_RiverSP_Reach_007_279_EU_20231203T090341_20231203T090349_PGC0_01.zip,river,2023-12-03 09:05:19+00:00
21406100061,2023-12-03T09:05:20Z,Po,45.00951862,11.3007475,7.9581,367.482578,0.00011804816,,,SWOT_L2_HR_RiverSP_Reach_007_279_EU_20231203T090341_20231203T090349_PGC0_01.zip,river,2023-12-03 09:05:20+00:00
21406100071,2023-12-03T09:05:20Z,Po,45.05059331,11.2359852,9.3224,367.95296,0.00011240695,,,SWOT_L2_HR_RiverSP_Reach_007_279_EU_20231203T090341_20231203T090349_PGC0_01.zip,river,2023-12-03 09:05:20+00:00
21406100081,2023-12-03T09:05:20Z,Po,45.0526046,11.0864648,11.049,384.693393,0.00012816859,,,SWOT_L2_HR_RiverSP_Reach_007_279_EU_20231203T090341_20231203T090349_PGC0_01.zip,river,2023-12-03 09:05:20+00:00
21406100091,2023-12-03T09:05:20Z,Fiume Mincio; Po,45.10017596,10.9113497,13.3034,85.773197,9.193236e-05,,,SWOT_L2_HR_RiverSP_Reach_007_279_EU_20231203T090341_20231203T090349_PGC0_01.zip,river,2023-12-03 09:05:20+00:00
21406100101,2023-12-03T09:05:19Z,Po,45.06440534,10.9221059,13.139,393.055435,0.0001314116,,,SWOT_L2_HR_RiverSP_Reach_007_279_EU_20231203T090341_20231203T090349_PGC0_01.zip,river,2023-12-03 09:05:19+00:00
21406100111,2023-12-03T09:05:19Z,Po,45.04625504,10.768001,15.2306,372.399553,0.00013826684,,,SWOT_L2_HR_RiverSP_Reach_007_279_EU_20231203T090341_20231203T090349_PGC0_01.zip,river,2023-12-03 09:05:19+00:00
21406100123,2023-12-03T09:05:20Z,Fiume Mincio,45.14246728,10.8162187,13.614,,,,,SWOT_L2_HR_RiverSP_Reach_007_279_EU_20231203T090341_20231203T090349_PGC0_01.zip,river,2023-12-03 09:05:20+00:00
21406200011,2023-12-03T09:05:19Z,Po,45.06313602,10.6021879,18.2892,101.268209,0.00025029999,,,SWOT_L2_HR_RiverSP_Reach_007_279_EU_20231203T090341_20231203T090349_PGC0_01.zip,river,2023-12-03 09:05:19+00:00
21406200021,2023-12-03T09:05:19Z,Fiume Oglio,45.12874321,10.5044278,21.7905,113.304432,0.00023949354,,,SWOT_L2_HR_RiverSP_Reach_007_279_EU_20231203T090341_20231203T090349_PGC0_01.zip,river,2023-12-03 09:05:19+00:00
21406300011,no_data,Po,45.00223735,10.6801087,,,,,,SWOT_L2_HR_RiverSP_Reach_007_279_EU_20231203T090341_20231203T090349_PGC0_01.zip,river,
21406300021,2023-12-03T09:05:19Z,Po,44.92496107,10.6126319,19.1381,71.709367,5.655575e-05,,,SWOT_L2_HR_RiverSP_Reach_007_279_EU_20231203T090341_20231203T090349_PGC0_01.zip,river,2023-12-03 09:05:19+00:00
21406300031,2023-12-03T09:05:19Z,Parma; Po,44.92391702,10.4975482,20.6644,239.248283,0.00014444472,,,SWOT_L2_HR_RiverSP_Reach_007_279_EU_20231203T090341_20231203T090349_PGC0_01.zip,river,2023-12-03 09:05:19+00:00
21406300041,2023-12-03T09:05:19Z,Parma,44.96698609,10.4153531,21.9524,287.066406,0.00013079902,,,SWOT_L2_HR_RiverSP_Reach_007_279_EU_20231203T090341_20231203T090349_PGC0_01.zip,river,2023-12-03 09:05:19+00:00
21406300051,2023-12-03T09:05:19Z,Parma; Po,44.98238586,10.3257584,23.5958,219.942866,0.00014741905,,,SWOT_L2_HR_RiverSP_Reach_007_279_EU_20231203T090341_20231203T090349_PGC0_01.zip,river,2023-12-03 09:05:19+00:00
21406300061,2023-12-03T09:05:19Z,Po,45.0255784,10.1966661,26.4512,225.636676,0.00027064458,,,SWOT_L2_HR_RiverSP_Reach_007_279_EU_20231203T090341_20231203T090349_PGC0_01.zip,river,2023-12-03 09:05:19+00:00
21406300071,2023-12-03T09:05:19Z,Po,45.04383353,10.0629096,28.7743,226.689562,-5.1082e-06,,,SWOT_L2_HR_RiverSP_Reach_007_279_EU_20231203T090341_20231203T090349_PGC0_01.zip,river,2023-12-03 09:05:19+00:00
21406300081,2023-12-03T09:05:19Z,Po,45.11338408,10.0010764,29.2195,239.762033,0.00011534216,,,SWOT_L2_HR_RiverSP_Reach_007_279_EU_20231203T090341_20231203T090349_PGC0_01.zip,river,2023-12-03 09:05:19+00:00
21406300091,2023-12-03T09:05:19Z,Po,45.10509326,9.9334895,30.3093,137.917017,0.00012444683,,,SWOT_L2_HR_RiverSP_Reach_007_279_EU_20231203T090341_20231203T090349_PGC0_01.zip,river,2023-12-03 09:05:19+00:00
21406300111,2023-12-03T09:05:19Z,Po,45.12967127,9.9212745,30.2187,169.312982,8.024684e-05,,,SWOT_L2_HR_RiverSP_Reach_007_279_EU_20231203T090341_20231203T090349_PGC0_01.zip,river,2023-12-03 09:05:19+00:00
21406400014,2023-12-03T09:05:19Z,Adda,45.13676214,9.8763325,,92.385998,,,,SWOT_L2_HR_RiverSP_Reach_007_279_EU_20231203T090341_20231203T090349_PGC0_01.zip,river,2023-12-03 09:05:19+00:00
21406500011,2023-12-03T09:05:19Z,Adda; Po,45.11288469,9.8866488,31.332,161.251782,9.775665e-05,,,SWOT_L2_HR_RiverSP_Reach_007_279_EU_20231203T090341_20231203T090349_PGC0_01.zip,river,2023-12-03 09:05:19+00:00
21406500021,2023-12-03T09:05:19Z,Po,45.08313086,9.8584456,42.2727,287.927026,0.00031593154,,,SWOT_L2_HR_RiverSP_Reach_007_279_EU_20231203T090341_20231203T090349_PGC0_01.zip,river,2023-12-03 09:05:19+00:00
21406500031,no_data,Po,45.08910017,9.7847586,,,,,,SWOT_L2_HR_RiverSP_Reach_007_279_EU_20231203T090341_20231203T090349_PGC0_01.zip,river,
21406500041,no_data,Po,45.07148237,9.704767,,,,,,SWOT_L2_HR_RiverSP_Reach_007_279_EU_20231203T090341_20231203T090349_PGC0_01.zip,river,
21406500104,2023-12-03T09:05:19Z,Po,45.09264137,9.9046467,,109.07061,,,,SWOT_L2_HR_RiverSP_Reach_007_279_EU_20231203T090341_20231203T090349_PGC0_01.zip,river,2023-12-03 09:05:19+00:00
21500800021,2023-12-03T09:05:07Z,Fiume Arno,43.7081277,10.4445051,0.9911,79.328324,0.00011054683,,,SWOT_L2_HR_RiverSP_Reach_007_279_EU_20231203T090341_20231203T090349_PGC0_01.zip,river,2023-12-03 09:05:07+00:00
21500800061,2023-12-03T09:05:07Z,Fiume Arno,43.70436492,10.7839405,16.5815,33.614401,0.00037852292,,,SWOT_L2_HR_RiverSP_Reach_007_279_EU_20231203T090341_20231203T090349_PGC0_01.zip,river,2023-12-03 09:05:07+00:00
21500800074,2023-12-03T09:05:07Z,Fiume Arno,43.71763156,10.8700497,,34.157696,,,,SWOT_L2_HR_RiverSP_Reach_007_279_EU_20231203T090341_20231203T090349_PGC0_01.zip,river,2023-12-03 09:05:07+00:00
21500800081,2023-12-03T09:05:07Z,Fiume Arno,43.72780079,10.8953951,15.9805,13.39569,0.0010745333,,,SWOT_L2_HR_RiverSP_Reach_007_279_EU_20231203T090341_20231203T090349_PGC0_01.zip,river,2023-12-03 09:05:07+00:00
21500800094,2023-12-03T09:05:07Z,Fiume Arno,43.72897311,10.9212468,,54.308811,,,,SWOT_L2_HR_RiverSP_Reach_007_279_EU_20231203T090341_20231203T090349_PGC0_01.zip,river,2023-12-03 09:05:07+00:00
21500800101,2023-12-03T09:05:07Z,Fiume Arno,43.72609497,10.9424002,16.3758,18.824079,0.00082826889,,,SWOT_L2_HR_RiverSP_Reach_007_279_EU_20231203T090341_20231203T090349_PGC0_01.zip,river,2023-12-03 09:05:07+00:00
21500800114,2023-12-03T09:05:07Z,Fiume Arno,43.73395613,10.9629417,,112.271132,,,,SWOT_L2_HR_RiverSP_Reach_007_279_EU_20231203T090341_20231203T090349_PGC0_01.zip,river,2023-12-03 09:05:07+00:00
21500800121,2023-12-03T09:05:07Z,Fiume Arno,43.739528,10.9815185,19.3207,25.701434,-0.0005766414,,,SWOT_L2_HR_RiverSP_Reach_007_279_EU_20231203T090341_20231203T090349_PGC0_01.zip,river,2023-12-03 09:05:07+00:00
21500800134,2023-12-03T09:05:07Z,Fiume Arno,43.73552158,10.9998728,,45.78593,,,,SWOT_L2_HR_RiverSP_Reach_007_279_EU_20231203T090341_20231203T090349_PGC0_01.zip,river,2023-12-03 09:05:07+00:00
21500800141,2023-12-03T09:05:07Z,Fiume Arno,43.74768721,11.0244481,22.9681,18.677475,0.0007748402,,,SWOT_L2_HR_RiverSP_Reach_007_279_EU_20231203T090341_20231203T090349_PGC0_01.zip,river,2023-12-03 09:05:07+00:00
21500800154,2023-12-03T09:05:07Z,Fiume Arno,43.76627758,11.0424554,,67.921596,,,,SWOT_L2_HR_RiverSP_Reach_007_279_EU_20231203T090341_20231203T090349_PGC0_01.zip,river,2023-12-03 09:05:07+00:00
21500800161,2023-12-03T09:05:07Z,Fiume Arno,43.77826116,11.1119621,34.5089,28.340164,0.00127827671,,,SWOT_L2_HR_RiverSP_Reach_007_279_EU_20231203T090341_20231203T090349_PGC0_01.zip,river,2023-12-03 09:05:07+00:00
21500800174,no_data,Fiume Arno,43.78926005,11.1968555,,,,,,SWOT_L2_HR_RiverSP_Reach_007_279_EU_20231203T090341_20231203T090349_PGC0_01.zip,river,
21500800181,no_data,Fiume Arno,43.7853558,11.2058467,,,,,,SWOT_L2_HR_RiverSP_Reach_007_279_EU_20231203T090341_20231203T090349_PGC0_01.zip,river,
21500800194,no_data,Fiume Arno,43.78123761,11.2146427,,,,,,SWOT_L2_HR_RiverSP_Reach_007_279_EU_20231203T090341_20231203T090349_PGC0_01.zip,river,
21500800201,no_data,Fiume Arno,43.7758682,11.2295414,,,,,,SWOT_L2_HR_RiverSP_Reach_007_279_EU_20231203T090341_20231203T090349_PGC0_01.zip,river,
21500800214,no_data,Fiume Arno,43.7710951,11.2443983,,,,,,SWOT_L2_HR_RiverSP_Reach_007_279_EU_20231203T090341_20231203T090349_PGC0_01.zip,river,
21500800221,no_data,Fiume Arno,43.76715202,11.2554943,,,,,,SWOT_L2_HR_RiverSP_Reach_007_279_EU_20231203T090341_20231203T090349_PGC0_01.zip,river,
21500800234,no_data,Fiume Arno,43.76500389,11.2673403,,,,,,SWOT_L2_HR_RiverSP_Reach_007_279_EU_20231203T090341_20231203T090349_PGC0_01.zip,river,
21500800241,no_data,Fiume Arno,43.76412125,11.2917186,,,,,,SWOT_L2_HR_RiverSP_Reach_007_279_EU_20231203T090341_20231203T090349_PGC0_01.zip,river,
21500900013,2023-12-03T09:05:07Z,Serchio,43.76238147,10.3226477,1.0089,212.484644,0.00010641198,,,SWOT_L2_HR_RiverSP_Reach_007_279_EU_20231203T090341_20231203T090349_PGC0_01.zip,river,2023-12-03 09:05:07+00:00
21500900021,2023-12-03T09:05:07Z,Serchio,43.78117023,10.399042,,11.290079,,,,SWOT_L2_HR_RiverSP_Reach_007_279_EU_20231203T090341_20231203T090349_PGC0_01.zip,river,2023-12-03 09:05:07+00:00
21500900034,no_data,Serchio,43.78946261,10.4164431,,,,,,SWOT_L2_HR_RiverSP_Reach_007_279_EU_20231203T090341_20231203T090349_PGC0_01.zip,river,
21500900041,2023-12-03T09:05:07Z,Serchio,43.8036516,10.4063306,4.9487,131.895281,0.0002053654,,,SWOT_L2_HR_RiverSP_Reach_007_279_EU_20231203T090341_20231203T090349_PGC0_01.zip,river,2023-12-03 09:05:07+00:00
21500900064,2023-12-03T09:05:07Z,Fiume Magra,44.1080452,9.9369098,,207.407045,,,,SWOT_L2_HR_RiverSP_Reach_007_279_EU_20231203T090341_20231203T090349_PGC0_01.zip,river,2023-12-03 09:05:07+00:00
21500900184,2023-12-03T09:05:07Z,Serchio,43.8188553,10.4136918,,290.371165,,,,SWOT_L2_HR_RiverSP_Reach_007_279_EU_20231203T090341_20231203T090349_PGC0_01.zip,river,2023-12-03 09:05:07+00:00
21500900191,2023-12-03T09:05:07Z,Serchio,43.84327707,10.4415553,10.444,53.980234,0.00061512794,,,SWOT_L2_HR_RiverSP_Reach_007_279_EU_20231203T090341_20231203T090349_PGC0_01.zip,river,2023-12-03 09:05:07+00:00
21500900204,2023-12-03T09:05:07Z,Serchio,43.8539327,10.476405,,7.841903,,,,SWOT_L2_HR_RiverSP_Reach_007_279_EU_20231203T090341_20231203T090349_PGC0_01.zip,river,2023-12-03 09:05:07+00:00
21500900211,2023-12-03T09:05:07Z,Serchio,43.8532787,10.4915647,15.533,72.079238,0.00125192882,,,SWOT_L2_HR_RiverSP_Reach_007_279_EU_20231203T090341_20231203T090349_PGC0_01.zip,river,2023-12-03 09:05:07+00:00
21500900224,2023-12-03T09:05:07Z,Serchio,43.85677563,10.5059732,,124.319441,,,,SWOT_L2_HR_RiverSP_Reach_007_279_EU_20231203T090341_20231203T090349_PGC0_01.zip,river,2023-12-03 09:05:07+00:00
21500900231,2023-12-03T09:05:07Z,Serchio,43.88606154,10.5259476,38.8358,168.607382,0.00774884937,,,SWOT_L2_HR_RiverSP_Reach_007_279_EU_20231203T090341_20231203T090349_PGC0_01.zip,river,2023-12-03 09:05:07+00:00
21500900244,2023-12-03T09:05:07Z,Serchio,43.91649583,10.529312,,218.225275,,,,SWOT_L2_HR_RiverSP_Reach_007_279_EU_20231203T090341_20231203T090349_PGC0_01.zip,river,2023-12-03 09:05:07+00:00
21500900261,2023-12-03T09:05:07Z,Serchio,43.92488448,10.5296092,41.4376,85.461543,0.00179924799,,,SWOT_L2_HR_RiverSP_Reach_007_279_EU_20231203T090341_20231203T090349_PGC0_01.zip,river,2023-12-03 09:05:07+00:00
21500900274,2023-12-03T09:05:07Z,Serchio,43.92529227,10.5218935,,128.277241,,,,SWOT_L2_HR_RiverSP_Reach_007_279_EU_20231203T090341_20231203T090349_PGC0_01.zip,river,2023-12-03 09:05:07+00:00
21500900281,2023-12-03T09:05:07Z,Serchio,43.93088015,10.5087897,48.2254,112.872645,0.00296359075,,,SWOT_L2_HR_RiverSP_Reach_007_279_EU_20231203T090341_20231203T090349_PGC0_01.zip,river,2023-12-03 09:05:07+00:00
21500900294,2023-12-03T09:05:07Z,Serchio,43.93982305,10.5015469,,194.903481,,,,SWOT_L2_HR_RiverSP_Reach_007_279_EU_20231203T090341_20231203T090349_PGC0_01.zip,river,2023-12-03 09:05:07+00:00
21500900301,2023-12-03T09:05:07Z,Serchio,43.96338733,10.5238839,68.7121,165.278756,0.00393881378,,,SWOT_L2_HR_RiverSP_Reach_007_279_EU_20231203T090341_20231203T090349_PGC0_01.zip,river,2023-12-03 09:05:07+00:00
21500900314,2023-12-03T09:05:07Z,Serchio,43.98114573,10.5523043,,199.862533,,,,SWOT_L2_HR_RiverSP_Reach_007_279_EU_20231203T090341_20231203T090349_PGC0_01.zip,river,2023-12-03 09:05:07+00:00
21500900321,2023-12-03T09:05:07Z,Serchio,43.99085556,10.5533227,91.3485,102.208144,0.00216103504,,,SWOT_L2_HR_RiverSP_Reach_007_279_EU_20231203T090341_20231203T090349_PGC0_01.zip,river,2023-12-03 09:05:07+00:00
21500900335,2023-12-03T09:05:07Z,Fiume Magra,44.07842653,9.9655885,0.179,198.051671,0.00010757248,,,SWOT_L2_HR_RiverSP_Reach_007_279_EU_20231203T090341_20231203T090349_PGC0_01.zip,river,2023-12-03 09:05:07+00:00
21500900344,2023-12-03T09:05:07Z,Fiume Magra,44.10398535,9.9379287,,164.115289,,,,SWOT_L2_HR_RiverSP_Reach_007_279_EU_20231203T090341_20231203T090349_PGC0_01.zip,river,2023-12-03 09:05:07+00:00
21500900355,2023-12-03T09:05:07Z,Fiume Magra,44.12143652,9.9276433,5.8972,151.122644,0.00115895901,,,SWOT_L2_HR_RiverSP_Reach_007_279_EU_20231203T090341_20231203T090349_PGC0_01.zip,river,2023-12-03 09:05:07+00:00
21500900364,2023-12-03T09:05:07Z,Fiume Magra,44.13142931,9.9138465,,186.568874,,,,SWOT_L2_HR_RiverSP_Reach_007_279_EU_20231203T090341_20231203T090349_PGC0_01.zip,river,2023-12-03 09:05:07+00:00
21500900375,2023-12-03T09:05:07Z,Fiume Magra,44.13659356,9.9063001,9.7427,113.424129,0.00295040006,,,SWOT_L2_HR_RiverSP_Reach_007_279_EU_20231203T090341_20231203T090349_PGC0_01.zip,river,2023-12-03 09:05:07+00:00
21500900384,2023-12-03T09:05:07Z,Fiume Magra,44.14283943,9.8981002,,251.639409,,,,SWOT_L2_HR_RiverSP_Reach_007_279_EU_20231203T090341_20231203T090349_PGC0_01.zip,river,2023-12-03 09:05:07+00:00
21500900395,2023-12-03T09:05:08Z,Fiume Magra,44.15012927,9.8899941,14.1297,110.93389,0.00183791432,,,SWOT_L2_HR_RiverSP_Reach_007_279_EU_20231203T090341_20231203T090349_PGC0_01.zip,river,2023-12-03 09:05:08+00:00
21500900404,2023-12-03T09:05:08Z,Fiume Magra,44.15876878,9.8931723,17.6525,68.207725,0.00486181527,,,SWOT_L2_HR_RiverSP_Reach_007_279_EU_20231203T090341_20231203T090349_PGC0_01.zip,river,2023-12-03 09:05:08+00:00
21500900414,2023-12-03T09:05:08Z,Fiume Magra,44.16226318,9.8974438,,111.648552,,,,SWOT_L2_HR_RiverSP_Reach_007_279_EU_20231203T090341_20231203T090349_PGC0_01.zip,river,2023-12-03 09:05:08+00:00
21500900425,2023-12-03T09:05:08Z,Fiume Magra,44.16616482,9.9066061,22.1529,114.247146,0.00293602978,,,SWOT_L2_HR_RiverSP_Reach_007_279_EU_20231203T090341_20231203T090349_PGC0_01.zip,river,2023-12-03 09:05:08+00:00
21500900434,2023-12-03T09:05:08Z,Fiume Magra,44.16995794,9.9183815,26.4755,82.901667,0.00428173543,,,SWOT_L2_HR_RiverSP_Reach_007_279_EU_20231203T090341_20231203T090349_PGC0_01.zip,river,2023-12-03 09:05:08+00:00
21500900444,2023-12-03T09:05:08Z,Fiume Magra,44.17257832,9.9248018,,137.074756,,,,SWOT_L2_HR_RiverSP_Reach_007_279_EU_20231203T090341_20231203T090349_PGC0_01.zip,river,2023-12-03 09:05:08+00:00
21500900455,2023-12-03T09:05:08Z,Fiume Magra,44.1887648,9.9372759,38.5732,49.505372,0.0032976923,,,SWOT_L2_HR_RiverSP_Reach_007_279_EU_20231203T090341_20231203T090349_PGC0_01.zip,river,2023-12-03 09:05:08+00:00
21404000021,no_data,Adige,45.1152242,11.8085946,,,,,,SWOT_L2_HR_RiverSP_Reach_007_279_EU_20231203T090341_20231203T090349_PIC0_01.zip,river,
21404000031,2023-12-03T09:05:20Z,Adige,45.10291143,11.6839963,,3.643478,,,,SWOT_L2_HR_RiverSP_Reach_007_279_EU_20231203T090341_20231203T090349_PIC0_01.zip,river,2023-12-03 09:05:20+00:00
21404000041,2023-12-03T09:05:20Z,Adige,45.11467588,11.5378009,10.4053,84.302999,0.00028657297,,,SWOT_L2_HR_RiverSP_Reach_007_279_EU_20231203T090341_20231203T090349_PIC0_01.zip,river,2023-12-03 09:05:20+00:00
21406100031,no_data,Po,44.89965067,11.6362292,,,,,,SWOT_L2_HR_RiverSP_Reach_007_279_EU_20231203T090341_20231203T090349_PIC0_01.zip,river,
21406100041,2023-12-03T09:05:19Z,Po,44.92732847,11.5407952,5.0051,453.635527,0.00010698617,,,SWOT_L2_HR_RiverSP_Reach_007_279_EU_20231203T090341_20231203T090349_PIC0_01.zip,river,2023-12-03 09:05:19+00:00
21406100051,2023-12-03T09:05:19Z,Po,44.95362753,11.4200067,6.523,426.981163,0.00012440811,,,SWOT_L2_HR_RiverSP_Reach_007_279_EU_20231203T090341_20231203T090349_PIC0_01.zip,river,2023-12-03 09:05:19+00:00
21406100061,2023-12-03T09:05:20Z,Po,45.00951862,11.3007475,7.9601,367.4826,0.00011801927,,,SWOT_L2_HR_RiverSP_Reach_007_279_EU_20231203T090341_20231203T090349_PIC0_01.zip,river,2023-12-03 09:05:20+00:00
21406100071,2023-12-03T09:05:20Z,Po,45.05059331,11.2359852,9.3244,367.95303,0.00011239634,,,SWOT_L2_HR_RiverSP_Reach_007_279_EU_20231203T090341_20231203T090349_PIC0_01.zip,river,2023-12-03 09:05:20+00:00
21406100081,2023-12-03T09:05:20Z,Po,45.0526046,11.0864648,11.0506,384.63161,0.00012816215,,,SWOT_L2_HR_RiverSP_Reach_007_279_EU_20231203T090341_20231203T090349_PIC0_01.zip,river,2023-12-03 09:05:20+00:00
21406100091,2023-12-03T09:05:20Z,Fiume Mincio; Po,45.10017596,10.9113497,13.305,85.16468,9.193531e-05,,,SWOT_L2_HR_RiverSP_Reach_007_279_EU_20231203T090341_20231203T090349_PIC0_01.zip,river,2023-12-03 09:05:20+00:00
21406100101,2023-12-03T09:05:19Z,Po,45.06440534,10.9221059,13.1407,392.708966,0.00013142621,,,SWOT_L2_HR_RiverSP_Reach_007_279_EU_20231203T090341_20231203T090349_PIC0_01.zip,river,2023-12-03 09:05:19+00:00
21406100111,2023-12-03T09:05:19Z,Po,45.04625504,10.768001,15.2324,370.8768,0.00013799285,,,SWOT_L2_HR_RiverSP_Reach_007_279_EU_20231203T090341_20231203T090349_PIC0_01.zip,river,2023-12-03 09:05:19+00:00
21406100123,2023-12-03T09:05:20Z,Fiume Mincio,45.14246728,10.8162187,13.6158,,,,,SWOT_L2_HR_RiverSP_Reach_007_279_EU_20231203T090341_20231203T090349_PIC0_01.zip,river,2023-12-03 09:05:20+00:00
21406200011,2023-12-03T09:05:19Z,Po,45.06313602,10.6021879,18.2911,100.974533,0.00025009577,,,SWOT_L2_HR_RiverSP_Reach_007_279_EU_20231203T090341_20231203T090349_PIC0_01.zip,river,2023-12-03 09:05:19+00:00
21406200021,2023-12-03T09:05:19Z,Fiume Oglio,45.12874321,10.5044278,21.792,113.303978,0.00023952302,,,SWOT_L2_HR_RiverSP_Reach_007_279_EU_20231203T090341_20231203T090349_PIC0_01.zip,river,2023-12-03 09:05:19+00:00
21406300011,no_data,Po,45.00223735,10.6801087,,,,,,SWOT_L2_HR_RiverSP_Reach_007_279_EU_20231203T090341_20231203T090349_PIC0_01.zip,river,
21406300021,2023-12-03T09:05:19Z,Po,44.92496107,10.6126319,19.1181,33.502647,4.605666e-05,,,SWOT_L2_HR_RiverSP_Reach_007_279_EU_20231203T090341_20231203T090349_PIC0_01.zip,river,2023-12-03 09:05:19+00:00
21406300031,2023-12-03T09:05:19Z,Parma; Po,44.92391702,10.4975482,20.6659,239.247673,0.00014449147,,,SWOT_L2_HR_RiverSP_Reach_007_279_EU_20231203T090341_20231203T090349_PIC0_01.zip,river,2023-12-03 09:05:19+00:00
21406300041,2023-12-03T09:05:19Z,Parma,44.96698609,10.4153531,21.954,287.06586,0.00013083799,,,SWOT_L2_HR_RiverSP_Reach_007_279_EU_20231203T090341_20231203T090349_PIC0_01.zip,river,2023-12-03 09:05:19+00:00
21406300051,2023-12-03T09:05:19Z,Parma; Po,44.98238586,10.3257584,23.598,219.943127,0.00014746499,,,SWOT_L2_HR_RiverSP_Reach_007_279_EU_20231203T090341_20231203T090349_PIC0_01.zip,river,2023-12-03 09:05:19+00:00
21406300061,2023-12-03T09:05:19Z,Po,45.0255784,10.1966661,26.4549,225.652727,0.00027086204,,,SWOT_L2_HR_RiverSP_Reach_007_279_EU_20231203T090341_20231203T090349_PIC0_01.zip,river,2023-12-03 09:05:19+00:00
21406300071,2023-12-03T09:05:19Z,Po,45.04383353,10.0629096,28.7786,226.712848,-5.1463e-06,,,SWOT_L2_HR_RiverSP_Reach_007_279_EU_20231203T090341_20231203T090349_PIC0_01.zip,river,2023-12-03 09:05:19+00:00
21406300081,2023-12-03T09:05:19Z,Po,45.11338408,10.0010764,29.2243,239.719425,0.00011537918,,,SWOT_L2_HR_RiverSP_Reach_007_279_EU_20231203T090341_20231203T090349_PIC0_01.zip,river,2023-12-03 09:05:19+00:00
21406300091,2023-12-03T09:05:19Z,Po,45.10509326,9.9334895,30.3142,138.028688,0.00012442337,,,SWOT_L2_HR_RiverSP_Reach_007_279_EU_20231203T090341_20231203T090349_PIC0_01.zip,river,2023-12-03 09:05:19+00:00
21406300111,2023-12-03T09:05:19Z,Po,45.12967127,9.9212745,30.2251,169.46816,8.055295e-05,,,SWOT_L2_HR_RiverSP_Reach_007_279_EU_20231203T090341_20231203T090349_PIC0_01.zip,river,2023-12-03 09:05:19+00:00
21406400014,2023-12-03T09:05:19Z,Adda,45.13676214,9.8763325,,92.385878,,,,SWOT_L2_HR_RiverSP_Reach_007_279_EU_20231203T090341_20231203T090349_PIC0_01.zip,river,2023-12-03 09:05:19+00:00
21406500011,2023-12-03T09:05:19Z,Adda; Po,45.11288469,9.8866488,31.3451,161.222459,0.00010058054,,,SWOT_L2_HR_RiverSP_Reach_007_279_EU_20231203T090341_20231203T090349_PIC0_01.zip,river,2023-12-03 09:05:19+00:00
21406500021,2023-12-03T09:05:19Z,Po,45.08313086,9.8584456,42.3037,287.821282,0.00031972316,,,SWOT_L2_HR_RiverSP_Reach_007_279_EU_20231203T090341_20231203T090349_PIC0_01.zip,river,2023-12-03 09:05:19+00:00
21406500031,no_data,Po,45.08910017,9.7847586,,,,,,SWOT_L2_HR_RiverSP_Reach_007_279_EU_20231203T090341_20231203T090349_PIC0_01.zip,river,
21406500041,no_data,Po,45.07148237,9.704767,,,,,,SWOT_L2_HR_RiverSP_Reach_007_279_EU_20231203T090341_20231203T090349_PIC0_01.zip,river,
21406500104,2023-12-03T09:05:19Z,Po,45.09264137,9.9046467,,109.070642,,,,SWOT_L2_HR_RiverSP_Reach_007_279_EU_20231203T090341_20231203T090349_PIC0_01.zip,river,2023-12-03 09:05:19+00:00
21500800021,2023-12-03T09:05:07Z,Fiume Arno,43.7081277,10.4445051,1.0674,79.499997,9.478808e-05,,,SWOT_L2_HR_RiverSP_Reach_007_279_EU_20231203T090341_20231203T090349_PIC0_01.zip,river,2023-12-03 09:05:07+00:00
21500800061,2023-12-03T09:05:07Z,Fiume Arno,43.70436492,10.7839405,16.5853,33.580097,0.00044794689,,,SWOT_L2_HR_RiverSP_Reach_007_279_EU_20231203T090341_20231203T090349_PIC0_01.zip,river,2023-12-03 09:05:07+00:00
21500800074,2023-12-03T09:05:07Z,Fiume Arno,43.71763156,10.8700497,,34.156655,,,,SWOT_L2_HR_RiverSP_Reach_007_279_EU_20231203T090341_20231203T090349_PIC0_01.zip,river,2023-12-03 09:05:07+00:00
21500800081,2023-12-03T09:05:07Z,Fiume Arno,43.72780079,10.8953951,15.9832,13.395409,0.00107340047,,,SWOT_L2_HR_RiverSP_Reach_007_279_EU_20231203T090341_20231203T090349_PIC0_01.zip,river,2023-12-03 09:05:07+00:00
21500800094,2023-12-03T09:05:07Z,Fiume Arno,43.72897311,10.9212468,,54.308626,,,,SWOT_L2_HR_RiverSP_Reach_007_279_EU_20231203T090341_20231203T090349_PIC0_01.zip,river,2023-12-03 09:05:07+00:00
21500800101,2023-12-03T09:05:07Z,Fiume Arno,43.72609497,10.9424002,16.383,18.825973,0.0008326749,,,SWOT_L2_HR_RiverSP_Reach_007_279_EU_20231203T090341_20231203T090349_PIC0_01.zip,river,2023-12-03 09:05:07+00:00
21500800114,2023-12-03T09:05:07Z,Fiume Arno,43.73395613,10.9629417,,112.272009,,,,SWOT_L2_HR_RiverSP_Reach_007_279_EU_20231203T090341_20231203T090349_PIC0_01.zip,river,2023-12-03 09:05:07+00:00
21500800121,2023-12-03T09:05:07Z,Fiume Arno,43.739528,10.9815185,19.3234,25.701009,-0.0005765811,,,SWOT_L2_HR_RiverSP_Reach_007_279_EU_20231203T090341_20231203T090349_PIC0_01.zip,river,2023-12-03 09:05:07+00:00
21500800134,2023-12-03T09:05:07Z,Fiume Arno,43.73552158,10.9998728,,45.785447,,,,SWOT_L2_HR_RiverSP_Reach_007_279_EU_20231203T090341_20231203T090349_PIC0_01.zip,river,2023-12-03 09:05:07+00:00
21500800141,2023-12-03T09:05:07Z,Fiume Arno,43.74768721,11.0244481,22.9723,18.688295,0.00077491259,,,SWOT_L2_HR_RiverSP_Reach_007_279_EU_20231203T090341_20231203T090349_PIC0_01.zip,river,2023-12-03 09:05:07+00:00
21500800154,2023-12-03T09:05:07Z,Fiume Arno,43.76627758,11.0424554,,67.921388,,,,SWOT_L2_HR_RiverSP_Reach_007_279_EU_20231203T090341_20231203T090349_PIC0_01.zip,river,2023-12-03 09:05:07+00:00
21500800161,2023-12-03T09:05:07Z,Fiume Arno,43.77826116,11.1119621,34.502,28.463405,0.00127559285,,,SWOT_L2_HR_RiverSP_Reach_007_279_EU_20231203T090341_20231203T090349_PIC0_01.zip,river,2023-12-03 09:05:07+00:00
21500800174,no_data,Fiume Arno,43.78926005,11.1968555,,,,,,SWOT_L2_HR_RiverSP_Reach_007_279_EU_20231203T090341_20231203T090349_PIC0_01.zip,river,
21500800181,no_data,Fiume Arno,43.7853558,11.2058467,,,,,,SWOT_L2_HR_RiverSP_Reach_007_279_EU_20231203T090341_20231203T090349_PIC0_01.zip,river,
21500800194,no_data,Fiume Arno,43.78123761,11.2146427,,,,,,SWOT_L2_HR_RiverSP_Reach_007_279_EU_20231203T090341_20231203T090349_PIC0_01.zip,river,
21500800201,no_data,Fiume Arno,43.7758682,11.2295414,,,,,,SWOT_L2_HR_RiverSP_Reach_007_279_EU_20231203T090341_20231203T090349_PIC0_01.zip,river,
21500800214,no_data,Fiume Arno,43.7710951,11.2443983,,,,,,SWOT_L2_HR_RiverSP_Reach_007_279_EU_20231203T090341_20231203T090349_PIC0_01.zip,river,
21500800221,no_data,Fiume Arno,43.76715202,11.2554943,,,,,,SWOT_L2_HR_RiverSP_Reach_007_279_EU_20231203T090341_20231203T090349_PIC0_01.zip,river,
21500800234,no_data,Fiume Arno,43.76500389,11.2673403,,,,,,SWOT_L2_HR_RiverSP_Reach_007_279_EU_20231203T090341_20231203T090349_PIC0_01.zip,river,
21500800241,no_data,Fiume Arno,43.76412125,11.2917186,,,,,,SWOT_L2_HR_RiverSP_Reach_007_279_EU_20231203T090341_20231203T090349_PIC0_01.zip,river,
21500900013,2023-12-03T09:05:07Z,Serchio,43.76238147,10.3226477,0.7206,213.530491,0.00019924401,,,SWOT_L2_HR_RiverSP_Reach_007_279_EU_20231203T090341_20231203T090349_PIC0_01.zip,river,2023-12-03 09:05:07+00:00
21500900021,no_data,Serchio,43.78117023,10.399042,,3.001419,,,,SWOT_L2_HR_RiverSP_Reach_007_279_EU_20231203T090341_20231203T090349_PIC0_01.zip,river,
21500900034,no_data,Serchio,43.78946261,10.4164431,,,,,,SWOT_L2_HR_RiverSP_Reach_007_279_EU_20231203T090341_20231203T090349_PIC0_01.zip,river,
21500900041,2023-12-03T09:05:07Z,Serchio,43.8036516,10.4063306,4.9494,131.583322,0.00020519562,,,SWOT_L2_HR_RiverSP_Reach_007_279_EU_20231203T090341_20231203T090349_PIC0_01.zip,river,2023-12-03 09:05:07+00:00
21500900064,2023-12-03T09:05:07Z,Fiume Magra,44.1080452,9.9369098,,206.482216,,,,SWOT_L2_HR_RiverSP_Reach_007_279_EU_20231203T090341_20231203T090349_PIC0_01.zip,river,2023-12-03 09:05:07+00:00
21500900184,2023-12-03T09:05:07Z,Serchio,43.8188553,10.4136918,,290.371039,,,,SWOT_L2_HR_RiverSP_Reach_007_279_EU_20231203T090341_20231203T090349_PIC0_01.zip,river,2023-12-03 09:05:07+00:00
21500900191,2023-12-03T09:05:07Z,Serchio,43.84327707,10.4415553,10.4458,53.698763,0.00061511722,,,SWOT_L2_HR_RiverSP_Reach_007_279_EU_20231203T090341_20231203T090349_PIC0_01.zip,river,2023-12-03 09:05:07+00:00
21500900204,2023-12-03T09:05:07Z,Serchio,43.8539327,10.476405,,7.842481,,,,SWOT_L2_HR_RiverSP_Reach_007_279_EU_20231203T090341_20231203T090349_PIC0_01.zip,river,2023-12-03 09:05:07+00:00
21500900211,2023-12-03T09:05:07Z,Serchio,43.8532787,10.4915647,15.5348,72.079414,0.00125194695,,,SWOT_L2_HR_RiverSP_Reach_007_279_EU_20231203T090341_20231203T090349_PIC0_01.zip,river,2023-12-03 09:05:07+00:00
21500900224,2023-12-03T09:05:07Z,Serchio,43.85677563,10.5059732,,124.324154,,,,SWOT_L2_HR_RiverSP_Reach_007_279_EU_20231203T090341_20231203T090349_PIC0_01.zip,river,2023-12-03 09:05:07+00:00
21500900231,2023-12-03T09:05:07Z,Serchio,43.88606154,10.5259476,38.8379,168.609525,0.00774905151,,,SWOT_L2_HR_RiverSP_Reach_007_279_EU_20231203T090341_20231203T090349_PIC0_01.zip,river,2023-12-03 09:05:07+00:00
21500900244,2023-12-03T09:05:07Z,Serchio,43.91649583,10.529312,,218.221029,,,,SWOT_L2_HR_RiverSP_Reach_007_279_EU_20231203T090341_20231203T090349_PIC0_01.zip,river,2023-12-03 09:05:07+00:00
21500900261,2023-12-03T09:05:07Z,Serchio,43.92488448,10.5296092,41.4394,85.461156,0.00179924487,,,SWOT_L2_HR_RiverSP_Reach_007_279_EU_20231203T090341_20231203T090349_PIC0_01.zip,river,2023-12-03 09:05:07+00:00
21500900274,2023-12-03T09:05:07Z,Serchio,43.92529227,10.5218935,,128.276784,,,,SWOT_L2_HR_RiverSP_Reach_007_279_EU_20231203T090341_20231203T090349_PIC0_01.zip,river,2023-12-03 09:05:07+00:00
21500900281,2023-12-03T09:05:07Z,Serchio,43.93088015,10.5087897,48.2272,112.872353,0.00296360751,,,SWOT_L2_HR_RiverSP_Reach_007_279_EU_20231203T090341_20231203T090349_PIC0_01.zip,river,2023-12-03 09:05:07+00:00
21500900294,2023-12-03T09:05:07Z,Serchio,43.93982305,10.5015469,,194.892826,,,,SWOT_L2_HR_RiverSP_Reach_007_279_EU_20231203T090341_20231203T090349_PIC0_01.zip,river,2023-12-03 09:05:07+00:00
21500900301,2023-12-03T09:05:07Z,Serchio,43.96338733,10.5238839,68.321,165.409427,0.00384881439,,,SWOT_L2_HR_RiverSP_Reach_007_279_EU_20231203T090341_20231203T090349_PIC0_01.zip,river,2023-12-03 09:05:07+00:00
21500900314,2023-12-03T09:05:07Z,Serchio,43.98114573,10.5523043,,199.864598,,,,SWOT_L2_HR_RiverSP_Reach_007_279_EU_20231203T090341_20231203T090349_PIC0_01.zip,river,2023-12-03 09:05:07+00:00
21500900321,2023-12-03T09:05:07Z,Serchio,43.99085556,10.5533227,91.3503,102.209057,0.00216104422,,,SWOT_L2_HR_RiverSP_Reach_007_279_EU_20231203T090341_20231203T090349_PIC0_01.zip,river,2023-12-03 09:05:07+00:00
21500900335,2023-12-03T09:05:07Z,Fiume Magra,44.07842653,9.9655885,0.181,198.068065,0.00010771192,,,SWOT_L2_HR_RiverSP_Reach_007_279_EU_20231203T090341_20231203T090349_PIC0_01.zip,river,2023-12-03 09:05:07+00:00
21500900344,2023-12-03T09:05:07Z,Fiume Magra,44.10398535,9.9379287,,164.114001,,,,SWOT_L2_HR_RiverSP_Reach_007_279_EU_20231203T090341_20231203T090349_PIC0_01.zip,river,2023-12-03 09:05:07+00:00
21500900355,2023-12-03T09:05:07Z,Fiume Magra,44.12143652,9.9276433,5.8998,150.758824,0.00115912977,,,SWOT_L2_HR_RiverSP_Reach_007_279_EU_20231203T090341_20231203T090349_PIC0_01.zip,river,2023-12-03 09:05:07+00:00
21500900364,2023-12-03T09:05:07Z,Fiume Magra,44.13142931,9.9138465,,186.566893,,,,SWOT_L2_HR_RiverSP_Reach_007_279_EU_20231203T090341_20231203T090349_PIC0_01.zip,river,2023-12-03 09:05:07+00:00
21500900375,2023-12-03T09:05:07Z,Fiume Magra,44.13659356,9.9063001,9.7455,113.396009,0.00295045507,,,SWOT_L2_HR_RiverSP_Reach_007_279_EU_20231203T090341_20231203T090349_PIC0_01.zip,river,2023-12-03 09:05:07+00:00
21500900384,2023-12-03T09:05:07Z,Fiume Magra,44.14283943,9.8981002,,251.639229,,,,SWOT_L2_HR_RiverSP_Reach_007_279_EU_20231203T090341_20231203T090349_PIC0_01.zip,river,2023-12-03 09:05:07+00:00
21500900395,2023-12-03T09:05:08Z,Fiume Magra,44.15012927,9.8899941,14.1325,110.933644,0.00183794211,,,SWOT_L2_HR_RiverSP_Reach_007_279_EU_20231203T090341_20231203T090349_PIC0_01.zip,river,2023-12-03 09:05:08+00:00
21500900404,2023-12-03T09:05:08Z,Fiume Magra,44.15876878,9.8931723,17.6554,68.207336,0.00486184925,,,SWOT_L2_HR_RiverSP_Reach_007_279_EU_20231203T090341_20231203T090349_PIC0_01.zip,river,2023-12-03 09:05:08+00:00
21500900414,2023-12-03T09:05:08Z,Fiume Magra,44.16226318,9.8974438,,111.647985,,,,SWOT_L2_HR_RiverSP_Reach_007_279_EU_20231203T090341_20231203T090349_PIC0_01.zip,river,2023-12-03 09:05:08+00:00
21500900425,2023-12-03T09:05:08Z,Fiume Magra,44.16616482,9.9066061,22.1557,114.246838,0.00293596877,,,SWOT_L2_HR_RiverSP_Reach_007_279_EU_20231203T090341_20231203T090349_PIC0_01.zip,river,2023-12-03 09:05:08+00:00
21500900434,2023-12-03T09:05:08Z,Fiume Magra,44.16995794,9.9183815,26.4783,82.901486,0.00428166336,,,SWOT_L2_HR_RiverSP_Reach_007_279_EU_20231203T090341_20231203T090349_PIC0_01.zip,river,2023-12-03 09:05:08+00:00
21500900444,2023-12-03T09:05:08Z,Fiume Magra,44.17257832,9.9248018,,137.073959,,,,SWOT_L2_HR_RiverSP_Reach_007_279_EU_20231203T090341_20231203T090349_PIC0_01.zip,river,2023-12-03 09:05:08+00:00
21500900455,2023-12-03T09:05:08Z,Fiume Magra,44.1887648,9.9372759,38.5758,49.538973,0.00329766743,,,SWOT_L2_HR_RiverSP_Reach_007_279_EU_20231203T090341_20231203T090349_PIC0_01.zip,river,2023-12-03 09:05:08+00:00
21404000021,no_data,Adige,45.1152242,11.8085946,,,,,,SWOT_L2_HR_RiverSP_Reach_007_279_EU_20231203T090341_20231203T090349_PIC0_02.zip,river,
21404000031,2023-12-03T09:05:20Z,Adige,45.10291143,11.6839963,,3.643478,,,,SWOT_L2_HR_RiverSP_Reach_007_279_EU_20231203T090341_20231203T090349_PIC0_02.zip,river,2023-12-03 09:05:20+00:00
21404000041,2023-12-03T09:05:20Z,Adige,45.11467588,11.5378009,10.4053,84.302999,0.00028657296,,,SWOT_L2_HR_RiverSP_Reach_007_279_EU_20231203T090341_20231203T090349_PIC0_02.zip,river,2023-12-03 09:05:20+00:00
21406100031,no_data,Po,44.89965067,11.6362292,,,,,,SWOT_L2_HR_RiverSP_Reach_007_279_EU_20231203T090341_20231203T090349_PIC0_02.zip,river,
21406100041,2023-12-03T09:05:19Z,Po,44.92732847,11.5407952,5.0051,453.635527,0.00010698618,,,SWOT_L2_HR_RiverSP_Reach_007_279_EU_20231203T090341_20231203T090349_PIC0_02.zip,river,2023-12-03 09:05:19+00:00
21406100051,2023-12-03T09:05:19Z,Po,44.95362753,11.4200067,6.523,426.981163,0.00012440811,,,SWOT_L2_HR_RiverSP_Reach_007_279_EU_20231203T090341_20231203T090349_PIC0_02.zip,river,2023-12-03 09:05:19+00:00
21406100061,2023-12-03T09:05:20Z,Po,45.00951862,11.3007475,7.9601,367.4826,0.00011801928,,,SWOT_L2_HR_RiverSP_Reach_007_279_EU_20231203T090341_20231203T090349_PIC0_02.zip,river,2023-12-03 09:05:20+00:00
21406100071,2023-12-03T09:05:20Z,Po,45.05059331,11.2359852,9.3244,367.95303,0.00011239633,,,SWOT_L2_HR_RiverSP_Reach_007_279_EU_20231203T090341_20231203T090349_PIC0_02.zip,river,2023-12-03 09:05:20+00:00
21406100081,2023-12-03T09:05:20Z,Po,45.0526046,11.0864648,11.0506,384.63161,0.00012816215,,,SWOT_L2_HR_RiverSP_Reach_007_279_EU_20231203T090341_20231203T090349_PIC0_02.zip,river,2023-12-03 09:05:20+00:00
21406100091,2023-12-03T09:05:20Z,Fiume Mincio; Po,45.10017596,10.9113497,13.305,85.16468,9.19353e-05,,,SWOT_L2_HR_RiverSP_Reach_007_279_EU_20231203T090341_20231203T090349_PIC0_02.zip,river,2023-12-03 09:05:20+00:00
21406100101,2023-12-03T09:05:19Z,Po,45.06440534,10.9221059,13.1407,392.708966,0.00013142621,,,SWOT_L2_HR_RiverSP_Reach_007_279_EU_20231203T090341_20231203T090349_PIC0_02.zip,river,2023-12-03 09:05:19+00:00
21406100111,2023-12-03T09:05:19Z,Po,45.04625504,10.768001,15.2324,370.8768,0.00013799249,,,SWOT_L2_HR_RiverSP_Reach_007_279_EU_20231203T090341_20231203T090349_PIC0_02.zip,river,2023-12-03 09:05:19+00:00
21406100123,2023-12-03T09:05:20Z,Fiume Mincio,45.14246728,10.8162187,13.6158,,,,,SWOT_L2_HR_RiverSP_Reach_007_279_EU_20231203T090341_20231203T090349_PIC0_02.zip,river,2023-12-03 09:05:20+00:00
21406200011,2023-12-03T09:05:19Z,Po,45.06313602,10.6021879,18.2911,100.974533,0.00025009576,,,SWOT_L2_HR_RiverSP_Reach_007_279_EU_20231203T090341_20231203T090349_PIC0_02.zip,river,2023-12-03 09:05:19+00:00
21406200021,2023-12-03T09:05:19Z,Fiume Oglio,45.12874321,10.5044278,21.792,113.303978,0.00023952301,,,SWOT_L2_HR_RiverSP_Reach_007_279_EU_20231203T090341_20231203T090349_PIC0_02.zip,river,2023-12-03 09:05:19+00:00
21406300011,no_data,Po,45.00223735,10.6801087,,,,,,SWOT_L2_HR_RiverSP_Reach_007_279_EU_20231203T090341_20231203T090349_PIC0_02.zip,river,
21406300021,2023-12-03T09:05:19Z,Po,44.92496107,10.6126319,19.1181,33.502647,4.605667e-05,,,SWOT_L2_HR_RiverSP_Reach_007_279_EU_20231203T090341_20231203T090349_PIC0_02.zip,river,2023-12-03 09:05:19+00:00
21406300031,2023-12-03T09:05:19Z,Parma; Po,44.92391702,10.4975482,20.6659,239.247673,0.00014449151,,,SWOT_L2_HR_RiverSP_Reach_007_279_EU_20231203T090341_20231203T090349_PIC0_02.zip,river,2023-12-03 09:05:19+00:00
21406300041,2023-12-03T09:05:19Z,Parma,44.96698609,10.4153531,21.954,287.06586,0.00013083798,,,SWOT_L2_HR_RiverSP_Reach_007_279_EU_20231203T090341_20231203T090349_PIC0_02.zip,river,2023-12-03 09:05:19+00:00
21406300051,2023-12-03T09:05:19Z,Parma; Po,44.98238586,10.3257584,23.598,219.943127,0.00014746501,,,SWOT_L2_HR_RiverSP_Reach_007_279_EU_20231203T090341_20231203T090349_PIC0_02.zip,river,2023-12-03 09:05:19+00:00
21406300061,2023-12-03T09:05:19Z,Po,45.0255784,10.1966661,26.4549,225.652727,0.00027086204,,,SWOT_L2_HR_RiverSP_Reach_007_279_EU_20231203T090341_20231203T090349_PIC0_02.zip,river,2023-12-03 09:05:19+00:00
21406300071,2023-12-03T09:05:19Z,Po,45.04383353,10.0629096,28.7786,226.712848,-5.1463e-06,,,SWOT_L2_HR_RiverSP_Reach_007_279_EU_20231203T090341_20231203T090349_PIC0_02.zip,river,2023-12-03 09:05:19+00:00
21406300081,2023-12-03T09:05:19Z,Po,45.11338408,10.0010764,29.2243,239.719425,0.00011537918,,,SWOT_L2_HR_RiverSP_Reach_007_279_EU_20231203T090341_20231203T090349_PIC0_02.zip,river,2023-12-03 09:05:19+00:00
21406300091,2023-12-03T09:05:19Z,Po,45.10509326,9.9334895,30.3142,138.028688,0.00012442339,,,SWOT_L2_HR_RiverSP_Reach_007_279_EU_20231203T090341_20231203T090349_PIC0_02.zip,river,2023-12-03 09:05:19+00:00
21406300111,2023-12-03T09:05:19Z,Po,45.12967127,9.9212745,30.2251,169.46816,8.055296e-05,,,SWOT_L2_HR_RiverSP_Reach_007_279_EU_20231203T090341_20231203T090349_PIC0_02.zip,river,2023-12-03 09:05:19+00:00
21406400014,2023-12-03T09:05:19Z,Adda,45.13676214,9.8763325,,92.385878,,,,SWOT_L2_HR_RiverSP_Reach_007_279_EU_20231203T090341_20231203T090349_PIC0_02.zip,river,2023-12-03 09:05:19+00:00
21406500011,2023-12-03T09:05:19Z,Adda; Po,45.11288469,9.8866488,31.3451,161.222459,0.00010058065,,,SWOT_L2_HR_RiverSP_Reach_007_279_EU_20231203T090341_20231203T090349_PIC0_02.zip,river,2023-12-03 09:05:19+00:00
21406500021,2023-12-03T09:05:19Z,Po,45.08313086,9.8584456,42.3037,287.821282,0.00031972316,,,SWOT_L2_HR_RiverSP_Reach_007_279_EU_20231203T090341_20231203T090349_PIC0_02.zip,river,2023-12-03 09:05:19+00:00
21406500031,no_data,Po,45.08910017,9.7847586,,,,,,SWOT_L2_HR_RiverSP_Reach_007_279_EU_20231203T090341_20231203T090349_PIC0_02.zip,river,
21406500041,no_data,Po,45.07148237,9.704767,,,,,,SWOT_L2_HR_RiverSP_Reach_007_279_EU_20231203T090341_20231203T090349_PIC0_02.zip,river,
21406500104,2023-12-03T09:05:19Z,Po,45.09264137,9.9046467,,109.070642,,,,SWOT_L2_HR_RiverSP_Reach_007_279_EU_20231203T090341_20231203T090349_PIC0_02.zip,river,2023-12-03 09:05:19+00:00
21500800021,2023-12-03T09:05:07Z,Fiume Arno,43.7081277,10.4445051,1.0674,79.499997,9.478808e-05,,,SWOT_L2_HR_RiverSP_Reach_007_279_EU_20231203T090341_20231203T090349_PIC0_02.zip,river,2023-12-03 09:05:07+00:00
21500800061,2023-12-03T09:05:07Z,Fiume Arno,43.70436492,10.7839405,16.5853,33.580097,0.00044794689,,,SWOT_L2_HR_RiverSP_Reach_007_279_EU_20231203T090341_20231203T090349_PIC0_02.zip,river,2023-12-03 09:05:07+00:00
21500800074,2023-12-03T09:05:07Z,Fiume Arno,43.71763156,10.8700497,,34.156655,,,,SWOT_L2_HR_RiverSP_Reach_007_279_EU_20231203T090341_20231203T090349_PIC0_02.zip,river,2023-12-03 09:05:07+00:00
21500800081,2023-12-03T09:05:07Z,Fiume Arno,43.72780079,10.8953951,15.9832,13.395409,0.00107340047,,,SWOT_L2_HR_RiverSP_Reach_007_279_EU_20231203T090341_20231203T090349_PIC0_02.zip,river,2023-12-03 09:05:07+00:00
21500800094,2023-12-03T09:05:07Z,Fiume Arno,43.72897311,10.9212468,,54.308626,,,,SWOT_L2_HR_RiverSP_Reach_007_279_EU_20231203T090341_20231203T090349_PIC0_02.zip,river,2023-12-03 09:05:07+00:00
21500800101,2023-12-03T09:05:07Z,Fiume Arno,43.72609497,10.9424002,16.383,18.825973,0.0008326748,,,SWOT_L2_HR_RiverSP_Reach_007_279_EU_20231203T090341_20231203T090349_PIC0_02.zip,river,2023-12-03 09:05:07+00:00
21500800114,2023-12-03T09:05:07Z,Fiume Arno,43.73395613,10.9629417,,112.272009,,,,SWOT_L2_HR_RiverSP_Reach_007_279_EU_20231203T090341_20231203T090349_PIC0_02.zip,river,2023-12-03 09:05:07+00:00
21500800121,2023-12-03T09:05:07Z,Fiume Arno,43.739528,10.9815185,19.3234,25.701009,-0.0005765813,,,SWOT_L2_HR_RiverSP_Reach_007_279_EU_20231203T090341_20231203T090349_PIC0_02.zip,river,2023-12-03 09:05:07+00:00
21500800134,2023-12-03T09:05:07Z,Fiume Arno,43.73552158,10.9998728,,45.785447,,,,SWOT_L2_HR_RiverSP_Reach_007_279_EU_20231203T090341_20231203T090349_PIC0_02.zip,river,2023-12-03 09:05:07+00:00
21500800141,2023-12-03T09:05:07Z,Fiume Arno,43.74768721,11.0244481,22.9723,18.688295,0.00077491259,,,SWOT_L2_HR_RiverSP_Reach_007_279_EU_20231203T090341_20231203T090349_PIC0_02.zip,river,2023-12-03 09:05:07+00:00
21500800154,2023-12-03T09:05:07Z,Fiume Arno,43.76627758,11.0424554,,67.921388,,,,SWOT_L2_HR_RiverSP_Reach_007_279_EU_20231203T090341_20231203T090349_PIC0_02.zip,river,2023-12-03 09:05:07+00:00
21500800161,2023-12-03T09:05:07Z,Fiume Arno,43.77826116,11.1119621,34.502,28.463405,0.00127559289,,,SWOT_L2_HR_RiverSP_Reach_007_279_EU_20231203T090341_20231203T090349_PIC0_02.zip,river,2023-12-03 09:05:07+00:00
21500800174,no_data,Fiume Arno,43.78926005,11.1968555,,,,,,SWOT_L2_HR_RiverSP_Reach_007_279_EU_20231203T090341_20231203T090349_PIC0_02.zip,river,
21500800181,no_data,Fiume Arno,43.7853558,11.2058467,,,,,,SWOT_L2_HR_RiverSP_Reach_007_279_EU_20231203T090341_20231203T090349_PIC0_02.zip,river,
21500800194,no_data,Fiume Arno,43.78123761,11.2146427,,,,,,SWOT_L2_HR_RiverSP_Reach_007_279_EU_20231203T090341_20231203T090349_PIC0_02.zip,river,
21500800201,no_data,Fiume Arno,43.7758682,11.2295414,,,,,,SWOT_L2_HR_RiverSP_Reach_007_279_EU_20231203T090341_20231203T090349_PIC0_02.zip,river,
21500800214,no_data,Fiume Arno,43.7710951,11.2443983,,,,,,SWOT_L2_HR_RiverSP_Reach_007_279_EU_20231203T090341_20231203T090349_PIC0_02.zip,river,
21500800221,no_data,Fiume Arno,43.76715202,11.2554943,,,,,,SWOT_L2_HR_RiverSP_Reach_007_279_EU_20231203T090341_20231203T090349_PIC0_02.zip,river,
21500800234,no_data,Fiume Arno,43.76500389,11.2673403,,,,,,SWOT_L2_HR_RiverSP_Reach_007_279_EU_20231203T090341_20231203T090349_PIC0_02.zip,river,
21500800241,no_data,Fiume Arno,43.76412125,11.2917186,,,,,,SWOT_L2_HR_RiverSP_Reach_007_279_EU_20231203T090341_20231203T090349_PIC0_02.zip,river,
21500900013,2023-12-03T09:05:07Z,Serchio,43.76238147,10.3226477,0.7206,213.530491,0.00019924406,,,SWOT_L2_HR_RiverSP_Reach_007_279_EU_20231203T090341_20231203T090349_PIC0_02.zip,river,2023-12-03 09:05:07+00:00
21500900021,no_data,Serchio,43.78117023,10.399042,,3.001419,,,,SWOT_L2_HR_RiverSP_Reach_007_279_EU_20231203T090341_20231203T090349_PIC0_02.zip,river,
21500900034,no_data,Serchio,43.78946261,10.4164431,,,,,,SWOT_L2_HR_RiverSP_Reach_007_279_EU_20231203T090341_20231203T090349_PIC0_02.zip,river,
21500900041,2023-12-03T09:05:07Z,Serchio,43.8036516,10.4063306,4.9494,131.583322,0.00020519562,,,SWOT_L2_HR_RiverSP_Reach_007_279_EU_20231203T090341_20231203T090349_PIC0_02.zip,river,2023-12-03 09:05:07+00:00
21500900064,2023-12-03T09:05:07Z,Fiume Magra,44.1080452,9.9369098,,206.482216,,,,SWOT_L2_HR_RiverSP_Reach_007_279_EU_20231203T090341_20231203T090349_PIC0_02.zip,river,2023-12-03 09:05:07+00:00
21500900184,2023-12-03T09:05:07Z,Serchio,43.8188553,10.4136918,,290.371039,,,,SWOT_L2_HR_RiverSP_Reach_007_279_EU_20231203T090341_20231203T090349_PIC0_02.zip,river,2023-12-03 09:05:07+00:00
21500900191,2023-12-03T09:05:07Z,Serchio,43.84327707,10.4415553,10.4458,53.698763,0.00061511752,,,SWOT_L2_HR_RiverSP_Reach_007_279_EU_20231203T090341_20231203T090349_PIC0_02.zip,river,2023-12-03 09:05:07+00:00
21500900204,2023-12-03T09:05:07Z,Serchio,43.8539327,10.476405,,7.842481,,,,SWOT_L2_HR_RiverSP_Reach_007_279_EU_20231203T090341_20231203T090349_PIC0_02.zip,river,2023-12-03 09:05:07+00:00
21500900211,2023-12-03T09:05:07Z,Serchio,43.8532787,10.4915647,15.5348,72.079414,0.00125194703,,,SWOT_L2_HR_RiverSP_Reach_007_279_EU_20231203T090341_20231203T090349_PIC0_02.zip,river,2023-12-03 09:05:07+00:00
21500900224,2023-12-03T09:05:07Z,Serchio,43.85677563,10.5059732,,124.324154,,,,SWOT_L2_HR_RiverSP_Reach_007_279_EU_20231203T090341_20231203T090349_PIC0_02.zip,river,2023-12-03 09:05:07+00:00
21500900231,2023-12-03T09:05:07Z,Serchio,43.88606154,10.5259476,38.8379,168.609525,0.00774905128,,,SWOT_L2_HR_RiverSP_Reach_007_279_EU_20231203T090341_20231203T090349_PIC0_02.zip,river,2023-12-03 09:05:07+00:00
21500900244,2023-12-03T09:05:07Z,Serchio,43.91649583,10.529312,,218.221029,,,,SWOT_L2_HR_RiverSP_Reach_007_279_EU_20231203T090341_20231203T090349_PIC0_02.zip,river,2023-12-03 09:05:07+00:00
21500900261,2023-12-03T09:05:07Z,Serchio,43.92488448,10.5296092,41.4394,85.461156,0.0017992453,,,SWOT_L2_HR_RiverSP_Reach_007_279_EU_20231203T090341_20231203T090349_PIC0_02.zip,river,2023-12-03 09:05:07+00:00
21500900274,2023-12-03T09:05:07Z,Serchio,43.92529227,10.5218935,,128.276784,,,,SWOT_L2_HR_RiverSP_Reach_007_279_EU_20231203T090341_20231203T090349_PIC0_02.zip,river,2023-12-03 09:05:07+00:00
21500900281,2023-12-03T09:05:07Z,Serchio,43.93088015,10.5087897,48.2272,112.872353,0.00296360751,,,SWOT_L2_HR_RiverSP_Reach_007_279_EU_20231203T090341_20231203T090349_PIC0_02.zip,river,2023-12-03 09:05:07+00:00
21500900294,2023-12-03T09:05:07Z,Serchio,43.93982305,10.5015469,,194.892826,,,,SWOT_L2_HR_RiverSP_Reach_007_279_EU_20231203T090341_20231203T090349_PIC0_02.zip,river,2023-12-03 09:05:07+00:00
21500900301,2023-12-03T09:05:07Z,Serchio,43.96338733,10.5238839,68.321,165.409427,0.00384881436,,,SWOT_L2_HR_RiverSP_Reach_007_279_EU_20231203T090341_20231203T090349_PIC0_02.zip,river,2023-12-03 09:05:07+00:00
21500900314,2023-12-03T09:05:07Z,Serchio,43.98114573,10.5523043,,199.864598,,,,SWOT_L2_HR_RiverSP_Reach_007_279_EU_20231203T090341_20231203T090349_PIC0_02.zip,river,2023-12-03 09:05:07+00:00
21500900321,2023-12-03T09:05:07Z,Serchio,43.99085556,10.5533227,91.3503,102.209057,0.00216104422,,,SWOT_L2_HR_RiverSP_Reach_007_279_EU_20231203T090341_20231203T090349_PIC0_02.zip,river,2023-12-03 09:05:07+00:00
21500900335,2023-12-03T09:05:07Z,Fiume Magra,44.07842653,9.9655885,0.181,198.068065,0.00010771193,,,SWOT_L2_HR_RiverSP_Reach_007_279_EU_20231203T090341_20231203T090349_PIC0_02.zip,river,2023-12-03 09:05:07+00:00
21500900344,2023-12-03T09:05:07Z,Fiume Magra,44.10398535,9.9379287,,164.114001,,,,SWOT_L2_HR_RiverSP_Reach_007_279_EU_20231203T090341_20231203T090349_PIC0_02.zip,river,2023-12-03 09:05:07+00:00
21500900355,2023-12-03T09:05:07Z,Fiume Magra,44.12143652,9.9276433,5.8998,150.758824,0.00115912975,,,SWOT_L2_HR_RiverSP_Reach_007_279_EU_20231203T090341_20231203T090349_PIC0_02.zip,river,2023-12-03 09:05:07+00:00
21500900364,2023-12-03T09:05:07Z,Fiume Magra,44.13142931,9.9138465,,186.566893,,,,SWOT_L2_HR_RiverSP_Reach_007_279_EU_20231203T090341_20231203T090349_PIC0_02.zip,river,2023-12-03 09:05:07+00:00
21500900375,2023-12-03T09:05:07Z,Fiume Magra,44.13659356,9.9063001,9.7455,113.396009,0.00295045492,,,SWOT_L2_HR_RiverSP_Reach_007_279_EU_20231203T090341_20231203T090349_PIC0_02.zip,river,2023-12-03 09:05:07+00:00
21500900384,2023-12-03T09:05:07Z,Fiume Magra,44.14283943,9.8981002,,251.639229,,,,SWOT_L2_HR_RiverSP_Reach_007_279_EU_20231203T090341_20231203T090349_PIC0_02.zip,river,2023-12-03 09:05:07+00:00
21500900395,2023-12-03T09:05:08Z,Fiume Magra,44.15012927,9.8899941,14.1325,110.933644,0.00183794225,,,SWOT_L2_HR_RiverSP_Reach_007_279_EU_20231203T090341_20231203T090349_PIC0_02.zip,river,2023-12-03 09:05:08+00:00
21500900404,2023-12-03T09:05:08Z,Fiume Magra,44.15876878,9.8931723,17.6554,68.207336,0.00486185132,,,SWOT_L2_HR_RiverSP_Reach_007_279_EU_20231203T090341_20231203T090349_PIC0_02.zip,river,2023-12-03 09:05:08+00:00
21500900414,2023-12-03T09:05:08Z,Fiume Magra,44.16226318,9.8974438,,111.647985,,,,SWOT_L2_HR_RiverSP_Reach_007_279_EU_20231203T090341_20231203T090349_PIC0_02.zip,river,2023-12-03 09:05:08+00:00
21500900425,2023-12-03T09:05:08Z,Fiume Magra,44.16616482,9.9066061,22.1557,114.246838,0.00293596877,,,SWOT_L2_HR_RiverSP_Reach_007_279_EU_20231203T090341_20231203T090349_PIC0_02.zip,river,2023-12-03 09:05:08+00:00
21500900434,2023-12-03T09:05:08Z,Fiume Magra,44.16995794,9.9183815,26.4783,82.901486,0.00428166363,,,SWOT_L2_HR_RiverSP_Reach_007_279_EU_20231203T090341_20231203T090349_PIC0_02.zip,river,2023-12-03 09:05:08+00:00
21500900444,2023-12-03T09:05:08Z,Fiume Magra,44.17257832,9.9248018,,137.073959,,,,SWOT_L2_HR_RiverSP_Reach_007_279_EU_20231203T090341_20231203T090349_PIC0_02.zip,river,2023-12-03 09:05:08+00:00
21500900455,2023-12-03T09:05:08Z,Fiume Magra,44.1887648,9.9372759,38.5758,49.538973,0.00329766743,,,SWOT_L2_HR_RiverSP_Reach_007_279_EU_20231203T090341_20231203T090349_PIC0_02.zip,river,2023-12-03 09:05:08+00:00
21406500071,no_data,Po,45.11737939,9.3109347,,,,,,SWOT_L2_HR_RiverSP_Reach_007_307_EU_20231204T090539_20231204T090550_PGC0_01.zip,river,
21406700011,2023-12-04T09:05:51Z,Po,45.12538309,9.1596345,53.819,219.297101,0.00024683712,,,SWOT_L2_HR_RiverSP_Reach_007_307_EU_20231204T090539_20231204T090550_PGC0_01.zip,river,2023-12-04 09:05:51+00:00
21406500071,no_data,Po,45.11737939,9.3109347,,,,,,SWOT_L2_HR_RiverSP_Reach_007_307_EU_20231204T090539_20231204T090550_PIC0_01.zip,river,
21406700011,2023-12-04T09:05:51Z,Po,45.12538309,9.1596345,53.8019,219.269842,0.00024730417,,,SWOT_L2_HR_RiverSP_Reach_007_307_EU_20231204T090539_20231204T090550_PIC0_01.zip,river,2023-12-04 09:05:51+00:00
21404000011,2023-12-10T18:08:18Z,Adige,45.13669319,11.9340853,1.7517,68.512632,0.00017913905,,,SWOT_L2_HR_RiverSP_Reach_007_486_EU_20231210T180556_20231210T180557_PGC0_01.zip,river,2023-12-10 18:08:18+00:00
21404000021,2023-12-10T18:08:18Z,Adige,45.1152242,11.8085946,3.3257,71.022578,4.33307e-06,,,SWOT_L2_HR_RiverSP_Reach_007_486_EU_20231210T180556_20231210T180557_PGC0_01.zip,river,2023-12-10 18:08:18+00:00
21404000031,2023-12-10T18:08:18Z,Adige,45.10291143,11.6839963,4.8152,62.285845,0.00050698705,,,SWOT_L2_HR_RiverSP_Reach_007_486_EU_20231210T180556_20231210T180557_PGC0_01.zip,river,2023-12-10 18:08:18+00:00
21404000041,2023-12-10T18:08:18Z,Adige,45.11467588,11.5378009,9.7682,62.94541,-0.0003583437,,,SWOT_L2_HR_RiverSP_Reach_007_486_EU_20231210T180556_20231210T180557_PGC0_01.zip,river,2023-12-10 18:08:18+00:00
21404000415,2023-12-10T18:08:18Z,Fiume Adige,45.12610537,12.2744918,-0.0797,152.56086,3.582789e-05,,,SWOT_L2_HR_RiverSP_Reach_007_486_EU_20231210T180556_20231210T180557_PGC0_01.zip,river,2023-12-10 18:08:18+00:00
21404000425,2023-12-10T18:08:18Z,Adige; Fiume Adige,45.11811217,12.169194,0.3796,69.86004,6.235184e-05,,,SWOT_L2_HR_RiverSP_Reach_007_486_EU_20231210T180556_20231210T180557_PGC0_01.zip,river,2023-12-10 18:08:18+00:00
21404000435,2023-12-10T18:08:18Z,Adige,45.13738683,12.0558708,0.9578,50.166355,-1.77289e-05,,,SWOT_L2_HR_RiverSP_Reach_007_486_EU_20231210T180556_20231210T180557_PGC0_01.zip,river,2023-12-10 18:08:18+00:00
21406100011,2023-12-10T18:08:18Z,no_data,44.97788826,11.9055543,1.3414,304.508744,4.358488e-05,,,SWOT_L2_HR_RiverSP_Reach_007_486_EU_20231210T180556_20231210T180557_PGC0_01.zip,river,2023-12-10 18:08:18+00:00
21406100021,2023-12-10T18:08:18Z,Po,44.94767275,11.7511479,2.2096,305.381401,6.424759e-05,,,SWOT_L2_HR_RiverSP_Reach_007_486_EU_20231210T180556_20231210T180557_PGC0_01.zip,river,2023-12-10 18:08:18+00:00
21406100031,2023-12-10T18:08:18Z,Po,44.89965067,11.6362292,2.8812,342.215943,7.42924e-05,,,SWOT_L2_HR_RiverSP_Reach_007_486_EU_20231210T180556_20231210T180557_PGC0_01.zip,river,2023-12-10 18:08:18+00:00
21406100041,no_data,Po,44.92732847,11.5407952,,,,,,SWOT_L2_HR_RiverSP_Reach_007_486_EU_20231210T180556_20231210T180557_PGC0_01.zip,river,
21406100051,no_data,Po,44.95362753,11.4200067,,,,,,SWOT_L2_HR_RiverSP_Reach_007_486_EU_20231210T180556_20231210T180557_PGC0_01.zip,river,
21406100275,2023-12-10T18:08:19Z,Po di Venezia,44.95659643,12.3650664,-0.5699,360.078948,-7.98017e-05,,,SWOT_L2_HR_RiverSP_Reach_007_486_EU_20231210T180556_20231210T180557_PGC0_01.zip,river,2023-12-10 18:08:19+00:00
21406100285,2023-12-10T18:08:18Z,Po di Venezia,44.97907136,12.2580871,0.4224,350.196914,8.422872e-05,,,SWOT_L2_HR_RiverSP_Reach_007_486_EU_20231210T180556_20231210T180557_PGC0_01.zip,river,2023-12-10 18:08:18+00:00
21406100295,2023-12-10T18:08:18Z,Po di Venezia,45.02022837,12.1647155,0.5541,342.764825,1.404476e-05,,,SWOT_L2_HR_RiverSP_Reach_007_486_EU_20231210T180556_20231210T180557_PGC0_01.zip,river,2023-12-10 18:08:18+00:00
21406100305,2023-12-10T18:08:18Z,Po di Venezia,44.99976903,12.0782068,0.8173,392.720398,1.582791e-05,,,SWOT_L2_HR_RiverSP_Reach_007_486_EU_20231210T180556_20231210T180557_PGC0_01.zip,river,2023-12-10 18:08:18+00:00
21406100315,2023-12-10T18:08:18Z,Po,44.97645748,12.0255272,0.937,347.324609,4.359095e-05,,,SWOT_L2_HR_RiverSP_Reach_007_486_EU_20231210T180556_20231210T180557_PGC0_01.zip,river,2023-12-10 18:08:18+00:00
21407000015,2023-12-10T18:08:19Z,Po di Gnocca,44.88633902,12.3402252,-0.976,94.685464,-4.88431e-05,,,SWOT_L2_HR_RiverSP_Reach_007_486_EU_20231210T180556_20231210T180557_PGC0_01.zip,river,2023-12-10 18:08:19+00:00
21407000025,2023-12-10T18:08:27Z,no_data,44.82749551,12.3520721,-0.1277,119.002993,-2.91565e-05,,,SWOT_L2_HR_RiverSP_Reach_007_486_EU_20231210T180556_20231210T180557_PGC0_01.zip,river,2023-12-10 18:08:27+00:00
21407000035,2023-12-10T18:08:19Z,Po di Goro,44.88212683,12.2910628,0.1133,76.320544,-5.7412e-05,,,SWOT_L2_HR_RiverSP_Reach_007_486_EU_20231210T180556_20231210T180557_PGC0_01.zip,river,2023-12-10 18:08:19+00:00
21407000045,2023-12-10T18:08:19Z,Po di Goro,44.93225211,12.2569541,-0.5908,42.781361,6.146635e-05,,,SWOT_L2_HR_RiverSP_Reach_007_486_EU_20231210T180556_20231210T180557_PGC0_01.zip,river,2023-12-10 18:08:19+00:00
21407000055,2023-12-10T18:08:18Z,Po di Goro,44.94808193,12.128055,0.2219,34.855697,4.029234e-05,,,SWOT_L2_HR_RiverSP_Reach_007_486_EU_20231210T180556_20231210T180557_PGC0_01.zip,river,2023-12-10 18:08:18+00:00
21404000011,2023-12-10T18:08:18Z,Adige,45.13669319,11.9340853,1.8142,68.396018,0.00018434242,,,SWOT_L2_HR_RiverSP_Reach_007_486_EU_20231210T180556_20231210T180557_PIC0_01.zip,river,2023-12-10 18:08:18+00:00
21404000021,2023-12-10T18:08:18Z,Adige,45.1152242,11.8085946,3.3465,70.949356,9.4228e-07,,,SWOT_L2_HR_RiverSP_Reach_007_486_EU_20231210T180556_20231210T180557_PIC0_01.zip,river,2023-12-10 18:08:18+00:00
21404000031,2023-12-10T18:08:18Z,Adige,45.10291143,11.6839963,4.8299,62.286234,0.00050608484,,,SWOT_L2_HR_RiverSP_Reach_007_486_EU_20231210T180556_20231210T180557_PIC0_01.zip,river,2023-12-10 18:08:18+00:00
21404000041,2023-12-10T18:08:18Z,Adige,45.11467588,11.5378009,9.7734,62.947364,-0.0003575432,,,SWOT_L2_HR_RiverSP_Reach_007_486_EU_20231210T180556_20231210T180557_PIC0_01.zip,river,2023-12-10 18:08:18+00:00
21404000415,2023-12-10T18:08:18Z,Fiume Adige,45.12610537,12.2744918,-0.071,155.770972,3.630285e-05,,,SWOT_L2_HR_RiverSP_Reach_007_486_EU_20231210T180556_20231210T180557_PIC0_01.zip,river,2023-12-10 18:08:18+00:00
21404000425,2023-12-10T18:08:18Z,Adige; Fiume Adige,45.11811217,12.169194,0.3891,70.372241,6.192058e-05,,,SWOT_L2_HR_RiverSP_Reach_007_486_EU_20231210T180556_20231210T180557_PIC0_01.zip,river,2023-12-10 18:08:18+00:00
21404000435,2023-12-10T18:08:18Z,Adige,45.13738683,12.0558708,0.9663,50.158541,-1.75326e-05,,,SWOT_L2_HR_RiverSP_Reach_007_486_EU_20231210T180556_20231210T180557_PIC0_01.zip,river,2023-12-10 18:08:18+00:00
21406100011,2023-12-10T18:08:18Z,no_data,44.97788826,11.9055543,1.3469,304.296156,4.357881e-05,,,SWOT_L2_HR_RiverSP_Reach_007_486_EU_20231210T180556_20231210T180557_PIC0_01.zip,river,2023-12-10 18:08:18+00:00
21406100021,2023-12-10T18:08:18Z,Po,44.94767275,11.7511479,2.2152,305.352972,6.424634e-05,,,SWOT_L2_HR_RiverSP_Reach_007_486_EU_20231210T180556_20231210T180557_PIC0_01.zip,river,2023-12-10 18:08:18+00:00
21406100031,2023-12-10T18:08:18Z,Po,44.89965067,11.6362292,2.8865,342.118973,7.414599e-05,,,SWOT_L2_HR_RiverSP_Reach_007_486_EU_20231210T180556_20231210T180557_PIC0_01.zip,river,2023-12-10 18:08:18+00:00
21406100041,no_data,Po,44.92732847,11.5407952,,,,,,SWOT_L2_HR_RiverSP_Reach_007_486_EU_20231210T180556_20231210T180557_PIC0_01.zip,river,
21406100051,no_data,Po,44.95362753,11.4200067,,,,,,SWOT_L2_HR_RiverSP_Reach_007_486_EU_20231210T180556_20231210T180557_PIC0_01.zip,river,
21406100275,2023-12-10T18:08:19Z,Po di Venezia,44.95659643,12.3650664,-0.5646,360.240343,-8.00294e-05,,,SWOT_L2_HR_RiverSP_Reach_007_486_EU_20231210T180556_20231210T180557_PIC0_01.zip,river,2023-12-10 18:08:19+00:00
21406100285,2023-12-10T18:08:18Z,Po di Venezia,44.97907136,12.2580871,0.4274,351.398069,8.200305e-05,,,SWOT_L2_HR_RiverSP_Reach_007_486_EU_20231210T180556_20231210T180557_PIC0_01.zip,river,2023-12-10 18:08:18+00:00
21406100295,2023-12-10T18:08:18Z,Po di Venezia,45.02022837,12.1647155,0.5653,343.02625,1.493814e-05,,,SWOT_L2_HR_RiverSP_Reach_007_486_EU_20231210T180556_20231210T180557_PIC0_01.zip,river,2023-12-10 18:08:18+00:00
21406100305,2023-12-10T18:08:18Z,Po di Venezia,44.99976903,12.0782068,0.8291,392.819307,1.521946e-05,,,SWOT_L2_HR_RiverSP_Reach_007_486_EU_20231210T180556_20231210T180557_PIC0_01.zip,river,2023-12-10 18:08:18+00:00
21406100315,2023-12-10T18:08:18Z,Po,44.97645748,12.0255272,0.9426,346.899071,4.355787e-05,,,SWOT_L2_HR_RiverSP_Reach_007_486_EU_20231210T180556_20231210T180557_PIC0_01.zip,river,2023-12-10 18:08:18+00:00
21407000015,2023-12-10T18:08:19Z,Po di Gnocca,44.88633902,12.3402252,-0.9722,94.826402,-4.91155e-05,,,SWOT_L2_HR_RiverSP_Reach_007_486_EU_20231210T180556_20231210T180557_PIC0_01.zip,river,2023-12-10 18:08:19+00:00
21407000025,2023-12-10T18:08:27Z,no_data,44.82749551,12.3520721,-0.1278,117.720066,-2.73201e-05,,,SWOT_L2_HR_RiverSP_Reach_007_486_EU_20231210T180556_20231210T180557_PIC0_01.zip,river,2023-12-10 18:08:27+00:00
21407000035,2023-12-10T18:08:19Z,Po di Goro,44.88212683,12.2910628,0.1465,76.499791,-3.68243e-05,,,SWOT_L2_HR_RiverSP_Reach_007_486_EU_20231210T180556_20231210T180557_PIC0_01.zip,river,2023-12-10 18:08:19+00:00
21407000045,2023-12-10T18:08:19Z,Po di Goro,44.93225211,12.2569541,-0.5121,41.913892,4.231953e-05,,,SWOT_L2_HR_RiverSP_Reach_007_486_EU_20231210T180556_20231210T180557_PIC0_01.zip,river,2023-12-10 18:08:19+00:00
21407000055,2023-12-10T18:08:18Z,Po di Goro,44.94808193,12.128055,0.2524,34.949607,3.716245e-05,,,SWOT_L2_HR_RiverSP_Reach_007_486_EU_20231210T180556_20231210T180557_PIC0_01.zip,river,2023-12-10 18:08:18+00:00
21406100091,no_data,Fiume Mincio; Po,45.10017596,10.9113497,,,,,,SWOT_L2_HR_RiverSP_Reach_007_514_EU_20231211T180629_20231211T180638_PGC0_01.zip,river,
21406100101,no_data,Po,45.06440534,10.9221059,,,,,,SWOT_L2_HR_RiverSP_Reach_007_514_EU_20231211T180629_20231211T180638_PGC0_01.zip,river,
21406100111,2023-12-11T18:08:50Z,Po,45.04625504,10.768001,13.5705,236.096558,0.00011582884,,,SWOT_L2_HR_RiverSP_Reach_007_514_EU_20231211T180629_20231211T180638_PGC0_01.zip,river,2023-12-11 18:08:50+00:00
21406100123,2023-12-11T18:08:49Z,Fiume Mincio,45.14246728,10.8162187,14.4197,,,,,SWOT_L2_HR_RiverSP_Reach_007_514_EU_20231211T180629_20231211T180638_PGC0_01.zip,river,2023-12-11 18:08:49+00:00
21406200011,2023-12-11T18:08:49Z,Po,45.06313602,10.6021879,17.2267,34.753788,0.00027294589,,,SWOT_L2_HR_RiverSP_Reach_007_514_EU_20231211T180629_20231211T180638_PGC0_01.zip,river,2023-12-11 18:08:49+00:00
21406200021,2023-12-11T18:08:49Z,Fiume Oglio,45.12874321,10.5044278,20.8403,35.548621,0.00022207619,,,SWOT_L2_HR_RiverSP_Reach_007_514_EU_20231211T180629_20231211T180638_PGC0_01.zip,river,2023-12-11 18:08:49+00:00
21406300011,2023-12-11T18:08:58Z,Po,45.00223735,10.6801087,15.7098,248.288963,0.00015483326,,,SWOT_L2_HR_RiverSP_Reach_007_514_EU_20231211T180629_20231211T180638_PGC0_01.zip,river,2023-12-11 18:08:58+00:00
21406300021,2023-12-11T18:08:58Z,Po,44.92496107,10.6126319,17.0423,202.465185,0.00011725252,,,SWOT_L2_HR_RiverSP_Reach_007_514_EU_20231211T180629_20231211T180638_PGC0_01.zip,river,2023-12-11 18:08:58+00:00
21406300031,2023-12-11T18:08:58Z,Parma; Po,44.92391702,10.4975482,18.479,220.090952,0.00011982153,,,SWOT_L2_HR_RiverSP_Reach_007_514_EU_20231211T180629_20231211T180638_PGC0_01.zip,river,2023-12-11 18:08:58+00:00
21406300041,2023-12-11T18:08:50Z,Parma,44.96698609,10.4153531,19.9844,243.767688,0.00017207444,,,SWOT_L2_HR_RiverSP_Reach_007_514_EU_20231211T180629_20231211T180638_PGC0_01.zip,river,2023-12-11 18:08:50+00:00
21406300051,2023-12-11T18:08:50Z,Parma; Po,44.98238586,10.3257584,21.9012,240.409581,0.00014333187,,,SWOT_L2_HR_RiverSP_Reach_007_514_EU_20231211T180629_20231211T180638_PGC0_01.zip,river,2023-12-11 18:08:50+00:00
21406300061,2023-12-11T18:08:49Z,Po,45.0255784,10.1966661,23.6866,252.950913,0.00014052561,,,SWOT_L2_HR_RiverSP_Reach_007_514_EU_20231211T180629_20231211T180638_PGC0_01.zip,river,2023-12-11 18:08:49+00:00
21406300071,2023-12-11T18:08:49Z,Po,45.04383353,10.0629096,25.8286,379.91091,0.00015756424,,,SWOT_L2_HR_RiverSP_Reach_007_514_EU_20231211T180629_20231211T180638_PGC0_01.zip,river,2023-12-11 18:08:49+00:00
21406300081,2023-12-11T18:08:49Z,Po,45.11338408,10.0010764,27.6046,727.48682,0.00021307384,,,SWOT_L2_HR_RiverSP_Reach_007_514_EU_20231211T180629_20231211T180638_PGC0_01.zip,river,2023-12-11 18:08:49+00:00
21406300091,no_data,Po,45.10509326,9.9334895,,56.052843,,,,SWOT_L2_HR_RiverSP_Reach_007_514_EU_20231211T180629_20231211T180638_PGC0_01.zip,river,
21406300111,2023-12-11T18:08:49Z,Po,45.12967127,9.9212745,28.852,704.420781,-0.0011100977,,,SWOT_L2_HR_RiverSP_Reach_007_514_EU_20231211T180629_20231211T180638_PGC0_01.zip,river,2023-12-11 18:08:49+00:00
21406400014,2023-12-11T18:08:49Z,Adda,45.13676214,9.8763325,30.4681,194.735243,0.00201083073,,,SWOT_L2_HR_RiverSP_Reach_007_514_EU_20231211T180629_20231211T180638_PGC0_01.zip,river,2023-12-11 18:08:49+00:00
21406500011,2023-12-11T18:08:49Z,Adda; Po,45.11288469,9.8866488,30.173,384.70702,0.00016616896,,,SWOT_L2_HR_RiverSP_Reach_007_514_EU_20231211T180629_20231211T180638_PGC0_01.zip,river,2023-12-11 18:08:49+00:00
21406500021,2023-12-11T18:08:49Z,Po,45.08313086,9.8584456,40.3561,474.783,8.55941e-06,,,SWOT_L2_HR_RiverSP_Reach_007_514_EU_20231211T180629_20231211T180638_PGC0_01.zip,river,2023-12-11 18:08:49+00:00
21406500031,2023-12-11T18:08:49Z,Po,45.08910017,9.7847586,40.5598,266.527838,3.540077e-05,,,SWOT_L2_HR_RiverSP_Reach_007_514_EU_20231211T180629_20231211T180638_PGC0_01.zip,river,2023-12-11 18:08:49+00:00
21406500041,2023-12-11T18:08:49Z,Po,45.07148237,9.704767,42.4954,165.18697,0.00012328023,,,SWOT_L2_HR_RiverSP_Reach_007_514_EU_20231211T180629_20231211T180638_PGC0_01.zip,river,2023-12-11 18:08:49+00:00
21406500051,2023-12-11T18:08:49Z,Po,45.11288369,9.6007179,43.9109,313.243775,0.00017865529,,,SWOT_L2_HR_RiverSP_Reach_007_514_EU_20231211T180629_20231211T180638_PGC0_01.zip,river,2023-12-11 18:08:49+00:00
21406500061,2023-12-11T18:08:49Z,Po,45.09545589,9.4901032,47.4294,298.230751,0.000179292,,,SWOT_L2_HR_RiverSP_Reach_007_514_EU_20231211T180629_20231211T180638_PGC0_01.zip,river,2023-12-11 18:08:49+00:00
21406500071,2023-12-11T18:08:49Z,Po,45.11737939,9.3109347,50.7478,344.656205,0.00021229069,,,SWOT_L2_HR_RiverSP_Reach_007_514_EU_20231211T180629_20231211T180638_PGC0_01.zip,river,2023-12-11 18:08:49+00:00
21406500104,2023-12-11T18:08:49Z,Po,45.09264137,9.9046467,,191.65589,,,,SWOT_L2_HR_RiverSP_Reach_007_514_EU_20231211T180629_20231211T180638_PGC0_01.zip,river,2023-12-11 18:08:49+00:00
21406700011,2023-12-11T18:08:49Z,Po,45.12538309,9.1596345,53.844,242.02167,0.00022587365,,,SWOT_L2_HR_RiverSP_Reach_007_514_EU_20231211T180629_20231211T180638_PGC0_01.zip,river,2023-12-11 18:08:49+00:00
21500800021,no_data,Fiume Arno,43.7081277,10.4445051,,,,,,SWOT_L2_HR_RiverSP_Reach_007_514_EU_20231211T180629_20231211T180638_PGC0_01.zip,river,
21500800061,2023-12-11T18:09:19Z,Fiume Arno,43.70436492,10.7839405,14.3451,13.92074,-0.000178137,,,SWOT_L2_HR_RiverSP_Reach_007_514_EU_20231211T180629_20231211T180638_PGC0_01.zip,river,2023-12-11 18:09:19+00:00
21500800074,2023-12-11T18:09:19Z,Fiume Arno,43.71763156,10.8700497,,63.347176,,,,SWOT_L2_HR_RiverSP_Reach_007_514_EU_20231211T180629_20231211T180638_PGC0_01.zip,river,2023-12-11 18:09:19+00:00
21500800081,2023-12-11T18:09:19Z,Fiume Arno,43.72780079,10.8953951,,18.069982,,,,SWOT_L2_HR_RiverSP_Reach_007_514_EU_20231211T180629_20231211T180638_PGC0_01.zip,river,2023-12-11 18:09:19+00:00
21500800094,2023-12-11T18:09:19Z,Fiume Arno,43.72897311,10.9212468,,11.237405,,,,SWOT_L2_HR_RiverSP_Reach_007_514_EU_20231211T180629_20231211T180638_PGC0_01.zip,river,2023-12-11 18:09:19+00:00
21500800101,2023-12-11T18:09:19Z,Fiume Arno,43.72609497,10.9424002,22.3365,13.195349,-0.0045403334,,,SWOT_L2_HR_RiverSP_Reach_007_514_EU_20231211T180629_20231211T180638_PGC0_01.zip,river,2023-12-11 18:09:19+00:00
21500800114,2023-12-11T18:09:19Z,Fiume Arno,43.73395613,10.9629417,,85.804738,,,,SWOT_L2_HR_RiverSP_Reach_007_514_EU_20231211T180629_20231211T180638_PGC0_01.zip,river,2023-12-11 18:09:19+00:00
21500800121,2023-12-11T18:09:19Z,Fiume Arno,43.739528,10.9815185,21.5042,28.668496,-0.0028732119,,,SWOT_L2_HR_RiverSP_Reach_007_514_EU_20231211T180629_20231211T180638_PGC0_01.zip,river,2023-12-11 18:09:19+00:00
21500800134,2023-12-11T18:09:19Z,Fiume Arno,43.73552158,10.9998728,,62.564016,,,,SWOT_L2_HR_RiverSP_Reach_007_514_EU_20231211T180629_20231211T180638_PGC0_01.zip,river,2023-12-11 18:09:19+00:00
21500800141,2023-12-11T18:09:19Z,Fiume Arno,43.74768721,11.0244481,22.0373,15.944455,0.00045728304,,,SWOT_L2_HR_RiverSP_Reach_007_514_EU_20231211T180629_20231211T180638_PGC0_01.zip,river,2023-12-11 18:09:19+00:00
21500800154,2023-12-11T18:09:18Z,Fiume Arno,43.76627758,11.0424554,,7.766056,,,,SWOT_L2_HR_RiverSP_Reach_007_514_EU_20231211T180629_20231211T180638_PGC0_01.zip,river,2023-12-11 18:09:18+00:00
21500800161,2023-12-11T18:09:18Z,Fiume Arno,43.77826116,11.1119621,34.3162,6.3631,0.00043609308,,,SWOT_L2_HR_RiverSP_Reach_007_514_EU_20231211T180629_20231211T180638_PGC0_01.zip,river,2023-12-11 18:09:18+00:00
21500800174,2023-12-11T18:09:18Z,Fiume Arno,43.78926005,11.1968555,,2.507464,,,,SWOT_L2_HR_RiverSP_Reach_007_514_EU_20231211T180629_20231211T180638_PGC0_01.zip,river,2023-12-11 18:09:18+00:00
21500800181,2023-12-11T18:09:18Z,Fiume Arno,43.7853558,11.2058467,28.9488,22.501554,0.00106548465,,,SWOT_L2_HR_RiverSP_Reach_007_514_EU_20231211T180629_20231211T180638_PGC0_01.zip,river,2023-12-11 18:09:18+00:00
21500800194,2023-12-11T18:09:19Z,Fiume Arno,43.78123761,11.2146427,,47.467628,,,,SWOT_L2_HR_RiverSP_Reach_007_514_EU_20231211T180629_20231211T180638_PGC0_01.zip,river,2023-12-11 18:09:19+00:00
21500800201,2023-12-11T18:09:19Z,Fiume Arno,43.7758682,11.2295414,34.0398,10.578741,0.00583053486,,,SWOT_L2_HR_RiverSP_Reach_007_514_EU_20231211T180629_20231211T180638_PGC0_01.zip,river,2023-12-11 18:09:19+00:00
21500800214,2023-12-11T18:09:19Z,Fiume Arno,43.7710951,11.2443983,,76.383692,,,,SWOT_L2_HR_RiverSP_Reach_007_514_EU_20231211T180629_20231211T180638_PGC0_01.zip,river,2023-12-11 18:09:19+00:00
21500800221,2023-12-11T18:09:19Z,Fiume Arno,43.76715202,11.2554943,43.7187,48.771986,-0.0060846204,,,SWOT_L2_HR_RiverSP_Reach_007_514_EU_20231211T180629_20231211T180638_PGC0_01.zip,river,2023-12-11 18:09:19+00:00
21500800234,2023-12-11T18:09:19Z,Fiume Arno,43.76500389,11.2673403,,65.114519,,,,SWOT_L2_HR_RiverSP_Reach_007_514_EU_20231211T180629_20231211T180638_PGC0_01.zip,river,2023-12-11 18:09:19+00:00
21500800241,2023-12-11T18:09:19Z,Fiume Arno,43.76412125,11.2917186,54.9433,28.835839,-7.01635e-05,,,SWOT_L2_HR_RiverSP_Reach_007_514_EU_20231211T180629_20231211T180638_PGC0_01.zip,river,2023-12-11 18:09:19+00:00
21500800254,no_data,Fiume Arno,43.76234794,11.3160621,,,,,,SWOT_L2_HR_RiverSP_Reach_007_514_EU_20231211T180629_20231211T180638_PGC0_01.zip,river,
21500800264,no_data,Fiume Arno,43.76456329,11.3232663,,,,,,SWOT_L2_HR_RiverSP_Reach_007_514_EU_20231211T180629_20231211T180638_PGC0_01.zip,river,
21500800274,no_data,Fiume Arno,43.76832184,11.331508,,,,,,SWOT_L2_HR_RiverSP_Reach_007_514_EU_20231211T180629_20231211T180638_PGC0_01.zip,river,
21500800284,no_data,Fiume Arno,43.76530457,11.337519,,,,,,SWOT_L2_HR_RiverSP_Reach_007_514_EU_20231211T180629_20231211T180638_PGC0_01.zip,river,
21500800301,no_data,Fiume Arno,43.77298059,11.3559331,,,,,,SWOT_L2_HR_RiverSP_Reach_007_514_EU_20231211T180629_20231211T180638_PGC0_01.zip,river,
21500800314,no_data,Fiume Arno,43.78146667,11.3605945,,,,,,SWOT_L2_HR_RiverSP_Reach_007_514_EU_20231211T180629_20231211T180638_PGC0_01.zip,river,
21500800324,no_data,Fiume Arno,43.78330118,11.3692522,,,,,,SWOT_L2_HR_RiverSP_Reach_007_514_EU_20231211T180629_20231211T180638_PGC0_01.zip,river,
21500800331,no_data,Fiume Arno,43.78712321,11.3824156,,,,,,SWOT_L2_HR_RiverSP_Reach_007_514_EU_20231211T180629_20231211T180638_PGC0_01.zip,river,
21500800344,no_data,Fiume Arno,43.79152438,11.3885935,,,,,,SWOT_L2_HR_RiverSP_Reach_007_514_EU_20231211T180629_20231211T180638_PGC0_01.zip,river,
21500800351,no_data,Fiume Arno,43.75962957,11.4430708,,,,,,SWOT_L2_HR_RiverSP_Reach_007_514_EU_20231211T180629_20231211T180638_PGC0_01.zip,river,
21500800364,no_data,Fiume Arno,43.72136726,11.4558202,,,,,,SWOT_L2_HR_RiverSP_Reach_007_514_EU_20231211T180629_20231211T180638_PGC0_01.zip,river,
21500900013,2023-12-11T18:09:10Z,Serchio,43.76238147,10.3226477,-0.6025,265.210182,-0.0001831125,,,SWOT_L2_HR_RiverSP_Reach_007_514_EU_20231211T180629_20231211T180638_PGC0_01.zip,river,2023-12-11 18:09:10+00:00
21500900021,2023-12-11T18:09:10Z,Serchio,43.78117023,10.399042,1.7087,1800.147387,0.00150292654,,,SWOT_L2_HR_RiverSP_Reach_007_514_EU_20231211T180629_20231211T180638_PGC0_01.zip,river,2023-12-11 18:09:10+00:00
21500900034,no_data,Serchio,43.78946261,10.4164431,,535.374284,,,,SWOT_L2_HR_RiverSP_Reach_007_514_EU_20231211T180629_20231211T180638_PGC0_01.zip,river,
21500900041,2023-12-11T18:09:10Z,Serchio,43.8036516,10.4063306,7.328,661.478468,-0.0001729097,,,SWOT_L2_HR_RiverSP_Reach_007_514_EU_20231211T180629_20231211T180638_PGC0_01.zip,river,2023-12-11 18:09:10+00:00
21500900064,2023-12-11T18:09:09Z,Fiume Magra,44.1080452,9.9369098,,165.510149,,,,SWOT_L2_HR_RiverSP_Reach_007_514_EU_20231211T180629_20231211T180638_PGC0_01.zip,river,2023-12-11 18:09:09+00:00
21500900184,2023-12-11T18:09:09Z,Serchio,43.8188553,10.4136918,,1063.630114,,,,SWOT_L2_HR_RiverSP_Reach_007_514_EU_20231211T180629_20231211T180638_PGC0_01.zip,river,2023-12-11 18:09:09+00:00
21500900191,no_data,Serchio,43.84327707,10.4415553,,,,,,SWOT_L2_HR_RiverSP_Reach_007_514_EU_20231211T180629_20231211T180638_PGC0_01.zip,river,
21500900204,no_data,Serchio,43.8539327,10.476405,,,,,,SWOT_L2_HR_RiverSP_Reach_007_514_EU_20231211T180629_20231211T180638_PGC0_01.zip,river,
21500900211,no_data,Serchio,43.8532787,10.4915647,,,,,,SWOT_L2_HR_RiverSP_Reach_007_514_EU_20231211T180629_20231211T180638_PGC0_01.zip,river,
21500900224,no_data,Serchio,43.85677563,10.5059732,,,,,,SWOT_L2_HR_RiverSP_Reach_007_514_EU_20231211T180629_20231211T180638_PGC0_01.zip,river,
21500900231,2023-12-11T18:09:09Z,Serchio,43.88606154,10.5259476,29.8656,564.916018,0.00301966596,,,SWOT_L2_HR_RiverSP_Reach_007_514_EU_20231211T180629_20231211T180638_PGC0_01.zip,river,2023-12-11 18:09:09+00:00
21500900244,2023-12-11T18:09:09Z,Serchio,43.91649583,10.529312,,257.586078,,,,SWOT_L2_HR_RiverSP_Reach_007_514_EU_20231211T180629_20231211T180638_PGC0_01.zip,river,2023-12-11 18:09:09+00:00
21500900261,2023-12-11T18:09:09Z,Serchio,43.92488448,10.5296092,40.4243,37.9233,0.00121797759,,,SWOT_L2_HR_RiverSP_Reach_007_514_EU_20231211T180629_20231211T180638_PGC0_01.zip,river,2023-12-11 18:09:09+00:00
21500900274,no_data,Serchio,43.92529227,10.5218935,,8.058615,,,,SWOT_L2_HR_RiverSP_Reach_007_514_EU_20231211T180629_20231211T180638_PGC0_01.zip,river,
21500900281,2023-12-11T18:09:09Z,Serchio,43.93088015,10.5087897,46.614,35.464325,0.00381532554,,,SWOT_L2_HR_RiverSP_Reach_007_514_EU_20231211T180629_20231211T180638_PGC0_01.zip,river,2023-12-11 18:09:09+00:00
21500900294,2023-12-11T18:09:09Z,Serchio,43.93982305,10.5015469,,80.341724,,,,SWOT_L2_HR_RiverSP_Reach_007_514_EU_20231211T180629_20231211T180638_PGC0_01.zip,river,2023-12-11 18:09:09+00:00
21500900301,2023-12-11T18:09:09Z,Serchio,43.96338733,10.5238839,74.1942,125.367213,0.00493762704,,,SWOT_L2_HR_RiverSP_Reach_007_514_EU_20231211T180629_20231211T180638_PGC0_01.zip,river,2023-12-11 18:09:09+00:00
21500900314,2023-12-11T18:09:09Z,Serchio,43.98114573,10.5523043,,281.209292,,,,SWOT_L2_HR_RiverSP_Reach_007_514_EU_20231211T180629_20231211T180638_PGC0_01.zip,river,2023-12-11 18:09:09+00:00
21500900321,2023-12-11T18:09:09Z,Serchio,43.99085556,10.5533227,94.4565,82.003478,0.00548003341,,,SWOT_L2_HR_RiverSP_Reach_007_514_EU_20231211T180629_20231211T180638_PGC0_01.zip,river,2023-12-11 18:09:09+00:00
21500900335,2023-12-11T18:09:09Z,Fiume Magra,44.07842653,9.9655885,0.0937,132.310598,3.708853e-05,,,SWOT_L2_HR_RiverSP_Reach_007_514_EU_20231211T180629_20231211T180638_PGC0_01.zip,river,2023-12-11 18:09:09+00:00
21500900344,2023-12-11T18:09:09Z,Fiume Magra,44.10398535,9.9379287,,186.977503,,,,SWOT_L2_HR_RiverSP_Reach_007_514_EU_20231211T180629_20231211T180638_PGC0_01.zip,river,2023-12-11 18:09:09+00:00
21500900355,2023-12-11T18:09:09Z,Fiume Magra,44.12143652,9.9276433,5.3441,47.796059,0.00126644516,,,SWOT_L2_HR_RiverSP_Reach_007_514_EU_20231211T180629_20231211T180638_PGC0_01.zip,river,2023-12-11 18:09:09+00:00
21500900364,2023-12-11T18:09:09Z,Fiume Magra,44.13142931,9.9138465,,184.596489,,,,SWOT_L2_HR_RiverSP_Reach_007_514_EU_20231211T180629_20231211T180638_PGC0_01.zip,river,2023-12-11 18:09:09+00:00
21500900375,2023-12-11T18:09:09Z,Fiume Magra,44.13659356,9.9063001,9.0197,137.785711,0.00294996983,,,SWOT_L2_HR_RiverSP_Reach_007_514_EU_20231211T180629_20231211T180638_PGC0_01.zip,river,2023-12-11 18:09:09+00:00
21500900384,2023-12-11T18:09:08Z,Fiume Magra,44.14283943,9.8981002,,251.048616,,,,SWOT_L2_HR_RiverSP_Reach_007_514_EU_20231211T180629_20231211T180638_PGC0_01.zip,river,2023-12-11 18:09:08+00:00
21500900395,2023-12-11T18:09:08Z,Fiume Magra,44.15012927,9.8899941,13.3518,168.783838,0.00206412907,,,SWOT_L2_HR_RiverSP_Reach_007_514_EU_20231211T180629_20231211T180638_PGC0_01.zip,river,2023-12-11 18:09:08+00:00
21500900404,2023-12-11T18:09:08Z,Fiume Magra,44.15876878,9.8931723,17.2802,61.90561,0.00380425013,,,SWOT_L2_HR_RiverSP_Reach_007_514_EU_20231211T180629_20231211T180638_PGC0_01.zip,river,2023-12-11 18:09:08+00:00
21500900414,2023-12-11T18:09:08Z,Fiume Magra,44.16226318,9.8974438,,103.659637,,,,SWOT_L2_HR_RiverSP_Reach_007_514_EU_20231211T180629_20231211T180638_PGC0_01.zip,river,2023-12-11 18:09:08+00:00
21500900425,2023-12-11T18:09:08Z,Fiume Magra,44.16616482,9.9066061,21.5589,121.704989,0.00277107947,,,SWOT_L2_HR_RiverSP_Reach_007_514_EU_20231211T180629_20231211T180638_PGC0_01.zip,river,2023-12-11 18:09:08+00:00
21500900434,2023-12-11T18:09:08Z,Fiume Magra,44.16995794,9.9183815,25.493,75.430005,0.00517515606,,,SWOT_L2_HR_RiverSP_Reach_007_514_EU_20231211T180629_20231211T180638_PGC0_01.zip,river,2023-12-11 18:09:08+00:00
21500900444,2023-12-11T18:09:08Z,Fiume Magra,44.17257832,9.9248018,,112.399437,,,,SWOT_L2_HR_RiverSP_Reach_007_514_EU_20231211T180629_20231211T180638_PGC0_01.zip,river,2023-12-11 18:09:08+00:00
21500900455,2023-12-11T18:09:08Z,Fiume Magra,44.1887648,9.9372759,37.9426,51.528331,0.00331186375,,,SWOT_L2_HR_RiverSP_Reach_007_514_EU_20231211T180629_20231211T180638_PGC0_01.zip,river,2023-12-11 18:09:08+00:00
21406100091,no_data,Fiume Mincio; Po,45.10017596,10.9113497,,,,,,SWOT_L2_HR_RiverSP_Reach_007_514_EU_20231211T180629_20231211T180638_PIC0_01.zip,river,
21406100101,no_data,Po,45.06440534,10.9221059,,,,,,SWOT_L2_HR_RiverSP_Reach_007_514_EU_20231211T180629_20231211T180638_PIC0_01.zip,river,
21406100111,2023-12-11T18:08:50Z,Po,45.04625504,10.768001,13.5689,236.060295,0.00011777174,,,SWOT_L2_HR_RiverSP_Reach_007_514_EU_20231211T180629_20231211T180638_PIC0_01.zip,river,2023-12-11 18:08:50+00:00
21406100123,2023-12-11T18:08:49Z,Fiume Mincio,45.14246728,10.8162187,14.4156,,,,,SWOT_L2_HR_RiverSP_Reach_007_514_EU_20231211T180629_20231211T180638_PIC0_01.zip,river,2023-12-11 18:08:49+00:00
21406200011,2023-12-11T18:08:49Z,Po,45.06313602,10.6021879,17.2361,34.640605,0.00027307838,,,SWOT_L2_HR_RiverSP_Reach_007_514_EU_20231211T180629_20231211T180638_PIC0_01.zip,river,2023-12-11 18:08:49+00:00
21406200021,2023-12-11T18:08:49Z,Fiume Oglio,45.12874321,10.5044278,20.8436,35.56891,0.00022207554,,,SWOT_L2_HR_RiverSP_Reach_007_514_EU_20231211T180629_20231211T180638_PIC0_01.zip,river,2023-12-11 18:08:49+00:00
21406300011,2023-12-11T18:08:58Z,Po,45.00223735,10.6801087,15.7208,248.226372,0.00015624196,,,SWOT_L2_HR_RiverSP_Reach_007_514_EU_20231211T180629_20231211T180638_PIC0_01.zip,river,2023-12-11 18:08:58+00:00
21406300021,2023-12-11T18:08:58Z,Po,44.92496107,10.6126319,17.0452,202.393081,0.00011729675,,,SWOT_L2_HR_RiverSP_Reach_007_514_EU_20231211T180629_20231211T180638_PIC0_01.zip,river,2023-12-11 18:08:58+00:00
21406300031,2023-12-11T18:08:58Z,Parma; Po,44.92391702,10.4975482,18.4855,220.064095,0.00011977034,,,SWOT_L2_HR_RiverSP_Reach_007_514_EU_20231211T180629_20231211T180638_PIC0_01.zip,river,2023-12-11 18:08:58+00:00
21406300041,2023-12-11T18:08:50Z,Parma,44.96698609,10.4153531,19.9869,243.617498,0.00017208367,,,SWOT_L2_HR_RiverSP_Reach_007_514_EU_20231211T180629_20231211T180638_PIC0_01.zip,river,2023-12-11 18:08:50+00:00
21406300051,2023-12-11T18:08:50Z,Parma; Po,44.98238586,10.3257584,21.9072,240.18285,0.00014349148,,,SWOT_L2_HR_RiverSP_Reach_007_514_EU_20231211T180629_20231211T180638_PIC0_01.zip,river,2023-12-11 18:08:50+00:00
21406300061,2023-12-11T18:08:49Z,Po,45.0255784,10.1966661,23.6943,253.52333,0.00014063719,,,SWOT_L2_HR_RiverSP_Reach_007_514_EU_20231211T180629_20231211T180638_PIC0_01.zip,river,2023-12-11 18:08:49+00:00
21406300071,2023-12-11T18:08:49Z,Po,45.04383353,10.0629096,25.8162,384.060574,0.00015478158,,,SWOT_L2_HR_RiverSP_Reach_007_514_EU_20231211T180629_20231211T180638_PIC0_01.zip,river,2023-12-11 18:08:49+00:00
21406300081,2023-12-11T18:08:49Z,Po,45.11338408,10.0010764,27.6406,734.356251,0.00023738894,,,SWOT_L2_HR_RiverSP_Reach_007_514_EU_20231211T180629_20231211T180638_PIC0_01.zip,river,2023-12-11 18:08:49+00:00
21406300091,no_data,Po,45.10509326,9.9334895,,59.921253,,,,SWOT_L2_HR_RiverSP_Reach_007_514_EU_20231211T180629_20231211T180638_PIC0_01.zip,river,
21406300111,2023-12-11T18:08:49Z,Po,45.12967127,9.9212745,28.964,624.351232,-0.0012556661,,,SWOT_L2_HR_RiverSP_Reach_007_514_EU_20231211T180629_20231211T180638_PIC0_01.zip,river,2023-12-11 18:08:49+00:00
21406400014,2023-12-11T18:08:49Z,Adda,45.13676214,9.8763325,30.4797,191.768275,0.00201082119,,,SWOT_L2_HR_RiverSP_Reach_007_514_EU_20231211T180629_20231211T180638_PIC0_01.zip,river,2023-12-11 18:08:49+00:00
21406500011,2023-12-11T18:08:49Z,Adda; Po,45.11288469,9.8866488,30.0273,385.181163,-6.50014e-05,,,SWOT_L2_HR_RiverSP_Reach_007_514_EU_20231211T180629_20231211T180638_PIC0_01.zip,river,2023-12-11 18:08:49+00:00
21406500021,2023-12-11T18:08:49Z,Po,45.08313086,9.8584456,40.3742,469.057285,1.003878e-05,,,SWOT_L2_HR_RiverSP_Reach_007_514_EU_20231211T180629_20231211T180638_PIC0_01.zip,river,2023-12-11 18:08:49+00:00
21406500031,2023-12-11T18:08:49Z,Po,45.08910017,9.7847586,40.5734,266.705389,3.464686e-05,,,SWOT_L2_HR_RiverSP_Reach_007_514_EU_20231211T180629_20231211T180638_PIC0_01.zip,river,2023-12-11 18:08:49+00:00
21406500041,2023-12-11T18:08:49Z,Po,45.07148237,9.704767,42.5381,165.519882,0.00012359256,,,SWOT_L2_HR_RiverSP_Reach_007_514_EU_20231211T180629_20231211T180638_PIC0_01.zip,river,2023-12-11 18:08:49+00:00
21406500051,2023-12-11T18:08:49Z,Po,45.11288369,9.6007179,43.9272,313.03475,0.000178368,,,SWOT_L2_HR_RiverSP_Reach_007_514_EU_20231211T180629_20231211T180638_PIC0_01.zip,river,2023-12-11 18:08:49+00:00
21406500061,2023-12-11T18:08:49Z,Po,45.09545589,9.4901032,47.4139,298.077756,0.00018349438,,,SWOT_L2_HR_RiverSP_Reach_007_514_EU_20231211T180629_20231211T180638_PIC0_01.zip,river,2023-12-11 18:08:49+00:00
21406500071,2023-12-11T18:08:49Z,Po,45.11737939,9.3109347,50.7696,344.621948,0.00021392073,,,SWOT_L2_HR_RiverSP_Reach_007_514_EU_20231211T180629_20231211T180638_PIC0_01.zip,river,2023-12-11 18:08:49+00:00
21406500104,2023-12-11T18:08:49Z,Po,45.09264137,9.9046467,,189.760564,,,,SWOT_L2_HR_RiverSP_Reach_007_514_EU_20231211T180629_20231211T180638_PIC0_01.zip,river,2023-12-11 18:08:49+00:00
21406700011,2023-12-11T18:08:49Z,Po,45.12538309,9.1596345,53.8671,241.957865,0.00020891986,,,SWOT_L2_HR_RiverSP_Reach_007_514_EU_20231211T180629_20231211T180638_PIC0_01.zip,river,2023-12-11 18:08:49+00:00
21500800021,no_data,Fiume Arno,43.7081277,10.4445051,,,,,,SWOT_L2_HR_RiverSP_Reach_007_514_EU_20231211T180629_20231211T180638_PIC0_01.zip,river,
21500800061,2023-12-11T18:09:19Z,Fiume Arno,43.70436492,10.7839405,14.3862,14.032809,-0.0001558057,,,SWOT_L2_HR_RiverSP_Reach_007_514_EU_20231211T180629_20231211T180638_PIC0_01.zip,river,2023-12-11 18:09:19+00:00
21500800074,2023-12-11T18:09:19Z,Fiume Arno,43.71763156,10.8700497,,63.339302,,,,SWOT_L2_HR_RiverSP_Reach_007_514_EU_20231211T180629_20231211T180638_PIC0_01.zip,river,2023-12-11 18:09:19+00:00
21500800081,2023-12-11T18:09:19Z,Fiume Arno,43.72780079,10.8953951,,17.810296,,,,SWOT_L2_HR_RiverSP_Reach_007_514_EU_20231211T180629_20231211T180638_PIC0_01.zip,river,2023-12-11 18:09:19+00:00
21500800094,2023-12-11T18:09:19Z,Fiume Arno,43.72897311,10.9212468,,11.235693,,,,SWOT_L2_HR_RiverSP_Reach_007_514_EU_20231211T180629_20231211T180638_PIC0_01.zip,river,2023-12-11 18:09:19+00:00
21500800101,2023-12-11T18:09:19Z,Fiume Arno,43.72609497,10.9424002,22.3358,13.090386,-0.0045385028,,,SWOT_L2_HR_RiverSP_Reach_007_514_EU_20231211T180629_20231211T180638_PIC0_01.zip,river,2023-12-11 18:09:19+00:00
21500800114,2023-12-11T18:09:19Z,Fiume Arno,43.73395613,10.9629417,,85.813355,,,,SWOT_L2_HR_RiverSP_Reach_007_514_EU_20231211T180629_20231211T180638_PIC0_01.zip,river,2023-12-11 18:09:19+00:00
21500800121,2023-12-11T18:09:19Z,Fiume Arno,43.739528,10.9815185,21.5914,31.067011,-0.0028884594,,,SWOT_L2_HR_RiverSP_Reach_007_514_EU_20231211T180629_20231211T180638_PIC0_01.zip,river,2023-12-11 18:09:19+00:00
21500800134,2023-12-11T18:09:19Z,Fiume Arno,43.73552158,10.9998728,,62.565363,,,,SWOT_L2_HR_RiverSP_Reach_007_514_EU_20231211T180629_20231211T180638_PIC0_01.zip,river,2023-12-11 18:09:19+00:00
21500800141,2023-12-11T18:09:19Z,Fiume Arno,43.74768721,11.0244481,22.0413,16.061757,0.00045696247,,,SWOT_L2_HR_RiverSP_Reach_007_514_EU_20231211T180629_20231211T180638_PIC0_01.zip,river,2023-12-11 18:09:19+00:00
21500800154,2023-12-11T18:09:18Z,Fiume Arno,43.76627758,11.0424554,,7.757911,,,,SWOT_L2_HR_RiverSP_Reach_007_514_EU_20231211T180629_20231211T180638_PIC0_01.zip,river,2023-12-11 18:09:18+00:00
21500800161,2023-12-11T18:09:18Z,Fiume Arno,43.77826116,11.1119621,34.2444,6.115935,0.00028581173,,,SWOT_L2_HR_RiverSP_Reach_007_514_EU_20231211T180629_20231211T180638_PIC0_01.zip,river,2023-12-11 18:09:18+00:00
21500800174,2023-12-11T18:09:18Z,Fiume Arno,43.78926005,11.1968555,,1.950566,,,,SWOT_L2_HR_RiverSP_Reach_007_514_EU_20231211T180629_20231211T180638_PIC0_01.zip,river,2023-12-11 18:09:18+00:00
21500800181,2023-12-11T18:09:18Z,Fiume Arno,43.7853558,11.2058467,28.9478,22.501672,0.00107130699,,,SWOT_L2_HR_RiverSP_Reach_007_514_EU_20231211T180629_20231211T180638_PIC0_01.zip,river,2023-12-11 18:09:18+00:00
21500800194,2023-12-11T18:09:19Z,Fiume Arno,43.78123761,11.2146427,,46.382628,,,,SWOT_L2_HR_RiverSP_Reach_007_514_EU_20231211T180629_20231211T180638_PIC0_01.zip,river,2023-12-11 18:09:19+00:00
21500800201,2023-12-11T18:09:19Z,Fiume Arno,43.7758682,11.2295414,32.6032,11.136038,0.00312693423,,,SWOT_L2_HR_RiverSP_Reach_007_514_EU_20231211T180629_20231211T180638_PIC0_01.zip,river,2023-12-11 18:09:19+00:00
21500800214,2023-12-11T18:09:19Z,Fiume Arno,43.7710951,11.2443983,,76.414425,,,,SWOT_L2_HR_RiverSP_Reach_007_514_EU_20231211T180629_20231211T180638_PIC0_01.zip,river,2023-12-11 18:09:19+00:00
21500800221,2023-12-11T18:09:19Z,Fiume Arno,43.76715202,11.2554943,43.6925,48.253524,-0.006015948,,,SWOT_L2_HR_RiverSP_Reach_007_514_EU_20231211T180629_20231211T180638_PIC0_01.zip,river,2023-12-11 18:09:19+00:00
21500800234,2023-12-11T18:09:19Z,Fiume Arno,43.76500389,11.2673403,,65.114126,,,,SWOT_L2_HR_RiverSP_Reach_007_514_EU_20231211T180629_20231211T180638_PIC0_01.zip,river,2023-12-11 18:09:19+00:00
21500800241,2023-12-11T18:09:19Z,Fiume Arno,43.76412125,11.2917186,54.9544,28.957571,-6.90022e-05,,,SWOT_L2_HR_RiverSP_Reach_007_514_EU_20231211T180629_20231211T180638_PIC0_01.zip,river,2023-12-11 18:09:19+00:00
21500800254,no_data,Fiume Arno,43.76234794,11.3160621,,,,,,SWOT_L2_HR_RiverSP_Reach_007_514_EU_20231211T180629_20231211T180638_PIC0_01.zip,river,
21500800264,no_data,Fiume Arno,43.76456329,11.3232663,,,,,,SWOT_L2_HR_RiverSP_Reach_007_514_EU_20231211T180629_20231211T180638_PIC0_01.zip,river,
21500800274,no_data,Fiume Arno,43.76832184,11.331508,,,,,,SWOT_L2_HR_RiverSP_Reach_007_514_EU_20231211T180629_20231211T180638_PIC0_01.zip,river,
21500800284,no_data,Fiume Arno,43.76530457,11.337519,,,,,,SWOT_L2_HR_RiverSP_Reach_007_514_EU_20231211T180629_20231211T180638_PIC0_01.zip,river,
21500800301,no_data,Fiume Arno,43.77298059,11.3559331,,,,,,SWOT_L2_HR_RiverSP_Reach_007_514_EU_20231211T180629_20231211T180638_PIC0_01.zip,river,
21500800314,no_data,Fiume Arno,43.78146667,11.3605945,,,,,,SWOT_L2_HR_RiverSP_Reach_007_514_EU_20231211T180629_20231211T180638_PIC0_01.zip,river,
21500800324,no_data,Fiume Arno,43.78330118,11.3692522,,,,,,SWOT_L2_HR_RiverSP_Reach_007_514_EU_20231211T180629_20231211T180638_PIC0_01.zip,river,
21500800331,no_data,Fiume Arno,43.78712321,11.3824156,,,,,,SWOT_L2_HR_RiverSP_Reach_007_514_EU_20231211T180629_20231211T180638_PIC0_01.zip,river,
21500800344,no_data,Fiume Arno,43.79152438,11.3885935,,,,,,SWOT_L2_HR_RiverSP_Reach_007_514_EU_20231211T180629_20231211T180638_PIC0_01.zip,river,
21500800351,no_data,Fiume Arno,43.75962957,11.4430708,,,,,,SWOT_L2_HR_RiverSP_Reach_007_514_EU_20231211T180629_20231211T180638_PIC0_01.zip,river,
21500800364,no_data,Fiume Arno,43.72136726,11.4558202,,,,,,SWOT_L2_HR_RiverSP_Reach_007_514_EU_20231211T180629_20231211T180638_PIC0_01.zip,river,
21500900013,2023-12-11T18:09:10Z,Serchio,43.76238147,10.3226477,-1.0864,266.072754,-0.0001484203,,,SWOT_L2_HR_RiverSP_Reach_007_514_EU_20231211T180629_20231211T180638_PIC0_01.zip,river,2023-12-11 18:09:10+00:00
21500900021,2023-12-11T18:09:10Z,Serchio,43.78117023,10.399042,1.2662,1617.774571,0.00094142269,,,SWOT_L2_HR_RiverSP_Reach_007_514_EU_20231211T180629_20231211T180638_PIC0_01.zip,river,2023-12-11 18:09:10+00:00
21500900034,no_data,Serchio,43.78946261,10.4164431,,43.368997,,,,SWOT_L2_HR_RiverSP_Reach_007_514_EU_20231211T180629_20231211T180638_PIC0_01.zip,river,
21500900041,2023-12-11T18:09:10Z,Serchio,43.8036516,10.4063306,7.8166,609.062533,0.00052156248,,,SWOT_L2_HR_RiverSP_Reach_007_514_EU_20231211T180629_20231211T180638_PIC0_01.zip,river,2023-12-11 18:09:10+00:00
21500900064,2023-12-11T18:09:09Z,Fiume Magra,44.1080452,9.9369098,,171.967574,,,,SWOT_L2_HR_RiverSP_Reach_007_514_EU_20231211T180629_20231211T180638_PIC0_01.zip,river,2023-12-11 18:09:09+00:00
21500900184,2023-12-11T18:09:09Z,Serchio,43.8188553,10.4136918,,1063.498389,,,,SWOT_L2_HR_RiverSP_Reach_007_514_EU_20231211T180629_20231211T180638_PIC0_01.zip,river,2023-12-11 18:09:09+00:00
21500900191,no_data,Serchio,43.84327707,10.4415553,,211.907836,,,,SWOT_L2_HR_RiverSP_Reach_007_514_EU_20231211T180629_20231211T180638_PIC0_01.zip,river,
21500900204,no_data,Serchio,43.8539327,10.476405,,,,,,SWOT_L2_HR_RiverSP_Reach_007_514_EU_20231211T180629_20231211T180638_PIC0_01.zip,river,
21500900211,no_data,Serchio,43.8532787,10.4915647,,,,,,SWOT_L2_HR_RiverSP_Reach_007_514_EU_20231211T180629_20231211T180638_PIC0_01.zip,river,
21500900224,no_data,Serchio,43.85677563,10.5059732,,,,,,SWOT_L2_HR_RiverSP_Reach_007_514_EU_20231211T180629_20231211T180638_PIC0_01.zip,river,
21500900231,2023-12-11T18:09:09Z,Serchio,43.88606154,10.5259476,29.8744,564.822472,0.00301401793,,,SWOT_L2_HR_RiverSP_Reach_007_514_EU_20231211T180629_20231211T180638_PIC0_01.zip,river,2023-12-11 18:09:09+00:00
21500900244,2023-12-11T18:09:09Z,Serchio,43.91649583,10.529312,,264.226597,,,,SWOT_L2_HR_RiverSP_Reach_007_514_EU_20231211T180629_20231211T180638_PIC0_01.zip,river,2023-12-11 18:09:09+00:00
21500900261,2023-12-11T18:09:09Z,Serchio,43.92488448,10.5296092,40.4325,33.326471,0.00121785704,,,SWOT_L2_HR_RiverSP_Reach_007_514_EU_20231211T180629_20231211T180638_PIC0_01.zip,river,2023-12-11 18:09:09+00:00
21500900274,no_data,Serchio,43.92529227,10.5218935,,77.125973,,,,SWOT_L2_HR_RiverSP_Reach_007_514_EU_20231211T180629_20231211T180638_PIC0_01.zip,river,
21500900281,2023-12-11T18:09:09Z,Serchio,43.93088015,10.5087897,46.8367,34.176279,0.00309863883,,,SWOT_L2_HR_RiverSP_Reach_007_514_EU_20231211T180629_20231211T180638_PIC0_01.zip,river,2023-12-11 18:09:09+00:00
21500900294,2023-12-11T18:09:09Z,Serchio,43.93982305,10.5015469,,80.240182,,,,SWOT_L2_HR_RiverSP_Reach_007_514_EU_20231211T180629_20231211T180638_PIC0_01.zip,river,2023-12-11 18:09:09+00:00
21500900301,2023-12-11T18:09:09Z,Serchio,43.96338733,10.5238839,74.2001,125.991524,0.00493486192,,,SWOT_L2_HR_RiverSP_Reach_007_514_EU_20231211T180629_20231211T180638_PIC0_01.zip,river,2023-12-11 18:09:09+00:00
21500900314,2023-12-11T18:09:09Z,Serchio,43.98114573,10.5523043,,280.929939,,,,SWOT_L2_HR_RiverSP_Reach_007_514_EU_20231211T180629_20231211T180638_PIC0_01.zip,river,2023-12-11 18:09:09+00:00
21500900321,2023-12-11T18:09:09Z,Serchio,43.99085556,10.5533227,94.4645,80.796892,0.00548030734,,,SWOT_L2_HR_RiverSP_Reach_007_514_EU_20231211T180629_20231211T180638_PIC0_01.zip,river,2023-12-11 18:09:09+00:00
21500900335,2023-12-11T18:09:09Z,Fiume Magra,44.07842653,9.9655885,0.1083,132.356408,3.71695e-05,,,SWOT_L2_HR_RiverSP_Reach_007_514_EU_20231211T180629_20231211T180638_PIC0_01.zip,river,2023-12-11 18:09:09+00:00
21500900344,2023-12-11T18:09:09Z,Fiume Magra,44.10398535,9.9379287,,190.72732,,,,SWOT_L2_HR_RiverSP_Reach_007_514_EU_20231211T180629_20231211T180638_PIC0_01.zip,river,2023-12-11 18:09:09+00:00
21500900355,2023-12-11T18:09:09Z,Fiume Magra,44.12143652,9.9276433,5.3591,47.821489,0.0012664914,,,SWOT_L2_HR_RiverSP_Reach_007_514_EU_20231211T180629_20231211T180638_PIC0_01.zip,river,2023-12-11 18:09:09+00:00
21500900364,2023-12-11T18:09:09Z,Fiume Magra,44.13142931,9.9138465,,184.596477,,,,SWOT_L2_HR_RiverSP_Reach_007_514_EU_20231211T180629_20231211T180638_PIC0_01.zip,river,2023-12-11 18:09:09+00:00
21500900375,2023-12-11T18:09:09Z,Fiume Magra,44.13659356,9.9063001,9.0349,138.073448,0.00295003181,,,SWOT_L2_HR_RiverSP_Reach_007_514_EU_20231211T180629_20231211T180638_PIC0_01.zip,river,2023-12-11 18:09:09+00:00
21500900384,2023-12-11T18:09:08Z,Fiume Magra,44.14283943,9.8981002,,252.063643,,,,SWOT_L2_HR_RiverSP_Reach_007_514_EU_20231211T180629_20231211T180638_PIC0_01.zip,river,2023-12-11 18:09:08+00:00
21500900395,2023-12-11T18:09:08Z,Fiume Magra,44.15012927,9.8899941,13.3671,169.044129,0.00206412057,,,SWOT_L2_HR_RiverSP_Reach_007_514_EU_20231211T180629_20231211T180638_PIC0_01.zip,river,2023-12-11 18:09:08+00:00
21500900404,2023-12-11T18:09:08Z,Fiume Magra,44.15876878,9.8931723,17.2955,61.907629,0.00380413343,,,SWOT_L2_HR_RiverSP_Reach_007_514_EU_20231211T180629_20231211T180638_PIC0_01.zip,river,2023-12-11 18:09:08+00:00
21500900414,2023-12-11T18:09:08Z,Fiume Magra,44.16226318,9.8974438,,103.656233,,,,SWOT_L2_HR_RiverSP_Reach_007_514_EU_20231211T180629_20231211T180638_PIC0_01.zip,river,2023-12-11 18:09:08+00:00
21500900425,2023-12-11T18:09:08Z,Fiume Magra,44.16616482,9.9066061,21.5734,121.997973,0.00277309443,,,SWOT_L2_HR_RiverSP_Reach_007_514_EU_20231211T180629_20231211T180638_PIC0_01.zip,river,2023-12-11 18:09:08+00:00
21500900434,2023-12-11T18:09:08Z,Fiume Magra,44.16995794,9.9183815,25.508,75.429982,0.00517536902,,,SWOT_L2_HR_RiverSP_Reach_007_514_EU_20231211T180629_20231211T180638_PIC0_01.zip,river,2023-12-11 18:09:08+00:00
21500900444,2023-12-11T18:09:08Z,Fiume Magra,44.17257832,9.9248018,,112.370311,,,,SWOT_L2_HR_RiverSP_Reach_007_514_EU_20231211T180629_20231211T180638_PIC0_01.zip,river,2023-12-11 18:09:08+00:00
21500900455,2023-12-11T18:09:08Z,Fiume Magra,44.1887648,9.9372759,37.9569,51.463559,0.00331171377,,,SWOT_L2_HR_RiverSP_Reach_007_514_EU_20231211T180629_20231211T180638_PIC0_01.zip,river,2023-12-11 18:09:08+00:00
21404000011,2023-12-13T07:27:35Z,Adige,45.13669319,11.9340853,3.8214,580.943735,-0.0001853161,,,SWOT_L2_HR_RiverSP_Reach_007_557_EU_20231213T072702_20231213T072704_PGC0_01.zip,river,2023-12-13 07:27:35+00:00
21404000021,2023-12-13T07:27:35Z,Adige,45.1152242,11.8085946,4.9122,132.992194,0.00016723258,,,SWOT_L2_HR_RiverSP_Reach_007_557_EU_20231213T072702_20231213T072704_PGC0_01.zip,river,2023-12-13 07:27:35+00:00
21404000031,2023-12-13T07:27:35Z,Adige,45.10291143,11.6839963,6.9191,81.162976,0.00014905903,,,SWOT_L2_HR_RiverSP_Reach_007_557_EU_20231213T072702_20231213T072704_PGC0_01.zip,river,2023-12-13 07:27:35+00:00
21404000041,2023-12-13T07:27:35Z,Adige,45.11467588,11.5378009,8.6029,63.635577,0.00018031811,,,SWOT_L2_HR_RiverSP_Reach_007_557_EU_20231213T072702_20231213T072704_PGC0_01.zip,river,2023-12-13 07:27:35+00:00
21404000415,2023-12-13T07:27:35Z,Fiume Adige,45.12610537,12.2744918,1.7384,91.0654,1.123425e-05,,,SWOT_L2_HR_RiverSP_Reach_007_557_EU_20231213T072702_20231213T072704_PGC0_01.zip,river,2023-12-13 07:27:35+00:00
21404000425,2023-12-13T07:27:35Z,Adige; Fiume Adige,45.11811217,12.169194,0.5704,88.342268,0.00011786858,,,SWOT_L2_HR_RiverSP_Reach_007_557_EU_20231213T072702_20231213T072704_PGC0_01.zip,river,2023-12-13 07:27:35+00:00
21404000435,2023-12-13T07:27:35Z,Adige,45.13738683,12.0558708,1.5559,98.281171,0.00010499003,,,SWOT_L2_HR_RiverSP_Reach_007_557_EU_20231213T072702_20231213T072704_PGC0_01.zip,river,2023-12-13 07:27:35+00:00
21406100011,2023-12-13T07:27:35Z,no_data,44.97788826,11.9055543,-0.2523,257.756131,0.00033691567,,,SWOT_L2_HR_RiverSP_Reach_007_557_EU_20231213T072702_20231213T072704_PGC0_01.zip,river,2023-12-13 07:27:35+00:00
21406100021,2023-12-13T07:27:35Z,Po,44.94767275,11.7511479,2.1835,292.226694,5.778003e-05,,,SWOT_L2_HR_RiverSP_Reach_007_557_EU_20231213T072702_20231213T072704_PGC0_01.zip,river,2023-12-13 07:27:35+00:00
21406100031,2023-12-13T07:27:26Z,Po,44.89965067,11.6362292,3.3834,387.730889,0.00010362155,,,SWOT_L2_HR_RiverSP_Reach_007_557_EU_20231213T072702_20231213T072704_PGC0_01.zip,river,2023-12-13 07:27:26+00:00
21406100041,2023-12-13T07:27:26Z,Po,44.92732847,11.5407952,3.957,428.015384,9.124188e-05,,,SWOT_L2_HR_RiverSP_Reach_007_557_EU_20231213T072702_20231213T072704_PGC0_01.zip,river,2023-12-13 07:27:26+00:00
21406100051,2023-12-13T07:27:26Z,Po,44.95362753,11.4200067,5.4378,430.094891,0.0001110384,,,SWOT_L2_HR_RiverSP_Reach_007_557_EU_20231213T072702_20231213T072704_PGC0_01.zip,river,2023-12-13 07:27:26+00:00
21406100061,2023-12-13T07:27:35Z,Po,45.00951862,11.3007475,6.7553,351.479761,9.01284e-05,,,SWOT_L2_HR_RiverSP_Reach_007_557_EU_20231213T072702_20231213T072704_PGC0_01.zip,river,2023-12-13 07:27:35+00:00
21406100071,2023-12-13T07:27:35Z,Po,45.05059331,11.2359852,7.998,334.102459,0.0001181475,,,SWOT_L2_HR_RiverSP_Reach_007_557_EU_20231213T072702_20231213T072704_PGC0_01.zip,river,2023-12-13 07:27:35+00:00
21406100081,2023-12-13T07:27:35Z,Po,45.0526046,11.0864648,9.0757,276.096141,9.56177e-06,,,SWOT_L2_HR_RiverSP_Reach_007_557_EU_20231213T072702_20231213T072704_PGC0_01.zip,river,2023-12-13 07:27:35+00:00
21406100275,2023-12-13T07:27:35Z,Po di Venezia,44.95659643,12.3650664,0.3252,382.806023,2.12772e-05,,,SWOT_L2_HR_RiverSP_Reach_007_557_EU_20231213T072702_20231213T072704_PGC0_01.zip,river,2023-12-13 07:27:35+00:00
21406100285,2023-12-13T07:27:35Z,Po di Venezia,44.97907136,12.2580871,0.3252,380.585472,1.937593e-05,,,SWOT_L2_HR_RiverSP_Reach_007_557_EU_20231213T072702_20231213T072704_PGC0_01.zip,river,2023-12-13 07:27:35+00:00
21406100295,2023-12-13T07:27:35Z,Po di Venezia,45.02022837,12.1647155,0.5867,369.917904,1.414109e-05,,,SWOT_L2_HR_RiverSP_Reach_007_557_EU_20231213T072702_20231213T072704_PGC0_01.zip,river,2023-12-13 07:27:35+00:00
21406100305,2023-12-13T07:27:35Z,Po di Venezia,44.99976903,12.0782068,0.7597,365.953804,2.479426e-05,,,SWOT_L2_HR_RiverSP_Reach_007_557_EU_20231213T072702_20231213T072704_PGC0_01.zip,river,2023-12-13 07:27:35+00:00
21406100315,2023-12-13T07:27:35Z,Po,44.97645748,12.0255272,,13.662895,,,,SWOT_L2_HR_RiverSP_Reach_007_557_EU_20231213T072702_20231213T072704_PGC0_01.zip,river,2023-12-13 07:27:35+00:00
21407000015,2023-12-13T07:27:35Z,Po di Gnocca,44.88633902,12.3402252,0.0178,112.212515,-9.7602e-06,,,SWOT_L2_HR_RiverSP_Reach_007_557_EU_20231213T072702_20231213T072704_PGC0_01.zip,river,2023-12-13 07:27:35+00:00
21407000025,2023-12-13T07:27:35Z,no_data,44.82749551,12.3520721,0.2363,192.292113,-4.066e-07,,,SWOT_L2_HR_RiverSP_Reach_007_557_EU_20231213T072702_20231213T072704_PGC0_01.zip,river,2023-12-13 07:27:35+00:00
21407000035,2023-12-13T07:27:35Z,Po di Goro,44.88212683,12.2910628,0.2174,85.283981,-2.72213e-05,,,SWOT_L2_HR_RiverSP_Reach_007_557_EU_20231213T072702_20231213T072704_PGC0_01.zip,river,2023-12-13 07:27:35+00:00
21407000045,2023-12-13T07:27:35Z,Po di Goro,44.93225211,12.2569541,-0.0059,37.656459,5.99922e-06,,,SWOT_L2_HR_RiverSP_Reach_007_557_EU_20231213T072702_20231213T072704_PGC0_01.zip,river,2023-12-13 07:27:35+00:00
21407000055,2023-12-13T07:27:35Z,Po di Goro,44.94808193,12.128055,-3.1763,52.090601,0.00013318476,,,SWOT_L2_HR_RiverSP_Reach_007_557_EU_20231213T072702_20231213T072704_PGC0_01.zip,river,2023-12-13 07:27:35+00:00
21500800061,2023-12-13T07:27:05Z,Fiume Arno,43.70436492,10.7839405,13.7904,6.55463,7.396037e-05,,,SWOT_L2_HR_RiverSP_Reach_007_557_EU_20231213T072702_20231213T072704_PGC0_01.zip,river,2023-12-13 07:27:05+00:00
21500800074,2023-12-13T07:27:06Z,Fiume Arno,43.71763156,10.8700497,,54.571548,,,,SWOT_L2_HR_RiverSP_Reach_007_557_EU_20231213T072702_20231213T072704_PGC0_01.zip,river,2023-12-13 07:27:06+00:00
21500800081,2023-12-13T07:27:06Z,Fiume Arno,43.72780079,10.8953951,16.9826,5.38663,0.00105374932,,,SWOT_L2_HR_RiverSP_Reach_007_557_EU_20231213T072702_20231213T072704_PGC0_01.zip,river,2023-12-13 07:27:06+00:00
21500800094,2023-12-13T07:27:06Z,Fiume Arno,43.72897311,10.9212468,,54.818145,,,,SWOT_L2_HR_RiverSP_Reach_007_557_EU_20231213T072702_20231213T072704_PGC0_01.zip,river,2023-12-13 07:27:06+00:00
21500800101,2023-12-13T07:27:06Z,Fiume Arno,43.72609497,10.9424002,15.6866,10.737059,-0.0010291513,,,SWOT_L2_HR_RiverSP_Reach_007_557_EU_20231213T072702_20231213T072704_PGC0_01.zip,river,2023-12-13 07:27:06+00:00
21500800114,2023-12-13T07:27:06Z,Fiume Arno,43.73395613,10.9629417,,29.95278,,,,SWOT_L2_HR_RiverSP_Reach_007_557_EU_20231213T072702_20231213T072704_PGC0_01.zip,river,2023-12-13 07:27:06+00:00
21500800121,2023-12-13T07:27:06Z,Fiume Arno,43.739528,10.9815185,16.7632,27.609191,0.0012894104,,,SWOT_L2_HR_RiverSP_Reach_007_557_EU_20231213T072702_20231213T072704_PGC0_01.zip,river,2023-12-13 07:27:06+00:00
21500800134,2023-12-13T07:27:06Z,Fiume Arno,43.73552158,10.9998728,,44.550098,,,,SWOT_L2_HR_RiverSP_Reach_007_557_EU_20231213T072702_20231213T072704_PGC0_01.zip,river,2023-12-13 07:27:06+00:00
21500800141,2023-12-13T07:27:06Z,Fiume Arno,43.74768721,11.0244481,22.9792,32.197226,-0.0001879406,,,SWOT_L2_HR_RiverSP_Reach_007_557_EU_20231213T072702_20231213T072704_PGC0_01.zip,river,2023-12-13 07:27:06+00:00
21500800154,2023-12-13T07:27:06Z,Fiume Arno,43.76627758,11.0424554,,37.097368,,,,SWOT_L2_HR_RiverSP_Reach_007_557_EU_20231213T072702_20231213T072704_PGC0_01.zip,river,2023-12-13 07:27:06+00:00
21500800161,2023-12-13T07:27:06Z,Fiume Arno,43.77826116,11.1119621,29.3113,11.331955,7.389804e-05,,,SWOT_L2_HR_RiverSP_Reach_007_557_EU_20231213T072702_20231213T072704_PGC0_01.zip,river,2023-12-13 07:27:06+00:00
21500800174,2023-12-13T07:27:06Z,Fiume Arno,43.78926005,11.1968555,,29.09237,,,,SWOT_L2_HR_RiverSP_Reach_007_557_EU_20231213T072702_20231213T072704_PGC0_01.zip,river,2023-12-13 07:27:06+00:00
21500800181,2023-12-13T07:27:06Z,Fiume Arno,43.7853558,11.2058467,32.3841,67.622384,-0.0124455151,,,SWOT_L2_HR_RiverSP_Reach_007_557_EU_20231213T072702_20231213T072704_PGC0_01.zip,river,2023-12-13 07:27:06+00:00
21500800194,2023-12-13T07:27:06Z,Fiume Arno,43.78123761,11.2146427,,29.90774,,,,SWOT_L2_HR_RiverSP_Reach_007_557_EU_20231213T072702_20231213T072704_PGC0_01.zip,river,2023-12-13 07:27:06+00:00
21500800201,2023-12-13T07:27:06Z,Fiume Arno,43.7758682,11.2295414,36.629,35.141543,7.576208e-05,,,SWOT_L2_HR_RiverSP_Reach_007_557_EU_20231213T072702_20231213T072704_PGC0_01.zip,river,2023-12-13 07:27:06+00:00
21500800214,no_data,Fiume Arno,43.7710951,11.2443983,,36.183064,,,,SWOT_L2_HR_RiverSP_Reach_007_557_EU_20231213T072702_20231213T072704_PGC0_01.zip,river,
21500800221,2023-12-13T07:27:06Z,Fiume Arno,43.76715202,11.2554943,43.0989,60.464188,0.00298972762,,,SWOT_L2_HR_RiverSP_Reach_007_557_EU_20231213T072702_20231213T072704_PGC0_01.zip,river,2023-12-13 07:27:06+00:00
21500800234,2023-12-13T07:27:06Z,Fiume Arno,43.76500389,11.2673403,,76.312458,,,,SWOT_L2_HR_RiverSP_Reach_007_557_EU_20231213T072702_20231213T072704_PGC0_01.zip,river,2023-12-13 07:27:06+00:00
21500800241,2023-12-13T07:27:06Z,Fiume Arno,43.76412125,11.2917186,55.7298,162.899919,0.00580500885,,,SWOT_L2_HR_RiverSP_Reach_007_557_EU_20231213T072702_20231213T072704_PGC0_01.zip,river,2023-12-13 07:27:06+00:00
21500800254,2023-12-13T07:27:06Z,Fiume Arno,43.76234794,11.3160621,,58.083055,,,,SWOT_L2_HR_RiverSP_Reach_007_557_EU_20231213T072702_20231213T072704_PGC0_01.zip,river,2023-12-13 07:27:06+00:00
21500800264,2023-12-13T07:27:06Z,Fiume Arno,43.76456329,11.3232663,,113.767186,,,,SWOT_L2_HR_RiverSP_Reach_007_557_EU_20231213T072702_20231213T072704_PGC0_01.zip,river,2023-12-13 07:27:06+00:00
21500800274,2023-12-13T07:27:06Z,Fiume Arno,43.76832184,11.331508,54.4038,153.471848,-0.0004075973,,,SWOT_L2_HR_RiverSP_Reach_007_557_EU_20231213T072702_20231213T072704_PGC0_01.zip,river,2023-12-13 07:27:06+00:00
21500800284,2023-12-13T07:27:06Z,Fiume Arno,43.76530457,11.337519,55.2428,110.389363,0.00303190214,,,SWOT_L2_HR_RiverSP_Reach_007_557_EU_20231213T072702_20231213T072704_PGC0_01.zip,river,2023-12-13 07:27:06+00:00
21500800301,2023-12-13T07:27:06Z,Fiume Arno,43.77298059,11.3559331,57.6616,83.698006,0.00095932074,,,SWOT_L2_HR_RiverSP_Reach_007_557_EU_20231213T072702_20231213T072704_PGC0_01.zip,river,2023-12-13 07:27:06+00:00
21500800314,2023-12-13T07:27:06Z,Fiume Arno,43.78146667,11.3605945,,293.870127,,,,SWOT_L2_HR_RiverSP_Reach_007_557_EU_20231213T072702_20231213T072704_PGC0_01.zip,river,2023-12-13 07:27:06+00:00
21500800324,2023-12-13T07:27:06Z,Fiume Arno,43.78330118,11.3692522,,105.127732,,,,SWOT_L2_HR_RiverSP_Reach_007_557_EU_20231213T072702_20231213T072704_PGC0_01.zip,river,2023-12-13 07:27:06+00:00
21500800331,2023-12-13T07:27:06Z,Fiume Arno,43.78712321,11.3824156,65.6864,82.991652,0.00364106676,,,SWOT_L2_HR_RiverSP_Reach_007_557_EU_20231213T072702_20231213T072704_PGC0_01.zip,river,2023-12-13 07:27:06+00:00
21500800344,2023-12-13T07:27:14Z,Fiume Arno,43.79152438,11.3885935,,58.910161,,,,SWOT_L2_HR_RiverSP_Reach_007_557_EU_20231213T072702_20231213T072704_PGC0_01.zip,river,2023-12-13 07:27:14+00:00
21500800351,2023-12-13T07:27:06Z,Fiume Arno,43.75962957,11.4430708,146.0694,73.911561,0.0175512617,,,SWOT_L2_HR_RiverSP_Reach_007_557_EU_20231213T072702_20231213T072704_PGC0_01.zip,river,2023-12-13 07:27:06+00:00
21500800364,2023-12-13T07:27:06Z,Fiume Arno,43.72136726,11.4558202,,128.171832,,,,SWOT_L2_HR_RiverSP_Reach_007_557_EU_20231213T072702_20231213T072704_PGC0_01.zip,river,2023-12-13 07:27:06+00:00
21500900231,no_data,Serchio,43.88606154,10.5259476,,,,,,SWOT_L2_HR_RiverSP_Reach_007_557_EU_20231213T072702_20231213T072704_PGC0_01.zip,river,
21500900244,no_data,Serchio,43.91649583,10.529312,,,,,,SWOT_L2_HR_RiverSP_Reach_007_557_EU_20231213T072702_20231213T072704_PGC0_01.zip,river,
21500900314,no_data,Serchio,43.98114573,10.5523043,,,,,,SWOT_L2_HR_RiverSP_Reach_007_557_EU_20231213T072702_20231213T072704_PGC0_01.zip,river,
21404000011,2023-12-13T07:27:35Z,Adige,45.13669319,11.9340853,3.759,573.830079,-1.71988e-05,,,SWOT_L2_HR_RiverSP_Reach_007_557_EU_20231213T072702_20231213T072704_PIC0_01.zip,river,2023-12-13 07:27:35+00:00
21404000021,2023-12-13T07:27:35Z,Adige,45.1152242,11.8085946,4.9258,133.570198,0.00016776223,,,SWOT_L2_HR_RiverSP_Reach_007_557_EU_20231213T072702_20231213T072704_PIC0_01.zip,river,2023-12-13 07:27:35+00:00
21404000031,2023-12-13T07:27:35Z,Adige,45.10291143,11.6839963,6.9472,81.335691,0.00015047805,,,SWOT_L2_HR_RiverSP_Reach_007_557_EU_20231213T072702_20231213T072704_PIC0_01.zip,river,2023-12-13 07:27:35+00:00
21404000041,2023-12-13T07:27:35Z,Adige,45.11467588,11.5378009,8.6639,63.8791,0.00018352673,,,SWOT_L2_HR_RiverSP_Reach_007_557_EU_20231213T072702_20231213T072704_PIC0_01.zip,river,2023-12-13 07:27:35+00:00
21404000415,2023-12-13T07:27:35Z,Fiume Adige,45.12610537,12.2744918,1.7217,91.499554,1.155195e-05,,,SWOT_L2_HR_RiverSP_Reach_007_557_EU_20231213T072702_20231213T072704_PIC0_01.zip,river,2023-12-13 07:27:35+00:00
21404000425,2023-12-13T07:27:35Z,Adige; Fiume Adige,45.11811217,12.169194,0.5607,88.34598,0.00011920408,,,SWOT_L2_HR_RiverSP_Reach_007_557_EU_20231213T072702_20231213T072704_PIC0_01.zip,river,2023-12-13 07:27:35+00:00
21404000435,2023-12-13T07:27:35Z,Adige,45.13738683,12.0558708,1.5568,98.128669,0.00010550656,,,SWOT_L2_HR_RiverSP_Reach_007_557_EU_20231213T072702_20231213T072704_PIC0_01.zip,river,2023-12-13 07:27:35+00:00
21406100011,2023-12-13T07:27:35Z,no_data,44.97788826,11.9055543,1.1565,269.633811,7.538826e-05,,,SWOT_L2_HR_RiverSP_Reach_007_557_EU_20231213T072702_20231213T072704_PIC0_01.zip,river,2023-12-13 07:27:35+00:00
21406100021,2023-12-13T07:27:35Z,Po,44.94767275,11.7511479,2.1993,290.175289,5.794583e-05,,,SWOT_L2_HR_RiverSP_Reach_007_557_EU_20231213T072702_20231213T072704_PIC0_01.zip,river,2023-12-13 07:27:35+00:00
21406100031,2023-12-13T07:27:26Z,Po,44.89965067,11.6362292,3.1608,387.660107,9.760433e-05,,,SWOT_L2_HR_RiverSP_Reach_007_557_EU_20231213T072702_20231213T072704_PIC0_01.zip,river,2023-12-13 07:27:26+00:00
21406100041,2023-12-13T07:27:26Z,Po,44.92732847,11.5407952,4.1485,428.085408,0.00011782676,,,SWOT_L2_HR_RiverSP_Reach_007_557_EU_20231213T072702_20231213T072704_PIC0_01.zip,river,2023-12-13 07:27:26+00:00
21406100051,2023-12-13T07:27:26Z,Po,44.95362753,11.4200067,5.4754,429.959731,0.00010788411,,,SWOT_L2_HR_RiverSP_Reach_007_557_EU_20231213T072702_20231213T072704_PIC0_01.zip,river,2023-12-13 07:27:26+00:00
21406100061,2023-12-13T07:27:35Z,Po,45.00951862,11.3007475,6.835,351.54857,9.377549e-05,,,SWOT_L2_HR_RiverSP_Reach_007_557_EU_20231213T072702_20231213T072704_PIC0_01.zip,river,2023-12-13 07:27:35+00:00
21406100071,2023-12-13T07:27:35Z,Po,45.05059331,11.2359852,8.0859,334.059026,0.00011916815,,,SWOT_L2_HR_RiverSP_Reach_007_557_EU_20231213T072702_20231213T072704_PIC0_01.zip,river,2023-12-13 07:27:35+00:00
21406100081,2023-12-13T07:27:35Z,Po,45.0526046,11.0864648,9.0792,276.079495,-1.24051e-05,,,SWOT_L2_HR_RiverSP_Reach_007_557_EU_20231213T072702_20231213T072704_PIC0_01.zip,river,2023-12-13 07:27:35+00:00
21406100275,2023-12-13T07:27:35Z,Po di Venezia,44.95659643,12.3650664,0.3068,382.78949,2.124401e-05,,,SWOT_L2_HR_RiverSP_Reach_007_557_EU_20231213T072702_20231213T072704_PIC0_01.zip,river,2023-12-13 07:27:35+00:00
21406100285,2023-12-13T07:27:35Z,Po di Venezia,44.97907136,12.2580871,0.3117,380.522948,-2.671e-05,,,SWOT_L2_HR_RiverSP_Reach_007_557_EU_20231213T072702_20231213T072704_PIC0_01.zip,river,2023-12-13 07:27:35+00:00
21406100295,2023-12-13T07:27:35Z,Po di Venezia,45.02022837,12.1647155,-4.1505,309.127124,-0.0018371229,,,SWOT_L2_HR_RiverSP_Reach_007_557_EU_20231213T072702_20231213T072704_PIC0_01.zip,river,2023-12-13 07:27:35+00:00
21406100305,2023-12-13T07:27:35Z,Po di Venezia,44.99976903,12.0782068,-16.6943,286.867535,1.813482e-05,,,SWOT_L2_HR_RiverSP_Reach_007_557_EU_20231213T072702_20231213T072704_PIC0_01.zip,river,2023-12-13 07:27:35+00:00
21406100315,2023-12-13T07:27:35Z,Po,44.97645748,12.0255272,,75.176556,,,,SWOT_L2_HR_RiverSP_Reach_007_557_EU_20231213T072702_20231213T072704_PIC0_01.zip,river,2023-12-13 07:27:35+00:00
21407000015,2023-12-13T07:27:35Z,Po di Gnocca,44.88633902,12.3402252,0.0007,112.118169,-9.6954e-06,,,SWOT_L2_HR_RiverSP_Reach_007_557_EU_20231213T072702_20231213T072704_PIC0_01.zip,river,2023-12-13 07:27:35+00:00
21407000025,2023-12-13T07:27:35Z,no_data,44.82749551,12.3520721,0.2158,192.635921,-1.26e-08,,,SWOT_L2_HR_RiverSP_Reach_007_557_EU_20231213T072702_20231213T072704_PIC0_01.zip,river,2023-12-13 07:27:35+00:00
21407000035,2023-12-13T07:27:35Z,Po di Goro,44.88212683,12.2910628,0.1977,85.238628,-2.76496e-05,,,SWOT_L2_HR_RiverSP_Reach_007_557_EU_20231213T072702_20231213T072704_PIC0_01.zip,river,2023-12-13 07:27:35+00:00
21407000045,2023-12-13T07:27:35Z,Po di Goro,44.93225211,12.2569541,-0.0303,37.73324,6.81913e-06,,,SWOT_L2_HR_RiverSP_Reach_007_557_EU_20231213T072702_20231213T072704_PIC0_01.zip,river,2023-12-13 07:27:35+00:00
21407000055,2023-12-13T07:27:35Z,Po di Goro,44.94808193,12.128055,-3.1031,49.711534,0.00013837017,,,SWOT_L2_HR_RiverSP_Reach_007_557_EU_20231213T072702_20231213T072704_PIC0_01.zip,river,2023-12-13 07:27:35+00:00
21500800061,2023-12-13T07:27:05Z,Fiume Arno,43.70436492,10.7839405,14.0496,6.571108,0.00011675711,,,SWOT_L2_HR_RiverSP_Reach_007_557_EU_20231213T072702_20231213T072704_PIC0_01.zip,river,2023-12-13 07:27:05+00:00
21500800074,2023-12-13T07:27:06Z,Fiume Arno,43.71763156,10.8700497,,54.569622,,,,SWOT_L2_HR_RiverSP_Reach_007_557_EU_20231213T072702_20231213T072704_PIC0_01.zip,river,2023-12-13 07:27:06+00:00
21500800081,2023-12-13T07:27:06Z,Fiume Arno,43.72780079,10.8953951,21.2971,5.301242,0.00486801314,,,SWOT_L2_HR_RiverSP_Reach_007_557_EU_20231213T072702_20231213T072704_PIC0_01.zip,river,2023-12-13 07:27:06+00:00
21500800094,2023-12-13T07:27:06Z,Fiume Arno,43.72897311,10.9212468,,54.821193,,,,SWOT_L2_HR_RiverSP_Reach_007_557_EU_20231213T072702_20231213T072704_PIC0_01.zip,river,2023-12-13 07:27:06+00:00
21500800101,2023-12-13T07:27:06Z,Fiume Arno,43.72609497,10.9424002,15.7798,10.728609,-0.0010375861,,,SWOT_L2_HR_RiverSP_Reach_007_557_EU_20231213T072702_20231213T072704_PIC0_01.zip,river,2023-12-13 07:27:06+00:00
21500800114,2023-12-13T07:27:06Z,Fiume Arno,43.73395613,10.9629417,,29.950706,,,,SWOT_L2_HR_RiverSP_Reach_007_557_EU_20231213T072702_20231213T072704_PIC0_01.zip,river,2023-12-13 07:27:06+00:00
21500800121,2023-12-13T07:27:06Z,Fiume Arno,43.739528,10.9815185,16.8272,27.839417,0.00128093113,,,SWOT_L2_HR_RiverSP_Reach_007_557_EU_20231213T072702_20231213T072704_PIC0_01.zip,river,2023-12-13 07:27:06+00:00
21500800134,2023-12-13T07:27:06Z,Fiume Arno,43.73552158,10.9998728,,45.087158,,,,SWOT_L2_HR_RiverSP_Reach_007_557_EU_20231213T072702_20231213T072704_PIC0_01.zip,river,2023-12-13 07:27:06+00:00
21500800141,2023-12-13T07:27:06Z,Fiume Arno,43.74768721,11.0244481,23.0266,32.218992,-0.0001912239,,,SWOT_L2_HR_RiverSP_Reach_007_557_EU_20231213T072702_20231213T072704_PIC0_01.zip,river,2023-12-13 07:27:06+00:00
21500800154,2023-12-13T07:27:06Z,Fiume Arno,43.76627758,11.0424554,,37.097567,,,,SWOT_L2_HR_RiverSP_Reach_007_557_EU_20231213T072702_20231213T072704_PIC0_01.zip,river,2023-12-13 07:27:06+00:00
21500800161,2023-12-13T07:27:06Z,Fiume Arno,43.77826116,11.1119621,29.3483,11.328911,7.301426e-05,,,SWOT_L2_HR_RiverSP_Reach_007_557_EU_20231213T072702_20231213T072704_PIC0_01.zip,river,2023-12-13 07:27:06+00:00
21500800174,2023-12-13T07:27:06Z,Fiume Arno,43.78926005,11.1968555,,27.722815,,,,SWOT_L2_HR_RiverSP_Reach_007_557_EU_20231213T072702_20231213T072704_PIC0_01.zip,river,2023-12-13 07:27:06+00:00
21500800181,2023-12-13T07:27:06Z,Fiume Arno,43.7853558,11.2058467,32.4032,67.460435,-0.0124127556,,,SWOT_L2_HR_RiverSP_Reach_007_557_EU_20231213T072702_20231213T072704_PIC0_01.zip,river,2023-12-13 07:27:06+00:00
21500800194,2023-12-13T07:27:06Z,Fiume Arno,43.78123761,11.2146427,,29.90643,,,,SWOT_L2_HR_RiverSP_Reach_007_557_EU_20231213T072702_20231213T072704_PIC0_01.zip,river,2023-12-13 07:27:06+00:00
21500800201,2023-12-13T07:27:06Z,Fiume Arno,43.7758682,11.2295414,36.6544,35.439493,7.456761e-05,,,SWOT_L2_HR_RiverSP_Reach_007_557_EU_20231213T072702_20231213T072704_PIC0_01.zip,river,2023-12-13 07:27:06+00:00
21500800214,no_data,Fiume Arno,43.7710951,11.2443983,,34.365195,,,,SWOT_L2_HR_RiverSP_Reach_007_557_EU_20231213T072702_20231213T072704_PIC0_01.zip,river,
21500800221,2023-12-13T07:27:06Z,Fiume Arno,43.76715202,11.2554943,43.1212,59.910655,0.00298863914,,,SWOT_L2_HR_RiverSP_Reach_007_557_EU_20231213T072702_20231213T072704_PIC0_01.zip,river,2023-12-13 07:27:06+00:00
21500800234,2023-12-13T07:27:06Z,Fiume Arno,43.76500389,11.2673403,,78.023125,,,,SWOT_L2_HR_RiverSP_Reach_007_557_EU_20231213T072702_20231213T072704_PIC0_01.zip,river,2023-12-13 07:27:06+00:00
21500800241,2023-12-13T07:27:06Z,Fiume Arno,43.76412125,11.2917186,55.7633,163.197157,0.00578466474,,,SWOT_L2_HR_RiverSP_Reach_007_557_EU_20231213T072702_20231213T072704_PIC0_01.zip,river,2023-12-13 07:27:06+00:00
21500800254,2023-12-13T07:27:06Z,Fiume Arno,43.76234794,11.3160621,,58.189568,,,,SWOT_L2_HR_RiverSP_Reach_007_557_EU_20231213T072702_20231213T072704_PIC0_01.zip,river,2023-12-13 07:27:06+00:00
21500800264,2023-12-13T07:27:06Z,Fiume Arno,43.76456329,11.3232663,,112.742078,,,,SWOT_L2_HR_RiverSP_Reach_007_557_EU_20231213T072702_20231213T072704_PIC0_01.zip,river,2023-12-13 07:27:06+00:00
21500800274,2023-12-13T07:27:06Z,Fiume Arno,43.76832184,11.331508,54.4586,152.212538,-0.0006449128,,,SWOT_L2_HR_RiverSP_Reach_007_557_EU_20231213T072702_20231213T072704_PIC0_01.zip,river,2023-12-13 07:27:06+00:00
21500800284,2023-12-13T07:27:06Z,Fiume Arno,43.76530457,11.337519,55.2565,110.390752,0.00303106448,,,SWOT_L2_HR_RiverSP_Reach_007_557_EU_20231213T072702_20231213T072704_PIC0_01.zip,river,2023-12-13 07:27:06+00:00
21500800301,2023-12-13T07:27:06Z,Fiume Arno,43.77298059,11.3559331,57.6566,82.511365,0.00092692184,,,SWOT_L2_HR_RiverSP_Reach_007_557_EU_20231213T072702_20231213T072704_PIC0_01.zip,river,2023-12-13 07:27:06+00:00
21500800314,2023-12-13T07:27:06Z,Fiume Arno,43.78146667,11.3605945,,314.983692,,,,SWOT_L2_HR_RiverSP_Reach_007_557_EU_20231213T072702_20231213T072704_PIC0_01.zip,river,2023-12-13 07:27:06+00:00
21500800324,2023-12-13T07:27:06Z,Fiume Arno,43.78330118,11.3692522,,105.55789,,,,SWOT_L2_HR_RiverSP_Reach_007_557_EU_20231213T072702_20231213T072704_PIC0_01.zip,river,2023-12-13 07:27:06+00:00
21500800331,2023-12-13T07:27:06Z,Fiume Arno,43.78712321,11.3824156,65.6934,103.995007,0.00363795995,,,SWOT_L2_HR_RiverSP_Reach_007_557_EU_20231213T072702_20231213T072704_PIC0_01.zip,river,2023-12-13 07:27:06+00:00
21500800344,2023-12-13T07:27:14Z,Fiume Arno,43.79152438,11.3885935,,58.694084,,,,SWOT_L2_HR_RiverSP_Reach_007_557_EU_20231213T072702_20231213T072704_PIC0_01.zip,river,2023-12-13 07:27:14+00:00
21500800351,2023-12-13T07:27:06Z,Fiume Arno,43.75962957,11.4430708,89.1215,73.564948,0.0034731824,,,SWOT_L2_HR_RiverSP_Reach_007_557_EU_20231213T072702_20231213T072704_PIC0_01.zip,river,2023-12-13 07:27:06+00:00
21500800364,no_data,Fiume Arno,43.72136726,11.4558202,,89.948631,,,,SWOT_L2_HR_RiverSP_Reach_007_557_EU_20231213T072702_20231213T072704_PIC0_01.zip,river,
21500900231,no_data,Serchio,43.88606154,10.5259476,,,,,,SWOT_L2_HR_RiverSP_Reach_007_557_EU_20231213T072702_20231213T072704_PIC0_01.zip,river,
21500900244,no_data,Serchio,43.91649583,10.529312,,,,,,SWOT_L2_HR_RiverSP_Reach_007_557_EU_20231213T072702_20231213T072704_PIC0_01.zip,river,
21500900314,no_data,Serchio,43.98114573,10.5523043,,,,,,SWOT_L2_HR_RiverSP_Reach_007_557_EU_20231213T072702_20231213T072704_PIC0_01.zip,river,
21406200021,no_data,Fiume Oglio,45.12874321,10.5044278,,,,,,SWOT_L2_HR_RiverSP_Reach_008_001_EU_20231214T072712_20231214T072715_PIC0_01.zip,river,
21406300031,no_data,Parma; Po,44.92391702,10.4975482,,,,,,SWOT_L2_HR_RiverSP_Reach_008_001_EU_20231214T072712_20231214T072715_PIC0_01.zip,river,
21406300041,no_data,Parma,44.96698609,10.4153531,,,,,,SWOT_L2_HR_RiverSP_Reach_008_001_EU_20231214T072712_20231214T072715_PIC0_01.zip,river,
21406300051,2023-12-14T07:28:06Z,Parma; Po,44.98238586,10.3257584,22.4577,200.409234,0.00046908782,,,SWOT_L2_HR_RiverSP_Reach_008_001_EU_20231214T072712_20231214T072715_PIC0_01.zip,river,2023-12-14 07:28:06+00:00
21406300061,2023-12-14T07:28:06Z,Po,45.0255784,10.1966661,26.3436,191.349913,8.942599e-05,,,SWOT_L2_HR_RiverSP_Reach_008_001_EU_20231214T072712_20231214T072715_PIC0_01.zip,river,2023-12-14 07:28:06+00:00
21406300071,2023-12-14T07:28:06Z,Po,45.04383353,10.0629096,26.7206,239.892233,0.00016123112,,,SWOT_L2_HR_RiverSP_Reach_008_001_EU_20231214T072712_20231214T072715_PIC0_01.zip,river,2023-12-14 07:28:06+00:00
21406300081,2023-12-14T07:28:06Z,Po,45.11338408,10.0010764,27.8468,224.574032,0.00014086104,,,SWOT_L2_HR_RiverSP_Reach_008_001_EU_20231214T072712_20231214T072715_PIC0_01.zip,river,2023-12-14 07:28:06+00:00
21406300091,2023-12-14T07:28:06Z,Po,45.10509326,9.9334895,29.0006,141.216862,0.00015872843,,,SWOT_L2_HR_RiverSP_Reach_008_001_EU_20231214T072712_20231214T072715_PIC0_01.zip,river,2023-12-14 07:28:06+00:00
21406300111,2023-12-14T07:28:06Z,Po,45.12967127,9.9212745,30.0399,227.755302,5.12839e-05,,,SWOT_L2_HR_RiverSP_Reach_008_001_EU_20231214T072712_20231214T072715_PIC0_01.zip,river,2023-12-14 07:28:06+00:00
21406400014,2023-12-14T07:28:06Z,Adda,45.13676214,9.8763325,30.3573,219.347714,0.00118717128,,,SWOT_L2_HR_RiverSP_Reach_008_001_EU_20231214T072712_20231214T072715_PIC0_01.zip,river,2023-12-14 07:28:06+00:00
21406500011,2023-12-14T07:28:06Z,Adda; Po,45.11288469,9.8866488,30.9698,183.154624,-0.0005446693,,,SWOT_L2_HR_RiverSP_Reach_008_001_EU_20231214T072712_20231214T072715_PIC0_01.zip,river,2023-12-14 07:28:06+00:00
21406500021,2023-12-14T07:28:06Z,Po,45.08313086,9.8584456,39.9195,332.778336,-7.28651e-05,,,SWOT_L2_HR_RiverSP_Reach_008_001_EU_20231214T072712_20231214T072715_PIC0_01.zip,river,2023-12-14 07:28:06+00:00
21406500031,2023-12-14T07:28:06Z,Po,45.08910017,9.7847586,39.9299,223.534341,7.269756e-05,,,SWOT_L2_HR_RiverSP_Reach_008_001_EU_20231214T072712_20231214T072715_PIC0_01.zip,river,2023-12-14 07:28:06+00:00
21406500041,2023-12-14T07:28:06Z,Po,45.07148237,9.704767,41.4553,254.406491,0.0001393072,,,SWOT_L2_HR_RiverSP_Reach_008_001_EU_20231214T072712_20231214T072715_PIC0_01.zip,river,2023-12-14 07:28:06+00:00
21406500051,2023-12-14T07:28:06Z,Po,45.11288369,9.6007179,43.6849,288.478536,0.00014528627,,,SWOT_L2_HR_RiverSP_Reach_008_001_EU_20231214T072712_20231214T072715_PIC0_01.zip,river,2023-12-14 07:28:06+00:00
21406500061,2023-12-14T07:28:06Z,Po,45.09545589,9.4901032,47.3661,174.775124,0.00024727977,,,SWOT_L2_HR_RiverSP_Reach_008_001_EU_20231214T072712_20231214T072715_PIC0_01.zip,river,2023-12-14 07:28:06+00:00
21406500071,2023-12-14T07:28:06Z,Po,45.11737939,9.3109347,50.7924,362.060596,0.00020253435,,,SWOT_L2_HR_RiverSP_Reach_008_001_EU_20231214T072712_20231214T072715_PIC0_01.zip,river,2023-12-14 07:28:06+00:00
21406500104,2023-12-14T07:28:06Z,Po,45.09264137,9.9046467,,63.348442,,,,SWOT_L2_HR_RiverSP_Reach_008_001_EU_20231214T072712_20231214T072715_PIC0_01.zip,river,2023-12-14 07:28:06+00:00
21406700011,2023-12-14T07:28:06Z,Po,45.12538309,9.1596345,53.8067,278.2057,0.00024235691,,,SWOT_L2_HR_RiverSP_Reach_008_001_EU_20231214T072712_20231214T072715_PIC0_01.zip,river,2023-12-14 07:28:06+00:00
21404000011,2023-12-21T16:31:07Z,Adige,45.13669319,11.9340853,1.5453,64.176861,0.00026114926,,,SWOT_L2_HR_RiverSP_Reach_008_208_EU_20231221T162843_20231221T162845_PIC0_01.zip,river,2023-12-21 16:31:07+00:00
21404000021,2023-12-21T16:31:07Z,Adige,45.1152242,11.8085946,2.4456,71.604215,0.00014426228,,,SWOT_L2_HR_RiverSP_Reach_008_208_EU_20231221T162843_20231221T162845_PIC0_01.zip,river,2023-12-21 16:31:07+00:00
21404000031,2023-12-21T16:31:07Z,Adige,45.10291143,11.6839963,5.7741,63.989363,0.00035917326,,,SWOT_L2_HR_RiverSP_Reach_008_208_EU_20231221T162843_20231221T162845_PIC0_01.zip,river,2023-12-21 16:31:07+00:00
21404000041,2023-12-21T16:31:06Z,Adige,45.11467588,11.5378009,9.1494,93.468623,0.00016677238,,,SWOT_L2_HR_RiverSP_Reach_008_208_EU_20231221T162843_20231221T162845_PIC0_01.zip,river,2023-12-21 16:31:06+00:00
21404000425,no_data,Adige; Fiume Adige,45.11811217,12.169194,,,,,,SWOT_L2_HR_RiverSP_Reach_008_208_EU_20231221T162843_20231221T162845_PIC0_01.zip,river,
21404000435,2023-12-21T16:31:07Z,Adige,45.13738683,12.0558708,-1.9713,41.998356,0.00088984874,,,SWOT_L2_HR_RiverSP_Reach_008_208_EU_20231221T162843_20231221T162845_PIC0_01.zip,river,2023-12-21 16:31:07+00:00
21406100011,2023-12-21T16:31:15Z,no_data,44.97788826,11.9055543,1.7522,310.18763,0.00010366303,,,SWOT_L2_HR_RiverSP_Reach_008_208_EU_20231221T162843_20231221T162845_PIC0_01.zip,river,2023-12-21 16:31:15+00:00
21406100021,2023-12-21T16:31:15Z,Po,44.94767275,11.7511479,2.3672,285.18687,4.085874e-05,,,SWOT_L2_HR_RiverSP_Reach_008_208_EU_20231221T162843_20231221T162845_PIC0_01.zip,river,2023-12-21 16:31:15+00:00
21406100031,2023-12-21T16:31:16Z,Po,44.89965067,11.6362292,3.2941,346.645798,8.265089e-05,,,SWOT_L2_HR_RiverSP_Reach_008_208_EU_20231221T162843_20231221T162845_PIC0_01.zip,river,2023-12-21 16:31:16+00:00
21406100041,2023-12-21T16:31:15Z,Po,44.92732847,11.5407952,4.0156,398.47453,5.001833e-05,,,SWOT_L2_HR_RiverSP_Reach_008_208_EU_20231221T162843_20231221T162845_PIC0_01.zip,river,2023-12-21 16:31:15+00:00
21406100051,2023-12-21T16:31:07Z,Po,44.95362753,11.4200067,5.0112,477.087705,0.00010594459,,,SWOT_L2_HR_RiverSP_Reach_008_208_EU_20231221T162843_20231221T162845_PIC0_01.zip,river,2023-12-21 16:31:07+00:00
21406100061,2023-12-21T16:31:07Z,Po,45.00951862,11.3007475,6.2814,362.421564,8.781809e-05,,,SWOT_L2_HR_RiverSP_Reach_008_208_EU_20231221T162843_20231221T162845_PIC0_01.zip,river,2023-12-21 16:31:07+00:00
21406100071,2023-12-21T16:31:06Z,Po,45.05059331,11.2359852,7.2572,514.062034,0.00011521008,,,SWOT_L2_HR_RiverSP_Reach_008_208_EU_20231221T162843_20231221T162845_PIC0_01.zip,river,2023-12-21 16:31:06+00:00
21406100081,2023-12-21T16:31:06Z,Po,45.0526046,11.0864648,9.0273,375.512906,0.0001189098,,,SWOT_L2_HR_RiverSP_Reach_008_208_EU_20231221T162843_20231221T162845_PIC0_01.zip,river,2023-12-21 16:31:06+00:00
21406100091,2023-12-21T16:31:06Z,Fiume Mincio; Po,45.10017596,10.9113497,11.8619,11.92756,0.00017054035,,,SWOT_L2_HR_RiverSP_Reach_008_208_EU_20231221T162843_20231221T162845_PIC0_01.zip,river,2023-12-21 16:31:06+00:00
21406100101,2023-12-21T16:31:06Z,Po,45.06440534,10.9221059,11.014,249.020081,0.00011650783,,,SWOT_L2_HR_RiverSP_Reach_008_208_EU_20231221T162843_20231221T162845_PIC0_01.zip,river,2023-12-21 16:31:06+00:00
21406100111,2023-12-21T16:31:06Z,Po,45.04625504,10.768001,13.0583,248.176256,0.00015930486,,,SWOT_L2_HR_RiverSP_Reach_008_208_EU_20231221T162843_20231221T162845_PIC0_01.zip,river,2023-12-21 16:31:06+00:00
21406100123,2023-12-21T16:31:06Z,Fiume Mincio,45.14246728,10.8162187,13.5349,,,,,SWOT_L2_HR_RiverSP_Reach_008_208_EU_20231221T162843_20231221T162845_PIC0_01.zip,river,2023-12-21 16:31:06+00:00
21406100285,no_data,Po di Venezia,44.97907136,12.2580871,,,,,,SWOT_L2_HR_RiverSP_Reach_008_208_EU_20231221T162843_20231221T162845_PIC0_01.zip,river,
21406100295,no_data,Po di Venezia,45.02022837,12.1647155,,,,,,SWOT_L2_HR_RiverSP_Reach_008_208_EU_20231221T162843_20231221T162845_PIC0_01.zip,river,
21406100305,2023-12-21T16:31:16Z,Po di Venezia,44.99976903,12.0782068,0.4159,357.177658,2.717153e-05,,,SWOT_L2_HR_RiverSP_Reach_008_208_EU_20231221T162843_20231221T162845_PIC0_01.zip,river,2023-12-21 16:31:16+00:00
21406100315,2023-12-21T16:31:16Z,Po,44.97645748,12.0255272,0.7593,347.121965,5.1384e-07,,,SWOT_L2_HR_RiverSP_Reach_008_208_EU_20231221T162843_20231221T162845_PIC0_01.zip,river,2023-12-21 16:31:16+00:00
21406200011,2023-12-21T16:31:06Z,Po,45.06313602,10.6021879,17.0844,40.81602,0.00023706931,,,SWOT_L2_HR_RiverSP_Reach_008_208_EU_20231221T162843_20231221T162845_PIC0_01.zip,river,2023-12-21 16:31:06+00:00
21406200021,2023-12-21T16:31:06Z,Fiume Oglio,45.12874321,10.5044278,19.587,26.381971,0.00016610374,,,SWOT_L2_HR_RiverSP_Reach_008_208_EU_20231221T162843_20231221T162845_PIC0_01.zip,river,2023-12-21 16:31:06+00:00
21406300011,2023-12-21T16:31:06Z,Po,45.00223735,10.6801087,15.5544,245.219329,9.768653e-05,,,SWOT_L2_HR_RiverSP_Reach_008_208_EU_20231221T162843_20231221T162845_PIC0_01.zip,river,2023-12-21 16:31:06+00:00
21406300021,2023-12-21T16:31:06Z,Po,44.92496107,10.6126319,17.8561,207.247083,0.00040198967,,,SWOT_L2_HR_RiverSP_Reach_008_208_EU_20231221T162843_20231221T162845_PIC0_01.zip,river,2023-12-21 16:31:06+00:00
21406300031,2023-12-21T16:31:06Z,Parma; Po,44.92391702,10.4975482,18.5657,201.27544,-0.0001183167,,,SWOT_L2_HR_RiverSP_Reach_008_208_EU_20231221T162843_20231221T162845_PIC0_01.zip,river,2023-12-21 16:31:06+00:00
21406300041,2023-12-21T16:31:06Z,Parma,44.96698609,10.4153531,20.2517,212.894091,0.00020325129,,,SWOT_L2_HR_RiverSP_Reach_008_208_EU_20231221T162843_20231221T162845_PIC0_01.zip,river,2023-12-21 16:31:06+00:00
21406300051,2023-12-21T16:31:06Z,Parma; Po,44.98238586,10.3257584,23.489,131.885404,0.0015946469,,,SWOT_L2_HR_RiverSP_Reach_008_208_EU_20231221T162843_20231221T162845_PIC0_01.zip,river,2023-12-21 16:31:06+00:00
21406300061,no_data,Po,45.0255784,10.1966661,,,,,,SWOT_L2_HR_RiverSP_Reach_008_208_EU_20231221T162843_20231221T162845_PIC0_01.zip,river,
21407000035,no_data,Po di Goro,44.88212683,12.2910628,,,,,,SWOT_L2_HR_RiverSP_Reach_008_208_EU_20231221T162843_20231221T162845_PIC0_01.zip,river,
21407000045,no_data,Po di Goro,44.93225211,12.2569541,,,,,,SWOT_L2_HR_RiverSP_Reach_008_208_EU_20231221T162843_20231221T162845_PIC0_01.zip,river,
21407000055,2023-12-21T16:31:16Z,Po di Goro,44.94808193,12.128055,2.7135,24.597834,-0.0003613388,,,SWOT_L2_HR_RiverSP_Reach_008_208_EU_20231221T162843_20231221T162845_PIC0_01.zip,river,2023-12-21 16:31:16+00:00
21500800061,no_data,Fiume Arno,43.70436492,10.7839405,,41.704423,,,,SWOT_L2_HR_RiverSP_Reach_008_208_EU_20231221T162843_20231221T162845_PIC0_01.zip,river,
21500800074,2023-12-21T16:31:27Z,Fiume Arno,43.71763156,10.8700497,,28.405329,,,,SWOT_L2_HR_RiverSP_Reach_008_208_EU_20231221T162843_20231221T162845_PIC0_01.zip,river,2023-12-21 16:31:27+00:00
21500800081,2023-12-21T16:31:27Z,Fiume Arno,43.72780079,10.8953951,34.023,3.146916,0.01349388902,,,SWOT_L2_HR_RiverSP_Reach_008_208_EU_20231221T162843_20231221T162845_PIC0_01.zip,river,2023-12-21 16:31:27+00:00
21500800094,2023-12-21T16:31:27Z,Fiume Arno,43.72897311,10.9212468,,20.710397,,,,SWOT_L2_HR_RiverSP_Reach_008_208_EU_20231221T162843_20231221T162845_PIC0_01.zip,river,2023-12-21 16:31:27+00:00
21500800101,2023-12-21T16:31:27Z,Fiume Arno,43.72609497,10.9424002,11.3049,6.632444,0.00248220093,,,SWOT_L2_HR_RiverSP_Reach_008_208_EU_20231221T162843_20231221T162845_PIC0_01.zip,river,2023-12-21 16:31:27+00:00
21500800114,2023-12-21T16:31:27Z,Fiume Arno,43.73395613,10.9629417,,20.387814,,,,SWOT_L2_HR_RiverSP_Reach_008_208_EU_20231221T162843_20231221T162845_PIC0_01.zip,river,2023-12-21 16:31:27+00:00
21500800121,2023-12-21T16:31:27Z,Fiume Arno,43.739528,10.9815185,25.3471,13.896483,-0.0066976815,,,SWOT_L2_HR_RiverSP_Reach_008_208_EU_20231221T162843_20231221T162845_PIC0_01.zip,river,2023-12-21 16:31:27+00:00
21500800134,2023-12-21T16:31:27Z,Fiume Arno,43.73552158,10.9998728,,8.481733,,,,SWOT_L2_HR_RiverSP_Reach_008_208_EU_20231221T162843_20231221T162845_PIC0_01.zip,river,2023-12-21 16:31:27+00:00
21500800141,2023-12-21T16:31:27Z,Fiume Arno,43.74768721,11.0244481,21.5164,9.199183,0.00059217339,,,SWOT_L2_HR_RiverSP_Reach_008_208_EU_20231221T162843_20231221T162845_PIC0_01.zip,river,2023-12-21 16:31:27+00:00
21500800154,2023-12-21T16:31:27Z,Fiume Arno,43.76627758,11.0424554,,45.753826,,,,SWOT_L2_HR_RiverSP_Reach_008_208_EU_20231221T162843_20231221T162845_PIC0_01.zip,river,2023-12-21 16:31:27+00:00
21500800161,2023-12-21T16:31:27Z,Fiume Arno,43.77826116,11.1119621,34.6919,6.987436,-0.0005471621,,,SWOT_L2_HR_RiverSP_Reach_008_208_EU_20231221T162843_20231221T162845_PIC0_01.zip,river,2023-12-21 16:31:27+00:00
21500800174,2023-12-21T16:31:27Z,Fiume Arno,43.78926005,11.1968555,,28.65623,,,,SWOT_L2_HR_RiverSP_Reach_008_208_EU_20231221T162843_20231221T162845_PIC0_01.zip,river,2023-12-21 16:31:27+00:00
21500800181,2023-12-21T16:31:27Z,Fiume Arno,43.7853558,11.2058467,28.5307,16.061793,0.0001920978,,,SWOT_L2_HR_RiverSP_Reach_008_208_EU_20231221T162843_20231221T162845_PIC0_01.zip,river,2023-12-21 16:31:27+00:00
21500800194,2023-12-21T16:31:27Z,Fiume Arno,43.78123761,11.2146427,,62.221985,,,,SWOT_L2_HR_RiverSP_Reach_008_208_EU_20231221T162843_20231221T162845_PIC0_01.zip,river,2023-12-21 16:31:27+00:00
21500800201,2023-12-21T16:31:27Z,Fiume Arno,43.7758682,11.2295414,41.3046,24.827536,0.00288292037,,,SWOT_L2_HR_RiverSP_Reach_008_208_EU_20231221T162843_20231221T162845_PIC0_01.zip,river,2023-12-21 16:31:27+00:00
21500800214,2023-12-21T16:31:27Z,Fiume Arno,43.7710951,11.2443983,,27.863077,,,,SWOT_L2_HR_RiverSP_Reach_008_208_EU_20231221T162843_20231221T162845_PIC0_01.zip,river,2023-12-21 16:31:27+00:00
21500800221,2023-12-21T16:31:27Z,Fiume Arno,43.76715202,11.2554943,41.2061,47.385542,0.00074009935,,,SWOT_L2_HR_RiverSP_Reach_008_208_EU_20231221T162843_20231221T162845_PIC0_01.zip,river,2023-12-21 16:31:27+00:00
21500800234,2023-12-21T16:31:27Z,Fiume Arno,43.76500389,11.2673403,,171.385958,,,,SWOT_L2_HR_RiverSP_Reach_008_208_EU_20231221T162843_20231221T162845_PIC0_01.zip,river,2023-12-21 16:31:27+00:00
21500800241,2023-12-21T16:31:27Z,Fiume Arno,43.76412125,11.2917186,45.0803,57.227825,-0.0001396659,,,SWOT_L2_HR_RiverSP_Reach_008_208_EU_20231221T162843_20231221T162845_PIC0_01.zip,river,2023-12-21 16:31:27+00:00
21500800254,2023-12-21T16:31:27Z,Fiume Arno,43.76234794,11.3160621,,27.767573,,,,SWOT_L2_HR_RiverSP_Reach_008_208_EU_20231221T162843_20231221T162845_PIC0_01.zip,river,2023-12-21 16:31:27+00:00
21500800264,2023-12-21T16:31:27Z,Fiume Arno,43.76456329,11.3232663,52.3548,72.559481,-0.0024347401,,,SWOT_L2_HR_RiverSP_Reach_008_208_EU_20231221T162843_20231221T162845_PIC0_01.zip,river,2023-12-21 16:31:27+00:00
21500800274,2023-12-21T16:31:27Z,Fiume Arno,43.76832184,11.331508,59.0006,60.225321,0.00296127843,,,SWOT_L2_HR_RiverSP_Reach_008_208_EU_20231221T162843_20231221T162845_PIC0_01.zip,river,2023-12-21 16:31:27+00:00
21500800284,2023-12-21T16:31:27Z,Fiume Arno,43.76530457,11.337519,54.4725,46.786117,-0.0110354889,,,SWOT_L2_HR_RiverSP_Reach_008_208_EU_20231221T162843_20231221T162845_PIC0_01.zip,river,2023-12-21 16:31:27+00:00
21500800301,2023-12-21T16:31:27Z,Fiume Arno,43.77298059,11.3559331,56.8103,29.27633,0.00158751007,,,SWOT_L2_HR_RiverSP_Reach_008_208_EU_20231221T162843_20231221T162845_PIC0_01.zip,river,2023-12-21 16:31:27+00:00
21500800314,2023-12-21T16:31:27Z,Fiume Arno,43.78146667,11.3605945,,91.694548,,,,SWOT_L2_HR_RiverSP_Reach_008_208_EU_20231221T162843_20231221T162845_PIC0_01.zip,river,2023-12-21 16:31:27+00:00
21500800324,2023-12-21T16:31:27Z,Fiume Arno,43.78330118,11.3692522,,49.615618,,,,SWOT_L2_HR_RiverSP_Reach_008_208_EU_20231221T162843_20231221T162845_PIC0_01.zip,river,2023-12-21 16:31:27+00:00
21500800331,2023-12-21T16:31:27Z,Fiume Arno,43.78712321,11.3824156,73.3305,41.492682,-0.0141050248,,,SWOT_L2_HR_RiverSP_Reach_008_208_EU_20231221T162843_20231221T162845_PIC0_01.zip,river,2023-12-21 16:31:27+00:00
21500800344,2023-12-21T16:31:27Z,Fiume Arno,43.79152438,11.3885935,,141.463055,,,,SWOT_L2_HR_RiverSP_Reach_008_208_EU_20231221T162843_20231221T162845_PIC0_01.zip,river,2023-12-21 16:31:27+00:00
21500800351,2023-12-21T16:31:27Z,Fiume Arno,43.75962957,11.4430708,80.8166,41.716883,0.00303607927,,,SWOT_L2_HR_RiverSP_Reach_008_208_EU_20231221T162843_20231221T162845_PIC0_01.zip,river,2023-12-21 16:31:27+00:00
21500800364,2023-12-21T16:31:35Z,Fiume Arno,43.72136726,11.4558202,,76.098807,,,,SWOT_L2_HR_RiverSP_Reach_008_208_EU_20231221T162843_20231221T162845_PIC0_01.zip,river,2023-12-21 16:31:35+00:00
21406500041,no_data,Po,45.07148237,9.704767,,,,,,SWOT_L2_HR_RiverSP_Reach_008_236_EU_20231222T162921_20231222T162926_PIC0_01.zip,river,
21406500051,2023-12-22T16:31:38Z,Po,45.11288369,9.6007179,42.8877,260.264493,0.0003741214,,,SWOT_L2_HR_RiverSP_Reach_008_236_EU_20231222T162921_20231222T162926_PIC0_01.zip,river,2023-12-22 16:31:38+00:00
21406500061,2023-12-22T16:31:38Z,Po,45.09545589,9.4901032,47.2782,277.224408,0.00016205628,,,SWOT_L2_HR_RiverSP_Reach_008_236_EU_20231222T162921_20231222T162926_PIC0_01.zip,river,2023-12-22 16:31:38+00:00
21406500071,2023-12-22T16:31:38Z,Po,45.11737939,9.3109347,50.7528,348.100704,0.00022114002,,,SWOT_L2_HR_RiverSP_Reach_008_236_EU_20231222T162921_20231222T162926_PIC0_01.zip,river,2023-12-22 16:31:38+00:00
21406700011,2023-12-22T16:31:38Z,Po,45.12538309,9.1596345,53.6739,275.290484,0.00022572138,,,SWOT_L2_HR_RiverSP_Reach_008_236_EU_20231222T162921_20231222T162926_PIC0_01.zip,river,2023-12-22 16:31:38+00:00
21404000011,2023-12-31T14:53:24Z,Adige,45.13669319,11.9340853,2.6709,104.032867,0.00015553782,,,SWOT_L2_HR_RiverSP_Reach_008_486_EU_20231231T145102_20231231T145103_PIC0_01.zip,river,2023-12-31 14:53:24+00:00
21404000021,2023-12-31T14:53:24Z,Adige,45.1152242,11.8085946,4.5634,89.059722,0.00016846275,,,SWOT_L2_HR_RiverSP_Reach_008_486_EU_20231231T145102_20231231T145103_PIC0_01.zip,river,2023-12-31 14:53:24+00:00
21404000031,2023-12-31T14:53:24Z,Adige,45.10291143,11.6839963,6.4269,73.257704,0.00017880861,,,SWOT_L2_HR_RiverSP_Reach_008_486_EU_20231231T145102_20231231T145103_PIC0_01.zip,river,2023-12-31 14:53:24+00:00
21404000041,2023-12-31T14:53:24Z,Adige,45.11467588,11.5378009,8.8902,58.39735,0.00019102163,,,SWOT_L2_HR_RiverSP_Reach_008_486_EU_20231231T145102_20231231T145103_PIC0_01.zip,river,2023-12-31 14:53:24+00:00
21404000415,2023-12-31T14:53:24Z,Fiume Adige,45.12610537,12.2744918,-0.6137,434.920586,6.048532e-05,,,SWOT_L2_HR_RiverSP_Reach_008_486_EU_20231231T145102_20231231T145103_PIC0_01.zip,river,2023-12-31 14:53:24+00:00
21404000425,2023-12-31T14:53:24Z,Adige; Fiume Adige,45.11811217,12.169194,0.1307,84.202873,7.452228e-05,,,SWOT_L2_HR_RiverSP_Reach_008_486_EU_20231231T145102_20231231T145103_PIC0_01.zip,river,2023-12-31 14:53:24+00:00
21404000435,2023-12-31T14:53:24Z,Adige,45.13738683,12.0558708,1.2038,72.336041,0.00011137746,,,SWOT_L2_HR_RiverSP_Reach_008_486_EU_20231231T145102_20231231T145103_PIC0_01.zip,river,2023-12-31 14:53:24+00:00
21406100011,2023-12-31T14:53:25Z,no_data,44.97788826,11.9055543,0.9019,339.58198,3.571162e-05,,,SWOT_L2_HR_RiverSP_Reach_008_486_EU_20231231T145102_20231231T145103_PIC0_01.zip,river,2023-12-31 14:53:25+00:00
21406100021,2023-12-31T14:53:25Z,Po,44.94767275,11.7511479,1.5452,309.391032,5.514606e-05,,,SWOT_L2_HR_RiverSP_Reach_008_486_EU_20231231T145102_20231231T145103_PIC0_01.zip,river,2023-12-31 14:53:25+00:00
21406100031,2023-12-31T14:53:25Z,Po,44.89965067,11.6362292,2.3532,372.610092,7.750864e-05,,,SWOT_L2_HR_RiverSP_Reach_008_486_EU_20231231T145102_20231231T145103_PIC0_01.zip,river,2023-12-31 14:53:25+00:00
21406100041,no_data,Po,44.92732847,11.5407952,,,,,,SWOT_L2_HR_RiverSP_Reach_008_486_EU_20231231T145102_20231231T145103_PIC0_01.zip,river,
21406100051,no_data,Po,44.95362753,11.4200067,,,,,,SWOT_L2_HR_RiverSP_Reach_008_486_EU_20231231T145102_20231231T145103_PIC0_01.zip,river,
21406100275,no_data,Po di Venezia,44.95659643,12.3650664,,,,,,SWOT_L2_HR_RiverSP_Reach_008_486_EU_20231231T145102_20231231T145103_PIC0_01.zip,river,
21406100285,2023-12-31T14:53:25Z,Po di Venezia,44.97907136,12.2580871,-0.0391,499.772102,1.482878e-05,,,SWOT_L2_HR_RiverSP_Reach_008_486_EU_20231231T145102_20231231T145103_PIC0_01.zip,river,2023-12-31 14:53:25+00:00
21406100295,2023-12-31T14:53:25Z,Po di Venezia,45.02022837,12.1647155,0.1074,400.099263,2.301019e-05,,,SWOT_L2_HR_RiverSP_Reach_008_486_EU_20231231T145102_20231231T145103_PIC0_01.zip,river,2023-12-31 14:53:25+00:00
21406100305,2023-12-31T14:53:25Z,Po di Venezia,44.99976903,12.0782068,0.3854,428.706771,2.878394e-05,,,SWOT_L2_HR_RiverSP_Reach_008_486_EU_20231231T145102_20231231T145103_PIC0_01.zip,river,2023-12-31 14:53:25+00:00
21406100315,2023-12-31T14:53:25Z,Po,44.97645748,12.0255272,0.5881,396.708069,3.028966e-05,,,SWOT_L2_HR_RiverSP_Reach_008_486_EU_20231231T145102_20231231T145103_PIC0_01.zip,river,2023-12-31 14:53:25+00:00
21407000015,2023-12-31T14:53:25Z,Po di Gnocca,44.88633902,12.3402252,-0.3193,187.050187,1.427659e-05,,,SWOT_L2_HR_RiverSP_Reach_008_486_EU_20231231T145102_20231231T145103_PIC0_01.zip,river,2023-12-31 14:53:25+00:00
21407000025,2023-12-31T14:53:34Z,no_data,44.82749551,12.3520721,-0.4615,222.521685,6.15119e-06,,,SWOT_L2_HR_RiverSP_Reach_008_486_EU_20231231T145102_20231231T145103_PIC0_01.zip,river,2023-12-31 14:53:34+00:00
21407000035,2023-12-31T14:53:25Z,Po di Goro,44.88212683,12.2910628,-0.1034,159.271255,3.427011e-05,,,SWOT_L2_HR_RiverSP_Reach_008_486_EU_20231231T145102_20231231T145103_PIC0_01.zip,river,2023-12-31 14:53:25+00:00
21407000045,2023-12-31T14:53:25Z,Po di Goro,44.93225211,12.2569541,-0.4052,143.31508,-0.0007898597,,,SWOT_L2_HR_RiverSP_Reach_008_486_EU_20231231T145102_20231231T145103_PIC0_01.zip,river,2023-12-31 14:53:25+00:00
21407000055,2023-12-31T14:53:25Z,Po di Goro,44.94808193,12.128055,-0.0683,69.975383,6.535334e-05,,,SWOT_L2_HR_RiverSP_Reach_008_486_EU_20231231T145102_20231231T145103_PIC0_01.zip,river,2023-12-31 14:53:25+00:00
21406100091,no_data,Fiume Mincio; Po,45.10017596,10.9113497,,,,,,SWOT_L2_HR_RiverSP_Reach_008_514_EU_20240101T145136_20240101T145144_PIC0_01.zip,river,
21406100101,no_data,Po,45.06440534,10.9221059,,,,,,SWOT_L2_HR_RiverSP_Reach_008_514_EU_20240101T145136_20240101T145144_PIC0_01.zip,river,
21406100111,2024-01-01T14:53:56Z,Po,45.04625504,10.768001,13.5692,233.196783,0.0001122566,,,SWOT_L2_HR_RiverSP_Reach_008_514_EU_20240101T145136_20240101T145144_PIC0_01.zip,river,2024-01-01 14:53:56+00:00
21406100123,2024-01-01T14:53:56Z,Fiume Mincio,45.14246728,10.8162187,13.1775,,,,,SWOT_L2_HR_RiverSP_Reach_008_514_EU_20240101T145136_20240101T145144_PIC0_01.zip,river,2024-01-01 14:53:56+00:00
21406200011,2024-01-01T14:53:56Z,Po,45.06313602,10.6021879,17.0315,37.511295,0.00023545475,,,SWOT_L2_HR_RiverSP_Reach_008_514_EU_20240101T145136_20240101T145144_PIC0_01.zip,river,2024-01-01 14:53:56+00:00
21406200021,2024-01-01T14:53:56Z,Fiume Oglio,45.12874321,10.5044278,20.2698,28.151984,0.00028935396,,,SWOT_L2_HR_RiverSP_Reach_008_514_EU_20240101T145136_20240101T145144_PIC0_01.zip,river,2024-01-01 14:53:56+00:00
21406300011,2024-01-01T14:54:05Z,Po,45.00223735,10.6801087,15.3634,241.624358,0.00011229119,,,SWOT_L2_HR_RiverSP_Reach_008_514_EU_20240101T145136_20240101T145144_PIC0_01.zip,river,2024-01-01 14:54:05+00:00
21406300021,2024-01-01T14:54:05Z,Po,44.92496107,10.6126319,16.8793,209.117452,0.00012291272,,,SWOT_L2_HR_RiverSP_Reach_008_514_EU_20240101T145136_20240101T145144_PIC0_01.zip,river,2024-01-01 14:54:05+00:00
21406300031,2024-01-01T14:54:05Z,Parma; Po,44.92391702,10.4975482,18.4912,215.406433,0.00012868015,,,SWOT_L2_HR_RiverSP_Reach_008_514_EU_20240101T145136_20240101T145144_PIC0_01.zip,river,2024-01-01 14:54:05+00:00
21406300041,2024-01-01T14:53:56Z,Parma,44.96698609,10.4153531,20.2067,243.226902,0.00014315949,,,SWOT_L2_HR_RiverSP_Reach_008_514_EU_20240101T145136_20240101T145144_PIC0_01.zip,river,2024-01-01 14:53:56+00:00
21406300051,2024-01-01T14:53:56Z,Parma; Po,44.98238586,10.3257584,21.6986,264.320366,0.00016817939,,,SWOT_L2_HR_RiverSP_Reach_008_514_EU_20240101T145136_20240101T145144_PIC0_01.zip,river,2024-01-01 14:53:56+00:00
21406300061,2024-01-01T14:53:56Z,Po,45.0255784,10.1966661,23.6377,268.164721,0.00013183995,,,SWOT_L2_HR_RiverSP_Reach_008_514_EU_20240101T145136_20240101T145144_PIC0_01.zip,river,2024-01-01 14:53:56+00:00
21406300071,2024-01-01T14:53:56Z,Po,45.04383353,10.0629096,25.867,581.975434,0.00017047372,,,SWOT_L2_HR_RiverSP_Reach_008_514_EU_20240101T145136_20240101T145144_PIC0_01.zip,river,2024-01-01 14:53:56+00:00
21406300081,2024-01-01T14:53:56Z,Po,45.11338408,10.0010764,27.5881,773.438283,0.00021542684,,,SWOT_L2_HR_RiverSP_Reach_008_514_EU_20240101T145136_20240101T145144_PIC0_01.zip,river,2024-01-01 14:53:56+00:00
21406300091,no_data,Po,45.10509326,9.9334895,,96.67673,,,,SWOT_L2_HR_RiverSP_Reach_008_514_EU_20240101T145136_20240101T145144_PIC0_01.zip,river,
21406300111,2024-01-01T14:53:55Z,Po,45.12967127,9.9212745,28.7195,569.766069,-0.0033715385,,,SWOT_L2_HR_RiverSP_Reach_008_514_EU_20240101T145136_20240101T145144_PIC0_01.zip,river,2024-01-01 14:53:55+00:00
21406400014,2024-01-01T14:53:55Z,Adda,45.13676214,9.8763325,,176.422179,,,,SWOT_L2_HR_RiverSP_Reach_008_514_EU_20240101T145136_20240101T145144_PIC0_01.zip,river,2024-01-01 14:53:55+00:00
21406500011,2024-01-01T14:53:55Z,Adda; Po,45.11288469,9.8866488,30.0609,379.75707,0.00011480296,,,SWOT_L2_HR_RiverSP_Reach_008_514_EU_20240101T145136_20240101T145144_PIC0_01.zip,river,2024-01-01 14:53:55+00:00
21406500021,2024-01-01T14:53:55Z,Po,45.08313086,9.8584456,40.3782,208.502024,1.388943e-05,,,SWOT_L2_HR_RiverSP_Reach_008_514_EU_20240101T145136_20240101T145144_PIC0_01.zip,river,2024-01-01 14:53:55+00:00
21406500031,2024-01-01T14:53:55Z,Po,45.08910017,9.7847586,40.6086,255.293657,4.071776e-05,,,SWOT_L2_HR_RiverSP_Reach_008_514_EU_20240101T145136_20240101T145144_PIC0_01.zip,river,2024-01-01 14:53:55+00:00
21406500041,2024-01-01T14:53:55Z,Po,45.07148237,9.704767,41.4827,206.850612,0.00010432506,,,SWOT_L2_HR_RiverSP_Reach_008_514_EU_20240101T145136_20240101T145144_PIC0_01.zip,river,2024-01-01 14:53:55+00:00
21406500051,2024-01-01T14:53:55Z,Po,45.11288369,9.6007179,43.6027,303.171917,0.00016995786,,,SWOT_L2_HR_RiverSP_Reach_008_514_EU_20240101T145136_20240101T145144_PIC0_01.zip,river,2024-01-01 14:53:55+00:00
21406500061,2024-01-01T14:53:55Z,Po,45.09545589,9.4901032,47.1247,291.713274,0.00016346134,,,SWOT_L2_HR_RiverSP_Reach_008_514_EU_20240101T145136_20240101T145144_PIC0_01.zip,river,2024-01-01 14:53:55+00:00
21406500071,2024-01-01T14:53:55Z,Po,45.11737939,9.3109347,50.5727,345.251648,0.00025988051,,,SWOT_L2_HR_RiverSP_Reach_008_514_EU_20240101T145136_20240101T145144_PIC0_01.zip,river,2024-01-01 14:53:55+00:00
21406500104,no_data,Po,45.09264137,9.9046467,,143.573656,,,,SWOT_L2_HR_RiverSP_Reach_008_514_EU_20240101T145136_20240101T145144_PIC0_01.zip,river,
21406700011,2024-01-01T14:53:55Z,Po,45.12538309,9.1596345,53.7171,243.881349,0.00019582926,,,SWOT_L2_HR_RiverSP_Reach_008_514_EU_20240101T145136_20240101T145144_PIC0_01.zip,river,2024-01-01 14:53:55+00:00
21500800021,no_data,Fiume Arno,43.7081277,10.4445051,,,,,,SWOT_L2_HR_RiverSP_Reach_008_514_EU_20240101T145136_20240101T145144_PIC0_01.zip,river,
21500800061,2024-01-01T14:54:25Z,Fiume Arno,43.70436492,10.7839405,12.6347,12.877085,-0.0005538289,,,SWOT_L2_HR_RiverSP_Reach_008_514_EU_20240101T145136_20240101T145144_PIC0_01.zip,river,2024-01-01 14:54:25+00:00
21500800074,2024-01-01T14:54:25Z,Fiume Arno,43.71763156,10.8700497,,59.75539,,,,SWOT_L2_HR_RiverSP_Reach_008_514_EU_20240101T145136_20240101T145144_PIC0_01.zip,river,2024-01-01 14:54:25+00:00
21500800081,2024-01-01T14:54:25Z,Fiume Arno,43.72780079,10.8953951,22.678,11.218767,0.00714036495,,,SWOT_L2_HR_RiverSP_Reach_008_514_EU_20240101T145136_20240101T145144_PIC0_01.zip,river,2024-01-01 14:54:25+00:00
21500800094,2024-01-01T14:54:25Z,Fiume Arno,43.72897311,10.9212468,,45.03156,,,,SWOT_L2_HR_RiverSP_Reach_008_514_EU_20240101T145136_20240101T145144_PIC0_01.zip,river,2024-01-01 14:54:25+00:00
21500800101,2024-01-01T14:54:25Z,Fiume Arno,43.72609497,10.9424002,24.8816,6.985889,-0.006252644,,,SWOT_L2_HR_RiverSP_Reach_008_514_EU_20240101T145136_20240101T145144_PIC0_01.zip,river,2024-01-01 14:54:25+00:00
21500800114,2024-01-01T14:54:25Z,Fiume Arno,43.73395613,10.9629417,,94.027853,,,,SWOT_L2_HR_RiverSP_Reach_008_514_EU_20240101T145136_20240101T145144_PIC0_01.zip,river,2024-01-01 14:54:25+00:00
21500800121,2024-01-01T14:54:25Z,Fiume Arno,43.739528,10.9815185,26.8681,14.630409,-0.0070728138,,,SWOT_L2_HR_RiverSP_Reach_008_514_EU_20240101T145136_20240101T145144_PIC0_01.zip,river,2024-01-01 14:54:25+00:00
21500800134,2024-01-01T14:54:25Z,Fiume Arno,43.73552158,10.9998728,,76.887679,,,,SWOT_L2_HR_RiverSP_Reach_008_514_EU_20240101T145136_20240101T145144_PIC0_01.zip,river,2024-01-01 14:54:25+00:00
21500800141,2024-01-01T14:54:25Z,Fiume Arno,43.74768721,11.0244481,23.7403,13.287093,-1.43832e-05,,,SWOT_L2_HR_RiverSP_Reach_008_514_EU_20240101T145136_20240101T145144_PIC0_01.zip,river,2024-01-01 14:54:25+00:00
21500800154,2024-01-01T14:54:25Z,Fiume Arno,43.76627758,11.0424554,,33.070026,,,,SWOT_L2_HR_RiverSP_Reach_008_514_EU_20240101T145136_20240101T145144_PIC0_01.zip,river,2024-01-01 14:54:25+00:00
21500800161,2024-01-01T14:54:25Z,Fiume Arno,43.77826116,11.1119621,38.6378,5.119796,-0.0020591096,,,SWOT_L2_HR_RiverSP_Reach_008_514_EU_20240101T145136_20240101T145144_PIC0_01.zip,river,2024-01-01 14:54:25+00:00
21500800174,2024-01-01T14:54:25Z,Fiume Arno,43.78926005,11.1968555,,1.339363,,,,SWOT_L2_HR_RiverSP_Reach_008_514_EU_20240101T145136_20240101T145144_PIC0_01.zip,river,2024-01-01 14:54:25+00:00
21500800181,2024-01-01T14:54:25Z,Fiume Arno,43.7853558,11.2058467,27.4576,9.412919,0.00324841168,,,SWOT_L2_HR_RiverSP_Reach_008_514_EU_20240101T145136_20240101T145144_PIC0_01.zip,river,2024-01-01 14:54:25+00:00
21500800194,2024-01-01T14:54:25Z,Fiume Arno,43.78123761,11.2146427,,36.21619,,,,SWOT_L2_HR_RiverSP_Reach_008_514_EU_20240101T145136_20240101T145144_PIC0_01.zip,river,2024-01-01 14:54:25+00:00
21500800201,2024-01-01T14:54:25Z,Fiume Arno,43.7758682,11.2295414,47.0189,16.229852,0.02582606778,,,SWOT_L2_HR_RiverSP_Reach_008_514_EU_20240101T145136_20240101T145144_PIC0_01.zip,river,2024-01-01 14:54:25+00:00
21500800214,2024-01-01T14:54:25Z,Fiume Arno,43.7710951,11.2443983,,72.962647,,,,SWOT_L2_HR_RiverSP_Reach_008_514_EU_20240101T145136_20240101T145144_PIC0_01.zip,river,2024-01-01 14:54:25+00:00
21500800221,2024-01-01T14:54:25Z,Fiume Arno,43.76715202,11.2554943,41.8536,44.618526,-0.0010858488,,,SWOT_L2_HR_RiverSP_Reach_008_514_EU_20240101T145136_20240101T145144_PIC0_01.zip,river,2024-01-01 14:54:25+00:00
21500800234,2024-01-01T14:54:25Z,Fiume Arno,43.76500389,11.2673403,,45.61244,,,,SWOT_L2_HR_RiverSP_Reach_008_514_EU_20240101T145136_20240101T145144_PIC0_01.zip,river,2024-01-01 14:54:25+00:00
21500800241,2024-01-01T14:54:25Z,Fiume Arno,43.76412125,11.2917186,47.0027,33.484543,-0.0036028038,,,SWOT_L2_HR_RiverSP_Reach_008_514_EU_20240101T145136_20240101T145144_PIC0_01.zip,river,2024-01-01 14:54:25+00:00
21500800254,no_data,Fiume Arno,43.76234794,11.3160621,,,,,,SWOT_L2_HR_RiverSP_Reach_008_514_EU_20240101T145136_20240101T145144_PIC0_01.zip,river,
21500800264,no_data,Fiume Arno,43.76456329,11.3232663,,,,,,SWOT_L2_HR_RiverSP_Reach_008_514_EU_20240101T145136_20240101T145144_PIC0_01.zip,river,
21500800274,no_data,Fiume Arno,43.76832184,11.331508,,,,,,SWOT_L2_HR_RiverSP_Reach_008_514_EU_20240101T145136_20240101T145144_PIC0_01.zip,river,
21500800284,no_data,Fiume Arno,43.76530457,11.337519,,,,,,SWOT_L2_HR_RiverSP_Reach_008_514_EU_20240101T145136_20240101T145144_PIC0_01.zip,river,
21500800301,no_data,Fiume Arno,43.77298059,11.3559331,,,,,,SWOT_L2_HR_RiverSP_Reach_008_514_EU_20240101T145136_20240101T145144_PIC0_01.zip,river,
21500800314,no_data,Fiume Arno,43.78146667,11.3605945,,,,,,SWOT_L2_HR_RiverSP_Reach_008_514_EU_20240101T145136_20240101T145144_PIC0_01.zip,river,
21500800324,no_data,Fiume Arno,43.78330118,11.3692522,,,,,,SWOT_L2_HR_RiverSP_Reach_008_514_EU_20240101T145136_20240101T145144_PIC0_01.zip,river,
21500800331,no_data,Fiume Arno,43.78712321,11.3824156,,,,,,SWOT_L2_HR_RiverSP_Reach_008_514_EU_20240101T145136_20240101T145144_PIC0_01.zip,river,
21500800344,no_data,Fiume Arno,43.79152438,11.3885935,,,,,,SWOT_L2_HR_RiverSP_Reach_008_514_EU_20240101T145136_20240101T145144_PIC0_01.zip,river,
21500800351,no_data,Fiume Arno,43.75962957,11.4430708,,,,,,SWOT_L2_HR_RiverSP_Reach_008_514_EU_20240101T145136_20240101T145144_PIC0_01.zip,river,
21500800364,no_data,Fiume Arno,43.72136726,11.4558202,,,,,,SWOT_L2_HR_RiverSP_Reach_008_514_EU_20240101T145136_20240101T145144_PIC0_01.zip,river,
21500900013,2024-01-01T14:54:16Z,Serchio,43.76238147,10.3226477,6.2914,203.946208,0.00060500565,,,SWOT_L2_HR_RiverSP_Reach_008_514_EU_20240101T145136_20240101T145144_PIC0_01.zip,river,2024-01-01 14:54:16+00:00
21500900021,2024-01-01T14:54:16Z,Serchio,43.78117023,10.399042,8.6358,376.061652,-0.0004254245,,,SWOT_L2_HR_RiverSP_Reach_008_514_EU_20240101T145136_20240101T145144_PIC0_01.zip,river,2024-01-01 14:54:16+00:00
21500900034,no_data,Serchio,43.78946261,10.4164431,,1288.869588,,,,SWOT_L2_HR_RiverSP_Reach_008_514_EU_20240101T145136_20240101T145144_PIC0_01.zip,river,
21500900041,2024-01-01T14:54:16Z,Serchio,43.8036516,10.4063306,7.0998,829.156344,0.00065886152,,,SWOT_L2_HR_RiverSP_Reach_008_514_EU_20240101T145136_20240101T145144_PIC0_01.zip,river,2024-01-01 14:54:16+00:00
21500900064,2024-01-01T14:54:15Z,Fiume Magra,44.1080452,9.9369098,,206.395455,,,,SWOT_L2_HR_RiverSP_Reach_008_514_EU_20240101T145136_20240101T145144_PIC0_01.zip,river,2024-01-01 14:54:15+00:00
21500900184,no_data,Serchio,43.8188553,10.4136918,,513.934102,,,,SWOT_L2_HR_RiverSP_Reach_008_514_EU_20240101T145136_20240101T145144_PIC0_01.zip,river,
21500900191,2024-01-01T14:54:16Z,Serchio,43.84327707,10.4415553,20.2181,728.103427,-0.0024907533,,,SWOT_L2_HR_RiverSP_Reach_008_514_EU_20240101T145136_20240101T145144_PIC0_01.zip,river,2024-01-01 14:54:16+00:00
21500900204,no_data,Serchio,43.8539327,10.476405,,16.360094,,,,SWOT_L2_HR_RiverSP_Reach_008_514_EU_20240101T145136_20240101T145144_PIC0_01.zip,river,
21500900211,2024-01-01T14:54:16Z,Serchio,43.8532787,10.4915647,,157.920547,,,,SWOT_L2_HR_RiverSP_Reach_008_514_EU_20240101T145136_20240101T145144_PIC0_01.zip,river,2024-01-01 14:54:16+00:00
21500900224,no_data,Serchio,43.85677563,10.5059732,,5.866113,,,,SWOT_L2_HR_RiverSP_Reach_008_514_EU_20240101T145136_20240101T145144_PIC0_01.zip,river,
21500900231,2024-01-01T14:54:16Z,Serchio,43.88606154,10.5259476,29.8483,746.233002,0.00173276049,,,SWOT_L2_HR_RiverSP_Reach_008_514_EU_20240101T145136_20240101T145144_PIC0_01.zip,river,2024-01-01 14:54:16+00:00
21500900244,2024-01-01T14:54:16Z,Serchio,43.91649583,10.529312,,138.745901,,,,SWOT_L2_HR_RiverSP_Reach_008_514_EU_20240101T145136_20240101T145144_PIC0_01.zip,river,2024-01-01 14:54:16+00:00
21500900261,2024-01-01T14:54:16Z,Serchio,43.92488448,10.5296092,,2.549334,,,,SWOT_L2_HR_RiverSP_Reach_008_514_EU_20240101T145136_20240101T145144_PIC0_01.zip,river,2024-01-01 14:54:16+00:00
21500900274,2024-01-01T14:54:16Z,Serchio,43.92529227,10.5218935,,4.389374,,,,SWOT_L2_HR_RiverSP_Reach_008_514_EU_20240101T145136_20240101T145144_PIC0_01.zip,river,2024-01-01 14:54:16+00:00
21500900281,2024-01-01T14:54:16Z,Serchio,43.93088015,10.5087897,46.5525,40.022585,0.00334719278,,,SWOT_L2_HR_RiverSP_Reach_008_514_EU_20240101T145136_20240101T145144_PIC0_01.zip,river,2024-01-01 14:54:16+00:00
21500900294,no_data,Serchio,43.93982305,10.5015469,,30.92446,,,,SWOT_L2_HR_RiverSP_Reach_008_514_EU_20240101T145136_20240101T145144_PIC0_01.zip,river,
21500900301,2024-01-01T14:54:16Z,Serchio,43.96338733,10.5238839,65.3572,112.996271,0.00479082112,,,SWOT_L2_HR_RiverSP_Reach_008_514_EU_20240101T145136_20240101T145144_PIC0_01.zip,river,2024-01-01 14:54:16+00:00
21500900314,2024-01-01T14:54:16Z,Serchio,43.98114573,10.5523043,,789.831846,,,,SWOT_L2_HR_RiverSP_Reach_008_514_EU_20240101T145136_20240101T145144_PIC0_01.zip,river,2024-01-01 14:54:16+00:00
21500900321,2024-01-01T14:54:16Z,Serchio,43.99085556,10.5533227,90.7363,89.8816,0.00107267006,,,SWOT_L2_HR_RiverSP_Reach_008_514_EU_20240101T145136_20240101T145144_PIC0_01.zip,river,2024-01-01 14:54:16+00:00
21500900335,2024-01-01T14:54:15Z,Fiume Magra,44.07842653,9.9655885,0.0902,203.706354,7.675516e-05,,,SWOT_L2_HR_RiverSP_Reach_008_514_EU_20240101T145136_20240101T145144_PIC0_01.zip,river,2024-01-01 14:54:15+00:00
21500900344,2024-01-01T14:54:15Z,Fiume Magra,44.10398535,9.9379287,,200.196262,,,,SWOT_L2_HR_RiverSP_Reach_008_514_EU_20240101T145136_20240101T145144_PIC0_01.zip,river,2024-01-01 14:54:15+00:00
21500900355,2024-01-01T14:54:15Z,Fiume Magra,44.12143652,9.9276433,5.6119,141.927502,0.0011360063,,,SWOT_L2_HR_RiverSP_Reach_008_514_EU_20240101T145136_20240101T145144_PIC0_01.zip,river,2024-01-01 14:54:15+00:00
21500900364,2024-01-01T14:54:15Z,Fiume Magra,44.13142931,9.9138465,,195.52458,,,,SWOT_L2_HR_RiverSP_Reach_008_514_EU_20240101T145136_20240101T145144_PIC0_01.zip,river,2024-01-01 14:54:15+00:00
21500900375,2024-01-01T14:54:15Z,Fiume Magra,44.13659356,9.9063001,9.3688,140.881867,0.00296384733,,,SWOT_L2_HR_RiverSP_Reach_008_514_EU_20240101T145136_20240101T145144_PIC0_01.zip,river,2024-01-01 14:54:15+00:00
21500900384,2024-01-01T14:54:15Z,Fiume Magra,44.14283943,9.8981002,,215.332973,,,,SWOT_L2_HR_RiverSP_Reach_008_514_EU_20240101T145136_20240101T145144_PIC0_01.zip,river,2024-01-01 14:54:15+00:00
21500900395,2024-01-01T14:54:15Z,Fiume Magra,44.15012927,9.8899941,14.0356,213.414306,0.00235157854,,,SWOT_L2_HR_RiverSP_Reach_008_514_EU_20240101T145136_20240101T145144_PIC0_01.zip,river,2024-01-01 14:54:15+00:00
21500900404,2024-01-01T14:54:15Z,Fiume Magra,44.15876878,9.8931723,17.6875,64.359734,0.0037664125,,,SWOT_L2_HR_RiverSP_Reach_008_514_EU_20240101T145136_20240101T145144_PIC0_01.zip,river,2024-01-01 14:54:15+00:00
21500900414,2024-01-01T14:54:15Z,Fiume Magra,44.16226318,9.8974438,,101.2113,,,,SWOT_L2_HR_RiverSP_Reach_008_514_EU_20240101T145136_20240101T145144_PIC0_01.zip,river,2024-01-01 14:54:15+00:00
21500900425,2024-01-01T14:54:15Z,Fiume Magra,44.16616482,9.9066061,21.8485,117.641156,0.00289171617,,,SWOT_L2_HR_RiverSP_Reach_008_514_EU_20240101T145136_20240101T145144_PIC0_01.zip,river,2024-01-01 14:54:15+00:00
21500900434,2024-01-01T14:54:15Z,Fiume Magra,44.16995794,9.9183815,25.915,58.974636,0.0045895285,,,SWOT_L2_HR_RiverSP_Reach_008_514_EU_20240101T145136_20240101T145144_PIC0_01.zip,river,2024-01-01 14:54:15+00:00
21500900444,2024-01-01T14:54:15Z,Fiume Magra,44.17257832,9.9248018,,166.960733,,,,SWOT_L2_HR_RiverSP_Reach_008_514_EU_20240101T145136_20240101T145144_PIC0_01.zip,river,2024-01-01 14:54:15+00:00
21500900455,2024-01-01T14:54:15Z,Fiume Magra,44.1887648,9.9372759,38.0883,55.781731,0.00326369999,,,SWOT_L2_HR_RiverSP_Reach_008_514_EU_20240101T145136_20240101T145144_PIC0_01.zip,river,2024-01-01 14:54:15+00:00
21404000011,2024-01-03T04:12:42Z,Adige,45.13669319,11.9340853,2.6938,116.155915,0.00015143087,,,SWOT_L2_HR_RiverSP_Reach_008_557_EU_20240103T041208_20240103T041210_PIC0_01.zip,river,2024-01-03 04:12:42+00:00
21404000021,2024-01-03T04:12:42Z,Adige,45.1152242,11.8085946,4.4941,129.910723,0.00016886707,,,SWOT_L2_HR_RiverSP_Reach_008_557_EU_20240103T041208_20240103T041210_PIC0_01.zip,river,2024-01-03 04:12:42+00:00
21404000031,2024-01-03T04:12:42Z,Adige,45.10291143,11.6839963,6.3272,80.35051,0.00014987543,,,SWOT_L2_HR_RiverSP_Reach_008_557_EU_20240103T041208_20240103T041210_PIC0_01.zip,river,2024-01-03 04:12:42+00:00
21404000041,2024-01-03T04:12:41Z,Adige,45.11467588,11.5378009,7.9019,64.579232,0.00012169268,,,SWOT_L2_HR_RiverSP_Reach_008_557_EU_20240103T041208_20240103T041210_PIC0_01.zip,river,2024-01-03 04:12:41+00:00
21404000415,2024-01-03T04:12:42Z,Fiume Adige,45.12610537,12.2744918,0.3728,148.347216,-7.8753e-06,,,SWOT_L2_HR_RiverSP_Reach_008_557_EU_20240103T041208_20240103T041210_PIC0_01.zip,river,2024-01-03 04:12:42+00:00
21404000425,2024-01-03T04:12:42Z,Adige; Fiume Adige,45.11811217,12.169194,0.2421,88.315772,3.738002e-05,,,SWOT_L2_HR_RiverSP_Reach_008_557_EU_20240103T041208_20240103T041210_PIC0_01.zip,river,2024-01-03 04:12:42+00:00
21404000435,2024-01-03T04:12:42Z,Adige,45.13738683,12.0558708,,49.356062,,,,SWOT_L2_HR_RiverSP_Reach_008_557_EU_20240103T041208_20240103T041210_PIC0_01.zip,river,2024-01-03 04:12:42+00:00
21406100011,2024-01-03T04:12:41Z,no_data,44.97788826,11.9055543,0.9258,373.890392,6.248749e-05,,,SWOT_L2_HR_RiverSP_Reach_008_557_EU_20240103T041208_20240103T041210_PIC0_01.zip,river,2024-01-03 04:12:41+00:00
21406100021,2024-01-03T04:12:41Z,Po,44.94767275,11.7511479,1.8098,364.411014,5.160099e-05,,,SWOT_L2_HR_RiverSP_Reach_008_557_EU_20240103T041208_20240103T041210_PIC0_01.zip,river,2024-01-03 04:12:41+00:00
21406100031,2024-01-03T04:12:32Z,Po,44.89965067,11.6362292,6.8868,378.716352,0.00061684633,,,SWOT_L2_HR_RiverSP_Reach_008_557_EU_20240103T041208_20240103T041210_PIC0_01.zip,river,2024-01-03 04:12:32+00:00
21406100041,2024-01-03T04:12:32Z,Po,44.92732847,11.5407952,4.0806,428.221007,-0.000121558,,,SWOT_L2_HR_RiverSP_Reach_008_557_EU_20240103T041208_20240103T041210_PIC0_01.zip,river,2024-01-03 04:12:32+00:00
21406100051,2024-01-03T04:12:32Z,Po,44.95362753,11.4200067,5.3532,422.004537,0.00013172487,,,SWOT_L2_HR_RiverSP_Reach_008_557_EU_20240103T041208_20240103T041210_PIC0_01.zip,river,2024-01-03 04:12:32+00:00
21406100061,2024-01-03T04:12:41Z,Po,45.00951862,11.3007475,6.3306,346.2963,3.091763e-05,,,SWOT_L2_HR_RiverSP_Reach_008_557_EU_20240103T041208_20240103T041210_PIC0_01.zip,river,2024-01-03 04:12:41+00:00
21406100071,2024-01-03T04:12:41Z,Po,45.05059331,11.2359852,7.6854,330.365859,9.967708e-05,,,SWOT_L2_HR_RiverSP_Reach_008_557_EU_20240103T041208_20240103T041210_PIC0_01.zip,river,2024-01-03 04:12:41+00:00
21406100081,2024-01-03T04:12:41Z,Po,45.0526046,11.0864648,9.3973,280.55364,0.0001052239,,,SWOT_L2_HR_RiverSP_Reach_008_557_EU_20240103T041208_20240103T041210_PIC0_01.zip,river,2024-01-03 04:12:41+00:00
21406100275,2024-01-03T04:12:41Z,Po di Venezia,44.95659643,12.3650664,0.2416,402.592406,1.50501e-06,,,SWOT_L2_HR_RiverSP_Reach_008_557_EU_20240103T041208_20240103T041210_PIC0_01.zip,river,2024-01-03 04:12:41+00:00
21406100285,2024-01-03T04:12:41Z,Po di Venezia,44.97907136,12.2580871,0.3142,386.606943,9.63809e-06,,,SWOT_L2_HR_RiverSP_Reach_008_557_EU_20240103T041208_20240103T041210_PIC0_01.zip,river,2024-01-03 04:12:41+00:00
21406100295,2024-01-03T04:12:42Z,Po di Venezia,45.02022837,12.1647155,0.4186,390.651868,1.275373e-05,,,SWOT_L2_HR_RiverSP_Reach_008_557_EU_20240103T041208_20240103T041210_PIC0_01.zip,river,2024-01-03 04:12:42+00:00
21406100305,2024-01-03T04:12:41Z,Po di Venezia,44.99976903,12.0782068,0.605,427.042978,2.638528e-05,,,SWOT_L2_HR_RiverSP_Reach_008_557_EU_20240103T041208_20240103T041210_PIC0_01.zip,river,2024-01-03 04:12:41+00:00
21406100315,2024-01-03T04:12:41Z,Po,44.97645748,12.0255272,0.8153,345.273729,1.995293e-05,,,SWOT_L2_HR_RiverSP_Reach_008_557_EU_20240103T041208_20240103T041210_PIC0_01.zip,river,2024-01-03 04:12:41+00:00
21407000015,2024-01-03T04:12:41Z,Po di Gnocca,44.88633902,12.3402252,-0.1223,101.70423,5.15347e-06,,,SWOT_L2_HR_RiverSP_Reach_008_557_EU_20240103T041208_20240103T041210_PIC0_01.zip,river,2024-01-03 04:12:41+00:00
21407000025,2024-01-03T04:12:41Z,no_data,44.82749551,12.3520721,0.0545,150.876793,3.865e-07,,,SWOT_L2_HR_RiverSP_Reach_008_557_EU_20240103T041208_20240103T041210_PIC0_01.zip,river,2024-01-03 04:12:41+00:00
21407000035,2024-01-03T04:12:41Z,Po di Goro,44.88212683,12.2910628,0.0652,65.721619,2.879472e-05,,,SWOT_L2_HR_RiverSP_Reach_008_557_EU_20240103T041208_20240103T041210_PIC0_01.zip,river,2024-01-03 04:12:41+00:00
21407000045,2024-01-03T04:12:41Z,Po di Goro,44.93225211,12.2569541,0.1722,53.76801,-1.18068e-05,,,SWOT_L2_HR_RiverSP_Reach_008_557_EU_20240103T041208_20240103T041210_PIC0_01.zip,river,2024-01-03 04:12:41+00:00
21407000055,2024-01-03T04:12:41Z,Po di Goro,44.94808193,12.128055,0.4537,82.755368,2.291075e-05,,,SWOT_L2_HR_RiverSP_Reach_008_557_EU_20240103T041208_20240103T041210_PIC0_01.zip,river,2024-01-03 04:12:41+00:00
21500800061,2024-01-03T04:12:12Z,Fiume Arno,43.70436492,10.7839405,14.4116,6.533124,0.00069428149,,,SWOT_L2_HR_RiverSP_Reach_008_557_EU_20240103T041208_20240103T041210_PIC0_01.zip,river,2024-01-03 04:12:12+00:00
21500800074,2024-01-03T04:12:12Z,Fiume Arno,43.71763156,10.8700497,,33.91335,,,,SWOT_L2_HR_RiverSP_Reach_008_557_EU_20240103T041208_20240103T041210_PIC0_01.zip,river,2024-01-03 04:12:12+00:00
21500800081,2024-01-03T04:12:12Z,Fiume Arno,43.72780079,10.8953951,24.8048,9.794035,-0.0019021138,,,SWOT_L2_HR_RiverSP_Reach_008_557_EU_20240103T041208_20240103T041210_PIC0_01.zip,river,2024-01-03 04:12:12+00:00
21500800094,2024-01-03T04:12:12Z,Fiume Arno,43.72897311,10.9212468,,16.712028,,,,SWOT_L2_HR_RiverSP_Reach_008_557_EU_20240103T041208_20240103T041210_PIC0_01.zip,river,2024-01-03 04:12:12+00:00
21500800101,2024-01-03T04:12:12Z,Fiume Arno,43.72609497,10.9424002,29.3242,3.229227,0.00281594566,,,SWOT_L2_HR_RiverSP_Reach_008_557_EU_20240103T041208_20240103T041210_PIC0_01.zip,river,2024-01-03 04:12:12+00:00
21500800114,2024-01-03T04:12:12Z,Fiume Arno,43.73395613,10.9629417,,60.283975,,,,SWOT_L2_HR_RiverSP_Reach_008_557_EU_20240103T041208_20240103T041210_PIC0_01.zip,river,2024-01-03 04:12:12+00:00
21500800121,2024-01-03T04:12:12Z,Fiume Arno,43.739528,10.9815185,26.3184,13.378337,-0.0069137376,,,SWOT_L2_HR_RiverSP_Reach_008_557_EU_20240103T041208_20240103T041210_PIC0_01.zip,river,2024-01-03 04:12:12+00:00
21500800134,2024-01-03T04:12:12Z,Fiume Arno,43.73552158,10.9998728,,35.441218,,,,SWOT_L2_HR_RiverSP_Reach_008_557_EU_20240103T041208_20240103T041210_PIC0_01.zip,river,2024-01-03 04:12:12+00:00
21500800141,2024-01-03T04:12:12Z,Fiume Arno,43.74768721,11.0244481,21.8671,15.68336,-0.0002652465,,,SWOT_L2_HR_RiverSP_Reach_008_557_EU_20240103T041208_20240103T041210_PIC0_01.zip,river,2024-01-03 04:12:12+00:00
21500800154,2024-01-03T04:12:12Z,Fiume Arno,43.76627758,11.0424554,,53.635469,,,,SWOT_L2_HR_RiverSP_Reach_008_557_EU_20240103T041208_20240103T041210_PIC0_01.zip,river,2024-01-03 04:12:12+00:00
21500800161,2024-01-03T04:12:12Z,Fiume Arno,43.77826116,11.1119621,27.728,33.251547,0.00054374973,,,SWOT_L2_HR_RiverSP_Reach_008_557_EU_20240103T041208_20240103T041210_PIC0_01.zip,river,2024-01-03 04:12:12+00:00
21500800174,2024-01-03T04:12:12Z,Fiume Arno,43.78926005,11.1968555,,43.978395,,,,SWOT_L2_HR_RiverSP_Reach_008_557_EU_20240103T041208_20240103T041210_PIC0_01.zip,river,2024-01-03 04:12:12+00:00
21500800181,2024-01-03T04:12:12Z,Fiume Arno,43.7853558,11.2058467,29.6715,54.194536,-0.0018109976,,,SWOT_L2_HR_RiverSP_Reach_008_557_EU_20240103T041208_20240103T041210_PIC0_01.zip,river,2024-01-03 04:12:12+00:00
21500800194,2024-01-03T04:12:12Z,Fiume Arno,43.78123761,11.2146427,,49.857941,,,,SWOT_L2_HR_RiverSP_Reach_008_557_EU_20240103T041208_20240103T041210_PIC0_01.zip,river,2024-01-03 04:12:12+00:00
21500800201,2024-01-03T04:12:12Z,Fiume Arno,43.7758682,11.2295414,35.9566,108.876041,-2.56792e-05,,,SWOT_L2_HR_RiverSP_Reach_008_557_EU_20240103T041208_20240103T041210_PIC0_01.zip,river,2024-01-03 04:12:12+00:00
21500800214,2024-01-03T04:12:12Z,Fiume Arno,43.7710951,11.2443983,,140.707036,,,,SWOT_L2_HR_RiverSP_Reach_008_557_EU_20240103T041208_20240103T041210_PIC0_01.zip,river,2024-01-03 04:12:12+00:00
21500800221,2024-01-03T04:12:12Z,Fiume Arno,43.76715202,11.2554943,48.633,53.170702,0.01096616219,,,SWOT_L2_HR_RiverSP_Reach_008_557_EU_20240103T041208_20240103T041210_PIC0_01.zip,river,2024-01-03 04:12:12+00:00
21500800234,2024-01-03T04:12:12Z,Fiume Arno,43.76500389,11.2673403,,102.982941,,,,SWOT_L2_HR_RiverSP_Reach_008_557_EU_20240103T041208_20240103T041210_PIC0_01.zip,river,2024-01-03 04:12:12+00:00
21500800241,2024-01-03T04:12:12Z,Fiume Arno,43.76412125,11.2917186,54.6078,183.642088,0.00101066101,,,SWOT_L2_HR_RiverSP_Reach_008_557_EU_20240103T041208_20240103T041210_PIC0_01.zip,river,2024-01-03 04:12:12+00:00
21500800254,2024-01-03T04:12:12Z,Fiume Arno,43.76234794,11.3160621,,39.808003,,,,SWOT_L2_HR_RiverSP_Reach_008_557_EU_20240103T041208_20240103T041210_PIC0_01.zip,river,2024-01-03 04:12:12+00:00
21500800264,2024-01-03T04:12:12Z,Fiume Arno,43.76456329,11.3232663,,13.052693,,,,SWOT_L2_HR_RiverSP_Reach_008_557_EU_20240103T041208_20240103T041210_PIC0_01.zip,river,2024-01-03 04:12:12+00:00
21500800274,2024-01-03T04:12:12Z,Fiume Arno,43.76832184,11.331508,57.092,72.925731,-0.0351278512,,,SWOT_L2_HR_RiverSP_Reach_008_557_EU_20240103T041208_20240103T041210_PIC0_01.zip,river,2024-01-03 04:12:12+00:00
21500800284,2024-01-03T04:12:12Z,Fiume Arno,43.76530457,11.337519,54.0213,76.633622,0.00073672152,,,SWOT_L2_HR_RiverSP_Reach_008_557_EU_20240103T041208_20240103T041210_PIC0_01.zip,river,2024-01-03 04:12:12+00:00
21500800301,2024-01-03T04:12:12Z,Fiume Arno,43.77298059,11.3559331,56.6433,77.511979,0.0016242812,,,SWOT_L2_HR_RiverSP_Reach_008_557_EU_20240103T041208_20240103T041210_PIC0_01.zip,river,2024-01-03 04:12:12+00:00
21500800314,2024-01-03T04:12:12Z,Fiume Arno,43.78146667,11.3605945,,482.706285,,,,SWOT_L2_HR_RiverSP_Reach_008_557_EU_20240103T041208_20240103T041210_PIC0_01.zip,river,2024-01-03 04:12:12+00:00
21500800324,2024-01-03T04:12:13Z,Fiume Arno,43.78330118,11.3692522,,70.194462,,,,SWOT_L2_HR_RiverSP_Reach_008_557_EU_20240103T041208_20240103T041210_PIC0_01.zip,river,2024-01-03 04:12:13+00:00
21500800331,2024-01-03T04:12:13Z,Fiume Arno,43.78712321,11.3824156,69.8278,102.266857,-0.0100187819,,,SWOT_L2_HR_RiverSP_Reach_008_557_EU_20240103T041208_20240103T041210_PIC0_01.zip,river,2024-01-03 04:12:13+00:00
21500800344,2024-01-03T04:12:21Z,Fiume Arno,43.79152438,11.3885935,,181.452237,,,,SWOT_L2_HR_RiverSP_Reach_008_557_EU_20240103T041208_20240103T041210_PIC0_01.zip,river,2024-01-03 04:12:21+00:00
21500800351,2024-01-03T04:12:12Z,Fiume Arno,43.75962957,11.4430708,83.6155,76.401066,0.00258613885,,,SWOT_L2_HR_RiverSP_Reach_008_557_EU_20240103T041208_20240103T041210_PIC0_01.zip,river,2024-01-03 04:12:12+00:00
21500800364,2024-01-03T04:12:12Z,Fiume Arno,43.72136726,11.4558202,,139.124321,,,,SWOT_L2_HR_RiverSP_Reach_008_557_EU_20240103T041208_20240103T041210_PIC0_01.zip,river,2024-01-03 04:12:12+00:00
21500900231,no_data,Serchio,43.88606154,10.5259476,,,,,,SWOT_L2_HR_RiverSP_Reach_008_557_EU_20240103T041208_20240103T041210_PIC0_01.zip,river,
21500900244,no_data,Serchio,43.91649583,10.529312,,,,,,SWOT_L2_HR_RiverSP_Reach_008_557_EU_20240103T041208_20240103T041210_PIC0_01.zip,river,
21500900314,no_data,Serchio,43.98114573,10.5523043,,,,,,SWOT_L2_HR_RiverSP_Reach_008_557_EU_20240103T041208_20240103T041210_PIC0_01.zip,river,
21406200021,no_data,Fiume Oglio,45.12874321,10.5044278,,,,,,SWOT_L2_HR_RiverSP_Reach_009_001_EU_20240104T041219_20240104T041222_PIC0_01.zip,river,
21406300031,no_data,Parma; Po,44.92391702,10.4975482,,,,,,SWOT_L2_HR_RiverSP_Reach_009_001_EU_20240104T041219_20240104T041222_PIC0_01.zip,river,
21406300041,no_data,Parma,44.96698609,10.4153531,,,,,,SWOT_L2_HR_RiverSP_Reach_009_001_EU_20240104T041219_20240104T041222_PIC0_01.zip,river,
21406300051,2024-01-04T04:13:13Z,Parma; Po,44.98238586,10.3257584,22.7241,208.63277,0.00017845229,,,SWOT_L2_HR_RiverSP_Reach_009_001_EU_20240104T041219_20240104T041222_PIC0_01.zip,river,2024-01-04 04:13:13+00:00
21406300061,2024-01-04T04:13:13Z,Po,45.0255784,10.1966661,25.3022,194.959221,0.00014263445,,,SWOT_L2_HR_RiverSP_Reach_009_001_EU_20240104T041219_20240104T041222_PIC0_01.zip,river,2024-01-04 04:13:13+00:00
21406300071,2024-01-04T04:13:13Z,Po,45.04383353,10.0629096,26.3711,239.121908,0.0001537383,,,SWOT_L2_HR_RiverSP_Reach_009_001_EU_20240104T041219_20240104T041222_PIC0_01.zip,river,2024-01-04 04:13:13+00:00
21406300081,2024-01-04T04:13:13Z,Po,45.11338408,10.0010764,27.7061,216.230735,0.00012246263,,,SWOT_L2_HR_RiverSP_Reach_009_001_EU_20240104T041219_20240104T041222_PIC0_01.zip,river,2024-01-04 04:13:13+00:00
21406300091,2024-01-04T04:13:13Z,Po,45.10509326,9.9334895,28.1154,150.648006,0.0003125671,,,SWOT_L2_HR_RiverSP_Reach_009_001_EU_20240104T041219_20240104T041222_PIC0_01.zip,river,2024-01-04 04:13:13+00:00
21406300111,2024-01-04T04:13:13Z,Po,45.12967127,9.9212745,29.7824,207.487597,0.00010721768,,,SWOT_L2_HR_RiverSP_Reach_009_001_EU_20240104T041219_20240104T041222_PIC0_01.zip,river,2024-01-04 04:13:13+00:00
21406400014,2024-01-04T04:13:13Z,Adda,45.13676214,9.8763325,30.3824,198.312384,0.0021804135,,,SWOT_L2_HR_RiverSP_Reach_009_001_EU_20240104T041219_20240104T041222_PIC0_01.zip,river,2024-01-04 04:13:13+00:00
21406500011,2024-01-04T04:13:13Z,Adda; Po,45.11288469,9.8866488,31.4074,202.883868,-0.0006418908,,,SWOT_L2_HR_RiverSP_Reach_009_001_EU_20240104T041219_20240104T041222_PIC0_01.zip,river,2024-01-04 04:13:13+00:00
21406500021,2024-01-04T04:13:13Z,Po,45.08313086,9.8584456,40.3711,337.752376,2.27013e-06,,,SWOT_L2_HR_RiverSP_Reach_009_001_EU_20240104T041219_20240104T041222_PIC0_01.zip,river,2024-01-04 04:13:13+00:00
21406500031,2024-01-04T04:13:13Z,Po,45.08910017,9.7847586,40.3463,295.997013,-3.55722e-05,,,SWOT_L2_HR_RiverSP_Reach_009_001_EU_20240104T041219_20240104T041222_PIC0_01.zip,river,2024-01-04 04:13:13+00:00
21406500041,2024-01-04T04:13:13Z,Po,45.07148237,9.704767,41.1642,222.545738,0.00016710485,,,SWOT_L2_HR_RiverSP_Reach_009_001_EU_20240104T041219_20240104T041222_PIC0_01.zip,river,2024-01-04 04:13:13+00:00
21406500051,2024-01-04T04:13:13Z,Po,45.11288369,9.6007179,43.486,324.709778,0.00015037261,,,SWOT_L2_HR_RiverSP_Reach_009_001_EU_20240104T041219_20240104T041222_PIC0_01.zip,river,2024-01-04 04:13:13+00:00
21406500061,2024-01-04T04:13:13Z,Po,45.09545589,9.4901032,46.9926,362.964796,0.00024317854,,,SWOT_L2_HR_RiverSP_Reach_009_001_EU_20240104T041219_20240104T041222_PIC0_01.zip,river,2024-01-04 04:13:13+00:00
21406500071,2024-01-04T04:13:13Z,Po,45.11737939,9.3109347,50.4653,404.468316,0.00018751969,,,SWOT_L2_HR_RiverSP_Reach_009_001_EU_20240104T041219_20240104T041222_PIC0_01.zip,river,2024-01-04 04:13:13+00:00
21406500104,2024-01-04T04:13:13Z,Po,45.09264137,9.9046467,,155.03898,,,,SWOT_L2_HR_RiverSP_Reach_009_001_EU_20240104T041219_20240104T041222_PIC0_01.zip,river,2024-01-04 04:13:13+00:00
21406700011,2024-01-04T04:13:13Z,Po,45.12538309,9.1596345,53.3085,293.252422,0.00023557938,,,SWOT_L2_HR_RiverSP_Reach_009_001_EU_20240104T041219_20240104T041222_PIC0_01.zip,river,2024-01-04 04:13:13+00:00
21500900064,no_data,Fiume Magra,44.1080452,9.9369098,,,,,,SWOT_L2_HR_RiverSP_Reach_009_001_EU_20240104T041219_20240104T041222_PIC0_01.zip,river,
21500900335,no_data,Fiume Magra,44.07842653,9.9655885,,,,,,SWOT_L2_HR_RiverSP_Reach_009_001_EU_20240104T041219_20240104T041222_PIC0_01.zip,river,
21500900344,no_data,Fiume Magra,44.10398535,9.9379287,,,,,,SWOT_L2_HR_RiverSP_Reach_009_001_EU_20240104T041219_20240104T041222_PIC0_01.zip,river,
21500900355,no_data,Fiume Magra,44.12143652,9.9276433,,,,,,SWOT_L2_HR_RiverSP_Reach_009_001_EU_20240104T041219_20240104T041222_PIC0_01.zip,river,
21500900364,no_data,Fiume Magra,44.13142931,9.9138465,,,,,,SWOT_L2_HR_RiverSP_Reach_009_001_EU_20240104T041219_20240104T041222_PIC0_01.zip,river,
21500900375,no_data,Fiume Magra,44.13659356,9.9063001,,,,,,SWOT_L2_HR_RiverSP_Reach_009_001_EU_20240104T041219_20240104T041222_PIC0_01.zip,river,
21500900384,no_data,Fiume Magra,44.14283943,9.8981002,,,,,,SWOT_L2_HR_RiverSP_Reach_009_001_EU_20240104T041219_20240104T041222_PIC0_01.zip,river,
21500900395,no_data,Fiume Magra,44.15012927,9.8899941,,,,,,SWOT_L2_HR_RiverSP_Reach_009_001_EU_20240104T041219_20240104T041222_PIC0_01.zip,river,
21500900404,no_data,Fiume Magra,44.15876878,9.8931723,,,,,,SWOT_L2_HR_RiverSP_Reach_009_001_EU_20240104T041219_20240104T041222_PIC0_01.zip,river,
21500900414,no_data,Fiume Magra,44.16226318,9.8974438,,,,,,SWOT_L2_HR_RiverSP_Reach_009_001_EU_20240104T041219_20240104T041222_PIC0_01.zip,river,
21500900425,2024-01-04T04:13:10Z,Fiume Magra,44.16616482,9.9066061,21.7741,87.08627,0.00365679131,,,SWOT_L2_HR_RiverSP_Reach_009_001_EU_20240104T041219_20240104T041222_PIC0_01.zip,river,2024-01-04 04:13:10+00:00
21500900434,2024-01-04T04:13:10Z,Fiume Magra,44.16995794,9.9183815,25.7651,94.924595,0.00502610388,,,SWOT_L2_HR_RiverSP_Reach_009_001_EU_20240104T041219_20240104T041222_PIC0_01.zip,river,2024-01-04 04:13:10+00:00
21500900444,2024-01-04T04:13:10Z,Fiume Magra,44.17257832,9.9248018,,112.648261,,,,SWOT_L2_HR_RiverSP_Reach_009_001_EU_20240104T041219_20240104T041222_PIC0_01.zip,river,2024-01-04 04:13:10+00:00
21500900455,2024-01-04T04:13:11Z,Fiume Magra,44.1887648,9.9372759,38.6699,39.054388,0.00311669505,,,SWOT_L2_HR_RiverSP_Reach_009_001_EU_20240104T041219_20240104T041222_PIC0_01.zip,river,2024-01-04 04:13:11+00:00
21404000011,2024-01-11T13:16:12Z,Adige,45.13669319,11.9340853,2.7861,65.97713,0.00016869813,,,SWOT_L2_HR_RiverSP_Reach_009_208_EU_20240111T131348_20240111T131350_PIC0_01.zip,river,2024-01-11 13:16:12+00:00
21404000021,2024-01-11T13:16:12Z,Adige,45.1152242,11.8085946,4.0865,77.282913,9.191646e-05,,,SWOT_L2_HR_RiverSP_Reach_009_208_EU_20240111T131348_20240111T131350_PIC0_01.zip,river,2024-01-11 13:16:12+00:00
21404000031,2024-01-11T13:16:12Z,Adige,45.10291143,11.6839963,6.2891,79.309031,0.00025060126,,,SWOT_L2_HR_RiverSP_Reach_009_208_EU_20240111T131348_20240111T131350_PIC0_01.zip,river,2024-01-11 13:16:12+00:00
21404000041,2024-01-11T13:16:12Z,Adige,45.11467588,11.5378009,8.9462,73.475236,0.00017624104,,,SWOT_L2_HR_RiverSP_Reach_009_208_EU_20240111T131348_20240111T131350_PIC0_01.zip,river,2024-01-11 13:16:12+00:00
21404000425,no_data,Adige; Fiume Adige,45.11811217,12.169194,,,,,,SWOT_L2_HR_RiverSP_Reach_009_208_EU_20240111T131348_20240111T131350_PIC0_01.zip,river,
21404000435,2024-01-11T13:16:12Z,Adige,45.13738683,12.0558708,0.6412,44.356902,0.00030143758,,,SWOT_L2_HR_RiverSP_Reach_009_208_EU_20240111T131348_20240111T131350_PIC0_01.zip,river,2024-01-11 13:16:12+00:00
21406100011,2024-01-11T13:16:21Z,no_data,44.97788826,11.9055543,1.7147,336.595275,4.09606e-05,,,SWOT_L2_HR_RiverSP_Reach_009_208_EU_20240111T131348_20240111T131350_PIC0_01.zip,river,2024-01-11 13:16:21+00:00
21406100021,2024-01-11T13:16:21Z,Po,44.94767275,11.7511479,2.4508,326.331129,6.554791e-05,,,SWOT_L2_HR_RiverSP_Reach_009_208_EU_20240111T131348_20240111T131350_PIC0_01.zip,river,2024-01-11 13:16:21+00:00
21406100031,2024-01-11T13:16:21Z,Po,44.89965067,11.6362292,3.3421,382.150164,8.708328e-05,,,SWOT_L2_HR_RiverSP_Reach_009_208_EU_20240111T131348_20240111T131350_PIC0_01.zip,river,2024-01-11 13:16:21+00:00
21406100041,2024-01-11T13:16:21Z,Po,44.92732847,11.5407952,4.3747,482.04636,0.00010066526,,,SWOT_L2_HR_RiverSP_Reach_009_208_EU_20240111T131348_20240111T131350_PIC0_01.zip,river,2024-01-11 13:16:21+00:00
21406100051,2024-01-11T13:16:12Z,Po,44.95362753,11.4200067,5.6553,512.95246,0.00010609464,,,SWOT_L2_HR_RiverSP_Reach_009_208_EU_20240111T131348_20240111T131350_PIC0_01.zip,river,2024-01-11 13:16:12+00:00
21406100061,2024-01-11T13:16:12Z,Po,45.00951862,11.3007475,6.9042,239.812558,9.847203e-05,,,SWOT_L2_HR_RiverSP_Reach_009_208_EU_20240111T131348_20240111T131350_PIC0_01.zip,river,2024-01-11 13:16:12+00:00
21406100071,2024-01-11T13:16:12Z,Po,45.05059331,11.2359852,7.9638,206.598982,9.900004e-05,,,SWOT_L2_HR_RiverSP_Reach_009_208_EU_20240111T131348_20240111T131350_PIC0_01.zip,river,2024-01-11 13:16:12+00:00
21406100081,2024-01-11T13:16:12Z,Po,45.0526046,11.0864648,9.5746,364.023946,0.00010673846,,,SWOT_L2_HR_RiverSP_Reach_009_208_EU_20240111T131348_20240111T131350_PIC0_01.zip,river,2024-01-11 13:16:12+00:00
21406100091,2024-01-11T13:16:12Z,Fiume Mincio; Po,45.10017596,10.9113497,12.9449,62.432517,0.00017191459,,,SWOT_L2_HR_RiverSP_Reach_009_208_EU_20240111T131348_20240111T131350_PIC0_01.zip,river,2024-01-11 13:16:12+00:00
21406100101,2024-01-11T13:16:12Z,Po,45.06440534,10.9221059,11.3734,321.871294,0.00011190779,,,SWOT_L2_HR_RiverSP_Reach_009_208_EU_20240111T131348_20240111T131350_PIC0_01.zip,river,2024-01-11 13:16:12+00:00
21406100111,2024-01-11T13:16:12Z,Po,45.04625504,10.768001,13.3532,299.855345,0.00013385935,,,SWOT_L2_HR_RiverSP_Reach_009_208_EU_20240111T131348_20240111T131350_PIC0_01.zip,river,2024-01-11 13:16:12+00:00
21406100123,2024-01-11T13:16:11Z,Fiume Mincio,45.14246728,10.8162187,13.5449,,,,,SWOT_L2_HR_RiverSP_Reach_009_208_EU_20240111T131348_20240111T131350_PIC0_01.zip,river,2024-01-11 13:16:11+00:00
21406100285,no_data,Po di Venezia,44.97907136,12.2580871,,,,,,SWOT_L2_HR_RiverSP_Reach_009_208_EU_20240111T131348_20240111T131350_PIC0_01.zip,river,
21406100295,no_data,Po di Venezia,45.02022837,12.1647155,,,,,,SWOT_L2_HR_RiverSP_Reach_009_208_EU_20240111T131348_20240111T131350_PIC0_01.zip,river,
21406100305,2024-01-11T13:16:21Z,Po di Venezia,44.99976903,12.0782068,1.0744,368.908507,4.63667e-05,,,SWOT_L2_HR_RiverSP_Reach_009_208_EU_20240111T131348_20240111T131350_PIC0_01.zip,river,2024-01-11 13:16:21+00:00
21406100315,2024-01-11T13:16:21Z,Po,44.97645748,12.0255272,1.3347,379.728384,4.630112e-05,,,SWOT_L2_HR_RiverSP_Reach_009_208_EU_20240111T131348_20240111T131350_PIC0_01.zip,river,2024-01-11 13:16:21+00:00
21406200011,2024-01-11T13:16:11Z,Po,45.06313602,10.6021879,17.1006,54.846531,0.00024109425,,,SWOT_L2_HR_RiverSP_Reach_009_208_EU_20240111T131348_20240111T131350_PIC0_01.zip,river,2024-01-11 13:16:11+00:00
21406200021,2024-01-11T13:16:11Z,Fiume Oglio,45.12874321,10.5044278,20.2734,21.80711,0.00021592439,,,SWOT_L2_HR_RiverSP_Reach_009_208_EU_20240111T131348_20240111T131350_PIC0_01.zip,river,2024-01-11 13:16:11+00:00
21406300011,2024-01-11T13:16:12Z,Po,45.00223735,10.6801087,15.47,292.051909,0.00013276465,,,SWOT_L2_HR_RiverSP_Reach_009_208_EU_20240111T131348_20240111T131350_PIC0_01.zip,river,2024-01-11 13:16:12+00:00
21406300021,2024-01-11T13:16:12Z,Po,44.92496107,10.6126319,16.9362,214.623419,0.00013877655,,,SWOT_L2_HR_RiverSP_Reach_009_208_EU_20240111T131348_20240111T131350_PIC0_01.zip,river,2024-01-11 13:16:12+00:00
21406300031,2024-01-11T13:16:12Z,Parma; Po,44.92391702,10.4975482,18.4372,207.204503,0.00012264356,,,SWOT_L2_HR_RiverSP_Reach_009_208_EU_20240111T131348_20240111T131350_PIC0_01.zip,river,2024-01-11 13:16:12+00:00
21406300041,2024-01-11T13:16:12Z,Parma,44.96698609,10.4153531,19.8802,231.44579,0.00020203869,,,SWOT_L2_HR_RiverSP_Reach_009_208_EU_20240111T131348_20240111T131350_PIC0_01.zip,river,2024-01-11 13:16:12+00:00
21406300051,2024-01-11T13:16:12Z,Parma; Po,44.98238586,10.3257584,22.98,154.261151,0.00166540299,,,SWOT_L2_HR_RiverSP_Reach_009_208_EU_20240111T131348_20240111T131350_PIC0_01.zip,river,2024-01-11 13:16:12+00:00
21406300061,no_data,Po,45.0255784,10.1966661,,,,,,SWOT_L2_HR_RiverSP_Reach_009_208_EU_20240111T131348_20240111T131350_PIC0_01.zip,river,
21407000035,no_data,Po di Goro,44.88212683,12.2910628,,,,,,SWOT_L2_HR_RiverSP_Reach_009_208_EU_20240111T131348_20240111T131350_PIC0_01.zip,river,
21407000045,no_data,Po di Goro,44.93225211,12.2569541,,,,,,SWOT_L2_HR_RiverSP_Reach_009_208_EU_20240111T131348_20240111T131350_PIC0_01.zip,river,
21407000055,2024-01-11T13:16:21Z,Po di Goro,44.94808193,12.128055,0.6185,32.750233,8.014772e-05,,,SWOT_L2_HR_RiverSP_Reach_009_208_EU_20240111T131348_20240111T131350_PIC0_01.zip,river,2024-01-11 13:16:21+00:00
21500800061,2024-01-11T13:16:32Z,Fiume Arno,43.70436492,10.7839405,7.9014,43.736396,0.00033241893,,,SWOT_L2_HR_RiverSP_Reach_009_208_EU_20240111T131348_20240111T131350_PIC0_01.zip,river,2024-01-11 13:16:32+00:00
21500800074,2024-01-11T13:16:32Z,Fiume Arno,43.71763156,10.8700497,,8.18544,,,,SWOT_L2_HR_RiverSP_Reach_009_208_EU_20240111T131348_20240111T131350_PIC0_01.zip,river,2024-01-11 13:16:32+00:00
21500800081,2024-01-11T13:16:32Z,Fiume Arno,43.72780079,10.8953951,12.7946,37.336473,0.00023776417,,,SWOT_L2_HR_RiverSP_Reach_009_208_EU_20240111T131348_20240111T131350_PIC0_01.zip,river,2024-01-11 13:16:32+00:00
21500800094,2024-01-11T13:16:32Z,Fiume Arno,43.72897311,10.9212468,,75.985571,,,,SWOT_L2_HR_RiverSP_Reach_009_208_EU_20240111T131348_20240111T131350_PIC0_01.zip,river,2024-01-11 13:16:32+00:00
21500800101,2024-01-11T13:16:32Z,Fiume Arno,43.72609497,10.9424002,14.5778,17.895009,-0.0001475619,,,SWOT_L2_HR_RiverSP_Reach_009_208_EU_20240111T131348_20240111T131350_PIC0_01.zip,river,2024-01-11 13:16:32+00:00
21500800114,2024-01-11T13:16:32Z,Fiume Arno,43.73395613,10.9629417,,65.333973,,,,SWOT_L2_HR_RiverSP_Reach_009_208_EU_20240111T131348_20240111T131350_PIC0_01.zip,river,2024-01-11 13:16:32+00:00
21500800121,2024-01-11T13:16:32Z,Fiume Arno,43.739528,10.9815185,17.4388,35.514746,1.766524e-05,,,SWOT_L2_HR_RiverSP_Reach_009_208_EU_20240111T131348_20240111T131350_PIC0_01.zip,river,2024-01-11 13:16:32+00:00
21500800134,2024-01-11T13:16:32Z,Fiume Arno,43.73552158,10.9998728,,33.357135,,,,SWOT_L2_HR_RiverSP_Reach_009_208_EU_20240111T131348_20240111T131350_PIC0_01.zip,river,2024-01-11 13:16:32+00:00
21500800141,2024-01-11T13:16:32Z,Fiume Arno,43.74768721,11.0244481,21.3172,51.334723,0.00050371246,,,SWOT_L2_HR_RiverSP_Reach_009_208_EU_20240111T131348_20240111T131350_PIC0_01.zip,river,2024-01-11 13:16:32+00:00
21500800154,2024-01-11T13:16:32Z,Fiume Arno,43.76627758,11.0424554,,61.015653,,,,SWOT_L2_HR_RiverSP_Reach_009_208_EU_20240111T131348_20240111T131350_PIC0_01.zip,river,2024-01-11 13:16:32+00:00
21500800161,2024-01-11T13:16:32Z,Fiume Arno,43.77826116,11.1119621,27.4781,34.954894,0.00011551565,,,SWOT_L2_HR_RiverSP_Reach_009_208_EU_20240111T131348_20240111T131350_PIC0_01.zip,river,2024-01-11 13:16:32+00:00
21500800174,2024-01-11T13:16:32Z,Fiume Arno,43.78926005,11.1968555,,48.573187,,,,SWOT_L2_HR_RiverSP_Reach_009_208_EU_20240111T131348_20240111T131350_PIC0_01.zip,river,2024-01-11 13:16:32+00:00
21500800181,2024-01-11T13:16:32Z,Fiume Arno,43.7853558,11.2058467,28.4678,36.194306,-0.0001560294,,,SWOT_L2_HR_RiverSP_Reach_009_208_EU_20240111T131348_20240111T131350_PIC0_01.zip,river,2024-01-11 13:16:32+00:00
21500800194,2024-01-11T13:16:32Z,Fiume Arno,43.78123761,11.2146427,,41.085865,,,,SWOT_L2_HR_RiverSP_Reach_009_208_EU_20240111T131348_20240111T131350_PIC0_01.zip,river,2024-01-11 13:16:32+00:00
21500800201,2024-01-11T13:16:32Z,Fiume Arno,43.7758682,11.2295414,36.2613,29.220898,0.00015792578,,,SWOT_L2_HR_RiverSP_Reach_009_208_EU_20240111T131348_20240111T131350_PIC0_01.zip,river,2024-01-11 13:16:32+00:00
21500800214,2024-01-11T13:16:32Z,Fiume Arno,43.7710951,11.2443983,,109.722373,,,,SWOT_L2_HR_RiverSP_Reach_009_208_EU_20240111T131348_20240111T131350_PIC0_01.zip,river,2024-01-11 13:16:32+00:00
21500800221,2024-01-11T13:16:32Z,Fiume Arno,43.76715202,11.2554943,41.5031,48.41288,0.00029175467,,,SWOT_L2_HR_RiverSP_Reach_009_208_EU_20240111T131348_20240111T131350_PIC0_01.zip,river,2024-01-11 13:16:32+00:00
21500800234,2024-01-11T13:16:32Z,Fiume Arno,43.76500389,11.2673403,,177.153723,,,,SWOT_L2_HR_RiverSP_Reach_009_208_EU_20240111T131348_20240111T131350_PIC0_01.zip,river,2024-01-11 13:16:32+00:00
21500800241,2024-01-11T13:16:32Z,Fiume Arno,43.76412125,11.2917186,45.2626,88.883065,0.0001559336,,,SWOT_L2_HR_RiverSP_Reach_009_208_EU_20240111T131348_20240111T131350_PIC0_01.zip,river,2024-01-11 13:16:32+00:00
21500800254,2024-01-11T13:16:32Z,Fiume Arno,43.76234794,11.3160621,,124.457737,,,,SWOT_L2_HR_RiverSP_Reach_009_208_EU_20240111T131348_20240111T131350_PIC0_01.zip,river,2024-01-11 13:16:32+00:00
21500800264,2024-01-11T13:16:32Z,Fiume Arno,43.76456329,11.3232663,52.067,150.202103,0.00329507457,,,SWOT_L2_HR_RiverSP_Reach_009_208_EU_20240111T131348_20240111T131350_PIC0_01.zip,river,2024-01-11 13:16:32+00:00
21500800274,2024-01-11T13:16:32Z,Fiume Arno,43.76832184,11.331508,53.9873,153.531915,0.0002169781,,,SWOT_L2_HR_RiverSP_Reach_009_208_EU_20240111T131348_20240111T131350_PIC0_01.zip,river,2024-01-11 13:16:32+00:00
21500800284,2024-01-11T13:16:32Z,Fiume Arno,43.76530457,11.337519,54.7241,136.948683,0.00263933184,,,SWOT_L2_HR_RiverSP_Reach_009_208_EU_20240111T131348_20240111T131350_PIC0_01.zip,river,2024-01-11 13:16:32+00:00
21500800301,2024-01-11T13:16:32Z,Fiume Arno,43.77298059,11.3559331,57.1604,78.662887,0.0005514446,,,SWOT_L2_HR_RiverSP_Reach_009_208_EU_20240111T131348_20240111T131350_PIC0_01.zip,river,2024-01-11 13:16:32+00:00
21500800314,2024-01-11T13:16:32Z,Fiume Arno,43.78146667,11.3605945,,167.541722,,,,SWOT_L2_HR_RiverSP_Reach_009_208_EU_20240111T131348_20240111T131350_PIC0_01.zip,river,2024-01-11 13:16:32+00:00
21500800324,2024-01-11T13:16:32Z,Fiume Arno,43.78330118,11.3692522,63.4862,67.546743,0.00194569933,,,SWOT_L2_HR_RiverSP_Reach_009_208_EU_20240111T131348_20240111T131350_PIC0_01.zip,river,2024-01-11 13:16:32+00:00
21500800331,2024-01-11T13:16:32Z,Fiume Arno,43.78712321,11.3824156,65.7933,89.546669,1.269178e-05,,,SWOT_L2_HR_RiverSP_Reach_009_208_EU_20240111T131348_20240111T131350_PIC0_01.zip,river,2024-01-11 13:16:32+00:00
21500800344,2024-01-11T13:16:32Z,Fiume Arno,43.79152438,11.3885935,,227.498086,,,,SWOT_L2_HR_RiverSP_Reach_009_208_EU_20240111T131348_20240111T131350_PIC0_01.zip,river,2024-01-11 13:16:32+00:00
21500800351,2024-01-11T13:16:32Z,Fiume Arno,43.75962957,11.4430708,81.7272,55.737778,0.00258522065,,,SWOT_L2_HR_RiverSP_Reach_009_208_EU_20240111T131348_20240111T131350_PIC0_01.zip,river,2024-01-11 13:16:32+00:00
21500800364,2024-01-11T13:16:41Z,Fiume Arno,43.72136726,11.4558202,,46.109899,,,,SWOT_L2_HR_RiverSP_Reach_009_208_EU_20240111T131348_20240111T131350_PIC0_01.zip,river,2024-01-11 13:16:41+00:00
21406500041,no_data,Po,45.07148237,9.704767,,,,,,SWOT_L2_HR_RiverSP_Reach_009_236_EU_20240112T131426_20240112T131431_PIC0_01.zip,river,
21406500051,2024-01-12T13:16:43Z,Po,45.11288369,9.6007179,44.5431,261.14114,0.00020046032,,,SWOT_L2_HR_RiverSP_Reach_009_236_EU_20240112T131426_20240112T131431_PIC0_01.zip,river,2024-01-12 13:16:43+00:00
21406500061,2024-01-12T13:16:43Z,Po,45.09545589,9.4901032,47.3799,280.845728,0.00012474834,,,SWOT_L2_HR_RiverSP_Reach_009_236_EU_20240112T131426_20240112T131431_PIC0_01.zip,river,2024-01-12 13:16:43+00:00
21406500071,2024-01-12T13:16:43Z,Po,45.11737939,9.3109347,50.9114,350.613922,0.00024932781,,,SWOT_L2_HR_RiverSP_Reach_009_236_EU_20240112T131426_20240112T131431_PIC0_01.zip,river,2024-01-12 13:16:43+00:00
21406700011,2024-01-12T13:16:43Z,Po,45.12538309,9.1596345,53.8561,272.580608,0.00022080139,,,SWOT_L2_HR_RiverSP_Reach_009_236_EU_20240112T131426_20240112T131431_PIC0_01.zip,river,2024-01-12 13:16:43+00:00
21404000021,no_data,Adige,45.1152242,11.8085946,,,,,,SWOT_L2_HR_RiverSP_Reach_009_279_EU_20240114T023350_20240114T023358_PIC0_01.zip,river,
21404000031,no_data,Adige,45.10291143,11.6839963,,19.162167,,,,SWOT_L2_HR_RiverSP_Reach_009_279_EU_20240114T023350_20240114T023358_PIC0_01.zip,river,
21404000041,2024-01-14T02:35:29Z,Adige,45.11467588,11.5378009,6.5725,61.689661,9.109673e-05,,,SWOT_L2_HR_RiverSP_Reach_009_279_EU_20240114T023350_20240114T023358_PIC0_01.zip,river,2024-01-14 02:35:29+00:00
21406100031,no_data,Po,44.89965067,11.6362292,,,,,,SWOT_L2_HR_RiverSP_Reach_009_279_EU_20240114T023350_20240114T023358_PIC0_01.zip,river,
21406100041,2024-01-14T02:35:29Z,Po,44.92732847,11.5407952,3.201,456.753445,0.00010450845,,,SWOT_L2_HR_RiverSP_Reach_009_279_EU_20240114T023350_20240114T023358_PIC0_01.zip,river,2024-01-14 02:35:29+00:00
21406100051,2024-01-14T02:35:29Z,Po,44.95362753,11.4200067,4.7432,421.063394,0.00012180161,,,SWOT_L2_HR_RiverSP_Reach_009_279_EU_20240114T023350_20240114T023358_PIC0_01.zip,river,2024-01-14 02:35:29+00:00
21406100061,2024-01-14T02:35:29Z,Po,45.00951862,11.3007475,6.0948,357.758915,6.28631e-05,,,SWOT_L2_HR_RiverSP_Reach_009_279_EU_20240114T023350_20240114T023358_PIC0_01.zip,river,2024-01-14 02:35:29+00:00
21406100071,2024-01-14T02:35:29Z,Po,45.05059331,11.2359852,7.1066,340.712728,0.00015169192,,,SWOT_L2_HR_RiverSP_Reach_009_279_EU_20240114T023350_20240114T023358_PIC0_01.zip,river,2024-01-14 02:35:29+00:00
21406100081,2024-01-14T02:35:29Z,Po,45.0526046,11.0864648,8.8238,346.58715,0.00011283206,,,SWOT_L2_HR_RiverSP_Reach_009_279_EU_20240114T023350_20240114T023358_PIC0_01.zip,river,2024-01-14 02:35:29+00:00
21406100091,2024-01-14T02:35:29Z,Fiume Mincio; Po,45.10017596,10.9113497,12.1727,72.058637,0.00022012515,,,SWOT_L2_HR_RiverSP_Reach_009_279_EU_20240114T023350_20240114T023358_PIC0_01.zip,river,2024-01-14 02:35:29+00:00
21406100101,2024-01-14T02:35:29Z,Po,45.06440534,10.9221059,10.9016,350.814962,0.00011464495,,,SWOT_L2_HR_RiverSP_Reach_009_279_EU_20240114T023350_20240114T023358_PIC0_01.zip,river,2024-01-14 02:35:29+00:00
21406100111,2024-01-14T02:35:29Z,Po,45.04625504,10.768001,12.6251,304.113635,0.0001842003,,,SWOT_L2_HR_RiverSP_Reach_009_279_EU_20240114T023350_20240114T023358_PIC0_01.zip,river,2024-01-14 02:35:29+00:00
21406100123,2024-01-14T02:35:29Z,Fiume Mincio,45.14246728,10.8162187,13.6258,,,,,SWOT_L2_HR_RiverSP_Reach_009_279_EU_20240114T023350_20240114T023358_PIC0_01.zip,river,2024-01-14 02:35:29+00:00
21406200011,2024-01-14T02:35:29Z,Po,45.06313602,10.6021879,17.0632,95.413958,0.00026433984,,,SWOT_L2_HR_RiverSP_Reach_009_279_EU_20240114T023350_20240114T023358_PIC0_01.zip,river,2024-01-14 02:35:29+00:00
21406200021,2024-01-14T02:35:29Z,Fiume Oglio,45.12874321,10.5044278,20.5663,71.881077,0.00023457351,,,SWOT_L2_HR_RiverSP_Reach_009_279_EU_20240114T023350_20240114T023358_PIC0_01.zip,river,2024-01-14 02:35:29+00:00
21406300011,no_data,Po,45.00223735,10.6801087,,,,,,SWOT_L2_HR_RiverSP_Reach_009_279_EU_20240114T023350_20240114T023358_PIC0_01.zip,river,
21406300021,2024-01-14T02:35:28Z,Po,44.92496107,10.6126319,16.8316,24.855201,0.00016315656,,,SWOT_L2_HR_RiverSP_Reach_009_279_EU_20240114T023350_20240114T023358_PIC0_01.zip,river,2024-01-14 02:35:28+00:00
21406300031,2024-01-14T02:35:28Z,Parma; Po,44.92391702,10.4975482,18.3411,214.97467,0.00013837289,,,SWOT_L2_HR_RiverSP_Reach_009_279_EU_20240114T023350_20240114T023358_PIC0_01.zip,river,2024-01-14 02:35:28+00:00
21406300041,2024-01-14T02:35:29Z,Parma,44.96698609,10.4153531,19.8207,271.419947,0.00016868156,,,SWOT_L2_HR_RiverSP_Reach_009_279_EU_20240114T023350_20240114T023358_PIC0_01.zip,river,2024-01-14 02:35:29+00:00
21406300051,2024-01-14T02:35:29Z,Parma; Po,44.98238586,10.3257584,22.4183,215.594976,0.00033072024,,,SWOT_L2_HR_RiverSP_Reach_009_279_EU_20240114T023350_20240114T023358_PIC0_01.zip,river,2024-01-14 02:35:29+00:00
21406300061,2024-01-14T02:35:29Z,Po,45.0255784,10.1966661,26.4413,194.090051,0.00015052865,,,SWOT_L2_HR_RiverSP_Reach_009_279_EU_20240114T023350_20240114T023358_PIC0_01.zip,river,2024-01-14 02:35:29+00:00
21406300071,2024-01-14T02:35:29Z,Po,45.04383353,10.0629096,26.4596,227.739693,-9.04871e-05,,,SWOT_L2_HR_RiverSP_Reach_009_279_EU_20240114T023350_20240114T023358_PIC0_01.zip,river,2024-01-14 02:35:29+00:00
21406300081,2024-01-14T02:35:29Z,Po,45.11338408,10.0010764,27.7543,186.287217,0.00015044741,,,SWOT_L2_HR_RiverSP_Reach_009_279_EU_20240114T023350_20240114T023358_PIC0_01.zip,river,2024-01-14 02:35:29+00:00
21406300091,2024-01-14T02:35:29Z,Po,45.10509326,9.9334895,28.072,122.108099,0.00080817874,,,SWOT_L2_HR_RiverSP_Reach_009_279_EU_20240114T023350_20240114T023358_PIC0_01.zip,river,2024-01-14 02:35:29+00:00
21406300111,2024-01-14T02:35:29Z,Po,45.12967127,9.9212745,27.5356,153.093608,-3.40898e-05,,,SWOT_L2_HR_RiverSP_Reach_009_279_EU_20240114T023350_20240114T023358_PIC0_01.zip,river,2024-01-14 02:35:29+00:00
21406400014,no_data,Adda,45.13676214,9.8763325,,85.489484,,,,SWOT_L2_HR_RiverSP_Reach_009_279_EU_20240114T023350_20240114T023358_PIC0_01.zip,river,
21406500011,2024-01-14T02:35:29Z,Adda; Po,45.11288469,9.8866488,26.3012,151.867737,0.00256210058,,,SWOT_L2_HR_RiverSP_Reach_009_279_EU_20240114T023350_20240114T023358_PIC0_01.zip,river,2024-01-14 02:35:29+00:00
21406500021,2024-01-14T02:35:29Z,Po,45.08313086,9.8584456,37.0714,281.849278,-0.0008639161,,,SWOT_L2_HR_RiverSP_Reach_009_279_EU_20240114T023350_20240114T023358_PIC0_01.zip,river,2024-01-14 02:35:29+00:00
21406500031,no_data,Po,45.08910017,9.7847586,,,,,,SWOT_L2_HR_RiverSP_Reach_009_279_EU_20240114T023350_20240114T023358_PIC0_01.zip,river,
21406500041,no_data,Po,45.07148237,9.704767,,,,,,SWOT_L2_HR_RiverSP_Reach_009_279_EU_20240114T023350_20240114T023358_PIC0_01.zip,river,
21406500104,2024-01-14T02:35:29Z,Po,45.09264137,9.9046467,,91.317628,,,,SWOT_L2_HR_RiverSP_Reach_009_279_EU_20240114T023350_20240114T023358_PIC0_01.zip,river,2024-01-14 02:35:29+00:00
21500800021,2024-01-14T02:35:16Z,Fiume Arno,43.7081277,10.4445051,-0.3543,37.104117,-5.93354e-05,,,SWOT_L2_HR_RiverSP_Reach_009_279_EU_20240114T023350_20240114T023358_PIC0_01.zip,river,2024-01-14 02:35:16+00:00
21500800061,2024-01-14T02:35:16Z,Fiume Arno,43.70436492,10.7839405,16.0363,7.41743,-0.0004591552,,,SWOT_L2_HR_RiverSP_Reach_009_279_EU_20240114T023350_20240114T023358_PIC0_01.zip,river,2024-01-14 02:35:16+00:00
21500800074,2024-01-14T02:35:16Z,Fiume Arno,43.71763156,10.8700497,,47.070099,,,,SWOT_L2_HR_RiverSP_Reach_009_279_EU_20240114T023350_20240114T023358_PIC0_01.zip,river,2024-01-14 02:35:16+00:00
21500800081,2024-01-14T02:35:16Z,Fiume Arno,43.72780079,10.8953951,16.2481,5.006419,0.00119853956,,,SWOT_L2_HR_RiverSP_Reach_009_279_EU_20240114T023350_20240114T023358_PIC0_01.zip,river,2024-01-14 02:35:16+00:00
21500800094,2024-01-14T02:35:16Z,Fiume Arno,43.72897311,10.9212468,,38.448071,,,,SWOT_L2_HR_RiverSP_Reach_009_279_EU_20240114T023350_20240114T023358_PIC0_01.zip,river,2024-01-14 02:35:16+00:00
21500800101,2024-01-14T02:35:16Z,Fiume Arno,43.72609497,10.9424002,21.3305,11.656837,-0.0042033358,,,SWOT_L2_HR_RiverSP_Reach_009_279_EU_20240114T023350_20240114T023358_PIC0_01.zip,river,2024-01-14 02:35:16+00:00
21500800114,2024-01-14T02:35:16Z,Fiume Arno,43.73395613,10.9629417,,39.228018,,,,SWOT_L2_HR_RiverSP_Reach_009_279_EU_20240114T023350_20240114T023358_PIC0_01.zip,river,2024-01-14 02:35:16+00:00
21500800121,2024-01-14T02:35:17Z,Fiume Arno,43.739528,10.9815185,17.6162,15.091133,-0.001899155,,,SWOT_L2_HR_RiverSP_Reach_009_279_EU_20240114T023350_20240114T023358_PIC0_01.zip,river,2024-01-14 02:35:17+00:00
21500800134,2024-01-14T02:35:16Z,Fiume Arno,43.73552158,10.9998728,,14.618707,,,,SWOT_L2_HR_RiverSP_Reach_009_279_EU_20240114T023350_20240114T023358_PIC0_01.zip,river,2024-01-14 02:35:16+00:00
21500800141,2024-01-14T02:35:17Z,Fiume Arno,43.74768721,11.0244481,21.7929,9.893147,0.00045692478,,,SWOT_L2_HR_RiverSP_Reach_009_279_EU_20240114T023350_20240114T023358_PIC0_01.zip,river,2024-01-14 02:35:17+00:00
21500800154,2024-01-14T02:35:17Z,Fiume Arno,43.76627758,11.0424554,,28.910596,,,,SWOT_L2_HR_RiverSP_Reach_009_279_EU_20240114T023350_20240114T023358_PIC0_01.zip,river,2024-01-14 02:35:17+00:00
21500800161,2024-01-14T02:35:17Z,Fiume Arno,43.77826116,11.1119621,30.1509,6.320839,-0.0004720399,,,SWOT_L2_HR_RiverSP_Reach_009_279_EU_20240114T023350_20240114T023358_PIC0_01.zip,river,2024-01-14 02:35:17+00:00
21500800174,no_data,Fiume Arno,43.78926005,11.1968555,,,,,,SWOT_L2_HR_RiverSP_Reach_009_279_EU_20240114T023350_20240114T023358_PIC0_01.zip,river,
21500800181,no_data,Fiume Arno,43.7853558,11.2058467,,,,,,SWOT_L2_HR_RiverSP_Reach_009_279_EU_20240114T023350_20240114T023358_PIC0_01.zip,river,
21500800194,no_data,Fiume Arno,43.78123761,11.2146427,,,,,,SWOT_L2_HR_RiverSP_Reach_009_279_EU_20240114T023350_20240114T023358_PIC0_01.zip,river,
21500800201,no_data,Fiume Arno,43.7758682,11.2295414,,,,,,SWOT_L2_HR_RiverSP_Reach_009_279_EU_20240114T023350_20240114T023358_PIC0_01.zip,river,
21500800214,no_data,Fiume Arno,43.7710951,11.2443983,,,,,,SWOT_L2_HR_RiverSP_Reach_009_279_EU_20240114T023350_20240114T023358_PIC0_01.zip,river,
21500800221,no_data,Fiume Arno,43.76715202,11.2554943,,,,,,SWOT_L2_HR_RiverSP_Reach_009_279_EU_20240114T023350_20240114T023358_PIC0_01.zip,river,
21500800234,no_data,Fiume Arno,43.76500389,11.2673403,,,,,,SWOT_L2_HR_RiverSP_Reach_009_279_EU_20240114T023350_20240114T023358_PIC0_01.zip,river,
21500800241,no_data,Fiume Arno,43.76412125,11.2917186,,,,,,SWOT_L2_HR_RiverSP_Reach_009_279_EU_20240114T023350_20240114T023358_PIC0_01.zip,river,
21500900013,2024-01-14T02:35:16Z,Serchio,43.76238147,10.3226477,-3.5524,357.585229,-7.18431e-05,,,SWOT_L2_HR_RiverSP_Reach_009_279_EU_20240114T023350_20240114T023358_PIC0_01.zip,river,2024-01-14 02:35:16+00:00
21500900021,2024-01-14T02:35:16Z,Serchio,43.78117023,10.399042,,12.936484,,,,SWOT_L2_HR_RiverSP_Reach_009_279_EU_20240114T023350_20240114T023358_PIC0_01.zip,river,2024-01-14 02:35:16+00:00
21500900034,2024-01-14T02:35:16Z,Serchio,43.78946261,10.4164431,,114.739119,,,,SWOT_L2_HR_RiverSP_Reach_009_279_EU_20240114T023350_20240114T023358_PIC0_01.zip,river,2024-01-14 02:35:16+00:00
21500900041,2024-01-14T02:35:16Z,Serchio,43.8036516,10.4063306,2.9346,179.724969,0.00221508955,,,SWOT_L2_HR_RiverSP_Reach_009_279_EU_20240114T023350_20240114T023358_PIC0_01.zip,river,2024-01-14 02:35:16+00:00
21500900064,2024-01-14T02:35:17Z,Fiume Magra,44.1080452,9.9369098,,155.51961,,,,SWOT_L2_HR_RiverSP_Reach_009_279_EU_20240114T023350_20240114T023358_PIC0_01.zip,river,2024-01-14 02:35:17+00:00
21500900184,2024-01-14T02:35:16Z,Serchio,43.8188553,10.4136918,,98.93532,,,,SWOT_L2_HR_RiverSP_Reach_009_279_EU_20240114T023350_20240114T023358_PIC0_01.zip,river,2024-01-14 02:35:16+00:00
21500900191,2024-01-14T02:35:17Z,Serchio,43.84327707,10.4415553,8.1668,67.391839,0.00096324236,,,SWOT_L2_HR_RiverSP_Reach_009_279_EU_20240114T023350_20240114T023358_PIC0_01.zip,river,2024-01-14 02:35:17+00:00
21500900204,2024-01-14T02:35:17Z,Serchio,43.8539327,10.476405,,60.665295,,,,SWOT_L2_HR_RiverSP_Reach_009_279_EU_20240114T023350_20240114T023358_PIC0_01.zip,river,2024-01-14 02:35:17+00:00
21500900211,2024-01-14T02:35:17Z,Serchio,43.8532787,10.4915647,27.7207,99.611665,0.00283756744,,,SWOT_L2_HR_RiverSP_Reach_009_279_EU_20240114T023350_20240114T023358_PIC0_01.zip,river,2024-01-14 02:35:17+00:00
21500900224,2024-01-14T02:35:17Z,Serchio,43.85677563,10.5059732,,21.607481,,,,SWOT_L2_HR_RiverSP_Reach_009_279_EU_20240114T023350_20240114T023358_PIC0_01.zip,river,2024-01-14 02:35:17+00:00
21500900231,2024-01-14T02:35:17Z,Serchio,43.88606154,10.5259476,25.6342,71.278028,0.00291373593,,,SWOT_L2_HR_RiverSP_Reach_009_279_EU_20240114T023350_20240114T023358_PIC0_01.zip,river,2024-01-14 02:35:17+00:00
21500900244,2024-01-14T02:35:17Z,Serchio,43.91649583,10.529312,,252.498307,,,,SWOT_L2_HR_RiverSP_Reach_009_279_EU_20240114T023350_20240114T023358_PIC0_01.zip,river,2024-01-14 02:35:17+00:00
21500900261,2024-01-14T02:35:17Z,Serchio,43.92488448,10.5296092,40.8714,17.018659,0.00011497946,,,SWOT_L2_HR_RiverSP_Reach_009_279_EU_20240114T023350_20240114T023358_PIC0_01.zip,river,2024-01-14 02:35:17+00:00
21500900274,2024-01-14T02:35:17Z,Serchio,43.92529227,10.5218935,,63.832028,,,,SWOT_L2_HR_RiverSP_Reach_009_279_EU_20240114T023350_20240114T023358_PIC0_01.zip,river,2024-01-14 02:35:17+00:00
21500900281,2024-01-14T02:35:17Z,Serchio,43.93088015,10.5087897,46.6094,61.521736,0.00326677966,,,SWOT_L2_HR_RiverSP_Reach_009_279_EU_20240114T023350_20240114T023358_PIC0_01.zip,river,2024-01-14 02:35:17+00:00
21500900294,2024-01-14T02:35:17Z,Serchio,43.93982305,10.5015469,,66.15023,,,,SWOT_L2_HR_RiverSP_Reach_009_279_EU_20240114T023350_20240114T023358_PIC0_01.zip,river,2024-01-14 02:35:17+00:00
21500900301,2024-01-14T02:35:17Z,Serchio,43.96338733,10.5238839,66.3784,45.304549,0.00398256499,,,SWOT_L2_HR_RiverSP_Reach_009_279_EU_20240114T023350_20240114T023358_PIC0_01.zip,river,2024-01-14 02:35:17+00:00
21500900314,2024-01-14T02:35:17Z,Serchio,43.98114573,10.5523043,,155.533567,,,,SWOT_L2_HR_RiverSP_Reach_009_279_EU_20240114T023350_20240114T023358_PIC0_01.zip,river,2024-01-14 02:35:17+00:00
21500900321,2024-01-14T02:35:17Z,Serchio,43.99085556,10.5533227,90.3692,67.636634,0.00057320101,,,SWOT_L2_HR_RiverSP_Reach_009_279_EU_20240114T023350_20240114T023358_PIC0_01.zip,river,2024-01-14 02:35:17+00:00
21500900335,2024-01-14T02:35:17Z,Fiume Magra,44.07842653,9.9655885,1.8826,153.993593,0.00038390346,,,SWOT_L2_HR_RiverSP_Reach_009_279_EU_20240114T023350_20240114T023358_PIC0_01.zip,river,2024-01-14 02:35:17+00:00
21500900344,2024-01-14T02:35:17Z,Fiume Magra,44.10398535,9.9379287,,146.209697,,,,SWOT_L2_HR_RiverSP_Reach_009_279_EU_20240114T023350_20240114T023358_PIC0_01.zip,river,2024-01-14 02:35:17+00:00
21500900355,2024-01-14T02:35:17Z,Fiume Magra,44.12143652,9.9276433,5.4235,61.521316,0.00111148576,,,SWOT_L2_HR_RiverSP_Reach_009_279_EU_20240114T023350_20240114T023358_PIC0_01.zip,river,2024-01-14 02:35:17+00:00
21500900364,2024-01-14T02:35:17Z,Fiume Magra,44.13142931,9.9138465,,153.962006,,,,SWOT_L2_HR_RiverSP_Reach_009_279_EU_20240114T023350_20240114T023358_PIC0_01.zip,river,2024-01-14 02:35:17+00:00
21500900375,2024-01-14T02:35:17Z,Fiume Magra,44.13659356,9.9063001,9.1123,41.155162,0.003087146,,,SWOT_L2_HR_RiverSP_Reach_009_279_EU_20240114T023350_20240114T023358_PIC0_01.zip,river,2024-01-14 02:35:17+00:00
21500900384,2024-01-14T02:35:17Z,Fiume Magra,44.14283943,9.8981002,,164.494434,,,,SWOT_L2_HR_RiverSP_Reach_009_279_EU_20240114T023350_20240114T023358_PIC0_01.zip,river,2024-01-14 02:35:17+00:00
21500900395,2024-01-14T02:35:17Z,Fiume Magra,44.15012927,9.8899941,13.816,66.933633,0.0020656816,,,SWOT_L2_HR_RiverSP_Reach_009_279_EU_20240114T023350_20240114T023358_PIC0_01.zip,river,2024-01-14 02:35:17+00:00
21500900404,2024-01-14T02:35:17Z,Fiume Magra,44.15876878,9.8931723,17.3764,36.671062,0.00228376339,,,SWOT_L2_HR_RiverSP_Reach_009_279_EU_20240114T023350_20240114T023358_PIC0_01.zip,river,2024-01-14 02:35:17+00:00
21500900414,2024-01-14T02:35:17Z,Fiume Magra,44.16226318,9.8974438,,11.255321,,,,SWOT_L2_HR_RiverSP_Reach_009_279_EU_20240114T023350_20240114T023358_PIC0_01.zip,river,2024-01-14 02:35:17+00:00
21500900425,2024-01-14T02:35:17Z,Fiume Magra,44.16616482,9.9066061,21.7416,89.645854,0.00288380892,,,SWOT_L2_HR_RiverSP_Reach_009_279_EU_20240114T023350_20240114T023358_PIC0_01.zip,river,2024-01-14 02:35:17+00:00
21500900434,2024-01-14T02:35:17Z,Fiume Magra,44.16995794,9.9183815,25.8924,91.637832,0.0049488224,,,SWOT_L2_HR_RiverSP_Reach_009_279_EU_20240114T023350_20240114T023358_PIC0_01.zip,river,2024-01-14 02:35:17+00:00
21500900444,2024-01-14T02:35:17Z,Fiume Magra,44.17257832,9.9248018,,129.781925,,,,SWOT_L2_HR_RiverSP_Reach_009_279_EU_20240114T023350_20240114T023358_PIC0_01.zip,river,2024-01-14 02:35:17+00:00
21500900455,2024-01-14T02:35:17Z,Fiume Magra,44.1887648,9.9372759,38.0499,39.704134,0.00330852754,,,SWOT_L2_HR_RiverSP_Reach_009_279_EU_20240114T023350_20240114T023358_PIC0_01.zip,river,2024-01-14 02:35:17+00:00
21406500071,no_data,Po,45.11737939,9.3109347,,,,,,SWOT_L2_HR_RiverSP_Reach_009_307_EU_20240115T023549_20240115T023559_PIC0_01.zip,river,
21406700011,2024-01-15T02:36:01Z,Po,45.12538309,9.1596345,53.7886,222.23341,0.00020864627,,,SWOT_L2_HR_RiverSP_Reach_009_307_EU_20240115T023549_20240115T023559_PIC0_01.zip,river,2024-01-15 02:36:01+00:00
21404000011,2024-01-21T11:38:30Z,Adige,45.13669319,11.9340853,1.0434,65.452241,0.00018370332,,,SWOT_L2_HR_RiverSP_Reach_009_486_EU_20240121T113607_20240121T113608_PIC0_01.zip,river,2024-01-21 11:38:30+00:00
21404000021,2024-01-21T11:38:30Z,Adige,45.1152242,11.8085946,1.7603,70.287536,0.00010865919,,,SWOT_L2_HR_RiverSP_Reach_009_486_EU_20240121T113607_20240121T113608_PIC0_01.zip,river,2024-01-21 11:38:30+00:00
21404000031,2024-01-21T11:38:30Z,Adige,45.10291143,11.6839963,4.3717,53.5964,0.00035826665,,,SWOT_L2_HR_RiverSP_Reach_009_486_EU_20240121T113607_20240121T113608_PIC0_01.zip,river,2024-01-21 11:38:30+00:00
21404000041,2024-01-21T11:38:29Z,Adige,45.11467588,11.5378009,11.3521,63.157839,0.00122150411,,,SWOT_L2_HR_RiverSP_Reach_009_486_EU_20240121T113607_20240121T113608_PIC0_01.zip,river,2024-01-21 11:38:29+00:00
21404000415,2024-01-21T11:38:30Z,Fiume Adige,45.12610537,12.2744918,-0.3503,156.168956,5.916665e-05,,,SWOT_L2_HR_RiverSP_Reach_009_486_EU_20240121T113607_20240121T113608_PIC0_01.zip,river,2024-01-21 11:38:30+00:00
21404000425,2024-01-21T11:38:30Z,Adige; Fiume Adige,45.11811217,12.169194,0.1453,70.147354,4.52598e-05,,,SWOT_L2_HR_RiverSP_Reach_009_486_EU_20240121T113607_20240121T113608_PIC0_01.zip,river,2024-01-21 11:38:30+00:00
21404000435,2024-01-21T11:38:30Z,Adige,45.13738683,12.0558708,0.6496,45.846496,-6.97066e-05,,,SWOT_L2_HR_RiverSP_Reach_009_486_EU_20240121T113607_20240121T113608_PIC0_01.zip,river,2024-01-21 11:38:30+00:00
21406100011,2024-01-21T11:38:30Z,no_data,44.97788826,11.9055543,1.9194,303.593662,2.451247e-05,,,SWOT_L2_HR_RiverSP_Reach_009_486_EU_20240121T113607_20240121T113608_PIC0_01.zip,river,2024-01-21 11:38:30+00:00
21406100021,2024-01-21T11:38:30Z,Po,44.94767275,11.7511479,2.2287,302.042248,5.515807e-05,,,SWOT_L2_HR_RiverSP_Reach_009_486_EU_20240121T113607_20240121T113608_PIC0_01.zip,river,2024-01-21 11:38:30+00:00
21406100031,2024-01-21T11:38:30Z,Po,44.89965067,11.6362292,3.1773,369.151428,9.299792e-05,,,SWOT_L2_HR_RiverSP_Reach_009_486_EU_20240121T113607_20240121T113608_PIC0_01.zip,river,2024-01-21 11:38:30+00:00
21406100041,no_data,Po,44.92732847,11.5407952,,,,,,SWOT_L2_HR_RiverSP_Reach_009_486_EU_20240121T113607_20240121T113608_PIC0_01.zip,river,
21406100051,no_data,Po,44.95362753,11.4200067,,,,,,SWOT_L2_HR_RiverSP_Reach_009_486_EU_20240121T113607_20240121T113608_PIC0_01.zip,river,
21406100275,2024-01-21T11:38:30Z,Po di Venezia,44.95659643,12.3650664,,149.712588,,,,SWOT_L2_HR_RiverSP_Reach_009_486_EU_20240121T113607_20240121T113608_PIC0_01.zip,river,2024-01-21 11:38:30+00:00
21406100285,2024-01-21T11:38:30Z,Po di Venezia,44.97907136,12.2580871,0.0404,468.682945,3.285765e-05,,,SWOT_L2_HR_RiverSP_Reach_009_486_EU_20240121T113607_20240121T113608_PIC0_01.zip,river,2024-01-21 11:38:30+00:00
21406100295,2024-01-21T11:38:30Z,Po di Venezia,45.02022837,12.1647155,0.3519,372.545952,3.233904e-05,,,SWOT_L2_HR_RiverSP_Reach_009_486_EU_20240121T113607_20240121T113608_PIC0_01.zip,river,2024-01-21 11:38:30+00:00
21406100305,2024-01-21T11:38:30Z,Po di Venezia,44.99976903,12.0782068,0.7559,406.190955,4.682705e-05,,,SWOT_L2_HR_RiverSP_Reach_009_486_EU_20240121T113607_20240121T113608_PIC0_01.zip,river,2024-01-21 11:38:30+00:00
21406100315,2024-01-21T11:38:30Z,Po,44.97645748,12.0255272,1.2732,362.258208,0.00021869326,,,SWOT_L2_HR_RiverSP_Reach_009_486_EU_20240121T113607_20240121T113608_PIC0_01.zip,river,2024-01-21 11:38:30+00:00
21407000015,2024-01-21T11:38:30Z,Po di Gnocca,44.88633902,12.3402252,-0.4053,171.758684,1.296144e-05,,,SWOT_L2_HR_RiverSP_Reach_009_486_EU_20240121T113607_20240121T113608_PIC0_01.zip,river,2024-01-21 11:38:30+00:00
21407000025,2024-01-21T11:38:39Z,no_data,44.82749551,12.3520721,-0.5004,224.762741,-6.16199e-05,,,SWOT_L2_HR_RiverSP_Reach_009_486_EU_20240121T113607_20240121T113608_PIC0_01.zip,river,2024-01-21 11:38:39+00:00
21407000035,2024-01-21T11:38:30Z,Po di Goro,44.88212683,12.2910628,-0.5313,159.765614,5.534824e-05,,,SWOT_L2_HR_RiverSP_Reach_009_486_EU_20240121T113607_20240121T113608_PIC0_01.zip,river,2024-01-21 11:38:30+00:00
21407000045,2024-01-21T11:38:30Z,Po di Goro,44.93225211,12.2569541,0.181,149.746796,0.00010852138,,,SWOT_L2_HR_RiverSP_Reach_009_486_EU_20240121T113607_20240121T113608_PIC0_01.zip,river,2024-01-21 11:38:30+00:00
21407000055,2024-01-21T11:38:30Z,Po di Goro,44.94808193,12.128055,0.3297,27.907926,-1.48707e-05,,,SWOT_L2_HR_RiverSP_Reach_009_486_EU_20240121T113607_20240121T113608_PIC0_01.zip,river,2024-01-21 11:38:30+00:00
21406100091,no_data,Fiume Mincio; Po,45.10017596,10.9113497,,,,,,SWOT_L2_HR_RiverSP_Reach_009_514_EU_20240122T113641_20240122T113650_PIC0_01.zip,river,
21406100101,no_data,Po,45.06440534,10.9221059,,,,,,SWOT_L2_HR_RiverSP_Reach_009_514_EU_20240122T113641_20240122T113650_PIC0_01.zip,river,
21406100111,2024-01-22T11:39:01Z,Po,45.04625504,10.768001,13.0888,249.223655,0.00012940416,,,SWOT_L2_HR_RiverSP_Reach_009_514_EU_20240122T113641_20240122T113650_PIC0_01.zip,river,2024-01-22 11:39:01+00:00
21406100123,2024-01-22T11:39:01Z,Fiume Mincio,45.14246728,10.8162187,13.4099,,,,,SWOT_L2_HR_RiverSP_Reach_009_514_EU_20240122T113641_20240122T113650_PIC0_01.zip,river,2024-01-22 11:39:01+00:00
21406200011,2024-01-22T11:39:01Z,Po,45.06313602,10.6021879,17.0156,43.225411,0.00025917465,,,SWOT_L2_HR_RiverSP_Reach_009_514_EU_20240122T113641_20240122T113650_PIC0_01.zip,river,2024-01-22 11:39:01+00:00
21406200021,2024-01-22T11:39:01Z,Fiume Oglio,45.12874321,10.5044278,20.2866,31.124506,0.00025882654,,,SWOT_L2_HR_RiverSP_Reach_009_514_EU_20240122T113641_20240122T113650_PIC0_01.zip,river,2024-01-22 11:39:01+00:00
21406300011,2024-01-22T11:39:10Z,Po,45.00223735,10.6801087,15.214,272.233098,0.0001476356,,,SWOT_L2_HR_RiverSP_Reach_009_514_EU_20240122T113641_20240122T113650_PIC0_01.zip,river,2024-01-22 11:39:10+00:00
21406300021,2024-01-22T11:39:10Z,Po,44.92496107,10.6126319,16.9379,212.437272,0.00013222829,,,SWOT_L2_HR_RiverSP_Reach_009_514_EU_20240122T113641_20240122T113650_PIC0_01.zip,river,2024-01-22 11:39:10+00:00
21406300031,2024-01-22T11:39:10Z,Parma; Po,44.92391702,10.4975482,18.0845,216.786922,7.026833e-05,,,SWOT_L2_HR_RiverSP_Reach_009_514_EU_20240122T113641_20240122T113650_PIC0_01.zip,river,2024-01-22 11:39:10+00:00
21406300041,2024-01-22T11:39:02Z,Parma,44.96698609,10.4153531,19.3884,232.887653,0.00018855243,,,SWOT_L2_HR_RiverSP_Reach_009_514_EU_20240122T113641_20240122T113650_PIC0_01.zip,river,2024-01-22 11:39:02+00:00
21406300051,2024-01-22T11:39:01Z,Parma; Po,44.98238586,10.3257584,21.3608,252.027272,0.00016582814,,,SWOT_L2_HR_RiverSP_Reach_009_514_EU_20240122T113641_20240122T113650_PIC0_01.zip,river,2024-01-22 11:39:01+00:00
21406300061,2024-01-22T11:39:01Z,Po,45.0255784,10.1966661,23.3573,264.970625,0.00013996732,,,SWOT_L2_HR_RiverSP_Reach_009_514_EU_20240122T113641_20240122T113650_PIC0_01.zip,river,2024-01-22 11:39:01+00:00
21406300071,2024-01-22T11:39:01Z,Po,45.04383353,10.0629096,25.4828,492.012075,0.00015589656,,,SWOT_L2_HR_RiverSP_Reach_009_514_EU_20240122T113641_20240122T113650_PIC0_01.zip,river,2024-01-22 11:39:01+00:00
21406300081,2024-01-22T11:39:01Z,Po,45.11338408,10.0010764,27.1145,694.179925,0.00018676392,,,SWOT_L2_HR_RiverSP_Reach_009_514_EU_20240122T113641_20240122T113650_PIC0_01.zip,river,2024-01-22 11:39:01+00:00
21406300091,2024-01-22T11:39:01Z,Po,45.10509326,9.9334895,,61.329519,,,,SWOT_L2_HR_RiverSP_Reach_009_514_EU_20240122T113641_20240122T113650_PIC0_01.zip,river,2024-01-22 11:39:01+00:00
21406300111,no_data,Po,45.12967127,9.9212745,,39.860091,,,,SWOT_L2_HR_RiverSP_Reach_009_514_EU_20240122T113641_20240122T113650_PIC0_01.zip,river,
21406400014,2024-01-22T11:39:01Z,Adda,45.13676214,9.8763325,30.3276,227.723438,0.00307651398,,,SWOT_L2_HR_RiverSP_Reach_009_514_EU_20240122T113641_20240122T113650_PIC0_01.zip,river,2024-01-22 11:39:01+00:00
21406500011,2024-01-22T11:39:01Z,Adda; Po,45.11288469,9.8866488,30.0296,318.138824,9.605178e-05,,,SWOT_L2_HR_RiverSP_Reach_009_514_EU_20240122T113641_20240122T113650_PIC0_01.zip,river,2024-01-22 11:39:01+00:00
21406500021,2024-01-22T11:39:01Z,Po,45.08313086,9.8584456,40.3959,479.816869,1.599858e-05,,,SWOT_L2_HR_RiverSP_Reach_009_514_EU_20240122T113641_20240122T113650_PIC0_01.zip,river,2024-01-22 11:39:01+00:00
21406500031,2024-01-22T11:39:01Z,Po,45.08910017,9.7847586,43.3951,273.246666,0.00026734518,,,SWOT_L2_HR_RiverSP_Reach_009_514_EU_20240122T113641_20240122T113650_PIC0_01.zip,river,2024-01-22 11:39:01+00:00
21406500041,2024-01-22T11:39:01Z,Po,45.07148237,9.704767,51.1692,149.154441,-0.0018698796,,,SWOT_L2_HR_RiverSP_Reach_009_514_EU_20240122T113641_20240122T113650_PIC0_01.zip,river,2024-01-22 11:39:01+00:00
21406500051,2024-01-22T11:39:01Z,Po,45.11288369,9.6007179,43.5168,308.75244,0.00015997186,,,SWOT_L2_HR_RiverSP_Reach_009_514_EU_20240122T113641_20240122T113650_PIC0_01.zip,river,2024-01-22 11:39:01+00:00
21406500061,2024-01-22T11:39:01Z,Po,45.09545589,9.4901032,47.0032,299.994897,0.00019676256,,,SWOT_L2_HR_RiverSP_Reach_009_514_EU_20240122T113641_20240122T113650_PIC0_01.zip,river,2024-01-22 11:39:01+00:00
21406500071,2024-01-22T11:39:01Z,Po,45.11737939,9.3109347,50.4815,349.199736,0.00021723037,,,SWOT_L2_HR_RiverSP_Reach_009_514_EU_20240122T113641_20240122T113650_PIC0_01.zip,river,2024-01-22 11:39:01+00:00
21406500104,2024-01-22T11:39:01Z,Po,45.09264137,9.9046467,,233.938241,,,,SWOT_L2_HR_RiverSP_Reach_009_514_EU_20240122T113641_20240122T113650_PIC0_01.zip,river,2024-01-22 11:39:01+00:00
21406700011,2024-01-22T11:39:01Z,Po,45.12538309,9.1596345,53.6415,243.497428,0.00021597015,,,SWOT_L2_HR_RiverSP_Reach_009_514_EU_20240122T113641_20240122T113650_PIC0_01.zip,river,2024-01-22 11:39:01+00:00
21500800021,no_data,Fiume Arno,43.7081277,10.4445051,,,,,,SWOT_L2_HR_RiverSP_Reach_009_514_EU_20240122T113641_20240122T113650_PIC0_01.zip,river,
21500800061,2024-01-22T11:39:30Z,Fiume Arno,43.70436492,10.7839405,13.3244,22.566338,5.896474e-05,,,SWOT_L2_HR_RiverSP_Reach_009_514_EU_20240122T113641_20240122T113650_PIC0_01.zip,river,2024-01-22 11:39:30+00:00
21500800074,2024-01-22T11:39:30Z,Fiume Arno,43.71763156,10.8700497,,63.256504,,,,SWOT_L2_HR_RiverSP_Reach_009_514_EU_20240122T113641_20240122T113650_PIC0_01.zip,river,2024-01-22 11:39:30+00:00
21500800081,2024-01-22T11:39:30Z,Fiume Arno,43.72780079,10.8953951,2.5299,8.776367,-0.0076711654,,,SWOT_L2_HR_RiverSP_Reach_009_514_EU_20240122T113641_20240122T113650_PIC0_01.zip,river,2024-01-22 11:39:30+00:00
21500800094,2024-01-22T11:39:30Z,Fiume Arno,43.72897311,10.9212468,,23.750042,,,,SWOT_L2_HR_RiverSP_Reach_009_514_EU_20240122T113641_20240122T113650_PIC0_01.zip,river,2024-01-22 11:39:30+00:00
21500800101,2024-01-22T11:39:30Z,Fiume Arno,43.72609497,10.9424002,22.4936,18.893516,-0.0046534449,,,SWOT_L2_HR_RiverSP_Reach_009_514_EU_20240122T113641_20240122T113650_PIC0_01.zip,river,2024-01-22 11:39:30+00:00
21500800114,2024-01-22T11:39:30Z,Fiume Arno,43.73395613,10.9629417,,60.725484,,,,SWOT_L2_HR_RiverSP_Reach_009_514_EU_20240122T113641_20240122T113650_PIC0_01.zip,river,2024-01-22 11:39:30+00:00
21500800121,2024-01-22T11:39:30Z,Fiume Arno,43.739528,10.9815185,20.75,20.816424,-0.0035837587,,,SWOT_L2_HR_RiverSP_Reach_009_514_EU_20240122T113641_20240122T113650_PIC0_01.zip,river,2024-01-22 11:39:30+00:00
21500800134,2024-01-22T11:39:30Z,Fiume Arno,43.73552158,10.9998728,,78.739978,,,,SWOT_L2_HR_RiverSP_Reach_009_514_EU_20240122T113641_20240122T113650_PIC0_01.zip,river,2024-01-22 11:39:30+00:00
21500800141,2024-01-22T11:39:30Z,Fiume Arno,43.74768721,11.0244481,21.9165,12.853309,0.00053996366,,,SWOT_L2_HR_RiverSP_Reach_009_514_EU_20240122T113641_20240122T113650_PIC0_01.zip,river,2024-01-22 11:39:30+00:00
21500800154,2024-01-22T11:39:30Z,Fiume Arno,43.76627758,11.0424554,,74.067074,,,,SWOT_L2_HR_RiverSP_Reach_009_514_EU_20240122T113641_20240122T113650_PIC0_01.zip,river,2024-01-22 11:39:30+00:00
21500800161,2024-01-22T11:39:30Z,Fiume Arno,43.77826116,11.1119621,31.19,10.410282,0.00021729277,,,SWOT_L2_HR_RiverSP_Reach_009_514_EU_20240122T113641_20240122T113650_PIC0_01.zip,river,2024-01-22 11:39:30+00:00
21500800174,2024-01-22T11:39:30Z,Fiume Arno,43.78926005,11.1968555,,1.757026,,,,SWOT_L2_HR_RiverSP_Reach_009_514_EU_20240122T113641_20240122T113650_PIC0_01.zip,river,2024-01-22 11:39:30+00:00
21500800181,2024-01-22T11:39:30Z,Fiume Arno,43.7853558,11.2058467,28.3173,19.376809,0.00168306513,,,SWOT_L2_HR_RiverSP_Reach_009_514_EU_20240122T113641_20240122T113650_PIC0_01.zip,river,2024-01-22 11:39:30+00:00
21500800194,2024-01-22T11:39:30Z,Fiume Arno,43.78123761,11.2146427,,57.690363,,,,SWOT_L2_HR_RiverSP_Reach_009_514_EU_20240122T113641_20240122T113650_PIC0_01.zip,river,2024-01-22 11:39:30+00:00
21500800201,2024-01-22T11:39:30Z,Fiume Arno,43.7758682,11.2295414,42.3145,6.155689,0.01479061016,,,SWOT_L2_HR_RiverSP_Reach_009_514_EU_20240122T113641_20240122T113650_PIC0_01.zip,river,2024-01-22 11:39:30+00:00
21500800214,2024-01-22T11:39:30Z,Fiume Arno,43.7710951,11.2443983,,64.889217,,,,SWOT_L2_HR_RiverSP_Reach_009_514_EU_20240122T113641_20240122T113650_PIC0_01.zip,river,2024-01-22 11:39:30+00:00
21500800221,2024-01-22T11:39:30Z,Fiume Arno,43.76715202,11.2554943,43.5802,45.210503,-0.0073803203,,,SWOT_L2_HR_RiverSP_Reach_009_514_EU_20240122T113641_20240122T113650_PIC0_01.zip,river,2024-01-22 11:39:30+00:00
21500800234,2024-01-22T11:39:30Z,Fiume Arno,43.76500389,11.2673403,,67.02818,,,,SWOT_L2_HR_RiverSP_Reach_009_514_EU_20240122T113641_20240122T113650_PIC0_01.zip,river,2024-01-22 11:39:30+00:00
21500800241,2024-01-22T11:39:30Z,Fiume Arno,43.76412125,11.2917186,47.5114,28.472652,-0.0023345147,,,SWOT_L2_HR_RiverSP_Reach_009_514_EU_20240122T113641_20240122T113650_PIC0_01.zip,river,2024-01-22 11:39:30+00:00
21500800254,no_data,Fiume Arno,43.76234794,11.3160621,,,,,,SWOT_L2_HR_RiverSP_Reach_009_514_EU_20240122T113641_20240122T113650_PIC0_01.zip,river,
21500800264,no_data,Fiume Arno,43.76456329,11.3232663,,,,,,SWOT_L2_HR_RiverSP_Reach_009_514_EU_20240122T113641_20240122T113650_PIC0_01.zip,river,
21500800274,no_data,Fiume Arno,43.76832184,11.331508,,,,,,SWOT_L2_HR_RiverSP_Reach_009_514_EU_20240122T113641_20240122T113650_PIC0_01.zip,river,
21500800284,no_data,Fiume Arno,43.76530457,11.337519,,,,,,SWOT_L2_HR_RiverSP_Reach_009_514_EU_20240122T113641_20240122T113650_PIC0_01.zip,river,
21500800301,no_data,Fiume Arno,43.77298059,11.3559331,,,,,,SWOT_L2_HR_RiverSP_Reach_009_514_EU_20240122T113641_20240122T113650_PIC0_01.zip,river,
21500800314,no_data,Fiume Arno,43.78146667,11.3605945,,,,,,SWOT_L2_HR_RiverSP_Reach_009_514_EU_20240122T113641_20240122T113650_PIC0_01.zip,river,
21500800324,no_data,Fiume Arno,43.78330118,11.3692522,,,,,,SWOT_L2_HR_RiverSP_Reach_009_514_EU_20240122T113641_20240122T113650_PIC0_01.zip,river,
21500800331,no_data,Fiume Arno,43.78712321,11.3824156,,,,,,SWOT_L2_HR_RiverSP_Reach_009_514_EU_20240122T113641_20240122T113650_PIC0_01.zip,river,
21500800344,no_data,Fiume Arno,43.79152438,11.3885935,,,,,,SWOT_L2_HR_RiverSP_Reach_009_514_EU_20240122T113641_20240122T113650_PIC0_01.zip,river,
21500800351,no_data,Fiume Arno,43.75962957,11.4430708,,,,,,SWOT_L2_HR_RiverSP_Reach_009_514_EU_20240122T113641_20240122T113650_PIC0_01.zip,river,
21500800364,no_data,Fiume Arno,43.72136726,11.4558202,,,,,,SWOT_L2_HR_RiverSP_Reach_009_514_EU_20240122T113641_20240122T113650_PIC0_01.zip,river,
21500900013,2024-01-22T11:39:21Z,Serchio,43.76238147,10.3226477,0.3863,359.598519,0.00026056023,,,SWOT_L2_HR_RiverSP_Reach_009_514_EU_20240122T113641_20240122T113650_PIC0_01.zip,river,2024-01-22 11:39:21+00:00
21500900021,2024-01-22T11:39:22Z,Serchio,43.78117023,10.399042,4.2476,814.736462,0.00062849711,,,SWOT_L2_HR_RiverSP_Reach_009_514_EU_20240122T113641_20240122T113650_PIC0_01.zip,river,2024-01-22 11:39:22+00:00
21500900034,2024-01-22T11:39:21Z,Serchio,43.78946261,10.4164431,,3711.741096,,,,SWOT_L2_HR_RiverSP_Reach_009_514_EU_20240122T113641_20240122T113650_PIC0_01.zip,river,2024-01-22 11:39:21+00:00
21500900041,2024-01-22T11:39:21Z,Serchio,43.8036516,10.4063306,,216.253063,,,,SWOT_L2_HR_RiverSP_Reach_009_514_EU_20240122T113641_20240122T113650_PIC0_01.zip,river,2024-01-22 11:39:21+00:00
21500900064,2024-01-22T11:39:21Z,Fiume Magra,44.1080452,9.9369098,,173.73177,,,,SWOT_L2_HR_RiverSP_Reach_009_514_EU_20240122T113641_20240122T113650_PIC0_01.zip,river,2024-01-22 11:39:21+00:00
21500900184,no_data,Serchio,43.8188553,10.4136918,,,,,,SWOT_L2_HR_RiverSP_Reach_009_514_EU_20240122T113641_20240122T113650_PIC0_01.zip,river,
21500900191,2024-01-22T11:39:21Z,Serchio,43.84327707,10.4415553,7.4003,122.375078,0.00279088814,,,SWOT_L2_HR_RiverSP_Reach_009_514_EU_20240122T113641_20240122T113650_PIC0_01.zip,river,2024-01-22 11:39:21+00:00
21500900204,no_data,Serchio,43.8539327,10.476405,,,,,,SWOT_L2_HR_RiverSP_Reach_009_514_EU_20240122T113641_20240122T113650_PIC0_01.zip,river,
21500900211,no_data,Serchio,43.8532787,10.4915647,,,,,,SWOT_L2_HR_RiverSP_Reach_009_514_EU_20240122T113641_20240122T113650_PIC0_01.zip,river,
21500900224,no_data,Serchio,43.85677563,10.5059732,,,,,,SWOT_L2_HR_RiverSP_Reach_009_514_EU_20240122T113641_20240122T113650_PIC0_01.zip,river,
21500900231,2024-01-22T11:39:21Z,Serchio,43.88606154,10.5259476,29.0913,859.675651,0.00325620263,,,SWOT_L2_HR_RiverSP_Reach_009_514_EU_20240122T113641_20240122T113650_PIC0_01.zip,river,2024-01-22 11:39:21+00:00
21500900244,2024-01-22T11:39:21Z,Serchio,43.91649583,10.529312,,238.314473,,,,SWOT_L2_HR_RiverSP_Reach_009_514_EU_20240122T113641_20240122T113650_PIC0_01.zip,river,2024-01-22 11:39:21+00:00
21500900261,2024-01-22T11:39:21Z,Serchio,43.92488448,10.5296092,40.377,83.765172,0.000195954,,,SWOT_L2_HR_RiverSP_Reach_009_514_EU_20240122T113641_20240122T113650_PIC0_01.zip,river,2024-01-22 11:39:21+00:00
21500900274,no_data,Serchio,43.92529227,10.5218935,,,,,,SWOT_L2_HR_RiverSP_Reach_009_514_EU_20240122T113641_20240122T113650_PIC0_01.zip,river,
21500900281,2024-01-22T11:39:21Z,Serchio,43.93088015,10.5087897,46.7777,39.776414,0.0030123517,,,SWOT_L2_HR_RiverSP_Reach_009_514_EU_20240122T113641_20240122T113650_PIC0_01.zip,river,2024-01-22 11:39:21+00:00
21500900294,2024-01-22T11:39:21Z,Serchio,43.93982305,10.5015469,,59.19482,,,,SWOT_L2_HR_RiverSP_Reach_009_514_EU_20240122T113641_20240122T113650_PIC0_01.zip,river,2024-01-22 11:39:21+00:00
21500900301,2024-01-22T11:39:21Z,Serchio,43.96338733,10.5238839,67.3813,273.454983,0.00381907795,,,SWOT_L2_HR_RiverSP_Reach_009_514_EU_20240122T113641_20240122T113650_PIC0_01.zip,river,2024-01-22 11:39:21+00:00
21500900314,2024-01-22T11:39:21Z,Serchio,43.98114573,10.5523043,,433.887578,,,,SWOT_L2_HR_RiverSP_Reach_009_514_EU_20240122T113641_20240122T113650_PIC0_01.zip,river,2024-01-22 11:39:21+00:00
21500900321,2024-01-22T11:39:21Z,Serchio,43.99085556,10.5533227,91.3133,55.905141,8.441871e-05,,,SWOT_L2_HR_RiverSP_Reach_009_514_EU_20240122T113641_20240122T113650_PIC0_01.zip,river,2024-01-22 11:39:21+00:00
21500900335,2024-01-22T11:39:21Z,Fiume Magra,44.07842653,9.9655885,1.1161,117.51427,0.00015528861,,,SWOT_L2_HR_RiverSP_Reach_009_514_EU_20240122T113641_20240122T113650_PIC0_01.zip,river,2024-01-22 11:39:21+00:00
21500900344,2024-01-22T11:39:21Z,Fiume Magra,44.10398535,9.9379287,,170.866882,,,,SWOT_L2_HR_RiverSP_Reach_009_514_EU_20240122T113641_20240122T113650_PIC0_01.zip,river,2024-01-22 11:39:21+00:00
21500900355,2024-01-22T11:39:20Z,Fiume Magra,44.12143652,9.9276433,5.2591,120.529414,0.00121490251,,,SWOT_L2_HR_RiverSP_Reach_009_514_EU_20240122T113641_20240122T113650_PIC0_01.zip,river,2024-01-22 11:39:20+00:00
21500900364,2024-01-22T11:39:20Z,Fiume Magra,44.13142931,9.9138465,,160.955306,,,,SWOT_L2_HR_RiverSP_Reach_009_514_EU_20240122T113641_20240122T113650_PIC0_01.zip,river,2024-01-22 11:39:20+00:00
21500900375,2024-01-22T11:39:20Z,Fiume Magra,44.13659356,9.9063001,8.8685,144.432739,0.00325617179,,,SWOT_L2_HR_RiverSP_Reach_009_514_EU_20240122T113641_20240122T113650_PIC0_01.zip,river,2024-01-22 11:39:20+00:00
21500900384,2024-01-22T11:39:20Z,Fiume Magra,44.14283943,9.8981002,,186.06277,,,,SWOT_L2_HR_RiverSP_Reach_009_514_EU_20240122T113641_20240122T113650_PIC0_01.zip,river,2024-01-22 11:39:20+00:00
21500900395,2024-01-22T11:39:20Z,Fiume Magra,44.15012927,9.8899941,13.5242,161.746945,0.00212766811,,,SWOT_L2_HR_RiverSP_Reach_009_514_EU_20240122T113641_20240122T113650_PIC0_01.zip,river,2024-01-22 11:39:20+00:00
21500900404,2024-01-22T11:39:20Z,Fiume Magra,44.15876878,9.8931723,17.2174,63.89461,0.00322287369,,,SWOT_L2_HR_RiverSP_Reach_009_514_EU_20240122T113641_20240122T113650_PIC0_01.zip,river,2024-01-22 11:39:20+00:00
21500900414,2024-01-22T11:39:20Z,Fiume Magra,44.16226318,9.8974438,,69.692987,,,,SWOT_L2_HR_RiverSP_Reach_009_514_EU_20240122T113641_20240122T113650_PIC0_01.zip,river,2024-01-22 11:39:20+00:00
21500900425,2024-01-22T11:39:20Z,Fiume Magra,44.16616482,9.9066061,21.5138,98.291418,0.00288842911,,,SWOT_L2_HR_RiverSP_Reach_009_514_EU_20240122T113641_20240122T113650_PIC0_01.zip,river,2024-01-22 11:39:20+00:00
21500900434,2024-01-22T11:39:20Z,Fiume Magra,44.16995794,9.9183815,25.6211,90.273184,0.00479811023,,,SWOT_L2_HR_RiverSP_Reach_009_514_EU_20240122T113641_20240122T113650_PIC0_01.zip,river,2024-01-22 11:39:20+00:00
21500900444,2024-01-22T11:39:20Z,Fiume Magra,44.17257832,9.9248018,,116.833837,,,,SWOT_L2_HR_RiverSP_Reach_009_514_EU_20240122T113641_20240122T113650_PIC0_01.zip,river,2024-01-22 11:39:20+00:00
21500900455,2024-01-22T11:39:20Z,Fiume Magra,44.1887648,9.9372759,37.7955,39.85249,0.00325809925,,,SWOT_L2_HR_RiverSP_Reach_009_514_EU_20240122T113641_20240122T113650_PIC0_01.zip,river,2024-01-22 11:39:20+00:00
21404000011,2024-01-24T00:57:47Z,Adige,45.13669319,11.9340853,2.6207,168.001147,0.00013553502,,,SWOT_L2_HR_RiverSP_Reach_009_557_EU_20240124T005714_20240124T005716_PIC0_01.zip,river,2024-01-24 00:57:47+00:00
21404000021,2024-01-24T00:57:47Z,Adige,45.1152242,11.8085946,4.4688,121.227769,0.00016451135,,,SWOT_L2_HR_RiverSP_Reach_009_557_EU_20240124T005714_20240124T005716_PIC0_01.zip,river,2024-01-24 00:57:47+00:00
21404000031,2024-01-24T00:57:47Z,Adige,45.10291143,11.6839963,6.1979,87.756151,0.00010845047,,,SWOT_L2_HR_RiverSP_Reach_009_557_EU_20240124T005714_20240124T005716_PIC0_01.zip,river,2024-01-24 00:57:47+00:00
21404000041,2024-01-24T00:57:47Z,Adige,45.11467588,11.5378009,7.4969,63.225071,0.00016742992,,,SWOT_L2_HR_RiverSP_Reach_009_557_EU_20240124T005714_20240124T005716_PIC0_01.zip,river,2024-01-24 00:57:47+00:00
21404000415,2024-01-24T00:57:47Z,Fiume Adige,45.12610537,12.2744918,-0.0079,91.935016,-9.14907e-05,,,SWOT_L2_HR_RiverSP_Reach_009_557_EU_20240124T005714_20240124T005716_PIC0_01.zip,river,2024-01-24 00:57:47+00:00
21404000425,2024-01-24T00:57:47Z,Adige; Fiume Adige,45.11811217,12.169194,-0.1632,57.514922,0.0003174993,,,SWOT_L2_HR_RiverSP_Reach_009_557_EU_20240124T005714_20240124T005716_PIC0_01.zip,river,2024-01-24 00:57:47+00:00
21404000435,no_data,Adige,45.13738683,12.0558708,,,,,,SWOT_L2_HR_RiverSP_Reach_009_557_EU_20240124T005714_20240124T005716_PIC0_01.zip,river,
21406100011,2024-01-24T00:57:47Z,no_data,44.97788826,11.9055543,1.3575,300.014216,3.521114e-05,,,SWOT_L2_HR_RiverSP_Reach_009_557_EU_20240124T005714_20240124T005716_PIC0_01.zip,river,2024-01-24 00:57:47+00:00
21406100021,2024-01-24T00:57:47Z,Po,44.94767275,11.7511479,1.792,337.352635,6.817357e-05,,,SWOT_L2_HR_RiverSP_Reach_009_557_EU_20240124T005714_20240124T005716_PIC0_01.zip,river,2024-01-24 00:57:47+00:00
21406100031,2024-01-24T00:57:38Z,Po,44.89965067,11.6362292,3.3274,374.804327,6.364618e-05,,,SWOT_L2_HR_RiverSP_Reach_009_557_EU_20240124T005714_20240124T005716_PIC0_01.zip,river,2024-01-24 00:57:38+00:00
21406100041,2024-01-24T00:57:38Z,Po,44.92732847,11.5407952,4.0623,414.334463,0.00016461029,,,SWOT_L2_HR_RiverSP_Reach_009_557_EU_20240124T005714_20240124T005716_PIC0_01.zip,river,2024-01-24 00:57:38+00:00
21406100051,2024-01-24T00:57:38Z,Po,44.95362753,11.4200067,5.4565,415.734694,8.581694e-05,,,SWOT_L2_HR_RiverSP_Reach_009_557_EU_20240124T005714_20240124T005716_PIC0_01.zip,river,2024-01-24 00:57:38+00:00
21406100061,2024-01-24T00:57:47Z,Po,45.00951862,11.3007475,6.5634,345.296322,7.453915e-05,,,SWOT_L2_HR_RiverSP_Reach_009_557_EU_20240124T005714_20240124T005716_PIC0_01.zip,river,2024-01-24 00:57:47+00:00
21406100071,2024-01-24T00:57:47Z,Po,45.05059331,11.2359852,7.4672,330.838186,0.00013102778,,,SWOT_L2_HR_RiverSP_Reach_009_557_EU_20240124T005714_20240124T005716_PIC0_01.zip,river,2024-01-24 00:57:47+00:00
21406100081,2024-01-24T00:57:47Z,Po,45.0526046,11.0864648,9.3198,270.357145,8.280628e-05,,,SWOT_L2_HR_RiverSP_Reach_009_557_EU_20240124T005714_20240124T005716_PIC0_01.zip,river,2024-01-24 00:57:47+00:00
21406100275,2024-01-24T00:57:47Z,Po di Venezia,44.95659643,12.3650664,-0.1196,359.792992,2.78717e-05,,,SWOT_L2_HR_RiverSP_Reach_009_557_EU_20240124T005714_20240124T005716_PIC0_01.zip,river,2024-01-24 00:57:47+00:00
21406100285,2024-01-24T00:57:47Z,Po di Venezia,44.97907136,12.2580871,0.0295,357.880875,3.409874e-05,,,SWOT_L2_HR_RiverSP_Reach_009_557_EU_20240124T005714_20240124T005716_PIC0_01.zip,river,2024-01-24 00:57:47+00:00
21406100295,2024-01-24T00:57:47Z,Po di Venezia,45.02022837,12.1647155,0.3515,356.753647,0.00021833194,,,SWOT_L2_HR_RiverSP_Reach_009_557_EU_20240124T005714_20240124T005716_PIC0_01.zip,river,2024-01-24 00:57:47+00:00
21406100305,2024-01-24T00:57:47Z,Po di Venezia,44.99976903,12.0782068,2.1392,389.882401,-0.000207562,,,SWOT_L2_HR_RiverSP_Reach_009_557_EU_20240124T005714_20240124T005716_PIC0_01.zip,river,2024-01-24 00:57:47+00:00
21406100315,2024-01-24T00:57:47Z,Po,44.97645748,12.0255272,0.7769,364.169131,-2.73047e-05,,,SWOT_L2_HR_RiverSP_Reach_009_557_EU_20240124T005714_20240124T005716_PIC0_01.zip,river,2024-01-24 00:57:47+00:00
21407000015,2024-01-24T00:57:47Z,Po di Gnocca,44.88633902,12.3402252,-0.7517,80.972993,-9.1888e-06,,,SWOT_L2_HR_RiverSP_Reach_009_557_EU_20240124T005714_20240124T005716_PIC0_01.zip,river,2024-01-24 00:57:47+00:00
21407000025,2024-01-24T00:57:47Z,no_data,44.82749551,12.3520721,-0.4898,95.044574,0.00022106599,,,SWOT_L2_HR_RiverSP_Reach_009_557_EU_20240124T005714_20240124T005716_PIC0_01.zip,river,2024-01-24 00:57:47+00:00
21407000035,2024-01-24T00:57:47Z,Po di Goro,44.88212683,12.2910628,-0.2845,62.957144,-4.98616e-05,,,SWOT_L2_HR_RiverSP_Reach_009_557_EU_20240124T005714_20240124T005716_PIC0_01.zip,river,2024-01-24 00:57:47+00:00
21407000045,2024-01-24T00:57:47Z,Po di Goro,44.93225211,12.2569541,-1.607,35.090472,-0.0002333151,,,SWOT_L2_HR_RiverSP_Reach_009_557_EU_20240124T005714_20240124T005716_PIC0_01.zip,river,2024-01-24 00:57:47+00:00
21407000055,2024-01-24T00:57:47Z,Po di Goro,44.94808193,12.128055,-0.4563,44.798447,0.00016620615,,,SWOT_L2_HR_RiverSP_Reach_009_557_EU_20240124T005714_20240124T005716_PIC0_01.zip,river,2024-01-24 00:57:47+00:00
21500800061,2024-01-24T00:57:18Z,Fiume Arno,43.70436492,10.7839405,13.7676,7.218819,0.00035998734,,,SWOT_L2_HR_RiverSP_Reach_009_557_EU_20240124T005714_20240124T005716_PIC0_01.zip,river,2024-01-24 00:57:18+00:00
21500800074,2024-01-24T00:57:18Z,Fiume Arno,43.71763156,10.8700497,,42.24401,,,,SWOT_L2_HR_RiverSP_Reach_009_557_EU_20240124T005714_20240124T005716_PIC0_01.zip,river,2024-01-24 00:57:18+00:00
21500800081,2024-01-24T00:57:18Z,Fiume Arno,43.72780079,10.8953951,23.4953,8.151416,0.00155460797,,,SWOT_L2_HR_RiverSP_Reach_009_557_EU_20240124T005714_20240124T005716_PIC0_01.zip,river,2024-01-24 00:57:18+00:00
21500800094,2024-01-24T00:57:18Z,Fiume Arno,43.72897311,10.9212468,,38.908474,,,,SWOT_L2_HR_RiverSP_Reach_009_557_EU_20240124T005714_20240124T005716_PIC0_01.zip,river,2024-01-24 00:57:18+00:00
21500800101,2024-01-24T00:57:18Z,Fiume Arno,43.72609497,10.9424002,,7.693177,,,,SWOT_L2_HR_RiverSP_Reach_009_557_EU_20240124T005714_20240124T005716_PIC0_01.zip,river,2024-01-24 00:57:18+00:00
21500800114,2024-01-24T00:57:18Z,Fiume Arno,43.73395613,10.9629417,,0.887042,,,,SWOT_L2_HR_RiverSP_Reach_009_557_EU_20240124T005714_20240124T005716_PIC0_01.zip,river,2024-01-24 00:57:18+00:00
21500800121,2024-01-24T00:57:18Z,Fiume Arno,43.739528,10.9815185,17.0709,13.842619,-0.0004542351,,,SWOT_L2_HR_RiverSP_Reach_009_557_EU_20240124T005714_20240124T005716_PIC0_01.zip,river,2024-01-24 00:57:18+00:00
21500800134,2024-01-24T00:57:18Z,Fiume Arno,43.73552158,10.9998728,,37.066068,,,,SWOT_L2_HR_RiverSP_Reach_009_557_EU_20240124T005714_20240124T005716_PIC0_01.zip,river,2024-01-24 00:57:18+00:00
21500800141,2024-01-24T00:57:18Z,Fiume Arno,43.74768721,11.0244481,22.1469,16.465882,0.00088034698,,,SWOT_L2_HR_RiverSP_Reach_009_557_EU_20240124T005714_20240124T005716_PIC0_01.zip,river,2024-01-24 00:57:18+00:00
21500800154,2024-01-24T00:57:18Z,Fiume Arno,43.76627758,11.0424554,,79.697026,,,,SWOT_L2_HR_RiverSP_Reach_009_557_EU_20240124T005714_20240124T005716_PIC0_01.zip,river,2024-01-24 00:57:18+00:00
21500800161,2024-01-24T00:57:18Z,Fiume Arno,43.77826116,11.1119621,35.3108,8.752958,-0.0001526307,,,SWOT_L2_HR_RiverSP_Reach_009_557_EU_20240124T005714_20240124T005716_PIC0_01.zip,river,2024-01-24 00:57:18+00:00
21500800174,2024-01-24T00:57:18Z,Fiume Arno,43.78926005,11.1968555,,18.257782,,,,SWOT_L2_HR_RiverSP_Reach_009_557_EU_20240124T005714_20240124T005716_PIC0_01.zip,river,2024-01-24 00:57:18+00:00
21500800181,2024-01-24T00:57:18Z,Fiume Arno,43.7853558,11.2058467,31.676,46.148205,-0.0181464549,,,SWOT_L2_HR_RiverSP_Reach_009_557_EU_20240124T005714_20240124T005716_PIC0_01.zip,river,2024-01-24 00:57:18+00:00
21500800194,2024-01-24T00:57:18Z,Fiume Arno,43.78123761,11.2146427,,34.241245,,,,SWOT_L2_HR_RiverSP_Reach_009_557_EU_20240124T005714_20240124T005716_PIC0_01.zip,river,2024-01-24 00:57:18+00:00
21500800201,2024-01-24T00:57:18Z,Fiume Arno,43.7758682,11.2295414,32.3522,33.920497,0.01966237263,,,SWOT_L2_HR_RiverSP_Reach_009_557_EU_20240124T005714_20240124T005716_PIC0_01.zip,river,2024-01-24 00:57:18+00:00
21500800214,2024-01-24T00:57:18Z,Fiume Arno,43.7710951,11.2443983,,122.377187,,,,SWOT_L2_HR_RiverSP_Reach_009_557_EU_20240124T005714_20240124T005716_PIC0_01.zip,river,2024-01-24 00:57:18+00:00
21500800221,2024-01-24T00:57:18Z,Fiume Arno,43.76715202,11.2554943,42.3545,61.799891,0.0005015221,,,SWOT_L2_HR_RiverSP_Reach_009_557_EU_20240124T005714_20240124T005716_PIC0_01.zip,river,2024-01-24 00:57:18+00:00
21500800234,2024-01-24T00:57:18Z,Fiume Arno,43.76500389,11.2673403,,98.11549,,,,SWOT_L2_HR_RiverSP_Reach_009_557_EU_20240124T005714_20240124T005716_PIC0_01.zip,river,2024-01-24 00:57:18+00:00
21500800241,2024-01-24T00:57:18Z,Fiume Arno,43.76412125,11.2917186,52.4495,129.33599,0.00083917725,,,SWOT_L2_HR_RiverSP_Reach_009_557_EU_20240124T005714_20240124T005716_PIC0_01.zip,river,2024-01-24 00:57:18+00:00
21500800254,2024-01-24T00:57:18Z,Fiume Arno,43.76234794,11.3160621,,47.848498,,,,SWOT_L2_HR_RiverSP_Reach_009_557_EU_20240124T005714_20240124T005716_PIC0_01.zip,river,2024-01-24 00:57:18+00:00
21500800264,2024-01-24T00:57:18Z,Fiume Arno,43.76456329,11.3232663,,64.204632,,,,SWOT_L2_HR_RiverSP_Reach_009_557_EU_20240124T005714_20240124T005716_PIC0_01.zip,river,2024-01-24 00:57:18+00:00
21500800274,2024-01-24T00:57:18Z,Fiume Arno,43.76832184,11.331508,54.6908,270.208507,-0.0006903296,,,SWOT_L2_HR_RiverSP_Reach_009_557_EU_20240124T005714_20240124T005716_PIC0_01.zip,river,2024-01-24 00:57:18+00:00
21500800284,2024-01-24T00:57:18Z,Fiume Arno,43.76530457,11.337519,54.0059,103.95527,0.00016289268,,,SWOT_L2_HR_RiverSP_Reach_009_557_EU_20240124T005714_20240124T005716_PIC0_01.zip,river,2024-01-24 00:57:18+00:00
21500800301,2024-01-24T00:57:18Z,Fiume Arno,43.77298059,11.3559331,68.3409,49.23234,-0.0100290814,,,SWOT_L2_HR_RiverSP_Reach_009_557_EU_20240124T005714_20240124T005716_PIC0_01.zip,river,2024-01-24 00:57:18+00:00
21500800314,2024-01-24T00:57:18Z,Fiume Arno,43.78146667,11.3605945,,189.970932,,,,SWOT_L2_HR_RiverSP_Reach_009_557_EU_20240124T005714_20240124T005716_PIC0_01.zip,river,2024-01-24 00:57:18+00:00
21500800324,2024-01-24T00:57:18Z,Fiume Arno,43.78330118,11.3692522,63.9908,63.328933,0.0026640043,,,SWOT_L2_HR_RiverSP_Reach_009_557_EU_20240124T005714_20240124T005716_PIC0_01.zip,river,2024-01-24 00:57:18+00:00
21500800331,2024-01-24T00:57:18Z,Fiume Arno,43.78712321,11.3824156,65.6796,82.715596,0.00023726803,,,SWOT_L2_HR_RiverSP_Reach_009_557_EU_20240124T005714_20240124T005716_PIC0_01.zip,river,2024-01-24 00:57:18+00:00
21500800344,2024-01-24T00:57:27Z,Fiume Arno,43.79152438,11.3885935,,250.433165,,,,SWOT_L2_HR_RiverSP_Reach_009_557_EU_20240124T005714_20240124T005716_PIC0_01.zip,river,2024-01-24 00:57:27+00:00
21500800351,2024-01-24T00:57:18Z,Fiume Arno,43.75962957,11.4430708,82.21,66.500805,0.00273398576,,,SWOT_L2_HR_RiverSP_Reach_009_557_EU_20240124T005714_20240124T005716_PIC0_01.zip,river,2024-01-24 00:57:18+00:00
21500800364,no_data,Fiume Arno,43.72136726,11.4558202,,,,,,SWOT_L2_HR_RiverSP_Reach_009_557_EU_20240124T005714_20240124T005716_PIC0_01.zip,river,
21500900231,no_data,Serchio,43.88606154,10.5259476,,,,,,SWOT_L2_HR_RiverSP_Reach_009_557_EU_20240124T005714_20240124T005716_PIC0_01.zip,river,
21500900244,no_data,Serchio,43.91649583,10.529312,,,,,,SWOT_L2_HR_RiverSP_Reach_009_557_EU_20240124T005714_20240124T005716_PIC0_01.zip,river,
21500900314,no_data,Serchio,43.98114573,10.5523043,,,,,,SWOT_L2_HR_RiverSP_Reach_009_557_EU_20240124T005714_20240124T005716_PIC0_01.zip,river,
21406200021,no_data,Fiume Oglio,45.12874321,10.5044278,,,,,,SWOT_L2_HR_RiverSP_Reach_010_001_EU_20240125T005725_20240125T005727_PIC0_01.zip,river,
21406300031,no_data,Parma; Po,44.92391702,10.4975482,,,,,,SWOT_L2_HR_RiverSP_Reach_010_001_EU_20240125T005725_20240125T005727_PIC0_01.zip,river,
21406300041,no_data,Parma,44.96698609,10.4153531,,,,,,SWOT_L2_HR_RiverSP_Reach_010_001_EU_20240125T005725_20240125T005727_PIC0_01.zip,river,
21406300051,2024-01-25T00:58:18Z,Parma; Po,44.98238586,10.3257584,22.4713,199.116363,0.00029828706,,,SWOT_L2_HR_RiverSP_Reach_010_001_EU_20240125T005725_20240125T005727_PIC0_01.zip,river,2024-01-25 00:58:18+00:00
21406300061,2024-01-25T00:58:18Z,Po,45.0255784,10.1966661,25.9086,190.196887,0.00013030412,,,SWOT_L2_HR_RiverSP_Reach_010_001_EU_20240125T005725_20240125T005727_PIC0_01.zip,river,2024-01-25 00:58:18+00:00
21406300071,2024-01-25T00:58:18Z,Po,45.04383353,10.0629096,26.3311,238.102252,0.00011174216,,,SWOT_L2_HR_RiverSP_Reach_010_001_EU_20240125T005725_20240125T005727_PIC0_01.zip,river,2024-01-25 00:58:18+00:00
21406300081,2024-01-25T00:58:19Z,Po,45.11338408,10.0010764,27.3696,211.736097,8.587022e-05,,,SWOT_L2_HR_RiverSP_Reach_010_001_EU_20240125T005725_20240125T005727_PIC0_01.zip,river,2024-01-25 00:58:19+00:00
21406300091,2024-01-25T00:58:19Z,Po,45.10509326,9.9334895,28.3392,142.059358,0.00022364608,,,SWOT_L2_HR_RiverSP_Reach_010_001_EU_20240125T005725_20240125T005727_PIC0_01.zip,river,2024-01-25 00:58:19+00:00
21406300111,2024-01-25T00:58:19Z,Po,45.12967127,9.9212745,28.6777,187.701087,0.00022147612,,,SWOT_L2_HR_RiverSP_Reach_010_001_EU_20240125T005725_20240125T005727_PIC0_01.zip,river,2024-01-25 00:58:19+00:00
21406400014,2024-01-25T00:58:19Z,Adda,45.13676214,9.8763325,30.1947,196.234895,0.0012500197,,,SWOT_L2_HR_RiverSP_Reach_010_001_EU_20240125T005725_20240125T005727_PIC0_01.zip,river,2024-01-25 00:58:19+00:00
21406500011,2024-01-25T00:58:19Z,Adda; Po,45.11288469,9.8866488,31.5521,167.024228,-0.0006151024,,,SWOT_L2_HR_RiverSP_Reach_010_001_EU_20240125T005725_20240125T005727_PIC0_01.zip,river,2024-01-25 00:58:19+00:00
21406500021,2024-01-25T00:58:18Z,Po,45.08313086,9.8584456,40.4121,311.942482,-8.19406e-05,,,SWOT_L2_HR_RiverSP_Reach_010_001_EU_20240125T005725_20240125T005727_PIC0_01.zip,river,2024-01-25 00:58:18+00:00
21406500031,2024-01-25T00:58:18Z,Po,45.08910017,9.7847586,39.19,259.986224,1.265626e-05,,,SWOT_L2_HR_RiverSP_Reach_010_001_EU_20240125T005725_20240125T005727_PIC0_01.zip,river,2024-01-25 00:58:18+00:00
21406500041,2024-01-25T00:58:18Z,Po,45.07148237,9.704767,40.939,205.115702,0.0002017759,,,SWOT_L2_HR_RiverSP_Reach_010_001_EU_20240125T005725_20240125T005727_PIC0_01.zip,river,2024-01-25 00:58:18+00:00
21406500051,2024-01-25T00:58:18Z,Po,45.11288369,9.6007179,43.515,355.341874,0.00015248258,,,SWOT_L2_HR_RiverSP_Reach_010_001_EU_20240125T005725_20240125T005727_PIC0_01.zip,river,2024-01-25 00:58:18+00:00
21406500061,2024-01-25T00:58:18Z,Po,45.09545589,9.4901032,46.9229,206.903758,0.0002452929,,,SWOT_L2_HR_RiverSP_Reach_010_001_EU_20240125T005725_20240125T005727_PIC0_01.zip,river,2024-01-25 00:58:18+00:00
21406500071,2024-01-25T00:58:18Z,Po,45.11737939,9.3109347,50.3618,340.391065,0.0001769765,,,SWOT_L2_HR_RiverSP_Reach_010_001_EU_20240125T005725_20240125T005727_PIC0_01.zip,river,2024-01-25 00:58:18+00:00
21406500104,2024-01-25T00:58:19Z,Po,45.09264137,9.9046467,,106.196013,,,,SWOT_L2_HR_RiverSP_Reach_010_001_EU_20240125T005725_20240125T005727_PIC0_01.zip,river,2024-01-25 00:58:19+00:00
21406700011,2024-01-25T00:58:18Z,Po,45.12538309,9.1596345,53.3408,265.736035,0.00024983787,,,SWOT_L2_HR_RiverSP_Reach_010_001_EU_20240125T005725_20240125T005727_PIC0_01.zip,river,2024-01-25 00:58:18+00:00
21500900064,no_data,Fiume Magra,44.1080452,9.9369098,,,,,,SWOT_L2_HR_RiverSP_Reach_010_001_EU_20240125T005725_20240125T005727_PIC0_01.zip,river,
21500900335,no_data,Fiume Magra,44.07842653,9.9655885,,,,,,SWOT_L2_HR_RiverSP_Reach_010_001_EU_20240125T005725_20240125T005727_PIC0_01.zip,river,
21500900344,no_data,Fiume Magra,44.10398535,9.9379287,,,,,,SWOT_L2_HR_RiverSP_Reach_010_001_EU_20240125T005725_20240125T005727_PIC0_01.zip,river,
21500900355,no_data,Fiume Magra,44.12143652,9.9276433,,,,,,SWOT_L2_HR_RiverSP_Reach_010_001_EU_20240125T005725_20240125T005727_PIC0_01.zip,river,
21500900364,no_data,Fiume Magra,44.13142931,9.9138465,,,,,,SWOT_L2_HR_RiverSP_Reach_010_001_EU_20240125T005725_20240125T005727_PIC0_01.zip,river,
21500900375,no_data,Fiume Magra,44.13659356,9.9063001,,,,,,SWOT_L2_HR_RiverSP_Reach_010_001_EU_20240125T005725_20240125T005727_PIC0_01.zip,river,
21500900384,no_data,Fiume Magra,44.14283943,9.8981002,,,,,,SWOT_L2_HR_RiverSP_Reach_010_001_EU_20240125T005725_20240125T005727_PIC0_01.zip,river,
21500900395,no_data,Fiume Magra,44.15012927,9.8899941,,,,,,SWOT_L2_HR_RiverSP_Reach_010_001_EU_20240125T005725_20240125T005727_PIC0_01.zip,river,
21500900404,no_data,Fiume Magra,44.15876878,9.8931723,,,,,,SWOT_L2_HR_RiverSP_Reach_010_001_EU_20240125T005725_20240125T005727_PIC0_01.zip,river,
21500900414,no_data,Fiume Magra,44.16226318,9.8974438,,,,,,SWOT_L2_HR_RiverSP_Reach_010_001_EU_20240125T005725_20240125T005727_PIC0_01.zip,river,
21500900425,2024-01-25T00:58:16Z,Fiume Magra,44.16616482,9.9066061,21.9118,66.184426,0.00319620206,,,SWOT_L2_HR_RiverSP_Reach_010_001_EU_20240125T005725_20240125T005727_PIC0_01.zip,river,2024-01-25 00:58:16+00:00
21500900434,2024-01-25T00:58:16Z,Fiume Magra,44.16995794,9.9183815,25.9043,73.487911,0.00471031593,,,SWOT_L2_HR_RiverSP_Reach_010_001_EU_20240125T005725_20240125T005727_PIC0_01.zip,river,2024-01-25 00:58:16+00:00
21500900444,2024-01-25T00:58:16Z,Fiume Magra,44.17257832,9.9248018,,92.677857,,,,SWOT_L2_HR_RiverSP_Reach_010_001_EU_20240125T005725_20240125T005727_PIC0_01.zip,river,2024-01-25 00:58:16+00:00
21500900455,2024-01-25T00:58:16Z,Fiume Magra,44.1887648,9.9372759,38.1997,32.913851,0.00329336323,,,SWOT_L2_HR_RiverSP_Reach_010_001_EU_20240125T005725_20240125T005727_PIC0_01.zip,river,2024-01-25 00:58:16+00:00
21406200021,no_data,Fiume Oglio,45.12874321,10.5044278,,,,,,SWOT_L2_HR_RiverSP_Reach_010_001_EU_20240125T005725_20240125T005727_PIC0_02.zip,river,
21406300031,no_data,Parma; Po,44.92391702,10.4975482,,,,,,SWOT_L2_HR_RiverSP_Reach_010_001_EU_20240125T005725_20240125T005727_PIC0_02.zip,river,
21406300041,no_data,Parma,44.96698609,10.4153531,,,,,,SWOT_L2_HR_RiverSP_Reach_010_001_EU_20240125T005725_20240125T005727_PIC0_02.zip,river,
21406300051,2024-01-25T00:58:18Z,Parma; Po,44.98238586,10.3257584,22.4713,199.116363,0.00029828706,,,SWOT_L2_HR_RiverSP_Reach_010_001_EU_20240125T005725_20240125T005727_PIC0_02.zip,river,2024-01-25 00:58:18+00:00
21406300061,2024-01-25T00:58:18Z,Po,45.0255784,10.1966661,25.9086,190.196887,0.00013030412,,,SWOT_L2_HR_RiverSP_Reach_010_001_EU_20240125T005725_20240125T005727_PIC0_02.zip,river,2024-01-25 00:58:18+00:00
21406300071,2024-01-25T00:58:18Z,Po,45.04383353,10.0629096,26.3311,238.102252,0.00011174216,,,SWOT_L2_HR_RiverSP_Reach_010_001_EU_20240125T005725_20240125T005727_PIC0_02.zip,river,2024-01-25 00:58:18+00:00
21406300081,2024-01-25T00:58:19Z,Po,45.11338408,10.0010764,27.3696,211.736097,8.587022e-05,,,SWOT_L2_HR_RiverSP_Reach_010_001_EU_20240125T005725_20240125T005727_PIC0_02.zip,river,2024-01-25 00:58:19+00:00
21406300091,2024-01-25T00:58:19Z,Po,45.10509326,9.9334895,28.3392,142.059358,0.00022364608,,,SWOT_L2_HR_RiverSP_Reach_010_001_EU_20240125T005725_20240125T005727_PIC0_02.zip,river,2024-01-25 00:58:19+00:00
21406300111,2024-01-25T00:58:19Z,Po,45.12967127,9.9212745,28.6777,187.701087,0.00022147612,,,SWOT_L2_HR_RiverSP_Reach_010_001_EU_20240125T005725_20240125T005727_PIC0_02.zip,river,2024-01-25 00:58:19+00:00
21406400014,2024-01-25T00:58:19Z,Adda,45.13676214,9.8763325,30.1947,196.234895,0.0012500197,,,SWOT_L2_HR_RiverSP_Reach_010_001_EU_20240125T005725_20240125T005727_PIC0_02.zip,river,2024-01-25 00:58:19+00:00
21406500011,2024-01-25T00:58:19Z,Adda; Po,45.11288469,9.8866488,31.5521,167.024228,-0.0006151024,,,SWOT_L2_HR_RiverSP_Reach_010_001_EU_20240125T005725_20240125T005727_PIC0_02.zip,river,2024-01-25 00:58:19+00:00
21406500021,2024-01-25T00:58:18Z,Po,45.08313086,9.8584456,40.4121,311.942482,-8.19406e-05,,,SWOT_L2_HR_RiverSP_Reach_010_001_EU_20240125T005725_20240125T005727_PIC0_02.zip,river,2024-01-25 00:58:18+00:00
21406500031,2024-01-25T00:58:18Z,Po,45.08910017,9.7847586,39.19,259.986224,1.265626e-05,,,SWOT_L2_HR_RiverSP_Reach_010_001_EU_20240125T005725_20240125T005727_PIC0_02.zip,river,2024-01-25 00:58:18+00:00
21406500041,2024-01-25T00:58:18Z,Po,45.07148237,9.704767,40.939,205.115702,0.0002017759,,,SWOT_L2_HR_RiverSP_Reach_010_001_EU_20240125T005725_20240125T005727_PIC0_02.zip,river,2024-01-25 00:58:18+00:00
21406500051,2024-01-25T00:58:18Z,Po,45.11288369,9.6007179,43.515,355.341874,0.00015248258,,,SWOT_L2_HR_RiverSP_Reach_010_001_EU_20240125T005725_20240125T005727_PIC0_02.zip,river,2024-01-25 00:58:18+00:00
21406500061,2024-01-25T00:58:18Z,Po,45.09545589,9.4901032,46.9229,206.903758,0.0002452929,,,SWOT_L2_HR_RiverSP_Reach_010_001_EU_20240125T005725_20240125T005727_PIC0_02.zip,river,2024-01-25 00:58:18+00:00
21406500071,2024-01-25T00:58:18Z,Po,45.11737939,9.3109347,50.3618,340.391065,0.0001769765,,,SWOT_L2_HR_RiverSP_Reach_010_001_EU_20240125T005725_20240125T005727_PIC0_02.zip,river,2024-01-25 00:58:18+00:00
21406500104,2024-01-25T00:58:19Z,Po,45.09264137,9.9046467,,106.196013,,,,SWOT_L2_HR_RiverSP_Reach_010_001_EU_20240125T005725_20240125T005727_PIC0_02.zip,river,2024-01-25 00:58:19+00:00
21406700011,2024-01-25T00:58:18Z,Po,45.12538309,9.1596345,53.3408,265.736035,0.00024983787,,,SWOT_L2_HR_RiverSP_Reach_010_001_EU_20240125T005725_20240125T005727_PIC0_02.zip,river,2024-01-25 00:58:18+00:00
21500900064,no_data,Fiume Magra,44.1080452,9.9369098,,,,,,SWOT_L2_HR_RiverSP_Reach_010_001_EU_20240125T005725_20240125T005727_PIC0_02.zip,river,
21500900335,no_data,Fiume Magra,44.07842653,9.9655885,,,,,,SWOT_L2_HR_RiverSP_Reach_010_001_EU_20240125T005725_20240125T005727_PIC0_02.zip,river,
21500900344,no_data,Fiume Magra,44.10398535,9.9379287,,,,,,SWOT_L2_HR_RiverSP_Reach_010_001_EU_20240125T005725_20240125T005727_PIC0_02.zip,river,
21500900355,no_data,Fiume Magra,44.12143652,9.9276433,,,,,,SWOT_L2_HR_RiverSP_Reach_010_001_EU_20240125T005725_20240125T005727_PIC0_02.zip,river,
21500900364,no_data,Fiume Magra,44.13142931,9.9138465,,,,,,SWOT_L2_HR_RiverSP_Reach_010_001_EU_20240125T005725_20240125T005727_PIC0_02.zip,river,
21500900375,no_data,Fiume Magra,44.13659356,9.9063001,,,,,,SWOT_L2_HR_RiverSP_Reach_010_001_EU_20240125T005725_20240125T005727_PIC0_02.zip,river,
21500900384,no_data,Fiume Magra,44.14283943,9.8981002,,,,,,SWOT_L2_HR_RiverSP_Reach_010_001_EU_20240125T005725_20240125T005727_PIC0_02.zip,river,
21500900395,no_data,Fiume Magra,44.15012927,9.8899941,,,,,,SWOT_L2_HR_RiverSP_Reach_010_001_EU_20240125T005725_20240125T005727_PIC0_02.zip,river,
21500900404,no_data,Fiume Magra,44.15876878,9.8931723,,,,,,SWOT_L2_HR_RiverSP_Reach_010_001_EU_20240125T005725_20240125T005727_PIC0_02.zip,river,
21500900414,no_data,Fiume Magra,44.16226318,9.8974438,,,,,,SWOT_L2_HR_RiverSP_Reach_010_001_EU_20240125T005725_20240125T005727_PIC0_02.zip,river,
21500900425,2024-01-25T00:58:16Z,Fiume Magra,44.16616482,9.9066061,21.9118,66.184426,0.00319620206,,,SWOT_L2_HR_RiverSP_Reach_010_001_EU_20240125T005725_20240125T005727_PIC0_02.zip,river,2024-01-25 00:58:16+00:00
21500900434,2024-01-25T00:58:16Z,Fiume Magra,44.16995794,9.9183815,25.9043,73.487911,0.00471031593,,,SWOT_L2_HR_RiverSP_Reach_010_001_EU_20240125T005725_20240125T005727_PIC0_02.zip,river,2024-01-25 00:58:16+00:00
21500900444,2024-01-25T00:58:16Z,Fiume Magra,44.17257832,9.9248018,,92.677857,,,,SWOT_L2_HR_RiverSP_Reach_010_001_EU_20240125T005725_20240125T005727_PIC0_02.zip,river,2024-01-25 00:58:16+00:00
21500900455,2024-01-25T00:58:16Z,Fiume Magra,44.1887648,9.9372759,38.1997,32.913851,0.00329336323,,,SWOT_L2_HR_RiverSP_Reach_010_001_EU_20240125T005725_20240125T005727_PIC0_02.zip,river,2024-01-25 00:58:16+00:00
21404000011,2024-02-01T10:01:18Z,Adige,45.13669319,11.9340853,0.6438,62.732684,0.00029559048,,,SWOT_L2_HR_RiverSP_Reach_010_208_EU_20240201T095854_20240201T095857_PIC0_01.zip,river,2024-02-01 10:01:18+00:00
21404000021,2024-02-01T10:01:18Z,Adige,45.1152242,11.8085946,2.7776,71.049509,0.00032820934,,,SWOT_L2_HR_RiverSP_Reach_010_208_EU_20240201T095854_20240201T095857_PIC0_01.zip,river,2024-02-01 10:01:18+00:00
21404000031,2024-02-01T10:01:18Z,Adige,45.10291143,11.6839963,5.2275,65.306082,4.909315e-05,,,SWOT_L2_HR_RiverSP_Reach_010_208_EU_20240201T095854_20240201T095857_PIC0_01.zip,river,2024-02-01 10:01:18+00:00
21404000041,2024-02-01T10:01:18Z,Adige,45.11467588,11.5378009,7.9729,66.008674,0.00025368331,,,SWOT_L2_HR_RiverSP_Reach_010_208_EU_20240201T095854_20240201T095857_PIC0_01.zip,river,2024-02-01 10:01:18+00:00
21404000425,no_data,Adige; Fiume Adige,45.11811217,12.169194,,,,,,SWOT_L2_HR_RiverSP_Reach_010_208_EU_20240201T095854_20240201T095857_PIC0_01.zip,river,
21404000435,2024-02-01T10:01:18Z,Adige,45.13738683,12.0558708,1.3656,44.405271,0.00088581533,,,SWOT_L2_HR_RiverSP_Reach_010_208_EU_20240201T095854_20240201T095857_PIC0_01.zip,river,2024-02-01 10:01:18+00:00
21406100011,2024-02-01T10:01:27Z,no_data,44.97788826,11.9055543,0.6671,307.62371,4.049294e-05,,,SWOT_L2_HR_RiverSP_Reach_010_208_EU_20240201T095854_20240201T095857_PIC0_01.zip,river,2024-02-01 10:01:27+00:00
21406100021,2024-02-01T10:01:27Z,Po,44.94767275,11.7511479,1.3491,322.928922,5.639001e-05,,,SWOT_L2_HR_RiverSP_Reach_010_208_EU_20240201T095854_20240201T095857_PIC0_01.zip,river,2024-02-01 10:01:27+00:00
21406100031,2024-02-01T10:01:27Z,Po,44.89965067,11.6362292,2.2413,390.935588,8.890074e-05,,,SWOT_L2_HR_RiverSP_Reach_010_208_EU_20240201T095854_20240201T095857_PIC0_01.zip,river,2024-02-01 10:01:27+00:00
21406100041,2024-02-01T10:01:27Z,Po,44.92732847,11.5407952,3.2343,466.536612,0.00010348772,,,SWOT_L2_HR_RiverSP_Reach_010_208_EU_20240201T095854_20240201T095857_PIC0_01.zip,river,2024-02-01 10:01:27+00:00
21406100051,2024-02-01T10:01:19Z,Po,44.95362753,11.4200067,4.5663,529.25209,0.00010710019,,,SWOT_L2_HR_RiverSP_Reach_010_208_EU_20240201T095854_20240201T095857_PIC0_01.zip,river,2024-02-01 10:01:19+00:00
21406100061,2024-02-01T10:01:18Z,Po,45.00951862,11.3007475,5.8106,432.172701,8.704054e-05,,,SWOT_L2_HR_RiverSP_Reach_010_208_EU_20240201T095854_20240201T095857_PIC0_01.zip,river,2024-02-01 10:01:18+00:00
21406100071,2024-02-01T10:01:18Z,Po,45.05059331,11.2359852,6.7496,702.959763,0.00010502993,,,SWOT_L2_HR_RiverSP_Reach_010_208_EU_20240201T095854_20240201T095857_PIC0_01.zip,river,2024-02-01 10:01:18+00:00
21406100081,2024-02-01T10:01:18Z,Po,45.0526046,11.0864648,8.6239,343.353529,0.00011600899,,,SWOT_L2_HR_RiverSP_Reach_010_208_EU_20240201T095854_20240201T095857_PIC0_01.zip,river,2024-02-01 10:01:18+00:00
21406100091,2024-02-01T10:01:18Z,Fiume Mincio; Po,45.10017596,10.9113497,12.5761,52.832219,0.00020735997,,,SWOT_L2_HR_RiverSP_Reach_010_208_EU_20240201T095854_20240201T095857_PIC0_01.zip,river,2024-02-01 10:01:18+00:00
21406100101,2024-02-01T10:01:18Z,Po,45.06440534,10.9221059,10.4749,257.552339,0.00010965809,,,SWOT_L2_HR_RiverSP_Reach_010_208_EU_20240201T095854_20240201T095857_PIC0_01.zip,river,2024-02-01 10:01:18+00:00
21406100111,2024-02-01T10:01:18Z,Po,45.04625504,10.768001,12.4773,257.144958,0.00014390315,,,SWOT_L2_HR_RiverSP_Reach_010_208_EU_20240201T095854_20240201T095857_PIC0_01.zip,river,2024-02-01 10:01:18+00:00
21406100123,2024-02-01T10:01:18Z,Fiume Mincio,45.14246728,10.8162187,13.2004,,,,,SWOT_L2_HR_RiverSP_Reach_010_208_EU_20240201T095854_20240201T095857_PIC0_01.zip,river,2024-02-01 10:01:18+00:00
21406100285,no_data,Po di Venezia,44.97907136,12.2580871,,,,,,SWOT_L2_HR_RiverSP_Reach_010_208_EU_20240201T095854_20240201T095857_PIC0_01.zip,river,
21406100295,no_data,Po di Venezia,45.02022837,12.1647155,,,,,,SWOT_L2_HR_RiverSP_Reach_010_208_EU_20240201T095854_20240201T095857_PIC0_01.zip,river,
21406100305,2024-02-01T10:01:27Z,Po di Venezia,44.99976903,12.0782068,0.0841,357.321714,7.331331e-05,,,SWOT_L2_HR_RiverSP_Reach_010_208_EU_20240201T095854_20240201T095857_PIC0_01.zip,river,2024-02-01 10:01:27+00:00
21406100315,2024-02-01T10:01:27Z,Po,44.97645748,12.0255272,0.3312,340.032652,1.737825e-05,,,SWOT_L2_HR_RiverSP_Reach_010_208_EU_20240201T095854_20240201T095857_PIC0_01.zip,river,2024-02-01 10:01:27+00:00
21406200011,2024-02-01T10:01:18Z,Po,45.06313602,10.6021879,16.9526,45.5681,0.00027362515,,,SWOT_L2_HR_RiverSP_Reach_010_208_EU_20240201T095854_20240201T095857_PIC0_01.zip,river,2024-02-01 10:01:18+00:00
21406200021,2024-02-01T10:01:18Z,Fiume Oglio,45.12874321,10.5044278,20.0455,21.643863,0.00021674113,,,SWOT_L2_HR_RiverSP_Reach_010_208_EU_20240201T095854_20240201T095857_PIC0_01.zip,river,2024-02-01 10:01:18+00:00
21406300011,2024-02-01T10:01:18Z,Po,45.00223735,10.6801087,14.6969,273.019859,0.00012279095,,,SWOT_L2_HR_RiverSP_Reach_010_208_EU_20240201T095854_20240201T095857_PIC0_01.zip,river,2024-02-01 10:01:18+00:00
21406300021,2024-02-01T10:01:18Z,Po,44.92496107,10.6126319,16.4818,209.093537,0.00019993416,,,SWOT_L2_HR_RiverSP_Reach_010_208_EU_20240201T095854_20240201T095857_PIC0_01.zip,river,2024-02-01 10:01:18+00:00
21406300031,2024-02-01T10:01:18Z,Parma; Po,44.92391702,10.4975482,16.5543,201.455502,-3.66875e-05,,,SWOT_L2_HR_RiverSP_Reach_010_208_EU_20240201T095854_20240201T095857_PIC0_01.zip,river,2024-02-01 10:01:18+00:00
21406300041,2024-02-01T10:01:18Z,Parma,44.96698609,10.4153531,19.4027,228.486238,0.00036704058,,,SWOT_L2_HR_RiverSP_Reach_010_208_EU_20240201T095854_20240201T095857_PIC0_01.zip,river,2024-02-01 10:01:18+00:00
21406300051,2024-02-01T10:01:18Z,Parma; Po,44.98238586,10.3257584,22.5064,138.854501,0.00395600323,,,SWOT_L2_HR_RiverSP_Reach_010_208_EU_20240201T095854_20240201T095857_PIC0_01.zip,river,2024-02-01 10:01:18+00:00
21406300061,no_data,Po,45.0255784,10.1966661,,,,,,SWOT_L2_HR_RiverSP_Reach_010_208_EU_20240201T095854_20240201T095857_PIC0_01.zip,river,
21407000035,no_data,Po di Goro,44.88212683,12.2910628,,,,,,SWOT_L2_HR_RiverSP_Reach_010_208_EU_20240201T095854_20240201T095857_PIC0_01.zip,river,
21407000045,no_data,Po di Goro,44.93225211,12.2569541,,,,,,SWOT_L2_HR_RiverSP_Reach_010_208_EU_20240201T095854_20240201T095857_PIC0_01.zip,river,
21407000055,2024-02-01T10:01:27Z,Po di Goro,44.94808193,12.128055,-0.3774,27.023674,1.610868e-05,,,SWOT_L2_HR_RiverSP_Reach_010_208_EU_20240201T095854_20240201T095857_PIC0_01.zip,river,2024-02-01 10:01:27+00:00
21500800061,2024-02-01T10:01:38Z,Fiume Arno,43.70436492,10.7839405,,5.751207,,,,SWOT_L2_HR_RiverSP_Reach_010_208_EU_20240201T095854_20240201T095857_PIC0_01.zip,river,2024-02-01 10:01:38+00:00
21500800074,2024-02-01T10:01:38Z,Fiume Arno,43.71763156,10.8700497,,27.63785,,,,SWOT_L2_HR_RiverSP_Reach_010_208_EU_20240201T095854_20240201T095857_PIC0_01.zip,river,2024-02-01 10:01:38+00:00
21500800081,2024-02-01T10:01:38Z,Fiume Arno,43.72780079,10.8953951,18.5853,4.275311,0.00438847934,,,SWOT_L2_HR_RiverSP_Reach_010_208_EU_20240201T095854_20240201T095857_PIC0_01.zip,river,2024-02-01 10:01:38+00:00
21500800094,2024-02-01T10:01:38Z,Fiume Arno,43.72897311,10.9212468,,25.594557,,,,SWOT_L2_HR_RiverSP_Reach_010_208_EU_20240201T095854_20240201T095857_PIC0_01.zip,river,2024-02-01 10:01:38+00:00
21500800101,2024-02-01T10:01:38Z,Fiume Arno,43.72609497,10.9424002,32.6198,2.946629,-0.0032884257,,,SWOT_L2_HR_RiverSP_Reach_010_208_EU_20240201T095854_20240201T095857_PIC0_01.zip,river,2024-02-01 10:01:38+00:00
21500800114,2024-02-01T10:01:38Z,Fiume Arno,43.73395613,10.9629417,,42.444253,,,,SWOT_L2_HR_RiverSP_Reach_010_208_EU_20240201T095854_20240201T095857_PIC0_01.zip,river,2024-02-01 10:01:38+00:00
21500800121,2024-02-01T10:01:38Z,Fiume Arno,43.739528,10.9815185,17.5604,12.457374,-0.0001646093,,,SWOT_L2_HR_RiverSP_Reach_010_208_EU_20240201T095854_20240201T095857_PIC0_01.zip,river,2024-02-01 10:01:38+00:00
21500800134,2024-02-01T10:01:38Z,Fiume Arno,43.73552158,10.9998728,,16.77546,,,,SWOT_L2_HR_RiverSP_Reach_010_208_EU_20240201T095854_20240201T095857_PIC0_01.zip,river,2024-02-01 10:01:38+00:00
21500800141,2024-02-01T10:01:38Z,Fiume Arno,43.74768721,11.0244481,21.3044,12.693154,0.00053675945,,,SWOT_L2_HR_RiverSP_Reach_010_208_EU_20240201T095854_20240201T095857_PIC0_01.zip,river,2024-02-01 10:01:38+00:00
21500800154,2024-02-01T10:01:38Z,Fiume Arno,43.76627758,11.0424554,,36.009684,,,,SWOT_L2_HR_RiverSP_Reach_010_208_EU_20240201T095854_20240201T095857_PIC0_01.zip,river,2024-02-01 10:01:38+00:00
21500800161,2024-02-01T10:01:38Z,Fiume Arno,43.77826116,11.1119621,28.6217,14.053552,0.00042968453,,,SWOT_L2_HR_RiverSP_Reach_010_208_EU_20240201T095854_20240201T095857_PIC0_01.zip,river,2024-02-01 10:01:38+00:00
21500800174,2024-02-01T10:01:38Z,Fiume Arno,43.78926005,11.1968555,,14.041636,,,,SWOT_L2_HR_RiverSP_Reach_010_208_EU_20240201T095854_20240201T095857_PIC0_01.zip,river,2024-02-01 10:01:38+00:00
21500800181,2024-02-01T10:01:38Z,Fiume Arno,43.7853558,11.2058467,28.0646,11.287814,0.00053053783,,,SWOT_L2_HR_RiverSP_Reach_010_208_EU_20240201T095854_20240201T095857_PIC0_01.zip,river,2024-02-01 10:01:38+00:00
21500800194,2024-02-01T10:01:38Z,Fiume Arno,43.78123761,11.2146427,,60.422988,,,,SWOT_L2_HR_RiverSP_Reach_010_208_EU_20240201T095854_20240201T095857_PIC0_01.zip,river,2024-02-01 10:01:38+00:00
21500800201,2024-02-01T10:01:38Z,Fiume Arno,43.7758682,11.2295414,,28.979293,,,,SWOT_L2_HR_RiverSP_Reach_010_208_EU_20240201T095854_20240201T095857_PIC0_01.zip,river,2024-02-01 10:01:38+00:00
21500800214,2024-02-01T10:01:38Z,Fiume Arno,43.7710951,11.2443983,,18.083841,,,,SWOT_L2_HR_RiverSP_Reach_010_208_EU_20240201T095854_20240201T095857_PIC0_01.zip,river,2024-02-01 10:01:38+00:00
21500800221,2024-02-01T10:01:38Z,Fiume Arno,43.76715202,11.2554943,41.2266,72.552776,0.00086007063,,,SWOT_L2_HR_RiverSP_Reach_010_208_EU_20240201T095854_20240201T095857_PIC0_01.zip,river,2024-02-01 10:01:38+00:00
21500800234,2024-02-01T10:01:38Z,Fiume Arno,43.76500389,11.2673403,,53.586942,,,,SWOT_L2_HR_RiverSP_Reach_010_208_EU_20240201T095854_20240201T095857_PIC0_01.zip,river,2024-02-01 10:01:38+00:00
21500800241,2024-02-01T10:01:38Z,Fiume Arno,43.76412125,11.2917186,43.5223,49.707513,-6.8047e-06,,,SWOT_L2_HR_RiverSP_Reach_010_208_EU_20240201T095854_20240201T095857_PIC0_01.zip,river,2024-02-01 10:01:38+00:00
21500800254,2024-02-01T10:01:38Z,Fiume Arno,43.76234794,11.3160621,,99.306539,,,,SWOT_L2_HR_RiverSP_Reach_010_208_EU_20240201T095854_20240201T095857_PIC0_01.zip,river,2024-02-01 10:01:38+00:00
21500800264,2024-02-01T10:01:38Z,Fiume Arno,43.76456329,11.3232663,52.1466,137.25038,0.0036586248,,,SWOT_L2_HR_RiverSP_Reach_010_208_EU_20240201T095854_20240201T095857_PIC0_01.zip,river,2024-02-01 10:01:38+00:00
21500800274,2024-02-01T10:01:38Z,Fiume Arno,43.76832184,11.331508,53.992,167.636263,8.528307e-05,,,SWOT_L2_HR_RiverSP_Reach_010_208_EU_20240201T095854_20240201T095857_PIC0_01.zip,river,2024-02-01 10:01:38+00:00
21500800284,2024-02-01T10:01:38Z,Fiume Arno,43.76530457,11.337519,54.5863,118.776044,0.00227682965,,,SWOT_L2_HR_RiverSP_Reach_010_208_EU_20240201T095854_20240201T095857_PIC0_01.zip,river,2024-02-01 10:01:38+00:00
21500800301,2024-02-01T10:01:38Z,Fiume Arno,43.77298059,11.3559331,57.0354,32.186875,0.00058810788,,,SWOT_L2_HR_RiverSP_Reach_010_208_EU_20240201T095854_20240201T095857_PIC0_01.zip,river,2024-02-01 10:01:38+00:00
21500800314,2024-02-01T10:01:38Z,Fiume Arno,43.78146667,11.3605945,,167.810289,,,,SWOT_L2_HR_RiverSP_Reach_010_208_EU_20240201T095854_20240201T095857_PIC0_01.zip,river,2024-02-01 10:01:38+00:00
21500800324,2024-02-01T10:01:38Z,Fiume Arno,43.78330118,11.3692522,63.6604,48.166365,0.00199525997,,,SWOT_L2_HR_RiverSP_Reach_010_208_EU_20240201T095854_20240201T095857_PIC0_01.zip,river,2024-02-01 10:01:38+00:00
21500800331,2024-02-01T10:01:38Z,Fiume Arno,43.78712321,11.3824156,65.6077,91.96563,-0.000440565,,,SWOT_L2_HR_RiverSP_Reach_010_208_EU_20240201T095854_20240201T095857_PIC0_01.zip,river,2024-02-01 10:01:38+00:00
21500800344,2024-02-01T10:01:38Z,Fiume Arno,43.79152438,11.3885935,,140.293643,,,,SWOT_L2_HR_RiverSP_Reach_010_208_EU_20240201T095854_20240201T095857_PIC0_01.zip,river,2024-02-01 10:01:38+00:00
21500800351,2024-02-01T10:01:39Z,Fiume Arno,43.75962957,11.4430708,81.5562,58.322677,0.0027116634,,,SWOT_L2_HR_RiverSP_Reach_010_208_EU_20240201T095854_20240201T095857_PIC0_01.zip,river,2024-02-01 10:01:39+00:00
21500800364,2024-02-01T10:01:47Z,Fiume Arno,43.72136726,11.4558202,,57.729565,,,,SWOT_L2_HR_RiverSP_Reach_010_208_EU_20240201T095854_20240201T095857_PIC0_01.zip,river,2024-02-01 10:01:47+00:00
21406500041,no_data,Po,45.07148237,9.704767,,,,,,SWOT_L2_HR_RiverSP_Reach_010_236_EU_20240202T095932_20240202T095938_PIC0_01.zip,river,
21406500051,2024-02-02T10:01:49Z,Po,45.11288369,9.6007179,43.4181,258.420331,0.00021340791,,,SWOT_L2_HR_RiverSP_Reach_010_236_EU_20240202T095932_20240202T095938_PIC0_01.zip,river,2024-02-02 10:01:49+00:00
21406500061,2024-02-02T10:01:49Z,Po,45.09545589,9.4901032,46.7584,278.032329,0.00015833523,,,SWOT_L2_HR_RiverSP_Reach_010_236_EU_20240202T095932_20240202T095938_PIC0_01.zip,river,2024-02-02 10:01:49+00:00
21406500071,2024-02-02T10:01:49Z,Po,45.11737939,9.3109347,50.5607,352.41418,0.00024398002,,,SWOT_L2_HR_RiverSP_Reach_010_236_EU_20240202T095932_20240202T095938_PIC0_01.zip,river,2024-02-02 10:01:49+00:00
21406700011,2024-02-02T10:01:49Z,Po,45.12538309,9.1596345,53.5127,267.295111,0.00022006346,,,SWOT_L2_HR_RiverSP_Reach_010_236_EU_20240202T095932_20240202T095938_PIC0_01.zip,river,2024-02-02 10:01:49+00:00
21404000021,no_data,Adige,45.1152242,11.8085946,,,,,,SWOT_L2_HR_RiverSP_Reach_010_279_EU_20240203T231856_20240203T231904_PIC0_01.zip,river,
21404000031,no_data,Adige,45.10291143,11.6839963,,26.960748,,,,SWOT_L2_HR_RiverSP_Reach_010_279_EU_20240203T231856_20240203T231904_PIC0_01.zip,river,
21404000041,2024-02-03T23:20:35Z,Adige,45.11467588,11.5378009,7.1892,62.695897,0.00018603869,,,SWOT_L2_HR_RiverSP_Reach_010_279_EU_20240203T231856_20240203T231904_PIC0_01.zip,river,2024-02-03 23:20:35+00:00
21406100031,no_data,Po,44.89965067,11.6362292,,,,,,SWOT_L2_HR_RiverSP_Reach_010_279_EU_20240203T231856_20240203T231904_PIC0_01.zip,river,
21406100041,2024-02-03T23:20:35Z,Po,44.92732847,11.5407952,3.727,434.887885,2.206274e-05,,,SWOT_L2_HR_RiverSP_Reach_010_279_EU_20240203T231856_20240203T231904_PIC0_01.zip,river,2024-02-03 23:20:35+00:00
21406100051,2024-02-03T23:20:35Z,Po,44.95362753,11.4200067,5.0266,412.302408,0.00015479284,,,SWOT_L2_HR_RiverSP_Reach_010_279_EU_20240203T231856_20240203T231904_PIC0_01.zip,river,2024-02-03 23:20:35+00:00
21406100061,2024-02-03T23:20:35Z,Po,45.00951862,11.3007475,6.5649,353.571663,0.00011448152,,,SWOT_L2_HR_RiverSP_Reach_010_279_EU_20240203T231856_20240203T231904_PIC0_01.zip,river,2024-02-03 23:20:35+00:00
21406100071,2024-02-03T23:20:35Z,Po,45.05059331,11.2359852,7.1419,336.77782,1.336976e-05,,,SWOT_L2_HR_RiverSP_Reach_010_279_EU_20240203T231856_20240203T231904_PIC0_01.zip,river,2024-02-03 23:20:35+00:00
21406100081,2024-02-03T23:20:35Z,Po,45.0526046,11.0864648,8.5667,337.399701,0.00011986005,,,SWOT_L2_HR_RiverSP_Reach_010_279_EU_20240203T231856_20240203T231904_PIC0_01.zip,river,2024-02-03 23:20:35+00:00
21406100091,2024-02-03T23:20:35Z,Fiume Mincio; Po,45.10017596,10.9113497,14.3986,82.2322,0.0008889408,,,SWOT_L2_HR_RiverSP_Reach_010_279_EU_20240203T231856_20240203T231904_PIC0_01.zip,river,2024-02-03 23:20:35+00:00
21406100101,2024-02-03T23:20:35Z,Po,45.06440534,10.9221059,10.4641,332.466739,9.785115e-05,,,SWOT_L2_HR_RiverSP_Reach_010_279_EU_20240203T231856_20240203T231904_PIC0_01.zip,river,2024-02-03 23:20:35+00:00
21406100111,2024-02-03T23:20:35Z,Po,45.04625504,10.768001,12.0748,320.991611,0.00023653588,,,SWOT_L2_HR_RiverSP_Reach_010_279_EU_20240203T231856_20240203T231904_PIC0_01.zip,river,2024-02-03 23:20:35+00:00
21406100123,2024-02-03T23:20:35Z,Fiume Mincio,45.14246728,10.8162187,24.0457,,,,,SWOT_L2_HR_RiverSP_Reach_010_279_EU_20240203T231856_20240203T231904_PIC0_01.zip,river,2024-02-03 23:20:35+00:00
21406200011,2024-02-03T23:20:35Z,Po,45.06313602,10.6021879,17.0006,113.168639,0.00024664929,,,SWOT_L2_HR_RiverSP_Reach_010_279_EU_20240203T231856_20240203T231904_PIC0_01.zip,river,2024-02-03 23:20:35+00:00
21406200021,2024-02-03T23:20:35Z,Fiume Oglio,45.12874321,10.5044278,20.319,70.236004,0.00022919808,,,SWOT_L2_HR_RiverSP_Reach_010_279_EU_20240203T231856_20240203T231904_PIC0_01.zip,river,2024-02-03 23:20:35+00:00
21406300011,no_data,Po,45.00223735,10.6801087,,,,,,SWOT_L2_HR_RiverSP_Reach_010_279_EU_20240203T231856_20240203T231904_PIC0_01.zip,river,
21406300021,2024-02-03T23:20:35Z,Po,44.92496107,10.6126319,16.1502,197.65222,-2.17618e-05,,,SWOT_L2_HR_RiverSP_Reach_010_279_EU_20240203T231856_20240203T231904_PIC0_01.zip,river,2024-02-03 23:20:35+00:00
21406300031,2024-02-03T23:20:34Z,Parma; Po,44.92391702,10.4975482,17.6348,234.896773,0.00013779439,,,SWOT_L2_HR_RiverSP_Reach_010_279_EU_20240203T231856_20240203T231904_PIC0_01.zip,river,2024-02-03 23:20:34+00:00
21406300041,2024-02-03T23:20:35Z,Parma,44.96698609,10.4153531,19.1534,268.741624,0.00016736449,,,SWOT_L2_HR_RiverSP_Reach_010_279_EU_20240203T231856_20240203T231904_PIC0_01.zip,river,2024-02-03 23:20:35+00:00
21406300051,2024-02-03T23:20:35Z,Parma; Po,44.98238586,10.3257584,21.2635,217.757487,0.00027200712,,,SWOT_L2_HR_RiverSP_Reach_010_279_EU_20240203T231856_20240203T231904_PIC0_01.zip,river,2024-02-03 23:20:35+00:00
21406300061,2024-02-03T23:20:35Z,Po,45.0255784,10.1966661,24.6834,193.414405,0.00010502127,,,SWOT_L2_HR_RiverSP_Reach_010_279_EU_20240203T231856_20240203T231904_PIC0_01.zip,river,2024-02-03 23:20:35+00:00
21406300071,2024-02-03T23:20:35Z,Po,45.04383353,10.0629096,25.3098,228.044815,7.552319e-05,,,SWOT_L2_HR_RiverSP_Reach_010_279_EU_20240203T231856_20240203T231904_PIC0_01.zip,river,2024-02-03 23:20:35+00:00
21406300081,2024-02-03T23:20:35Z,Po,45.11338408,10.0010764,26.2681,199.564518,1.591617e-05,,,SWOT_L2_HR_RiverSP_Reach_010_279_EU_20240203T231856_20240203T231904_PIC0_01.zip,river,2024-02-03 23:20:35+00:00
21406300091,2024-02-03T23:20:35Z,Po,45.10509326,9.9334895,26.8282,115.063744,0.00087065822,,,SWOT_L2_HR_RiverSP_Reach_010_279_EU_20240203T231856_20240203T231904_PIC0_01.zip,river,2024-02-03 23:20:35+00:00
21406300111,2024-02-03T23:20:35Z,Po,45.12967127,9.9212745,26.8977,154.122955,0.00034670303,,,SWOT_L2_HR_RiverSP_Reach_010_279_EU_20240203T231856_20240203T231904_PIC0_01.zip,river,2024-02-03 23:20:35+00:00
21406400014,2024-02-03T23:20:35Z,Adda,45.13676214,9.8763325,,82.744452,,,,SWOT_L2_HR_RiverSP_Reach_010_279_EU_20240203T231856_20240203T231904_PIC0_01.zip,river,2024-02-03 23:20:35+00:00
21406500011,2024-02-03T23:20:35Z,Adda; Po,45.11288469,9.8866488,27.3579,149.240921,0.00088851047,,,SWOT_L2_HR_RiverSP_Reach_010_279_EU_20240203T231856_20240203T231904_PIC0_01.zip,river,2024-02-03 23:20:35+00:00
21406500021,2024-02-03T23:20:35Z,Po,45.08313086,9.8584456,37.5956,269.53856,-0.0013226789,,,SWOT_L2_HR_RiverSP_Reach_010_279_EU_20240203T231856_20240203T231904_PIC0_01.zip,river,2024-02-03 23:20:35+00:00
21406500031,no_data,Po,45.08910017,9.7847586,,,,,,SWOT_L2_HR_RiverSP_Reach_010_279_EU_20240203T231856_20240203T231904_PIC0_01.zip,river,
21406500041,no_data,Po,45.07148237,9.704767,,,,,,SWOT_L2_HR_RiverSP_Reach_010_279_EU_20240203T231856_20240203T231904_PIC0_01.zip,river,
21406500104,2024-02-03T23:20:35Z,Po,45.09264137,9.9046467,,80.501675,,,,SWOT_L2_HR_RiverSP_Reach_010_279_EU_20240203T231856_20240203T231904_PIC0_01.zip,river,2024-02-03 23:20:35+00:00
21500800021,2024-02-03T23:20:22Z,Fiume Arno,43.7081277,10.4445051,1.6213,41.775884,-0.0002875381,,,SWOT_L2_HR_RiverSP_Reach_010_279_EU_20240203T231856_20240203T231904_PIC0_01.zip,river,2024-02-03 23:20:22+00:00
21500800061,2024-02-03T23:20:22Z,Fiume Arno,43.70436492,10.7839405,12.7348,6.942972,-0.0003789705,,,SWOT_L2_HR_RiverSP_Reach_010_279_EU_20240203T231856_20240203T231904_PIC0_01.zip,river,2024-02-03 23:20:22+00:00
21500800074,2024-02-03T23:20:22Z,Fiume Arno,43.71763156,10.8700497,,40.205186,,,,SWOT_L2_HR_RiverSP_Reach_010_279_EU_20240203T231856_20240203T231904_PIC0_01.zip,river,2024-02-03 23:20:22+00:00
21500800081,2024-02-03T23:20:22Z,Fiume Arno,43.72780079,10.8953951,12.0195,3.240486,-0.0011487119,,,SWOT_L2_HR_RiverSP_Reach_010_279_EU_20240203T231856_20240203T231904_PIC0_01.zip,river,2024-02-03 23:20:22+00:00
21500800094,2024-02-03T23:20:23Z,Fiume Arno,43.72897311,10.9212468,,20.101883,,,,SWOT_L2_HR_RiverSP_Reach_010_279_EU_20240203T231856_20240203T231904_PIC0_01.zip,river,2024-02-03 23:20:23+00:00
21500800101,2024-02-03T23:20:23Z,Fiume Arno,43.72609497,10.9424002,,3.672072,,,,SWOT_L2_HR_RiverSP_Reach_010_279_EU_20240203T231856_20240203T231904_PIC0_01.zip,river,2024-02-03 23:20:23+00:00
21500800114,2024-02-03T23:20:23Z,Fiume Arno,43.73395613,10.9629417,,28.900502,,,,SWOT_L2_HR_RiverSP_Reach_010_279_EU_20240203T231856_20240203T231904_PIC0_01.zip,river,2024-02-03 23:20:23+00:00
21500800121,2024-02-03T23:20:23Z,Fiume Arno,43.739528,10.9815185,19.2545,4.089677,-0.0012536089,,,SWOT_L2_HR_RiverSP_Reach_010_279_EU_20240203T231856_20240203T231904_PIC0_01.zip,river,2024-02-03 23:20:23+00:00
21500800134,2024-02-03T23:20:23Z,Fiume Arno,43.73552158,10.9998728,,31.491909,,,,SWOT_L2_HR_RiverSP_Reach_010_279_EU_20240203T231856_20240203T231904_PIC0_01.zip,river,2024-02-03 23:20:23+00:00
21500800141,2024-02-03T23:20:23Z,Fiume Arno,43.74768721,11.0244481,22.9868,6.942562,0.00099157047,,,SWOT_L2_HR_RiverSP_Reach_010_279_EU_20240203T231856_20240203T231904_PIC0_01.zip,river,2024-02-03 23:20:23+00:00
21500800154,2024-02-03T23:20:23Z,Fiume Arno,43.76627758,11.0424554,,4.330034,,,,SWOT_L2_HR_RiverSP_Reach_010_279_EU_20240203T231856_20240203T231904_PIC0_01.zip,river,2024-02-03 23:20:23+00:00
21500800161,2024-02-03T23:20:23Z,Fiume Arno,43.77826116,11.1119621,54.5797,2.742822,0.00108325761,,,SWOT_L2_HR_RiverSP_Reach_010_279_EU_20240203T231856_20240203T231904_PIC0_01.zip,river,2024-02-03 23:20:23+00:00
21500800174,no_data,Fiume Arno,43.78926005,11.1968555,,,,,,SWOT_L2_HR_RiverSP_Reach_010_279_EU_20240203T231856_20240203T231904_PIC0_01.zip,river,
21500800181,no_data,Fiume Arno,43.7853558,11.2058467,,,,,,SWOT_L2_HR_RiverSP_Reach_010_279_EU_20240203T231856_20240203T231904_PIC0_01.zip,river,
21500800194,no_data,Fiume Arno,43.78123761,11.2146427,,,,,,SWOT_L2_HR_RiverSP_Reach_010_279_EU_20240203T231856_20240203T231904_PIC0_01.zip,river,
21500800201,no_data,Fiume Arno,43.7758682,11.2295414,,,,,,SWOT_L2_HR_RiverSP_Reach_010_279_EU_20240203T231856_20240203T231904_PIC0_01.zip,river,
21500800214,no_data,Fiume Arno,43.7710951,11.2443983,,,,,,SWOT_L2_HR_RiverSP_Reach_010_279_EU_20240203T231856_20240203T231904_PIC0_01.zip,river,
21500800221,no_data,Fiume Arno,43.76715202,11.2554943,,,,,,SWOT_L2_HR_RiverSP_Reach_010_279_EU_20240203T231856_20240203T231904_PIC0_01.zip,river,
21500800234,no_data,Fiume Arno,43.76500389,11.2673403,,,,,,SWOT_L2_HR_RiverSP_Reach_010_279_EU_20240203T231856_20240203T231904_PIC0_01.zip,river,
21500800241,no_data,Fiume Arno,43.76412125,11.2917186,,,,,,SWOT_L2_HR_RiverSP_Reach_010_279_EU_20240203T231856_20240203T231904_PIC0_01.zip,river,
21500900013,2024-02-03T23:20:22Z,Serchio,43.76238147,10.3226477,-1.2097,45.845587,-0.0007404936,,,SWOT_L2_HR_RiverSP_Reach_010_279_EU_20240203T231856_20240203T231904_PIC0_01.zip,river,2024-02-03 23:20:22+00:00
21500900021,no_data,Serchio,43.78117023,10.399042,,7.219983,,,,SWOT_L2_HR_RiverSP_Reach_010_279_EU_20240203T231856_20240203T231904_PIC0_01.zip,river,
21500900034,no_data,Serchio,43.78946261,10.4164431,,,,,,SWOT_L2_HR_RiverSP_Reach_010_279_EU_20240203T231856_20240203T231904_PIC0_01.zip,river,
21500900041,2024-02-03T23:20:22Z,Serchio,43.8036516,10.4063306,7.8026,35.878462,-0.0018807734,,,SWOT_L2_HR_RiverSP_Reach_010_279_EU_20240203T231856_20240203T231904_PIC0_01.zip,river,2024-02-03 23:20:22+00:00
21500900064,2024-02-03T23:20:23Z,Fiume Magra,44.1080452,9.9369098,,117.700363,,,,SWOT_L2_HR_RiverSP_Reach_010_279_EU_20240203T231856_20240203T231904_PIC0_01.zip,river,2024-02-03 23:20:23+00:00
21500900184,2024-02-03T23:20:22Z,Serchio,43.8188553,10.4136918,,164.680008,,,,SWOT_L2_HR_RiverSP_Reach_010_279_EU_20240203T231856_20240203T231904_PIC0_01.zip,river,2024-02-03 23:20:22+00:00
21500900191,2024-02-03T23:20:23Z,Serchio,43.84327707,10.4415553,,10.384984,,,,SWOT_L2_HR_RiverSP_Reach_010_279_EU_20240203T231856_20240203T231904_PIC0_01.zip,river,2024-02-03 23:20:23+00:00
21500900204,no_data,Serchio,43.8539327,10.476405,,,,,,SWOT_L2_HR_RiverSP_Reach_010_279_EU_20240203T231856_20240203T231904_PIC0_01.zip,river,
21500900211,2024-02-03T23:20:23Z,Serchio,43.8532787,10.4915647,,8.902145,,,,SWOT_L2_HR_RiverSP_Reach_010_279_EU_20240203T231856_20240203T231904_PIC0_01.zip,river,2024-02-03 23:20:23+00:00
21500900224,2024-02-03T23:20:23Z,Serchio,43.85677563,10.5059732,,26.865833,,,,SWOT_L2_HR_RiverSP_Reach_010_279_EU_20240203T231856_20240203T231904_PIC0_01.zip,river,2024-02-03 23:20:23+00:00
21500900231,2024-02-03T23:20:23Z,Serchio,43.88606154,10.5259476,30.9742,54.182327,0.00725371739,,,SWOT_L2_HR_RiverSP_Reach_010_279_EU_20240203T231856_20240203T231904_PIC0_01.zip,river,2024-02-03 23:20:23+00:00
21500900244,2024-02-03T23:20:23Z,Serchio,43.91649583,10.529312,,38.839744,,,,SWOT_L2_HR_RiverSP_Reach_010_279_EU_20240203T231856_20240203T231904_PIC0_01.zip,river,2024-02-03 23:20:23+00:00
21500900261,2024-02-03T23:20:23Z,Serchio,43.92488448,10.5296092,,13.446224,,,,SWOT_L2_HR_RiverSP_Reach_010_279_EU_20240203T231856_20240203T231904_PIC0_01.zip,river,2024-02-03 23:20:23+00:00
21500900274,2024-02-03T23:20:23Z,Serchio,43.92529227,10.5218935,,94.67297,,,,SWOT_L2_HR_RiverSP_Reach_010_279_EU_20240203T231856_20240203T231904_PIC0_01.zip,river,2024-02-03 23:20:23+00:00
21500900281,2024-02-03T23:20:23Z,Serchio,43.93088015,10.5087897,46.178,32.752831,0.00289740371,,,SWOT_L2_HR_RiverSP_Reach_010_279_EU_20240203T231856_20240203T231904_PIC0_01.zip,river,2024-02-03 23:20:23+00:00
21500900294,2024-02-03T23:20:23Z,Serchio,43.93982305,10.5015469,,108.242562,,,,SWOT_L2_HR_RiverSP_Reach_010_279_EU_20240203T231856_20240203T231904_PIC0_01.zip,river,2024-02-03 23:20:23+00:00
21500900301,2024-02-03T23:20:23Z,Serchio,43.96338733,10.5238839,67.4551,62.535804,0.00497730999,,,SWOT_L2_HR_RiverSP_Reach_010_279_EU_20240203T231856_20240203T231904_PIC0_01.zip,river,2024-02-03 23:20:23+00:00
21500900314,2024-02-03T23:20:23Z,Serchio,43.98114573,10.5523043,,169.82763,,,,SWOT_L2_HR_RiverSP_Reach_010_279_EU_20240203T231856_20240203T231904_PIC0_01.zip,river,2024-02-03 23:20:23+00:00
21500900321,2024-02-03T23:20:23Z,Serchio,43.99085556,10.5533227,90.1001,85.23006,0.00164089073,,,SWOT_L2_HR_RiverSP_Reach_010_279_EU_20240203T231856_20240203T231904_PIC0_01.zip,river,2024-02-03 23:20:23+00:00
21500900335,2024-02-03T23:20:23Z,Fiume Magra,44.07842653,9.9655885,-0.3411,148.353482,-3.96794e-05,,,SWOT_L2_HR_RiverSP_Reach_010_279_EU_20240203T231856_20240203T231904_PIC0_01.zip,river,2024-02-03 23:20:23+00:00
21500900344,2024-02-03T23:20:23Z,Fiume Magra,44.10398535,9.9379287,,140.473029,,,,SWOT_L2_HR_RiverSP_Reach_010_279_EU_20240203T231856_20240203T231904_PIC0_01.zip,river,2024-02-03 23:20:23+00:00
21500900355,2024-02-03T23:20:23Z,Fiume Magra,44.12143652,9.9276433,4.9456,28.43075,0.00113182079,,,SWOT_L2_HR_RiverSP_Reach_010_279_EU_20240203T231856_20240203T231904_PIC0_01.zip,river,2024-02-03 23:20:23+00:00
21500900364,2024-02-03T23:20:23Z,Fiume Magra,44.13142931,9.9138465,,128.729162,,,,SWOT_L2_HR_RiverSP_Reach_010_279_EU_20240203T231856_20240203T231904_PIC0_01.zip,river,2024-02-03 23:20:23+00:00
21500900375,2024-02-03T23:20:23Z,Fiume Magra,44.13659356,9.9063001,8.457,26.299691,0.00356433448,,,SWOT_L2_HR_RiverSP_Reach_010_279_EU_20240203T231856_20240203T231904_PIC0_01.zip,river,2024-02-03 23:20:23+00:00
21500900384,2024-02-03T23:20:23Z,Fiume Magra,44.14283943,9.8981002,,111.784395,,,,SWOT_L2_HR_RiverSP_Reach_010_279_EU_20240203T231856_20240203T231904_PIC0_01.zip,river,2024-02-03 23:20:23+00:00
21500900395,2024-02-03T23:20:23Z,Fiume Magra,44.15012927,9.8899941,13.1275,47.037177,0.0019151579,,,SWOT_L2_HR_RiverSP_Reach_010_279_EU_20240203T231856_20240203T231904_PIC0_01.zip,river,2024-02-03 23:20:23+00:00
21500900404,2024-02-03T23:20:23Z,Fiume Magra,44.15876878,9.8931723,16.9003,39.192559,0.00300653438,,,SWOT_L2_HR_RiverSP_Reach_010_279_EU_20240203T231856_20240203T231904_PIC0_01.zip,river,2024-02-03 23:20:23+00:00
21500900414,2024-02-03T23:20:23Z,Fiume Magra,44.16226318,9.8974438,,62.452947,,,,SWOT_L2_HR_RiverSP_Reach_010_279_EU_20240203T231856_20240203T231904_PIC0_01.zip,river,2024-02-03 23:20:23+00:00
21500900425,2024-02-03T23:20:23Z,Fiume Magra,44.16616482,9.9066061,21.2752,68.410503,0.00287046645,,,SWOT_L2_HR_RiverSP_Reach_010_279_EU_20240203T231856_20240203T231904_PIC0_01.zip,river,2024-02-03 23:20:23+00:00
21500900434,2024-02-03T23:20:23Z,Fiume Magra,44.16995794,9.9183815,25.5193,49.352582,0.00498035578,,,SWOT_L2_HR_RiverSP_Reach_010_279_EU_20240203T231856_20240203T231904_PIC0_01.zip,river,2024-02-03 23:20:23+00:00
21500900444,2024-02-03T23:20:23Z,Fiume Magra,44.17257832,9.9248018,,108.088818,,,,SWOT_L2_HR_RiverSP_Reach_010_279_EU_20240203T231856_20240203T231904_PIC0_01.zip,river,2024-02-03 23:20:23+00:00
21500900455,2024-02-03T23:20:23Z,Fiume Magra,44.1887648,9.9372759,37.5269,34.906424,0.00324438688,,,SWOT_L2_HR_RiverSP_Reach_010_279_EU_20240203T231856_20240203T231904_PIC0_01.zip,river,2024-02-03 23:20:23+00:00
21406500071,no_data,Po,45.11737939,9.3109347,,,,,,SWOT_L2_HR_RiverSP_Reach_010_307_EU_20240204T232055_20240204T232105_PIC0_01.zip,river,
21406700011,2024-02-04T23:21:06Z,Po,45.12538309,9.1596345,53.0485,231.97014,0.00026693618,,,SWOT_L2_HR_RiverSP_Reach_010_307_EU_20240204T232055_20240204T232105_PIC0_01.zip,river,2024-02-04 23:21:06+00:00
21404000011,2024-02-11T08:23:34Z,Adige,45.13669319,11.9340853,1.6694,67.225713,0.00014065144,,,SWOT_L2_HR_RiverSP_Reach_010_486_EU_20240211T082112_20240211T082123_PIC0_01.zip,river,2024-02-11 08:23:34+00:00
21404000021,2024-02-11T08:23:34Z,Adige,45.1152242,11.8085946,2.5413,70.736354,0.00026910002,,,SWOT_L2_HR_RiverSP_Reach_010_486_EU_20240211T082112_20240211T082123_PIC0_01.zip,river,2024-02-11 08:23:34+00:00
21404000031,2024-02-11T08:23:34Z,Adige,45.10291143,11.6839963,5.8557,59.485628,0.00031373184,,,SWOT_L2_HR_RiverSP_Reach_010_486_EU_20240211T082112_20240211T082123_PIC0_01.zip,river,2024-02-11 08:23:34+00:00
21404000041,2024-02-11T08:23:34Z,Adige,45.11467588,11.5378009,10.9003,64.16521,0.00076381495,,,SWOT_L2_HR_RiverSP_Reach_010_486_EU_20240211T082112_20240211T082123_PIC0_01.zip,river,2024-02-11 08:23:34+00:00
21404000415,2024-02-11T08:23:34Z,Fiume Adige,45.12610537,12.2744918,0.0163,132.215315,-4.12202e-05,,,SWOT_L2_HR_RiverSP_Reach_010_486_EU_20240211T082112_20240211T082123_PIC0_01.zip,river,2024-02-11 08:23:34+00:00
21404000425,2024-02-11T08:23:34Z,Adige; Fiume Adige,45.11811217,12.169194,-0.2387,59.422421,4.144319e-05,,,SWOT_L2_HR_RiverSP_Reach_010_486_EU_20240211T082112_20240211T082123_PIC0_01.zip,river,2024-02-11 08:23:34+00:00
21404000435,2024-02-11T08:23:34Z,Adige,45.13738683,12.0558708,0.4117,35.917444,-4.02056e-05,,,SWOT_L2_HR_RiverSP_Reach_010_486_EU_20240211T082112_20240211T082123_PIC0_01.zip,river,2024-02-11 08:23:34+00:00
21406100011,2024-02-11T08:23:34Z,no_data,44.97788826,11.9055543,1.1188,292.100283,-3.22026e-05,,,SWOT_L2_HR_RiverSP_Reach_010_486_EU_20240211T082112_20240211T082123_PIC0_01.zip,river,2024-02-11 08:23:34+00:00
21406100021,2024-02-11T08:23:34Z,Po,44.94767275,11.7511479,1.5541,299.490099,5.164342e-05,,,SWOT_L2_HR_RiverSP_Reach_010_486_EU_20240211T082112_20240211T082123_PIC0_01.zip,river,2024-02-11 08:23:34+00:00
21406100031,2024-02-11T08:23:35Z,Po,44.89965067,11.6362292,2.3628,348.942128,8.372246e-05,,,SWOT_L2_HR_RiverSP_Reach_010_486_EU_20240211T082112_20240211T082123_PIC0_01.zip,river,2024-02-11 08:23:35+00:00
21406100041,no_data,Po,44.92732847,11.5407952,,,,,,SWOT_L2_HR_RiverSP_Reach_010_486_EU_20240211T082112_20240211T082123_PIC0_01.zip,river,
21406100051,no_data,Po,44.95362753,11.4200067,,,,,,SWOT_L2_HR_RiverSP_Reach_010_486_EU_20240211T082112_20240211T082123_PIC0_01.zip,river,
21406100275,2024-02-11T08:23:35Z,Po di Venezia,44.95659643,12.3650664,0.2121,87.641426,-4.54693e-05,,,SWOT_L2_HR_RiverSP_Reach_010_486_EU_20240211T082112_20240211T082123_PIC0_01.zip,river,2024-02-11 08:23:35+00:00
21406100285,2024-02-11T08:23:35Z,Po di Venezia,44.97907136,12.2580871,0.3039,462.049888,4.76502e-06,,,SWOT_L2_HR_RiverSP_Reach_010_486_EU_20240211T082112_20240211T082123_PIC0_01.zip,river,2024-02-11 08:23:35+00:00
21406100295,2024-02-11T08:23:34Z,Po di Venezia,45.02022837,12.1647155,0.6702,342.24581,4.561561e-05,,,SWOT_L2_HR_RiverSP_Reach_010_486_EU_20240211T082112_20240211T082123_PIC0_01.zip,river,2024-02-11 08:23:34+00:00
21406100305,2024-02-11T08:23:34Z,Po di Venezia,44.99976903,12.0782068,0.8148,389.28018,-1.48001e-05,,,SWOT_L2_HR_RiverSP_Reach_010_486_EU_20240211T082112_20240211T082123_PIC0_01.zip,river,2024-02-11 08:23:34+00:00
21406100315,2024-02-11T08:23:35Z,Po,44.97645748,12.0255272,1.6933,342.740582,0.00038159981,,,SWOT_L2_HR_RiverSP_Reach_010_486_EU_20240211T082112_20240211T082123_PIC0_01.zip,river,2024-02-11 08:23:35+00:00
21407000015,2024-02-11T08:23:35Z,Po di Gnocca,44.88633902,12.3402252,0.2221,149.508938,-1.03861e-05,,,SWOT_L2_HR_RiverSP_Reach_010_486_EU_20240211T082112_20240211T082123_PIC0_01.zip,river,2024-02-11 08:23:35+00:00
21407000025,2024-02-11T08:23:44Z,no_data,44.82749551,12.3520721,0.0999,236.859232,2.107826e-05,,,SWOT_L2_HR_RiverSP_Reach_010_486_EU_20240211T082112_20240211T082123_PIC0_01.zip,river,2024-02-11 08:23:44+00:00
21407000035,2024-02-11T08:23:35Z,Po di Goro,44.88212683,12.2910628,0.6435,149.83451,-6.53218e-05,,,SWOT_L2_HR_RiverSP_Reach_010_486_EU_20240211T082112_20240211T082123_PIC0_01.zip,river,2024-02-11 08:23:35+00:00
21407000045,2024-02-11T08:23:35Z,Po di Goro,44.93225211,12.2569541,-1.2374,54.619002,-0.0001191134,,,SWOT_L2_HR_RiverSP_Reach_010_486_EU_20240211T082112_20240211T082123_PIC0_01.zip,river,2024-02-11 08:23:35+00:00
21407000055,2024-02-11T08:23:35Z,Po di Goro,44.94808193,12.128055,-1.2503,24.05942,1.680755e-05,,,SWOT_L2_HR_RiverSP_Reach_010_486_EU_20240211T082112_20240211T082123_PIC0_01.zip,river,2024-02-11 08:23:35+00:00
21406100091,no_data,Fiume Mincio; Po,45.10017596,10.9113497,,,,,,SWOT_L2_HR_RiverSP_Reach_010_514_EU_20240212T082146_20240212T082154_PIC0_01.zip,river,
21406100101,no_data,Po,45.06440534,10.9221059,,,,,,SWOT_L2_HR_RiverSP_Reach_010_514_EU_20240212T082146_20240212T082154_PIC0_01.zip,river,
21406100111,2024-02-12T08:24:06Z,Po,45.04625504,10.768001,16.5869,235.495473,0.00012195073,,,SWOT_L2_HR_RiverSP_Reach_010_514_EU_20240212T082146_20240212T082154_PIC0_01.zip,river,2024-02-12 08:24:06+00:00
21406100123,2024-02-12T08:24:06Z,Fiume Mincio,45.14246728,10.8162187,17.4548,,,,,SWOT_L2_HR_RiverSP_Reach_010_514_EU_20240212T082146_20240212T082154_PIC0_01.zip,river,2024-02-12 08:24:06+00:00
21406200011,2024-02-12T08:24:06Z,Po,45.06313602,10.6021879,17.7927,35.820003,0.00019609389,,,SWOT_L2_HR_RiverSP_Reach_010_514_EU_20240212T082146_20240212T082154_PIC0_01.zip,river,2024-02-12 08:24:06+00:00
21406200021,2024-02-12T08:24:06Z,Fiume Oglio,45.12874321,10.5044278,21.5042,34.983862,0.00025219067,,,SWOT_L2_HR_RiverSP_Reach_010_514_EU_20240212T082146_20240212T082154_PIC0_01.zip,river,2024-02-12 08:24:06+00:00
21406300011,2024-02-12T08:24:15Z,Po,45.00223735,10.6801087,18.4937,246.661583,0.00021398675,,,SWOT_L2_HR_RiverSP_Reach_010_514_EU_20240212T082146_20240212T082154_PIC0_01.zip,river,2024-02-12 08:24:15+00:00
21406300021,2024-02-12T08:24:15Z,Po,44.92496107,10.6126319,19.8013,219.985267,5.820329e-05,,,SWOT_L2_HR_RiverSP_Reach_010_514_EU_20240212T082146_20240212T082154_PIC0_01.zip,river,2024-02-12 08:24:15+00:00
21406300031,2024-02-12T08:24:15Z,Parma; Po,44.92391702,10.4975482,21.0798,249.680827,0.00015214002,,,SWOT_L2_HR_RiverSP_Reach_010_514_EU_20240212T082146_20240212T082154_PIC0_01.zip,river,2024-02-12 08:24:15+00:00
21406300041,2024-02-12T08:24:06Z,Parma,44.96698609,10.4153531,22.6967,286.798619,0.00016196309,,,SWOT_L2_HR_RiverSP_Reach_010_514_EU_20240212T082146_20240212T082154_PIC0_01.zip,river,2024-02-12 08:24:06+00:00
21406300051,2024-02-12T08:24:06Z,Parma; Po,44.98238586,10.3257584,24.3758,255.094261,0.00015608669,,,SWOT_L2_HR_RiverSP_Reach_010_514_EU_20240212T082146_20240212T082154_PIC0_01.zip,river,2024-02-12 08:24:06+00:00
21406300061,2024-02-12T08:24:06Z,Po,45.0255784,10.1966661,26.6362,344.655917,0.00015569033,,,SWOT_L2_HR_RiverSP_Reach_010_514_EU_20240212T082146_20240212T082154_PIC0_01.zip,river,2024-02-12 08:24:06+00:00
21406300071,2024-02-12T08:24:06Z,Po,45.04383353,10.0629096,28.7074,304.566494,0.00014552207,,,SWOT_L2_HR_RiverSP_Reach_010_514_EU_20240212T082146_20240212T082154_PIC0_01.zip,river,2024-02-12 08:24:06+00:00
21406300081,2024-02-12T08:24:06Z,Po,45.11338408,10.0010764,30.3215,399.152165,0.00014733914,,,SWOT_L2_HR_RiverSP_Reach_010_514_EU_20240212T082146_20240212T082154_PIC0_01.zip,river,2024-02-12 08:24:06+00:00
21406300091,no_data,Po,45.10509326,9.9334895,,200.313917,,,,SWOT_L2_HR_RiverSP_Reach_010_514_EU_20240212T082146_20240212T082154_PIC0_01.zip,river,
21406300111,no_data,Po,45.12967127,9.9212745,,341.609882,,,,SWOT_L2_HR_RiverSP_Reach_010_514_EU_20240212T082146_20240212T082154_PIC0_01.zip,river,
21406400014,2024-02-12T08:24:05Z,Adda,45.13676214,9.8763325,,330.998804,,,,SWOT_L2_HR_RiverSP_Reach_010_514_EU_20240212T082146_20240212T082154_PIC0_01.zip,river,2024-02-12 08:24:05+00:00
21406500011,2024-02-12T08:24:06Z,Adda; Po,45.11288469,9.8866488,34.5606,129.455401,0.00096393497,,,SWOT_L2_HR_RiverSP_Reach_010_514_EU_20240212T082146_20240212T082154_PIC0_01.zip,river,2024-02-12 08:24:06+00:00
21406500021,2024-02-12T08:24:06Z,Po,45.08313086,9.8584456,40.662,177.540023,8.27684e-05,,,SWOT_L2_HR_RiverSP_Reach_010_514_EU_20240212T082146_20240212T082154_PIC0_01.zip,river,2024-02-12 08:24:06+00:00
21406500031,2024-02-12T08:24:06Z,Po,45.08910017,9.7847586,41.9451,275.631464,0.00014441583,,,SWOT_L2_HR_RiverSP_Reach_010_514_EU_20240212T082146_20240212T082154_PIC0_01.zip,river,2024-02-12 08:24:06+00:00
21406500041,2024-02-12T08:24:06Z,Po,45.07148237,9.704767,43.9734,258.965548,0.00021629003,,,SWOT_L2_HR_RiverSP_Reach_010_514_EU_20240212T082146_20240212T082154_PIC0_01.zip,river,2024-02-12 08:24:06+00:00
21406500051,2024-02-12T08:24:05Z,Po,45.11288369,9.6007179,46.586,308.745036,0.00014330203,,,SWOT_L2_HR_RiverSP_Reach_010_514_EU_20240212T082146_20240212T082154_PIC0_01.zip,river,2024-02-12 08:24:05+00:00
21406500061,2024-02-12T08:24:05Z,Po,45.09545589,9.4901032,49.7604,279.118137,0.00015479485,,,SWOT_L2_HR_RiverSP_Reach_010_514_EU_20240212T082146_20240212T082154_PIC0_01.zip,river,2024-02-12 08:24:05+00:00
21406500071,2024-02-12T08:24:05Z,Po,45.11737939,9.3109347,52.7064,352.396004,0.0001941029,,,SWOT_L2_HR_RiverSP_Reach_010_514_EU_20240212T082146_20240212T082154_PIC0_01.zip,river,2024-02-12 08:24:05+00:00
21406500104,no_data,Po,45.09264137,9.9046467,,,,,,SWOT_L2_HR_RiverSP_Reach_010_514_EU_20240212T082146_20240212T082154_PIC0_01.zip,river,
21406700011,2024-02-12T08:24:05Z,Po,45.12538309,9.1596345,55.762,242.006751,0.00027397787,,,SWOT_L2_HR_RiverSP_Reach_010_514_EU_20240212T082146_20240212T082154_PIC0_01.zip,river,2024-02-12 08:24:05+00:00
21500800021,no_data,Fiume Arno,43.7081277,10.4445051,,,,,,SWOT_L2_HR_RiverSP_Reach_010_514_EU_20240212T082146_20240212T082154_PIC0_01.zip,river,
21500800061,2024-02-12T08:24:35Z,Fiume Arno,43.70436492,10.7839405,12.3588,57.750453,0.00018325313,,,SWOT_L2_HR_RiverSP_Reach_010_514_EU_20240212T082146_20240212T082154_PIC0_01.zip,river,2024-02-12 08:24:35+00:00
21500800074,2024-02-12T08:24:35Z,Fiume Arno,43.71763156,10.8700497,,78.901915,,,,SWOT_L2_HR_RiverSP_Reach_010_514_EU_20240212T082146_20240212T082154_PIC0_01.zip,river,2024-02-12 08:24:35+00:00
21500800081,2024-02-12T08:24:35Z,Fiume Arno,43.72780079,10.8953951,13.8993,41.5058,8.484481e-05,,,SWOT_L2_HR_RiverSP_Reach_010_514_EU_20240212T082146_20240212T082154_PIC0_01.zip,river,2024-02-12 08:24:35+00:00
21500800094,2024-02-12T08:24:35Z,Fiume Arno,43.72897311,10.9212468,,76.27271,,,,SWOT_L2_HR_RiverSP_Reach_010_514_EU_20240212T082146_20240212T082154_PIC0_01.zip,river,2024-02-12 08:24:35+00:00
21500800101,2024-02-12T08:24:35Z,Fiume Arno,43.72609497,10.9424002,15.5999,19.342357,0.00042071462,,,SWOT_L2_HR_RiverSP_Reach_010_514_EU_20240212T082146_20240212T082154_PIC0_01.zip,river,2024-02-12 08:24:35+00:00
21500800114,2024-02-12T08:24:35Z,Fiume Arno,43.73395613,10.9629417,,59.055787,,,,SWOT_L2_HR_RiverSP_Reach_010_514_EU_20240212T082146_20240212T082154_PIC0_01.zip,river,2024-02-12 08:24:35+00:00
21500800121,2024-02-12T08:24:35Z,Fiume Arno,43.739528,10.9815185,19.0346,31.663389,-0.0003615887,,,SWOT_L2_HR_RiverSP_Reach_010_514_EU_20240212T082146_20240212T082154_PIC0_01.zip,river,2024-02-12 08:24:35+00:00
21500800134,2024-02-12T08:24:35Z,Fiume Arno,43.73552158,10.9998728,,81.150702,,,,SWOT_L2_HR_RiverSP_Reach_010_514_EU_20240212T082146_20240212T082154_PIC0_01.zip,river,2024-02-12 08:24:35+00:00
21500800141,2024-02-12T08:24:35Z,Fiume Arno,43.74768721,11.0244481,22.8208,26.711044,0.00059680412,,,SWOT_L2_HR_RiverSP_Reach_010_514_EU_20240212T082146_20240212T082154_PIC0_01.zip,river,2024-02-12 08:24:35+00:00
21500800154,2024-02-12T08:24:35Z,Fiume Arno,43.76627758,11.0424554,,88.838368,,,,SWOT_L2_HR_RiverSP_Reach_010_514_EU_20240212T082146_20240212T082154_PIC0_01.zip,river,2024-02-12 08:24:35+00:00
21500800161,2024-02-12T08:24:35Z,Fiume Arno,43.77826116,11.1119621,30.6508,14.969481,0.00045740703,,,SWOT_L2_HR_RiverSP_Reach_010_514_EU_20240212T082146_20240212T082154_PIC0_01.zip,river,2024-02-12 08:24:35+00:00
21500800174,2024-02-12T08:24:35Z,Fiume Arno,43.78926005,11.1968555,,5.701004,,,,SWOT_L2_HR_RiverSP_Reach_010_514_EU_20240212T082146_20240212T082154_PIC0_01.zip,river,2024-02-12 08:24:35+00:00
21500800181,2024-02-12T08:24:35Z,Fiume Arno,43.7853558,11.2058467,30.7739,21.499799,4.995476e-05,,,SWOT_L2_HR_RiverSP_Reach_010_514_EU_20240212T082146_20240212T082154_PIC0_01.zip,river,2024-02-12 08:24:35+00:00
21500800194,2024-02-12T08:24:35Z,Fiume Arno,43.78123761,11.2146427,,49.855213,,,,SWOT_L2_HR_RiverSP_Reach_010_514_EU_20240212T082146_20240212T082154_PIC0_01.zip,river,2024-02-12 08:24:35+00:00
21500800201,2024-02-12T08:24:35Z,Fiume Arno,43.7758682,11.2295414,33.0383,10.700016,0.00381818158,,,SWOT_L2_HR_RiverSP_Reach_010_514_EU_20240212T082146_20240212T082154_PIC0_01.zip,river,2024-02-12 08:24:35+00:00
21500800214,2024-02-12T08:24:35Z,Fiume Arno,43.7710951,11.2443983,,67.450664,,,,SWOT_L2_HR_RiverSP_Reach_010_514_EU_20240212T082146_20240212T082154_PIC0_01.zip,river,2024-02-12 08:24:35+00:00
21500800221,2024-02-12T08:24:35Z,Fiume Arno,43.76715202,11.2554943,43.3875,44.820468,-0.0048969115,,,SWOT_L2_HR_RiverSP_Reach_010_514_EU_20240212T082146_20240212T082154_PIC0_01.zip,river,2024-02-12 08:24:35+00:00
21500800234,2024-02-12T08:24:35Z,Fiume Arno,43.76500389,11.2673403,,56.203531,,,,SWOT_L2_HR_RiverSP_Reach_010_514_EU_20240212T082146_20240212T082154_PIC0_01.zip,river,2024-02-12 08:24:35+00:00
21500800241,2024-02-12T08:24:35Z,Fiume Arno,43.76412125,11.2917186,45.2238,28.789754,-0.0053631151,,,SWOT_L2_HR_RiverSP_Reach_010_514_EU_20240212T082146_20240212T082154_PIC0_01.zip,river,2024-02-12 08:24:35+00:00
21500800254,no_data,Fiume Arno,43.76234794,11.3160621,,,,,,SWOT_L2_HR_RiverSP_Reach_010_514_EU_20240212T082146_20240212T082154_PIC0_01.zip,river,
21500800264,no_data,Fiume Arno,43.76456329,11.3232663,,,,,,SWOT_L2_HR_RiverSP_Reach_010_514_EU_20240212T082146_20240212T082154_PIC0_01.zip,river,
21500800274,no_data,Fiume Arno,43.76832184,11.331508,,,,,,SWOT_L2_HR_RiverSP_Reach_010_514_EU_20240212T082146_20240212T082154_PIC0_01.zip,river,
21500800284,no_data,Fiume Arno,43.76530457,11.337519,,,,,,SWOT_L2_HR_RiverSP_Reach_010_514_EU_20240212T082146_20240212T082154_PIC0_01.zip,river,
21500800301,no_data,Fiume Arno,43.77298059,11.3559331,,,,,,SWOT_L2_HR_RiverSP_Reach_010_514_EU_20240212T082146_20240212T082154_PIC0_01.zip,river,
21500800314,no_data,Fiume Arno,43.78146667,11.3605945,,,,,,SWOT_L2_HR_RiverSP_Reach_010_514_EU_20240212T082146_20240212T082154_PIC0_01.zip,river,
21500800324,no_data,Fiume Arno,43.78330118,11.3692522,,,,,,SWOT_L2_HR_RiverSP_Reach_010_514_EU_20240212T082146_20240212T082154_PIC0_01.zip,river,
21500800331,no_data,Fiume Arno,43.78712321,11.3824156,,,,,,SWOT_L2_HR_RiverSP_Reach_010_514_EU_20240212T082146_20240212T082154_PIC0_01.zip,river,
21500800344,no_data,Fiume Arno,43.79152438,11.3885935,,,,,,SWOT_L2_HR_RiverSP_Reach_010_514_EU_20240212T082146_20240212T082154_PIC0_01.zip,river,
21500800351,no_data,Fiume Arno,43.75962957,11.4430708,,,,,,SWOT_L2_HR_RiverSP_Reach_010_514_EU_20240212T082146_20240212T082154_PIC0_01.zip,river,
21500800364,no_data,Fiume Arno,43.72136726,11.4558202,,,,,,SWOT_L2_HR_RiverSP_Reach_010_514_EU_20240212T082146_20240212T082154_PIC0_01.zip,river,
21500900013,2024-02-12T08:24:26Z,Serchio,43.76238147,10.3226477,1.1605,483.028571,0.00024044279,,,SWOT_L2_HR_RiverSP_Reach_010_514_EU_20240212T082146_20240212T082154_PIC0_01.zip,river,2024-02-12 08:24:26+00:00
21500900021,2024-02-12T08:24:26Z,Serchio,43.78117023,10.399042,4.713,1085.174076,0.00106933157,,,SWOT_L2_HR_RiverSP_Reach_010_514_EU_20240212T082146_20240212T082154_PIC0_01.zip,river,2024-02-12 08:24:26+00:00
21500900034,no_data,Serchio,43.78946261,10.4164431,,79.887539,,,,SWOT_L2_HR_RiverSP_Reach_010_514_EU_20240212T082146_20240212T082154_PIC0_01.zip,river,
21500900041,2024-02-12T08:24:26Z,Serchio,43.8036516,10.4063306,140.9669,279.835499,-0.044819791,,,SWOT_L2_HR_RiverSP_Reach_010_514_EU_20240212T082146_20240212T082154_PIC0_01.zip,river,2024-02-12 08:24:26+00:00
21500900064,2024-02-12T08:24:25Z,Fiume Magra,44.1080452,9.9369098,,227.304004,,,,SWOT_L2_HR_RiverSP_Reach_010_514_EU_20240212T082146_20240212T082154_PIC0_01.zip,river,2024-02-12 08:24:25+00:00
21500900184,no_data,Serchio,43.8188553,10.4136918,,0.616135,,,,SWOT_L2_HR_RiverSP_Reach_010_514_EU_20240212T082146_20240212T082154_PIC0_01.zip,river,
21500900191,2024-02-12T08:24:26Z,Serchio,43.84327707,10.4415553,37.512,643.607768,-0.0104740928,,,SWOT_L2_HR_RiverSP_Reach_010_514_EU_20240212T082146_20240212T082154_PIC0_01.zip,river,2024-02-12 08:24:26+00:00
21500900204,no_data,Serchio,43.8539327,10.476405,,,,,,SWOT_L2_HR_RiverSP_Reach_010_514_EU_20240212T082146_20240212T082154_PIC0_01.zip,river,
21500900211,no_data,Serchio,43.8532787,10.4915647,,,,,,SWOT_L2_HR_RiverSP_Reach_010_514_EU_20240212T082146_20240212T082154_PIC0_01.zip,river,
21500900224,no_data,Serchio,43.85677563,10.5059732,,,,,,SWOT_L2_HR_RiverSP_Reach_010_514_EU_20240212T082146_20240212T082154_PIC0_01.zip,river,
21500900231,2024-02-12T08:24:26Z,Serchio,43.88606154,10.5259476,29.687,391.10516,0.00423584184,,,SWOT_L2_HR_RiverSP_Reach_010_514_EU_20240212T082146_20240212T082154_PIC0_01.zip,river,2024-02-12 08:24:26+00:00
21500900244,2024-02-12T08:24:26Z,Serchio,43.91649583,10.529312,,224.796827,,,,SWOT_L2_HR_RiverSP_Reach_010_514_EU_20240212T082146_20240212T082154_PIC0_01.zip,river,2024-02-12 08:24:26+00:00
21500900261,2024-02-12T08:24:26Z,Serchio,43.92488448,10.5296092,40.332,99.405004,0.00015359025,,,SWOT_L2_HR_RiverSP_Reach_010_514_EU_20240212T082146_20240212T082154_PIC0_01.zip,river,2024-02-12 08:24:26+00:00
21500900274,no_data,Serchio,43.92529227,10.5218935,,20.373813,,,,SWOT_L2_HR_RiverSP_Reach_010_514_EU_20240212T082146_20240212T082154_PIC0_01.zip,river,
21500900281,2024-02-12T08:24:26Z,Serchio,43.93088015,10.5087897,44.9674,27.07215,0.09466225435,,,SWOT_L2_HR_RiverSP_Reach_010_514_EU_20240212T082146_20240212T082154_PIC0_01.zip,river,2024-02-12 08:24:26+00:00
21500900294,2024-02-12T08:24:26Z,Serchio,43.93982305,10.5015469,,820.811744,,,,SWOT_L2_HR_RiverSP_Reach_010_514_EU_20240212T082146_20240212T082154_PIC0_01.zip,river,2024-02-12 08:24:26+00:00
21500900301,2024-02-12T08:24:26Z,Serchio,43.96338733,10.5238839,66.7831,129.582706,0.0036686362,,,SWOT_L2_HR_RiverSP_Reach_010_514_EU_20240212T082146_20240212T082154_PIC0_01.zip,river,2024-02-12 08:24:26+00:00
21500900314,2024-02-12T08:24:26Z,Serchio,43.98114573,10.5523043,,1107.356657,,,,SWOT_L2_HR_RiverSP_Reach_010_514_EU_20240212T082146_20240212T082154_PIC0_01.zip,river,2024-02-12 08:24:26+00:00
21500900321,2024-02-12T08:24:26Z,Serchio,43.99085556,10.5533227,90.7198,87.571191,0.00103884485,,,SWOT_L2_HR_RiverSP_Reach_010_514_EU_20240212T082146_20240212T082154_PIC0_01.zip,river,2024-02-12 08:24:26+00:00
21500900335,2024-02-12T08:24:25Z,Fiume Magra,44.07842653,9.9655885,0.3452,159.324128,0.00010747091,,,SWOT_L2_HR_RiverSP_Reach_010_514_EU_20240212T082146_20240212T082154_PIC0_01.zip,river,2024-02-12 08:24:25+00:00
21500900344,2024-02-12T08:24:25Z,Fiume Magra,44.10398535,9.9379287,,187.510565,,,,SWOT_L2_HR_RiverSP_Reach_010_514_EU_20240212T082146_20240212T082154_PIC0_01.zip,river,2024-02-12 08:24:25+00:00
21500900355,2024-02-12T08:24:25Z,Fiume Magra,44.12143652,9.9276433,5.856,133.940912,0.00120627267,,,SWOT_L2_HR_RiverSP_Reach_010_514_EU_20240212T082146_20240212T082154_PIC0_01.zip,river,2024-02-12 08:24:25+00:00
21500900364,2024-02-12T08:24:25Z,Fiume Magra,44.13142931,9.9138465,,184.317703,,,,SWOT_L2_HR_RiverSP_Reach_010_514_EU_20240212T082146_20240212T082154_PIC0_01.zip,river,2024-02-12 08:24:25+00:00
21500900375,2024-02-12T08:24:25Z,Fiume Magra,44.13659356,9.9063001,9.6917,204.93883,0.00282218394,,,SWOT_L2_HR_RiverSP_Reach_010_514_EU_20240212T082146_20240212T082154_PIC0_01.zip,river,2024-02-12 08:24:25+00:00
21500900384,2024-02-12T08:24:25Z,Fiume Magra,44.14283943,9.8981002,,233.148526,,,,SWOT_L2_HR_RiverSP_Reach_010_514_EU_20240212T082146_20240212T082154_PIC0_01.zip,river,2024-02-12 08:24:25+00:00
21500900395,2024-02-12T08:24:25Z,Fiume Magra,44.15012927,9.8899941,14.1767,230.413828,0.0018805078,,,SWOT_L2_HR_RiverSP_Reach_010_514_EU_20240212T082146_20240212T082154_PIC0_01.zip,river,2024-02-12 08:24:25+00:00
21500900404,2024-02-12T08:24:25Z,Fiume Magra,44.15876878,9.8931723,17.5897,93.983953,0.00339696491,,,SWOT_L2_HR_RiverSP_Reach_010_514_EU_20240212T082146_20240212T082154_PIC0_01.zip,river,2024-02-12 08:24:25+00:00
21500900414,2024-02-12T08:24:25Z,Fiume Magra,44.16226318,9.8974438,,107.220774,,,,SWOT_L2_HR_RiverSP_Reach_010_514_EU_20240212T082146_20240212T082154_PIC0_01.zip,river,2024-02-12 08:24:25+00:00
21500900425,2024-02-12T08:24:25Z,Fiume Magra,44.16616482,9.9066061,21.9851,123.911493,0.0029363827,,,SWOT_L2_HR_RiverSP_Reach_010_514_EU_20240212T082146_20240212T082154_PIC0_01.zip,river,2024-02-12 08:24:25+00:00
21500900434,2024-02-12T08:24:25Z,Fiume Magra,44.16995794,9.9183815,26.0205,57.446682,0.0049502322,,,SWOT_L2_HR_RiverSP_Reach_010_514_EU_20240212T082146_20240212T082154_PIC0_01.zip,river,2024-02-12 08:24:25+00:00
21500900444,2024-02-12T08:24:25Z,Fiume Magra,44.17257832,9.9248018,,186.651576,,,,SWOT_L2_HR_RiverSP_Reach_010_514_EU_20240212T082146_20240212T082154_PIC0_01.zip,river,2024-02-12 08:24:25+00:00
21500900455,2024-02-12T08:24:25Z,Fiume Magra,44.1887648,9.9372759,38.3081,53.578017,0.00328860905,,,SWOT_L2_HR_RiverSP_Reach_010_514_EU_20240212T082146_20240212T082154_PIC0_01.zip,river,2024-02-12 08:24:25+00:00
21404000011,2024-02-13T21:42:52Z,Adige,45.13669319,11.9340853,3.4064,129.060401,6.030343e-05,,,SWOT_L2_HR_RiverSP_Reach_010_557_EU_20240213T214219_20240213T214221_PIC0_01.zip,river,2024-02-13 21:42:52+00:00
21404000021,2024-02-13T21:42:52Z,Adige,45.1152242,11.8085946,4.5763,138.129809,0.00016804466,,,SWOT_L2_HR_RiverSP_Reach_010_557_EU_20240213T214219_20240213T214221_PIC0_01.zip,river,2024-02-13 21:42:52+00:00
21404000031,2024-02-13T21:42:52Z,Adige,45.10291143,11.6839963,6.5999,79.089594,0.00011831313,,,SWOT_L2_HR_RiverSP_Reach_010_557_EU_20240213T214219_20240213T214221_PIC0_01.zip,river,2024-02-13 21:42:52+00:00
21404000041,2024-02-13T21:42:52Z,Adige,45.11467588,11.5378009,7.6965,66.445564,0.00020958297,,,SWOT_L2_HR_RiverSP_Reach_010_557_EU_20240213T214219_20240213T214221_PIC0_01.zip,river,2024-02-13 21:42:52+00:00
21404000415,2024-02-13T21:42:52Z,Fiume Adige,45.12610537,12.2744918,1.5989,106.907158,-2.99041e-05,,,SWOT_L2_HR_RiverSP_Reach_010_557_EU_20240213T214219_20240213T214221_PIC0_01.zip,river,2024-02-13 21:42:52+00:00
21404000425,2024-02-13T21:42:52Z,Adige; Fiume Adige,45.11811217,12.169194,-0.0341,73.331225,1.414831e-05,,,SWOT_L2_HR_RiverSP_Reach_010_557_EU_20240213T214219_20240213T214221_PIC0_01.zip,river,2024-02-13 21:42:52+00:00
21404000435,2024-02-13T21:42:52Z,Adige,45.13738683,12.0558708,1.0589,88.542698,-6.12014e-05,,,SWOT_L2_HR_RiverSP_Reach_010_557_EU_20240213T214219_20240213T214221_PIC0_01.zip,river,2024-02-13 21:42:52+00:00
21406100011,2024-02-13T21:42:52Z,no_data,44.97788826,11.9055543,2.7484,370.704632,6.921606e-05,,,SWOT_L2_HR_RiverSP_Reach_010_557_EU_20240213T214219_20240213T214221_PIC0_01.zip,river,2024-02-13 21:42:52+00:00
21406100021,2024-02-13T21:42:51Z,Po,44.94767275,11.7511479,3.9781,347.888926,9.489334e-05,,,SWOT_L2_HR_RiverSP_Reach_010_557_EU_20240213T214219_20240213T214221_PIC0_01.zip,river,2024-02-13 21:42:51+00:00
21406100031,2024-02-13T21:42:43Z,Po,44.89965067,11.6362292,5.1073,459.750835,9.546228e-05,,,SWOT_L2_HR_RiverSP_Reach_010_557_EU_20240213T214219_20240213T214221_PIC0_01.zip,river,2024-02-13 21:42:43+00:00
21406100041,2024-02-13T21:42:43Z,Po,44.92732847,11.5407952,6.2243,432.915515,9.985709e-05,,,SWOT_L2_HR_RiverSP_Reach_010_557_EU_20240213T214219_20240213T214221_PIC0_01.zip,river,2024-02-13 21:42:43+00:00
21406100051,2024-02-13T21:42:43Z,Po,44.95362753,11.4200067,7.8141,433.993213,0.00016197574,,,SWOT_L2_HR_RiverSP_Reach_010_557_EU_20240213T214219_20240213T214221_PIC0_01.zip,river,2024-02-13 21:42:43+00:00
21406100061,2024-02-13T21:42:51Z,Po,45.00951862,11.3007475,10.1679,347.544088,0.00013689192,,,SWOT_L2_HR_RiverSP_Reach_010_557_EU_20240213T214219_20240213T214221_PIC0_01.zip,river,2024-02-13 21:42:51+00:00
21406100071,2024-02-13T21:42:51Z,Po,45.05059331,11.2359852,10.661,330.755252,0.00011580582,,,SWOT_L2_HR_RiverSP_Reach_010_557_EU_20240213T214219_20240213T214221_PIC0_01.zip,river,2024-02-13 21:42:51+00:00
21406100081,2024-02-13T21:42:51Z,Po,45.0526046,11.0864648,11.8093,277.960714,-5.23816e-05,,,SWOT_L2_HR_RiverSP_Reach_010_557_EU_20240213T214219_20240213T214221_PIC0_01.zip,river,2024-02-13 21:42:51+00:00
21406100275,2024-02-13T21:42:52Z,Po di Venezia,44.95659643,12.3650664,0.196,297.306842,6.28068e-06,,,SWOT_L2_HR_RiverSP_Reach_010_557_EU_20240213T214219_20240213T214221_PIC0_01.zip,river,2024-02-13 21:42:52+00:00
21406100285,2024-02-13T21:42:52Z,Po di Venezia,44.97907136,12.2580871,0.5334,334.87194,5.244936e-05,,,SWOT_L2_HR_RiverSP_Reach_010_557_EU_20240213T214219_20240213T214221_PIC0_01.zip,river,2024-02-13 21:42:52+00:00
21406100295,2024-02-13T21:42:52Z,Po di Venezia,45.02022837,12.1647155,0.969,321.64402,4.927756e-05,,,SWOT_L2_HR_RiverSP_Reach_010_557_EU_20240213T214219_20240213T214221_PIC0_01.zip,river,2024-02-13 21:42:52+00:00
21406100305,2024-02-13T21:42:52Z,Po di Venezia,44.99976903,12.0782068,1.64,338.013044,7.812084e-05,,,SWOT_L2_HR_RiverSP_Reach_010_557_EU_20240213T214219_20240213T214221_PIC0_01.zip,river,2024-02-13 21:42:52+00:00
21406100315,2024-02-13T21:42:52Z,Po,44.97645748,12.0255272,2.1415,43.128579,2.465477e-05,,,SWOT_L2_HR_RiverSP_Reach_010_557_EU_20240213T214219_20240213T214221_PIC0_01.zip,river,2024-02-13 21:42:52+00:00
21407000015,2024-02-13T21:42:52Z,Po di Gnocca,44.88633902,12.3402252,-0.2444,97.526313,5.208509e-05,,,SWOT_L2_HR_RiverSP_Reach_010_557_EU_20240213T214219_20240213T214221_PIC0_01.zip,river,2024-02-13 21:42:52+00:00
21407000025,2024-02-13T21:42:51Z,no_data,44.82749551,12.3520721,0.0277,134.028512,-1.0444e-05,,,SWOT_L2_HR_RiverSP_Reach_010_557_EU_20240213T214219_20240213T214221_PIC0_01.zip,river,2024-02-13 21:42:51+00:00
21407000035,2024-02-13T21:42:52Z,Po di Goro,44.88212683,12.2910628,0.0226,77.537402,3.778471e-05,,,SWOT_L2_HR_RiverSP_Reach_010_557_EU_20240213T214219_20240213T214221_PIC0_01.zip,river,2024-02-13 21:42:52+00:00
21407000045,2024-02-13T21:42:52Z,Po di Goro,44.93225211,12.2569541,0.1428,51.833008,4.92847e-06,,,SWOT_L2_HR_RiverSP_Reach_010_557_EU_20240213T214219_20240213T214221_PIC0_01.zip,river,2024-02-13 21:42:52+00:00
21407000055,2024-02-13T21:42:52Z,Po di Goro,44.94808193,12.128055,1.0575,82.462467,7.946428e-05,,,SWOT_L2_HR_RiverSP_Reach_010_557_EU_20240213T214219_20240213T214221_PIC0_01.zip,river,2024-02-13 21:42:52+00:00
21500800061,2024-02-13T21:42:22Z,Fiume Arno,43.70436492,10.7839405,10.4849,7.739125,0.00013063785,,,SWOT_L2_HR_RiverSP_Reach_010_557_EU_20240213T214219_20240213T214221_PIC0_01.zip,river,2024-02-13 21:42:22+00:00
21500800074,2024-02-13T21:42:22Z,Fiume Arno,43.71763156,10.8700497,,55.956266,,,,SWOT_L2_HR_RiverSP_Reach_010_557_EU_20240213T214219_20240213T214221_PIC0_01.zip,river,2024-02-13 21:42:22+00:00
21500800081,2024-02-13T21:42:22Z,Fiume Arno,43.72780079,10.8953951,15.2628,6.435876,0.00117584644,,,SWOT_L2_HR_RiverSP_Reach_010_557_EU_20240213T214219_20240213T214221_PIC0_01.zip,river,2024-02-13 21:42:22+00:00
21500800094,2024-02-13T21:42:22Z,Fiume Arno,43.72897311,10.9212468,,57.958608,,,,SWOT_L2_HR_RiverSP_Reach_010_557_EU_20240213T214219_20240213T214221_PIC0_01.zip,river,2024-02-13 21:42:22+00:00
21500800101,2024-02-13T21:42:22Z,Fiume Arno,43.72609497,10.9424002,15.2204,10.409152,-0.0007079371,,,SWOT_L2_HR_RiverSP_Reach_010_557_EU_20240213T214219_20240213T214221_PIC0_01.zip,river,2024-02-13 21:42:22+00:00
21500800114,2024-02-13T21:42:22Z,Fiume Arno,43.73395613,10.9629417,,1.974316,,,,SWOT_L2_HR_RiverSP_Reach_010_557_EU_20240213T214219_20240213T214221_PIC0_01.zip,river,2024-02-13 21:42:22+00:00
21500800121,2024-02-13T21:42:22Z,Fiume Arno,43.739528,10.9815185,21.9025,27.666192,-0.0047818513,,,SWOT_L2_HR_RiverSP_Reach_010_557_EU_20240213T214219_20240213T214221_PIC0_01.zip,river,2024-02-13 21:42:22+00:00
21500800134,2024-02-13T21:42:22Z,Fiume Arno,43.73552158,10.9998728,,52.754871,,,,SWOT_L2_HR_RiverSP_Reach_010_557_EU_20240213T214219_20240213T214221_PIC0_01.zip,river,2024-02-13 21:42:22+00:00
21500800141,2024-02-13T21:42:23Z,Fiume Arno,43.74768721,11.0244481,25.8646,23.568479,0.00205266661,,,SWOT_L2_HR_RiverSP_Reach_010_557_EU_20240213T214219_20240213T214221_PIC0_01.zip,river,2024-02-13 21:42:23+00:00
21500800154,2024-02-13T21:42:23Z,Fiume Arno,43.76627758,11.0424554,,66.782803,,,,SWOT_L2_HR_RiverSP_Reach_010_557_EU_20240213T214219_20240213T214221_PIC0_01.zip,river,2024-02-13 21:42:23+00:00
21500800161,2024-02-13T21:42:23Z,Fiume Arno,43.77826116,11.1119621,30.4751,9.763011,0.00020000646,,,SWOT_L2_HR_RiverSP_Reach_010_557_EU_20240213T214219_20240213T214221_PIC0_01.zip,river,2024-02-13 21:42:23+00:00
21500800174,2024-02-13T21:42:23Z,Fiume Arno,43.78926005,11.1968555,,74.483594,,,,SWOT_L2_HR_RiverSP_Reach_010_557_EU_20240213T214219_20240213T214221_PIC0_01.zip,river,2024-02-13 21:42:23+00:00
21500800181,2024-02-13T21:42:23Z,Fiume Arno,43.7853558,11.2058467,29.3399,64.508362,-6.62301e-05,,,SWOT_L2_HR_RiverSP_Reach_010_557_EU_20240213T214219_20240213T214221_PIC0_01.zip,river,2024-02-13 21:42:23+00:00
21500800194,2024-02-13T21:42:23Z,Fiume Arno,43.78123761,11.2146427,,27.39303,,,,SWOT_L2_HR_RiverSP_Reach_010_557_EU_20240213T214219_20240213T214221_PIC0_01.zip,river,2024-02-13 21:42:23+00:00
21500800201,2024-02-13T21:42:23Z,Fiume Arno,43.7758682,11.2295414,36.467,82.399955,-3.30257e-05,,,SWOT_L2_HR_RiverSP_Reach_010_557_EU_20240213T214219_20240213T214221_PIC0_01.zip,river,2024-02-13 21:42:23+00:00
21500800214,2024-02-13T21:42:23Z,Fiume Arno,43.7710951,11.2443983,,132.465578,,,,SWOT_L2_HR_RiverSP_Reach_010_557_EU_20240213T214219_20240213T214221_PIC0_01.zip,river,2024-02-13 21:42:23+00:00
21500800221,2024-02-13T21:42:23Z,Fiume Arno,43.76715202,11.2554943,41.642,72.320583,0.00049393076,,,SWOT_L2_HR_RiverSP_Reach_010_557_EU_20240213T214219_20240213T214221_PIC0_01.zip,river,2024-02-13 21:42:23+00:00
21500800234,2024-02-13T21:42:23Z,Fiume Arno,43.76500389,11.2673403,,52.357607,,,,SWOT_L2_HR_RiverSP_Reach_010_557_EU_20240213T214219_20240213T214221_PIC0_01.zip,river,2024-02-13 21:42:23+00:00
21500800241,2024-02-13T21:42:23Z,Fiume Arno,43.76412125,11.2917186,53.8682,136.941961,0.00197705823,,,SWOT_L2_HR_RiverSP_Reach_010_557_EU_20240213T214219_20240213T214221_PIC0_01.zip,river,2024-02-13 21:42:23+00:00
21500800254,2024-02-13T21:42:23Z,Fiume Arno,43.76234794,11.3160621,,40.218496,,,,SWOT_L2_HR_RiverSP_Reach_010_557_EU_20240213T214219_20240213T214221_PIC0_01.zip,river,2024-02-13 21:42:23+00:00
21500800264,2024-02-13T21:42:23Z,Fiume Arno,43.76456329,11.3232663,,50.142892,,,,SWOT_L2_HR_RiverSP_Reach_010_557_EU_20240213T214219_20240213T214221_PIC0_01.zip,river,2024-02-13 21:42:23+00:00
21500800274,2024-02-13T21:42:23Z,Fiume Arno,43.76832184,11.331508,54.261,185.991642,0.00056564164,,,SWOT_L2_HR_RiverSP_Reach_010_557_EU_20240213T214219_20240213T214221_PIC0_01.zip,river,2024-02-13 21:42:23+00:00
21500800284,2024-02-13T21:42:23Z,Fiume Arno,43.76530457,11.337519,55.3357,65.141515,0.00373326937,,,SWOT_L2_HR_RiverSP_Reach_010_557_EU_20240213T214219_20240213T214221_PIC0_01.zip,river,2024-02-13 21:42:23+00:00
21500800301,2024-02-13T21:42:23Z,Fiume Arno,43.77298059,11.3559331,57.3135,96.870592,0.00121097142,,,SWOT_L2_HR_RiverSP_Reach_010_557_EU_20240213T214219_20240213T214221_PIC0_01.zip,river,2024-02-13 21:42:23+00:00
21500800314,2024-02-13T21:42:23Z,Fiume Arno,43.78146667,11.3605945,,194.331971,,,,SWOT_L2_HR_RiverSP_Reach_010_557_EU_20240213T214219_20240213T214221_PIC0_01.zip,river,2024-02-13 21:42:23+00:00
21500800324,2024-02-13T21:42:23Z,Fiume Arno,43.78330118,11.3692522,,68.324083,,,,SWOT_L2_HR_RiverSP_Reach_010_557_EU_20240213T214219_20240213T214221_PIC0_01.zip,river,2024-02-13 21:42:23+00:00
21500800331,2024-02-13T21:42:23Z,Fiume Arno,43.78712321,11.3824156,65.7146,90.103303,0.00026328375,,,SWOT_L2_HR_RiverSP_Reach_010_557_EU_20240213T214219_20240213T214221_PIC0_01.zip,river,2024-02-13 21:42:23+00:00
21500800344,no_data,Fiume Arno,43.79152438,11.3885935,,24.061303,,,,SWOT_L2_HR_RiverSP_Reach_010_557_EU_20240213T214219_20240213T214221_PIC0_01.zip,river,
21500800351,2024-02-13T21:42:23Z,Fiume Arno,43.75962957,11.4430708,89.6832,57.068677,0.00027245768,,,SWOT_L2_HR_RiverSP_Reach_010_557_EU_20240213T214219_20240213T214221_PIC0_01.zip,river,2024-02-13 21:42:23+00:00
21500800364,no_data,Fiume Arno,43.72136726,11.4558202,,0.009013,,,,SWOT_L2_HR_RiverSP_Reach_010_557_EU_20240213T214219_20240213T214221_PIC0_01.zip,river,
21500900231,no_data,Serchio,43.88606154,10.5259476,,,,,,SWOT_L2_HR_RiverSP_Reach_010_557_EU_20240213T214219_20240213T214221_PIC0_01.zip,river,
21500900244,no_data,Serchio,43.91649583,10.529312,,,,,,SWOT_L2_HR_RiverSP_Reach_010_557_EU_20240213T214219_20240213T214221_PIC0_01.zip,river,
21500900314,no_data,Serchio,43.98114573,10.5523043,,,,,,SWOT_L2_HR_RiverSP_Reach_010_557_EU_20240213T214219_20240213T214221_PIC0_01.zip,river,
21406200021,no_data,Fiume Oglio,45.12874321,10.5044278,,,,,,SWOT_L2_HR_RiverSP_Reach_011_001_EU_20240214T214230_20240214T214232_PIC0_01.zip,river,
21406300031,no_data,Parma; Po,44.92391702,10.4975482,,,,,,SWOT_L2_HR_RiverSP_Reach_011_001_EU_20240214T214230_20240214T214232_PIC0_01.zip,river,
21406300041,no_data,Parma,44.96698609,10.4153531,,,,,,SWOT_L2_HR_RiverSP_Reach_011_001_EU_20240214T214230_20240214T214232_PIC0_01.zip,river,
21406300051,2024-02-14T21:43:23Z,Parma; Po,44.98238586,10.3257584,23.7193,204.755899,0.00020120257,,,SWOT_L2_HR_RiverSP_Reach_011_001_EU_20240214T214230_20240214T214232_PIC0_01.zip,river,2024-02-14 21:43:23+00:00
21406300061,2024-02-14T21:43:23Z,Po,45.0255784,10.1966661,26.4283,194.043657,0.00013760872,,,SWOT_L2_HR_RiverSP_Reach_011_001_EU_20240214T214230_20240214T214232_PIC0_01.zip,river,2024-02-14 21:43:23+00:00
21406300071,2024-02-14T21:43:23Z,Po,45.04383353,10.0629096,27.3021,239.899382,0.00013062195,,,SWOT_L2_HR_RiverSP_Reach_011_001_EU_20240214T214230_20240214T214232_PIC0_01.zip,river,2024-02-14 21:43:23+00:00
21406300081,2024-02-14T21:43:23Z,Po,45.11338408,10.0010764,28.5913,209.796635,0.0001099192,,,SWOT_L2_HR_RiverSP_Reach_011_001_EU_20240214T214230_20240214T214232_PIC0_01.zip,river,2024-02-14 21:43:23+00:00
21406300091,2024-02-14T21:43:23Z,Po,45.10509326,9.9334895,28.7664,164.512972,0.0002059021,,,SWOT_L2_HR_RiverSP_Reach_011_001_EU_20240214T214230_20240214T214232_PIC0_01.zip,river,2024-02-14 21:43:23+00:00
21406300111,2024-02-14T21:43:23Z,Po,45.12967127,9.9212745,30.1037,184.355155,9.527559e-05,,,SWOT_L2_HR_RiverSP_Reach_011_001_EU_20240214T214230_20240214T214232_PIC0_01.zip,river,2024-02-14 21:43:23+00:00
21406400014,2024-02-14T21:43:23Z,Adda,45.13676214,9.8763325,30.1241,207.081978,0.00101910033,,,SWOT_L2_HR_RiverSP_Reach_011_001_EU_20240214T214230_20240214T214232_PIC0_01.zip,river,2024-02-14 21:43:23+00:00
21406500011,2024-02-14T21:43:23Z,Adda; Po,45.11288469,9.8866488,32.0759,185.907231,-0.0004828023,,,SWOT_L2_HR_RiverSP_Reach_011_001_EU_20240214T214230_20240214T214232_PIC0_01.zip,river,2024-02-14 21:43:23+00:00
21406500021,2024-02-14T21:43:23Z,Po,45.08313086,9.8584456,39.5418,313.142436,-0.0001466181,,,SWOT_L2_HR_RiverSP_Reach_011_001_EU_20240214T214230_20240214T214232_PIC0_01.zip,river,2024-02-14 21:43:23+00:00
21406500031,2024-02-14T21:43:23Z,Po,45.08910017,9.7847586,39.7823,266.839992,0.00015699663,,,SWOT_L2_HR_RiverSP_Reach_011_001_EU_20240214T214230_20240214T214232_PIC0_01.zip,river,2024-02-14 21:43:23+00:00
21406500041,2024-02-14T21:43:23Z,Po,45.07148237,9.704767,41.9367,263.086883,0.00015397727,,,SWOT_L2_HR_RiverSP_Reach_011_001_EU_20240214T214230_20240214T214232_PIC0_01.zip,river,2024-02-14 21:43:23+00:00
21406500051,2024-02-14T21:43:23Z,Po,45.11288369,9.6007179,44.3239,300.797416,0.00015648385,,,SWOT_L2_HR_RiverSP_Reach_011_001_EU_20240214T214230_20240214T214232_PIC0_01.zip,river,2024-02-14 21:43:23+00:00
21406500061,2024-02-14T21:43:23Z,Po,45.09545589,9.4901032,47.4246,212.612016,0.00022196656,,,SWOT_L2_HR_RiverSP_Reach_011_001_EU_20240214T214230_20240214T214232_PIC0_01.zip,river,2024-02-14 21:43:23+00:00
21406500071,2024-02-14T21:43:23Z,Po,45.11737939,9.3109347,51.1023,409.039885,0.00020372118,,,SWOT_L2_HR_RiverSP_Reach_011_001_EU_20240214T214230_20240214T214232_PIC0_01.zip,river,2024-02-14 21:43:23+00:00
21406500104,2024-02-14T21:43:23Z,Po,45.09264137,9.9046467,,174.135327,,,,SWOT_L2_HR_RiverSP_Reach_011_001_EU_20240214T214230_20240214T214232_PIC0_01.zip,river,2024-02-14 21:43:23+00:00
21406700011,2024-02-14T21:43:23Z,Po,45.12538309,9.1596345,54.1625,289.841406,0.00025907633,,,SWOT_L2_HR_RiverSP_Reach_011_001_EU_20240214T214230_20240214T214232_PIC0_01.zip,river,2024-02-14 21:43:23+00:00
21500900064,no_data,Fiume Magra,44.1080452,9.9369098,,,,,,SWOT_L2_HR_RiverSP_Reach_011_001_EU_20240214T214230_20240214T214232_PIC0_01.zip,river,
21500900335,no_data,Fiume Magra,44.07842653,9.9655885,,,,,,SWOT_L2_HR_RiverSP_Reach_011_001_EU_20240214T214230_20240214T214232_PIC0_01.zip,river,
21500900344,no_data,Fiume Magra,44.10398535,9.9379287,,,,,,SWOT_L2_HR_RiverSP_Reach_011_001_EU_20240214T214230_20240214T214232_PIC0_01.zip,river,
21500900355,no_data,Fiume Magra,44.12143652,9.9276433,,,,,,SWOT_L2_HR_RiverSP_Reach_011_001_EU_20240214T214230_20240214T214232_PIC0_01.zip,river,
21500900364,no_data,Fiume Magra,44.13142931,9.9138465,,,,,,SWOT_L2_HR_RiverSP_Reach_011_001_EU_20240214T214230_20240214T214232_PIC0_01.zip,river,
21500900375,no_data,Fiume Magra,44.13659356,9.9063001,,,,,,SWOT_L2_HR_RiverSP_Reach_011_001_EU_20240214T214230_20240214T214232_PIC0_01.zip,river,
21500900384,no_data,Fiume Magra,44.14283943,9.8981002,,,,,,SWOT_L2_HR_RiverSP_Reach_011_001_EU_20240214T214230_20240214T214232_PIC0_01.zip,river,
21500900395,no_data,Fiume Magra,44.15012927,9.8899941,,,,,,SWOT_L2_HR_RiverSP_Reach_011_001_EU_20240214T214230_20240214T214232_PIC0_01.zip,river,
21500900404,no_data,Fiume Magra,44.15876878,9.8931723,,,,,,SWOT_L2_HR_RiverSP_Reach_011_001_EU_20240214T214230_20240214T214232_PIC0_01.zip,river,
21500900414,no_data,Fiume Magra,44.16226318,9.8974438,,,,,,SWOT_L2_HR_RiverSP_Reach_011_001_EU_20240214T214230_20240214T214232_PIC0_01.zip,river,
21500900425,2024-02-14T21:43:21Z,Fiume Magra,44.16616482,9.9066061,21.6868,73.239894,0.00355177265,,,SWOT_L2_HR_RiverSP_Reach_011_001_EU_20240214T214230_20240214T214232_PIC0_01.zip,river,2024-02-14 21:43:21+00:00
21500900434,2024-02-14T21:43:21Z,Fiume Magra,44.16995794,9.9183815,25.6068,78.228606,0.00485131942,,,SWOT_L2_HR_RiverSP_Reach_011_001_EU_20240214T214230_20240214T214232_PIC0_01.zip,river,2024-02-14 21:43:21+00:00
21500900444,2024-02-14T21:43:21Z,Fiume Magra,44.17257832,9.9248018,,103.867727,,,,SWOT_L2_HR_RiverSP_Reach_011_001_EU_20240214T214230_20240214T214232_PIC0_01.zip,river,2024-02-14 21:43:21+00:00
21500900455,2024-02-14T21:43:21Z,Fiume Magra,44.1887648,9.9372759,38.1263,32.125909,0.00325049982,,,SWOT_L2_HR_RiverSP_Reach_011_001_EU_20240214T214230_20240214T214232_PIC0_01.zip,river,2024-02-14 21:43:21+00:00
21404000011,2024-02-22T06:46:23Z,Adige,45.13669319,11.9340853,0.9909,62.397684,-0.0001032015,,,SWOT_L2_HR_RiverSP_Reach_011_208_EU_20240222T064400_20240222T064402_PIC0_01.zip,river,2024-02-22 06:46:23+00:00
21404000021,2024-02-22T06:46:23Z,Adige,45.1152242,11.8085946,1.9017,69.729522,0.00022989695,,,SWOT_L2_HR_RiverSP_Reach_011_208_EU_20240222T064400_20240222T064402_PIC0_01.zip,river,2024-02-22 06:46:23+00:00
21404000031,2024-02-22T06:46:23Z,Adige,45.10291143,11.6839963,4.0357,61.76333,0.00030361292,,,SWOT_L2_HR_RiverSP_Reach_011_208_EU_20240222T064400_20240222T064402_PIC0_01.zip,river,2024-02-22 06:46:23+00:00
21404000041,2024-02-22T06:46:23Z,Adige,45.11467588,11.5378009,7.5026,58.617201,0.00023903467,,,SWOT_L2_HR_RiverSP_Reach_011_208_EU_20240222T064400_20240222T064402_PIC0_01.zip,river,2024-02-22 06:46:23+00:00
21404000425,no_data,Adige; Fiume Adige,45.11811217,12.169194,,,,,,SWOT_L2_HR_RiverSP_Reach_011_208_EU_20240222T064400_20240222T064402_PIC0_01.zip,river,
21404000435,2024-02-22T06:46:23Z,Adige,45.13738683,12.0558708,6.3564,56.482052,-0.0043017759,,,SWOT_L2_HR_RiverSP_Reach_011_208_EU_20240222T064400_20240222T064402_PIC0_01.zip,river,2024-02-22 06:46:23+00:00
21406100011,2024-02-22T06:46:32Z,no_data,44.97788826,11.9055543,1.4033,304.161987,0.00016179986,,,SWOT_L2_HR_RiverSP_Reach_011_208_EU_20240222T064400_20240222T064402_PIC0_01.zip,river,2024-02-22 06:46:32+00:00
21406100021,2024-02-22T06:46:32Z,Po,44.94767275,11.7511479,2.2417,287.270593,9.002876e-05,,,SWOT_L2_HR_RiverSP_Reach_011_208_EU_20240222T064400_20240222T064402_PIC0_01.zip,river,2024-02-22 06:46:32+00:00
21406100031,2024-02-22T06:46:32Z,Po,44.89965067,11.6362292,3.4159,358.992384,4.132178e-05,,,SWOT_L2_HR_RiverSP_Reach_011_208_EU_20240222T064400_20240222T064402_PIC0_01.zip,river,2024-02-22 06:46:32+00:00
21406100041,2024-02-22T06:46:32Z,Po,44.92732847,11.5407952,3.8752,424.156245,5.871578e-05,,,SWOT_L2_HR_RiverSP_Reach_011_208_EU_20240222T064400_20240222T064402_PIC0_01.zip,river,2024-02-22 06:46:32+00:00
21406100051,2024-02-22T06:46:24Z,Po,44.95362753,11.4200067,4.9806,453.802436,0.00010747408,,,SWOT_L2_HR_RiverSP_Reach_011_208_EU_20240222T064400_20240222T064402_PIC0_01.zip,river,2024-02-22 06:46:24+00:00
21406100061,2024-02-22T06:46:23Z,Po,45.00951862,11.3007475,6.2554,393.762867,9.010061e-05,,,SWOT_L2_HR_RiverSP_Reach_011_208_EU_20240222T064400_20240222T064402_PIC0_01.zip,river,2024-02-22 06:46:23+00:00
21406100071,2024-02-22T06:46:23Z,Po,45.05059331,11.2359852,7.2449,614.830794,0.00010578339,,,SWOT_L2_HR_RiverSP_Reach_011_208_EU_20240222T064400_20240222T064402_PIC0_01.zip,river,2024-02-22 06:46:23+00:00
21406100081,2024-02-22T06:46:23Z,Po,45.0526046,11.0864648,9.0023,312.7656,0.00010787197,,,SWOT_L2_HR_RiverSP_Reach_011_208_EU_20240222T064400_20240222T064402_PIC0_01.zip,river,2024-02-22 06:46:23+00:00
21406100091,2024-02-22T06:46:23Z,Fiume Mincio; Po,45.10017596,10.9113497,11.6409,14.004306,0.00022766016,,,SWOT_L2_HR_RiverSP_Reach_011_208_EU_20240222T064400_20240222T064402_PIC0_01.zip,river,2024-02-22 06:46:23+00:00
21406100101,2024-02-22T06:46:23Z,Po,45.06440534,10.9221059,10.7931,238.804293,0.00011137547,,,SWOT_L2_HR_RiverSP_Reach_011_208_EU_20240222T064400_20240222T064402_PIC0_01.zip,river,2024-02-22 06:46:23+00:00
21406100111,2024-02-22T06:46:23Z,Po,45.04625504,10.768001,12.9209,256.4464,0.0001523287,,,SWOT_L2_HR_RiverSP_Reach_011_208_EU_20240222T064400_20240222T064402_PIC0_01.zip,river,2024-02-22 06:46:23+00:00
21406100123,2024-02-22T06:46:23Z,Fiume Mincio,45.14246728,10.8162187,13.6241,,,,,SWOT_L2_HR_RiverSP_Reach_011_208_EU_20240222T064400_20240222T064402_PIC0_01.zip,river,2024-02-22 06:46:23+00:00
21406100285,no_data,Po di Venezia,44.97907136,12.2580871,,,,,,SWOT_L2_HR_RiverSP_Reach_011_208_EU_20240222T064400_20240222T064402_PIC0_01.zip,river,
21406100295,no_data,Po di Venezia,45.02022837,12.1647155,,,,,,SWOT_L2_HR_RiverSP_Reach_011_208_EU_20240222T064400_20240222T064402_PIC0_01.zip,river,
21406100305,2024-02-22T06:46:32Z,Po di Venezia,44.99976903,12.0782068,1.2437,349.513389,0.00049800927,,,SWOT_L2_HR_RiverSP_Reach_011_208_EU_20240222T064400_20240222T064402_PIC0_01.zip,river,2024-02-22 06:46:32+00:00
21406100315,2024-02-22T06:46:32Z,Po,44.97645748,12.0255272,-1.9759,316.678213,-0.002802471,,,SWOT_L2_HR_RiverSP_Reach_011_208_EU_20240222T064400_20240222T064402_PIC0_01.zip,river,2024-02-22 06:46:32+00:00
21406200011,2024-02-22T06:46:23Z,Po,45.06313602,10.6021879,16.9183,43.111476,0.00027342025,,,SWOT_L2_HR_RiverSP_Reach_011_208_EU_20240222T064400_20240222T064402_PIC0_01.zip,river,2024-02-22 06:46:23+00:00
21406200021,2024-02-22T06:46:23Z,Fiume Oglio,45.12874321,10.5044278,19.9664,21.074085,0.00015969454,,,SWOT_L2_HR_RiverSP_Reach_011_208_EU_20240222T064400_20240222T064402_PIC0_01.zip,river,2024-02-22 06:46:23+00:00
21406300011,2024-02-22T06:46:23Z,Po,45.00223735,10.6801087,15.3404,258.560993,0.00012404738,,,SWOT_L2_HR_RiverSP_Reach_011_208_EU_20240222T064400_20240222T064402_PIC0_01.zip,river,2024-02-22 06:46:23+00:00
21406300021,2024-02-22T06:46:23Z,Po,44.92496107,10.6126319,16.486,203.398465,0.00011278768,,,SWOT_L2_HR_RiverSP_Reach_011_208_EU_20240222T064400_20240222T064402_PIC0_01.zip,river,2024-02-22 06:46:23+00:00
21406300031,2024-02-22T06:46:23Z,Parma; Po,44.92391702,10.4975482,17.8414,200.818018,4.08199e-05,,,SWOT_L2_HR_RiverSP_Reach_011_208_EU_20240222T064400_20240222T064402_PIC0_01.zip,river,2024-02-22 06:46:23+00:00
21406300041,2024-02-22T06:46:23Z,Parma,44.96698609,10.4153531,19.2639,218.136745,0.00031203218,,,SWOT_L2_HR_RiverSP_Reach_011_208_EU_20240222T064400_20240222T064402_PIC0_01.zip,river,2024-02-22 06:46:23+00:00
21406300051,2024-02-22T06:46:23Z,Parma; Po,44.98238586,10.3257584,21.5023,157.241526,-0.0015797911,,,SWOT_L2_HR_RiverSP_Reach_011_208_EU_20240222T064400_20240222T064402_PIC0_01.zip,river,2024-02-22 06:46:23+00:00
21406300061,no_data,Po,45.0255784,10.1966661,,,,,,SWOT_L2_HR_RiverSP_Reach_011_208_EU_20240222T064400_20240222T064402_PIC0_01.zip,river,
21407000035,no_data,Po di Goro,44.88212683,12.2910628,,,,,,SWOT_L2_HR_RiverSP_Reach_011_208_EU_20240222T064400_20240222T064402_PIC0_01.zip,river,
21407000045,no_data,Po di Goro,44.93225211,12.2569541,,,,,,SWOT_L2_HR_RiverSP_Reach_011_208_EU_20240222T064400_20240222T064402_PIC0_01.zip,river,
21407000055,2024-02-22T06:46:32Z,Po di Goro,44.94808193,12.128055,0.0213,22.758651,0.00017923489,,,SWOT_L2_HR_RiverSP_Reach_011_208_EU_20240222T064400_20240222T064402_PIC0_01.zip,river,2024-02-22 06:46:32+00:00
21500800061,2024-02-22T06:46:44Z,Fiume Arno,43.70436492,10.7839405,9.1024,57.254069,-0.0002769559,,,SWOT_L2_HR_RiverSP_Reach_011_208_EU_20240222T064400_20240222T064402_PIC0_01.zip,river,2024-02-22 06:46:44+00:00
21500800074,2024-02-22T06:46:44Z,Fiume Arno,43.71763156,10.8700497,,26.429032,,,,SWOT_L2_HR_RiverSP_Reach_011_208_EU_20240222T064400_20240222T064402_PIC0_01.zip,river,2024-02-22 06:46:44+00:00
21500800081,2024-02-22T06:46:44Z,Fiume Arno,43.72780079,10.8953951,8.1377,4.903131,-0.0033601455,,,SWOT_L2_HR_RiverSP_Reach_011_208_EU_20240222T064400_20240222T064402_PIC0_01.zip,river,2024-02-22 06:46:44+00:00
21500800094,2024-02-22T06:46:44Z,Fiume Arno,43.72897311,10.9212468,,15.298262,,,,SWOT_L2_HR_RiverSP_Reach_011_208_EU_20240222T064400_20240222T064402_PIC0_01.zip,river,2024-02-22 06:46:44+00:00
21500800101,2024-02-22T06:46:44Z,Fiume Arno,43.72609497,10.9424002,,3.466421,,,,SWOT_L2_HR_RiverSP_Reach_011_208_EU_20240222T064400_20240222T064402_PIC0_01.zip,river,2024-02-22 06:46:44+00:00
21500800114,2024-02-22T06:46:44Z,Fiume Arno,43.73395613,10.9629417,,25.560851,,,,SWOT_L2_HR_RiverSP_Reach_011_208_EU_20240222T064400_20240222T064402_PIC0_01.zip,river,2024-02-22 06:46:44+00:00
21500800121,2024-02-22T06:46:44Z,Fiume Arno,43.739528,10.9815185,18.3947,10.040772,-0.000627021,,,SWOT_L2_HR_RiverSP_Reach_011_208_EU_20240222T064400_20240222T064402_PIC0_01.zip,river,2024-02-22 06:46:44+00:00
21500800134,2024-02-22T06:46:44Z,Fiume Arno,43.73552158,10.9998728,,11.400702,,,,SWOT_L2_HR_RiverSP_Reach_011_208_EU_20240222T064400_20240222T064402_PIC0_01.zip,river,2024-02-22 06:46:44+00:00
21500800141,2024-02-22T06:46:44Z,Fiume Arno,43.74768721,11.0244481,20.9939,8.16158,0.0005433852,,,SWOT_L2_HR_RiverSP_Reach_011_208_EU_20240222T064400_20240222T064402_PIC0_01.zip,river,2024-02-22 06:46:44+00:00
21500800154,2024-02-22T06:46:43Z,Fiume Arno,43.76627758,11.0424554,,11.721719,,,,SWOT_L2_HR_RiverSP_Reach_011_208_EU_20240222T064400_20240222T064402_PIC0_01.zip,river,2024-02-22 06:46:43+00:00
21500800161,2024-02-22T06:46:43Z,Fiume Arno,43.77826116,11.1119621,34.7957,7.356037,-0.0014351814,,,SWOT_L2_HR_RiverSP_Reach_011_208_EU_20240222T064400_20240222T064402_PIC0_01.zip,river,2024-02-22 06:46:43+00:00
21500800174,2024-02-22T06:46:44Z,Fiume Arno,43.78926005,11.1968555,,22.343444,,,,SWOT_L2_HR_RiverSP_Reach_011_208_EU_20240222T064400_20240222T064402_PIC0_01.zip,river,2024-02-22 06:46:44+00:00
21500800181,2024-02-22T06:46:44Z,Fiume Arno,43.7853558,11.2058467,28.1838,9.872992,0.00217835286,,,SWOT_L2_HR_RiverSP_Reach_011_208_EU_20240222T064400_20240222T064402_PIC0_01.zip,river,2024-02-22 06:46:44+00:00
21500800194,2024-02-22T06:46:44Z,Fiume Arno,43.78123761,11.2146427,,67.53482,,,,SWOT_L2_HR_RiverSP_Reach_011_208_EU_20240222T064400_20240222T064402_PIC0_01.zip,river,2024-02-22 06:46:44+00:00
21500800201,2024-02-22T06:46:44Z,Fiume Arno,43.7758682,11.2295414,39.105,35.654931,0.00626151988,,,SWOT_L2_HR_RiverSP_Reach_011_208_EU_20240222T064400_20240222T064402_PIC0_01.zip,river,2024-02-22 06:46:44+00:00
21500800214,2024-02-22T06:46:44Z,Fiume Arno,43.7710951,11.2443983,,66.630278,,,,SWOT_L2_HR_RiverSP_Reach_011_208_EU_20240222T064400_20240222T064402_PIC0_01.zip,river,2024-02-22 06:46:44+00:00
21500800221,2024-02-22T06:46:44Z,Fiume Arno,43.76715202,11.2554943,41.5026,49.439409,-0.0002788447,,,SWOT_L2_HR_RiverSP_Reach_011_208_EU_20240222T064400_20240222T064402_PIC0_01.zip,river,2024-02-22 06:46:44+00:00
21500800234,2024-02-22T06:46:44Z,Fiume Arno,43.76500389,11.2673403,,154.544163,,,,SWOT_L2_HR_RiverSP_Reach_011_208_EU_20240222T064400_20240222T064402_PIC0_01.zip,river,2024-02-22 06:46:44+00:00
21500800241,2024-02-22T06:46:44Z,Fiume Arno,43.76412125,11.2917186,45.1515,49.970703,-0.0001342576,,,SWOT_L2_HR_RiverSP_Reach_011_208_EU_20240222T064400_20240222T064402_PIC0_01.zip,river,2024-02-22 06:46:44+00:00
21500800254,2024-02-22T06:46:44Z,Fiume Arno,43.76234794,11.3160621,,83.887468,,,,SWOT_L2_HR_RiverSP_Reach_011_208_EU_20240222T064400_20240222T064402_PIC0_01.zip,river,2024-02-22 06:46:44+00:00
21500800264,2024-02-22T06:46:44Z,Fiume Arno,43.76456329,11.3232663,52.0811,132.483186,0.00292566855,,,SWOT_L2_HR_RiverSP_Reach_011_208_EU_20240222T064400_20240222T064402_PIC0_01.zip,river,2024-02-22 06:46:44+00:00
21500800274,2024-02-22T06:46:44Z,Fiume Arno,43.76832184,11.331508,54.1088,151.259259,0.00052705154,,,SWOT_L2_HR_RiverSP_Reach_011_208_EU_20240222T064400_20240222T064402_PIC0_01.zip,river,2024-02-22 06:46:44+00:00
21500800284,2024-02-22T06:46:44Z,Fiume Arno,43.76530457,11.337519,54.8673,116.077051,0.00249980166,,,SWOT_L2_HR_RiverSP_Reach_011_208_EU_20240222T064400_20240222T064402_PIC0_01.zip,river,2024-02-22 06:46:44+00:00
21500800301,2024-02-22T06:46:44Z,Fiume Arno,43.77298059,11.3559331,57.2774,47.958092,0.0010535428,,,SWOT_L2_HR_RiverSP_Reach_011_208_EU_20240222T064400_20240222T064402_PIC0_01.zip,river,2024-02-22 06:46:44+00:00
21500800314,2024-02-22T06:46:44Z,Fiume Arno,43.78146667,11.3605945,,127.986928,,,,SWOT_L2_HR_RiverSP_Reach_011_208_EU_20240222T064400_20240222T064402_PIC0_01.zip,river,2024-02-22 06:46:44+00:00
21500800324,2024-02-22T06:46:44Z,Fiume Arno,43.78330118,11.3692522,63.2316,52.017708,0.00141276084,,,SWOT_L2_HR_RiverSP_Reach_011_208_EU_20240222T064400_20240222T064402_PIC0_01.zip,river,2024-02-22 06:46:44+00:00
21500800331,2024-02-22T06:46:44Z,Fiume Arno,43.78712321,11.3824156,65.6726,80.539401,7.456472e-05,,,SWOT_L2_HR_RiverSP_Reach_011_208_EU_20240222T064400_20240222T064402_PIC0_01.zip,river,2024-02-22 06:46:44+00:00
21500800344,2024-02-22T06:46:44Z,Fiume Arno,43.79152438,11.3885935,,138.461639,,,,SWOT_L2_HR_RiverSP_Reach_011_208_EU_20240222T064400_20240222T064402_PIC0_01.zip,river,2024-02-22 06:46:44+00:00
21500800351,2024-02-22T06:46:44Z,Fiume Arno,43.75962957,11.4430708,82.3206,39.075879,0.00299183449,,,SWOT_L2_HR_RiverSP_Reach_011_208_EU_20240222T064400_20240222T064402_PIC0_01.zip,river,2024-02-22 06:46:44+00:00
21500800364,2024-02-22T06:46:52Z,Fiume Arno,43.72136726,11.4558202,,7.07451,,,,SWOT_L2_HR_RiverSP_Reach_011_208_EU_20240222T064400_20240222T064402_PIC0_01.zip,river,2024-02-22 06:46:52+00:00
21406500041,no_data,Po,45.07148237,9.704767,,,,,,SWOT_L2_HR_RiverSP_Reach_011_236_EU_20240223T064437_20240223T064443_PIC0_01.zip,river,
21406500051,2024-02-23T06:46:55Z,Po,45.11288369,9.6007179,44.5152,264.23816,3.491429e-05,,,SWOT_L2_HR_RiverSP_Reach_011_236_EU_20240223T064437_20240223T064443_PIC0_01.zip,river,2024-02-23 06:46:55+00:00
21406500061,2024-02-23T06:46:55Z,Po,45.09545589,9.4901032,47.361,273.269657,0.00015300963,,,SWOT_L2_HR_RiverSP_Reach_011_236_EU_20240223T064437_20240223T064443_PIC0_01.zip,river,2024-02-23 06:46:55+00:00
21406500071,2024-02-23T06:46:54Z,Po,45.11737939,9.3109347,50.8248,351.231104,0.00029054525,,,SWOT_L2_HR_RiverSP_Reach_011_236_EU_20240223T064437_20240223T064443_PIC0_01.zip,river,2024-02-23 06:46:54+00:00
21406700011,2024-02-23T06:46:54Z,Po,45.12538309,9.1596345,53.9165,278.157942,0.00020122108,,,SWOT_L2_HR_RiverSP_Reach_011_236_EU_20240223T064437_20240223T064443_PIC0_01.zip,river,2024-02-23 06:46:54+00:00
21404000021,no_data,Adige,45.1152242,11.8085946,,,,,,SWOT_L2_HR_RiverSP_Reach_011_279_EU_20240224T200402_20240224T200409_PIC0_01.zip,river,
21404000031,no_data,Adige,45.10291143,11.6839963,,8.954605,,,,SWOT_L2_HR_RiverSP_Reach_011_279_EU_20240224T200402_20240224T200409_PIC0_01.zip,river,
21404000041,2024-02-24T20:05:41Z,Adige,45.11467588,11.5378009,8.0932,63.820849,0.00023400893,,,SWOT_L2_HR_RiverSP_Reach_011_279_EU_20240224T200402_20240224T200409_PIC0_01.zip,river,2024-02-24 20:05:41+00:00
21406100031,no_data,Po,44.89965067,11.6362292,,,,,,SWOT_L2_HR_RiverSP_Reach_011_279_EU_20240224T200402_20240224T200409_PIC0_01.zip,river,
21406100041,2024-02-24T20:05:40Z,Po,44.92732847,11.5407952,4.9869,434.821822,0.00033571421,,,SWOT_L2_HR_RiverSP_Reach_011_279_EU_20240224T200402_20240224T200409_PIC0_01.zip,river,2024-02-24 20:05:40+00:00
21406100051,2024-02-24T20:05:40Z,Po,44.95362753,11.4200067,6.1892,429.042678,7.141758e-05,,,SWOT_L2_HR_RiverSP_Reach_011_279_EU_20240224T200402_20240224T200409_PIC0_01.zip,river,2024-02-24 20:05:40+00:00
21406100061,2024-02-24T20:05:40Z,Po,45.00951862,11.3007475,7.4731,344.567321,6.564015e-05,,,SWOT_L2_HR_RiverSP_Reach_011_279_EU_20240224T200402_20240224T200409_PIC0_01.zip,river,2024-02-24 20:05:40+00:00
21406100071,2024-02-24T20:05:40Z,Po,45.05059331,11.2359852,8.5663,342.748171,0.00011709504,,,SWOT_L2_HR_RiverSP_Reach_011_279_EU_20240224T200402_20240224T200409_PIC0_01.zip,river,2024-02-24 20:05:40+00:00
21406100081,2024-02-24T20:05:40Z,Po,45.0526046,11.0864648,10.4328,371.214477,0.00012434133,,,SWOT_L2_HR_RiverSP_Reach_011_279_EU_20240224T200402_20240224T200409_PIC0_01.zip,river,2024-02-24 20:05:40+00:00
21406100091,2024-02-24T20:05:40Z,Fiume Mincio; Po,45.10017596,10.9113497,13.0088,55.46716,0.00014898615,,,SWOT_L2_HR_RiverSP_Reach_011_279_EU_20240224T200402_20240224T200409_PIC0_01.zip,river,2024-02-24 20:05:40+00:00
21406100101,2024-02-24T20:05:40Z,Po,45.06440534,10.9221059,12.48,350.344924,0.00013221709,,,SWOT_L2_HR_RiverSP_Reach_011_279_EU_20240224T200402_20240224T200409_PIC0_01.zip,river,2024-02-24 20:05:40+00:00
21406100111,2024-02-24T20:05:40Z,Po,45.04625504,10.768001,14.6084,181.463249,0.0002054579,,,SWOT_L2_HR_RiverSP_Reach_011_279_EU_20240224T200402_20240224T200409_PIC0_01.zip,river,2024-02-24 20:05:40+00:00
21406100123,2024-02-24T20:05:40Z,Fiume Mincio,45.14246728,10.8162187,13.9803,,,,,SWOT_L2_HR_RiverSP_Reach_011_279_EU_20240224T200402_20240224T200409_PIC0_01.zip,river,2024-02-24 20:05:40+00:00
21406200011,2024-02-24T20:05:40Z,Po,45.06313602,10.6021879,18.1851,137.845833,0.00024645327,,,SWOT_L2_HR_RiverSP_Reach_011_279_EU_20240224T200402_20240224T200409_PIC0_01.zip,river,2024-02-24 20:05:40+00:00
21406200021,2024-02-24T20:05:40Z,Fiume Oglio,45.12874321,10.5044278,21.5128,111.667694,0.00022005528,,,SWOT_L2_HR_RiverSP_Reach_011_279_EU_20240224T200402_20240224T200409_PIC0_01.zip,river,2024-02-24 20:05:40+00:00
21406300011,no_data,Po,45.00223735,10.6801087,,,,,,SWOT_L2_HR_RiverSP_Reach_011_279_EU_20240224T200402_20240224T200409_PIC0_01.zip,river,
21406300021,2024-02-24T20:05:40Z,Po,44.92496107,10.6126319,18.4398,147.279408,5.80137e-06,,,SWOT_L2_HR_RiverSP_Reach_011_279_EU_20240224T200402_20240224T200409_PIC0_01.zip,river,2024-02-24 20:05:40+00:00
21406300031,2024-02-24T20:05:40Z,Parma; Po,44.92391702,10.4975482,20.0228,252.19295,0.00015443302,,,SWOT_L2_HR_RiverSP_Reach_011_279_EU_20240224T200402_20240224T200409_PIC0_01.zip,river,2024-02-24 20:05:40+00:00
21406300041,2024-02-24T20:05:40Z,Parma,44.96698609,10.4153531,21.5431,284.175305,0.00014831622,,,SWOT_L2_HR_RiverSP_Reach_011_279_EU_20240224T200402_20240224T200409_PIC0_01.zip,river,2024-02-24 20:05:40+00:00
21406300051,2024-02-24T20:05:40Z,Parma; Po,44.98238586,10.3257584,23.3911,220.50025,0.00028388597,,,SWOT_L2_HR_RiverSP_Reach_011_279_EU_20240224T200402_20240224T200409_PIC0_01.zip,river,2024-02-24 20:05:40+00:00
21406300061,2024-02-24T20:05:40Z,Po,45.0255784,10.1966661,28.171,194.09879,0.00022360868,,,SWOT_L2_HR_RiverSP_Reach_011_279_EU_20240224T200402_20240224T200409_PIC0_01.zip,river,2024-02-24 20:05:40+00:00
21406300071,2024-02-24T20:05:40Z,Po,45.04383353,10.0629096,28.5869,232.81939,-7.07257e-05,,,SWOT_L2_HR_RiverSP_Reach_011_279_EU_20240224T200402_20240224T200409_PIC0_01.zip,river,2024-02-24 20:05:40+00:00
21406300081,2024-02-24T20:05:40Z,Po,45.11338408,10.0010764,29.3979,203.727552,0.00012002571,,,SWOT_L2_HR_RiverSP_Reach_011_279_EU_20240224T200402_20240224T200409_PIC0_01.zip,river,2024-02-24 20:05:40+00:00
21406300091,2024-02-24T20:05:40Z,Po,45.10509326,9.9334895,29.7701,132.656118,0.00014481075,,,SWOT_L2_HR_RiverSP_Reach_011_279_EU_20240224T200402_20240224T200409_PIC0_01.zip,river,2024-02-24 20:05:40+00:00
21406300111,2024-02-24T20:05:40Z,Po,45.12967127,9.9212745,30.1687,171.564204,7.749925e-05,,,SWOT_L2_HR_RiverSP_Reach_011_279_EU_20240224T200402_20240224T200409_PIC0_01.zip,river,2024-02-24 20:05:40+00:00
21406400014,2024-02-24T20:05:40Z,Adda,45.13676214,9.8763325,,101.336245,,,,SWOT_L2_HR_RiverSP_Reach_011_279_EU_20240224T200402_20240224T200409_PIC0_01.zip,river,2024-02-24 20:05:40+00:00
21406500011,2024-02-24T20:05:40Z,Adda; Po,45.11288469,9.8866488,31.9601,153.212161,-0.0004578209,,,SWOT_L2_HR_RiverSP_Reach_011_279_EU_20240224T200402_20240224T200409_PIC0_01.zip,river,2024-02-24 20:05:40+00:00
21406500021,2024-02-24T20:05:40Z,Po,45.08313086,9.8584456,40.3095,325.825278,5.88042e-06,,,SWOT_L2_HR_RiverSP_Reach_011_279_EU_20240224T200402_20240224T200409_PIC0_01.zip,river,2024-02-24 20:05:40+00:00
21406500031,no_data,Po,45.08910017,9.7847586,,,,,,SWOT_L2_HR_RiverSP_Reach_011_279_EU_20240224T200402_20240224T200409_PIC0_01.zip,river,
21406500041,no_data,Po,45.07148237,9.704767,,,,,,SWOT_L2_HR_RiverSP_Reach_011_279_EU_20240224T200402_20240224T200409_PIC0_01.zip,river,
21406500104,2024-02-24T20:05:40Z,Po,45.09264137,9.9046467,,64.368939,,,,SWOT_L2_HR_RiverSP_Reach_011_279_EU_20240224T200402_20240224T200409_PIC0_01.zip,river,2024-02-24 20:05:40+00:00
21500800021,2024-02-24T20:05:27Z,Fiume Arno,43.7081277,10.4445051,0.4002,65.267873,1.243773e-05,,,SWOT_L2_HR_RiverSP_Reach_011_279_EU_20240224T200402_20240224T200409_PIC0_01.zip,river,2024-02-24 20:05:27+00:00
21500800061,2024-02-24T20:05:28Z,Fiume Arno,43.70436492,10.7839405,14.8113,7.086049,9.41093e-05,,,SWOT_L2_HR_RiverSP_Reach_011_279_EU_20240224T200402_20240224T200409_PIC0_01.zip,river,2024-02-24 20:05:28+00:00
21500800074,2024-02-24T20:05:28Z,Fiume Arno,43.71763156,10.8700497,,44.495376,,,,SWOT_L2_HR_RiverSP_Reach_011_279_EU_20240224T200402_20240224T200409_PIC0_01.zip,river,2024-02-24 20:05:28+00:00
21500800081,2024-02-24T20:05:28Z,Fiume Arno,43.72780079,10.8953951,10.6808,9.160541,-0.0011358058,,,SWOT_L2_HR_RiverSP_Reach_011_279_EU_20240224T200402_20240224T200409_PIC0_01.zip,river,2024-02-24 20:05:28+00:00
21500800094,2024-02-24T20:05:28Z,Fiume Arno,43.72897311,10.9212468,,40.467087,,,,SWOT_L2_HR_RiverSP_Reach_011_279_EU_20240224T200402_20240224T200409_PIC0_01.zip,river,2024-02-24 20:05:28+00:00
21500800101,2024-02-24T20:05:28Z,Fiume Arno,43.72609497,10.9424002,25.4687,8.844264,-0.0054276362,,,SWOT_L2_HR_RiverSP_Reach_011_279_EU_20240224T200402_20240224T200409_PIC0_01.zip,river,2024-02-24 20:05:28+00:00
21500800114,2024-02-24T20:05:28Z,Fiume Arno,43.73395613,10.9629417,,43.01937,,,,SWOT_L2_HR_RiverSP_Reach_011_279_EU_20240224T200402_20240224T200409_PIC0_01.zip,river,2024-02-24 20:05:28+00:00
21500800121,2024-02-24T20:05:28Z,Fiume Arno,43.739528,10.9815185,17.6,17.054075,-0.0001031357,,,SWOT_L2_HR_RiverSP_Reach_011_279_EU_20240224T200402_20240224T200409_PIC0_01.zip,river,2024-02-24 20:05:28+00:00
21500800134,2024-02-24T20:05:28Z,Fiume Arno,43.73552158,10.9998728,,11.493929,,,,SWOT_L2_HR_RiverSP_Reach_011_279_EU_20240224T200402_20240224T200409_PIC0_01.zip,river,2024-02-24 20:05:28+00:00
21500800141,2024-02-24T20:05:28Z,Fiume Arno,43.74768721,11.0244481,23.5502,9.157006,0.00099357222,,,SWOT_L2_HR_RiverSP_Reach_011_279_EU_20240224T200402_20240224T200409_PIC0_01.zip,river,2024-02-24 20:05:28+00:00
21500800154,2024-02-24T20:05:28Z,Fiume Arno,43.76627758,11.0424554,,23.403496,,,,SWOT_L2_HR_RiverSP_Reach_011_279_EU_20240224T200402_20240224T200409_PIC0_01.zip,river,2024-02-24 20:05:28+00:00
21500800161,2024-02-24T20:05:28Z,Fiume Arno,43.77826116,11.1119621,4.1458,4.46658,-0.0055428192,,,SWOT_L2_HR_RiverSP_Reach_011_279_EU_20240224T200402_20240224T200409_PIC0_01.zip,river,2024-02-24 20:05:28+00:00
21500800174,no_data,Fiume Arno,43.78926005,11.1968555,,,,,,SWOT_L2_HR_RiverSP_Reach_011_279_EU_20240224T200402_20240224T200409_PIC0_01.zip,river,
21500800181,no_data,Fiume Arno,43.7853558,11.2058467,,,,,,SWOT_L2_HR_RiverSP_Reach_011_279_EU_20240224T200402_20240224T200409_PIC0_01.zip,river,
21500800194,no_data,Fiume Arno,43.78123761,11.2146427,,,,,,SWOT_L2_HR_RiverSP_Reach_011_279_EU_20240224T200402_20240224T200409_PIC0_01.zip,river,
21500800201,no_data,Fiume Arno,43.7758682,11.2295414,,,,,,SWOT_L2_HR_RiverSP_Reach_011_279_EU_20240224T200402_20240224T200409_PIC0_01.zip,river,
21500800214,no_data,Fiume Arno,43.7710951,11.2443983,,,,,,SWOT_L2_HR_RiverSP_Reach_011_279_EU_20240224T200402_20240224T200409_PIC0_01.zip,river,
21500800221,no_data,Fiume Arno,43.76715202,11.2554943,,,,,,SWOT_L2_HR_RiverSP_Reach_011_279_EU_20240224T200402_20240224T200409_PIC0_01.zip,river,
21500800234,no_data,Fiume Arno,43.76500389,11.2673403,,,,,,SWOT_L2_HR_RiverSP_Reach_011_279_EU_20240224T200402_20240224T200409_PIC0_01.zip,river,
21500800241,no_data,Fiume Arno,43.76412125,11.2917186,,,,,,SWOT_L2_HR_RiverSP_Reach_011_279_EU_20240224T200402_20240224T200409_PIC0_01.zip,river,
21500900013,2024-02-24T20:05:28Z,Serchio,43.76238147,10.3226477,0.479,208.943649,0.00031064666,,,SWOT_L2_HR_RiverSP_Reach_011_279_EU_20240224T200402_20240224T200409_PIC0_01.zip,river,2024-02-24 20:05:28+00:00
21500900021,no_data,Serchio,43.78117023,10.399042,,,,,,SWOT_L2_HR_RiverSP_Reach_011_279_EU_20240224T200402_20240224T200409_PIC0_01.zip,river,
21500900034,no_data,Serchio,43.78946261,10.4164431,,,,,,SWOT_L2_HR_RiverSP_Reach_011_279_EU_20240224T200402_20240224T200409_PIC0_01.zip,river,
21500900041,2024-02-24T20:05:28Z,Serchio,43.8036516,10.4063306,2.526,74.256838,0.00093250704,,,SWOT_L2_HR_RiverSP_Reach_011_279_EU_20240224T200402_20240224T200409_PIC0_01.zip,river,2024-02-24 20:05:28+00:00
21500900064,2024-02-24T20:05:28Z,Fiume Magra,44.1080452,9.9369098,,195.739087,,,,SWOT_L2_HR_RiverSP_Reach_011_279_EU_20240224T200402_20240224T200409_PIC0_01.zip,river,2024-02-24 20:05:28+00:00
21500900184,no_data,Serchio,43.8188553,10.4136918,,,,,,SWOT_L2_HR_RiverSP_Reach_011_279_EU_20240224T200402_20240224T200409_PIC0_01.zip,river,
21500900191,no_data,Serchio,43.84327707,10.4415553,,,,,,SWOT_L2_HR_RiverSP_Reach_011_279_EU_20240224T200402_20240224T200409_PIC0_01.zip,river,
21500900204,no_data,Serchio,43.8539327,10.476405,,,,,,SWOT_L2_HR_RiverSP_Reach_011_279_EU_20240224T200402_20240224T200409_PIC0_01.zip,river,
21500900211,2024-02-24T20:05:28Z,Serchio,43.8532787,10.4915647,,94.635652,,,,SWOT_L2_HR_RiverSP_Reach_011_279_EU_20240224T200402_20240224T200409_PIC0_01.zip,river,2024-02-24 20:05:28+00:00
21500900224,2024-02-24T20:05:28Z,Serchio,43.85677563,10.5059732,,182.916408,,,,SWOT_L2_HR_RiverSP_Reach_011_279_EU_20240224T200402_20240224T200409_PIC0_01.zip,river,2024-02-24 20:05:28+00:00
21500900231,2024-02-24T20:05:28Z,Serchio,43.88606154,10.5259476,20.706,35.930714,0.00047056624,,,SWOT_L2_HR_RiverSP_Reach_011_279_EU_20240224T200402_20240224T200409_PIC0_01.zip,river,2024-02-24 20:05:28+00:00
21500900244,2024-02-24T20:05:28Z,Serchio,43.91649583,10.529312,,362.783922,,,,SWOT_L2_HR_RiverSP_Reach_011_279_EU_20240224T200402_20240224T200409_PIC0_01.zip,river,2024-02-24 20:05:28+00:00
21500900261,2024-02-24T20:05:28Z,Serchio,43.92488448,10.5296092,40.9705,91.152198,0.00018784762,,,SWOT_L2_HR_RiverSP_Reach_011_279_EU_20240224T200402_20240224T200409_PIC0_01.zip,river,2024-02-24 20:05:28+00:00
21500900274,2024-02-24T20:05:28Z,Serchio,43.92529227,10.5218935,,101.753405,,,,SWOT_L2_HR_RiverSP_Reach_011_279_EU_20240224T200402_20240224T200409_PIC0_01.zip,river,2024-02-24 20:05:28+00:00
21500900281,2024-02-24T20:05:28Z,Serchio,43.93088015,10.5087897,47.0108,61.409949,0.00343091747,,,SWOT_L2_HR_RiverSP_Reach_011_279_EU_20240224T200402_20240224T200409_PIC0_01.zip,river,2024-02-24 20:05:28+00:00
21500900294,2024-02-24T20:05:28Z,Serchio,43.93982305,10.5015469,,63.056194,,,,SWOT_L2_HR_RiverSP_Reach_011_279_EU_20240224T200402_20240224T200409_PIC0_01.zip,river,2024-02-24 20:05:28+00:00
21500900301,2024-02-24T20:05:28Z,Serchio,43.96338733,10.5238839,68.6703,83.827507,0.00410816559,,,SWOT_L2_HR_RiverSP_Reach_011_279_EU_20240224T200402_20240224T200409_PIC0_01.zip,river,2024-02-24 20:05:28+00:00
21500900314,2024-02-24T20:05:28Z,Serchio,43.98114573,10.5523043,,278.398755,,,,SWOT_L2_HR_RiverSP_Reach_011_279_EU_20240224T200402_20240224T200409_PIC0_01.zip,river,2024-02-24 20:05:28+00:00
21500900321,2024-02-24T20:05:28Z,Serchio,43.99085556,10.5533227,91.1787,89.197721,0.00095662386,,,SWOT_L2_HR_RiverSP_Reach_011_279_EU_20240224T200402_20240224T200409_PIC0_01.zip,river,2024-02-24 20:05:28+00:00
21500900335,2024-02-24T20:05:28Z,Fiume Magra,44.07842653,9.9655885,0.8523,172.296941,0.00011190959,,,SWOT_L2_HR_RiverSP_Reach_011_279_EU_20240224T200402_20240224T200409_PIC0_01.zip,river,2024-02-24 20:05:28+00:00
21500900344,2024-02-24T20:05:28Z,Fiume Magra,44.10398535,9.9379287,,165.031731,,,,SWOT_L2_HR_RiverSP_Reach_011_279_EU_20240224T200402_20240224T200409_PIC0_01.zip,river,2024-02-24 20:05:28+00:00
21500900355,2024-02-24T20:05:28Z,Fiume Magra,44.12143652,9.9276433,5.5398,141.013518,0.0011316622,,,SWOT_L2_HR_RiverSP_Reach_011_279_EU_20240224T200402_20240224T200409_PIC0_01.zip,river,2024-02-24 20:05:28+00:00
21500900364,2024-02-24T20:05:28Z,Fiume Magra,44.13142931,9.9138465,,191.497457,,,,SWOT_L2_HR_RiverSP_Reach_011_279_EU_20240224T200402_20240224T200409_PIC0_01.zip,river,2024-02-24 20:05:28+00:00
21500900375,2024-02-24T20:05:28Z,Fiume Magra,44.13659356,9.9063001,9.367,77.295615,0.00274999708,,,SWOT_L2_HR_RiverSP_Reach_011_279_EU_20240224T200402_20240224T200409_PIC0_01.zip,river,2024-02-24 20:05:28+00:00
21500900384,2024-02-24T20:05:28Z,Fiume Magra,44.14283943,9.8981002,,223.554226,,,,SWOT_L2_HR_RiverSP_Reach_011_279_EU_20240224T200402_20240224T200409_PIC0_01.zip,river,2024-02-24 20:05:28+00:00
21500900395,2024-02-24T20:05:28Z,Fiume Magra,44.15012927,9.8899941,13.9544,174.792784,0.0019866091,,,SWOT_L2_HR_RiverSP_Reach_011_279_EU_20240224T200402_20240224T200409_PIC0_01.zip,river,2024-02-24 20:05:28+00:00
21500900404,2024-02-24T20:05:28Z,Fiume Magra,44.15876878,9.8931723,17.2683,68.242277,0.00331125315,,,SWOT_L2_HR_RiverSP_Reach_011_279_EU_20240224T200402_20240224T200409_PIC0_01.zip,river,2024-02-24 20:05:28+00:00
21500900414,2024-02-24T20:05:28Z,Fiume Magra,44.16226318,9.8974438,,87.25199,,,,SWOT_L2_HR_RiverSP_Reach_011_279_EU_20240224T200402_20240224T200409_PIC0_01.zip,river,2024-02-24 20:05:28+00:00
21500900425,2024-02-24T20:05:28Z,Fiume Magra,44.16616482,9.9066061,21.7758,113.451542,0.00293077292,,,SWOT_L2_HR_RiverSP_Reach_011_279_EU_20240224T200402_20240224T200409_PIC0_01.zip,river,2024-02-24 20:05:28+00:00
21500900434,2024-02-24T20:05:28Z,Fiume Magra,44.16995794,9.9183815,25.874,64.74096,0.00492468578,,,SWOT_L2_HR_RiverSP_Reach_011_279_EU_20240224T200402_20240224T200409_PIC0_01.zip,river,2024-02-24 20:05:28+00:00
21500900444,2024-02-24T20:05:28Z,Fiume Magra,44.17257832,9.9248018,,116.514592,,,,SWOT_L2_HR_RiverSP_Reach_011_279_EU_20240224T200402_20240224T200409_PIC0_01.zip,river,2024-02-24 20:05:28+00:00
21500900455,2024-02-24T20:05:28Z,Fiume Magra,44.1887648,9.9372759,38.0684,48.877411,0.00328603775,,,SWOT_L2_HR_RiverSP_Reach_011_279_EU_20240224T200402_20240224T200409_PIC0_01.zip,river,2024-02-24 20:05:28+00:00
21406500071,no_data,Po,45.11737939,9.3109347,,,,,,SWOT_L2_HR_RiverSP_Reach_011_307_EU_20240225T200600_20240225T200610_PIC0_01.zip,river,
21406700011,2024-02-25T20:06:12Z,Po,45.12538309,9.1596345,53.7901,220.042012,0.0003474379,,,SWOT_L2_HR_RiverSP_Reach_011_307_EU_20240225T200600_20240225T200610_PIC0_01.zip,river,2024-02-25 20:06:12+00:00
21404000011,2024-03-03T05:08:39Z,Adige,45.13669319,11.9340853,3.9464,82.401736,0.00014405991,,,SWOT_L2_HR_RiverSP_Reach_011_486_EU_20240303T050617_20240303T050618_PIC0_01.zip,river,2024-03-03 05:08:39+00:00
21404000021,2024-03-03T05:08:39Z,Adige,45.1152242,11.8085946,5.7628,100.071466,0.00017847701,,,SWOT_L2_HR_RiverSP_Reach_011_486_EU_20240303T050617_20240303T050618_PIC0_01.zip,river,2024-03-03 05:08:39+00:00
21404000031,2024-03-03T05:08:39Z,Adige,45.10291143,11.6839963,7.7323,84.922473,0.00017419128,,,SWOT_L2_HR_RiverSP_Reach_011_486_EU_20240303T050617_20240303T050618_PIC0_01.zip,river,2024-03-03 05:08:39+00:00
21404000041,2024-03-03T05:08:39Z,Adige,45.11467588,11.5378009,9.9767,84.154548,0.00016268278,,,SWOT_L2_HR_RiverSP_Reach_011_486_EU_20240303T050617_20240303T050618_PIC0_01.zip,river,2024-03-03 05:08:39+00:00
21404000415,2024-03-03T05:08:39Z,Fiume Adige,45.12610537,12.2744918,-0.2669,526.668274,8.795856e-05,,,SWOT_L2_HR_RiverSP_Reach_011_486_EU_20240303T050617_20240303T050618_PIC0_01.zip,river,2024-03-03 05:08:39+00:00
21404000425,2024-03-03T05:08:39Z,Adige; Fiume Adige,45.11811217,12.169194,0.8967,119.703354,0.00011334676,,,SWOT_L2_HR_RiverSP_Reach_011_486_EU_20240303T050617_20240303T050618_PIC0_01.zip,river,2024-03-03 05:08:39+00:00
21404000435,2024-03-03T05:08:39Z,Adige,45.13738683,12.0558708,2.322,92.544761,0.00015050734,,,SWOT_L2_HR_RiverSP_Reach_011_486_EU_20240303T050617_20240303T050618_PIC0_01.zip,river,2024-03-03 05:08:39+00:00
21406100011,2024-03-03T05:08:40Z,no_data,44.97788826,11.9055543,5.3944,349.55389,9.274102e-05,,,SWOT_L2_HR_RiverSP_Reach_011_486_EU_20240303T050617_20240303T050618_PIC0_01.zip,river,2024-03-03 05:08:40+00:00
21406100021,2024-03-03T05:08:40Z,Po,44.94767275,11.7511479,6.8025,355.583107,0.00010297076,,,SWOT_L2_HR_RiverSP_Reach_011_486_EU_20240303T050617_20240303T050618_PIC0_01.zip,river,2024-03-03 05:08:40+00:00
21406100031,2024-03-03T05:08:40Z,Po,44.89965067,11.6362292,8.0133,402.220969,8.941281e-05,,,SWOT_L2_HR_RiverSP_Reach_011_486_EU_20240303T050617_20240303T050618_PIC0_01.zip,river,2024-03-03 05:08:40+00:00
21406100041,no_data,Po,44.92732847,11.5407952,,,,,,SWOT_L2_HR_RiverSP_Reach_011_486_EU_20240303T050617_20240303T050618_PIC0_01.zip,river,
21406100051,no_data,Po,44.95362753,11.4200067,,,,,,SWOT_L2_HR_RiverSP_Reach_011_486_EU_20240303T050617_20240303T050618_PIC0_01.zip,river,
21406100275,no_data,Po di Venezia,44.95659643,12.3650664,,,,,,SWOT_L2_HR_RiverSP_Reach_011_486_EU_20240303T050617_20240303T050618_PIC0_01.zip,river,
21406100285,2024-03-03T05:08:40Z,Po di Venezia,44.97907136,12.2580871,1.992,521.936376,9.055285e-05,,,SWOT_L2_HR_RiverSP_Reach_011_486_EU_20240303T050617_20240303T050618_PIC0_01.zip,river,2024-03-03 05:08:40+00:00
21406100295,2024-03-03T05:08:40Z,Po di Venezia,45.02022837,12.1647155,2.9034,462.0514,0.00010234376,,,SWOT_L2_HR_RiverSP_Reach_011_486_EU_20240303T050617_20240303T050618_PIC0_01.zip,river,2024-03-03 05:08:40+00:00
21406100305,2024-03-03T05:08:40Z,Po di Venezia,44.99976903,12.0782068,3.8461,505.551346,8.507062e-05,,,SWOT_L2_HR_RiverSP_Reach_011_486_EU_20240303T050617_20240303T050618_PIC0_01.zip,river,2024-03-03 05:08:40+00:00
21406100315,2024-03-03T05:08:40Z,Po,44.97645748,12.0255272,4.4944,377.945857,8.549257e-05,,,SWOT_L2_HR_RiverSP_Reach_011_486_EU_20240303T050617_20240303T050618_PIC0_01.zip,river,2024-03-03 05:08:40+00:00
21407000015,2024-03-03T05:08:40Z,Po di Gnocca,44.88633902,12.3402252,0.6343,200.404355,7.526806e-05,,,SWOT_L2_HR_RiverSP_Reach_011_486_EU_20240303T050617_20240303T050618_PIC0_01.zip,river,2024-03-03 05:08:40+00:00
21407000025,2024-03-03T05:08:49Z,no_data,44.82749551,12.3520721,0.0657,248.461182,6.940181e-05,,,SWOT_L2_HR_RiverSP_Reach_011_486_EU_20240303T050617_20240303T050618_PIC0_01.zip,river,2024-03-03 05:08:49+00:00
21407000035,2024-03-03T05:08:40Z,Po di Goro,44.88212683,12.2910628,0.8242,224.96808,7.777057e-05,,,SWOT_L2_HR_RiverSP_Reach_011_486_EU_20240303T050617_20240303T050618_PIC0_01.zip,river,2024-03-03 05:08:40+00:00
21407000045,2024-03-03T05:08:40Z,Po di Goro,44.93225211,12.2569541,,183.227877,,,,SWOT_L2_HR_RiverSP_Reach_011_486_EU_20240303T050617_20240303T050618_PIC0_01.zip,river,2024-03-03 05:08:40+00:00
21407000055,2024-03-03T05:08:40Z,Po di Goro,44.94808193,12.128055,3.1932,163.253607,0.00013051853,,,SWOT_L2_HR_RiverSP_Reach_011_486_EU_20240303T050617_20240303T050618_PIC0_01.zip,river,2024-03-03 05:08:40+00:00
21406100091,no_data,Fiume Mincio; Po,45.10017596,10.9113497,,,,,,SWOT_L2_HR_RiverSP_Reach_011_514_EU_20240304T050651_20240304T050659_PIC0_01.zip,river,
21406100101,no_data,Po,45.06440534,10.9221059,,,,,,SWOT_L2_HR_RiverSP_Reach_011_514_EU_20240304T050651_20240304T050659_PIC0_01.zip,river,
21406100111,2024-03-04T05:09:11Z,Po,45.04625504,10.768001,18.2719,401.240866,0.00012835049,,,SWOT_L2_HR_RiverSP_Reach_011_514_EU_20240304T050651_20240304T050659_PIC0_01.zip,river,2024-03-04 05:09:11+00:00
21406100123,2024-03-04T05:09:11Z,Fiume Mincio,45.14246728,10.8162187,12.7294,,,,,SWOT_L2_HR_RiverSP_Reach_011_514_EU_20240304T050651_20240304T050659_PIC0_01.zip,river,2024-03-04 05:09:11+00:00
21406200011,2024-03-04T05:09:11Z,Po,45.06313602,10.6021879,19.9161,182.066501,7.635466e-05,,,SWOT_L2_HR_RiverSP_Reach_011_514_EU_20240304T050651_20240304T050659_PIC0_01.zip,river,2024-03-04 05:09:11+00:00
21406200021,2024-03-04T05:09:11Z,Fiume Oglio,45.12874321,10.5044278,21.8572,92.5453,0.00020319682,,,SWOT_L2_HR_RiverSP_Reach_011_514_EU_20240304T050651_20240304T050659_PIC0_01.zip,river,2024-03-04 05:09:11+00:00
21406300011,2024-03-04T05:09:19Z,Po,45.00223735,10.6801087,20.3009,382.406551,0.00017942083,,,SWOT_L2_HR_RiverSP_Reach_011_514_EU_20240304T050651_20240304T050659_PIC0_01.zip,river,2024-03-04 05:09:19+00:00
21406300021,2024-03-04T05:09:20Z,Po,44.92496107,10.6126319,22.287,244.199495,0.00012196464,,,SWOT_L2_HR_RiverSP_Reach_011_514_EU_20240304T050651_20240304T050659_PIC0_01.zip,river,2024-03-04 05:09:20+00:00
21406300031,2024-03-04T05:09:20Z,Parma; Po,44.92391702,10.4975482,23.8867,344.867407,0.00016410183,,,SWOT_L2_HR_RiverSP_Reach_011_514_EU_20240304T050651_20240304T050659_PIC0_01.zip,river,2024-03-04 05:09:20+00:00
21406300041,2024-03-04T05:09:11Z,Parma,44.96698609,10.4153531,34.9667,352.577595,0.00326408217,,,SWOT_L2_HR_RiverSP_Reach_011_514_EU_20240304T050651_20240304T050659_PIC0_01.zip,river,2024-03-04 05:09:11+00:00
21406300051,2024-03-04T05:09:11Z,Parma; Po,44.98238586,10.3257584,65.6781,47.933161,0.00014324139,,,SWOT_L2_HR_RiverSP_Reach_011_514_EU_20240304T050651_20240304T050659_PIC0_01.zip,river,2024-03-04 05:09:11+00:00
21406300061,2024-03-04T05:09:11Z,Po,45.0255784,10.1966661,59.1037,256.589791,-0.0011303998,,,SWOT_L2_HR_RiverSP_Reach_011_514_EU_20240304T050651_20240304T050659_PIC0_01.zip,river,2024-03-04 05:09:11+00:00
21406300071,2024-03-04T05:09:11Z,Po,45.04383353,10.0629096,29.9482,195.960373,-0.0027130161,,,SWOT_L2_HR_RiverSP_Reach_011_514_EU_20240304T050651_20240304T050659_PIC0_01.zip,river,2024-03-04 05:09:11+00:00
21406300081,2024-03-04T05:09:10Z,Po,45.11338408,10.0010764,10.8758,73.721492,0.00017624684,,,SWOT_L2_HR_RiverSP_Reach_011_514_EU_20240304T050651_20240304T050659_PIC0_01.zip,river,2024-03-04 05:09:10+00:00
21406300091,no_data,Po,45.10509326,9.9334895,,,,,,SWOT_L2_HR_RiverSP_Reach_011_514_EU_20240304T050651_20240304T050659_PIC0_01.zip,river,
21406300111,2024-03-04T05:09:10Z,Po,45.12967127,9.9212745,,128.550172,,,,SWOT_L2_HR_RiverSP_Reach_011_514_EU_20240304T050651_20240304T050659_PIC0_01.zip,river,2024-03-04 05:09:10+00:00
21406400014,2024-03-04T05:09:10Z,Adda,45.13676214,9.8763325,,344.903624,,,,SWOT_L2_HR_RiverSP_Reach_011_514_EU_20240304T050651_20240304T050659_PIC0_01.zip,river,2024-03-04 05:09:10+00:00
21406500011,2024-03-04T05:09:10Z,Adda; Po,45.11288469,9.8866488,35.0555,63.044173,1.388893e-05,,,SWOT_L2_HR_RiverSP_Reach_011_514_EU_20240304T050651_20240304T050659_PIC0_01.zip,river,2024-03-04 05:09:10+00:00
21406500021,2024-03-04T05:09:10Z,Po,45.08313086,9.8584456,,91.880103,,,,SWOT_L2_HR_RiverSP_Reach_011_514_EU_20240304T050651_20240304T050659_PIC0_01.zip,river,2024-03-04 05:09:10+00:00
21406500031,2024-03-04T05:09:10Z,Po,45.08910017,9.7847586,43.0617,247.337538,0.00018055595,,,SWOT_L2_HR_RiverSP_Reach_011_514_EU_20240304T050651_20240304T050659_PIC0_01.zip,river,2024-03-04 05:09:10+00:00
21406500041,2024-03-04T05:09:10Z,Po,45.07148237,9.704767,45.2365,235.173105,0.00020214405,,,SWOT_L2_HR_RiverSP_Reach_011_514_EU_20240304T050651_20240304T050659_PIC0_01.zip,river,2024-03-04 05:09:10+00:00
21406500051,2024-03-04T05:09:10Z,Po,45.11288369,9.6007179,47.8563,375.86484,0.00015502565,,,SWOT_L2_HR_RiverSP_Reach_011_514_EU_20240304T050651_20240304T050659_PIC0_01.zip,river,2024-03-04 05:09:10+00:00
21406500061,2024-03-04T05:09:10Z,Po,45.09545589,9.4901032,51.2841,354.305575,0.00018295115,,,SWOT_L2_HR_RiverSP_Reach_011_514_EU_20240304T050651_20240304T050659_PIC0_01.zip,river,2024-03-04 05:09:10+00:00
21406500071,2024-03-04T05:09:10Z,Po,45.11737939,9.3109347,54.4037,384.738032,0.00021734513,,,SWOT_L2_HR_RiverSP_Reach_011_514_EU_20240304T050651_20240304T050659_PIC0_01.zip,river,2024-03-04 05:09:10+00:00
21406500104,no_data,Po,45.09264137,9.9046467,,,,,,SWOT_L2_HR_RiverSP_Reach_011_514_EU_20240304T050651_20240304T050659_PIC0_01.zip,river,
21406700011,2024-03-04T05:09:10Z,Po,45.12538309,9.1596345,58.5896,265.289958,0.00023340697,,,SWOT_L2_HR_RiverSP_Reach_011_514_EU_20240304T050651_20240304T050659_PIC0_01.zip,river,2024-03-04 05:09:10+00:00
21500800021,no_data,Fiume Arno,43.7081277,10.4445051,,,,,,SWOT_L2_HR_RiverSP_Reach_011_514_EU_20240304T050651_20240304T050659_PIC0_01.zip,river,
21500800061,2024-03-04T05:09:40Z,Fiume Arno,43.70436492,10.7839405,13.3128,63.873682,5.427254e-05,,,SWOT_L2_HR_RiverSP_Reach_011_514_EU_20240304T050651_20240304T050659_PIC0_01.zip,river,2024-03-04 05:09:40+00:00
21500800074,2024-03-04T05:09:40Z,Fiume Arno,43.71763156,10.8700497,,100.648425,,,,SWOT_L2_HR_RiverSP_Reach_011_514_EU_20240304T050651_20240304T050659_PIC0_01.zip,river,2024-03-04 05:09:40+00:00
21500800081,2024-03-04T05:09:40Z,Fiume Arno,43.72780079,10.8953951,14.9675,37.910749,0.00033277954,,,SWOT_L2_HR_RiverSP_Reach_011_514_EU_20240304T050651_20240304T050659_PIC0_01.zip,river,2024-03-04 05:09:40+00:00
21500800094,2024-03-04T05:09:40Z,Fiume Arno,43.72897311,10.9212468,,101.575635,,,,SWOT_L2_HR_RiverSP_Reach_011_514_EU_20240304T050651_20240304T050659_PIC0_01.zip,river,2024-03-04 05:09:40+00:00
21500800101,2024-03-04T05:09:40Z,Fiume Arno,43.72609497,10.9424002,16.2677,16.593509,0.00036544084,,,SWOT_L2_HR_RiverSP_Reach_011_514_EU_20240304T050651_20240304T050659_PIC0_01.zip,river,2024-03-04 05:09:40+00:00
21500800114,2024-03-04T05:09:40Z,Fiume Arno,43.73395613,10.9629417,,75.473304,,,,SWOT_L2_HR_RiverSP_Reach_011_514_EU_20240304T050651_20240304T050659_PIC0_01.zip,river,2024-03-04 05:09:40+00:00
21500800121,2024-03-04T05:09:40Z,Fiume Arno,43.739528,10.9815185,19.6679,34.506045,-0.0001661038,,,SWOT_L2_HR_RiverSP_Reach_011_514_EU_20240304T050651_20240304T050659_PIC0_01.zip,river,2024-03-04 05:09:40+00:00
21500800134,2024-03-04T05:09:40Z,Fiume Arno,43.73552158,10.9998728,,73.40066,,,,SWOT_L2_HR_RiverSP_Reach_011_514_EU_20240304T050651_20240304T050659_PIC0_01.zip,river,2024-03-04 05:09:40+00:00
21500800141,2024-03-04T05:09:40Z,Fiume Arno,43.74768721,11.0244481,23.5388,38.468884,0.0006982281,,,SWOT_L2_HR_RiverSP_Reach_011_514_EU_20240304T050651_20240304T050659_PIC0_01.zip,river,2024-03-04 05:09:40+00:00
21500800154,2024-03-04T05:09:40Z,Fiume Arno,43.76627758,11.0424554,,104.010871,,,,SWOT_L2_HR_RiverSP_Reach_011_514_EU_20240304T050651_20240304T050659_PIC0_01.zip,river,2024-03-04 05:09:40+00:00
21500800161,2024-03-04T05:09:40Z,Fiume Arno,43.77826116,11.1119621,30.9013,16.172708,0.0003841049,,,SWOT_L2_HR_RiverSP_Reach_011_514_EU_20240304T050651_20240304T050659_PIC0_01.zip,river,2024-03-04 05:09:40+00:00
21500800174,2024-03-04T05:09:40Z,Fiume Arno,43.78926005,11.1968555,,3.012493,,,,SWOT_L2_HR_RiverSP_Reach_011_514_EU_20240304T050651_20240304T050659_PIC0_01.zip,river,2024-03-04 05:09:40+00:00
21500800181,2024-03-04T05:09:40Z,Fiume Arno,43.7853558,11.2058467,30.8291,19.990703,0.00177296282,,,SWOT_L2_HR_RiverSP_Reach_011_514_EU_20240304T050651_20240304T050659_PIC0_01.zip,river,2024-03-04 05:09:40+00:00
21500800194,2024-03-04T05:09:40Z,Fiume Arno,43.78123761,11.2146427,,54.569796,,,,SWOT_L2_HR_RiverSP_Reach_011_514_EU_20240304T050651_20240304T050659_PIC0_01.zip,river,2024-03-04 05:09:40+00:00
21500800201,2024-03-04T05:09:40Z,Fiume Arno,43.7758682,11.2295414,47.6759,11.666805,-0.0100602778,,,SWOT_L2_HR_RiverSP_Reach_011_514_EU_20240304T050651_20240304T050659_PIC0_01.zip,river,2024-03-04 05:09:40+00:00
21500800214,2024-03-04T05:09:40Z,Fiume Arno,43.7710951,11.2443983,,89.498903,,,,SWOT_L2_HR_RiverSP_Reach_011_514_EU_20240304T050651_20240304T050659_PIC0_01.zip,river,2024-03-04 05:09:40+00:00
21500800221,2024-03-04T05:09:40Z,Fiume Arno,43.76715202,11.2554943,42.331,48.11017,-0.001549293,,,SWOT_L2_HR_RiverSP_Reach_011_514_EU_20240304T050651_20240304T050659_PIC0_01.zip,river,2024-03-04 05:09:40+00:00
21500800234,2024-03-04T05:09:40Z,Fiume Arno,43.76500389,11.2673403,,71.207469,,,,SWOT_L2_HR_RiverSP_Reach_011_514_EU_20240304T050651_20240304T050659_PIC0_01.zip,river,2024-03-04 05:09:40+00:00
21500800241,2024-03-04T05:09:40Z,Fiume Arno,43.76412125,11.2917186,,34.713328,,,,SWOT_L2_HR_RiverSP_Reach_011_514_EU_20240304T050651_20240304T050659_PIC0_01.zip,river,2024-03-04 05:09:40+00:00
21500800254,no_data,Fiume Arno,43.76234794,11.3160621,,,,,,SWOT_L2_HR_RiverSP_Reach_011_514_EU_20240304T050651_20240304T050659_PIC0_01.zip,river,
21500800264,no_data,Fiume Arno,43.76456329,11.3232663,,,,,,SWOT_L2_HR_RiverSP_Reach_011_514_EU_20240304T050651_20240304T050659_PIC0_01.zip,river,
21500800274,no_data,Fiume Arno,43.76832184,11.331508,,,,,,SWOT_L2_HR_RiverSP_Reach_011_514_EU_20240304T050651_20240304T050659_PIC0_01.zip,river,
21500800284,no_data,Fiume Arno,43.76530457,11.337519,,,,,,SWOT_L2_HR_RiverSP_Reach_011_514_EU_20240304T050651_20240304T050659_PIC0_01.zip,river,
21500800301,no_data,Fiume Arno,43.77298059,11.3559331,,,,,,SWOT_L2_HR_RiverSP_Reach_011_514_EU_20240304T050651_20240304T050659_PIC0_01.zip,river,
21500800314,no_data,Fiume Arno,43.78146667,11.3605945,,,,,,SWOT_L2_HR_RiverSP_Reach_011_514_EU_20240304T050651_20240304T050659_PIC0_01.zip,river,
21500800324,no_data,Fiume Arno,43.78330118,11.3692522,,,,,,SWOT_L2_HR_RiverSP_Reach_011_514_EU_20240304T050651_20240304T050659_PIC0_01.zip,river,
21500800331,no_data,Fiume Arno,43.78712321,11.3824156,,,,,,SWOT_L2_HR_RiverSP_Reach_011_514_EU_20240304T050651_20240304T050659_PIC0_01.zip,river,
21500800344,no_data,Fiume Arno,43.79152438,11.3885935,,,,,,SWOT_L2_HR_RiverSP_Reach_011_514_EU_20240304T050651_20240304T050659_PIC0_01.zip,river,
21500800351,no_data,Fiume Arno,43.75962957,11.4430708,,,,,,SWOT_L2_HR_RiverSP_Reach_011_514_EU_20240304T050651_20240304T050659_PIC0_01.zip,river,
21500800364,no_data,Fiume Arno,43.72136726,11.4558202,,,,,,SWOT_L2_HR_RiverSP_Reach_011_514_EU_20240304T050651_20240304T050659_PIC0_01.zip,river,
21500900013,2024-03-04T05:09:31Z,Serchio,43.76238147,10.3226477,0.6403,452.0214,3.560032e-05,,,SWOT_L2_HR_RiverSP_Reach_011_514_EU_20240304T050651_20240304T050659_PIC0_01.zip,river,2024-03-04 05:09:31+00:00
21500900021,no_data,Serchio,43.78117023,10.399042,,25.433186,,,,SWOT_L2_HR_RiverSP_Reach_011_514_EU_20240304T050651_20240304T050659_PIC0_01.zip,river,
21500900034,no_data,Serchio,43.78946261,10.4164431,,,,,,SWOT_L2_HR_RiverSP_Reach_011_514_EU_20240304T050651_20240304T050659_PIC0_01.zip,river,
21500900041,no_data,Serchio,43.8036516,10.4063306,,18.173529,,,,SWOT_L2_HR_RiverSP_Reach_011_514_EU_20240304T050651_20240304T050659_PIC0_01.zip,river,
21500900064,2024-03-04T05:09:30Z,Fiume Magra,44.1080452,9.9369098,,89.083671,,,,SWOT_L2_HR_RiverSP_Reach_011_514_EU_20240304T050651_20240304T050659_PIC0_01.zip,river,2024-03-04 05:09:30+00:00
21500900184,no_data,Serchio,43.8188553,10.4136918,,,,,,SWOT_L2_HR_RiverSP_Reach_011_514_EU_20240304T050651_20240304T050659_PIC0_01.zip,river,
21500900191,2024-03-04T05:09:31Z,Serchio,43.84327707,10.4415553,24.4724,921.693665,-0.0060956703,,,SWOT_L2_HR_RiverSP_Reach_011_514_EU_20240304T050651_20240304T050659_PIC0_01.zip,river,2024-03-04 05:09:31+00:00
21500900204,no_data,Serchio,43.8539327,10.476405,,12.569016,,,,SWOT_L2_HR_RiverSP_Reach_011_514_EU_20240304T050651_20240304T050659_PIC0_01.zip,river,
21500900211,2024-03-04T05:09:31Z,Serchio,43.8532787,10.4915647,,19.852602,,,,SWOT_L2_HR_RiverSP_Reach_011_514_EU_20240304T050651_20240304T050659_PIC0_01.zip,river,2024-03-04 05:09:31+00:00
21500900224,no_data,Serchio,43.85677563,10.5059732,,8.856441,,,,SWOT_L2_HR_RiverSP_Reach_011_514_EU_20240304T050651_20240304T050659_PIC0_01.zip,river,
21500900231,2024-03-04T05:09:31Z,Serchio,43.88606154,10.5259476,30.4839,511.27599,0.00438294483,,,SWOT_L2_HR_RiverSP_Reach_011_514_EU_20240304T050651_20240304T050659_PIC0_01.zip,river,2024-03-04 05:09:31+00:00
21500900244,2024-03-04T05:09:31Z,Serchio,43.91649583,10.529312,,340.382217,,,,SWOT_L2_HR_RiverSP_Reach_011_514_EU_20240304T050651_20240304T050659_PIC0_01.zip,river,2024-03-04 05:09:31+00:00
21500900261,2024-03-04T05:09:31Z,Serchio,43.92488448,10.5296092,46.5614,40.178401,0.0130457405,,,SWOT_L2_HR_RiverSP_Reach_011_514_EU_20240304T050651_20240304T050659_PIC0_01.zip,river,2024-03-04 05:09:31+00:00
21500900274,no_data,Serchio,43.92529227,10.5218935,,12.184581,,,,SWOT_L2_HR_RiverSP_Reach_011_514_EU_20240304T050651_20240304T050659_PIC0_01.zip,river,
21500900281,2024-03-04T05:09:31Z,Serchio,43.93088015,10.5087897,47.3046,34.530441,0.0031298643,,,SWOT_L2_HR_RiverSP_Reach_011_514_EU_20240304T050651_20240304T050659_PIC0_01.zip,river,2024-03-04 05:09:31+00:00
21500900294,2024-03-04T05:09:31Z,Serchio,43.93982305,10.5015469,,178.930277,,,,SWOT_L2_HR_RiverSP_Reach_011_514_EU_20240304T050651_20240304T050659_PIC0_01.zip,river,2024-03-04 05:09:31+00:00
21500900301,2024-03-04T05:09:31Z,Serchio,43.96338733,10.5238839,72.7517,131.875222,0.00546918205,,,SWOT_L2_HR_RiverSP_Reach_011_514_EU_20240304T050651_20240304T050659_PIC0_01.zip,river,2024-03-04 05:09:31+00:00
21500900314,2024-03-04T05:09:31Z,Serchio,43.98114573,10.5523043,,299.465333,,,,SWOT_L2_HR_RiverSP_Reach_011_514_EU_20240304T050651_20240304T050659_PIC0_01.zip,river,2024-03-04 05:09:31+00:00
21500900321,2024-03-04T05:09:30Z,Serchio,43.99085556,10.5533227,90.7358,64.032483,0.00092328536,,,SWOT_L2_HR_RiverSP_Reach_011_514_EU_20240304T050651_20240304T050659_PIC0_01.zip,river,2024-03-04 05:09:30+00:00
21500900335,2024-03-04T05:09:30Z,Fiume Magra,44.07842653,9.9655885,0.4721,154.781265,0.00015849672,,,SWOT_L2_HR_RiverSP_Reach_011_514_EU_20240304T050651_20240304T050659_PIC0_01.zip,river,2024-03-04 05:09:30+00:00
21500900344,2024-03-04T05:09:30Z,Fiume Magra,44.10398535,9.9379287,,179.145548,,,,SWOT_L2_HR_RiverSP_Reach_011_514_EU_20240304T050651_20240304T050659_PIC0_01.zip,river,2024-03-04 05:09:30+00:00
21500900355,2024-03-04T05:09:30Z,Fiume Magra,44.12143652,9.9276433,6.1959,70.836389,0.00129409475,,,SWOT_L2_HR_RiverSP_Reach_011_514_EU_20240304T050651_20240304T050659_PIC0_01.zip,river,2024-03-04 05:09:30+00:00
21500900364,2024-03-04T05:09:30Z,Fiume Magra,44.13142931,9.9138465,,218.010166,,,,SWOT_L2_HR_RiverSP_Reach_011_514_EU_20240304T050651_20240304T050659_PIC0_01.zip,river,2024-03-04 05:09:30+00:00
21500900375,2024-03-04T05:09:30Z,Fiume Magra,44.13659356,9.9063001,10.1045,218.516127,0.00239858532,,,SWOT_L2_HR_RiverSP_Reach_011_514_EU_20240304T050651_20240304T050659_PIC0_01.zip,river,2024-03-04 05:09:30+00:00
21500900384,2024-03-04T05:09:30Z,Fiume Magra,44.14283943,9.8981002,,239.087287,,,,SWOT_L2_HR_RiverSP_Reach_011_514_EU_20240304T050651_20240304T050659_PIC0_01.zip,river,2024-03-04 05:09:30+00:00
21500900395,2024-03-04T05:09:30Z,Fiume Magra,44.15012927,9.8899941,14.6113,269.111118,0.00202847696,,,SWOT_L2_HR_RiverSP_Reach_011_514_EU_20240304T050651_20240304T050659_PIC0_01.zip,river,2024-03-04 05:09:30+00:00
21500900404,2024-03-04T05:09:30Z,Fiume Magra,44.15876878,9.8931723,17.6481,105.507511,0.00378765379,,,SWOT_L2_HR_RiverSP_Reach_011_514_EU_20240304T050651_20240304T050659_PIC0_01.zip,river,2024-03-04 05:09:30+00:00
21500900414,2024-03-04T05:09:30Z,Fiume Magra,44.16226318,9.8974438,,117.634782,,,,SWOT_L2_HR_RiverSP_Reach_011_514_EU_20240304T050651_20240304T050659_PIC0_01.zip,river,2024-03-04 05:09:30+00:00
21500900425,2024-03-04T05:09:30Z,Fiume Magra,44.16616482,9.9066061,22.0917,129.957665,0.00299952761,,,SWOT_L2_HR_RiverSP_Reach_011_514_EU_20240304T050651_20240304T050659_PIC0_01.zip,river,2024-03-04 05:09:30+00:00
21500900434,2024-03-04T05:09:30Z,Fiume Magra,44.16995794,9.9183815,26.0712,64.351053,0.00467186298,,,SWOT_L2_HR_RiverSP_Reach_011_514_EU_20240304T050651_20240304T050659_PIC0_01.zip,river,2024-03-04 05:09:30+00:00
21500900444,2024-03-04T05:09:30Z,Fiume Magra,44.17257832,9.9248018,,163.484374,,,,SWOT_L2_HR_RiverSP_Reach_011_514_EU_20240304T050651_20240304T050659_PIC0_01.zip,river,2024-03-04 05:09:30+00:00
21500900455,2024-03-04T05:09:30Z,Fiume Magra,44.1887648,9.9372759,38.4099,58.380429,0.00325939261,,,SWOT_L2_HR_RiverSP_Reach_011_514_EU_20240304T050651_20240304T050659_PIC0_01.zip,river,2024-03-04 05:09:30+00:00
21404000011,2024-03-05T18:27:56Z,Adige,45.13669319,11.9340853,3.767,114.572779,0.00018347464,,,SWOT_L2_HR_RiverSP_Reach_011_557_EU_20240305T182723_20240305T182725_PIC0_01.zip,river,2024-03-05 18:27:56+00:00
21404000021,2024-03-05T18:27:56Z,Adige,45.1152242,11.8085946,5.522,162.100062,0.00016721521,,,SWOT_L2_HR_RiverSP_Reach_011_557_EU_20240305T182723_20240305T182725_PIC0_01.zip,river,2024-03-05 18:27:56+00:00
21404000031,2024-03-05T18:27:56Z,Adige,45.10291143,11.6839963,7.5024,87.996653,0.0001418766,,,SWOT_L2_HR_RiverSP_Reach_011_557_EU_20240305T182723_20240305T182725_PIC0_01.zip,river,2024-03-05 18:27:56+00:00
21404000041,2024-03-05T18:27:56Z,Adige,45.11467588,11.5378009,8.5214,71.223403,6.356635e-05,,,SWOT_L2_HR_RiverSP_Reach_011_557_EU_20240305T182723_20240305T182725_PIC0_01.zip,river,2024-03-05 18:27:56+00:00
21404000415,2024-03-05T18:27:57Z,Fiume Adige,45.12610537,12.2744918,0.5751,96.79693,1.134451e-05,,,SWOT_L2_HR_RiverSP_Reach_011_557_EU_20240305T182723_20240305T182725_PIC0_01.zip,river,2024-03-05 18:27:57+00:00
21404000425,2024-03-05T18:27:57Z,Adige; Fiume Adige,45.11811217,12.169194,0.904,83.514598,6.678026e-05,,,SWOT_L2_HR_RiverSP_Reach_011_557_EU_20240305T182723_20240305T182725_PIC0_01.zip,river,2024-03-05 18:27:57+00:00
21404000435,no_data,Adige,45.13738683,12.0558708,,,,,,SWOT_L2_HR_RiverSP_Reach_011_557_EU_20240305T182723_20240305T182725_PIC0_01.zip,river,
21406100011,2024-03-05T18:27:56Z,no_data,44.97788826,11.9055543,5.2443,134.323984,9.65331e-05,,,SWOT_L2_HR_RiverSP_Reach_011_557_EU_20240305T182723_20240305T182725_PIC0_01.zip,river,2024-03-05 18:27:56+00:00
21406100021,2024-03-05T18:27:56Z,Po,44.94767275,11.7511479,6.7948,391.048443,0.00010702409,,,SWOT_L2_HR_RiverSP_Reach_011_557_EU_20240305T182723_20240305T182725_PIC0_01.zip,river,2024-03-05 18:27:56+00:00
21406100031,2024-03-05T18:27:47Z,Po,44.89965067,11.6362292,7.9582,617.25568,9.407407e-05,,,SWOT_L2_HR_RiverSP_Reach_011_557_EU_20240305T182723_20240305T182725_PIC0_01.zip,river,2024-03-05 18:27:47+00:00
21406100041,2024-03-05T18:27:47Z,Po,44.92732847,11.5407952,9.0115,556.583089,9.545718e-05,,,SWOT_L2_HR_RiverSP_Reach_011_557_EU_20240305T182723_20240305T182725_PIC0_01.zip,river,2024-03-05 18:27:47+00:00
21406100051,2024-03-05T18:27:47Z,Po,44.95362753,11.4200067,10.1979,507.379944,9.496355e-05,,,SWOT_L2_HR_RiverSP_Reach_011_557_EU_20240305T182723_20240305T182725_PIC0_01.zip,river,2024-03-05 18:27:47+00:00
21406100061,2024-03-05T18:27:56Z,Po,45.00951862,11.3007475,11.4685,374.340794,0.0001221145,,,SWOT_L2_HR_RiverSP_Reach_011_557_EU_20240305T182723_20240305T182725_PIC0_01.zip,river,2024-03-05 18:27:56+00:00
21406100071,2024-03-05T18:27:56Z,Po,45.05059331,11.2359852,13.9157,417.188735,0.00030407718,,,SWOT_L2_HR_RiverSP_Reach_011_557_EU_20240305T182723_20240305T182725_PIC0_01.zip,river,2024-03-05 18:27:56+00:00
21406100081,2024-03-05T18:27:56Z,Po,45.0526046,11.0864648,14.9106,285.720158,0.00012133365,,,SWOT_L2_HR_RiverSP_Reach_011_557_EU_20240305T182723_20240305T182725_PIC0_01.zip,river,2024-03-05 18:27:56+00:00
21406100275,2024-03-05T18:27:56Z,Po di Venezia,44.95659643,12.3650664,1.1335,347.645761,-5.3264e-05,,,SWOT_L2_HR_RiverSP_Reach_011_557_EU_20240305T182723_20240305T182725_PIC0_01.zip,river,2024-03-05 18:27:56+00:00
21406100285,2024-03-05T18:27:56Z,Po di Venezia,44.97907136,12.2580871,1.9802,370.56953,9.02605e-05,,,SWOT_L2_HR_RiverSP_Reach_011_557_EU_20240305T182723_20240305T182725_PIC0_01.zip,river,2024-03-05 18:27:56+00:00
21406100295,2024-03-05T18:27:56Z,Po di Venezia,45.02022837,12.1647155,2.8818,342.7932,9.684026e-05,,,SWOT_L2_HR_RiverSP_Reach_011_557_EU_20240305T182723_20240305T182725_PIC0_01.zip,river,2024-03-05 18:27:56+00:00
21406100305,2024-03-05T18:27:56Z,Po di Venezia,44.99976903,12.0782068,3.6914,264.258952,8.717593e-05,,,SWOT_L2_HR_RiverSP_Reach_011_557_EU_20240305T182723_20240305T182725_PIC0_01.zip,river,2024-03-05 18:27:56+00:00
21406100315,no_data,Po,44.97645748,12.0255272,,,,,,SWOT_L2_HR_RiverSP_Reach_011_557_EU_20240305T182723_20240305T182725_PIC0_01.zip,river,
21407000015,2024-03-05T18:27:56Z,Po di Gnocca,44.88633902,12.3402252,0.6934,129.177912,6.558625e-05,,,SWOT_L2_HR_RiverSP_Reach_011_557_EU_20240305T182723_20240305T182725_PIC0_01.zip,river,2024-03-05 18:27:56+00:00
21407000025,2024-03-05T18:27:56Z,no_data,44.82749551,12.3520721,0.2164,204.262364,4.530558e-05,,,SWOT_L2_HR_RiverSP_Reach_011_557_EU_20240305T182723_20240305T182725_PIC0_01.zip,river,2024-03-05 18:27:56+00:00
21407000035,2024-03-05T18:27:56Z,Po di Goro,44.88212683,12.2910628,0.7262,161.174157,7.562249e-05,,,SWOT_L2_HR_RiverSP_Reach_011_557_EU_20240305T182723_20240305T182725_PIC0_01.zip,river,2024-03-05 18:27:56+00:00
21407000045,2024-03-05T18:27:56Z,Po di Goro,44.93225211,12.2569541,1.4766,212.86415,7.8018e-05,,,SWOT_L2_HR_RiverSP_Reach_011_557_EU_20240305T182723_20240305T182725_PIC0_01.zip,river,2024-03-05 18:27:56+00:00
21407000055,2024-03-05T18:27:56Z,Po di Goro,44.94808193,12.128055,3.1584,160.542736,0.00012477186,,,SWOT_L2_HR_RiverSP_Reach_011_557_EU_20240305T182723_20240305T182725_PIC0_01.zip,river,2024-03-05 18:27:56+00:00
21500800061,2024-03-05T18:27:27Z,Fiume Arno,43.70436492,10.7839405,12.1883,8.490934,9.390314e-05,,,SWOT_L2_HR_RiverSP_Reach_011_557_EU_20240305T182723_20240305T182725_PIC0_01.zip,river,2024-03-05 18:27:27+00:00
21500800074,2024-03-05T18:27:27Z,Fiume Arno,43.71763156,10.8700497,,50.455449,,,,SWOT_L2_HR_RiverSP_Reach_011_557_EU_20240305T182723_20240305T182725_PIC0_01.zip,river,2024-03-05 18:27:27+00:00
21500800081,2024-03-05T18:27:27Z,Fiume Arno,43.72780079,10.8953951,15.3801,20.292213,0.00101916103,,,SWOT_L2_HR_RiverSP_Reach_011_557_EU_20240305T182723_20240305T182725_PIC0_01.zip,river,2024-03-05 18:27:27+00:00
21500800094,2024-03-05T18:27:27Z,Fiume Arno,43.72897311,10.9212468,,60.305524,,,,SWOT_L2_HR_RiverSP_Reach_011_557_EU_20240305T182723_20240305T182725_PIC0_01.zip,river,2024-03-05 18:27:27+00:00
21500800101,2024-03-05T18:27:27Z,Fiume Arno,43.72609497,10.9424002,15.237,21.751904,0.00025916173,,,SWOT_L2_HR_RiverSP_Reach_011_557_EU_20240305T182723_20240305T182725_PIC0_01.zip,river,2024-03-05 18:27:27+00:00
21500800114,no_data,Fiume Arno,43.73395613,10.9629417,,6.232838,,,,SWOT_L2_HR_RiverSP_Reach_011_557_EU_20240305T182723_20240305T182725_PIC0_01.zip,river,
21500800121,2024-03-05T18:27:27Z,Fiume Arno,43.739528,10.9815185,18.2458,46.808794,0.00023057674,,,SWOT_L2_HR_RiverSP_Reach_011_557_EU_20240305T182723_20240305T182725_PIC0_01.zip,river,2024-03-05 18:27:27+00:00
21500800134,2024-03-05T18:27:27Z,Fiume Arno,43.73552158,10.9998728,,36.133486,,,,SWOT_L2_HR_RiverSP_Reach_011_557_EU_20240305T182723_20240305T182725_PIC0_01.zip,river,2024-03-05 18:27:27+00:00
21500800141,2024-03-05T18:27:27Z,Fiume Arno,43.74768721,11.0244481,22.4141,31.365641,0.00054103663,,,SWOT_L2_HR_RiverSP_Reach_011_557_EU_20240305T182723_20240305T182725_PIC0_01.zip,river,2024-03-05 18:27:27+00:00
21500800154,2024-03-05T18:27:27Z,Fiume Arno,43.76627758,11.0424554,,70.484155,,,,SWOT_L2_HR_RiverSP_Reach_011_557_EU_20240305T182723_20240305T182725_PIC0_01.zip,river,2024-03-05 18:27:27+00:00
21500800161,2024-03-05T18:27:27Z,Fiume Arno,43.77826116,11.1119621,28.6781,24.387794,0.00018322019,,,SWOT_L2_HR_RiverSP_Reach_011_557_EU_20240305T182723_20240305T182725_PIC0_01.zip,river,2024-03-05 18:27:27+00:00
21500800174,2024-03-05T18:27:27Z,Fiume Arno,43.78926005,11.1968555,,121.609294,,,,SWOT_L2_HR_RiverSP_Reach_011_557_EU_20240305T182723_20240305T182725_PIC0_01.zip,river,2024-03-05 18:27:27+00:00
21500800181,2024-03-05T18:27:27Z,Fiume Arno,43.7853558,11.2058467,29.9631,70.73642,-0.0025008525,,,SWOT_L2_HR_RiverSP_Reach_011_557_EU_20240305T182723_20240305T182725_PIC0_01.zip,river,2024-03-05 18:27:27+00:00
21500800194,2024-03-05T18:27:27Z,Fiume Arno,43.78123761,11.2146427,,26.57902,,,,SWOT_L2_HR_RiverSP_Reach_011_557_EU_20240305T182723_20240305T182725_PIC0_01.zip,river,2024-03-05 18:27:27+00:00
21500800201,2024-03-05T18:27:27Z,Fiume Arno,43.7758682,11.2295414,38.213,23.767994,-0.0014463627,,,SWOT_L2_HR_RiverSP_Reach_011_557_EU_20240305T182723_20240305T182725_PIC0_01.zip,river,2024-03-05 18:27:27+00:00
21500800214,2024-03-05T18:27:27Z,Fiume Arno,43.7710951,11.2443983,,108.592636,,,,SWOT_L2_HR_RiverSP_Reach_011_557_EU_20240305T182723_20240305T182725_PIC0_01.zip,river,2024-03-05 18:27:27+00:00
21500800221,2024-03-05T18:27:27Z,Fiume Arno,43.76715202,11.2554943,41.9184,78.121398,0.00097791679,,,SWOT_L2_HR_RiverSP_Reach_011_557_EU_20240305T182723_20240305T182725_PIC0_01.zip,river,2024-03-05 18:27:27+00:00
21500800234,2024-03-05T18:27:27Z,Fiume Arno,43.76500389,11.2673403,,94.915837,,,,SWOT_L2_HR_RiverSP_Reach_011_557_EU_20240305T182723_20240305T182725_PIC0_01.zip,river,2024-03-05 18:27:27+00:00
21500800241,2024-03-05T18:27:27Z,Fiume Arno,43.76412125,11.2917186,55.9283,204.467054,0.00023143106,,,SWOT_L2_HR_RiverSP_Reach_011_557_EU_20240305T182723_20240305T182725_PIC0_01.zip,river,2024-03-05 18:27:27+00:00
21500800254,2024-03-05T18:27:27Z,Fiume Arno,43.76234794,11.3160621,,50.332234,,,,SWOT_L2_HR_RiverSP_Reach_011_557_EU_20240305T182723_20240305T182725_PIC0_01.zip,river,2024-03-05 18:27:27+00:00
21500800264,2024-03-05T18:27:27Z,Fiume Arno,43.76456329,11.3232663,,54.765473,,,,SWOT_L2_HR_RiverSP_Reach_011_557_EU_20240305T182723_20240305T182725_PIC0_01.zip,river,2024-03-05 18:27:27+00:00
21500800274,2024-03-05T18:27:27Z,Fiume Arno,43.76832184,11.331508,54.4283,205.644608,0.00081391964,,,SWOT_L2_HR_RiverSP_Reach_011_557_EU_20240305T182723_20240305T182725_PIC0_01.zip,river,2024-03-05 18:27:27+00:00
21500800284,2024-03-05T18:27:27Z,Fiume Arno,43.76530457,11.337519,54.6754,120.914778,0.00015809544,,,SWOT_L2_HR_RiverSP_Reach_011_557_EU_20240305T182723_20240305T182725_PIC0_01.zip,river,2024-03-05 18:27:27+00:00
21500800301,2024-03-05T18:27:27Z,Fiume Arno,43.77298059,11.3559331,57.8251,83.987201,0.00120929635,,,SWOT_L2_HR_RiverSP_Reach_011_557_EU_20240305T182723_20240305T182725_PIC0_01.zip,river,2024-03-05 18:27:27+00:00
21500800314,2024-03-05T18:27:27Z,Fiume Arno,43.78146667,11.3605945,,56.770765,,,,SWOT_L2_HR_RiverSP_Reach_011_557_EU_20240305T182723_20240305T182725_PIC0_01.zip,river,2024-03-05 18:27:27+00:00
21500800324,2024-03-05T18:27:27Z,Fiume Arno,43.78330118,11.3692522,,38.219478,,,,SWOT_L2_HR_RiverSP_Reach_011_557_EU_20240305T182723_20240305T182725_PIC0_01.zip,river,2024-03-05 18:27:27+00:00
21500800331,2024-03-05T18:27:27Z,Fiume Arno,43.78712321,11.3824156,66.1634,70.530594,0.00044466629,,,SWOT_L2_HR_RiverSP_Reach_011_557_EU_20240305T182723_20240305T182725_PIC0_01.zip,river,2024-03-05 18:27:27+00:00
21500800344,2024-03-05T18:27:36Z,Fiume Arno,43.79152438,11.3885935,,148.921813,,,,SWOT_L2_HR_RiverSP_Reach_011_557_EU_20240305T182723_20240305T182725_PIC0_01.zip,river,2024-03-05 18:27:36+00:00
21500800351,2024-03-05T18:27:27Z,Fiume Arno,43.75962957,11.4430708,151.4882,49.846189,0.01873030665,,,SWOT_L2_HR_RiverSP_Reach_011_557_EU_20240305T182723_20240305T182725_PIC0_01.zip,river,2024-03-05 18:27:27+00:00
21500800364,2024-03-05T18:27:27Z,Fiume Arno,43.72136726,11.4558202,,60.653976,,,,SWOT_L2_HR_RiverSP_Reach_011_557_EU_20240305T182723_20240305T182725_PIC0_01.zip,river,2024-03-05 18:27:27+00:00
21500900231,no_data,Serchio,43.88606154,10.5259476,,,,,,SWOT_L2_HR_RiverSP_Reach_011_557_EU_20240305T182723_20240305T182725_PIC0_01.zip,river,
21500900244,no_data,Serchio,43.91649583,10.529312,,,,,,SWOT_L2_HR_RiverSP_Reach_011_557_EU_20240305T182723_20240305T182725_PIC0_01.zip,river,
21500900314,no_data,Serchio,43.98114573,10.5523043,,,,,,SWOT_L2_HR_RiverSP_Reach_011_557_EU_20240305T182723_20240305T182725_PIC0_01.zip,river,
21406200021,no_data,Fiume Oglio,45.12874321,10.5044278,,,,,,SWOT_L2_HR_RiverSP_Reach_012_001_EU_20240306T182734_20240306T182736_PIC0_01.zip,river,
21406300031,no_data,Parma; Po,44.92391702,10.4975482,,,,,,SWOT_L2_HR_RiverSP_Reach_012_001_EU_20240306T182734_20240306T182736_PIC0_01.zip,river,
21406300041,no_data,Parma,44.96698609,10.4153531,,,,,,SWOT_L2_HR_RiverSP_Reach_012_001_EU_20240306T182734_20240306T182736_PIC0_01.zip,river,
21406300051,2024-03-06T18:28:27Z,Parma; Po,44.98238586,10.3257584,29.8225,212.480585,-0.0001561036,,,SWOT_L2_HR_RiverSP_Reach_012_001_EU_20240306T182734_20240306T182736_PIC0_01.zip,river,2024-03-06 18:28:27+00:00
21406300061,2024-03-06T18:28:27Z,Po,45.0255784,10.1966661,29.8204,216.666654,8.481694e-05,,,SWOT_L2_HR_RiverSP_Reach_012_001_EU_20240306T182734_20240306T182736_PIC0_01.zip,river,2024-03-06 18:28:27+00:00
21406300071,2024-03-06T18:28:27Z,Po,45.04383353,10.0629096,31.7224,280.787973,0.00012274507,,,SWOT_L2_HR_RiverSP_Reach_012_001_EU_20240306T182734_20240306T182736_PIC0_01.zip,river,2024-03-06 18:28:27+00:00
21406300081,2024-03-06T18:28:28Z,Po,45.11338408,10.0010764,33.0018,281.610133,0.00013470079,,,SWOT_L2_HR_RiverSP_Reach_012_001_EU_20240306T182734_20240306T182736_PIC0_01.zip,river,2024-03-06 18:28:28+00:00
21406300091,2024-03-06T18:28:28Z,Po,45.10509326,9.9334895,33.8988,160.331073,-8.945e-07,,,SWOT_L2_HR_RiverSP_Reach_012_001_EU_20240306T182734_20240306T182736_PIC0_01.zip,river,2024-03-06 18:28:28+00:00
21406300111,2024-03-06T18:28:28Z,Po,45.12967127,9.9212745,34.5024,316.541263,0.00016620882,,,SWOT_L2_HR_RiverSP_Reach_012_001_EU_20240306T182734_20240306T182736_PIC0_01.zip,river,2024-03-06 18:28:28+00:00
21406400014,2024-03-06T18:28:28Z,Adda,45.13676214,9.8763325,37.6142,59.542454,0.0011976557,,,SWOT_L2_HR_RiverSP_Reach_012_001_EU_20240306T182734_20240306T182736_PIC0_01.zip,river,2024-03-06 18:28:28+00:00
21406500011,2024-03-06T18:28:28Z,Adda; Po,45.11288469,9.8866488,35.6088,350.513063,0.00017586243,,,SWOT_L2_HR_RiverSP_Reach_012_001_EU_20240306T182734_20240306T182736_PIC0_01.zip,river,2024-03-06 18:28:28+00:00
21406500021,2024-03-06T18:28:27Z,Po,45.08313086,9.8584456,41.3514,465.300148,0.00015506757,,,SWOT_L2_HR_RiverSP_Reach_012_001_EU_20240306T182734_20240306T182736_PIC0_01.zip,river,2024-03-06 18:28:27+00:00
21406500031,2024-03-06T18:28:27Z,Po,45.08910017,9.7847586,43.2329,368.584331,0.00017364903,,,SWOT_L2_HR_RiverSP_Reach_012_001_EU_20240306T182734_20240306T182736_PIC0_01.zip,river,2024-03-06 18:28:27+00:00
21406500041,2024-03-06T18:28:27Z,Po,45.07148237,9.704767,45.3347,275.879281,0.00019399341,,,SWOT_L2_HR_RiverSP_Reach_012_001_EU_20240306T182734_20240306T182736_PIC0_01.zip,river,2024-03-06 18:28:27+00:00
21406500051,2024-03-06T18:28:27Z,Po,45.11288369,9.6007179,48.4531,81.690839,8.270349e-05,,,SWOT_L2_HR_RiverSP_Reach_012_001_EU_20240306T182734_20240306T182736_PIC0_01.zip,river,2024-03-06 18:28:27+00:00
21406500061,2024-03-06T18:28:27Z,Po,45.09545589,9.4901032,,35.006884,,,,SWOT_L2_HR_RiverSP_Reach_012_001_EU_20240306T182734_20240306T182736_PIC0_01.zip,river,2024-03-06 18:28:27+00:00
21406500071,2024-03-06T18:28:27Z,Po,45.11737939,9.3109347,58.4553,297.109303,-0.0005034414,,,SWOT_L2_HR_RiverSP_Reach_012_001_EU_20240306T182734_20240306T182736_PIC0_01.zip,river,2024-03-06 18:28:27+00:00
21406500104,2024-03-06T18:28:27Z,Po,45.09264137,9.9046467,,131.173967,,,,SWOT_L2_HR_RiverSP_Reach_012_001_EU_20240306T182734_20240306T182736_PIC0_01.zip,river,2024-03-06 18:28:27+00:00
21406700011,2024-03-06T18:28:27Z,Po,45.12538309,9.1596345,56.7906,346.664293,0.00019940392,,,SWOT_L2_HR_RiverSP_Reach_012_001_EU_20240306T182734_20240306T182736_PIC0_01.zip,river,2024-03-06 18:28:27+00:00
21500900064,no_data,Fiume Magra,44.1080452,9.9369098,,,,,,SWOT_L2_HR_RiverSP_Reach_012_001_EU_20240306T182734_20240306T182736_PIC0_01.zip,river,
21500900335,no_data,Fiume Magra,44.07842653,9.9655885,,,,,,SWOT_L2_HR_RiverSP_Reach_012_001_EU_20240306T182734_20240306T182736_PIC0_01.zip,river,
21500900344,no_data,Fiume Magra,44.10398535,9.9379287,,,,,,SWOT_L2_HR_RiverSP_Reach_012_001_EU_20240306T182734_20240306T182736_PIC0_01.zip,river,
21500900355,no_data,Fiume Magra,44.12143652,9.9276433,,,,,,SWOT_L2_HR_RiverSP_Reach_012_001_EU_20240306T182734_20240306T182736_PIC0_01.zip,river,
21500900364,no_data,Fiume Magra,44.13142931,9.9138465,,,,,,SWOT_L2_HR_RiverSP_Reach_012_001_EU_20240306T182734_20240306T182736_PIC0_01.zip,river,
21500900375,no_data,Fiume Magra,44.13659356,9.9063001,,,,,,SWOT_L2_HR_RiverSP_Reach_012_001_EU_20240306T182734_20240306T182736_PIC0_01.zip,river,
21500900384,no_data,Fiume Magra,44.14283943,9.8981002,,,,,,SWOT_L2_HR_RiverSP_Reach_012_001_EU_20240306T182734_20240306T182736_PIC0_01.zip,river,
21500900395,no_data,Fiume Magra,44.15012927,9.8899941,,,,,,SWOT_L2_HR_RiverSP_Reach_012_001_EU_20240306T182734_20240306T182736_PIC0_01.zip,river,
21500900404,no_data,Fiume Magra,44.15876878,9.8931723,,,,,,SWOT_L2_HR_RiverSP_Reach_012_001_EU_20240306T182734_20240306T182736_PIC0_01.zip,river,
21500900414,no_data,Fiume Magra,44.16226318,9.8974438,,,,,,SWOT_L2_HR_RiverSP_Reach_012_001_EU_20240306T182734_20240306T182736_PIC0_01.zip,river,
21500900425,2024-03-06T18:28:25Z,Fiume Magra,44.16616482,9.9066061,21.8063,81.619982,0.00334593806,,,SWOT_L2_HR_RiverSP_Reach_012_001_EU_20240306T182734_20240306T182736_PIC0_01.zip,river,2024-03-06 18:28:25+00:00
21500900434,2024-03-06T18:28:25Z,Fiume Magra,44.16995794,9.9183815,25.9161,81.601985,0.00500074181,,,SWOT_L2_HR_RiverSP_Reach_012_001_EU_20240306T182734_20240306T182736_PIC0_01.zip,river,2024-03-06 18:28:25+00:00
21500900444,2024-03-06T18:28:25Z,Fiume Magra,44.17257832,9.9248018,,116.508327,,,,SWOT_L2_HR_RiverSP_Reach_012_001_EU_20240306T182734_20240306T182736_PIC0_01.zip,river,2024-03-06 18:28:25+00:00
21500900455,2024-03-06T18:28:25Z,Fiume Magra,44.1887648,9.9372759,38.4556,34.901453,0.00321703802,,,SWOT_L2_HR_RiverSP_Reach_012_001_EU_20240306T182734_20240306T182736_PIC0_01.zip,river,2024-03-06 18:28:25+00:00
21404000011,2024-03-14T03:31:26Z,Adige,45.13669319,11.9340853,2.8238,63.500379,3.187426e-05,,,SWOT_L2_HR_RiverSP_Reach_012_208_EU_20240314T032902_20240314T032904_PIC0_01.zip,river,2024-03-14 03:31:26+00:00
21404000021,2024-03-14T03:31:26Z,Adige,45.1152242,11.8085946,3.384,71.624157,0.00014179422,,,SWOT_L2_HR_RiverSP_Reach_012_208_EU_20240314T032902_20240314T032904_PIC0_01.zip,river,2024-03-14 03:31:26+00:00
21404000031,2024-03-14T03:31:26Z,Adige,45.10291143,11.6839963,6.2983,62.176859,0.00032975168,,,SWOT_L2_HR_RiverSP_Reach_012_208_EU_20240314T032902_20240314T032904_PIC0_01.zip,river,2024-03-14 03:31:26+00:00
21404000041,2024-03-14T03:31:26Z,Adige,45.11467588,11.5378009,9.6004,74.404686,0.00016127766,,,SWOT_L2_HR_RiverSP_Reach_012_208_EU_20240314T032902_20240314T032904_PIC0_01.zip,river,2024-03-14 03:31:26+00:00
21404000425,no_data,Adige; Fiume Adige,45.11811217,12.169194,,,,,,SWOT_L2_HR_RiverSP_Reach_012_208_EU_20240314T032902_20240314T032904_PIC0_01.zip,river,
21404000435,2024-03-14T03:31:26Z,Adige,45.13738683,12.0558708,0.6494,56.948935,0.00021479359,,,SWOT_L2_HR_RiverSP_Reach_012_208_EU_20240314T032902_20240314T032904_PIC0_01.zip,river,2024-03-14 03:31:26+00:00
21406100011,2024-03-14T03:31:35Z,no_data,44.97788826,11.9055543,6.345,371.42175,4.143735e-05,,,SWOT_L2_HR_RiverSP_Reach_012_208_EU_20240314T032902_20240314T032904_PIC0_01.zip,river,2024-03-14 03:31:35+00:00
21406100021,2024-03-14T03:31:35Z,Po,44.94767275,11.7511479,7.3399,372.860631,0.00010662124,,,SWOT_L2_HR_RiverSP_Reach_012_208_EU_20240314T032902_20240314T032904_PIC0_01.zip,river,2024-03-14 03:31:35+00:00
21406100031,2024-03-14T03:31:35Z,Po,44.89965067,11.6362292,8.5303,521.877661,9.824189e-05,,,SWOT_L2_HR_RiverSP_Reach_012_208_EU_20240314T032902_20240314T032904_PIC0_01.zip,river,2024-03-14 03:31:35+00:00
21406100041,2024-03-14T03:31:34Z,Po,44.92732847,11.5407952,9.5731,530.6264,9.234713e-05,,,SWOT_L2_HR_RiverSP_Reach_012_208_EU_20240314T032902_20240314T032904_PIC0_01.zip,river,2024-03-14 03:31:34+00:00
21406100051,2024-03-14T03:31:26Z,Po,44.95362753,11.4200067,10.6486,615.967574,9.284135e-05,,,SWOT_L2_HR_RiverSP_Reach_012_208_EU_20240314T032902_20240314T032904_PIC0_01.zip,river,2024-03-14 03:31:26+00:00
21406100061,2024-03-14T03:31:26Z,Po,45.00951862,11.3007475,11.8413,431.778969,0.00011296403,,,SWOT_L2_HR_RiverSP_Reach_012_208_EU_20240314T032902_20240314T032904_PIC0_01.zip,river,2024-03-14 03:31:26+00:00
21406100071,2024-03-14T03:31:26Z,Po,45.05059331,11.2359852,13.1429,454.416636,0.00012349716,,,SWOT_L2_HR_RiverSP_Reach_012_208_EU_20240314T032902_20240314T032904_PIC0_01.zip,river,2024-03-14 03:31:26+00:00
21406100081,2024-03-14T03:31:25Z,Po,45.0526046,11.0864648,14.589,494.634894,0.00010294745,,,SWOT_L2_HR_RiverSP_Reach_012_208_EU_20240314T032902_20240314T032904_PIC0_01.zip,river,2024-03-14 03:31:25+00:00
21406100091,2024-03-14T03:31:25Z,Fiume Mincio; Po,45.10017596,10.9113497,15.7723,42.918023,-4.18108e-05,,,SWOT_L2_HR_RiverSP_Reach_012_208_EU_20240314T032902_20240314T032904_PIC0_01.zip,river,2024-03-14 03:31:25+00:00
21406100101,2024-03-14T03:31:25Z,Po,45.06440534,10.9221059,16.3938,426.491614,0.00012136458,,,SWOT_L2_HR_RiverSP_Reach_012_208_EU_20240314T032902_20240314T032904_PIC0_01.zip,river,2024-03-14 03:31:25+00:00
21406100111,2024-03-14T03:31:25Z,Po,45.04625504,10.768001,18.3416,420.031492,0.0001160255,,,SWOT_L2_HR_RiverSP_Reach_012_208_EU_20240314T032902_20240314T032904_PIC0_01.zip,river,2024-03-14 03:31:25+00:00
21406100123,2024-03-14T03:31:25Z,Fiume Mincio,45.14246728,10.8162187,14.0375,,,,,SWOT_L2_HR_RiverSP_Reach_012_208_EU_20240314T032902_20240314T032904_PIC0_01.zip,river,2024-03-14 03:31:25+00:00
21406100285,no_data,Po di Venezia,44.97907136,12.2580871,,,,,,SWOT_L2_HR_RiverSP_Reach_012_208_EU_20240314T032902_20240314T032904_PIC0_01.zip,river,
21406100295,no_data,Po di Venezia,45.02022837,12.1647155,,,,,,SWOT_L2_HR_RiverSP_Reach_012_208_EU_20240314T032902_20240314T032904_PIC0_01.zip,river,
21406100305,2024-03-14T03:31:35Z,Po di Venezia,44.99976903,12.0782068,4.2072,389.021322,8.132416e-05,,,SWOT_L2_HR_RiverSP_Reach_012_208_EU_20240314T032902_20240314T032904_PIC0_01.zip,river,2024-03-14 03:31:35+00:00
21406100315,2024-03-14T03:31:35Z,Po,44.97645748,12.0255272,5.5798,343.350597,0.00010906829,,,SWOT_L2_HR_RiverSP_Reach_012_208_EU_20240314T032902_20240314T032904_PIC0_01.zip,river,2024-03-14 03:31:35+00:00
21406200011,2024-03-14T03:31:25Z,Po,45.06313602,10.6021879,19.8847,63.627844,2.203444e-05,,,SWOT_L2_HR_RiverSP_Reach_012_208_EU_20240314T032902_20240314T032904_PIC0_01.zip,river,2024-03-14 03:31:25+00:00
21406200021,2024-03-14T03:31:25Z,Fiume Oglio,45.12874321,10.5044278,21.2445,24.245785,0.00029875088,,,SWOT_L2_HR_RiverSP_Reach_012_208_EU_20240314T032902_20240314T032904_PIC0_01.zip,river,2024-03-14 03:31:25+00:00
21406300011,2024-03-14T03:31:25Z,Po,45.00223735,10.6801087,20.0995,377.02109,0.0001321533,,,SWOT_L2_HR_RiverSP_Reach_012_208_EU_20240314T032902_20240314T032904_PIC0_01.zip,river,2024-03-14 03:31:25+00:00
21406300021,2024-03-14T03:31:26Z,Po,44.92496107,10.6126319,21.7544,214.574399,0.00015575964,,,SWOT_L2_HR_RiverSP_Reach_012_208_EU_20240314T032902_20240314T032904_PIC0_01.zip,river,2024-03-14 03:31:26+00:00
21406300031,2024-03-14T03:31:26Z,Parma; Po,44.92391702,10.4975482,24.5944,224.112164,0.00033416448,,,SWOT_L2_HR_RiverSP_Reach_012_208_EU_20240314T032902_20240314T032904_PIC0_01.zip,river,2024-03-14 03:31:26+00:00
21406300041,2024-03-14T03:31:25Z,Parma,44.96698609,10.4153531,25.9748,223.241405,2.131958e-05,,,SWOT_L2_HR_RiverSP_Reach_012_208_EU_20240314T032902_20240314T032904_PIC0_01.zip,river,2024-03-14 03:31:25+00:00
21406300051,2024-03-14T03:31:25Z,Parma; Po,44.98238586,10.3257584,24.7586,124.181688,-0.0006650409,,,SWOT_L2_HR_RiverSP_Reach_012_208_EU_20240314T032902_20240314T032904_PIC0_01.zip,river,2024-03-14 03:31:25+00:00
21406300061,no_data,Po,45.0255784,10.1966661,,,,,,SWOT_L2_HR_RiverSP_Reach_012_208_EU_20240314T032902_20240314T032904_PIC0_01.zip,river,
21407000035,no_data,Po di Goro,44.88212683,12.2910628,,,,,,SWOT_L2_HR_RiverSP_Reach_012_208_EU_20240314T032902_20240314T032904_PIC0_01.zip,river,
21407000045,no_data,Po di Goro,44.93225211,12.2569541,,,,,,SWOT_L2_HR_RiverSP_Reach_012_208_EU_20240314T032902_20240314T032904_PIC0_01.zip,river,
21407000055,2024-03-14T03:31:35Z,Po di Goro,44.94808193,12.128055,3.8637,74.61395,0.00012258482,,,SWOT_L2_HR_RiverSP_Reach_012_208_EU_20240314T032902_20240314T032904_PIC0_01.zip,river,2024-03-14 03:31:35+00:00
21500800061,2024-03-14T03:31:46Z,Fiume Arno,43.70436492,10.7839405,18.7153,40.614934,-0.0002757072,,,SWOT_L2_HR_RiverSP_Reach_012_208_EU_20240314T032902_20240314T032904_PIC0_01.zip,river,2024-03-14 03:31:46+00:00
21500800074,2024-03-14T03:31:46Z,Fiume Arno,43.71763156,10.8700497,,36.197209,,,,SWOT_L2_HR_RiverSP_Reach_012_208_EU_20240314T032902_20240314T032904_PIC0_01.zip,river,2024-03-14 03:31:46+00:00
21500800081,2024-03-14T03:31:46Z,Fiume Arno,43.72780079,10.8953951,14.9991,10.453973,0.00104618968,,,SWOT_L2_HR_RiverSP_Reach_012_208_EU_20240314T032902_20240314T032904_PIC0_01.zip,river,2024-03-14 03:31:46+00:00
21500800094,2024-03-14T03:31:46Z,Fiume Arno,43.72897311,10.9212468,,42.045347,,,,SWOT_L2_HR_RiverSP_Reach_012_208_EU_20240314T032902_20240314T032904_PIC0_01.zip,river,2024-03-14 03:31:46+00:00
21500800101,2024-03-14T03:31:46Z,Fiume Arno,43.72609497,10.9424002,16.9477,15.611108,-0.0003956884,,,SWOT_L2_HR_RiverSP_Reach_012_208_EU_20240314T032902_20240314T032904_PIC0_01.zip,river,2024-03-14 03:31:46+00:00
21500800114,2024-03-14T03:31:46Z,Fiume Arno,43.73395613,10.9629417,,27.591123,,,,SWOT_L2_HR_RiverSP_Reach_012_208_EU_20240314T032902_20240314T032904_PIC0_01.zip,river,2024-03-14 03:31:46+00:00
21500800121,2024-03-14T03:31:46Z,Fiume Arno,43.739528,10.9815185,20.6432,27.575258,-0.0030815306,,,SWOT_L2_HR_RiverSP_Reach_012_208_EU_20240314T032902_20240314T032904_PIC0_01.zip,river,2024-03-14 03:31:46+00:00
21500800134,2024-03-14T03:31:46Z,Fiume Arno,43.73552158,10.9998728,,44.799015,,,,SWOT_L2_HR_RiverSP_Reach_012_208_EU_20240314T032902_20240314T032904_PIC0_01.zip,river,2024-03-14 03:31:46+00:00
21500800141,2024-03-14T03:31:46Z,Fiume Arno,43.74768721,11.0244481,22.416,12.983305,0.00045406107,,,SWOT_L2_HR_RiverSP_Reach_012_208_EU_20240314T032902_20240314T032904_PIC0_01.zip,river,2024-03-14 03:31:46+00:00
21500800154,2024-03-14T03:31:46Z,Fiume Arno,43.76627758,11.0424554,,55.800583,,,,SWOT_L2_HR_RiverSP_Reach_012_208_EU_20240314T032902_20240314T032904_PIC0_01.zip,river,2024-03-14 03:31:46+00:00
21500800161,2024-03-14T03:31:46Z,Fiume Arno,43.77826116,11.1119621,29.2411,10.282461,0.00039523322,,,SWOT_L2_HR_RiverSP_Reach_012_208_EU_20240314T032902_20240314T032904_PIC0_01.zip,river,2024-03-14 03:31:46+00:00
21500800174,2024-03-14T03:31:46Z,Fiume Arno,43.78926005,11.1968555,,44.2297,,,,SWOT_L2_HR_RiverSP_Reach_012_208_EU_20240314T032902_20240314T032904_PIC0_01.zip,river,2024-03-14 03:31:46+00:00
21500800181,2024-03-14T03:31:46Z,Fiume Arno,43.7853558,11.2058467,29.6771,38.175764,-0.001067136,,,SWOT_L2_HR_RiverSP_Reach_012_208_EU_20240314T032902_20240314T032904_PIC0_01.zip,river,2024-03-14 03:31:46+00:00
21500800194,2024-03-14T03:31:46Z,Fiume Arno,43.78123761,11.2146427,,76.642658,,,,SWOT_L2_HR_RiverSP_Reach_012_208_EU_20240314T032902_20240314T032904_PIC0_01.zip,river,2024-03-14 03:31:46+00:00
21500800201,2024-03-14T03:31:46Z,Fiume Arno,43.7758682,11.2295414,,28.518171,,,,SWOT_L2_HR_RiverSP_Reach_012_208_EU_20240314T032902_20240314T032904_PIC0_01.zip,river,2024-03-14 03:31:46+00:00
21500800214,no_data,Fiume Arno,43.7710951,11.2443983,,23.415059,,,,SWOT_L2_HR_RiverSP_Reach_012_208_EU_20240314T032902_20240314T032904_PIC0_01.zip,river,
21500800221,2024-03-14T03:31:46Z,Fiume Arno,43.76715202,11.2554943,41.9651,59.334214,-0.0001175549,,,SWOT_L2_HR_RiverSP_Reach_012_208_EU_20240314T032902_20240314T032904_PIC0_01.zip,river,2024-03-14 03:31:46+00:00
21500800234,2024-03-14T03:31:46Z,Fiume Arno,43.76500389,11.2673403,,21.927727,,,,SWOT_L2_HR_RiverSP_Reach_012_208_EU_20240314T032902_20240314T032904_PIC0_01.zip,river,2024-03-14 03:31:46+00:00
21500800241,2024-03-14T03:31:46Z,Fiume Arno,43.76412125,11.2917186,45.2392,39.486221,-0.000847856,,,SWOT_L2_HR_RiverSP_Reach_012_208_EU_20240314T032902_20240314T032904_PIC0_01.zip,river,2024-03-14 03:31:46+00:00
21500800254,2024-03-14T03:31:46Z,Fiume Arno,43.76234794,11.3160621,,4.847974,,,,SWOT_L2_HR_RiverSP_Reach_012_208_EU_20240314T032902_20240314T032904_PIC0_01.zip,river,2024-03-14 03:31:46+00:00
21500800264,2024-03-14T03:31:46Z,Fiume Arno,43.76456329,11.3232663,51.7645,107.440688,0.00068566362,,,SWOT_L2_HR_RiverSP_Reach_012_208_EU_20240314T032902_20240314T032904_PIC0_01.zip,river,2024-03-14 03:31:46+00:00
21500800274,2024-03-14T03:31:46Z,Fiume Arno,43.76832184,11.331508,54.154,105.675932,0.00027539607,,,SWOT_L2_HR_RiverSP_Reach_012_208_EU_20240314T032902_20240314T032904_PIC0_01.zip,river,2024-03-14 03:31:46+00:00
21500800284,2024-03-14T03:31:46Z,Fiume Arno,43.76530457,11.337519,55.5716,113.590132,0.00359966617,,,SWOT_L2_HR_RiverSP_Reach_012_208_EU_20240314T032902_20240314T032904_PIC0_01.zip,river,2024-03-14 03:31:46+00:00
21500800301,2024-03-14T03:31:46Z,Fiume Arno,43.77298059,11.3559331,57.5276,94.537861,0.00170718257,,,SWOT_L2_HR_RiverSP_Reach_012_208_EU_20240314T032902_20240314T032904_PIC0_01.zip,river,2024-03-14 03:31:46+00:00
21500800314,2024-03-14T03:31:46Z,Fiume Arno,43.78146667,11.3605945,,140.747204,,,,SWOT_L2_HR_RiverSP_Reach_012_208_EU_20240314T032902_20240314T032904_PIC0_01.zip,river,2024-03-14 03:31:46+00:00
21500800324,2024-03-14T03:31:46Z,Fiume Arno,43.78330118,11.3692522,63.4868,67.903911,0.00060508339,,,SWOT_L2_HR_RiverSP_Reach_012_208_EU_20240314T032902_20240314T032904_PIC0_01.zip,river,2024-03-14 03:31:46+00:00
21500800331,2024-03-14T03:31:46Z,Fiume Arno,43.78712321,11.3824156,63.6719,89.329314,-0.0018210564,,,SWOT_L2_HR_RiverSP_Reach_012_208_EU_20240314T032902_20240314T032904_PIC0_01.zip,river,2024-03-14 03:31:46+00:00
21500800344,2024-03-14T03:31:46Z,Fiume Arno,43.79152438,11.3885935,,167.658265,,,,SWOT_L2_HR_RiverSP_Reach_012_208_EU_20240314T032902_20240314T032904_PIC0_01.zip,river,2024-03-14 03:31:46+00:00
21500800351,2024-03-14T03:31:46Z,Fiume Arno,43.75962957,11.4430708,82.5887,56.722474,0.00290056756,,,SWOT_L2_HR_RiverSP_Reach_012_208_EU_20240314T032902_20240314T032904_PIC0_01.zip,river,2024-03-14 03:31:46+00:00
21500800364,no_data,Fiume Arno,43.72136726,11.4558202,,10.532727,,,,SWOT_L2_HR_RiverSP_Reach_012_208_EU_20240314T032902_20240314T032904_PIC0_01.zip,river,
21404000021,no_data,Adige,45.1152242,11.8085946,,,,,,SWOT_L2_HR_RiverSP_Reach_012_279_EU_20240316T164904_20240316T164911_PIC0_01.zip,river,
21404000031,2024-03-16T16:50:43Z,Adige,45.10291143,11.6839963,,21.646015,,,,SWOT_L2_HR_RiverSP_Reach_012_279_EU_20240316T164904_20240316T164911_PIC0_01.zip,river,2024-03-16 16:50:43+00:00
21404000041,2024-03-16T16:50:43Z,Adige,45.11467588,11.5378009,10.6119,67.31882,0.00041635265,,,SWOT_L2_HR_RiverSP_Reach_012_279_EU_20240316T164904_20240316T164911_PIC0_01.zip,river,2024-03-16 16:50:43+00:00
21406100031,no_data,Po,44.89965067,11.6362292,,,,,,SWOT_L2_HR_RiverSP_Reach_012_279_EU_20240316T164904_20240316T164911_PIC0_01.zip,river,
21406100041,2024-03-16T16:50:42Z,Po,44.92732847,11.5407952,9.9594,443.341483,0.00017230113,,,SWOT_L2_HR_RiverSP_Reach_012_279_EU_20240316T164904_20240316T164911_PIC0_01.zip,river,2024-03-16 16:50:42+00:00
21406100051,2024-03-16T16:50:42Z,Po,44.95362753,11.4200067,11.3335,437.116038,1.522866e-05,,,SWOT_L2_HR_RiverSP_Reach_012_279_EU_20240316T164904_20240316T164911_PIC0_01.zip,river,2024-03-16 16:50:42+00:00
21406100061,2024-03-16T16:50:42Z,Po,45.00951862,11.3007475,10.9709,383.839288,7.481676e-05,,,SWOT_L2_HR_RiverSP_Reach_012_279_EU_20240316T164904_20240316T164911_PIC0_01.zip,river,2024-03-16 16:50:42+00:00
21406100071,2024-03-16T16:50:43Z,Po,45.05059331,11.2359852,12.3898,410.187721,4.198766e-05,,,SWOT_L2_HR_RiverSP_Reach_012_279_EU_20240316T164904_20240316T164911_PIC0_01.zip,river,2024-03-16 16:50:43+00:00
21406100081,2024-03-16T16:50:42Z,Po,45.0526046,11.0864648,12.9742,445.164055,7.126381e-05,,,SWOT_L2_HR_RiverSP_Reach_012_279_EU_20240316T164904_20240316T164911_PIC0_01.zip,river,2024-03-16 16:50:42+00:00
21406100091,2024-03-16T16:50:42Z,Fiume Mincio; Po,45.10017596,10.9113497,14.4538,43.203827,2.968031e-05,,,SWOT_L2_HR_RiverSP_Reach_012_279_EU_20240316T164904_20240316T164911_PIC0_01.zip,river,2024-03-16 16:50:42+00:00
21406100101,2024-03-16T16:50:42Z,Po,45.06440534,10.9221059,14.3242,372.480348,0.00010389174,,,SWOT_L2_HR_RiverSP_Reach_012_279_EU_20240316T164904_20240316T164911_PIC0_01.zip,river,2024-03-16 16:50:42+00:00
21406100111,2024-03-16T16:50:42Z,Po,45.04625504,10.768001,15.9911,266.108434,0.00015130361,,,SWOT_L2_HR_RiverSP_Reach_012_279_EU_20240316T164904_20240316T164911_PIC0_01.zip,river,2024-03-16 16:50:42+00:00
21406100123,no_data,Fiume Mincio,45.14246728,10.8162187,,,,,,SWOT_L2_HR_RiverSP_Reach_012_279_EU_20240316T164904_20240316T164911_PIC0_01.zip,river,
21406200011,2024-03-16T16:50:42Z,Po,45.06313602,10.6021879,17.5086,97.35042,0.00021290434,,,SWOT_L2_HR_RiverSP_Reach_012_279_EU_20240316T164904_20240316T164911_PIC0_01.zip,river,2024-03-16 16:50:42+00:00
21406200021,2024-03-16T16:50:42Z,Fiume Oglio,45.12874321,10.5044278,20.41,84.275801,0.00019673843,,,SWOT_L2_HR_RiverSP_Reach_012_279_EU_20240316T164904_20240316T164911_PIC0_01.zip,river,2024-03-16 16:50:42+00:00
21406300011,no_data,Po,45.00223735,10.6801087,,,,,,SWOT_L2_HR_RiverSP_Reach_012_279_EU_20240316T164904_20240316T164911_PIC0_01.zip,river,
21406300021,2024-03-16T16:50:42Z,Po,44.92496107,10.6126319,,9.722734,,,,SWOT_L2_HR_RiverSP_Reach_012_279_EU_20240316T164904_20240316T164911_PIC0_01.zip,river,2024-03-16 16:50:42+00:00
21406300031,2024-03-16T16:50:42Z,Parma; Po,44.92391702,10.4975482,20.7533,244.709701,0.00012854692,,,SWOT_L2_HR_RiverSP_Reach_012_279_EU_20240316T164904_20240316T164911_PIC0_01.zip,river,2024-03-16 16:50:42+00:00
21406300041,2024-03-16T16:50:42Z,Parma,44.96698609,10.4153531,21.982,294.088907,0.00011742282,,,SWOT_L2_HR_RiverSP_Reach_012_279_EU_20240316T164904_20240316T164911_PIC0_01.zip,river,2024-03-16 16:50:42+00:00
21406300051,2024-03-16T16:50:42Z,Parma; Po,44.98238586,10.3257584,23.3146,271.45092,0.00012762695,,,SWOT_L2_HR_RiverSP_Reach_012_279_EU_20240316T164904_20240316T164911_PIC0_01.zip,river,2024-03-16 16:50:42+00:00
21406300061,2024-03-16T16:50:42Z,Po,45.0255784,10.1966661,26.3936,234.594851,0.00025586102,,,SWOT_L2_HR_RiverSP_Reach_012_279_EU_20240316T164904_20240316T164911_PIC0_01.zip,river,2024-03-16 16:50:42+00:00
21406300071,2024-03-16T16:50:42Z,Po,45.04383353,10.0629096,27.3262,259.789305,-8.08708e-05,,,SWOT_L2_HR_RiverSP_Reach_012_279_EU_20240316T164904_20240316T164911_PIC0_01.zip,river,2024-03-16 16:50:42+00:00
21406300081,2024-03-16T16:50:42Z,Po,45.11338408,10.0010764,28.1674,231.800658,0.00011363531,,,SWOT_L2_HR_RiverSP_Reach_012_279_EU_20240316T164904_20240316T164911_PIC0_01.zip,river,2024-03-16 16:50:42+00:00
21406300091,2024-03-16T16:50:42Z,Po,45.10509326,9.9334895,27.4992,127.059754,0.00023452416,,,SWOT_L2_HR_RiverSP_Reach_012_279_EU_20240316T164904_20240316T164911_PIC0_01.zip,river,2024-03-16 16:50:42+00:00
21406300111,2024-03-16T16:50:42Z,Po,45.12967127,9.9212745,29.5215,154.969139,0.00018469851,,,SWOT_L2_HR_RiverSP_Reach_012_279_EU_20240316T164904_20240316T164911_PIC0_01.zip,river,2024-03-16 16:50:42+00:00
21406400014,no_data,Adda,45.13676214,9.8763325,,21.659814,,,,SWOT_L2_HR_RiverSP_Reach_012_279_EU_20240316T164904_20240316T164911_PIC0_01.zip,river,
21406500011,2024-03-16T16:50:42Z,Adda; Po,45.11288469,9.8866488,32.3079,161.355159,-0.0014406585,,,SWOT_L2_HR_RiverSP_Reach_012_279_EU_20240316T164904_20240316T164911_PIC0_01.zip,river,2024-03-16 16:50:42+00:00
21406500021,2024-03-16T16:50:42Z,Po,45.08313086,9.8584456,38.1764,288.311218,-9.0918e-05,,,SWOT_L2_HR_RiverSP_Reach_012_279_EU_20240316T164904_20240316T164911_PIC0_01.zip,river,2024-03-16 16:50:42+00:00
21406500031,no_data,Po,45.08910017,9.7847586,,,,,,SWOT_L2_HR_RiverSP_Reach_012_279_EU_20240316T164904_20240316T164911_PIC0_01.zip,river,
21406500041,no_data,Po,45.07148237,9.704767,,,,,,SWOT_L2_HR_RiverSP_Reach_012_279_EU_20240316T164904_20240316T164911_PIC0_01.zip,river,
21406500104,2024-03-16T16:50:42Z,Po,45.09264137,9.9046467,,103.587558,,,,SWOT_L2_HR_RiverSP_Reach_012_279_EU_20240316T164904_20240316T164911_PIC0_01.zip,river,2024-03-16 16:50:42+00:00
21500800021,2024-03-16T16:50:29Z,Fiume Arno,43.7081277,10.4445051,0.6655,86.832779,2.739987e-05,,,SWOT_L2_HR_RiverSP_Reach_012_279_EU_20240316T164904_20240316T164911_PIC0_01.zip,river,2024-03-16 16:50:29+00:00
21500800061,2024-03-16T16:50:30Z,Fiume Arno,43.70436492,10.7839405,13.243,10.440671,-7.74238e-05,,,SWOT_L2_HR_RiverSP_Reach_012_279_EU_20240316T164904_20240316T164911_PIC0_01.zip,river,2024-03-16 16:50:30+00:00
21500800074,2024-03-16T16:50:30Z,Fiume Arno,43.71763156,10.8700497,,54.181559,,,,SWOT_L2_HR_RiverSP_Reach_012_279_EU_20240316T164904_20240316T164911_PIC0_01.zip,river,2024-03-16 16:50:30+00:00
21500800081,2024-03-16T16:50:30Z,Fiume Arno,43.72780079,10.8953951,12.566,17.273427,-0.0022745349,,,SWOT_L2_HR_RiverSP_Reach_012_279_EU_20240316T164904_20240316T164911_PIC0_01.zip,river,2024-03-16 16:50:30+00:00
21500800094,2024-03-16T16:50:30Z,Fiume Arno,43.72897311,10.9212468,,40.229473,,,,SWOT_L2_HR_RiverSP_Reach_012_279_EU_20240316T164904_20240316T164911_PIC0_01.zip,river,2024-03-16 16:50:30+00:00
21500800101,2024-03-16T16:50:30Z,Fiume Arno,43.72609497,10.9424002,24.6968,13.151498,-0.005600414,,,SWOT_L2_HR_RiverSP_Reach_012_279_EU_20240316T164904_20240316T164911_PIC0_01.zip,river,2024-03-16 16:50:30+00:00
21500800114,2024-03-16T16:50:30Z,Fiume Arno,43.73395613,10.9629417,,32.195002,,,,SWOT_L2_HR_RiverSP_Reach_012_279_EU_20240316T164904_20240316T164911_PIC0_01.zip,river,2024-03-16 16:50:30+00:00
21500800121,2024-03-16T16:50:30Z,Fiume Arno,43.739528,10.9815185,20.438,18.140247,-0.0009749348,,,SWOT_L2_HR_RiverSP_Reach_012_279_EU_20240316T164904_20240316T164911_PIC0_01.zip,river,2024-03-16 16:50:30+00:00
21500800134,2024-03-16T16:50:30Z,Fiume Arno,43.73552158,10.9998728,,22.916808,,,,SWOT_L2_HR_RiverSP_Reach_012_279_EU_20240316T164904_20240316T164911_PIC0_01.zip,river,2024-03-16 16:50:30+00:00
21500800141,2024-03-16T16:50:30Z,Fiume Arno,43.74768721,11.0244481,25.2916,14.864262,0.00090423631,,,SWOT_L2_HR_RiverSP_Reach_012_279_EU_20240316T164904_20240316T164911_PIC0_01.zip,river,2024-03-16 16:50:30+00:00
21500800154,2024-03-16T16:50:30Z,Fiume Arno,43.76627758,11.0424554,,34.630703,,,,SWOT_L2_HR_RiverSP_Reach_012_279_EU_20240316T164904_20240316T164911_PIC0_01.zip,river,2024-03-16 16:50:30+00:00
21500800161,2024-03-16T16:50:30Z,Fiume Arno,43.77826116,11.1119621,30.9304,3.732343,-0.0017755741,,,SWOT_L2_HR_RiverSP_Reach_012_279_EU_20240316T164904_20240316T164911_PIC0_01.zip,river,2024-03-16 16:50:30+00:00
21500800174,no_data,Fiume Arno,43.78926005,11.1968555,,,,,,SWOT_L2_HR_RiverSP_Reach_012_279_EU_20240316T164904_20240316T164911_PIC0_01.zip,river,
21500800181,no_data,Fiume Arno,43.7853558,11.2058467,,,,,,SWOT_L2_HR_RiverSP_Reach_012_279_EU_20240316T164904_20240316T164911_PIC0_01.zip,river,
21500800194,no_data,Fiume Arno,43.78123761,11.2146427,,,,,,SWOT_L2_HR_RiverSP_Reach_012_279_EU_20240316T164904_20240316T164911_PIC0_01.zip,river,
21500800201,no_data,Fiume Arno,43.7758682,11.2295414,,,,,,SWOT_L2_HR_RiverSP_Reach_012_279_EU_20240316T164904_20240316T164911_PIC0_01.zip,river,
21500800214,no_data,Fiume Arno,43.7710951,11.2443983,,,,,,SWOT_L2_HR_RiverSP_Reach_012_279_EU_20240316T164904_20240316T164911_PIC0_01.zip,river,
21500800221,no_data,Fiume Arno,43.76715202,11.2554943,,,,,,SWOT_L2_HR_RiverSP_Reach_012_279_EU_20240316T164904_20240316T164911_PIC0_01.zip,river,
21500800234,no_data,Fiume Arno,43.76500389,11.2673403,,,,,,SWOT_L2_HR_RiverSP_Reach_012_279_EU_20240316T164904_20240316T164911_PIC0_01.zip,river,
21500800241,no_data,Fiume Arno,43.76412125,11.2917186,,,,,,SWOT_L2_HR_RiverSP_Reach_012_279_EU_20240316T164904_20240316T164911_PIC0_01.zip,river,
21500900013,2024-03-16T16:50:30Z,Serchio,43.76238147,10.3226477,-1.4047,483.894996,-0.0006939921,,,SWOT_L2_HR_RiverSP_Reach_012_279_EU_20240316T164904_20240316T164911_PIC0_01.zip,river,2024-03-16 16:50:30+00:00
21500900021,no_data,Serchio,43.78117023,10.399042,,,,,,SWOT_L2_HR_RiverSP_Reach_012_279_EU_20240316T164904_20240316T164911_PIC0_01.zip,river,
21500900034,no_data,Serchio,43.78946261,10.4164431,,,,,,SWOT_L2_HR_RiverSP_Reach_012_279_EU_20240316T164904_20240316T164911_PIC0_01.zip,river,
21500900041,2024-03-16T16:50:30Z,Serchio,43.8036516,10.4063306,-1.2392,353.18,0.00261894951,,,SWOT_L2_HR_RiverSP_Reach_012_279_EU_20240316T164904_20240316T164911_PIC0_01.zip,river,2024-03-16 16:50:30+00:00
21500900064,2024-03-16T16:50:30Z,Fiume Magra,44.1080452,9.9369098,,152.101452,,,,SWOT_L2_HR_RiverSP_Reach_012_279_EU_20240316T164904_20240316T164911_PIC0_01.zip,river,2024-03-16 16:50:30+00:00
21500900184,no_data,Serchio,43.8188553,10.4136918,,,,,,SWOT_L2_HR_RiverSP_Reach_012_279_EU_20240316T164904_20240316T164911_PIC0_01.zip,river,
21500900191,2024-03-16T16:50:30Z,Serchio,43.84327707,10.4415553,,61.826547,,,,SWOT_L2_HR_RiverSP_Reach_012_279_EU_20240316T164904_20240316T164911_PIC0_01.zip,river,2024-03-16 16:50:30+00:00
21500900204,no_data,Serchio,43.8539327,10.476405,,,,,,SWOT_L2_HR_RiverSP_Reach_012_279_EU_20240316T164904_20240316T164911_PIC0_01.zip,river,
21500900211,2024-03-16T16:50:30Z,Serchio,43.8532787,10.4915647,,172.763823,,,,SWOT_L2_HR_RiverSP_Reach_012_279_EU_20240316T164904_20240316T164911_PIC0_01.zip,river,2024-03-16 16:50:30+00:00
21500900224,2024-03-16T16:50:30Z,Serchio,43.85677563,10.5059732,,70.490082,,,,SWOT_L2_HR_RiverSP_Reach_012_279_EU_20240316T164904_20240316T164911_PIC0_01.zip,river,2024-03-16 16:50:30+00:00
21500900231,2024-03-16T16:50:30Z,Serchio,43.88606154,10.5259476,28.7026,95.969738,0.00313879483,,,SWOT_L2_HR_RiverSP_Reach_012_279_EU_20240316T164904_20240316T164911_PIC0_01.zip,river,2024-03-16 16:50:30+00:00
21500900244,2024-03-16T16:50:30Z,Serchio,43.91649583,10.529312,,176.410932,,,,SWOT_L2_HR_RiverSP_Reach_012_279_EU_20240316T164904_20240316T164911_PIC0_01.zip,river,2024-03-16 16:50:30+00:00
21500900261,2024-03-16T16:50:30Z,Serchio,43.92488448,10.5296092,40.8297,57.385677,0.0017645417,,,SWOT_L2_HR_RiverSP_Reach_012_279_EU_20240316T164904_20240316T164911_PIC0_01.zip,river,2024-03-16 16:50:30+00:00
21500900274,2024-03-16T16:50:30Z,Serchio,43.92529227,10.5218935,,82.500527,,,,SWOT_L2_HR_RiverSP_Reach_012_279_EU_20240316T164904_20240316T164911_PIC0_01.zip,river,2024-03-16 16:50:30+00:00
21500900281,2024-03-16T16:50:30Z,Serchio,43.93088015,10.5087897,47.4071,60.344651,0.00316959064,,,SWOT_L2_HR_RiverSP_Reach_012_279_EU_20240316T164904_20240316T164911_PIC0_01.zip,river,2024-03-16 16:50:30+00:00
21500900294,2024-03-16T16:50:30Z,Serchio,43.93982305,10.5015469,,81.069656,,,,SWOT_L2_HR_RiverSP_Reach_012_279_EU_20240316T164904_20240316T164911_PIC0_01.zip,river,2024-03-16 16:50:30+00:00
21500900301,2024-03-16T16:50:30Z,Serchio,43.96338733,10.5238839,68.0379,72.084753,0.00382774568,,,SWOT_L2_HR_RiverSP_Reach_012_279_EU_20240316T164904_20240316T164911_PIC0_01.zip,river,2024-03-16 16:50:30+00:00
21500900314,2024-03-16T16:50:30Z,Serchio,43.98114573,10.5523043,,113.504445,,,,SWOT_L2_HR_RiverSP_Reach_012_279_EU_20240316T164904_20240316T164911_PIC0_01.zip,river,2024-03-16 16:50:30+00:00
21500900321,2024-03-16T16:50:30Z,Serchio,43.99085556,10.5533227,91.6533,80.741177,0.00085245661,,,SWOT_L2_HR_RiverSP_Reach_012_279_EU_20240316T164904_20240316T164911_PIC0_01.zip,river,2024-03-16 16:50:30+00:00
21500900335,2024-03-16T16:50:30Z,Fiume Magra,44.07842653,9.9655885,-1.2435,180.858661,6.161415e-05,,,SWOT_L2_HR_RiverSP_Reach_012_279_EU_20240316T164904_20240316T164911_PIC0_01.zip,river,2024-03-16 16:50:30+00:00
21500900344,2024-03-16T16:50:30Z,Fiume Magra,44.10398535,9.9379287,,138.529426,,,,SWOT_L2_HR_RiverSP_Reach_012_279_EU_20240316T164904_20240316T164911_PIC0_01.zip,river,2024-03-16 16:50:30+00:00
21500900355,2024-03-16T16:50:30Z,Fiume Magra,44.12143652,9.9276433,4.0589,108.249227,0.00111580844,,,SWOT_L2_HR_RiverSP_Reach_012_279_EU_20240316T164904_20240316T164911_PIC0_01.zip,river,2024-03-16 16:50:30+00:00
21500900364,2024-03-16T16:50:30Z,Fiume Magra,44.13142931,9.9138465,,131.139617,,,,SWOT_L2_HR_RiverSP_Reach_012_279_EU_20240316T164904_20240316T164911_PIC0_01.zip,river,2024-03-16 16:50:30+00:00
21500900375,2024-03-16T16:50:30Z,Fiume Magra,44.13659356,9.9063001,7.9873,85.17458,0.00242634732,,,SWOT_L2_HR_RiverSP_Reach_012_279_EU_20240316T164904_20240316T164911_PIC0_01.zip,river,2024-03-16 16:50:30+00:00
21500900384,2024-03-16T16:50:30Z,Fiume Magra,44.14283943,9.8981002,,166.516751,,,,SWOT_L2_HR_RiverSP_Reach_012_279_EU_20240316T164904_20240316T164911_PIC0_01.zip,river,2024-03-16 16:50:30+00:00
21500900395,2024-03-16T16:50:30Z,Fiume Magra,44.15012927,9.8899941,12.462,125.619726,0.00208629598,,,SWOT_L2_HR_RiverSP_Reach_012_279_EU_20240316T164904_20240316T164911_PIC0_01.zip,river,2024-03-16 16:50:30+00:00
21500900404,2024-03-16T16:50:30Z,Fiume Magra,44.15876878,9.8931723,15.9246,49.374875,0.00277894006,,,SWOT_L2_HR_RiverSP_Reach_012_279_EU_20240316T164904_20240316T164911_PIC0_01.zip,river,2024-03-16 16:50:30+00:00
21500900414,2024-03-16T16:50:30Z,Fiume Magra,44.16226318,9.8974438,,47.045901,,,,SWOT_L2_HR_RiverSP_Reach_012_279_EU_20240316T164904_20240316T164911_PIC0_01.zip,river,2024-03-16 16:50:30+00:00
21500900425,2024-03-16T16:50:30Z,Fiume Magra,44.16616482,9.9066061,20.2128,85.918512,0.00287728167,,,SWOT_L2_HR_RiverSP_Reach_012_279_EU_20240316T164904_20240316T164911_PIC0_01.zip,river,2024-03-16 16:50:30+00:00
21500900434,2024-03-16T16:50:30Z,Fiume Magra,44.16995794,9.9183815,24.4342,45.501438,0.00515455097,,,SWOT_L2_HR_RiverSP_Reach_012_279_EU_20240316T164904_20240316T164911_PIC0_01.zip,river,2024-03-16 16:50:30+00:00
21500900444,2024-03-16T16:50:30Z,Fiume Magra,44.17257832,9.9248018,,120.843117,,,,SWOT_L2_HR_RiverSP_Reach_012_279_EU_20240316T164904_20240316T164911_PIC0_01.zip,river,2024-03-16 16:50:30+00:00
21500900455,2024-03-16T16:50:31Z,Fiume Magra,44.1887648,9.9372759,36.6345,37.321879,0.00324514944,,,SWOT_L2_HR_RiverSP_Reach_012_279_EU_20240316T164904_20240316T164911_PIC0_01.zip,river,2024-03-16 16:50:31+00:00
21406500071,no_data,Po,45.11737939,9.3109347,,,,,,SWOT_L2_HR_RiverSP_Reach_012_307_EU_20240317T165103_20240317T165113_PIC0_01.zip,river,
21406700011,2024-03-17T16:51:14Z,Po,45.12538309,9.1596345,59.4621,236.452542,-1.93239e-05,,,SWOT_L2_HR_RiverSP_Reach_012_307_EU_20240317T165103_20240317T165113_PIC0_01.zip,river,2024-03-17 16:51:14+00:00
