obs_id,lake_id,time_str,lake_name,wse,area_total,quality_f,lon,lat,source_file,product,time
215231L000857,2150002212,2023-11-22T10:42:18Z,no_data,21.418,0.018238,1.0,10.835101698999487,43.79322166045377,SWOT_L2_HR_LakeSP_Obs_006_557_EU_20231122T104158_20231122T105027_PIC0_01.zip,lake,2023-11-22 10:42:18+00:00
215231L001125,2150000112,2023-11-22T10:42:19Z,LAGO CALVANA,34.632,0.100456,1.0,11.162303957447,43.82125699887052,SWOT_L2_HR_LakeSP_Obs_006_557_EU_20231122T104158_20231122T105027_PIC0_01.zip,lake,2023-11-22 10:42:19+00:00
215231L000921,2150000982;2150000392;2150000382;2150000242,2023-11-22T10:42:19Z,no_data,29.397,1.847258,1.0,11.118784662324941,43.78575155162651,SWOT_L2_HR_LakeSP_Obs_006_557_EU_20231122T104158_20231122T105027_PIC0_01.zip,lake,2023-11-22 10:42:19+00:00
215231L001025,2150000212;2150000972,2023-11-22T10:42:19Z,no_data,32.76,0.132385,1.0,11.098139029436162,43.80159752315139,SWOT_L2_HR_LakeSP_Obs_006_557_EU_20231122T104158_20231122T105027_PIC0_01.zip,lake,2023-11-22 10:42:19+00:00
214233R000145,2140006862;2140006542;2140006122;2140010112;2140006132;2140010092;2140006102,2023-11-22T10:42:30Z,no_data,-0.402,7.159766,0.0,12.325037208299353,44.25622270946832,SWOT_L2_HR_LakeSP_Obs_006_557_EU_20231122T104158_20231122T105027_PIC0_01.zip,lake,2023-11-22 10:42:30+00:00
214233R000308,2140008322;2140010012;2140010022,2023-11-22T10:42:31Z,no_data,-1.33,0.083235,0.0,12.326797422980384,44.267002763597375,SWOT_L2_HR_LakeSP_Obs_006_557_EU_20231122T104158_20231122T105027_PIC0_01.zip,lake,2023-11-22 10:42:31+00:00
214233R000720,2140008292,2023-11-22T10:42:32Z,no_data,-1.884,0.016022,1.0,12.302836636074733,44.337028958555706,SWOT_L2_HR_LakeSP_Obs_006_557_EU_20231122T104158_20231122T105027_PIC0_01.zip,lake,2023-11-22 10:42:32+00:00
214233R000927,2140006052;2140006492,2023-11-22T10:42:32Z,no_data,-1.373,0.332394,1.0,12.269378816988153,44.38449794234229,SWOT_L2_HR_LakeSP_Obs_006_557_EU_20231122T104158_20231122T105027_PIC0_01.zip,lake,2023-11-22 10:42:32+00:00
214233R000680,2140007052;2140006522,2023-11-22T10:42:32Z,no_data,-1.798,0.101759,0.0,12.309706207266437,44.33176251345272,SWOT_L2_HR_LakeSP_Obs_006_557_EU_20231122T104158_20231122T105027_PIC0_01.zip,lake,2023-11-22 10:42:32+00:00
214233R000866,2140008262,2023-11-22T10:42:32Z,no_data,-2.429,0.018272,1.0,12.255078075255893,44.373592054699856,SWOT_L2_HR_LakeSP_Obs_006_557_EU_20231122T104158_20231122T105027_PIC0_01.zip,lake,2023-11-22 10:42:32+00:00
214233L000586,2140009822,2023-11-22T10:42:33Z,no_data,19.134,0.014129,1.0,11.33512356106057,44.62354478496698,SWOT_L2_HR_LakeSP_Obs_006_557_EU_20231122T104158_20231122T105027_PIC0_01.zip,lake,2023-11-22 10:42:33+00:00
214233R001166,2140009562;2140009572,2023-11-22T10:42:33Z,no_data,-2.299,0.641725,0.0,12.278275486736696,44.42434422755715,SWOT_L2_HR_LakeSP_Obs_006_557_EU_20231122T104158_20231122T105027_PIC0_01.zip,lake,2023-11-22 10:42:33+00:00
214233L000603,2140008822,2023-11-22T10:42:34Z,no_data,9.528,0.022191,1.0,11.625960955155666,44.575529574586525,SWOT_L2_HR_LakeSP_Obs_006_557_EU_20231122T104158_20231122T105027_PIC0_01.zip,lake,2023-11-22 10:42:34+00:00
214233R001556,2140006402;2140009872;2140008832,2023-11-22T10:42:35Z,no_data,-1.024,0.390181,1.0,12.11658996099364,44.56285041648037,SWOT_L2_HR_LakeSP_Obs_006_557_EU_20231122T104158_20231122T105027_PIC0_01.zip,lake,2023-11-22 10:42:35+00:00
214233R001602,2140008112,2023-11-22T10:42:35Z,LAGO POGGI,-0.208,0.026599,1.0,12.237062465080708,44.55179143566704,SWOT_L2_HR_LakeSP_Obs_006_557_EU_20231122T104158_20231122T105027_PIC0_01.zip,lake,2023-11-22 10:42:35+00:00
214233R001666,2140005942;2140005922,2023-11-22T10:42:36Z,no_data,-0.804,0.428919,1.0,12.259185188966137,44.588517155484666,SWOT_L2_HR_LakeSP_Obs_006_557_EU_20231122T104158_20231122T105027_PIC0_01.zip,lake,2023-11-22 10:42:36+00:00
214233L001163,2140003632,2023-11-22T10:42:38Z,no_data,6.757,0.026067,0.0,11.254508591648982,44.885758003452345,SWOT_L2_HR_LakeSP_Obs_006_557_EU_20231122T104158_20231122T105027_PIC0_01.zip,lake,2023-11-22 10:42:38+00:00
214233L001187,2140003782,2023-11-22T10:42:38Z,no_data,7.027,0.016658,1.0,11.43065024440299,44.856292998308675,SWOT_L2_HR_LakeSP_Obs_006_557_EU_20231122T104158_20231122T105027_PIC0_01.zip,lake,2023-11-22 10:42:38+00:00
214233R999920,2140010402;2140010372,2023-11-22T10:42:39Z,VALLE BERTUZZI,-1.514,48.069808,1.0,12.09649225944611,44.85858616024398,SWOT_L2_HR_LakeSP_Obs_006_557_EU_20231122T104158_20231122T105027_PIC0_01.zip,lake,2023-11-22 10:42:39+00:00
214234R000119,2140003532,2023-11-22T10:42:40Z,no_data,0.362,0.012708,1.0,12.327340822188312,44.85230738470433,SWOT_L2_HR_LakeSP_Obs_006_557_EU_20231122T104158_20231122T105027_PIC0_01.zip,lake,2023-11-22 10:42:40+00:00
214234L000133,2140020852,2023-11-22T10:42:41Z,no_data,7.077,0.01584,1.0,11.254239532710624,45.06587315330515,SWOT_L2_HR_LakeSP_Obs_006_557_EU_20231122T104158_20231122T105027_PIC0_01.zip,lake,2023-11-22 10:42:41+00:00
214234R000414,2140003812;2140003722;2140003652,2023-11-22T10:42:42Z,no_data,0.672,0.54193,1.0,12.280210319123272,44.959911888802104,SWOT_L2_HR_LakeSP_Obs_006_557_EU_20231122T104158_20231122T105027_PIC0_01.zip,lake,2023-11-22 10:42:42+00:00
214234R000536,2140020932;2140020872,2023-11-22T10:42:43Z,no_data,0.746,0.64334,1.0,12.226244183683715,45.01441141023197,SWOT_L2_HR_LakeSP_Obs_006_557_EU_20231122T104158_20231122T105027_PIC0_01.zip,lake,2023-11-22 10:42:43+00:00
214234R000058,2140002052,2023-11-23T10:43:12Z,no_data,148.743,0.01268,1.0,9.654995533162017,44.924861453133154,SWOT_L2_HR_LakeSP_Obs_007_001_EU_20231123T104209_20231123T105105_PIC0_01.zip,lake,2023-11-23 10:43:12+00:00
214075R000560,2140012742;2140010693,2023-11-30T19:46:15Z,no_data,13.609,1.071236,0.0,10.816817131817624,45.13590632632858,SWOT_L2_HR_LakeSP_Obs_007_208_EU_20231130T194339_20231130T194839_PGC0_01.zip,lake,2023-11-30 19:46:15+00:00
214075R000862,2140002182,2023-11-30T19:46:18Z,no_data,13.794,0.025171,0.0,10.796081553355927,44.95303934363228,SWOT_L2_HR_LakeSP_Obs_007_208_EU_20231130T194339_20231130T194839_PGC0_01.zip,lake,2023-11-30 19:46:18+00:00
214075R000867,2140002492,2023-11-30T19:46:18Z,no_data,13.884,0.012574,0.0,10.799649489099465,44.95112896536787,SWOT_L2_HR_LakeSP_Obs_007_208_EU_20231130T194339_20231130T194839_PGC0_01.zip,lake,2023-11-30 19:46:18+00:00
214075R000944,2140001572;2140001702,2023-11-30T19:46:19Z,no_data,10.407,0.126014,1.0,11.045507663969975,44.946612976409135,SWOT_L2_HR_LakeSP_Obs_007_208_EU_20231130T194339_20231130T194839_PIC0_01.zip,lake,2023-11-30 19:46:19+00:00
214075R000948,2140002352,2023-11-30T19:46:19Z,no_data,9.56,0.041784,0.0,11.036033540703697,44.94099052212279,SWOT_L2_HR_LakeSP_Obs_007_208_EU_20231130T194339_20231130T194839_PGC0_01.zip,lake,2023-11-30 19:46:19+00:00
214075R000949,2140002202,2023-11-30T19:46:19Z,no_data,9.751,0.053295,0.0,11.034716222848555,44.939230659959776,SWOT_L2_HR_LakeSP_Obs_007_208_EU_20231130T194339_20231130T194839_PGC0_01.zip,lake,2023-11-30 19:46:19+00:00
214076R000208,2140000772;2140000842;2140000832;2140000632;2140000352;2140000642;2140000362;2140000342,2023-11-30T19:46:23Z,no_data,38.071,0.414388,0.0,10.823823297435876,44.666493669092354,SWOT_L2_HR_LakeSP_Obs_007_208_EU_20231130T194339_20231130T194839_PGC0_01.zip,lake,2023-11-30 19:46:23+00:00
214076R000207,2140000772;2140000842;2140000832;2140000632;2140000642;2140000352;2140000362;2140000342,2023-11-30T19:46:23Z,no_data,37.952,0.415657,0.0,10.823855825790549,44.66650022492568,SWOT_L2_HR_LakeSP_Obs_007_208_EU_20231130T194339_20231130T194839_PIC0_01.zip,lake,2023-11-30 19:46:23+00:00
214076L000577,2140008572;2140006622;2140006592;2140008582,2023-11-30T19:46:25Z,no_data,-0.475,1.910078,0.0,12.040142724282997,44.72796751874344,SWOT_L2_HR_LakeSP_Obs_007_208_EU_20231130T194339_20231130T194839_PGC0_01.zip,lake,2023-11-30 19:46:25+00:00
214076L000764,2140008722,2023-11-30T19:46:27Z,LA VALLAZZA,6.707,0.320035,0.0,11.67837619506631,44.60171023960909,SWOT_L2_HR_LakeSP_Obs_007_208_EU_20231130T194339_20231130T194839_PGC0_01.zip,lake,2023-11-30 19:46:27+00:00
214076L000815,2140008092;2140008732;2140006662;2140009392,2023-11-30T19:46:27Z,CASSA CAMPOTTO,4.042,3.866117,0.0,11.832371719796175,44.59693303733329,SWOT_L2_HR_LakeSP_Obs_007_208_EU_20231130T194339_20231130T194839_PGC0_01.zip,lake,2023-11-30 19:46:27+00:00
214076L000834,2140007922;2140007912,2023-11-30T19:46:27Z,no_data,-2.205,0.095895,0.0,12.11998380706374,44.656508230077606,SWOT_L2_HR_LakeSP_Obs_007_208_EU_20231130T194339_20231130T194839_PIC0_01.zip,lake,2023-11-30 19:46:27+00:00
214076L000816,2140009412;2140009882,2023-11-30T19:46:27Z,no_data,9.781,0.175092,1.0,11.640303045260083,44.57331522573168,SWOT_L2_HR_LakeSP_Obs_007_208_EU_20231130T194339_20231130T194839_PIC0_01.zip,lake,2023-11-30 19:46:27+00:00
214076R000756,2140009012,2023-11-30T19:46:28Z,LAGHETTI DEL MAGLIO,82.166,0.067238,1.0,11.282639849732679,44.441964512382846,SWOT_L2_HR_LakeSP_Obs_007_208_EU_20231130T194339_20231130T194839_PGC0_01.zip,lake,2023-11-30 19:46:28+00:00
214076L000734,2140005932;2140006452,2023-11-30T19:46:28Z,VALLI DI COMACCHIO,-0.565,38.837711,0.0,12.117850887110013,44.60107135845605,SWOT_L2_HR_LakeSP_Obs_007_208_EU_20231130T194339_20231130T194839_PIC0_01.zip,lake,2023-11-30 19:46:28+00:00
215077R000589,2150000982;2150000242;2150000392;2150000382,2023-11-30T19:46:39Z,no_data,36.137,1.129164,1.0,11.116241786604487,43.78646323641894,SWOT_L2_HR_LakeSP_Obs_007_208_EU_20231130T194339_20231130T194839_PGC0_01.zip,lake,2023-11-30 19:46:39+00:00
214232L000139,2140010142,2023-12-02T09:04:40Z,no_data,82.407,0.018849,1.0,12.41174298728616,44.004389787837,SWOT_L2_HR_LakeSP_Obs_007_251_EU_20231202T090404_20231202T091608_PGC0_01.zip,lake,2023-12-02 09:04:40+00:00
215232R000528,2150001942,2023-12-03T09:05:11Z,PADULE DI FUCECCHIO;BONIFICA DEL PADULE DI FUCECCHIO,12.152,0.011013,1.0,10.793699131850744,43.822297683816274,SWOT_L2_HR_LakeSP_Obs_007_279_EU_20231203T090341_20231203T091323_PGC0_01.zip,lake,2023-12-03 09:05:11+00:00
214233L000214,2140000902;2140002732;2140000812,2023-12-03T09:05:24Z,no_data,89.825,0.30508,0.0,10.16955535577928,44.760329601981276,SWOT_L2_HR_LakeSP_Obs_007_279_EU_20231203T090341_20231203T091323_PGC0_01.zip,lake,2023-12-03 09:05:24+00:00
214233R000533,2140000632;2140000842;2140000832;2140000642;2140000352,2023-12-03T09:05:25Z,no_data,38.49,0.327726,0.0,10.828772490514362,44.66431985057637,SWOT_L2_HR_LakeSP_Obs_007_279_EU_20231203T090341_20231203T091323_PGC0_01.zip,lake,2023-12-03 09:05:25+00:00
214233R000533,2140000632;2140000832;2140000842;2140000642;2140000352,2023-12-03T09:05:25Z,no_data,38.492,0.327726,0.0,10.828772101633781,44.664319801702995,SWOT_L2_HR_LakeSP_Obs_007_279_EU_20231203T090341_20231203T091323_PIC0_02.zip,lake,2023-12-03 09:05:25+00:00
214233R000539,2140000702;2140000522,2023-12-03T09:05:25Z,no_data,38.103,0.362163,0.0,10.818152145251839,44.669574740424245,SWOT_L2_HR_LakeSP_Obs_007_279_EU_20231203T090341_20231203T091323_PIC0_02.zip,lake,2023-12-03 09:05:25+00:00
214233L000656,2140002222;2140002022,2023-12-03T09:05:28Z,no_data,33.902,0.024218,1.0,10.309549646623001,44.92452247029959,SWOT_L2_HR_LakeSP_Obs_007_279_EU_20231203T090341_20231203T091323_PIC0_02.zip,lake,2023-12-03 09:05:28+00:00
214234L000117,2140002122,2023-12-03T09:05:29Z,no_data,23.089,0.050462,0.0,10.357508128052016,44.99325677119206,SWOT_L2_HR_LakeSP_Obs_007_279_EU_20231203T090341_20231203T091323_PIC0_01.zip,lake,2023-12-03 09:05:29+00:00
214234R000192,2140002662,2023-12-03T09:05:30Z,no_data,9.594,0.11949,1.0,11.173010927221824,44.89179721645935,SWOT_L2_HR_LakeSP_Obs_007_279_EU_20231203T090341_20231203T091323_PIC0_01.zip,lake,2023-12-03 09:05:30+00:00
214234R000300,2140003602,2023-12-03T09:05:30Z,no_data,5.457,0.027988,0.0,11.27426994501177,44.917098798125025,SWOT_L2_HR_LakeSP_Obs_007_279_EU_20231203T090341_20231203T091323_PIC0_01.zip,lake,2023-12-03 09:05:30+00:00
214234R000270,2140001702;2140001912;2140001572,2023-12-03T09:05:30Z,no_data,10.345,0.176901,0.0,11.044260776908967,44.94375430670499,SWOT_L2_HR_LakeSP_Obs_007_279_EU_20231203T090341_20231203T091323_PIC0_01.zip,lake,2023-12-03 09:05:30+00:00
214234R000263,2140001592,2023-12-03T09:05:30Z,no_data,10.902,0.05847,0.0,11.041751023228901,44.94120805225859,SWOT_L2_HR_LakeSP_Obs_007_279_EU_20231203T090341_20231203T091323_PIC0_01.zip,lake,2023-12-03 09:05:30+00:00
214234R000342,2140003662,2023-12-03T09:05:31Z,no_data,5.015,0.020441,0.0,11.297879186137301,44.92760781058718,SWOT_L2_HR_LakeSP_Obs_007_279_EU_20231203T090341_20231203T091323_PIC0_01.zip,lake,2023-12-03 09:05:31+00:00
214234R000555,2140018322,2023-12-03T09:05:33Z,no_data,10.624,0.043213,0.0,11.113402357197263,45.07115366613211,SWOT_L2_HR_LakeSP_Obs_007_279_EU_20231203T090341_20231203T091323_PIC0_01.zip,lake,2023-12-03 09:05:33+00:00
214234R000689,2140011142,2023-12-03T09:05:33Z,no_data,8.965,0.024915,0.0,11.13924397875281,45.12013518783532,SWOT_L2_HR_LakeSP_Obs_007_279_EU_20231203T090341_20231203T091323_PGC0_01.zip,lake,2023-12-03 09:05:33+00:00
214234R000795,2140021292;2140021282,2023-12-03T09:05:34Z,no_data,9.693,0.016687,0.0,11.440134597937579,45.098784005531115,SWOT_L2_HR_LakeSP_Obs_007_279_EU_20231203T090341_20231203T091323_PIC0_01.zip,lake,2023-12-03 09:05:34+00:00
214076R000036,2140010252;2140010402,2023-12-10T18:08:37Z,VALLE BERTUZZI,1.188,0.069574,0.0,12.236183422928317,44.80217440925969,SWOT_L2_HR_LakeSP_Obs_007_486_EU_20231210T180556_20231210T181104_PGC0_01.zip,lake,2023-12-10 18:08:37+00:00
214075L001480,2140001542,2023-12-11T18:09:07Z,no_data,15.691,0.027764,0.0,10.642769691357643,44.997977966470714,SWOT_L2_HR_LakeSP_Obs_007_514_EU_20231211T180629_20231211T180945_PGC0_01.zip,lake,2023-12-11 18:09:07+00:00
214076L000128,2140002682;2140002692,2023-12-11T18:09:08Z,no_data,38.938,0.085562,1.0,10.236239791582868,44.872437483973,SWOT_L2_HR_LakeSP_Obs_007_514_EU_20231211T180629_20231211T180945_PIC0_01.zip,lake,2023-12-11 18:09:08+00:00
215078R099994,2150001692,2023-12-11T18:09:27Z,no_data,0.304,0.025463,1.0,10.32302644129444,43.74757824887284,SWOT_L2_HR_LakeSP_Obs_007_514_EU_20231211T180629_20231211T180945_PGC0_01.zip,lake,2023-12-11 18:09:27+00:00
214233R000092,2140010072,2023-12-13T07:27:34Z,no_data,-0.828,0.070684,0.0,12.348030066281604,44.24736252491739,SWOT_L2_HR_LakeSP_Obs_007_557_EU_20231213T072702_20231213T073531_PGC0_01.zip,lake,2023-12-13 07:27:34+00:00
214233R000091,2140006542;2140006862;2140006122,2023-12-13T07:27:34Z,no_data,-0.936,2.039135,0.0,12.316313076311424,44.26017034892851,SWOT_L2_HR_LakeSP_Obs_007_557_EU_20231213T072702_20231213T073531_PGC0_01.zip,lake,2023-12-13 07:27:34+00:00
214233R000068,2140010092;2140010112;2140010102,2023-12-13T07:27:34Z,no_data,-0.917,2.41939,0.0,12.348861017027552,44.24301620803203,SWOT_L2_HR_LakeSP_Obs_007_557_EU_20231213T072702_20231213T073531_PGC0_01.zip,lake,2023-12-13 07:27:34+00:00
214233L000675,2140008632;2140009802,2023-12-13T07:27:38Z,no_data,10.532,0.044036,0.0,11.44761113651677,44.66402438369864,SWOT_L2_HR_LakeSP_Obs_007_557_EU_20231213T072702_20231213T073531_PIC0_01.zip,lake,2023-12-13 07:27:38+00:00
214233L000636,2140008042;2140008032,2023-12-13T07:27:38Z,no_data,7.078,0.379891,1.0,11.54690358341845,44.632717640031046,SWOT_L2_HR_LakeSP_Obs_007_557_EU_20231213T072702_20231213T073531_PIC0_01.zip,lake,2023-12-13 07:27:38+00:00
214233R000936,2140009322;2140008702;2140006342;2140008652;2140005872,2023-12-13T07:27:40Z,no_data,-0.376,3.534093,0.0,12.25643954757735,44.61529696866515,SWOT_L2_HR_LakeSP_Obs_007_557_EU_20231213T072702_20231213T073531_PIC0_01.zip,lake,2023-12-13 07:27:40+00:00
214233R000967,2140008622;2140009782;2140008642,2023-12-13T07:27:41Z,no_data,-0.261,0.320901,0.0,12.240621580073778,44.64532217342497,SWOT_L2_HR_LakeSP_Obs_007_557_EU_20231213T072702_20231213T073531_PGC0_01.zip,lake,2023-12-13 07:27:41+00:00
214233R000963,2140006972;2140006982;2140006962,2023-12-13T07:27:41Z,no_data,-0.066,0.111185,0.0,12.237454675450444,44.645518001513665,SWOT_L2_HR_LakeSP_Obs_007_557_EU_20231213T072702_20231213T073531_PIC0_01.zip,lake,2023-12-13 07:27:41+00:00
214233R000995,2140006622;2140006592;2140008582,2023-12-13T07:27:41Z,OASI NATURALE VASCHE DI OSTELLATO,-0.515,1.624231,1.0,12.016447176376186,44.73541336199815,SWOT_L2_HR_LakeSP_Obs_007_557_EU_20231213T072702_20231213T073531_PGC0_01.zip,lake,2023-12-13 07:27:41+00:00
214233L000980,2140003752,2023-12-13T07:27:41Z,no_data,7.341,0.026221,0.0,11.253526493777848,44.87803488025236,SWOT_L2_HR_LakeSP_Obs_007_557_EU_20231213T072702_20231213T073531_PIC0_01.zip,lake,2023-12-13 07:27:41+00:00
214233R001123,2140010382;2140010392,2023-12-13T07:27:43Z,VALLE BERTUZZI,-1.433,0.149036,0.0,12.218052063242828,44.766918092541474,SWOT_L2_HR_LakeSP_Obs_007_557_EU_20231213T072702_20231213T073531_PGC0_01.zip,lake,2023-12-13 07:27:43+00:00
214233R001133,2140010262,2023-12-13T07:27:43Z,VALLE BERTUZZI,-1.307,0.033928,0.0,12.218679119602761,44.7760646186991,SWOT_L2_HR_LakeSP_Obs_007_557_EU_20231213T072702_20231213T073531_PGC0_01.zip,lake,2023-12-13 07:27:43+00:00
214234R000033,2140010322;2140010302;2140010452;2140010312,2023-12-13T07:27:44Z,no_data,-2.527,0.277739,0.0,12.177720499170356,44.86215925282198,SWOT_L2_HR_LakeSP_Obs_007_557_EU_20231213T072702_20231213T073531_PGC0_01.zip,lake,2023-12-13 07:27:44+00:00
214234L000455,2140018312,2023-12-14T07:28:18Z,no_data,52.457,0.015916,0.0,9.253253325246245,45.12471947271213,SWOT_L2_HR_LakeSP_Obs_008_001_EU_20231214T072712_20231214T073608_PIC0_01.zip,lake,2023-12-14 07:28:18+00:00
214234R000495,2140018372,2023-12-14T07:28:19Z,no_data,40.352,0.028187,0.0,9.879889412673188,45.07294065995323,SWOT_L2_HR_LakeSP_Obs_008_001_EU_20231214T072712_20231214T073608_PIC0_01.zip,lake,2023-12-14 07:28:19+00:00
214234R000700,2140018512,2023-12-14T07:28:20Z,LANCA LIVRINI,28.1,0.018595,0.0,10.00533510291885,45.11926202417619,SWOT_L2_HR_LakeSP_Obs_008_001_EU_20231214T072712_20231214T073608_PIC0_01.zip,lake,2023-12-14 07:28:20+00:00
214234R000674,2140019092,2023-12-14T07:28:20Z,no_data,35.338,0.102883,0.0,9.849542139237464,45.14131481015819,SWOT_L2_HR_LakeSP_Obs_008_001_EU_20231214T072712_20231214T073608_PIC0_01.zip,lake,2023-12-14 07:28:20+00:00
214075R000483,2140012892,2023-12-21T16:31:19Z,no_data,13.529,0.071195,0.0,10.826255003745658,45.13617339215033,SWOT_L2_HR_LakeSP_Obs_008_208_EU_20231221T162843_20231221T163343_PIC0_01.zip,lake,2023-12-21 16:31:19+00:00
214075R000487,2140012742,2023-12-21T16:31:19Z,no_data,14.083,0.111135,0.0,10.845171303457164,45.134499263170845,SWOT_L2_HR_LakeSP_Obs_008_208_EU_20231221T162843_20231221T163343_PIC0_01.zip,lake,2023-12-21 16:31:19+00:00
214075R000807,2140002352;2140002202;2140002342,2023-12-21T16:31:23Z,no_data,11.067,0.101684,0.0,11.03328054752823,44.93946375007542,SWOT_L2_HR_LakeSP_Obs_008_208_EU_20231221T162843_20231221T163343_PIC0_01.zip,lake,2023-12-21 16:31:23+00:00
214076L000095,2140003612;2140003742,2023-12-21T16:31:26Z,no_data,6.277,0.554155,0.0,11.59414616348948,44.8813578563681,SWOT_L2_HR_LakeSP_Obs_008_208_EU_20231221T162843_20231221T163343_PIC0_01.zip,lake,2023-12-21 16:31:26+00:00
214076R000398,2140000082,2023-12-21T16:31:28Z,no_data,30.124,0.018075,1.0,11.00549747328445,44.60224868095071,SWOT_L2_HR_LakeSP_Obs_008_208_EU_20231221T162843_20231221T163343_PIC0_01.zip,lake,2023-12-21 16:31:28+00:00
214076L000457,2140008012,2023-12-21T16:31:30Z,no_data,8.568,0.012693,1.0,11.570886559726361,44.63930748832374,SWOT_L2_HR_LakeSP_Obs_008_208_EU_20231221T162843_20231221T163343_PIC0_01.zip,lake,2023-12-21 16:31:30+00:00
214076L000626,2140008092,2023-12-21T16:31:31Z,CASSA CAMPOTTO,5.531,0.054109,0.0,11.82454521017219,44.58509456497387,SWOT_L2_HR_LakeSP_Obs_008_208_EU_20231221T162843_20231221T163343_PIC0_01.zip,lake,2023-12-21 16:31:31+00:00
214076L000608,2140009392,2023-12-21T16:31:31Z,CASSA CAMPOTTO,4.718,0.738631,1.0,11.832623488989377,44.59084068517265,SWOT_L2_HR_LakeSP_Obs_008_208_EU_20231221T162843_20231221T163343_PIC0_01.zip,lake,2023-12-21 16:31:31+00:00
214076L000592,2140007902;2140007912;2140007922,2023-12-21T16:31:31Z,no_data,-1.702,0.161382,1.0,12.11443819450419,44.654784284000385,SWOT_L2_HR_LakeSP_Obs_008_208_EU_20231221T162843_20231221T163343_PIC0_01.zip,lake,2023-12-21 16:31:31+00:00
214076L000712,2140009492;2140009932;2140009472,2023-12-21T16:31:32Z,TENUTA BENTIVOGLIO,7.3,0.211158,0.0,11.689675897598992,44.526177856914515,SWOT_L2_HR_LakeSP_Obs_008_208_EU_20231221T162843_20231221T163343_PIC0_01.zip,lake,2023-12-21 16:31:32+00:00
214076L000887,2140008232,2023-12-21T16:31:33Z,no_data,5.816,0.040429,0.0,11.809519121903037,44.464051006359355,SWOT_L2_HR_LakeSP_Obs_008_208_EU_20231221T162843_20231221T163343_PIC0_01.zip,lake,2023-12-21 16:31:33+00:00
214076L000938,2140006752;2140009582,2023-12-21T16:31:34Z,no_data,12.697,0.303359,1.0,11.78602260920417,44.42628972955398,SWOT_L2_HR_LakeSP_Obs_008_208_EU_20231221T162843_20231221T163343_PIC0_01.zip,lake,2023-12-21 16:31:34+00:00
214075R000684,2140010452;2140010322,2023-12-31T14:53:42Z,no_data,-2.55,0.099836,1.0,12.176453875561371,44.85692039385078,SWOT_L2_HR_LakeSP_Obs_008_486_EU_20231231T145102_20231231T145610_PIC0_01.zip,lake,2023-12-31 14:53:42+00:00
214076R099984,2140010352;2140010372;2140010332;2140010402,2023-12-31T14:53:43Z,VALLE BERTUZZI,-1.313,6.172439,0.0,12.226013480776615,44.797379725278184,SWOT_L2_HR_LakeSP_Obs_008_486_EU_20231231T145102_20231231T145610_PIC0_01.zip,lake,2023-12-31 14:53:43+00:00
214075L001498,2140018802,2024-01-01T14:54:12Z,no_data,25.575,0.014737,1.0,10.34562226587451,45.02374310763456,SWOT_L2_HR_LakeSP_Obs_008_514_EU_20240101T145136_20240101T145452_PIC0_01.zip,lake,2024-01-01 14:54:12+00:00
214075L001540,2140018852,2024-01-01T14:54:13Z,no_data,22.04,0.044105,1.0,10.367473203828173,45.00448255946091,SWOT_L2_HR_LakeSP_Obs_008_514_EU_20240101T145136_20240101T145452_PIC0_01.zip,lake,2024-01-01 14:54:13+00:00
214075L001539,2140002472,2024-01-01T14:54:13Z,(EX) LAGHETTO DI CAVA,19.463,0.014492,1.0,10.289529621945611,44.99097792726175,SWOT_L2_HR_LakeSP_Obs_008_514_EU_20240101T145136_20240101T145452_PIC0_01.zip,lake,2024-01-01 14:54:13+00:00
214076L000028,2140002232,2024-01-01T14:54:14Z,no_data,29.168,0.014172,1.0,10.315273190273615,44.92399790461184,SWOT_L2_HR_LakeSP_Obs_008_514_EU_20240101T145136_20240101T145452_PIC0_01.zip,lake,2024-01-01 14:54:14+00:00
214076L000012,2140002222;2140002392;2140002022,2024-01-01T14:54:14Z,no_data,30.559,0.533844,1.0,10.310394578930888,44.92551643091039,SWOT_L2_HR_LakeSP_Obs_008_514_EU_20240101T145136_20240101T145452_PIC0_01.zip,lake,2024-01-01 14:54:14+00:00
214075L001643,2140002462;2140001542,2024-01-01T14:54:14Z,no_data,15.889,0.098033,1.0,10.641420604252193,44.9981448786918,SWOT_L2_HR_LakeSP_Obs_008_514_EU_20240101T145136_20240101T145452_PIC0_01.zip,lake,2024-01-01 14:54:14+00:00
214075L001642,2140002302,2024-01-01T14:54:14Z,no_data,15.993,0.029689,1.0,10.64354630473593,44.99976089919612,SWOT_L2_HR_LakeSP_Obs_008_514_EU_20240101T145136_20240101T145452_PIC0_01.zip,lake,2024-01-01 14:54:14+00:00
214076L000762,2140000632,2024-01-01T14:54:20Z,no_data,38.228,0.061175,0.0,10.826136956632036,44.66542497602961,SWOT_L2_HR_LakeSP_Obs_008_514_EU_20240101T145136_20240101T145452_PIC0_01.zip,lake,2024-01-01 14:54:20+00:00
215077R099973,2150001692;2150001302,2024-01-01T14:54:34Z,no_data,-20.777,0.052891,1.0,10.322554693920011,43.74898874006752,SWOT_L2_HR_LakeSP_Obs_008_514_EU_20240101T145136_20240101T145452_PIC0_01.zip,lake,2024-01-01 14:54:34+00:00
215078R000011,2150001782,2024-01-01T14:54:34Z,LAME DI FUORI,0.017,0.02629,1.0,10.287400308906456,43.703245812552126,SWOT_L2_HR_LakeSP_Obs_008_514_EU_20240101T145136_20240101T145452_PIC0_01.zip,lake,2024-01-01 14:54:34+00:00
215231L000574,2150000242;2150000982;2150000392;2150000382,2024-01-03T04:12:29Z,no_data,29.628,1.90551,0.0,11.11923776493592,43.78572843210743,SWOT_L2_HR_LakeSP_Obs_008_557_EU_20240103T041208_20240103T042037_PIC0_01.zip,lake,2024-01-03 04:12:29+00:00
215231L000519,2150001962,2024-01-03T04:12:29Z,PADULE DI FUCECCHIO;BONIFICA DEL PADULE DI FUCECCHIO,11.83,1.044184,0.0,10.800525421883119,43.81178576258175,SWOT_L2_HR_LakeSP_Obs_008_557_EU_20240103T041208_20240103T042037_PIC0_01.zip,lake,2024-01-03 04:12:29+00:00
215231L000688,2150000072;2150000352,2024-01-03T04:12:30Z,no_data,33.612,0.109962,0.0,11.071330177293856,43.82102968337978,SWOT_L2_HR_LakeSP_Obs_008_557_EU_20240103T041208_20240103T042037_PIC0_01.zip,lake,2024-01-03 04:12:30+00:00
215232L000337,2150000302,2024-01-03T04:12:31Z,no_data,53.027,0.097528,0.0,11.006604231451645,43.92284500154123,SWOT_L2_HR_LakeSP_Obs_008_557_EU_20240103T041208_20240103T042037_PIC0_01.zip,lake,2024-01-03 04:12:31+00:00
215232L000418,2150005122,2024-01-03T04:12:33Z,no_data,228.827,0.024694,1.0,11.32481957788979,43.95069347241389,SWOT_L2_HR_LakeSP_Obs_008_557_EU_20240103T041208_20240103T042037_PIC0_01.zip,lake,2024-01-03 04:12:33+00:00
214232L000634,2140009642,2024-01-03T04:12:39Z,no_data,186.691,0.058872,0.0,11.459476919108159,44.30863152945794,SWOT_L2_HR_LakeSP_Obs_008_557_EU_20240103T041208_20240103T042037_PIC0_01.zip,lake,2024-01-03 04:12:39+00:00
214232R000338,2140006872,2024-01-03T04:12:39Z,LAGO DEL BOTTARO,8.78,0.022708,0.0,12.351484159990703,44.161385323886265,SWOT_L2_HR_LakeSP_Obs_008_557_EU_20240103T041208_20240103T042037_PIC0_01.zip,lake,2024-01-03 04:12:39+00:00
214233R000027,2140006142,2024-01-03T04:12:40Z,DARSENA,0.611,0.014105,0.0,12.398220745451532,44.20502059562514,SWOT_L2_HR_LakeSP_Obs_008_557_EU_20240103T041208_20240103T042037_PIC0_01.zip,lake,2024-01-03 04:12:40+00:00
214233R000152,2140006832,2024-01-03T04:12:41Z,no_data,-1.711,0.035753,0.0,12.316763314518587,44.28433737447804,SWOT_L2_HR_LakeSP_Obs_008_557_EU_20240103T041208_20240103T042037_PIC0_01.zip,lake,2024-01-03 04:12:41+00:00
214233R000147,2140006842,2024-01-03T04:12:41Z,no_data,-1.723,0.2756,0.0,12.307428118742896,44.285326638395986,SWOT_L2_HR_LakeSP_Obs_008_557_EU_20240103T041208_20240103T042037_PIC0_01.zip,lake,2024-01-03 04:12:41+00:00
214233R000140,2140007082,2024-01-03T04:12:41Z,no_data,-1.664,0.03423,0.0,12.322667905362803,44.27693249801405,SWOT_L2_HR_LakeSP_Obs_008_557_EU_20240103T041208_20240103T042037_PIC0_01.zip,lake,2024-01-03 04:12:41+00:00
214233R000121,2140010022;2140010012;2140008322,2024-01-03T04:12:41Z,no_data,-1.66,0.096008,0.0,12.32705671975549,44.26708929331133,SWOT_L2_HR_LakeSP_Obs_008_557_EU_20240103T041208_20240103T042037_PIC0_01.zip,lake,2024-01-03 04:12:41+00:00
214233R000100,2140006852,2024-01-03T04:12:41Z,no_data,-0.481,0.021816,0.0,12.308726857177273,44.26041243867634,SWOT_L2_HR_LakeSP_Obs_008_557_EU_20240103T041208_20240103T042037_PIC0_01.zip,lake,2024-01-03 04:12:41+00:00
214233R000086,2140007092;2140006122;2140006862;2140010062;2140006102;2140006542,2024-01-03T04:12:41Z,no_data,-0.521,3.307217,0.0,12.319529040630762,44.26376712639245,SWOT_L2_HR_LakeSP_Obs_008_557_EU_20240103T041208_20240103T042037_PIC0_01.zip,lake,2024-01-03 04:12:41+00:00
214233R000072,2140006132;2140010082,2024-01-03T04:12:41Z,no_data,-0.58,0.284863,0.0,12.321100735681235,44.244983432498515,SWOT_L2_HR_LakeSP_Obs_008_557_EU_20240103T041208_20240103T042037_PIC0_01.zip,lake,2024-01-03 04:12:41+00:00
214233R000064,2140010112,2024-01-03T04:12:41Z,no_data,-0.631,0.332721,0.0,12.326551600838226,44.239580696940436,SWOT_L2_HR_LakeSP_Obs_008_557_EU_20240103T041208_20240103T042037_PIC0_01.zip,lake,2024-01-03 04:12:41+00:00
214233R000063,2140010102;2140010092;2140010112;2140010122;2140010072,2024-01-03T04:12:41Z,no_data,-0.695,2.183888,0.0,12.33359589248019,44.23761934529237,SWOT_L2_HR_LakeSP_Obs_008_557_EU_20240103T041208_20240103T042037_PIC0_01.zip,lake,2024-01-03 04:12:41+00:00
214233R000076,2140006132,2024-01-03T04:12:41Z,no_data,-0.353,0.176164,0.0,12.326854823529725,44.2452854371304,SWOT_L2_HR_LakeSP_Obs_008_557_EU_20240103T041208_20240103T042037_PIC0_01.zip,lake,2024-01-03 04:12:41+00:00
214233R000319,2140009082;2140009062;2140009042,2024-01-03T04:12:42Z,no_data,-0.139,0.989256,0.0,12.307969399923419,44.349072375150065,SWOT_L2_HR_LakeSP_Obs_008_557_EU_20240103T041208_20240103T042037_PIC0_01.zip,lake,2024-01-03 04:12:42+00:00
214233R000277,2140007052,2024-01-03T04:12:42Z,no_data,-2.032,0.01453,0.0,12.311397545672545,44.33005660688201,SWOT_L2_HR_LakeSP_Obs_008_557_EU_20240103T041208_20240103T042037_PIC0_01.zip,lake,2024-01-03 04:12:42+00:00
214233R000246,2140006802;2140006792;2140007042;2140009992,2024-01-03T04:12:42Z,LAGO DELLE GHIARINE,-3.995,1.651408,0.0,12.25031242292279,44.340472464635866,SWOT_L2_HR_LakeSP_Obs_008_557_EU_20240103T041208_20240103T042037_PIC0_01.zip,lake,2024-01-03 04:12:42+00:00
214233R000243,2140007062,2024-01-03T04:12:42Z,no_data,-0.955,0.030917,0.0,12.315442173837006,44.31724730423642,SWOT_L2_HR_LakeSP_Obs_008_557_EU_20240103T041208_20240103T042037_PIC0_01.zip,lake,2024-01-03 04:12:42+00:00
214233R000463,2140006012,2024-01-03T04:12:43Z,no_data,-1.086,0.026913,0.0,12.25406159297848,44.402431274645416,SWOT_L2_HR_LakeSP_Obs_008_557_EU_20240103T041208_20240103T042037_PIC0_01.zip,lake,2024-01-03 04:12:43+00:00
214233R000484,2140007022,2024-01-03T04:12:43Z,no_data,-2.291,0.028463,1.0,12.247469868842686,44.41382301945315,SWOT_L2_HR_LakeSP_Obs_008_557_EU_20240103T041208_20240103T042037_PIC0_01.zip,lake,2024-01-03 04:12:43+00:00
214233R000458,2140006042,2024-01-03T04:12:43Z,no_data,-0.176,0.025107,0.0,12.316386304862117,44.38978439534907,SWOT_L2_HR_LakeSP_Obs_008_557_EU_20240103T041208_20240103T042037_PIC0_01.zip,lake,2024-01-03 04:12:43+00:00
214233R000347,2140006502,2024-01-03T04:12:43Z,no_data,-2.455,0.073659,0.0,12.24143908158702,44.371486664925705,SWOT_L2_HR_LakeSP_Obs_008_557_EU_20240103T041208_20240103T042037_PIC0_01.zip,lake,2024-01-03 04:12:43+00:00
214233R000459,2140006022,2024-01-03T04:12:43Z,TRE LAGHI,-0.894,0.065956,0.0,12.25938566616724,44.400675513785295,SWOT_L2_HR_LakeSP_Obs_008_557_EU_20240103T041208_20240103T042037_PIC0_01.zip,lake,2024-01-03 04:12:43+00:00
214233R000500,2140009572;2140009562,2024-01-03T04:12:44Z,no_data,-2.534,0.576429,0.0,12.278167897445716,44.42372281000526,SWOT_L2_HR_LakeSP_Obs_008_557_EU_20240103T041208_20240103T042037_PIC0_01.zip,lake,2024-01-03 04:12:44+00:00
214233R000550,2140005992,2024-01-03T04:12:44Z,no_data,-2.096,0.043506,0.0,12.289082983974849,44.43203018585656,SWOT_L2_HR_LakeSP_Obs_008_557_EU_20240103T041208_20240103T042037_PIC0_01.zip,lake,2024-01-03 04:12:44+00:00
214233L000622,2140007932;2140009282,2024-01-03T04:12:45Z,no_data,10.012,0.138496,0.0,11.456417798523397,44.66710813019479,SWOT_L2_HR_LakeSP_Obs_008_557_EU_20240103T041208_20240103T042037_PIC0_01.zip,lake,2024-01-03 04:12:45+00:00
214233L000620,2140008632,2024-01-03T04:12:45Z,no_data,10.252,0.035811,0.0,11.446645615289864,44.66502775690158,SWOT_L2_HR_LakeSP_Obs_008_557_EU_20240103T041208_20240103T042037_PIC0_01.zip,lake,2024-01-03 04:12:45+00:00
214233L000617,2140009792,2024-01-03T04:12:45Z,no_data,10.022,0.026722,0.0,11.450779148596,44.66391015187805,SWOT_L2_HR_LakeSP_Obs_008_557_EU_20240103T041208_20240103T042037_PIC0_01.zip,lake,2024-01-03 04:12:45+00:00
214233L000615,2140007942,2024-01-03T04:12:45Z,no_data,10.219,0.023623,0.0,11.441869674977635,44.66381865462456,SWOT_L2_HR_LakeSP_Obs_008_557_EU_20240103T041208_20240103T042037_PIC0_01.zip,lake,2024-01-03 04:12:45+00:00
214233L000613,2140009802,2024-01-03T04:12:45Z,no_data,10.344,0.051294,0.0,11.446664849992832,44.663007840676904,SWOT_L2_HR_LakeSP_Obs_008_557_EU_20240103T041208_20240103T042037_PIC0_01.zip,lake,2024-01-03 04:12:45+00:00
214233R000601,2140009532;2140009512;2140008942,2024-01-03T04:12:45Z,CHIARA DEL PARADISO,-0.026,9.697043,0.0,12.247314820563755,44.485953537369625,SWOT_L2_HR_LakeSP_Obs_008_557_EU_20240103T041208_20240103T042037_PIC0_01.zip,lake,2024-01-03 04:12:45+00:00
214233L000655,2140009772;2140009762,2024-01-03T04:12:45Z,no_data,7.761,0.128996,0.0,11.457346080371707,44.68593282535882,SWOT_L2_HR_LakeSP_Obs_008_557_EU_20240103T041208_20240103T042037_PIC0_01.zip,lake,2024-01-03 04:12:45+00:00
214233R000766,2140008452,2024-01-03T04:12:46Z,no_data,-1.278,0.030738,0.0,12.261507042171989,44.563677978882424,SWOT_L2_HR_LakeSP_Obs_008_557_EU_20240103T041208_20240103T042037_PIC0_01.zip,lake,2024-01-03 04:12:46+00:00
214233R000787,2140005922;2140005942,2024-01-03T04:12:46Z,no_data,-1.013,0.292669,0.0,12.26018624023527,44.588503042359406,SWOT_L2_HR_LakeSP_Obs_008_557_EU_20240103T041208_20240103T042037_PIC0_01.zip,lake,2024-01-03 04:12:46+00:00
214233R000789,2140006342,2024-01-03T04:12:46Z,no_data,-1.598,0.028487,0.0,12.267439055114702,44.593394059877184,SWOT_L2_HR_LakeSP_Obs_008_557_EU_20240103T041208_20240103T042037_PIC0_01.zip,lake,2024-01-03 04:12:46+00:00
214233L000746,2140002292,2024-01-03T04:12:46Z,no_data,13.03,0.021407,0.0,11.225514432784717,44.77166166865969,SWOT_L2_HR_LakeSP_Obs_008_557_EU_20240103T041208_20240103T042037_PIC0_01.zip,lake,2024-01-03 04:12:46+00:00
214233L000753,2140009712,2024-01-03T04:12:46Z,no_data,9.763,0.037693,0.0,11.399089177490652,44.74533968100367,SWOT_L2_HR_LakeSP_Obs_008_557_EU_20240103T041208_20240103T042037_PIC0_01.zip,lake,2024-01-03 04:12:46+00:00
214233L000754,2140002562,2024-01-03T04:12:46Z,no_data,13.146,0.012416,0.0,11.22035467490883,44.777845437920206,SWOT_L2_HR_LakeSP_Obs_008_557_EU_20240103T041208_20240103T042037_PIC0_01.zip,lake,2024-01-03 04:12:46+00:00
214233R000736,2140009342;2140005882,2024-01-03T04:12:46Z,no_data,-2.346,0.166546,0.0,11.983000022440542,44.60321441073167,SWOT_L2_HR_LakeSP_Obs_008_557_EU_20240103T041208_20240103T042037_PIC0_01.zip,lake,2024-01-03 04:12:46+00:00
214233R000807,2140008622;2140006962;2140006972;2140006982;2140008642,2024-01-03T04:12:47Z,no_data,-0.246,0.367459,0.0,12.24089500827936,44.64524498921212,SWOT_L2_HR_LakeSP_Obs_008_557_EU_20240103T041208_20240103T042037_PIC0_01.zip,lake,2024-01-03 04:12:47+00:00
214233R000802,2140006642,2024-01-03T04:12:47Z,no_data,0.088,0.142459,0.0,12.26346609523494,44.62972990664871,SWOT_L2_HR_LakeSP_Obs_008_557_EU_20240103T041208_20240103T042037_PIC0_01.zip,lake,2024-01-03 04:12:47+00:00
214233R000790,2140008702;2140006342;2140005892,2024-01-03T04:12:47Z,no_data,-0.296,2.275299,0.0,12.258471887375098,44.61107553738012,SWOT_L2_HR_LakeSP_Obs_008_557_EU_20240103T041208_20240103T042037_PIC0_01.zip,lake,2024-01-03 04:12:47+00:00
214233R000811,2140009782,2024-01-03T04:12:47Z,no_data,0.371,0.046868,1.0,12.238215977883435,44.65155326843859,SWOT_L2_HR_LakeSP_Obs_008_557_EU_20240103T041208_20240103T042037_PIC0_01.zip,lake,2024-01-03 04:12:47+00:00
214233R000799,2140009322;2140005872;2140008652,2024-01-03T04:12:47Z,no_data,-0.198,1.098726,0.0,12.250113036676286,44.63052685724668,SWOT_L2_HR_LakeSP_Obs_008_557_EU_20240103T041208_20240103T042037_PIC0_01.zip,lake,2024-01-03 04:12:47+00:00
214233R000842,2140006592;2140008582;2140006622,2024-01-03T04:12:48Z,OASI NATURALE VASCHE DI OSTELLATO,-0.481,3.15255,0.0,12.03731592684788,44.72930381418686,SWOT_L2_HR_LakeSP_Obs_008_557_EU_20240103T041208_20240103T042037_PIC0_01.zip,lake,2024-01-03 04:12:48+00:00
214233L000935,2140003792,2024-01-03T04:12:48Z,no_data,7.571,0.022358,0.0,11.42992594088027,44.8545625606604,SWOT_L2_HR_LakeSP_Obs_008_557_EU_20240103T041208_20240103T042037_PIC0_01.zip,lake,2024-01-03 04:12:48+00:00
214233L000915,2140003832,2024-01-03T04:12:48Z,no_data,7.693,0.056664,0.0,11.260075067292746,44.87894482974254,SWOT_L2_HR_LakeSP_Obs_008_557_EU_20240103T041208_20240103T042037_PIC0_01.zip,lake,2024-01-03 04:12:48+00:00
214233R000824,2140009752;2140009732,2024-01-03T04:12:48Z,no_data,-0.001,0.139456,0.0,12.219052267295943,44.67369201728207,SWOT_L2_HR_LakeSP_Obs_008_557_EU_20240103T041208_20240103T042037_PIC0_01.zip,lake,2024-01-03 04:12:48+00:00
214233R000941,2140010262;2140010222,2024-01-03T04:12:49Z,VALLE BERTUZZI,1.405,0.040139,0.0,12.219483394325845,44.77567807335929,SWOT_L2_HR_LakeSP_Obs_008_557_EU_20240103T041208_20240103T042037_PIC0_01.zip,lake,2024-01-03 04:12:49+00:00
214233R000979,2140010252,2024-01-03T04:12:50Z,VALLE BERTUZZI,-1.434,0.063278,0.0,12.238352698780947,44.802541414134986,SWOT_L2_HR_LakeSP_Obs_008_557_EU_20240103T041208_20240103T042037_PIC0_01.zip,lake,2024-01-03 04:12:50+00:00
214233R000969,2140010582,2024-01-03T04:12:50Z,VALLE BERTUZZI,-0.226,0.06485,0.0,12.258691414383009,44.79345217697565,SWOT_L2_HR_LakeSP_Obs_008_557_EU_20240103T041208_20240103T042037_PIC0_01.zip,lake,2024-01-03 04:12:50+00:00
214233L001092,2140003732;2140003592,2024-01-03T04:12:50Z,no_data,0.978,0.057894,0.0,11.724053946341776,44.913751008645576,SWOT_L2_HR_LakeSP_Obs_008_557_EU_20240103T041208_20240103T042037_PIC0_01.zip,lake,2024-01-03 04:12:50+00:00
214233R000935,2140010402;2140010352;2140010372;2140010432;2140010222,2024-01-03T04:12:50Z,VALLE BERTUZZI,-1.253,14.429901,0.0,12.219574636197413,44.788488977988756,SWOT_L2_HR_LakeSP_Obs_008_557_EU_20240103T041208_20240103T042037_PIC0_01.zip,lake,2024-01-03 04:12:50+00:00
214234R000036,2140010302;2140010312,2024-01-03T04:12:51Z,no_data,-0.387,0.061592,1.0,12.178585027244303,44.86026841869851,SWOT_L2_HR_LakeSP_Obs_008_557_EU_20240103T041208_20240103T042037_PIC0_01.zip,lake,2024-01-03 04:12:51+00:00
214234R000033,2140010232;2140010452;2140010322,2024-01-03T04:12:51Z,no_data,-2.207,0.157321,0.0,12.17378864976902,44.85837489676243,SWOT_L2_HR_LakeSP_Obs_008_557_EU_20240103T041208_20240103T042037_PIC0_01.zip,lake,2024-01-03 04:12:51+00:00
214234R000136,2140003672;2140003682,2024-01-03T04:12:52Z,no_data,-1.556,0.242311,0.0,12.387089153378346,44.875927103565026,SWOT_L2_HR_LakeSP_Obs_008_557_EU_20240103T041208_20240103T042037_PIC0_01.zip,lake,2024-01-03 04:12:52+00:00
214234R000225,2140003812,2024-01-03T04:12:53Z,no_data,0.039,0.038641,0.0,12.297732484175851,44.9562098957019,SWOT_L2_HR_LakeSP_Obs_008_557_EU_20240103T041208_20240103T042037_PIC0_01.zip,lake,2024-01-03 04:12:53+00:00
214075R000602,2140018712,2024-01-11T13:16:25Z,no_data,17.909,0.016896,0.0,10.600389303638844,45.06947538706206,SWOT_L2_HR_LakeSP_Obs_009_208_EU_20240111T131348_20240111T131846_PIC0_01.zip,lake,2024-01-11 13:16:25+00:00
214075R000869,2140002182;2140002492;2140001692,2024-01-11T13:16:27Z,no_data,13.913,0.187749,0.0,10.795471840447469,44.952762078226996,SWOT_L2_HR_LakeSP_Obs_009_208_EU_20240111T131348_20240111T131846_PIC0_01.zip,lake,2024-01-11 13:16:27+00:00
214075R000820,2140001902,2024-01-11T13:16:27Z,no_data,13.915,0.10614,0.0,10.821623563667927,44.98614344328957,SWOT_L2_HR_LakeSP_Obs_009_208_EU_20240111T131348_20240111T131846_PIC0_01.zip,lake,2024-01-11 13:16:27+00:00
214075R000902,2140001682,2024-01-11T13:16:28Z,no_data,10.109,0.079853,0.0,11.064436920505301,44.984543986846944,SWOT_L2_HR_LakeSP_Obs_009_208_EU_20240111T131348_20240111T131846_PIC0_01.zip,lake,2024-01-11 13:16:28+00:00
214075R000966,2140001572;2140001912;2140001702;2140001592,2024-01-11T13:16:28Z,no_data,10.685,0.427919,0.0,11.042390667033748,44.94385881585451,SWOT_L2_HR_LakeSP_Obs_009_208_EU_20240111T131348_20240111T131846_PIC0_01.zip,lake,2024-01-11 13:16:28+00:00
214075L001055,2140023112;2140023122,2024-01-11T13:16:28Z,no_data,2.812,0.09058,0.0,11.538653855797016,45.06198682620837,SWOT_L2_HR_LakeSP_Obs_009_208_EU_20240111T131348_20240111T131846_PIC0_01.zip,lake,2024-01-11 13:16:28+00:00
214075R001012,2140001962,2024-01-11T13:16:29Z,no_data,17.779,0.012037,0.0,10.765720035281745,44.86588845661106,SWOT_L2_HR_LakeSP_Obs_009_208_EU_20240111T131348_20240111T131846_PIC0_01.zip,lake,2024-01-11 13:16:29+00:00
214076L000123,2140003742;2140003612,2024-01-11T13:16:31Z,no_data,7.018,0.378146,0.0,11.598508291185066,44.879674941822,SWOT_L2_HR_LakeSP_Obs_009_208_EU_20240111T131348_20240111T131846_PIC0_01.zip,lake,2024-01-11 13:16:31+00:00
214076R000214,2140000842;2140000772;2140000832;2140000632;2140000642;2140000362;2140000342;2140000352,2024-01-11T13:16:32Z,no_data,38.199,0.495126,0.0,10.830513027740766,44.66659665632212,SWOT_L2_HR_LakeSP_Obs_009_208_EU_20240111T131348_20240111T131846_PIC0_01.zip,lake,2024-01-11 13:16:32+00:00
214076R000373,2140000072,2024-01-11T13:16:33Z,no_data,31.342,0.041242,0.0,10.97502514196579,44.619650311898916,SWOT_L2_HR_LakeSP_Obs_009_208_EU_20240111T131348_20240111T131846_PIC0_01.zip,lake,2024-01-11 13:16:33+00:00
214076R000369,2140000422;2140000132,2024-01-11T13:16:33Z,no_data,25.569,0.079254,0.0,11.004732122928285,44.6250975957665,SWOT_L2_HR_LakeSP_Obs_009_208_EU_20240111T131348_20240111T131846_PIC0_01.zip,lake,2024-01-11 13:16:33+00:00
214076R000293,2140000762,2024-01-11T13:16:33Z,no_data,14.415,0.013183,1.0,11.198898221821738,44.704123823295994,SWOT_L2_HR_LakeSP_Obs_009_208_EU_20240111T131348_20240111T131846_PIC0_01.zip,lake,2024-01-11 13:16:33+00:00
214076L000452,2140010602,2024-01-11T13:16:33Z,no_data,-2.895,0.046986,0.0,11.9551627164194,44.79421564819701,SWOT_L2_HR_LakeSP_Obs_009_208_EU_20240111T131348_20240111T131846_PIC0_01.zip,lake,2024-01-11 13:16:33+00:00
214076R000382,2140000862,2024-01-11T13:16:33Z,no_data,32.811,0.032684,0.0,10.983945236816337,44.616992357234736,SWOT_L2_HR_LakeSP_Obs_009_208_EU_20240111T131348_20240111T131846_PIC0_01.zip,lake,2024-01-11 13:16:33+00:00
214076R000447,2140000572,2024-01-11T13:16:34Z,no_data,35.16,0.027335,0.0,10.995128674674234,44.586449943163856,SWOT_L2_HR_LakeSP_Obs_009_208_EU_20240111T131348_20240111T131846_PIC0_01.zip,lake,2024-01-11 13:16:34+00:00
214076R000451,2140000472;2140000462;2140000452,2024-01-11T13:16:34Z,no_data,33.575,0.032073,0.0,10.988572417739217,44.5855590621061,SWOT_L2_HR_LakeSP_Obs_009_208_EU_20240111T131348_20240111T131846_PIC0_01.zip,lake,2024-01-11 13:16:34+00:00
214076R000408,2140000052,2024-01-11T13:16:34Z,no_data,24.648,0.012136,1.0,11.12018808496563,44.63163060238491,SWOT_L2_HR_LakeSP_Obs_009_208_EU_20240111T131348_20240111T131846_PIC0_01.zip,lake,2024-01-11 13:16:34+00:00
214076L000451,2140010552,2024-01-11T13:16:34Z,no_data,-1.782,0.097284,0.0,11.955059258594119,44.79147643490221,SWOT_L2_HR_LakeSP_Obs_009_208_EU_20240111T131348_20240111T131846_PIC0_01.zip,lake,2024-01-11 13:16:34+00:00
214076L000547,2140006612;2140006602,2024-01-11T13:16:34Z,no_data,-0.546,0.091636,0.0,11.948958798185583,44.73993055846675,SWOT_L2_HR_LakeSP_Obs_009_208_EU_20240111T131348_20240111T131846_PIC0_01.zip,lake,2024-01-11 13:16:34+00:00
214076L000617,2140009812;2140008022;2140008042;2140008032,2024-01-11T13:16:35Z,no_data,6.866,0.335459,1.0,11.554455546066578,44.633233288662275,SWOT_L2_HR_LakeSP_Obs_009_208_EU_20240111T131348_20240111T131846_PIC0_01.zip,lake,2024-01-11 13:16:35+00:00
214076L000549,2140006622;2140008582;2140006592,2024-01-11T13:16:35Z,OASI NATURALE VASCHE DI OSTELLATO,-0.624,2.727248,0.0,12.043938836860809,44.726623053902316,SWOT_L2_HR_LakeSP_Obs_009_208_EU_20240111T131348_20240111T131846_PIC0_01.zip,lake,2024-01-11 13:16:35+00:00
214076L000806,2140007902,2024-01-11T13:16:36Z,no_data,-2.181,0.11696,0.0,12.114347464668725,44.65558281062898,SWOT_L2_HR_LakeSP_Obs_009_208_EU_20240111T131348_20240111T131846_PIC0_01.zip,lake,2024-01-11 13:16:36+00:00
214076L000783,2140008732;2140008092;2140006662;2140008742;2140009392,2024-01-11T13:16:36Z,CASSA BASSARONE,4.151,4.704169,0.0,11.83063569362915,44.598309083117684,SWOT_L2_HR_LakeSP_Obs_009_208_EU_20240111T131348_20240111T131846_PIC0_01.zip,lake,2024-01-11 13:16:36+00:00
214076L000962,2140009932;2140009492;2140008882;2140009472,2024-01-11T13:16:37Z,TENUTA BENTIVOGLIO,7.577,0.392411,0.0,11.695204785299403,44.523497423500416,SWOT_L2_HR_LakeSP_Obs_009_208_EU_20240111T131348_20240111T131846_PIC0_01.zip,lake,2024-01-11 13:16:37+00:00
214076L000950,2140008872;2140008472;2140008892,2024-01-11T13:16:37Z,OASI NATURALE DEL QUADRONE,6.388,0.873849,0.0,11.701658350085463,44.52639645404014,SWOT_L2_HR_LakeSP_Obs_009_208_EU_20240111T131348_20240111T131846_PIC0_01.zip,lake,2024-01-11 13:16:37+00:00
214076L000922,2140009912;2140008142,2024-01-11T13:16:37Z,no_data,5.786,0.359338,0.0,11.722969921589957,44.54379413052753,SWOT_L2_HR_LakeSP_Obs_009_208_EU_20240111T131348_20240111T131846_PIC0_01.zip,lake,2024-01-11 13:16:37+00:00
214076L001076,2140006402;2140006392,2024-01-11T13:16:38Z,no_data,-0.944,0.037062,0.0,12.109140449849296,44.563233265816805,SWOT_L2_HR_LakeSP_Obs_009_208_EU_20240111T131348_20240111T131846_PIC0_01.zip,lake,2024-01-11 13:16:38+00:00
214076L001062,2140006382,2024-01-11T13:16:38Z,VALLI DI COMACCHIO,-0.16,0.050395,0.0,12.148201599807706,44.57327059621538,SWOT_L2_HR_LakeSP_Obs_009_208_EU_20240111T131348_20240111T131846_PIC0_01.zip,lake,2024-01-11 13:16:38+00:00
214076L001103,2140008962,2024-01-11T13:16:38Z,no_data,20.818,0.01794,1.0,11.654273818326969,44.471692230173915,SWOT_L2_HR_LakeSP_Obs_009_208_EU_20240111T131348_20240111T131846_PIC0_01.zip,lake,2024-01-11 13:16:38+00:00
214076L001082,2140008832;2140009872,2024-01-11T13:16:38Z,no_data,-1.583,0.091605,0.0,12.116992473522725,44.56366983835497,SWOT_L2_HR_LakeSP_Obs_009_208_EU_20240111T131348_20240111T131846_PIC0_01.zip,lake,2024-01-11 13:16:38+00:00
214076L001199,2140009942;2140008232;2140009952;2140008242,2024-01-11T13:16:39Z,no_data,5.187,0.272898,0.0,11.802448185138044,44.45863436059662,SWOT_L2_HR_LakeSP_Obs_009_208_EU_20240111T131348_20240111T131846_PIC0_01.zip,lake,2024-01-11 13:16:39+00:00
214077L000083,2140006032,2024-01-11T13:16:40Z,no_data,13.192,0.027051,0.0,11.928498887067715,44.3828307570351,SWOT_L2_HR_LakeSP_Obs_009_208_EU_20240111T131348_20240111T131846_PIC0_01.zip,lake,2024-01-11 13:16:40+00:00
214077L000103,2140009622,2024-01-11T13:16:40Z,no_data,11.652,0.036469,0.0,11.923125543952366,44.3774913741032,SWOT_L2_HR_LakeSP_Obs_009_208_EU_20240111T131348_20240111T131846_PIC0_01.zip,lake,2024-01-11 13:16:40+00:00
214077L000084,2140006782,2024-01-11T13:16:40Z,no_data,14.478,0.028919,0.0,11.925340503298758,44.38172533392648,SWOT_L2_HR_LakeSP_Obs_009_208_EU_20240111T131348_20240111T131846_PIC0_01.zip,lake,2024-01-11 13:16:40+00:00
214077L000060,2140006002,2024-01-11T13:16:40Z,no_data,2.34,0.023805,0.0,11.997611266824416,44.402263257990185,SWOT_L2_HR_LakeSP_Obs_009_208_EU_20240111T131348_20240111T131846_PIC0_01.zip,lake,2024-01-11 13:16:40+00:00
214077L000299,2140009962,2024-01-11T13:16:41Z,no_data,-1.99,0.058804,0.0,12.206928555780442,44.36435238404236,SWOT_L2_HR_LakeSP_Obs_009_208_EU_20240111T131348_20240111T131846_PIC0_01.zip,lake,2024-01-11 13:16:41+00:00
214077L000310,2140006072,2024-01-11T13:16:42Z,no_data,-0.965,0.024817,0.0,12.205983299430457,44.36159616838414,SWOT_L2_HR_LakeSP_Obs_009_208_EU_20240111T131348_20240111T131846_PIC0_01.zip,lake,2024-01-11 13:16:42+00:00
214077L000364,2140006802;2140007042;2140006792,2024-01-11T13:16:42Z,LAGO DELLE GHIARINE,-3.652,0.444008,0.0,12.240637719182633,44.34902934037301,SWOT_L2_HR_LakeSP_Obs_009_208_EU_20240111T131348_20240111T131846_PIC0_01.zip,lake,2024-01-11 13:16:42+00:00
215077R000141,2150005162,2024-01-11T13:16:45Z,no_data,266.235,0.057481,0.0,11.29688274316113,43.99565723642941,SWOT_L2_HR_LakeSP_Obs_009_208_EU_20240111T131348_20240111T131846_PIC0_01.zip,lake,2024-01-11 13:16:45+00:00
215077R000176,2150005792,2024-01-11T13:16:45Z,no_data,239.936,0.041895,0.0,11.296335994430484,43.981808162553634,SWOT_L2_HR_LakeSP_Obs_009_208_EU_20240111T131348_20240111T131846_PIC0_01.zip,lake,2024-01-11 13:16:45+00:00
214077L000754,2140006882,2024-01-11T13:16:46Z,no_data,257.328,0.057993,0.0,11.894446649414721,44.024875951662494,SWOT_L2_HR_LakeSP_Obs_009_208_EU_20240111T131348_20240111T131846_PIC0_01.zip,lake,2024-01-11 13:16:46+00:00
215077R000328,2150000062,2024-01-11T13:16:46Z,no_data,58.005,0.021975,0.0,10.942951624130266,43.86035787011333,SWOT_L2_HR_LakeSP_Obs_009_208_EU_20240111T131348_20240111T131846_PIC0_01.zip,lake,2024-01-11 13:16:46+00:00
215077R000320,2150000182,2024-01-11T13:16:46Z,no_data,56.166,0.014406,0.0,10.934194562868651,43.86175512736066,SWOT_L2_HR_LakeSP_Obs_009_208_EU_20240111T131348_20240111T131846_PIC0_01.zip,lake,2024-01-11 13:16:46+00:00
215077R000276,2150000052,2024-01-11T13:16:46Z,no_data,39.646,0.016598,0.0,10.999888453787547,43.89054373037044,SWOT_L2_HR_LakeSP_Obs_009_208_EU_20240111T131348_20240111T131846_PIC0_01.zip,lake,2024-01-11 13:16:46+00:00
215077R000505,2150000212,2024-01-11T13:16:47Z,no_data,32.976,0.102696,0.0,11.097746085787561,43.80153813725268,SWOT_L2_HR_LakeSP_Obs_009_208_EU_20240111T131348_20240111T131846_PIC0_01.zip,lake,2024-01-11 13:16:47+00:00
215077R000502,2150000972,2024-01-11T13:16:47Z,no_data,33.123,0.026578,0.0,11.102019255662759,43.803157416434786,SWOT_L2_HR_LakeSP_Obs_009_208_EU_20240111T131348_20240111T131846_PIC0_01.zip,lake,2024-01-11 13:16:47+00:00
215077R000486,2150000112;2150000732,2024-01-11T13:16:47Z,LAGO CALVANA,34.762,0.217232,0.0,11.157006764070267,43.820339439374706,SWOT_L2_HR_LakeSP_Obs_009_208_EU_20240111T131348_20240111T131846_PIC0_01.zip,lake,2024-01-11 13:16:47+00:00
215077R000456,2150000162;2150000072;2150000352,2024-01-11T13:16:47Z,no_data,33.627,0.25147,0.0,11.070034310779139,43.81878364540184,SWOT_L2_HR_LakeSP_Obs_009_208_EU_20240111T131348_20240111T131846_PIC0_01.zip,lake,2024-01-11 13:16:47+00:00
215077R000564,2150001292,2024-01-11T13:16:48Z,no_data,29.582,0.016614,0.0,11.141905690968258,43.789551065312196,SWOT_L2_HR_LakeSP_Obs_009_208_EU_20240111T131348_20240111T131846_PIC0_01.zip,lake,2024-01-11 13:16:48+00:00
215077R000518,2150000222,2024-01-11T13:16:48Z,no_data,34.441,0.013109,0.0,11.09708015130259,43.79596033369088,SWOT_L2_HR_LakeSP_Obs_009_208_EU_20240111T131348_20240111T131846_PIC0_01.zip,lake,2024-01-11 13:16:48+00:00
215077R000722,2150000412,2024-01-11T13:16:49Z,no_data,52.554,0.054761,1.0,11.067082350016904,43.701191174432616,SWOT_L2_HR_LakeSP_Obs_009_208_EU_20240111T131348_20240111T131846_PIC0_01.zip,lake,2024-01-11 13:16:49+00:00
215232R000161,2150001952,2024-01-14T02:35:19Z,LAGO DI MASSACIUCCOLI;OASI LIPU;PADULE DI ANGHETTO,-14.097,0.046803,1.0,10.340009301445583,43.828211691107455,SWOT_L2_HR_LakeSP_Obs_009_279_EU_20240114T023350_20240114T024332_PIC0_01.zip,lake,2024-01-14 02:35:19+00:00
215232L000305,2150000172,2024-01-14T02:35:26Z,no_data,1166.597,0.032183,1.0,10.21662659650531,44.29865388060021,SWOT_L2_HR_LakeSP_Obs_009_279_EU_20240114T023350_20240114T024332_PIC0_01.zip,lake,2024-01-14 02:35:26+00:00
214232L000308,2140000682,2024-01-14T02:35:26Z,LAGO PRANDA,1272.58,0.035167,1.0,10.241799456563625,44.30440619613566,SWOT_L2_HR_LakeSP_Obs_009_279_EU_20240114T023350_20240114T024332_PIC0_01.zip,lake,2024-01-14 02:35:26+00:00
214233R000552,2140000522;2140000702,2024-01-14T02:35:34Z,no_data,38.795,0.072956,1.0,10.811859083370766,44.670927360658155,SWOT_L2_HR_LakeSP_Obs_009_279_EU_20240114T023350_20240114T024332_PIC0_01.zip,lake,2024-01-14 02:35:34+00:00
214233R000549,2140000842,2024-01-14T02:35:34Z,no_data,38.528,0.078157,1.0,10.832911067509432,44.66716141957669,SWOT_L2_HR_LakeSP_Obs_009_279_EU_20240114T023350_20240114T024332_PIC0_01.zip,lake,2024-01-14 02:35:34+00:00
214233R000489,2140000872;2140000882;2140000082,2024-01-14T02:35:34Z,no_data,30.446,0.109374,1.0,11.002662014278354,44.60343993500091,SWOT_L2_HR_LakeSP_Obs_009_279_EU_20240114T023350_20240114T024332_PIC0_01.zip,lake,2024-01-14 02:35:34+00:00
214233L000527,2140002672;2140002692;2140002682,2024-01-14T02:35:36Z,no_data,37.33,0.07707,1.0,10.236686177124081,44.8739822685431,SWOT_L2_HR_LakeSP_Obs_009_279_EU_20240114T023350_20240114T024332_PIC0_01.zip,lake,2024-01-14 02:35:36+00:00
214233L000651,2140002222,2024-01-14T02:35:37Z,no_data,30.046,0.075945,1.0,10.310673474278726,44.92978486743796,SWOT_L2_HR_LakeSP_Obs_009_279_EU_20240114T023350_20240114T024332_PIC0_01.zip,lake,2024-01-14 02:35:37+00:00
214233L000660,2140002032;2140002632;2140002392,2024-01-14T02:35:37Z,no_data,30.717,0.147457,1.0,10.312247504830065,44.92560168227108,SWOT_L2_HR_LakeSP_Obs_009_279_EU_20240114T023350_20240114T024332_PIC0_01.zip,lake,2024-01-14 02:35:37+00:00
214234R000216,2140001802;2140001752,2024-01-14T02:35:39Z,no_data,13.343,0.192114,1.0,10.855363983315492,44.96209515321036,SWOT_L2_HR_LakeSP_Obs_009_279_EU_20240114T023350_20240114T024332_PIC0_01.zip,lake,2024-01-14 02:35:39+00:00
214234R000404,2140018192,2024-01-14T02:35:41Z,no_data,7.569,0.054767,0.0,11.210762420603203,45.016268976663106,SWOT_L2_HR_LakeSP_Obs_009_279_EU_20240114T023350_20240114T024332_PIC0_01.zip,lake,2024-01-14 02:35:41+00:00
214234R000466,2140018212,2024-01-14T02:35:42Z,STAGNI,10.54,0.070902,0.0,11.08255712919384,45.07290540513284,SWOT_L2_HR_LakeSP_Obs_009_279_EU_20240114T023350_20240114T024332_PIC0_01.zip,lake,2024-01-14 02:35:42+00:00
214234R000476,2140018242,2024-01-14T02:35:42Z,no_data,6.41,0.04439,1.0,11.11025177641556,45.06983734104318,SWOT_L2_HR_LakeSP_Obs_009_279_EU_20240114T023350_20240114T024332_PIC0_01.zip,lake,2024-01-14 02:35:42+00:00
214234R000498,2140011052,2024-01-14T02:35:42Z,no_data,8.129,0.069626,1.0,11.134268470541747,45.08082294693368,SWOT_L2_HR_LakeSP_Obs_009_279_EU_20240114T023350_20240114T024332_PIC0_01.zip,lake,2024-01-14 02:35:42+00:00
214234R000501,2140010782,2024-01-14T02:35:42Z,no_data,9.609,0.030619,1.0,11.11984429414126,45.084506051161874,SWOT_L2_HR_LakeSP_Obs_009_279_EU_20240114T023350_20240114T024332_PIC0_01.zip,lake,2024-01-14 02:35:42+00:00
214234R000505,2140013862,2024-01-14T02:35:42Z,no_data,16.162,0.125036,1.0,10.91609274351099,45.12790215982989,SWOT_L2_HR_LakeSP_Obs_009_279_EU_20240114T023350_20240114T024332_PIC0_01.zip,lake,2024-01-14 02:35:42+00:00
214234R000510,2140020862;2140020922,2024-01-14T02:35:42Z,no_data,3.764,0.09583,1.0,11.416806767724935,45.035469520370896,SWOT_L2_HR_LakeSP_Obs_009_279_EU_20240114T023350_20240114T024332_PIC0_01.zip,lake,2024-01-14 02:35:42+00:00
214075R000536,2140010302;2140010452;2140010322;2140010312,2024-01-21T11:38:47Z,no_data,-2.563,0.276932,0.0,12.17754418618939,44.8621122671614,SWOT_L2_HR_LakeSP_Obs_009_486_EU_20240121T113607_20240121T114115_PIC0_01.zip,lake,2024-01-21 11:38:47+00:00
214075R000623,2140010562,2024-01-21T11:38:48Z,no_data,-1.322,0.012455,0.0,11.946963173215764,44.783740537934406,SWOT_L2_HR_LakeSP_Obs_009_486_EU_20240121T113607_20240121T114115_PIC0_01.zip,lake,2024-01-21 11:38:48+00:00
214075R000612,2140010612,2024-01-21T11:38:48Z,no_data,-2.757,0.02068,0.0,11.941439191029577,44.789004765977516,SWOT_L2_HR_LakeSP_Obs_009_486_EU_20240121T113607_20240121T114115_PIC0_01.zip,lake,2024-01-21 11:38:48+00:00
214075R000935,2140019462;2140018732,2024-01-22T11:39:15Z,LAGO DI CAVA,41.642,0.686754,0.0,9.771499022849921,45.05935864594386,SWOT_L2_HR_LakeSP_Obs_009_514_EU_20240122T113641_20240122T113957_PIC0_01.zip,lake,2024-01-22 11:39:15+00:00
214075R001027,2140002932,2024-01-22T11:39:16Z,no_data,99.721,0.010767,0.0,9.598710115490475,44.969696764602205,SWOT_L2_HR_LakeSP_Obs_009_514_EU_20240122T113641_20240122T113957_PIC0_01.zip,lake,2024-01-22 11:39:16+00:00
214075L001148,2140019152,2024-01-22T11:39:17Z,no_data,25.572,0.022253,1.0,10.188641067820175,45.03307983147123,SWOT_L2_HR_LakeSP_Obs_009_514_EU_20240122T113641_20240122T113957_PIC0_01.zip,lake,2024-01-22 11:39:17+00:00
214075L001202,2140018422,2024-01-22T11:39:18Z,no_data,24.08,0.033171,0.0,10.3346309571219,45.023981924219854,SWOT_L2_HR_LakeSP_Obs_009_514_EU_20240122T113641_20240122T113957_PIC0_01.zip,lake,2024-01-22 11:39:18+00:00
214075L001210,2140018712;2140018252,2024-01-22T11:39:18Z,no_data,18.254,0.045349,0.0,10.602856661784951,45.069999848786,SWOT_L2_HR_LakeSP_Obs_009_514_EU_20240122T113641_20240122T113957_PIC0_01.zip,lake,2024-01-22 11:39:18+00:00
214075L001247,2140002612;2140002122,2024-01-22T11:39:18Z,no_data,22.124,0.171746,0.0,10.357784983151156,44.996010161593475,SWOT_L2_HR_LakeSP_Obs_009_514_EU_20240122T113641_20240122T113957_PIC0_01.zip,lake,2024-01-22 11:39:18+00:00
214076L000009,2140002232;2140002392;2140002242;2140002222;2140002032;2140002022,2024-01-22T11:39:19Z,no_data,30.655,0.49162,0.0,10.308665611442231,44.92469981130243,SWOT_L2_HR_LakeSP_Obs_009_514_EU_20240122T113641_20240122T113957_PIC0_01.zip,lake,2024-01-22 11:39:19+00:00
214075L001336,2140002462;2140001542;2140002302,2024-01-22T11:39:19Z,no_data,16.071,0.175081,0.0,10.639313192132402,44.99881617510356,SWOT_L2_HR_LakeSP_Obs_009_514_EU_20240122T113641_20240122T113957_PIC0_01.zip,lake,2024-01-22 11:39:19+00:00
214076L000167,2140002182;2140001692;2140002492,2024-01-22T11:39:20Z,no_data,14.145,0.189106,0.0,10.795793662199921,44.95292493523739,SWOT_L2_HR_LakeSP_Obs_009_514_EU_20240122T113641_20240122T113957_PIC0_01.zip,lake,2024-01-22 11:39:20+00:00
214076L000033,2140002062;2140002422,2024-01-22T11:39:20Z,no_data,27.643,0.106516,0.0,10.30360321183333,44.91336008424541,SWOT_L2_HR_LakeSP_Obs_009_514_EU_20240122T113641_20240122T113957_PIC0_01.zip,lake,2024-01-22 11:39:20+00:00
214076L000207,2140002432,2024-01-22T11:39:21Z,no_data,17.237,0.14235,0.0,10.622919256420142,44.91115252009137,SWOT_L2_HR_LakeSP_Obs_009_514_EU_20240122T113641_20240122T113957_PIC0_01.zip,lake,2024-01-22 11:39:21+00:00
214076R000123,2140000892,2024-01-22T11:39:25Z,no_data,433.093,0.045533,0.0,9.697314349038434,44.48244287418434,SWOT_L2_HR_LakeSP_Obs_009_514_EU_20240122T113641_20240122T113957_PIC0_01.zip,lake,2024-01-22 11:39:25+00:00
214076L000707,2140000702;2140000512,2024-01-22T11:39:25Z,no_data,38.27,0.31181,0.0,10.819497967848674,44.66927528436352,SWOT_L2_HR_LakeSP_Obs_009_514_EU_20240122T113641_20240122T113957_PIC0_01.zip,lake,2024-01-22 11:39:25+00:00
214076L000714,2140000772;2140000842;2140000832;2140000632;2140000342;2140000362;2140000352;2140000642,2024-01-22T11:39:25Z,no_data,38.414,0.443479,0.0,10.830758060688105,44.66664428754541,SWOT_L2_HR_LakeSP_Obs_009_514_EU_20240122T113641_20240122T113957_PIC0_01.zip,lake,2024-01-22 11:39:25+00:00
214076L000825,2140000582;2140000792,2024-01-22T11:39:28Z,SECCHIA,160.22,0.649897,1.0,10.73182763879764,44.50135079855365,SWOT_L2_HR_LakeSP_Obs_009_514_EU_20240122T113641_20240122T113957_PIC0_01.zip,lake,2024-01-22 11:39:28+00:00
214076L000819,2140000282,2024-01-22T11:39:28Z,no_data,410.9,0.05369,0.0,10.5862950584326,44.47894614561483,SWOT_L2_HR_LakeSP_Obs_009_514_EU_20240122T113641_20240122T113957_PIC0_01.zip,lake,2024-01-22 11:39:28+00:00
214077L000024,2140000202,2024-01-22T11:39:31Z,LAGO DI FONTANALUCCIA,730.577,0.136629,0.0,10.510844569391962,44.27417399643609,SWOT_L2_HR_LakeSP_Obs_009_514_EU_20240122T113641_20240122T113957_PIC0_01.zip,lake,2024-01-22 11:39:31+00:00
215231L000500,2150000372,2024-01-24T00:57:35Z,no_data,32.943,0.019271,0.0,11.08384346449932,43.80031402810805,SWOT_L2_HR_LakeSP_Obs_009_557_EU_20240124T005714_20240124T010543_PIC0_01.zip,lake,2024-01-24 00:57:35+00:00
214233R000032,2140010112;2140010092;2140010122,2024-01-24T00:57:46Z,no_data,-0.71,1.994005,1.0,12.344855044887552,44.24306221211039,SWOT_L2_HR_LakeSP_Obs_009_557_EU_20240124T005714_20240124T010543_PIC0_01.zip,lake,2024-01-24 00:57:46+00:00
214233R000075,2140006822,2024-01-24T00:57:47Z,no_data,2.097,0.038642,1.0,12.301391766735183,44.290581440291064,SWOT_L2_HR_LakeSP_Obs_009_557_EU_20240124T005714_20240124T010543_PIC0_01.zip,lake,2024-01-24 00:57:47+00:00
214233R000030,2140006542;2140006862;2140007092;2140006102;2140006132;2140006122,2024-01-24T00:57:47Z,no_data,-0.999,3.326501,1.0,12.31874754865915,44.25670379512795,SWOT_L2_HR_LakeSP_Obs_009_557_EU_20240124T005714_20240124T010543_PIC0_01.zip,lake,2024-01-24 00:57:47+00:00
214233R000196,2140006052,2024-01-24T00:57:48Z,no_data,-0.073,0.053949,0.0,12.266086271198045,44.3844891252493,SWOT_L2_HR_LakeSP_Obs_009_557_EU_20240124T005714_20240124T010543_PIC0_01.zip,lake,2024-01-24 00:57:48+00:00
214233R000192,2140006492,2024-01-24T00:57:48Z,no_data,-1.717,0.151695,0.0,12.26937410095813,44.382177699265846,SWOT_L2_HR_LakeSP_Obs_009_557_EU_20240124T005714_20240124T010543_PIC0_01.zip,lake,2024-01-24 00:57:48+00:00
214233R000158,2140009042;2140009082,2024-01-24T00:57:48Z,no_data,0.517,0.78672,1.0,12.307589856155754,44.3489865262286,SWOT_L2_HR_LakeSP_Obs_009_557_EU_20240124T005714_20240124T010543_PIC0_01.zip,lake,2024-01-24 00:57:48+00:00
214233R000142,2140006792;2140006802,2024-01-24T00:57:48Z,LAGO DELLE GHIARINE,-3.676,0.373955,0.0,12.245697276087839,44.350065326947885,SWOT_L2_HR_LakeSP_Obs_009_557_EU_20240124T005714_20240124T010543_PIC0_01.zip,lake,2024-01-24 00:57:48+00:00
214233L000464,2140008792;2140008082,2024-01-24T00:57:50Z,VALLE BENNI,10.903,0.064384,0.0,11.542127337491774,44.591431598443265,SWOT_L2_HR_LakeSP_Obs_009_557_EU_20240124T005714_20240124T010543_PIC0_01.zip,lake,2024-01-24 00:57:50+00:00
214233L000436,2140009402,2024-01-24T00:57:50Z,no_data,8.833,0.674717,1.0,11.625176027287349,44.568788550777796,SWOT_L2_HR_LakeSP_Obs_009_557_EU_20240124T005714_20240124T010543_PIC0_01.zip,lake,2024-01-24 00:57:50+00:00
214233R000377,2140006702,2024-01-24T00:57:51Z,no_data,5.572,0.050212,0.0,12.277052997218762,44.55498542303502,SWOT_L2_HR_LakeSP_Obs_009_557_EU_20240124T005714_20240124T010543_PIC0_01.zip,lake,2024-01-24 00:57:51+00:00
214233L000549,2140009762,2024-01-24T00:57:51Z,no_data,7.844,0.017987,0.0,11.456308856113644,44.686465170745706,SWOT_L2_HR_LakeSP_Obs_009_557_EU_20240124T005714_20240124T010543_PIC0_01.zip,lake,2024-01-24 00:57:51+00:00
214233R000404,2140006452,2024-01-24T00:57:52Z,VALLI DI COMACCHIO;VALLE LIDO DI MAGNAVACCA,1.743,0.052206,1.0,12.107045867298279,44.641237738569835,SWOT_L2_HR_LakeSP_Obs_009_557_EU_20240124T005714_20240124T010543_PIC0_01.zip,lake,2024-01-24 00:57:52+00:00
214233L000621,2140008592,2024-01-24T00:57:52Z,no_data,6.384,0.030588,0.0,11.558368308176789,44.706184631498665,SWOT_L2_HR_LakeSP_Obs_009_557_EU_20240124T005714_20240124T010543_PIC0_01.zip,lake,2024-01-24 00:57:52+00:00
214233R000406,2140005872;2140009322;2140008652,2024-01-24T00:57:53Z,no_data,-0.194,0.917915,0.0,12.250309338056104,44.63054288689183,SWOT_L2_HR_LakeSP_Obs_009_557_EU_20240124T005714_20240124T010543_PIC0_01.zip,lake,2024-01-24 00:57:53+00:00
214233R000407,2140007912;2140007902;2140007922,2024-01-24T00:57:53Z,no_data,-1.648,0.175381,0.0,12.113681293368394,44.654553415481914,SWOT_L2_HR_LakeSP_Obs_009_557_EU_20240124T005714_20240124T010543_PIC0_01.zip,lake,2024-01-24 00:57:53+00:00
214233R000416,2140006242;2140007892,2024-01-24T00:57:53Z,VALLI DI COMACCHIO,-0.195,6.348108,1.0,12.19178019871283,44.67679655021335,SWOT_L2_HR_LakeSP_Obs_009_557_EU_20240124T005714_20240124T010543_PIC0_01.zip,lake,2024-01-24 00:57:53+00:00
214233R000417,2140006262,2024-01-24T00:57:53Z,VALLI DI COMACCHIO,-0.889,0.185432,1.0,12.21341353037717,44.66148703397098,SWOT_L2_HR_LakeSP_Obs_009_557_EU_20240124T005714_20240124T010543_PIC0_01.zip,lake,2024-01-24 00:57:53+00:00
214233R000440,2140006622;2140008582,2024-01-24T00:57:54Z,OASI NATURALE VASCHE DI OSTELLATO,-0.466,0.774845,1.0,12.01870885899371,44.73536913308642,SWOT_L2_HR_LakeSP_Obs_009_557_EU_20240124T005714_20240124T010543_PIC0_01.zip,lake,2024-01-24 00:57:54+00:00
214233L000777,2140002412,2024-01-24T00:57:54Z,no_data,9.317,0.038771,0.0,11.178006610600448,44.901526863005515,SWOT_L2_HR_LakeSP_Obs_009_557_EU_20240124T005714_20240124T010543_PIC0_01.zip,lake,2024-01-24 00:57:54+00:00
214233R000496,2140010352;2140010402;2140010372;2140010432,2024-01-24T00:57:55Z,VALLE BERTUZZI,-0.862,13.194517,1.0,12.216263569127959,44.78852093344334,SWOT_L2_HR_LakeSP_Obs_009_557_EU_20240124T005714_20240124T010543_PIC0_01.zip,lake,2024-01-24 00:57:55+00:00
214234R000026,2140010452,2024-01-24T00:57:56Z,no_data,-2.379,0.014618,0.0,12.176279162490093,44.85721762718704,SWOT_L2_HR_LakeSP_Obs_009_557_EU_20240124T005714_20240124T010543_PIC0_01.zip,lake,2024-01-24 00:57:56+00:00
214075R000460,2140012892;2140013852;2140010693,2024-02-01T10:01:31Z,no_data,13.196,1.840693,0.0,10.815820838886747,45.13529848653043,SWOT_L2_HR_LakeSP_Obs_010_208_EU_20240201T095854_20240201T100355_PIC0_01.zip,lake,2024-02-01 10:01:31+00:00
214075R000640,2140018262,2024-02-01T10:01:32Z,no_data,16.488,0.02681,0.0,10.634454903259991,45.001109796587926,SWOT_L2_HR_LakeSP_Obs_010_208_EU_20240201T095854_20240201T100355_PIC0_01.zip,lake,2024-02-01 10:01:32+00:00
214075R000649,2140002302;2140001542,2024-02-01T10:01:32Z,no_data,16.035,0.075899,0.0,10.643170220843187,44.99878255294419,SWOT_L2_HR_LakeSP_Obs_010_208_EU_20240201T095854_20240201T100355_PIC0_01.zip,lake,2024-02-01 10:01:32+00:00
214075R000711,2140001892;2140001882,2024-02-01T10:01:33Z,no_data,12.786,0.11442,0.0,10.874443800038382,44.98776840587641,SWOT_L2_HR_LakeSP_Obs_010_208_EU_20240201T095854_20240201T100355_PIC0_01.zip,lake,2024-02-01 10:01:33+00:00
214075R000700,2140018792,2024-02-01T10:01:33Z,no_data,12.365,0.038643,0.0,10.956215590350475,45.01913064961945,SWOT_L2_HR_LakeSP_Obs_010_208_EU_20240201T095854_20240201T100355_PIC0_01.zip,lake,2024-02-01 10:01:33+00:00
214075R000665,2140001872,2024-02-01T10:01:33Z,no_data,16.255,0.029836,1.0,10.684190569900242,44.99374289722249,SWOT_L2_HR_LakeSP_Obs_010_208_EU_20240201T095854_20240201T100355_PIC0_01.zip,lake,2024-02-01 10:01:33+00:00
214075R000732,2140001942,2024-02-01T10:01:33Z,LAGHETTO DI CAVA,17.131,0.034239,0.0,10.642523016329113,44.932038756629154,SWOT_L2_HR_LakeSP_Obs_010_208_EU_20240201T095854_20240201T100355_PIC0_01.zip,lake,2024-02-01 10:01:33+00:00
214075R000797,2140001562;2140001552,2024-02-01T10:01:34Z,no_data,11.123,0.255314,0.0,11.050887131175628,44.95989637250694,SWOT_L2_HR_LakeSP_Obs_010_208_EU_20240201T095854_20240201T100355_PIC0_01.zip,lake,2024-02-01 10:01:34+00:00
214075R000743,2140001692,2024-02-01T10:01:34Z,no_data,13.947,0.027051,0.0,10.794835410350792,44.95119366254385,SWOT_L2_HR_LakeSP_Obs_010_208_EU_20240201T095854_20240201T100355_PIC0_01.zip,lake,2024-02-01 10:01:34+00:00
214075R000755,2140002012,2024-02-01T10:01:34Z,no_data,14.272,0.074945,0.0,10.782915625640431,44.94741781744977,SWOT_L2_HR_LakeSP_Obs_010_208_EU_20240201T095854_20240201T100355_PIC0_01.zip,lake,2024-02-01 10:01:34+00:00
214075R000762,2140002362,2024-02-01T10:01:34Z,no_data,14.252,0.117793,0.0,10.77868740301165,44.94055507140076,SWOT_L2_HR_LakeSP_Obs_010_208_EU_20240201T095854_20240201T100355_PIC0_01.zip,lake,2024-02-01 10:01:34+00:00
214075R000774,2140002212,2024-02-01T10:01:34Z,no_data,14.181,0.019268,1.0,10.808877971904192,44.937294204641255,SWOT_L2_HR_LakeSP_Obs_010_208_EU_20240201T095854_20240201T100355_PIC0_01.zip,lake,2024-02-01 10:01:34+00:00
214075R000742,2140002182;2140002492,2024-02-01T10:01:34Z,no_data,13.983,0.148807,0.0,10.795390834091718,44.95281539840113,SWOT_L2_HR_LakeSP_Obs_010_208_EU_20240201T095854_20240201T100355_PIC0_01.zip,lake,2024-02-01 10:01:34+00:00
214075L000766,2140020922;2140020862,2024-02-01T10:01:34Z,no_data,4.26,0.127754,0.0,11.415981336275738,45.034369857620256,SWOT_L2_HR_LakeSP_Obs_010_208_EU_20240201T095854_20240201T100355_PIC0_01.zip,lake,2024-02-01 10:01:34+00:00
214075L000762,2140023122;2140023112,2024-02-01T10:01:34Z,no_data,2.747,0.061561,0.0,11.540172158531513,45.06195994475737,SWOT_L2_HR_LakeSP_Obs_010_208_EU_20240201T095854_20240201T100355_PIC0_01.zip,lake,2024-02-01 10:01:34+00:00
214075R000832,2140001842,2024-02-01T10:01:35Z,no_data,17.193,0.029072,0.0,10.792476536039224,44.89234065767738,SWOT_L2_HR_LakeSP_Obs_010_208_EU_20240201T095854_20240201T100355_PIC0_01.zip,lake,2024-02-01 10:01:35+00:00
214075R000821,2140001702;2140001592;2140001912;2140001572,2024-02-01T10:01:35Z,no_data,10.714,0.407062,0.0,11.042560095635736,44.94386597743738,SWOT_L2_HR_LakeSP_Obs_010_208_EU_20240201T095854_20240201T100355_PIC0_01.zip,lake,2024-02-01 10:01:35+00:00
214075R000827,2140002202;2140002342;2140002352,2024-02-01T10:01:35Z,no_data,11.23,0.172666,0.0,11.033060588567754,44.9394457709096,SWOT_L2_HR_LakeSP_Obs_010_208_EU_20240201T095854_20240201T100355_PIC0_01.zip,lake,2024-02-01 10:01:35+00:00
214076L000087,2140003822,2024-02-01T10:01:37Z,no_data,0.543,0.018852,0.0,11.73475567506457,44.900804428834654,SWOT_L2_HR_LakeSP_Obs_010_208_EU_20240201T095854_20240201T100355_PIC0_01.zip,lake,2024-02-01 10:01:37+00:00
214076R000026,2140001782,2024-02-01T10:01:37Z,no_data,22.148,0.024823,0.0,10.75769961347928,44.77152638944824,SWOT_L2_HR_LakeSP_Obs_010_208_EU_20240201T095854_20240201T100355_PIC0_01.zip,lake,2024-02-01 10:01:37+00:00
214076R000028,2140001672,2024-02-01T10:01:37Z,no_data,25.126,0.021508,0.0,10.724587215782492,44.7643767124771,SWOT_L2_HR_LakeSP_Obs_010_208_EU_20240201T095854_20240201T100355_PIC0_01.zip,lake,2024-02-01 10:01:37+00:00
214076L000045,2140003642,2024-02-01T10:01:37Z,no_data,-2.118,0.014239,0.0,11.999810989265612,44.977563103933704,SWOT_L2_HR_LakeSP_Obs_010_208_EU_20240201T095854_20240201T100355_PIC0_01.zip,lake,2024-02-01 10:01:37+00:00
214076L000132,2140010572,2024-02-01T10:01:38Z,no_data,1.642,0.025098,0.0,11.657602181632765,44.85280993747088,SWOT_L2_HR_LakeSP_Obs_010_208_EU_20240201T095854_20240201T100355_PIC0_01.zip,lake,2024-02-01 10:01:38+00:00
214076L000118,2140003712,2024-02-01T10:01:38Z,no_data,3.051,0.017609,0.0,11.621744179445168,44.853622781065724,SWOT_L2_HR_LakeSP_Obs_010_208_EU_20240201T095854_20240201T100355_PIC0_01.zip,lake,2024-02-01 10:01:38+00:00
214076R000151,2140000302,2024-02-01T10:01:38Z,no_data,36.581,0.015368,1.0,10.843732348841183,44.71246768017093,SWOT_L2_HR_LakeSP_Obs_010_208_EU_20240201T095854_20240201T100355_PIC0_01.zip,lake,2024-02-01 10:01:38+00:00
214076R000282,2140000502,2024-02-01T10:01:39Z,no_data,19.261,0.014121,0.0,11.098025700086446,44.690558876297715,SWOT_L2_HR_LakeSP_Obs_010_208_EU_20240201T095854_20240201T100355_PIC0_01.zip,lake,2024-02-01 10:01:39+00:00
214076R000276,2140000332,2024-02-01T10:01:39Z,no_data,23.303,0.032011,0.0,10.984619575897575,44.671702663241064,SWOT_L2_HR_LakeSP_Obs_010_208_EU_20240201T095854_20240201T100355_PIC0_01.zip,lake,2024-02-01 10:01:39+00:00
214076R000214,2140000842;2140000632;2140000362,2024-02-01T10:01:39Z,no_data,38.161,0.153642,0.0,10.822366231813822,44.66472819606898,SWOT_L2_HR_LakeSP_Obs_010_208_EU_20240201T095854_20240201T100355_PIC0_01.zip,lake,2024-02-01 10:01:39+00:00
214076L000182,2140010522,2024-02-01T10:01:39Z,no_data,1.928,0.022337,0.0,11.665788697204771,44.812763639133216,SWOT_L2_HR_LakeSP_Obs_010_208_EU_20240201T095854_20240201T100355_PIC0_01.zip,lake,2024-02-01 10:01:39+00:00
214076R000260,2140000692,2024-02-01T10:01:39Z,no_data,13.084,0.047555,0.0,11.193523019208936,44.71491275960431,SWOT_L2_HR_LakeSP_Obs_010_208_EU_20240201T095854_20240201T100355_PIC0_01.zip,lake,2024-02-01 10:01:39+00:00
214076L000275,2140010602;2140010552,2024-02-01T10:01:40Z,no_data,-2.15,0.125399,0.0,11.95576730001575,44.79228748328089,SWOT_L2_HR_LakeSP_Obs_010_208_EU_20240201T095854_20240201T100355_PIC0_01.zip,lake,2024-02-01 10:01:40+00:00
214076L000286,2140010212;2140010562,2024-02-01T10:01:40Z,no_data,-2.482,0.113142,0.0,11.944188917892992,44.785342085978755,SWOT_L2_HR_LakeSP_Obs_010_208_EU_20240201T095854_20240201T100355_PIC0_01.zip,lake,2024-02-01 10:01:40+00:00
214076L000313,2140007852,2024-02-01T10:01:40Z,LAGO ALBA,-0.664,0.031182,0.0,11.832004339366037,44.74965737365622,SWOT_L2_HR_LakeSP_Obs_010_208_EU_20240201T095854_20240201T100355_PIC0_01.zip,lake,2024-02-01 10:01:40+00:00
214076L000325,2140008392,2024-02-01T10:01:40Z,LAGO LA CAMPANELLA,-0.295,0.057838,0.0,11.811359688682636,44.735733124499845,SWOT_L2_HR_LakeSP_Obs_010_208_EU_20240201T095854_20240201T100355_PIC0_01.zip,lake,2024-02-01 10:01:40+00:00
214076L000341,2140006622;2140006592;2140008582;2140006602,2024-02-01T10:01:41Z,OASI NATURALE VASCHE DI OSTELLATO,-0.715,2.206113,0.0,12.03389441167912,44.73037759905813,SWOT_L2_HR_LakeSP_Obs_010_208_EU_20240201T095854_20240201T100355_PIC0_01.zip,lake,2024-02-01 10:01:41+00:00
214076L000356,2140009722,2024-02-01T10:01:41Z,no_data,-0.893,0.025733,0.0,11.773212391962367,44.69798420001264,SWOT_L2_HR_LakeSP_Obs_010_208_EU_20240201T095854_20240201T100355_PIC0_01.zip,lake,2024-02-01 10:01:41+00:00
214076L000384,2140008032;2140008022;2140008042,2024-02-01T10:01:41Z,no_data,6.909,0.391671,1.0,11.556599223916676,44.633403661339216,SWOT_L2_HR_LakeSP_Obs_010_208_EU_20240201T095854_20240201T100355_PIC0_01.zip,lake,2024-02-01 10:01:41+00:00
214076L000450,2140009302,2024-02-01T10:01:42Z,no_data,-4.105,0.028197,0.0,11.952314003791585,44.65599108284579,SWOT_L2_HR_LakeSP_Obs_010_208_EU_20240201T095854_20240201T100355_PIC0_01.zip,lake,2024-02-01 10:01:42+00:00
214076L000466,2140007962,2024-02-01T10:01:42Z,no_data,-1.873,0.014727,0.0,11.929535578815887,44.647302153607484,SWOT_L2_HR_LakeSP_Obs_010_208_EU_20240201T095854_20240201T100355_PIC0_01.zip,lake,2024-02-01 10:01:42+00:00
214076L000440,2140008712,2024-02-01T10:01:42Z,no_data,6.759,0.011063,1.0,11.672138470556105,44.61264940144336,SWOT_L2_HR_LakeSP_Obs_010_208_EU_20240201T095854_20240201T100355_PIC0_01.zip,lake,2024-02-01 10:01:42+00:00
214076L000430,2140005842,2024-02-01T10:01:42Z,OASI DI BANDO,-0.551,0.420484,0.0,11.923904470779663,44.660458250841856,SWOT_L2_HR_LakeSP_Obs_010_208_EU_20240201T095854_20240201T100355_PIC0_01.zip,lake,2024-02-01 10:01:42+00:00
214076L000396,2140005832,2024-02-01T10:01:42Z,no_data,-2.467,0.10262,0.0,12.091373094203107,44.71739516672629,SWOT_L2_HR_LakeSP_Obs_010_208_EU_20240201T095854_20240201T100355_PIC0_01.zip,lake,2024-02-01 10:01:42+00:00
214076L000415,2140006952,2024-02-01T10:01:42Z,no_data,-0.523,0.057507,0.0,11.89643913137273,44.6666371965329,SWOT_L2_HR_LakeSP_Obs_010_208_EU_20240201T095854_20240201T100355_PIC0_01.zip,lake,2024-02-01 10:01:42+00:00
214076L000530,2140008742;2140008762,2024-02-01T10:01:43Z,CASSA CAMPOTTO,4.051,0.124469,0.0,11.841372367263716,44.593136910114275,SWOT_L2_HR_LakeSP_Obs_010_208_EU_20240201T095854_20240201T100355_PIC0_01.zip,lake,2024-02-01 10:01:43+00:00
214076L000507,2140008072;2140009382,2024-02-01T10:01:43Z,no_data,6.329,0.079914,0.0,11.746601755623862,44.590562865831224,SWOT_L2_HR_LakeSP_Obs_010_208_EU_20240201T095854_20240201T100355_PIC0_01.zip,lake,2024-02-01 10:01:43+00:00
214076L000515,2140008052,2024-02-01T10:01:43Z,no_data,-4.173,0.022949,0.0,11.899787849725609,44.61485230291375,SWOT_L2_HR_LakeSP_Obs_010_208_EU_20240201T095854_20240201T100355_PIC0_01.zip,lake,2024-02-01 10:01:43+00:00
214076L000513,2140008752,2024-02-01T10:01:43Z,no_data,4.723,0.024922,0.0,11.77892227176487,44.592711096320414,SWOT_L2_HR_LakeSP_Obs_010_208_EU_20240201T095854_20240201T100355_PIC0_01.zip,lake,2024-02-01 10:01:43+00:00
214076L000549,2140005882,2024-02-01T10:01:43Z,no_data,-2.164,0.031542,0.0,11.9821162636506,44.60383861702313,SWOT_L2_HR_LakeSP_Obs_010_208_EU_20240201T095854_20240201T100355_PIC0_01.zip,lake,2024-02-01 10:01:43+00:00
214076L000542,2140009862,2024-02-01T10:01:43Z,no_data,4.276,0.015998,0.0,11.833878369340088,44.5825599419091,SWOT_L2_HR_LakeSP_Obs_010_208_EU_20240201T095854_20240201T100355_PIC0_01.zip,lake,2024-02-01 10:01:43+00:00
214076L000538,2140008462,2024-02-01T10:01:43Z,no_data,3.504,0.053266,0.0,11.785202092497027,44.57567650859418,SWOT_L2_HR_LakeSP_Obs_010_208_EU_20240201T095854_20240201T100355_PIC0_01.zip,lake,2024-02-01 10:01:43+00:00
214076L000492,2140009392;2140008732;2140008092;2140006662,2024-02-01T10:01:43Z,CASSA CAMPOTTO,3.984,3.832389,0.0,11.832898466293413,44.59697738319686,SWOT_L2_HR_LakeSP_Obs_010_208_EU_20240201T095854_20240201T100355_PIC0_01.zip,lake,2024-02-01 10:01:43+00:00
214076L000561,2140008812,2024-02-01T10:01:43Z,VALLESANTA,4.267,0.366229,0.0,11.847880333063252,44.57334334085118,SWOT_L2_HR_LakeSP_Obs_010_208_EU_20240201T095854_20240201T100355_PIC0_01.zip,lake,2024-02-01 10:01:43+00:00
214076L000565,2140006672,2024-02-01T10:01:43Z,no_data,4.063,0.048709,0.0,11.825600990985633,44.568820566229455,SWOT_L2_HR_LakeSP_Obs_010_208_EU_20240201T095854_20240201T100355_PIC0_01.zip,lake,2024-02-01 10:01:43+00:00
214076L000555,2140009342,2024-02-01T10:01:43Z,no_data,-1.815,0.02552,0.0,11.982691904087712,44.60192448367788,SWOT_L2_HR_LakeSP_Obs_010_208_EU_20240201T095854_20240201T100355_PIC0_01.zip,lake,2024-02-01 10:01:43+00:00
214076L000605,2140009932;2140009492,2024-02-01T10:01:44Z,TENUTA BENTIVOGLIO,7.616,0.157696,0.0,11.687087537710866,44.52218731232142,SWOT_L2_HR_LakeSP_Obs_010_208_EU_20240201T095854_20240201T100355_PIC0_01.zip,lake,2024-02-01 10:01:44+00:00
214076L000589,2140008872;2140008472,2024-02-01T10:01:44Z,OASI NATURALE DEL QUADRONE,5.966,0.355985,0.0,11.711550079714973,44.52805043383879,SWOT_L2_HR_LakeSP_Obs_010_208_EU_20240201T095854_20240201T100355_PIC0_01.zip,lake,2024-02-01 10:01:44+00:00
214076L000594,2140006682,2024-02-01T10:01:44Z,no_data,1.134,0.019953,0.0,11.887879376394404,44.56460688470089,SWOT_L2_HR_LakeSP_Obs_010_208_EU_20240201T095854_20240201T100355_PIC0_01.zip,lake,2024-02-01 10:01:44+00:00
214076L000600,2140007002,2024-02-01T10:01:44Z,no_data,0.337,0.021303,1.0,11.893127728688633,44.563223493071945,SWOT_L2_HR_LakeSP_Obs_010_208_EU_20240201T095854_20240201T100355_PIC0_01.zip,lake,2024-02-01 10:01:44+00:00
214076L000423,2140005932;2140006452;2140007902,2024-02-01T10:01:44Z,VALLI DI COMACCHIO,-0.611,41.437541,0.0,12.127025781943438,44.60458047165368,SWOT_L2_HR_LakeSP_Obs_010_208_EU_20240201T095854_20240201T100355_PIC0_01.zip,lake,2024-02-01 10:01:44+00:00
214076L000708,2140009942;2140008232,2024-02-01T10:01:45Z,no_data,4.868,0.097834,0.0,11.810193561433131,44.464953177994765,SWOT_L2_HR_LakeSP_Obs_010_208_EU_20240201T095854_20240201T100355_PIC0_01.zip,lake,2024-02-01 10:01:45+00:00
214076L000714,2140009952;2140008242,2024-02-01T10:01:45Z,no_data,5.287,0.098904,0.0,11.805987961699277,44.46113480662591,SWOT_L2_HR_LakeSP_Obs_010_208_EU_20240201T095854_20240201T100355_PIC0_01.zip,lake,2024-02-01 10:01:45+00:00
214076L000674,2140009902,2024-02-01T10:01:45Z,no_data,-0.313,0.014677,0.0,12.132222583561768,44.5511798957489,SWOT_L2_HR_LakeSP_Obs_010_208_EU_20240201T095854_20240201T100355_PIC0_01.zip,lake,2024-02-01 10:01:45+00:00
214076L000715,2140006712,2024-02-01T10:01:45Z,"RISERVA NATURALE ""EX CAVA FORNACE""",1.218,0.020958,0.0,12.066444899488364,44.50770448432337,SWOT_L2_HR_LakeSP_Obs_010_208_EU_20240201T095854_20240201T100355_PIC0_01.zip,lake,2024-02-01 10:01:45+00:00
214077L000023,2140009102,2024-02-01T10:01:47Z,no_data,24.69,0.022733,1.0,11.74249347116849,44.35542074543798,SWOT_L2_HR_LakeSP_Obs_010_208_EU_20240201T095854_20240201T100355_PIC0_01.zip,lake,2024-02-01 10:01:47+00:00
215077R000258,2150000702,2024-02-01T10:01:53Z,no_data,35.489,0.010097,0.0,11.000896423484097,43.86574656795415,SWOT_L2_HR_LakeSP_Obs_010_208_EU_20240201T095854_20240201T100355_PIC0_01.zip,lake,2024-02-01 10:01:53+00:00
215077R000469,2150001312,2024-02-01T10:01:55Z,no_data,14.093,0.032015,0.0,10.979147333847068,43.73138155014946,SWOT_L2_HR_LakeSP_Obs_010_208_EU_20240201T095854_20240201T100355_PIC0_01.zip,lake,2024-02-01 10:01:55+00:00
215232R000275,2150002452,2024-02-03T23:20:26Z,PADULE DI FUCECCHIO;BONIFICA DEL PADULE DI FUCECCHIO,12.107,0.119764,0.0,10.785955506803939,43.82897258169818,SWOT_L2_HR_LakeSP_Obs_010_279_EU_20240203T231856_20240203T232838_PIC0_01.zip,lake,2024-02-03 23:20:26+00:00
214233R000516,2140000702;2140000772;2140000522;2140000632,2024-02-03T23:20:40Z,no_data,43.9,0.314076,1.0,10.821602972567126,44.66897614257908,SWOT_L2_HR_LakeSP_Obs_010_279_EU_20240203T231856_20240203T232838_PIC0_01.zip,lake,2024-02-03 23:20:40+00:00
214233R000520,2140000832;2140000772;2140000842,2024-02-03T23:20:40Z,no_data,40.509,0.100233,0.0,10.8303835051394,44.66739288690013,SWOT_L2_HR_LakeSP_Obs_010_279_EU_20240203T231856_20240203T232838_PIC0_01.zip,lake,2024-02-03 23:20:40+00:00
214233R000451,2140000872;2140000082,2024-02-03T23:20:40Z,no_data,30.827,0.081008,1.0,11.003108085150075,44.604376741780726,SWOT_L2_HR_LakeSP_Obs_010_279_EU_20240203T231856_20240203T232838_PIC0_01.zip,lake,2024-02-03 23:20:40+00:00
214233R000510,2140000642;2140000632;2140000362,2024-02-03T23:20:40Z,no_data,39.547,0.154653,1.0,10.82723565869312,44.663559203234676,SWOT_L2_HR_LakeSP_Obs_010_279_EU_20240203T231856_20240203T232838_PIC0_01.zip,lake,2024-02-03 23:20:40+00:00
214233L000225,2140000622,2024-02-03T23:20:40Z,no_data,88.591,0.330918,1.0,10.436716017386427,44.69749374912804,SWOT_L2_HR_LakeSP_Obs_010_279_EU_20240203T231856_20240203T232838_PIC0_01.zip,lake,2024-02-03 23:20:40+00:00
214233L000572,2140002672;2140002692,2024-02-03T23:20:42Z,no_data,38.101,0.131124,0.0,10.235536059629613,44.878120073254195,SWOT_L2_HR_LakeSP_Obs_010_279_EU_20240203T231856_20240203T232838_PIC0_01.zip,lake,2024-02-03 23:20:42+00:00
214233L000699,2140002032;2140002392;2140002022;2140002222,2024-02-03T23:20:43Z,no_data,32.41,0.037706,1.0,10.312168176411976,44.92376125757232,SWOT_L2_HR_LakeSP_Obs_010_279_EU_20240203T231856_20240203T232838_PIC0_01.zip,lake,2024-02-03 23:20:43+00:00
214234R000009,2140002712,2024-02-03T23:20:44Z,no_data,18.185,0.187134,0.0,10.915989732498337,44.84757936467198,SWOT_L2_HR_LakeSP_Obs_010_279_EU_20240203T231856_20240203T232838_PIC0_01.zip,lake,2024-02-03 23:20:44+00:00
214234R000242,2140001702,2024-02-03T23:20:46Z,no_data,8.798,0.043225,0.0,11.0398873719362,44.94681018315825,SWOT_L2_HR_LakeSP_Obs_010_279_EU_20240203T231856_20240203T232838_PIC0_01.zip,lake,2024-02-03 23:20:46+00:00
214234R000254,2140001892,2024-02-03T23:20:46Z,no_data,12.242,0.050316,0.0,10.870612092477813,44.987861439129674,SWOT_L2_HR_LakeSP_Obs_010_279_EU_20240203T231856_20240203T232838_PIC0_01.zip,lake,2024-02-03 23:20:46+00:00
214234R000428,2140010633,2024-02-03T23:20:48Z,LAGO INFERIORE;LAGHI DI MANTOVA,-43.476,13.946183,1.0,10.893179317964556,45.13377657797124,SWOT_L2_HR_LakeSP_Obs_010_279_EU_20240203T231856_20240203T232838_PIC0_01.zip,lake,2024-02-03 23:20:48+00:00
214075R000533,2140020872,2024-02-11T08:23:49Z,no_data,0.963,0.05085,0.0,12.211438427673134,45.01692869765872,SWOT_L2_HR_LakeSP_Obs_010_486_EU_20240211T082112_20240211T082620_PIC0_01.zip,lake,2024-02-11 08:23:49+00:00
214076R000016,2140003772,2024-02-11T08:23:53Z,no_data,0.231,0.041101,0.0,12.341025648463965,44.84226062853078,SWOT_L2_HR_LakeSP_Obs_010_486_EU_20240211T082112_20240211T082620_PIC0_01.zip,lake,2024-02-11 08:23:53+00:00
214076R000036,2140010172;2140010182,2024-02-11T08:23:53Z,no_data,-1.387,0.102762,0.0,12.243541648487898,44.8077292958791,SWOT_L2_HR_LakeSP_Obs_010_486_EU_20240211T082112_20240211T082620_PIC0_01.zip,lake,2024-02-11 08:23:53+00:00
000077R000001,2140007102,2024-02-11T08:24:09Z,BACINO DEL CONCA,11.584,7.395704,1.0,12.697875070062942,43.953339642725155,SWOT_L2_HR_LakeSP_Obs_010_486_EU_20240211T082112_20240211T082620_PIC0_01.zip,lake,2024-02-11 08:24:09+00:00
214075R001169,2140011712,2024-02-12T08:24:20Z,LAGHETTO DI CAVA,56.052,0.120659,1.0,9.797657752308336,45.05502047898309,SWOT_L2_HR_LakeSP_Obs_010_514_EU_20240212T082146_20240212T082502_PIC0_01.zip,lake,2024-02-12 08:24:20+00:00
214076L000021,2140002032;2140002022,2024-02-12T08:24:24Z,no_data,30.531,0.048112,0.0,10.311934236466968,44.924380479353616,SWOT_L2_HR_LakeSP_Obs_010_514_EU_20240212T082146_20240212T082502_PIC0_01.zip,lake,2024-02-12 08:24:24+00:00
214076L000206,2140001632,2024-02-12T08:24:25Z,no_data,18.183,0.079769,1.0,10.617976936223823,44.91845019115476,SWOT_L2_HR_LakeSP_Obs_010_514_EU_20240212T082146_20240212T082502_PIC0_01.zip,lake,2024-02-12 08:24:25+00:00
214076L000162,2140001932;2140001922,2024-02-12T08:24:25Z,no_data,17.653,0.211242,0.0,10.644463028255672,44.937077445984954,SWOT_L2_HR_LakeSP_Obs_010_514_EU_20240212T082146_20240212T082502_PIC0_01.zip,lake,2024-02-12 08:24:25+00:00
214076L000155,2140001812,2024-02-12T08:24:25Z,LAGHETTO DI CAVA,17.211,0.096654,0.0,10.658060729380777,44.94267785952299,SWOT_L2_HR_LakeSP_Obs_010_514_EU_20240212T082146_20240212T082502_PIC0_01.zip,lake,2024-02-12 08:24:25+00:00
214076L000461,2140001982,2024-02-12T08:24:27Z,no_data,21.103,0.020207,0.0,10.603275254448048,44.80725286654808,SWOT_L2_HR_LakeSP_Obs_010_514_EU_20240212T082146_20240212T082502_PIC0_01.zip,lake,2024-02-12 08:24:27+00:00
214076L000698,2140000292,2024-02-12T08:24:28Z,no_data,28.943,0.021833,0.0,10.773409829407662,44.7549698901139,SWOT_L2_HR_LakeSP_Obs_010_514_EU_20240212T082146_20240212T082502_PIC0_01.zip,lake,2024-02-12 08:24:28+00:00
215077R099974,2150001302,2024-02-12T08:24:44Z,no_data,0.294,0.088986,1.0,10.319730422677921,43.750421054904635,SWOT_L2_HR_LakeSP_Obs_010_514_EU_20240212T082146_20240212T082502_PIC0_01.zip,lake,2024-02-12 08:24:44+00:00
215231L000516,2150000242;2150000982;2150000392,2024-02-13T21:42:39Z,no_data,35.796,1.413102,1.0,11.11566245489723,43.786906272564195,SWOT_L2_HR_LakeSP_Obs_010_557_EU_20240213T214219_20240213T215048_PIC0_01.zip,lake,2024-02-13 21:42:39+00:00
214233R000048,2140006102,2024-02-13T21:42:51Z,no_data,-1.291,0.190776,0.0,12.330445392888961,44.25930466536893,SWOT_L2_HR_LakeSP_Obs_010_557_EU_20240213T214219_20240213T215048_PIC0_01.zip,lake,2024-02-13 21:42:51+00:00
214233R000026,2140006542;2140006862;2140007092;2140006132;2140006122,2024-02-13T21:42:51Z,no_data,-1.042,3.258687,1.0,12.31570572833656,44.27301133529328,SWOT_L2_HR_LakeSP_Obs_010_557_EU_20240213T214219_20240213T215048_PIC0_01.zip,lake,2024-02-13 21:42:51+00:00
214233R000027,2140010112;2140010092;2140010102;2140010122,2024-02-13T21:42:51Z,no_data,-1.013,2.209225,0.0,12.343522252705437,44.24284499453835,SWOT_L2_HR_LakeSP_Obs_010_557_EU_20240213T214219_20240213T215048_PIC0_01.zip,lake,2024-02-13 21:42:51+00:00
214233R000351,2140005952,2024-02-13T21:42:55Z,no_data,2.177,0.013867,1.0,11.959400784883744,44.57690899447485,SWOT_L2_HR_LakeSP_Obs_010_557_EU_20240213T214219_20240213T215048_PIC0_01.zip,lake,2024-02-13 21:42:55+00:00
214233L000663,2140009742,2024-02-13T21:42:56Z,no_data,7.243,0.06969,0.0,11.495221260684538,44.69166331498606,SWOT_L2_HR_LakeSP_Obs_010_557_EU_20240213T214219_20240213T215048_PIC0_01.zip,lake,2024-02-13 21:42:56+00:00
214233L000661,2140007882,2024-02-13T21:42:56Z,no_data,7.296,0.034096,0.0,11.489100145615575,44.6920017304044,SWOT_L2_HR_LakeSP_Obs_010_557_EU_20240213T214219_20240213T215048_PIC0_01.zip,lake,2024-02-13 21:42:56+00:00
214233L000709,2140009222,2024-02-13T21:42:56Z,no_data,8.195,0.022052,1.0,11.569484526507388,44.70478055725937,SWOT_L2_HR_LakeSP_Obs_010_557_EU_20240213T214219_20240213T215048_PIC0_01.zip,lake,2024-02-13 21:42:56+00:00
214233R000400,2140008642;2140008622,2024-02-13T21:42:57Z,no_data,0.065,0.253818,0.0,12.24008273279184,44.64501003638114,SWOT_L2_HR_LakeSP_Obs_010_557_EU_20240213T214219_20240213T215048_PIC0_01.zip,lake,2024-02-13 21:42:57+00:00
214233R000398,2140005872,2024-02-13T21:42:57Z,no_data,-0.272,0.287044,1.0,12.243974114674273,44.63476973247523,SWOT_L2_HR_LakeSP_Obs_010_557_EU_20240213T214219_20240213T215048_PIC0_01.zip,lake,2024-02-13 21:42:57+00:00
214233R000395,2140007912;2140007902,2024-02-13T21:42:57Z,no_data,-2.238,0.248484,0.0,12.114299379862821,44.655591867423055,SWOT_L2_HR_LakeSP_Obs_010_557_EU_20240213T214219_20240213T215048_PIC0_01.zip,lake,2024-02-13 21:42:57+00:00
214233R000393,2140009322;2140008652,2024-02-13T21:42:57Z,no_data,0.547,0.688185,1.0,12.250735621946532,44.62963585925777,SWOT_L2_HR_LakeSP_Obs_010_557_EU_20240213T214219_20240213T215048_PIC0_01.zip,lake,2024-02-13 21:42:57+00:00
214233R000390,2140008702,2024-02-13T21:42:57Z,no_data,-0.322,1.795354,1.0,12.25806004663927,44.61102866861144,SWOT_L2_HR_LakeSP_Obs_010_557_EU_20240213T214219_20240213T215048_PIC0_01.zip,lake,2024-02-13 21:42:57+00:00
214233R000387,2140006362,2024-02-13T21:42:57Z,no_data,0.16,0.220891,1.0,12.248126885104764,44.58753510966855,SWOT_L2_HR_LakeSP_Obs_010_557_EU_20240213T214219_20240213T215048_PIC0_01.zip,lake,2024-02-13 21:42:57+00:00
214233R000433,2140008582;2140006622;2140006592,2024-02-13T21:42:58Z,OASI NATURALE VASCHE DI OSTELLATO,-0.254,1.122524,1.0,11.993433184941582,44.73861689395231,SWOT_L2_HR_LakeSP_Obs_010_557_EU_20240213T214219_20240213T215048_PIC0_01.zip,lake,2024-02-13 21:42:58+00:00
214233R000415,2140007862,2024-02-13T21:42:58Z,no_data,2.475,0.421062,1.0,12.219352037573826,44.68468933325259,SWOT_L2_HR_LakeSP_Obs_010_557_EU_20240213T214219_20240213T215048_PIC0_01.zip,lake,2024-02-13 21:42:58+00:00
214233R000434,2140008572,2024-02-13T21:42:58Z,no_data,12.221,0.089393,1.0,12.00118988442718,44.73932773097697,SWOT_L2_HR_LakeSP_Obs_010_557_EU_20240213T214219_20240213T215048_PIC0_01.zip,lake,2024-02-13 21:42:58+00:00
214233R000534,2140010202;2140010582,2024-02-13T21:43:00Z,VALLE BERTUZZI,0.187,0.206852,1.0,12.257721097396676,44.796763512479544,SWOT_L2_HR_LakeSP_Obs_010_557_EU_20240213T214219_20240213T215048_PIC0_01.zip,lake,2024-02-13 21:43:00+00:00
214233R000542,2140010182,2024-02-13T21:43:00Z,no_data,-0.504,0.102603,0.0,12.244723877149845,44.80762597263606,SWOT_L2_HR_LakeSP_Obs_010_557_EU_20240213T214219_20240213T215048_PIC0_01.zip,lake,2024-02-13 21:43:00+00:00
214233R000500,2140010502,2024-02-13T21:43:00Z,VALLE BERTUZZI;LAGO DELLE NAZIONI,-0.165,0.884304,1.0,12.24232632502465,44.768721735350596,SWOT_L2_HR_LakeSP_Obs_010_557_EU_20240213T214219_20240213T215048_PIC0_01.zip,lake,2024-02-13 21:43:00+00:00
214233R000506,2140010402;2140010352;2140010372;2140010432,2024-02-13T21:43:00Z,VALLE BERTUZZI,-0.882,14.258793,1.0,12.219655518691582,44.78841808047109,SWOT_L2_HR_LakeSP_Obs_010_557_EU_20240213T214219_20240213T215048_PIC0_01.zip,lake,2024-02-13 21:43:00+00:00
214233L001065,2140003592,2024-02-13T21:43:00Z,no_data,3.335,0.061409,1.0,11.72049318814479,44.91545014013428,SWOT_L2_HR_LakeSP_Obs_010_557_EU_20240213T214219_20240213T215048_PIC0_01.zip,lake,2024-02-13 21:43:00+00:00
214234R000065,2140003762,2024-02-13T21:43:01Z,no_data,0.55,0.070677,0.0,12.336407658862779,44.84884807765978,SWOT_L2_HR_LakeSP_Obs_010_557_EU_20240213T214219_20240213T215048_PIC0_01.zip,lake,2024-02-13 21:43:01+00:00
214234R000167,2140003552,2024-02-13T21:43:02Z,no_data,1.996,0.122786,0.0,12.064448882758006,44.97223041526753,SWOT_L2_HR_LakeSP_Obs_010_557_EU_20240213T214219_20240213T215048_PIC0_01.zip,lake,2024-02-13 21:43:02+00:00
214234R000238,2140020932,2024-02-13T21:43:04Z,no_data,0.74,0.139071,0.0,12.222706476684838,45.01400020804991,SWOT_L2_HR_LakeSP_Obs_010_557_EU_20240213T214219_20240213T215048_PIC0_01.zip,lake,2024-02-13 21:43:04+00:00
214234R000239,2140020962,2024-02-13T21:43:04Z,no_data,0.707,0.050513,0.0,12.233849078022228,45.01234162017195,SWOT_L2_HR_LakeSP_Obs_010_557_EU_20240213T214219_20240213T215048_PIC0_01.zip,lake,2024-02-13 21:43:04+00:00
214233R000154,2140000912,2024-02-14T21:43:32Z,no_data,100.667,0.058456,1.0,10.151713951445299,44.74190235218385,SWOT_L2_HR_LakeSP_Obs_011_001_EU_20240214T214230_20240214T215125_PIC0_01.zip,lake,2024-02-14 21:43:32+00:00
214234R000006,2140002732;2140000812,2024-02-14T21:43:32Z,no_data,90.61,0.10669,0.0,10.165792173369901,44.760846131721465,SWOT_L2_HR_LakeSP_Obs_011_001_EU_20240214T214230_20240214T215125_PIC0_01.zip,lake,2024-02-14 21:43:32+00:00
214234R000351,2140018582,2024-02-14T21:43:36Z,LAGO DI CAVA,26.419,0.261059,1.0,10.073847579648639,45.02457871596469,SWOT_L2_HR_LakeSP_Obs_011_001_EU_20240214T214230_20240214T215125_PIC0_01.zip,lake,2024-02-14 21:43:36+00:00
214234R000343,2140018592,2024-02-14T21:43:36Z,LAGO DI CAVA,28.482,0.059593,1.0,10.072045228029797,45.02110044220713,SWOT_L2_HR_LakeSP_Obs_011_001_EU_20240214T214230_20240214T215125_PIC0_01.zip,lake,2024-02-14 21:43:36+00:00
214075R000433,2140012732,2024-02-22T06:46:36Z,no_data,17.902,0.024797,1.0,10.913227727396439,45.136611695058946,SWOT_L2_HR_LakeSP_Obs_011_208_EU_20240222T064400_20240222T064900_PIC0_01.zip,lake,2024-02-22 06:46:36+00:00
214075R000429,2140018152,2024-02-22T06:46:36Z,no_data,13.892,0.042377,0.0,10.851235466055495,45.12497937419084,SWOT_L2_HR_LakeSP_Obs_011_208_EU_20240222T064400_20240222T064900_PIC0_01.zip,lake,2024-02-22 06:46:36+00:00
214075R000422,2140012912,2024-02-22T06:46:36Z,no_data,16.919,0.030348,1.0,10.889517297069375,45.136038009798604,SWOT_L2_HR_LakeSP_Obs_011_208_EU_20240222T064400_20240222T064900_PIC0_01.zip,lake,2024-02-22 06:46:36+00:00
214075R000398,2140012882,2024-02-22T06:46:36Z,no_data,13.65,0.029241,0.0,10.826597323345691,45.13802497451037,SWOT_L2_HR_LakeSP_Obs_011_208_EU_20240222T064400_20240222T064900_PIC0_01.zip,lake,2024-02-22 06:46:36+00:00
214075R000362,2140010693,2024-02-22T06:46:36Z,LAGO VALLAZZA,18.191,2.950917,0.0,10.839914444957866,45.144490961148904,SWOT_L2_HR_LakeSP_Obs_011_208_EU_20240222T064400_20240222T064900_PIC0_01.zip,lake,2024-02-22 06:46:36+00:00
214075R000390,2140013852,2024-02-22T06:46:36Z,no_data,13.537,0.084953,1.0,10.815815422871065,45.14095127787299,SWOT_L2_HR_LakeSP_Obs_011_208_EU_20240222T064400_20240222T064900_PIC0_01.zip,lake,2024-02-22 06:46:36+00:00
214075R000586,2140001922;2140001932,2024-02-22T06:46:38Z,LAGHETTO DI CAVA,17.524,0.123146,1.0,10.646586205994694,44.93573216535381,SWOT_L2_HR_LakeSP_Obs_011_208_EU_20240222T064400_20240222T064900_PIC0_01.zip,lake,2024-02-22 06:46:38+00:00
214075R000614,2140001602;2140002362,2024-02-22T06:46:39Z,no_data,16.398,0.16602,1.0,10.778573151941249,44.940494390837955,SWOT_L2_HR_LakeSP_Obs_011_208_EU_20240222T064400_20240222T064900_PIC0_01.zip,lake,2024-02-22 06:46:39+00:00
214075R000649,2140001552;2140001562,2024-02-22T06:46:39Z,no_data,11.196,0.113585,0.0,11.04863383644827,44.959900377063065,SWOT_L2_HR_LakeSP_Obs_011_208_EU_20240222T064400_20240222T064900_PIC0_01.zip,lake,2024-02-22 06:46:39+00:00
214075L000702,2140020922,2024-02-22T06:46:39Z,no_data,4.867,0.021211,1.0,11.418175185707675,45.03834888440048,SWOT_L2_HR_LakeSP_Obs_011_208_EU_20240222T064400_20240222T064900_PIC0_01.zip,lake,2024-02-22 06:46:39+00:00
214075R000672,2140002352;2140002202,2024-02-22T06:46:40Z,no_data,9.723,0.113729,1.0,11.033480729350885,44.939738000739084,SWOT_L2_HR_LakeSP_Obs_011_208_EU_20240222T064400_20240222T064900_PIC0_01.zip,lake,2024-02-22 06:46:40+00:00
214075R000668,2140001572,2024-02-22T06:46:40Z,no_data,8.258,0.023754,1.0,11.052189125110049,44.94619205567044,SWOT_L2_HR_LakeSP_Obs_011_208_EU_20240222T064400_20240222T064900_PIC0_01.zip,lake,2024-02-22 06:46:40+00:00
214075R000660,2140002072,2024-02-22T06:46:40Z,no_data,17.124,0.0192,0.0,10.768514494424206,44.89778125961929,SWOT_L2_HR_LakeSP_Obs_011_208_EU_20240222T064400_20240222T064900_PIC0_01.zip,lake,2024-02-22 06:46:40+00:00
214075L000716,2140020942,2024-02-22T06:46:40Z,GORGO GSPERA,5.986,0.035435,1.0,11.44421426859801,45.02890055702878,SWOT_L2_HR_LakeSP_Obs_011_208_EU_20240222T064400_20240222T064900_PIC0_01.zip,lake,2024-02-22 06:46:40+00:00
214075L000818,2140003582,2024-02-22T06:46:41Z,no_data,2.328,0.038242,1.0,11.40802140232937,44.93466333039854,SWOT_L2_HR_LakeSP_Obs_011_208_EU_20240222T064400_20240222T064900_PIC0_01.zip,lake,2024-02-22 06:46:41+00:00
214076L000001,2140003702,2024-02-22T06:46:41Z,no_data,5.997,0.018405,1.0,11.423363006267877,44.91126863826216,SWOT_L2_HR_LakeSP_Obs_011_208_EU_20240222T064400_20240222T064900_PIC0_01.zip,lake,2024-02-22 06:46:41+00:00
214076L000060,2140003742,2024-02-22T06:46:42Z,no_data,5.867,0.203232,0.0,11.598123614587692,44.87998849818186,SWOT_L2_HR_LakeSP_Obs_011_208_EU_20240222T064400_20240222T064900_PIC0_01.zip,lake,2024-02-22 06:46:42+00:00
214076L000061,2140003612,2024-02-22T06:46:42Z,no_data,6.525,0.220698,1.0,11.60362430273685,44.88217369309382,SWOT_L2_HR_LakeSP_Obs_011_208_EU_20240222T064400_20240222T064900_PIC0_01.zip,lake,2024-02-22 06:46:42+00:00
214076L000054,2140003782;2140003792,2024-02-22T06:46:42Z,no_data,7.701,0.209999,0.0,11.428713155195535,44.85518580546659,SWOT_L2_HR_LakeSP_Obs_011_208_EU_20240222T064400_20240222T064900_PIC0_01.zip,lake,2024-02-22 06:46:42+00:00
214076L000068,2140010512,2024-02-22T06:46:43Z,no_data,9.508,0.079672,1.0,11.528616059685675,44.86216612076937,SWOT_L2_HR_LakeSP_Obs_011_208_EU_20240222T064400_20240222T064900_PIC0_01.zip,lake,2024-02-22 06:46:43+00:00
214076R000156,2140000022,2024-02-22T06:46:43Z,no_data,18.197,0.026985,1.0,11.123233709755887,44.734711781062444,SWOT_L2_HR_LakeSP_Obs_011_208_EU_20240222T064400_20240222T064900_PIC0_01.zip,lake,2024-02-22 06:46:43+00:00
214076R000217,2140000692;2140000822,2024-02-22T06:46:44Z,no_data,13.205,0.090348,0.0,11.190026655337231,44.71414286795408,SWOT_L2_HR_LakeSP_Obs_011_208_EU_20240222T064400_20240222T064900_PIC0_01.zip,lake,2024-02-22 06:46:44+00:00
214076R000367,2140000652,2024-02-22T06:46:45Z,no_data,34.024,0.023102,0.0,10.990519431677019,44.59613558294727,SWOT_L2_HR_LakeSP_Obs_011_208_EU_20240222T064400_20240222T064900_PIC0_01.zip,lake,2024-02-22 06:46:45+00:00
214076L000253,2140007882;2140009742,2024-02-22T06:46:45Z,no_data,7.39,0.160534,0.0,11.492210401618483,44.69189209146221,SWOT_L2_HR_LakeSP_Obs_011_208_EU_20240222T064400_20240222T064900_PIC0_01.zip,lake,2024-02-22 06:46:45+00:00
214076L000252,2140008592;2140009222,2024-02-22T06:46:45Z,no_data,6.313,0.134391,0.0,11.560347069877137,44.706611716531924,SWOT_L2_HR_LakeSP_Obs_011_208_EU_20240222T064400_20240222T064900_PIC0_01.zip,lake,2024-02-22 06:46:45+00:00
214076R000373,2140000262,2024-02-22T06:46:45Z,no_data,33.9,0.082844,1.0,10.986690555613972,44.5914672578934,SWOT_L2_HR_LakeSP_Obs_011_208_EU_20240222T064400_20240222T064900_PIC0_01.zip,lake,2024-02-22 06:46:45+00:00
214076L000314,2140008002,2024-02-22T06:46:46Z,no_data,10.502,0.020136,1.0,11.563310863685295,44.63768100482383,SWOT_L2_HR_LakeSP_Obs_011_208_EU_20240222T064400_20240222T064900_PIC0_01.zip,lake,2024-02-22 06:46:46+00:00
214076L000300,2140008582,2024-02-22T06:46:46Z,OASI NATURALE VASCHE DI OSTELLATO,-0.613,0.198377,1.0,12.020232244444678,44.73424321969331,SWOT_L2_HR_LakeSP_Obs_011_208_EU_20240222T064400_20240222T064900_PIC0_01.zip,lake,2024-02-22 06:46:46+00:00
214076L000276,2140008612;2140009252,2024-02-22T06:46:46Z,no_data,5.219,0.474739,0.0,11.57158697717016,44.67833558849967,SWOT_L2_HR_LakeSP_Obs_011_208_EU_20240222T064400_20240222T064900_PIC0_01.zip,lake,2024-02-22 06:46:46+00:00
214076R000450,2140003512,2024-02-22T06:46:46Z,no_data,27.379,0.01632,1.0,11.193491423272297,44.59487758151083,SWOT_L2_HR_LakeSP_Obs_011_208_EU_20240222T064400_20240222T064900_PIC0_01.zip,lake,2024-02-22 06:46:46+00:00
214076R000517,2140000272,2024-02-22T06:46:47Z,no_data,64.089,0.033505,0.0,11.049214215653507,44.53197857147431,SWOT_L2_HR_LakeSP_Obs_011_208_EU_20240222T064400_20240222T064900_PIC0_01.zip,lake,2024-02-22 06:46:47+00:00
214076L000431,2140008762;2140008742,2024-02-22T06:46:48Z,CASSA CAMPOTTO,4.12,0.111247,0.0,11.841494820383371,44.59333545273513,SWOT_L2_HR_LakeSP_Obs_011_208_EU_20240222T064400_20240222T064900_PIC0_01.zip,lake,2024-02-22 06:46:48+00:00
214076L000447,2140008812;2140008842,2024-02-22T06:46:48Z,VALLESANTA,6.445,0.714947,0.0,11.848146019943677,44.5738832550147,SWOT_L2_HR_LakeSP_Obs_011_208_EU_20240222T064400_20240222T064900_PIC0_01.zip,lake,2024-02-22 06:46:48+00:00
214076L000418,2140009362;2140006662,2024-02-22T06:46:48Z,CASSA CAMPOTTO,4.081,0.228979,0.0,11.817426988370071,44.59893159379439,SWOT_L2_HR_LakeSP_Obs_011_208_EU_20240222T064400_20240222T064900_PIC0_01.zip,lake,2024-02-22 06:46:48+00:00
214076L000413,2140007912;2140007922,2024-02-22T06:46:48Z,no_data,-2.032,0.089364,0.0,12.118804414566137,44.65561677596796,SWOT_L2_HR_LakeSP_Obs_011_208_EU_20240222T064400_20240222T064900_PIC0_01.zip,lake,2024-02-22 06:46:48+00:00
214076L000411,2140008072,2024-02-22T06:46:48Z,no_data,6.358,0.018833,0.0,11.745380970967124,44.591147929633294,SWOT_L2_HR_LakeSP_Obs_011_208_EU_20240222T064400_20240222T064900_PIC0_01.zip,lake,2024-02-22 06:46:48+00:00
214076L000426,2140008782,2024-02-22T06:46:48Z,no_data,5.449,0.060702,0.0,11.782984364827339,44.58850094590795,SWOT_L2_HR_LakeSP_Obs_011_208_EU_20240222T064400_20240222T064900_PIC0_01.zip,lake,2024-02-22 06:46:48+00:00
214076L000405,2140008062,2024-02-22T06:46:48Z,no_data,4.542,0.025377,0.0,11.783694272691928,44.59372417237293,SWOT_L2_HR_LakeSP_Obs_011_208_EU_20240222T064400_20240222T064900_PIC0_01.zip,lake,2024-02-22 06:46:48+00:00
214076L000399,2140009882,2024-02-22T06:46:48Z,no_data,10.199,0.069562,0.0,11.639165250355429,44.574937336002634,SWOT_L2_HR_LakeSP_Obs_011_208_EU_20240222T064400_20240222T064900_PIC0_01.zip,lake,2024-02-22 06:46:48+00:00
214076L000397,2140008732;2140009392;2140006662;2140008092,2024-02-22T06:46:48Z,CASSA BASSARONE,3.974,2.471488,0.0,11.83191672723192,44.59698794301519,SWOT_L2_HR_LakeSP_Obs_011_208_EU_20240222T064400_20240222T064900_PIC0_01.zip,lake,2024-02-22 06:46:48+00:00
214076L000394,2140008822;2140009402,2024-02-22T06:46:48Z,no_data,9.647,0.055786,0.0,11.624473230036845,44.57478225285077,SWOT_L2_HR_LakeSP_Obs_011_208_EU_20240222T064400_20240222T064900_PIC0_01.zip,lake,2024-02-22 06:46:48+00:00
214076L000374,2140007902;2140005932;2140006452,2024-02-22T06:46:49Z,no_data,-0.557,37.531287,0.0,12.117389185656688,44.60326532619002,SWOT_L2_HR_LakeSP_Obs_011_208_EU_20240222T064400_20240222T064900_PIC0_01.zip,lake,2024-02-22 06:46:49+00:00
214076L000485,2140009472,2024-02-22T06:46:49Z,TENUTA BENTIVOGLIO,7.683,0.047279,0.0,11.688276642410946,44.52509666448662,SWOT_L2_HR_LakeSP_Obs_011_208_EU_20240222T064400_20240222T064900_PIC0_01.zip,lake,2024-02-22 06:46:49+00:00
214076L000464,2140008142;2140009912,2024-02-22T06:46:49Z,no_data,5.723,0.211215,0.0,11.723986994029486,44.54388219566044,SWOT_L2_HR_LakeSP_Obs_011_208_EU_20240222T064400_20240222T064900_PIC0_01.zip,lake,2024-02-22 06:46:49+00:00
214076L000481,2140008882,2024-02-22T06:46:49Z,TENUTA BENTIVOGLIO,8.137,0.031806,0.0,11.686720234024794,44.526626619269884,SWOT_L2_HR_LakeSP_Obs_011_208_EU_20240222T064400_20240222T064900_PIC0_01.zip,lake,2024-02-22 06:46:49+00:00
214076R000628,2140009022,2024-02-22T06:46:49Z,no_data,70.641,1.941289,1.0,11.279947277333857,44.436325021409594,SWOT_L2_HR_LakeSP_Obs_011_208_EU_20240222T064400_20240222T064900_PIC0_01.zip,lake,2024-02-22 06:46:49+00:00
214076L000529,2140008922;2140009542,2024-02-22T06:46:49Z,no_data,7.816,0.270266,0.0,11.731474190643327,44.49917250858434,SWOT_L2_HR_LakeSP_Obs_011_208_EU_20240222T064400_20240222T064900_PIC0_01.zip,lake,2024-02-22 06:46:49+00:00
214076L000505,2140006692,2024-02-22T06:46:49Z,no_data,0.183,0.036177,0.0,11.857461101497773,44.547144424805005,SWOT_L2_HR_LakeSP_Obs_011_208_EU_20240222T064400_20240222T064900_PIC0_01.zip,lake,2024-02-22 06:46:49+00:00
214076L000487,2140009492;2140009932,2024-02-22T06:46:49Z,TENUTA BENTIVOGLIO,7.529,0.167381,0.0,11.68670540947673,44.52261124049607,SWOT_L2_HR_LakeSP_Obs_011_208_EU_20240222T064400_20240222T064900_PIC0_01.zip,lake,2024-02-22 06:46:49+00:00
214076L000483,2140008872,2024-02-22T06:46:49Z,OASI NATURALE DEL QUADRONE,6.657,0.088673,0.0,11.713003009690325,44.529038542790204,SWOT_L2_HR_LakeSP_Obs_011_208_EU_20240222T064400_20240222T064900_PIC0_01.zip,lake,2024-02-22 06:46:49+00:00
214076L000592,2140009942;2140009952;2140008242;2140008232,2024-02-22T06:46:50Z,no_data,5.153,0.308728,0.0,11.804896129231619,44.462911588913926,SWOT_L2_HR_LakeSP_Obs_011_208_EU_20240222T064400_20240222T064900_PIC0_01.zip,lake,2024-02-22 06:46:50+00:00
214076L000607,2140009592,2024-02-22T06:46:50Z,no_data,39.033,0.021718,1.0,11.628992328563744,44.4195614720932,SWOT_L2_HR_LakeSP_Obs_011_208_EU_20240222T064400_20240222T064900_PIC0_01.zip,lake,2024-02-22 06:46:50+00:00
214076L000567,2140008982,2024-02-22T06:46:50Z,no_data,33.254,0.010405,1.0,11.621139387933194,44.45042254607927,SWOT_L2_HR_LakeSP_Obs_011_208_EU_20240222T064400_20240222T064900_PIC0_01.zip,lake,2024-02-22 06:46:50+00:00
214076L000633,2140006762,2024-02-22T06:46:51Z,no_data,14.402,0.115288,0.0,11.776869189818974,44.42112654785453,SWOT_L2_HR_LakeSP_Obs_011_208_EU_20240222T064400_20240222T064900_PIC0_01.zip,lake,2024-02-22 06:46:51+00:00
214076L000630,2140009582,2024-02-22T06:46:51Z,no_data,3.311,0.180176,0.0,11.789353479555137,44.42543421540645,SWOT_L2_HR_LakeSP_Obs_011_208_EU_20240222T064400_20240222T064900_PIC0_01.zip,lake,2024-02-22 06:46:51+00:00
214076L000622,2140006752,2024-02-22T06:46:51Z,no_data,7.911,0.404714,0.0,11.783046223837887,44.425787615252105,SWOT_L2_HR_LakeSP_Obs_011_208_EU_20240222T064400_20240222T064900_PIC0_01.zip,lake,2024-02-22 06:46:51+00:00
214077L000022,2140009102;2140009982,2024-02-22T06:46:52Z,no_data,27.379,0.148741,0.0,11.745625670617713,44.355666503321665,SWOT_L2_HR_LakeSP_Obs_011_208_EU_20240222T064400_20240222T064900_PIC0_01.zip,lake,2024-02-22 06:46:52+00:00
214077L000114,2140008272,2024-02-22T06:46:53Z,no_data,6.787,0.057078,0.0,12.054451663449353,44.35288356683944,SWOT_L2_HR_LakeSP_Obs_011_208_EU_20240222T064400_20240222T064900_PIC0_01.zip,lake,2024-02-22 06:46:53+00:00
214077L000179,2140006802,2024-02-22T06:46:53Z,LAGO DELLE GHIARINE,-3.778,0.131544,0.0,12.240014048066584,44.34873840967665,SWOT_L2_HR_LakeSP_Obs_011_208_EU_20240222T064400_20240222T064900_PIC0_01.zip,lake,2024-02-22 06:46:53+00:00
214077L000270,2140009662,2024-02-22T06:46:55Z,no_data,15.958,0.020685,0.0,12.14947634223504,44.22598509199871,SWOT_L2_HR_LakeSP_Obs_011_208_EU_20240222T064400_20240222T064900_PIC0_01.zip,lake,2024-02-22 06:46:55+00:00
215077R000357,2150005152,2024-02-22T06:46:59Z,no_data,507.33,0.029342,0.0,11.425252680504741,43.844029831074565,SWOT_L2_HR_LakeSP_Obs_011_208_EU_20240222T064400_20240222T064900_PIC0_01.zip,lake,2024-02-22 06:46:59+00:00
215077R000299,2150005192,2024-02-22T06:46:59Z,no_data,526.186,0.049388,1.0,11.351625904884786,43.86834372586668,SWOT_L2_HR_LakeSP_Obs_011_208_EU_20240222T064400_20240222T064900_PIC0_01.zip,lake,2024-02-22 06:46:59+00:00
215078R000004,2150005142,2024-02-22T06:47:02Z,no_data,110.764,0.097092,1.0,11.452127043912176,43.71510008748423,SWOT_L2_HR_LakeSP_Obs_011_208_EU_20240222T064400_20240222T064900_PIC0_01.zip,lake,2024-02-22 06:47:02+00:00
214076L000125,2140001153,2024-02-23T06:47:19Z,LAGO DEL BRUGNETO,776.779,1.215464,1.0,9.190461850098096,44.540765577233614,SWOT_L2_HR_LakeSP_Obs_011_236_EU_20240223T064437_20240223T064722_PIC0_01.zip,lake,2024-02-23 06:47:19+00:00
214232L000133,2140008542,2024-02-23T20:05:01Z,no_data,64.086,0.0144,0.0,12.427334180880596,44.02312511114833,SWOT_L2_HR_LakeSP_Obs_011_251_EU_20240223T200424_20240223T201629_PIC0_01.zip,lake,2024-02-23 20:05:01+00:00
214232L000110,2140007362,2024-02-23T20:05:01Z,no_data,79.525,0.041987,1.0,12.412503344901818,44.00820597622187,SWOT_L2_HR_LakeSP_Obs_011_251_EU_20240223T200424_20240223T201629_PIC0_01.zip,lake,2024-02-23 20:05:01+00:00
214232L000176,2140007352,2024-02-23T20:05:02Z,LAGO AZZURRO,31.203,0.10919,0.0,12.461343653641427,44.04803440174404,SWOT_L2_HR_LakeSP_Obs_011_251_EU_20240223T200424_20240223T201629_PIC0_01.zip,lake,2024-02-23 20:05:02+00:00
215232R000384,2150000742,2024-02-24T20:05:31Z,BONIFICA DEL PADULE DI FUCECCHIO,12.78,0.026972,0.0,10.81423145393361,43.81668667578843,SWOT_L2_HR_LakeSP_Obs_011_279_EU_20240224T200402_20240224T201344_PIC0_01.zip,lake,2024-02-24 20:05:31+00:00
215232R000378,2150001262,2024-02-24T20:05:31Z,LAGHETTI DI LAMMARI,18.843,0.037531,0.0,10.55004644884128,43.86723610888026,SWOT_L2_HR_LakeSP_Obs_011_279_EU_20240224T200402_20240224T201344_PIC0_01.zip,lake,2024-02-24 20:05:31+00:00
215232R000265,2150000402,2024-02-24T20:05:31Z,no_data,41.062,0.018131,0.0,10.902565404328364,43.7669369391933,SWOT_L2_HR_LakeSP_Obs_011_279_EU_20240224T200402_20240224T201344_PIC0_01.zip,lake,2024-02-24 20:05:31+00:00
215232L000023,2150000252,2024-02-24T20:05:32Z,LAGO DEL SOLE,1.214,0.06109,0.0,10.13937381495401,44.005634731069776,SWOT_L2_HR_LakeSP_Obs_011_279_EU_20240224T200402_20240224T201344_PIC0_01.zip,lake,2024-02-24 20:05:32+00:00
215232R000902,2150001232,2024-02-24T20:05:36Z,no_data,526.054,0.061482,0.0,10.76754458268663,44.081951964648724,SWOT_L2_HR_LakeSP_Obs_011_279_EU_20240224T200402_20240224T201344_PIC0_01.zip,lake,2024-02-24 20:05:36+00:00
214232L000322,2140000802,2024-02-24T20:05:38Z,LAGO SQUINCIO,1238.659,0.039793,1.0,10.136420808255316,44.354087486437365,SWOT_L2_HR_LakeSP_Obs_011_279_EU_20240224T200402_20240224T201344_PIC0_01.zip,lake,2024-02-24 20:05:38+00:00
214232L000325,2140000672,2024-02-24T20:05:38Z,LAGO BALLANO,1323.498,0.068431,0.0,10.10002837323627,44.36811368796916,SWOT_L2_HR_LakeSP_Obs_011_279_EU_20240224T200402_20240224T201344_PIC0_01.zip,lake,2024-02-24 20:05:38+00:00
214233L000005,2140000182,2024-02-24T20:05:39Z,LAGO CALAMONE,1395.05,0.044884,0.0,10.28100004900443,44.382319181809294,SWOT_L2_HR_LakeSP_Obs_011_279_EU_20240224T200402_20240224T201344_PIC0_01.zip,lake,2024-02-24 20:05:39+00:00
214233R000129,2140000582,2024-02-24T20:05:43Z,SECCHIA,139.654,0.079036,1.0,10.734270176786904,44.50640906507874,SWOT_L2_HR_LakeSP_Obs_011_279_EU_20240224T200402_20240224T201344_PIC0_01.zip,lake,2024-02-24 20:05:43+00:00
214233L000111,2140000432,2024-02-24T20:05:43Z,no_data,168.405,0.062629,0.0,10.405242168871158,44.612782343973066,SWOT_L2_HR_LakeSP_Obs_011_279_EU_20240224T200402_20240224T201344_PIC0_01.zip,lake,2024-02-24 20:05:43+00:00
214233R000488,2140000872;2140000882,2024-02-24T20:05:45Z,no_data,32.618,0.073111,0.0,11.003524284527648,44.6042448036264,SWOT_L2_HR_LakeSP_Obs_011_279_EU_20240224T200402_20240224T201344_PIC0_01.zip,lake,2024-02-24 20:05:45+00:00
214233L000270,2140000902,2024-02-24T20:05:45Z,no_data,90.022,0.14698,0.0,10.16979965142064,44.76000592546954,SWOT_L2_HR_LakeSP_Obs_011_279_EU_20240224T200402_20240224T201344_PIC0_01.zip,lake,2024-02-24 20:05:45+00:00
214233L000273,2140000922,2024-02-24T20:05:45Z,no_data,96.021,0.331254,1.0,10.346165600069945,44.733167722011444,SWOT_L2_HR_LakeSP_Obs_011_279_EU_20240224T200402_20240224T201344_PIC0_01.zip,lake,2024-02-24 20:05:45+00:00
214233R000547,2140000352;2140000842,2024-02-24T20:05:46Z,no_data,40.769,0.080939,1.0,10.832975995514397,44.66619854205678,SWOT_L2_HR_LakeSP_Obs_011_279_EU_20240224T200402_20240224T201344_PIC0_01.zip,lake,2024-02-24 20:05:46+00:00
214233R000545,2140000702;2140000832;2140000772,2024-02-24T20:05:46Z,no_data,41.529,0.332309,1.0,10.8202818743089,44.66911811430799,SWOT_L2_HR_LakeSP_Obs_011_279_EU_20240224T200402_20240224T201344_PIC0_01.zip,lake,2024-02-24 20:05:46+00:00
214233R000543,2140000362;2140000632,2024-02-24T20:05:46Z,no_data,21.421,0.022938,1.0,10.82252564302247,44.66506901236774,SWOT_L2_HR_LakeSP_Obs_011_279_EU_20240224T200402_20240224T201344_PIC0_01.zip,lake,2024-02-24 20:05:46+00:00
214233R000540,2140000362;2140000642,2024-02-24T20:05:46Z,no_data,39.347,0.043377,1.0,10.823723404292853,44.66419202364732,SWOT_L2_HR_LakeSP_Obs_011_279_EU_20240224T200402_20240224T201344_PIC0_01.zip,lake,2024-02-24 20:05:46+00:00
214233R000536,2140000642,2024-02-24T20:05:46Z,no_data,40.12,0.035583,1.0,10.826789104091457,44.66292441103619,SWOT_L2_HR_LakeSP_Obs_011_279_EU_20240224T200402_20240224T201344_PIC0_01.zip,lake,2024-02-24 20:05:46+00:00
214233R000657,2140000102,2024-02-24T20:05:46Z,no_data,38.058,0.010231,1.0,10.818917706651014,44.70792431632286,SWOT_L2_HR_LakeSP_Obs_011_279_EU_20240224T200402_20240224T201344_PIC0_01.zip,lake,2024-02-24 20:05:46+00:00
214233L000318,2140000592,2024-02-24T20:05:46Z,no_data,69.896,0.022712,1.0,10.439479465795284,44.72740876316516,SWOT_L2_HR_LakeSP_Obs_011_279_EU_20240224T200402_20240224T201344_PIC0_01.zip,lake,2024-02-24 20:05:46+00:00
214233R000755,2140001782;2140002592,2024-02-24T20:05:47Z,no_data,39.246,0.082158,1.0,10.75630848638528,44.76936891984231,SWOT_L2_HR_LakeSP_Obs_011_279_EU_20240224T200402_20240224T201344_PIC0_01.zip,lake,2024-02-24 20:05:47+00:00
214233L000606,2140002682,2024-02-24T20:05:47Z,no_data,36.091,0.077006,1.0,10.237545359205662,44.87367270717439,SWOT_L2_HR_LakeSP_Obs_011_279_EU_20240224T200402_20240224T201344_PIC0_01.zip,lake,2024-02-24 20:05:47+00:00
214233R000914,2140002282,2024-02-24T20:05:48Z,no_data,20.256,0.048295,0.0,10.960821119908768,44.80086832230168,SWOT_L2_HR_LakeSP_Obs_011_279_EU_20240224T200402_20240224T201344_PIC0_01.zip,lake,2024-02-24 20:05:48+00:00
214233L000730,2140002422,2024-02-24T20:05:48Z,no_data,27.473,0.026403,0.0,10.30445131008213,44.91501750561468,SWOT_L2_HR_LakeSP_Obs_011_279_EU_20240224T200402_20240224T201344_PIC0_01.zip,lake,2024-02-24 20:05:48+00:00
214234L000039,2140018582;2140018592,2024-02-24T20:05:49Z,LAGO DI CAVA,27.113,0.380635,0.0,10.075730048110955,45.023586162928154,SWOT_L2_HR_LakeSP_Obs_011_279_EU_20240224T200402_20240224T201344_PIC0_01.zip,lake,2024-02-24 20:05:49+00:00
214234R000064,2140002522,2024-02-24T20:05:49Z,no_data,19.601,0.027275,1.0,10.975893528236352,44.862691731743055,SWOT_L2_HR_LakeSP_Obs_011_279_EU_20240224T200402_20240224T201344_PIC0_01.zip,lake,2024-02-24 20:05:49+00:00
214234R000072,2140001832,2024-02-24T20:05:50Z,no_data,17.184,0.030847,0.0,10.798091696899057,44.8996742926775,SWOT_L2_HR_LakeSP_Obs_011_279_EU_20240224T200402_20240224T201344_PIC0_01.zip,lake,2024-02-24 20:05:50+00:00
214234L000104,2140018442;2140018842,2024-02-24T20:05:50Z,no_data,24.849,0.105471,0.0,10.350613665706842,45.00362982169116,SWOT_L2_HR_LakeSP_Obs_011_279_EU_20240224T200402_20240224T201344_PIC0_01.zip,lake,2024-02-24 20:05:50+00:00
214234L000146,2140018962,2024-02-24T20:05:50Z,LAGO DI CAVA,27.321,0.072381,0.0,10.027343980232354,45.08243766558634,SWOT_L2_HR_LakeSP_Obs_011_279_EU_20240224T200402_20240224T201344_PIC0_01.zip,lake,2024-02-24 20:05:50+00:00
214234R000310,2140002192,2024-02-24T20:05:51Z,no_data,8.979,0.037113,0.0,11.17983230054974,44.93974589535658,SWOT_L2_HR_LakeSP_Obs_011_279_EU_20240224T200402_20240224T201344_PIC0_01.zip,lake,2024-02-24 20:05:51+00:00
214234R000228,2140001752;2140001802,2024-02-24T20:05:51Z,no_data,13.39,0.217171,0.0,10.8560194648901,44.96167004956136,SWOT_L2_HR_LakeSP_Obs_011_279_EU_20240224T200402_20240224T201344_PIC0_01.zip,lake,2024-02-24 20:05:51+00:00
214234R000217,2140001822,2024-02-24T20:05:51Z,no_data,10.054,0.081749,0.0,11.169024548542435,44.89665921244193,SWOT_L2_HR_LakeSP_Obs_011_279_EU_20240224T200402_20240224T201344_PIC0_01.zip,lake,2024-02-24 20:05:51+00:00
214075R000868,2140020882,2024-03-03T05:08:54Z,no_data,3.817,0.022809,0.0,12.08556554208015,45.0220175454879,SWOT_L2_HR_LakeSP_Obs_011_486_EU_20240303T050617_20240303T051125_PIC0_01.zip,lake,2024-03-03 05:08:54+00:00
214075R000960,2140010412,2024-03-03T05:08:55Z,no_data,-0.195,0.044628,0.0,11.83611311109905,44.91184850233667,SWOT_L2_HR_LakeSP_Obs_011_486_EU_20240303T050617_20240303T051125_PIC0_01.zip,lake,2024-03-03 05:08:55+00:00
214075R001198,2140010552;2140010602,2024-03-03T05:08:57Z,no_data,-2.281,0.105613,0.0,11.954479169450973,44.79245728553322,SWOT_L2_HR_LakeSP_Obs_011_486_EU_20240303T050617_20240303T051125_PIC0_01.zip,lake,2024-03-03 05:08:57+00:00
214075R001190,2140010542,2024-03-03T05:08:57Z,no_data,-2.611,0.091226,0.0,11.957038986466141,44.79715084606994,SWOT_L2_HR_LakeSP_Obs_011_486_EU_20240303T050617_20240303T051125_PIC0_01.zip,lake,2024-03-03 05:08:57+00:00
214075R001148,2140010242,2024-03-03T05:08:57Z,no_data,-2.055,0.050472,0.0,11.992080791556887,44.81675076613287,SWOT_L2_HR_LakeSP_Obs_011_486_EU_20240303T050617_20240303T051125_PIC0_01.zip,lake,2024-03-03 05:08:57+00:00
214075R001139,2140003542,2024-03-03T05:08:57Z,no_data,-4.146,0.074936,0.0,12.281103517920425,44.873423234478444,SWOT_L2_HR_LakeSP_Obs_011_486_EU_20240303T050617_20240303T051125_PIC0_01.zip,lake,2024-03-03 05:08:57+00:00
214075R001130,2140010232,2024-03-03T05:08:57Z,no_data,-1.415,0.568042,0.0,12.17350085273269,44.85311045742088,SWOT_L2_HR_LakeSP_Obs_011_486_EU_20240303T050617_20240303T051125_PIC0_01.zip,lake,2024-03-03 05:08:57+00:00
214075R001202,2140010422,2024-03-03T05:08:57Z,no_data,-2.658,0.041781,0.0,11.95080316968673,44.79201056611947,SWOT_L2_HR_LakeSP_Obs_011_486_EU_20240303T050617_20240303T051125_PIC0_01.zip,lake,2024-03-03 05:08:57+00:00
214075R001101,2140010302;2140010322,2024-03-03T05:08:57Z,no_data,-1.929,0.526991,0.0,12.180268162587591,44.86853398846696,SWOT_L2_HR_LakeSP_Obs_011_486_EU_20240303T050617_20240303T051125_PIC0_01.zip,lake,2024-03-03 05:08:57+00:00
214075R001212,2140009692,2024-03-03T05:08:58Z,no_data,-1.557,0.032732,0.0,11.789067586381911,44.75593664040193,SWOT_L2_HR_LakeSP_Obs_011_486_EU_20240303T050617_20240303T051125_PIC0_01.zip,lake,2024-03-03 05:08:58+00:00
214076R099978,2140007842,2024-03-03T05:08:58Z,LAGO GATTOLA,-0.926,0.042563,0.0,11.843385103130588,44.757070834327536,SWOT_L2_HR_LakeSP_Obs_011_486_EU_20240303T050617_20240303T051125_PIC0_01.zip,lake,2024-03-03 05:08:58+00:00
214076R099974,2140006602;2140006612,2024-03-03T05:08:58Z,no_data,-0.726,0.179578,0.0,11.945594540195327,44.73939844804638,SWOT_L2_HR_LakeSP_Obs_011_486_EU_20240303T050617_20240303T051125_PIC0_01.zip,lake,2024-03-03 05:08:58+00:00
214076R099977,2140010372;2140010402,2024-03-03T05:08:58Z,VALLE BERTUZZI,-1.205,7.163916,0.0,12.354729463399329,44.35881333934881,SWOT_L2_HR_LakeSP_Obs_011_486_EU_20240303T050617_20240303T051125_PIC0_01.zip,lake,2024-03-03 05:08:58+00:00
214077R000064,2140006572,2024-03-03T05:09:16Z,no_data,80.98,0.041453,0.0,12.666091620177518,43.80321521717221,SWOT_L2_HR_LakeSP_Obs_011_486_EU_20240303T050617_20240303T051125_PIC0_01.zip,lake,2024-03-03 05:09:16+00:00
214077R000068,2140006902,2024-03-03T05:09:17Z,no_data,104.707,0.193402,1.0,12.639940785479048,43.78589590672783,SWOT_L2_HR_LakeSP_Obs_011_486_EU_20240303T050617_20240303T051125_PIC0_01.zip,lake,2024-03-03 05:09:17+00:00
214075R001153,2140019562,2024-03-04T05:09:23Z,LANCA MORTIZZA,49.387,0.043247,0.0,9.471175344720354,45.12881836123671,SWOT_L2_HR_LakeSP_Obs_011_514_EU_20240304T050651_20240304T051007_PIC0_01.zip,lake,2024-03-04 05:09:23+00:00
214075R001368,2140013872,2024-03-04T05:09:24Z,no_data,48.796,0.066786,0.0,9.491741202961547,45.08046783296765,SWOT_L2_HR_LakeSP_Obs_011_514_EU_20240304T050651_20240304T051007_PIC0_01.zip,lake,2024-03-04 05:09:24+00:00
214075R001658,2140011712;2140013882,2024-03-04T05:09:25Z,LAGHETTO DI CAVA,41.096,0.794658,0.0,9.792312888935474,45.05551597756674,SWOT_L2_HR_LakeSP_Obs_011_514_EU_20240304T050651_20240304T051007_PIC0_01.zip,lake,2024-03-04 05:09:25+00:00
214075R001634,2140018732;2140019462,2024-03-04T05:09:25Z,LAGO VERDE,41.963,0.80071,0.0,9.77241306742318,45.05739430050049,SWOT_L2_HR_LakeSP_Obs_011_514_EU_20240304T050651_20240304T051007_PIC0_01.zip,lake,2024-03-04 05:09:25+00:00
214075R001862,2140002982,2024-03-04T05:09:26Z,no_data,260.882,0.321313,1.0,9.340779073612875,44.910144160061215,SWOT_L2_HR_LakeSP_Obs_011_514_EU_20240304T050651_20240304T051007_PIC0_01.zip,lake,2024-03-04 05:09:26+00:00
214075L001590,2140018362,2024-03-04T05:09:26Z,OASI FAUNISTICA E NATURALISTICA C ROSSA,31.102,0.169683,1.0,10.121691057014667,45.0797538076493,SWOT_L2_HR_LakeSP_Obs_011_514_EU_20240304T050651_20240304T051007_PIC0_01.zip,lake,2024-03-04 05:09:26+00:00
214075L002071,2140018252,2024-03-04T05:09:27Z,no_data,18.585,0.029647,0.0,10.602528666084154,45.06989647440195,SWOT_L2_HR_LakeSP_Obs_011_514_EU_20240304T050651_20240304T051007_PIC0_01.zip,lake,2024-03-04 05:09:27+00:00
214075L002061,2140018702,2024-03-04T05:09:27Z,no_data,18.15,0.034948,0.0,10.599575061150063,45.071018127010184,SWOT_L2_HR_LakeSP_Obs_011_514_EU_20240304T050651_20240304T051007_PIC0_01.zip,lake,2024-03-04 05:09:27+00:00
214075L002020,2140018162,2024-03-04T05:09:27Z,no_data,15.129,0.012201,1.0,10.59739898083222,45.0785819323838,SWOT_L2_HR_LakeSP_Obs_011_514_EU_20240304T050651_20240304T051007_PIC0_01.zip,lake,2024-03-04 05:09:27+00:00
214075L001944,2140018742,2024-03-04T05:09:27Z,no_data,25.776,0.017787,0.0,10.26253199964965,45.03798288935115,SWOT_L2_HR_LakeSP_Obs_011_514_EU_20240304T050651_20240304T051007_PIC0_01.zip,lake,2024-03-04 05:09:27+00:00
214075L001908,2140018782;2140018762,2024-03-04T05:09:27Z,no_data,30.79,0.264877,1.0,10.228161275193715,45.03584427476747,SWOT_L2_HR_LakeSP_Obs_011_514_EU_20240304T050651_20240304T051007_PIC0_01.zip,lake,2024-03-04 05:09:27+00:00
214075L002059,2140018532,2024-03-04T05:09:27Z,no_data,18.19,0.011784,0.0,10.602319713246228,45.071905430527316,SWOT_L2_HR_LakeSP_Obs_011_514_EU_20240304T050651_20240304T051007_PIC0_01.zip,lake,2024-03-04 05:09:27+00:00
214075L002346,2140002322,2024-03-04T05:09:28Z,no_data,26.297,0.345646,0.0,10.345295468169855,44.958417893574904,SWOT_L2_HR_LakeSP_Obs_011_514_EU_20240304T050651_20240304T051007_PIC0_01.zip,lake,2024-03-04 05:09:28+00:00
214075L002145,2140002612,2024-03-04T05:09:28Z,no_data,23.061,0.157658,0.0,10.355195292621413,44.99919201408805,SWOT_L2_HR_LakeSP_Obs_011_514_EU_20240304T050651_20240304T051007_PIC0_01.zip,lake,2024-03-04 05:09:28+00:00
214075L002379,2140002652,2024-03-04T05:09:28Z,no_data,34.411,0.037686,1.0,10.201085285248833,44.92504114577379,SWOT_L2_HR_LakeSP_Obs_011_514_EU_20240304T050651_20240304T051007_PIC0_01.zip,lake,2024-03-04 05:09:28+00:00
214075L002414,2140002462,2024-03-04T05:09:29Z,no_data,17.547,0.059766,1.0,10.637711493993079,44.99826844121682,SWOT_L2_HR_LakeSP_Obs_011_514_EU_20240304T050651_20240304T051007_PIC0_01.zip,lake,2024-03-04 05:09:29+00:00
214076L000031,2140002032;2140002022;2140002222;2140002392,2024-03-04T05:09:29Z,no_data,30.589,0.391342,0.0,10.305294753612216,44.92507923030752,SWOT_L2_HR_LakeSP_Obs_011_514_EU_20240304T050651_20240304T051007_PIC0_01.zip,lake,2024-03-04 05:09:29+00:00
214076L000051,2140002372,2024-03-04T05:09:29Z,no_data,29.393,0.039229,0.0,10.3500060310896,44.93233941130993,SWOT_L2_HR_LakeSP_Obs_011_514_EU_20240304T050651_20240304T051007_PIC0_01.zip,lake,2024-03-04 05:09:29+00:00
214076L000099,2140002062,2024-03-04T05:09:29Z,no_data,30.477,0.106699,0.0,10.309355618175935,44.91630002163205,SWOT_L2_HR_LakeSP_Obs_011_514_EU_20240304T050651_20240304T051007_PIC0_01.zip,lake,2024-03-04 05:09:29+00:00
214076L000451,2140001662,2024-03-04T05:09:30Z,no_data,26.18,0.026324,1.0,10.39713494605365,44.87015654579939,SWOT_L2_HR_LakeSP_Obs_011_514_EU_20240304T050651_20240304T051007_PIC0_01.zip,lake,2024-03-04 05:09:30+00:00
214076L000401,2140001632;2140001612,2024-03-04T05:09:30Z,no_data,22.028,0.413903,0.0,10.622046118066685,44.91848958266689,SWOT_L2_HR_LakeSP_Obs_011_514_EU_20240304T050651_20240304T051007_PIC0_01.zip,lake,2024-03-04 05:09:30+00:00
214076L000280,2140001812;2140001932;2140001922,2024-03-04T05:09:30Z,LAGHETTO DI CAVA,21.378,0.71515,0.0,10.657472643038453,44.93333046841235,SWOT_L2_HR_LakeSP_Obs_011_514_EU_20240304T050651_20240304T051007_PIC0_01.zip,lake,2024-03-04 05:09:30+00:00
214076L000378,2140002542,2024-03-04T05:09:30Z,no_data,39.202,0.074401,1.0,10.251852343602259,44.85637618748367,SWOT_L2_HR_LakeSP_Obs_011_514_EU_20240304T050651_20240304T051007_PIC0_01.zip,lake,2024-03-04 05:09:30+00:00
214076L000905,2140001722,2024-03-04T05:09:32Z,no_data,23.855,0.049874,0.0,10.573775348189766,44.801932320450355,SWOT_L2_HR_LakeSP_Obs_011_514_EU_20240304T050651_20240304T051007_PIC0_01.zip,lake,2024-03-04 05:09:32+00:00
214076L001525,2140000232,2024-03-04T05:09:34Z,no_data,34.188,0.041111,0.0,10.85240044374991,44.70158304185254,SWOT_L2_HR_LakeSP_Obs_011_514_EU_20240304T050651_20240304T051007_PIC0_01.zip,lake,2024-03-04 05:09:34+00:00
214076L001468,2140000122,2024-03-04T05:09:34Z,no_data,142.405,0.016859,1.0,10.413246250702247,44.64430418850263,SWOT_L2_HR_LakeSP_Obs_011_514_EU_20240304T050651_20240304T051007_PIC0_01.zip,lake,2024-03-04 05:09:34+00:00
214076L001617,2140000382,2024-03-04T05:09:35Z,no_data,38.322,0.28684,0.0,10.836772934788538,44.65787773923497,SWOT_L2_HR_LakeSP_Obs_011_514_EU_20240304T050651_20240304T051007_PIC0_01.zip,lake,2024-03-04 05:09:35+00:00
214076L001669,2140000482,2024-03-04T05:09:35Z,no_data,433.149,0.020223,0.0,10.560079506723351,44.57899307760401,SWOT_L2_HR_LakeSP_Obs_011_514_EU_20240304T050651_20240304T051007_PIC0_01.zip,lake,2024-03-04 05:09:35+00:00
214076L001599,2140000362,2024-03-04T05:09:35Z,no_data,38.875,0.034241,1.0,10.82295119443031,44.66482832647617,SWOT_L2_HR_LakeSP_Obs_011_514_EU_20240304T050651_20240304T051007_PIC0_01.zip,lake,2024-03-04 05:09:35+00:00
214076L001598,2140000112,2024-03-04T05:09:35Z,no_data,39.625,0.181309,1.0,10.800057812313321,44.659619390569006,SWOT_L2_HR_LakeSP_Obs_011_514_EU_20240304T050651_20240304T051007_PIC0_01.zip,lake,2024-03-04 05:09:35+00:00
214076L001570,2140000522,2024-03-04T05:09:35Z,no_data,37.6,0.068661,0.0,10.811013357088843,44.670981943151816,SWOT_L2_HR_LakeSP_Obs_011_514_EU_20240304T050651_20240304T051007_PIC0_01.zip,lake,2024-03-04 05:09:35+00:00
214076L001569,2140000512,2024-03-04T05:09:35Z,no_data,38.021,0.028725,0.0,10.817751435278371,44.672983687867514,SWOT_L2_HR_LakeSP_Obs_011_514_EU_20240304T050651_20240304T051007_PIC0_01.zip,lake,2024-03-04 05:09:35+00:00
214076L001591,2140000832;2140000772;2140000842;2140000642;2140000352;2140000632,2024-03-04T05:09:35Z,no_data,38.877,0.300035,0.0,10.829415952742675,44.66606016888602,SWOT_L2_HR_LakeSP_Obs_011_514_EU_20240304T050651_20240304T051007_PIC0_01.zip,lake,2024-03-04 05:09:35+00:00
215076R000122,2150001992,2024-03-04T05:09:37Z,BACINO DELLA ROCCHETTA,390.007,0.042323,0.0,9.846189157737324,44.32495499979014,SWOT_L2_HR_LakeSP_Obs_011_514_EU_20240304T050651_20240304T051007_PIC0_01.zip,lake,2024-03-04 05:09:37+00:00
215077R000191,2150002022,2024-03-04T05:09:42Z,no_data,10.121,0.192995,0.0,10.006039396933318,44.0912122496709,SWOT_L2_HR_LakeSP_Obs_011_514_EU_20240304T050651_20240304T051007_PIC0_01.zip,lake,2024-03-04 05:09:42+00:00
215077L000136,2150001242,2024-03-04T05:09:45Z,LAGO DI GIOVIANO,109.329,0.051097,1.0,10.522496817265482,44.01958018843844,SWOT_L2_HR_LakeSP_Obs_011_514_EU_20240304T050651_20240304T051007_PIC0_01.zip,lake,2024-03-04 05:09:45+00:00
215078L000376,2150001002,2024-03-04T05:09:51Z,no_data,19.206,0.039728,0.0,10.98757348046231,43.73654384338542,SWOT_L2_HR_LakeSP_Obs_011_514_EU_20240304T050651_20240304T051007_PIC0_01.zip,lake,2024-03-04 05:09:51+00:00
215231L000717,2150000122,2024-03-05T18:27:44Z,no_data,34.33,0.021116,0.0,11.106298457750498,43.81738427086381,SWOT_L2_HR_LakeSP_Obs_011_557_EU_20240305T182723_20240305T183552_PIC0_01.zip,lake,2024-03-05 18:27:44+00:00
215231L000708,2150000072,2024-03-05T18:27:44Z,no_data,33.774,0.063441,0.0,11.0695878109274,43.82191399799619,SWOT_L2_HR_LakeSP_Obs_011_557_EU_20240305T182723_20240305T183552_PIC0_01.zip,lake,2024-03-05 18:27:44+00:00
215231L000705,2150000352,2024-03-05T18:27:44Z,no_data,33.733,0.048452,0.0,11.072198029777226,43.820232119148265,SWOT_L2_HR_LakeSP_Obs_011_557_EU_20240305T182723_20240305T183552_PIC0_01.zip,lake,2024-03-05 18:27:44+00:00
215231L000665,2150000202,2024-03-05T18:27:44Z,LAGO DI CASTAGNATI,89.262,0.016501,1.0,11.01589972763189,43.81895280766375,SWOT_L2_HR_LakeSP_Obs_011_557_EU_20240305T182723_20240305T183552_PIC0_01.zip,lake,2024-03-05 18:27:44+00:00
215231L000612,2150000382,2024-03-05T18:27:44Z,no_data,29.467,0.104293,0.0,11.1053686106961,43.78496933680712,SWOT_L2_HR_LakeSP_Obs_011_557_EU_20240305T182723_20240305T183552_PIC0_01.zip,lake,2024-03-05 18:27:44+00:00
215231L000619,2150000232,2024-03-05T18:27:44Z,no_data,30.069,0.048091,0.0,11.125642273054742,43.78492479093072,SWOT_L2_HR_LakeSP_Obs_011_557_EU_20240305T182723_20240305T183552_PIC0_01.zip,lake,2024-03-05 18:27:44+00:00
215231L000602,2150000982;2150000392,2024-03-05T18:27:44Z,no_data,29.429,0.596922,0.0,11.11779379505991,43.78436861076857,SWOT_L2_HR_LakeSP_Obs_011_557_EU_20240305T182723_20240305T183552_PIC0_01.zip,lake,2024-03-05 18:27:44+00:00
215231L000570,2150000242,2024-03-05T18:27:44Z,no_data,35.04,1.031429,1.0,11.096841985615132,43.77132132649632,SWOT_L2_HR_LakeSP_Obs_011_557_EU_20240305T182723_20240305T183552_PIC0_01.zip,lake,2024-03-05 18:27:44+00:00
215232L000105,2150000322,2024-03-05T18:27:45Z,no_data,37.901,0.036518,0.0,11.023709374292071,43.875289839095956,SWOT_L2_HR_LakeSP_Obs_011_557_EU_20240305T182723_20240305T183552_PIC0_01.zip,lake,2024-03-05 18:27:45+00:00
215232L000004,2150001252,2024-03-05T18:27:45Z,no_data,44.639,0.032512,0.0,10.94306088087264,43.87267892067114,SWOT_L2_HR_LakeSP_Obs_011_557_EU_20240305T182723_20240305T183552_PIC0_01.zip,lake,2024-03-05 18:27:45+00:00
215232L000003,2150000332,2024-03-05T18:27:45Z,no_data,37.295,0.107662,0.0,11.025753040506313,43.85975688233777,SWOT_L2_HR_LakeSP_Obs_011_557_EU_20240305T182723_20240305T183552_PIC0_01.zip,lake,2024-03-05 18:27:45+00:00
215231L000772,2150000192,2024-03-05T18:27:45Z,no_data,35.913,0.017844,1.0,11.05403882132022,43.84218886312611,SWOT_L2_HR_LakeSP_Obs_011_557_EU_20240305T182723_20240305T183552_PIC0_01.zip,lake,2024-03-05 18:27:45+00:00
215231L000764,2150000732,2024-03-05T18:27:45Z,no_data,34.709,0.038469,1.0,11.157342105954438,43.82251603770398,SWOT_L2_HR_LakeSP_Obs_011_557_EU_20240305T182723_20240305T183552_PIC0_01.zip,lake,2024-03-05 18:27:45+00:00
215231L000751,2150000362,2024-03-05T18:27:45Z,no_data,36.072,0.029254,1.0,11.187767648635518,43.81350343516741,SWOT_L2_HR_LakeSP_Obs_011_557_EU_20240305T182723_20240305T183552_PIC0_01.zip,lake,2024-03-05 18:27:45+00:00
215231L000721,2150000082,2024-03-05T18:27:45Z,no_data,34.446,0.117898,0.0,11.102959791097021,43.82272905911044,SWOT_L2_HR_LakeSP_Obs_011_557_EU_20240305T182723_20240305T183552_PIC0_01.zip,lake,2024-03-05 18:27:45+00:00
215231L000719,2150000102,2024-03-05T18:27:45Z,no_data,82.995,0.036202,0.0,10.955396379991434,43.84641797305787,SWOT_L2_HR_LakeSP_Obs_011_557_EU_20240305T182723_20240305T183552_PIC0_01.zip,lake,2024-03-05 18:27:45+00:00
215232R000017,2150004502,2024-03-05T18:27:45Z,no_data,383.83,0.048222,0.0,11.788325951714002,43.73849025023604,SWOT_L2_HR_LakeSP_Obs_011_557_EU_20240305T182723_20240305T183552_PIC0_01.zip,lake,2024-03-05 18:27:45+00:00
215232L000292,2150000942,2024-03-05T18:27:46Z,no_data,43.488,0.049903,0.0,11.002102481569366,43.91148747413671,SWOT_L2_HR_LakeSP_Obs_011_557_EU_20240305T182723_20240305T183552_PIC0_01.zip,lake,2024-03-05 18:27:46+00:00
214232R000036,2140008382,2024-03-05T18:27:47Z,LAGO DI RIDRACOLI,557.371,0.025414,1.0,11.840672631258204,43.848582405576806,SWOT_L2_HR_LakeSP_Obs_011_557_EU_20240305T182723_20240305T183552_PIC0_01.zip,lake,2024-03-05 18:27:47+00:00
215232L000460,2150005772,2024-03-05T18:27:48Z,no_data,281.147,0.185329,1.0,11.301186973518657,44.01569351927727,SWOT_L2_HR_LakeSP_Obs_011_557_EU_20240305T182723_20240305T183552_PIC0_01.zip,lake,2024-03-05 18:27:48+00:00
215232L000441,2150005782,2024-03-05T18:27:48Z,no_data,274.103,0.028615,1.0,11.332218886392464,43.9963323348218,SWOT_L2_HR_LakeSP_Obs_011_557_EU_20240305T182723_20240305T183552_PIC0_01.zip,lake,2024-03-05 18:27:48+00:00
214232L000500,2140003492,2024-03-05T18:27:50Z,LAGO DI SANTA MARIA,519.257,0.077915,0.0,11.150776513771863,44.15152251861778,SWOT_L2_HR_LakeSP_Obs_011_557_EU_20240305T182723_20240305T183552_PIC0_01.zip,lake,2024-03-05 18:27:50+00:00
214232R000345,2140009672,2024-03-05T18:27:54Z,no_data,76.199,0.042627,0.0,11.840877786820435,44.2203581944114,SWOT_L2_HR_LakeSP_Obs_011_557_EU_20240305T182723_20240305T183552_PIC0_01.zip,lake,2024-03-05 18:27:54+00:00
214232L000612,2140008312,2024-03-05T18:27:54Z,LAGO MINORE;LAGO MAGGIORE;LAGO DELL'ALTANA,175.414,0.380934,1.0,11.476108841002677,44.31765928714282,SWOT_L2_HR_LakeSP_Obs_011_557_EU_20240305T182723_20240305T183552_PIC0_01.zip,lake,2024-03-05 18:27:54+00:00
214233L000008,2140008502,2024-03-05T18:27:55Z,LAGO DI PESCA DI SAN MARTINO,86.094,0.030192,0.0,11.576606612392958,44.360978205415556,SWOT_L2_HR_LakeSP_Obs_011_557_EU_20240305T182723_20240305T183552_PIC0_01.zip,lake,2024-03-05 18:27:55+00:00
214233R000107,2140007092,2024-03-05T18:27:56Z,no_data,1.542,0.565918,1.0,12.30974643701918,44.27306944196273,SWOT_L2_HR_LakeSP_Obs_011_557_EU_20240305T182723_20240305T183552_PIC0_01.zip,lake,2024-03-05 18:27:56+00:00
214233R000170,2140008522,2024-03-05T18:27:56Z,no_data,-2.505,0.304527,0.0,12.279429035552724,44.311368534597875,SWOT_L2_HR_LakeSP_Obs_011_557_EU_20240305T182723_20240305T183552_PIC0_01.zip,lake,2024-03-05 18:27:56+00:00
214233R000101,2140009652,2024-03-05T18:27:56Z,no_data,-0.5,0.026641,0.0,12.308852945938899,44.266874956119395,SWOT_L2_HR_LakeSP_Obs_011_557_EU_20240305T182723_20240305T183552_PIC0_01.zip,lake,2024-03-05 18:27:56+00:00
214233R000055,2140006542;2140010092;2140010112;2140006862;2140006132;2140006122;2140006102,2024-03-05T18:27:56Z,no_data,-0.924,4.96134,0.0,12.321374804429421,44.252463471399054,SWOT_L2_HR_LakeSP_Obs_011_557_EU_20240305T182723_20240305T183552_PIC0_01.zip,lake,2024-03-05 18:27:56+00:00
214233L000105,2140009002,2024-03-05T18:27:56Z,no_data,57.073,0.061183,0.0,11.44084437226466,44.44833368686917,SWOT_L2_HR_LakeSP_Obs_011_557_EU_20240305T182723_20240305T183552_PIC0_01.zip,lake,2024-03-05 18:27:56+00:00
214233R000305,2140006512,2024-03-05T18:27:57Z,no_data,-1.589,0.064845,0.0,12.255791090081592,44.361717489972506,SWOT_L2_HR_LakeSP_Obs_011_557_EU_20240305T182723_20240305T183552_PIC0_01.zip,lake,2024-03-05 18:27:57+00:00
214233R000187,2140009122,2024-03-05T18:27:57Z,no_data,-2.172,0.407202,0.0,12.274697682712105,44.31851580918681,SWOT_L2_HR_LakeSP_Obs_011_557_EU_20240305T182723_20240305T183552_PIC0_01.zip,lake,2024-03-05 18:27:57+00:00
214233R000195,2140009142,2024-03-05T18:27:57Z,no_data,-0.512,0.17461,1.0,12.326416510265997,44.30909202353444,SWOT_L2_HR_LakeSP_Obs_011_557_EU_20240305T182723_20240305T183552_PIC0_01.zip,lake,2024-03-05 18:27:57+00:00
214233R000210,2140009132,2024-03-05T18:27:57Z,no_data,-0.008,0.024862,0.0,12.329425691966561,44.31304339906576,SWOT_L2_HR_LakeSP_Obs_011_557_EU_20240305T182723_20240305T183552_PIC0_01.zip,lake,2024-03-05 18:27:57+00:00
214233R000218,2140009992,2024-03-05T18:27:57Z,BACINO DELLA STANDIANA,-4.049,1.074965,0.0,12.25282704483053,44.33791376261138,SWOT_L2_HR_LakeSP_Obs_011_557_EU_20240305T182723_20240305T183552_PIC0_01.zip,lake,2024-03-05 18:27:57+00:00
214233R000223,2140010002,2024-03-05T18:27:57Z,LAGO DELLE GHIARINE,-2.593,0.15033,0.0,12.276577071719686,44.33133369017693,SWOT_L2_HR_LakeSP_Obs_011_557_EU_20240305T182723_20240305T183552_PIC0_01.zip,lake,2024-03-05 18:27:57+00:00
214233R000248,2140009112,2024-03-05T18:27:57Z,LAGO DELLE GHIARINE,-2.607,0.187172,0.0,12.271312631200303,44.338304400964006,SWOT_L2_HR_LakeSP_Obs_011_557_EU_20240305T182723_20240305T183552_PIC0_01.zip,lake,2024-03-05 18:27:57+00:00
214233R000249,2140007042,2024-03-05T18:27:57Z,LAGO DELLE GHIARINE,-5.123,0.045321,1.0,12.242125059300829,44.34259483970195,SWOT_L2_HR_LakeSP_Obs_011_557_EU_20240305T182723_20240305T183552_PIC0_01.zip,lake,2024-03-05 18:27:57+00:00
214233R000255,2140006522,2024-03-05T18:27:57Z,no_data,-1.799,0.073279,0.0,12.309853032912162,44.33242573710778,SWOT_L2_HR_LakeSP_Obs_011_557_EU_20240305T182723_20240305T183552_PIC0_01.zip,lake,2024-03-05 18:27:57+00:00
214233R000333,2140006062,2024-03-05T18:27:57Z,no_data,-2.098,0.052766,1.0,12.262704359578315,44.37449985437404,SWOT_L2_HR_LakeSP_Obs_011_557_EU_20240305T182723_20240305T183552_PIC0_01.zip,lake,2024-03-05 18:27:57+00:00
214233R000259,2140006812,2024-03-05T18:27:57Z,no_data,-3.447,0.024255,0.0,12.257001662510628,44.34388865971441,SWOT_L2_HR_LakeSP_Obs_011_557_EU_20240305T182723_20240305T183552_PIC0_01.zip,lake,2024-03-05 18:27:57+00:00
214233R000285,2140008282,2024-03-05T18:27:57Z,no_data,-0.878,0.213744,0.0,12.295883962498323,44.34954036017112,SWOT_L2_HR_LakeSP_Obs_011_557_EU_20240305T182723_20240305T183552_PIC0_01.zip,lake,2024-03-05 18:27:57+00:00
214233R000300,2140009972,2024-03-05T18:27:57Z,no_data,-2.144,0.094554,0.0,12.259267200011264,44.35690444268519,SWOT_L2_HR_LakeSP_Obs_011_557_EU_20240305T182723_20240305T183552_PIC0_01.zip,lake,2024-03-05 18:27:57+00:00
214233R000314,2140005982,2024-03-05T18:27:57Z,no_data,5.349,0.046449,0.0,11.920150489760202,44.429965217907025,SWOT_L2_HR_LakeSP_Obs_011_557_EU_20240305T182723_20240305T183552_PIC0_01.zip,lake,2024-03-05 18:27:57+00:00
214233R000258,2140006802;2140006792,2024-03-05T18:27:57Z,LAGO DELLE GHIARINE,-3.637,0.397629,0.0,12.240425857127327,44.349179982005396,SWOT_L2_HR_LakeSP_Obs_011_557_EU_20240305T182723_20240305T183552_PIC0_01.zip,lake,2024-03-05 18:27:57+00:00
214233R000296,2140009042;2140009082;2140009062,2024-03-05T18:27:57Z,no_data,-0.102,0.882945,0.0,12.307261534032083,44.35162362270336,SWOT_L2_HR_LakeSP_Obs_011_557_EU_20240305T182723_20240305T183552_PIC0_01.zip,lake,2024-03-05 18:27:57+00:00
214233L000446,2140008162,2024-03-05T18:27:57Z,no_data,22.503,0.057246,0.0,11.339456245508813,44.546899064899534,SWOT_L2_HR_LakeSP_Obs_011_557_EU_20240305T182723_20240305T183552_PIC0_01.zip,lake,2024-03-05 18:27:57+00:00
214233L000414,2140009922,2024-03-05T18:27:57Z,LAGHETTI DEL ROSARIO,29.446,0.040212,0.0,11.33616788178701,44.53938538030647,SWOT_L2_HR_LakeSP_Obs_011_557_EU_20240305T182723_20240305T183552_PIC0_01.zip,lake,2024-03-05 18:27:57+00:00
214233L000410,2140009462,2024-03-05T18:27:57Z,no_data,29.362,0.020844,1.0,11.331445843159266,44.539136666975,SWOT_L2_HR_LakeSP_Obs_011_557_EU_20240305T182723_20240305T183552_PIC0_01.zip,lake,2024-03-05 18:27:57+00:00
214233L000309,2140008192,2024-03-05T18:27:57Z,no_data,35.454,0.056551,1.0,11.464772436615462,44.497257307909976,SWOT_L2_HR_LakeSP_Obs_011_557_EU_20240305T182723_20240305T183552_PIC0_01.zip,lake,2024-03-05 18:27:57+00:00
214233L000278,2140008202,2024-03-05T18:27:57Z,no_data,39.719,0.0186,1.0,11.45277562546438,44.49360192531206,SWOT_L2_HR_LakeSP_Obs_011_557_EU_20240305T182723_20240305T183552_PIC0_01.zip,lake,2024-03-05 18:27:57+00:00
214233R000456,2140008992,2024-03-05T18:27:58Z,no_data,1.135,0.063673,0.0,12.153433983675917,44.43558334137617,SWOT_L2_HR_LakeSP_Obs_011_557_EU_20240305T182723_20240305T183552_PIC0_01.zip,lake,2024-03-05 18:27:58+00:00
214233R000361,2140006492;2140006052,2024-03-05T18:27:58Z,no_data,-1.528,0.28935,0.0,12.267396800372639,44.384686282954156,SWOT_L2_HR_LakeSP_Obs_011_557_EU_20240305T182723_20240305T183552_PIC0_01.zip,lake,2024-03-05 18:27:58+00:00
214233R000460,2140006772,2024-03-05T18:27:58Z,LAGO MAX,2.482,0.032725,0.0,12.244103407614032,44.41847531310623,SWOT_L2_HR_LakeSP_Obs_011_557_EU_20240305T182723_20240305T183552_PIC0_01.zip,lake,2024-03-05 18:27:58+00:00
214233R000468,2140008952,2024-03-05T18:27:58Z,CAVE - PESCA SPORTIVA,4.693,0.032719,1.0,11.953087125014932,44.47450446271655,SWOT_L2_HR_LakeSP_Obs_011_557_EU_20240305T182723_20240305T183552_PIC0_01.zip,lake,2024-03-05 18:27:58+00:00
214233R000491,2140009572,2024-03-05T18:27:58Z,no_data,-1.032,0.487273,1.0,12.280379808746975,44.42526777196615,SWOT_L2_HR_LakeSP_Obs_011_557_EU_20240305T182723_20240305T183552_PIC0_01.zip,lake,2024-03-05 18:27:58+00:00
214233L000627,2140008102,2024-03-05T18:27:58Z,no_data,25.41,0.033638,1.0,11.319512847445658,44.59560906326591,SWOT_L2_HR_LakeSP_Obs_011_557_EU_20240305T182723_20240305T183552_PIC0_01.zip,lake,2024-03-05 18:27:58+00:00
214233R000568,2140006742,2024-03-05T18:27:59Z,no_data,4.044,0.022189,0.0,12.257217895220116,44.44340195084321,SWOT_L2_HR_LakeSP_Obs_011_557_EU_20240305T182723_20240305T183552_PIC0_01.zip,lake,2024-03-05 18:27:59+00:00
214233L000770,2140009882;2140009412,2024-03-05T18:27:59Z,no_data,9.868,0.377223,1.0,11.642954204611591,44.573316575444665,SWOT_L2_HR_LakeSP_Obs_011_557_EU_20240305T182723_20240305T183552_PIC0_01.zip,lake,2024-03-05 18:27:59+00:00
214233L000781,2140008792,2024-03-05T18:27:59Z,VALLE BENNI,11.877,0.01996,1.0,11.540739275713173,44.5905331918147,SWOT_L2_HR_LakeSP_Obs_011_557_EU_20240305T182723_20240305T183552_PIC0_01.zip,lake,2024-03-05 18:27:59+00:00
214233L000791,2140008082,2024-03-05T18:27:59Z,VALLE BENNI,10.554,0.046337,0.0,11.543959738797367,44.592839608747724,SWOT_L2_HR_LakeSP_Obs_011_557_EU_20240305T182723_20240305T183552_PIC0_01.zip,lake,2024-03-05 18:27:59+00:00
214233L000811,2140008802,2024-03-05T18:27:59Z,no_data,8.407,0.248635,0.0,11.644490982718484,44.58069569673931,SWOT_L2_HR_LakeSP_Obs_011_557_EU_20240305T182723_20240305T183552_PIC0_01.zip,lake,2024-03-05 18:27:59+00:00
214233L000831,2140008422,2024-03-05T18:27:59Z,no_data,18.973,0.319067,0.0,11.381037725346005,44.63473398481122,SWOT_L2_HR_LakeSP_Obs_011_557_EU_20240305T182723_20240305T183552_PIC0_01.zip,lake,2024-03-05 18:27:59+00:00
214233L000877,2140009332,2024-03-05T18:27:59Z,no_data,13.142,0.056643,0.0,11.429885582953828,44.63429818525782,SWOT_L2_HR_LakeSP_Obs_011_557_EU_20240305T182723_20240305T183552_PIC0_01.zip,lake,2024-03-05 18:27:59+00:00
214233R000607,2140006482,2024-03-05T18:27:59Z,no_data,1.7,0.065571,0.0,12.229279263058995,44.45981645264844,SWOT_L2_HR_LakeSP_Obs_011_557_EU_20240305T182723_20240305T183552_PIC0_01.zip,lake,2024-03-05 18:27:59+00:00
214233R000635,2140008942;2140006722;2140006472,2024-03-05T18:27:59Z,CHIARO DEL PONTAZZO;CHIARO DEL CAPANNO GARIBALDI;CHIARO DELLA RISEGA,-0.092,3.276186,0.0,12.25162585365115,44.48158000057887,SWOT_L2_HR_LakeSP_Obs_011_557_EU_20240305T182723_20240305T183552_PIC0_01.zip,lake,2024-03-05 18:27:59+00:00
214233L000681,2140003472,2024-03-05T18:27:59Z,no_data,20.662,0.320738,0.0,11.24406009518003,44.62886478554016,SWOT_L2_HR_LakeSP_Obs_011_557_EU_20240305T182723_20240305T183552_PIC0_01.zip,lake,2024-03-05 18:27:59+00:00
214233R000530,2140008222,2024-03-05T18:27:59Z,no_data,-0.849,0.130198,0.0,12.133652896726877,44.460997166594325,SWOT_L2_HR_LakeSP_Obs_011_557_EU_20240305T182723_20240305T183552_PIC0_01.zip,lake,2024-03-05 18:27:59+00:00
214233R000754,2140008832,2024-03-05T18:28:00Z,no_data,-1.204,0.03201,1.0,12.11867383069838,44.56162243370396,SWOT_L2_HR_LakeSP_Obs_011_557_EU_20240305T182723_20240305T183552_PIC0_01.zip,lake,2024-03-05 18:28:00+00:00
214233R000752,2140006402,2024-03-05T18:28:00Z,no_data,-1.126,0.066176,0.0,12.109346527301346,44.564306631285966,SWOT_L2_HR_LakeSP_Obs_011_557_EU_20240305T182723_20240305T183552_PIC0_01.zip,lake,2024-03-05 18:28:00+00:00
214233R000744,2140007012,2024-03-05T18:28:00Z,no_data,-0.179,0.050703,0.0,12.21963021001033,44.52887817928267,SWOT_L2_HR_LakeSP_Obs_011_557_EU_20240305T182723_20240305T183552_PIC0_01.zip,lake,2024-03-05 18:28:00+00:00
214233R000712,2140009512,2024-03-05T18:28:00Z,CHIARO D'ALDO;CHIARA BASSA DEL CAVALLO;CHIARO ;CHIARO DEL COMUNE;CHIARA NESPINO;CHIARO DEI PARTIGIANI;CHIARO VENA DEL LARGO;ISOLA DEGLI SPINARONI,-0.194,0.126646,0.0,12.24256460606806,44.509585542291404,SWOT_L2_HR_LakeSP_Obs_011_557_EU_20240305T182723_20240305T183552_PIC0_01.zip,lake,2024-03-05 18:28:00+00:00
214233R000705,2140009532;2140008912;2140009512,2024-03-05T18:28:00Z,CHIARA DEL PARADISO,-0.137,3.906011,1.0,12.262621682561955,44.51031659872916,SWOT_L2_HR_LakeSP_Obs_011_557_EU_20240305T182723_20240305T183552_PIC0_01.zip,lake,2024-03-05 18:28:00+00:00
214233L001025,2140007932,2024-03-05T18:28:00Z,no_data,10.378,0.023661,0.0,11.454391741894808,44.66728227792051,SWOT_L2_HR_LakeSP_Obs_011_557_EU_20240305T182723_20240305T183552_PIC0_01.zip,lake,2024-03-05 18:28:00+00:00
214233R000756,2140009872,2024-03-05T18:28:00Z,no_data,-1.824,0.023289,0.0,12.116888976948422,44.56357859745236,SWOT_L2_HR_LakeSP_Obs_011_557_EU_20240305T182723_20240305T183552_PIC0_01.zip,lake,2024-03-05 18:28:00+00:00
214233R000772,2140005882;2140009342,2024-03-05T18:28:00Z,no_data,-2.327,0.220256,0.0,11.988310211673493,44.60338440563159,SWOT_L2_HR_LakeSP_Obs_011_557_EU_20240305T182723_20240305T183552_PIC0_01.zip,lake,2024-03-05 18:28:00+00:00
214233L001044,2140009282,2024-03-05T18:28:00Z,no_data,10.635,0.011054,1.0,11.458269693277039,44.67057269714944,SWOT_L2_HR_LakeSP_Obs_011_557_EU_20240305T182723_20240305T183552_PIC0_01.zip,lake,2024-03-05 18:28:00+00:00
214233L000991,2140007982,2024-03-05T18:28:00Z,no_data,6.008,0.026092,0.0,11.570275393433795,44.6392929899565,SWOT_L2_HR_LakeSP_Obs_011_557_EU_20240305T182723_20240305T183552_PIC0_01.zip,lake,2024-03-05 18:28:00+00:00
214233L001012,2140009312,2024-03-05T18:28:00Z,no_data,12.649,0.032534,0.0,11.444995459415612,44.66740075869792,SWOT_L2_HR_LakeSP_Obs_011_557_EU_20240305T182723_20240305T183552_PIC0_01.zip,lake,2024-03-05 18:28:00+00:00
214233L001079,2140009762;2140009772,2024-03-05T18:28:00Z,no_data,7.702,0.109479,0.0,11.457491568915184,44.68532493221292,SWOT_L2_HR_LakeSP_Obs_011_557_EU_20240305T182723_20240305T183552_PIC0_01.zip,lake,2024-03-05 18:28:00+00:00
214233L001140,2140009252;2140008612,2024-03-05T18:28:00Z,no_data,5.221,0.577034,0.0,11.574142853680382,44.67853042736674,SWOT_L2_HR_LakeSP_Obs_011_557_EU_20240305T182723_20240305T183552_PIC0_01.zip,lake,2024-03-05 18:28:00+00:00
214233L000938,2140008022;2140008032,2024-03-05T18:28:00Z,no_data,7.919,0.650883,1.0,11.555393260741106,44.63375125319662,SWOT_L2_HR_LakeSP_Obs_011_557_EU_20240305T182723_20240305T183552_PIC0_01.zip,lake,2024-03-05 18:28:00+00:00
214233L001162,2140009262,2024-03-05T18:28:00Z,no_data,6.5,0.771395,1.0,11.612799427113707,44.67589374645412,SWOT_L2_HR_LakeSP_Obs_011_557_EU_20240305T182723_20240305T183552_PIC0_01.zip,lake,2024-03-05 18:28:00+00:00
214233R000831,2140005892,2024-03-05T18:28:01Z,no_data,-0.314,0.202725,0.0,12.26937853800963,44.595860750872184,SWOT_L2_HR_LakeSP_Obs_011_557_EU_20240305T182723_20240305T183552_PIC0_01.zip,lake,2024-03-05 18:28:01+00:00
214233R000747,2140006242,2024-03-05T18:28:01Z,VALLI DI COMACCHIO,-0.451,124.303612,0.0,12.159071662819267,44.63509069125974,SWOT_L2_HR_LakeSP_Obs_011_557_EU_20240305T182723_20240305T183552_PIC0_01.zip,lake,2024-03-05 18:28:01+00:00
214233R000808,2140005962,2024-03-05T18:28:01Z,no_data,-2.069,0.0869,0.0,12.263684685163664,44.56743842749962,SWOT_L2_HR_LakeSP_Obs_011_557_EU_20240305T182723_20240305T183552_PIC0_01.zip,lake,2024-03-05 18:28:01+00:00
214233R000826,2140005942,2024-03-05T18:28:01Z,no_data,-0.87,0.19929,0.0,12.257818066355124,44.58889192635938,SWOT_L2_HR_LakeSP_Obs_011_557_EU_20240305T182723_20240305T183552_PIC0_01.zip,lake,2024-03-05 18:28:01+00:00
214233R000832,2140008702;2140006342,2024-03-05T18:28:01Z,no_data,-0.243,1.999951,0.0,12.260170804618824,44.60806445980998,SWOT_L2_HR_LakeSP_Obs_011_557_EU_20240305T182723_20240305T183552_PIC0_01.zip,lake,2024-03-05 18:28:01+00:00
214233R000809,2140009852,2024-03-05T18:28:01Z,VALLI DI COMACCHIO,-0.475,0.014416,0.0,12.21495874148578,44.57655249925037,SWOT_L2_HR_LakeSP_Obs_011_557_EU_20240305T182723_20240305T183552_PIC0_01.zip,lake,2024-03-05 18:28:01+00:00
214233R000842,2140008652;2140009322;2140005872,2024-03-05T18:28:02Z,no_data,-0.146,1.158473,0.0,12.249613726239868,44.63115481613356,SWOT_L2_HR_LakeSP_Obs_011_557_EU_20240305T182723_20240305T183552_PIC0_01.zip,lake,2024-03-05 18:28:02+00:00
214233R000849,2140006992,2024-03-05T18:28:02Z,LAGO DI SPINA,-0.16,0.301941,0.0,12.258015803883175,44.635232025021395,SWOT_L2_HR_LakeSP_Obs_011_557_EU_20240305T182723_20240305T183552_PIC0_01.zip,lake,2024-03-05 18:28:02+00:00
214233R000857,2140006962;2140006972,2024-03-05T18:28:02Z,no_data,-0.319,0.069862,0.0,12.236611823582459,44.647356909044504,SWOT_L2_HR_LakeSP_Obs_011_557_EU_20240305T182723_20240305T183552_PIC0_01.zip,lake,2024-03-05 18:28:02+00:00
214233R000866,2140005852,2024-03-05T18:28:02Z,no_data,-0.701,0.089669,0.0,12.219186195583353,44.664446545455526,SWOT_L2_HR_LakeSP_Obs_011_557_EU_20240305T182723_20240305T183552_PIC0_01.zip,lake,2024-03-05 18:28:02+00:00
214233R000854,2140008642;2140006982;2140008622;2140009782,2024-03-05T18:28:02Z,no_data,-0.142,0.293475,0.0,12.239458073577339,44.6451600795386,SWOT_L2_HR_LakeSP_Obs_011_557_EU_20240305T182723_20240305T183552_PIC0_01.zip,lake,2024-03-05 18:28:02+00:00
214233L001545,2140008562,2024-03-05T18:28:02Z,no_data,3.931,0.036861,1.0,11.680551833593434,44.75122212766507,SWOT_L2_HR_LakeSP_Obs_011_557_EU_20240305T182723_20240305T183552_PIC0_01.zip,lake,2024-03-05 18:28:02+00:00
214233L001813,2140010532,2024-03-05T18:28:03Z,LAGO VERDE,4.127,0.393045,1.0,11.710317110146342,44.80531905493197,SWOT_L2_HR_LakeSP_Obs_011_557_EU_20240305T182723_20240305T183552_PIC0_01.zip,lake,2024-03-05 18:28:03+00:00
214233R000882,2140007862;2140006942,2024-03-05T18:28:03Z,no_data,-0.258,0.57518,0.0,12.218484297547631,44.683697085468864,SWOT_L2_HR_LakeSP_Obs_011_557_EU_20240305T182723_20240305T183552_PIC0_01.zip,lake,2024-03-05 18:28:03+00:00
214233R000909,2140006192,2024-03-05T18:28:03Z,no_data,-0.222,0.026553,1.0,11.99356768267352,44.750214393143395,SWOT_L2_HR_LakeSP_Obs_011_557_EU_20240305T182723_20240305T183552_PIC0_01.zip,lake,2024-03-05 18:28:03+00:00
214233R000917,2140006922,2024-03-05T18:28:03Z,no_data,-2.363,0.074359,0.0,11.982371274908164,44.755761568575615,SWOT_L2_HR_LakeSP_Obs_011_557_EU_20240305T182723_20240305T183552_PIC0_01.zip,lake,2024-03-05 18:28:03+00:00
214233R000936,2140008552,2024-03-05T18:28:03Z,no_data,-4.326,0.238505,0.0,12.145175004115266,44.74397552421995,SWOT_L2_HR_LakeSP_Obs_011_557_EU_20240305T182723_20240305T183552_PIC0_01.zip,lake,2024-03-05 18:28:03+00:00
214233R000993,2140010402;2140010372;2140010432;2140010352,2024-03-05T18:28:04Z,VALLE BERTUZZI,-1.215,15.095776,0.0,12.21456495481011,44.788676586271436,SWOT_L2_HR_LakeSP_Obs_011_557_EU_20240305T182723_20240305T183552_PIC0_01.zip,lake,2024-03-05 18:28:04+00:00
214233R001009,2140010192,2024-03-05T18:28:04Z,no_data,-3.087,0.136086,0.0,12.133048112577825,44.79555617621044,SWOT_L2_HR_LakeSP_Obs_011_557_EU_20240305T182723_20240305T183552_PIC0_01.zip,lake,2024-03-05 18:28:04+00:00
214233R001005,2140010222,2024-03-05T18:28:04Z,VALLE BERTUZZI,-1.277,0.144068,0.0,12.222060637761992,44.775567427024534,SWOT_L2_HR_LakeSP_Obs_011_557_EU_20240305T182723_20240305T183552_PIC0_01.zip,lake,2024-03-05 18:28:04+00:00
214233R001000,2140010292,2024-03-05T18:28:04Z,VALLE BERTUZZI,-1.31,0.039064,0.0,12.22961206568659,44.76857255688676,SWOT_L2_HR_LakeSP_Obs_011_557_EU_20240305T182723_20240305T183552_PIC0_01.zip,lake,2024-03-05 18:28:04+00:00
214233R000998,2140010392;2140010382,2024-03-05T18:28:04Z,VALLE BERTUZZI,-1.245,0.134294,0.0,12.221803000766096,44.77146924120615,SWOT_L2_HR_LakeSP_Obs_011_557_EU_20240305T182723_20240305T183552_PIC0_01.zip,lake,2024-03-05 18:28:04+00:00
214233R000994,2140010592,2024-03-05T18:28:04Z,VALLE BERTUZZI,-1.118,0.035746,0.0,12.253376658816016,44.79021962673377,SWOT_L2_HR_LakeSP_Obs_011_557_EU_20240305T182723_20240305T183552_PIC0_01.zip,lake,2024-03-05 18:28:04+00:00
214233R000985,2140010492,2024-03-05T18:28:04Z,no_data,-2.579,0.044722,0.0,12.225135867534311,44.76111530889338,SWOT_L2_HR_LakeSP_Obs_011_557_EU_20240305T182723_20240305T183552_PIC0_01.zip,lake,2024-03-05 18:28:04+00:00
214233R000988,2140010282,2024-03-05T18:28:04Z,no_data,-1.686,0.05996,0.0,12.192409528915825,44.76917907924147,SWOT_L2_HR_LakeSP_Obs_011_557_EU_20240305T182723_20240305T183552_PIC0_01.zip,lake,2024-03-05 18:28:04+00:00
214234L000062,2140020842,2024-03-05T18:28:05Z,no_data,7.705,0.034792,0.0,11.273839559267067,45.034927494618074,SWOT_L2_HR_LakeSP_Obs_011_557_EU_20240305T182723_20240305T183552_PIC0_01.zip,lake,2024-03-05 18:28:05+00:00
214233L002132,2140003592;2140003732,2024-03-05T18:28:05Z,no_data,1.21,0.118203,0.0,11.72403382274847,44.91292046974073,SWOT_L2_HR_LakeSP_Obs_011_557_EU_20240305T182723_20240305T183552_PIC0_01.zip,lake,2024-03-05 18:28:05+00:00
214233R001049,2140010202,2024-03-05T18:28:05Z,VALLE BERTUZZI,-1.314,0.09109,0.0,12.257017984822618,44.79711630767443,SWOT_L2_HR_LakeSP_Obs_011_557_EU_20240305T182723_20240305T183552_PIC0_01.zip,lake,2024-03-05 18:28:05+00:00
214233R001055,2140010482,2024-03-05T18:28:05Z,VALLE BERTUZZI,-1.197,0.025005,0.0,12.251199276349961,44.801789811975055,SWOT_L2_HR_LakeSP_Obs_011_557_EU_20240305T182723_20240305T183552_PIC0_01.zip,lake,2024-03-05 18:28:05+00:00
214233R001065,2140010182;2140010172,2024-03-05T18:28:05Z,no_data,-1.38,0.217651,0.0,12.244115301134336,44.8079631645586,SWOT_L2_HR_LakeSP_Obs_011_557_EU_20240305T182723_20240305T183552_PIC0_01.zip,lake,2024-03-05 18:28:05+00:00
214234R000043,2140010322;2140010452,2024-03-05T18:28:05Z,no_data,-1.747,0.300192,0.0,12.178852477387249,44.85647428198719,SWOT_L2_HR_LakeSP_Obs_011_557_EU_20240305T182723_20240305T183552_PIC0_01.zip,lake,2024-03-05 18:28:05+00:00
214234L000157,2140020892,2024-03-05T18:28:06Z,STAGNI,5.862,0.043056,0.0,11.274969527550983,45.08855914832737,SWOT_L2_HR_LakeSP_Obs_011_557_EU_20240305T182723_20240305T183552_PIC0_01.zip,lake,2024-03-05 18:28:06+00:00
214234R000052,2140010302,2024-03-05T18:28:06Z,no_data,-1.71,0.757017,1.0,12.172314798603296,44.865309737781274,SWOT_L2_HR_LakeSP_Obs_011_557_EU_20240305T182723_20240305T183552_PIC0_01.zip,lake,2024-03-05 18:28:06+00:00
214234L000110,2140020912,2024-03-05T18:28:06Z,no_data,4.813,0.027995,0.0,11.498304092793287,45.02212913947805,SWOT_L2_HR_LakeSP_Obs_011_557_EU_20240305T182723_20240305T183552_PIC0_01.zip,lake,2024-03-05 18:28:06+00:00
214234R000073,2140003762;2140003772,2024-03-05T18:28:06Z,no_data,0.274,0.174715,0.0,12.339911828294639,44.845882654658034,SWOT_L2_HR_LakeSP_Obs_011_557_EU_20240305T182723_20240305T183552_PIC0_01.zip,lake,2024-03-05 18:28:06+00:00
214234L000098,2140020952,2024-03-05T18:28:06Z,no_data,4.725,0.015281,0.0,11.479238526843076,45.01896979594525,SWOT_L2_HR_LakeSP_Obs_011_557_EU_20240305T182723_20240305T183552_PIC0_01.zip,lake,2024-03-05 18:28:06+00:00
214234L000097,2140020972,2024-03-05T18:28:06Z,GORGO BIANCO,4.943,0.016668,0.0,11.439987193116284,45.02644093645944,SWOT_L2_HR_LakeSP_Obs_011_557_EU_20240305T182723_20240305T183552_PIC0_01.zip,lake,2024-03-05 18:28:06+00:00
214234L000086,2140020982,2024-03-05T18:28:06Z,GORGO DELLA SPOSA,4.843,0.024058,0.0,11.426851251474528,45.02348600071643,SWOT_L2_HR_LakeSP_Obs_011_557_EU_20240305T182723_20240305T183552_PIC0_01.zip,lake,2024-03-05 18:28:06+00:00
214234L000100,2140020902,2024-03-05T18:28:06Z,no_data,5.265,0.011994,0.0,11.299710681568545,45.05378198170875,SWOT_L2_HR_LakeSP_Obs_011_557_EU_20240305T182723_20240305T183552_PIC0_01.zip,lake,2024-03-05 18:28:06+00:00
214234R000101,2140003572,2024-03-05T18:28:06Z,no_data,-4.0,0.05868,0.0,12.285945909908472,44.86325448280055,SWOT_L2_HR_LakeSP_Obs_011_557_EU_20240305T182723_20240305T183552_PIC0_01.zip,lake,2024-03-05 18:28:06+00:00
214234L000197,2140023122,2024-03-05T18:28:07Z,no_data,2.892,0.024929,0.0,11.541403747550206,45.06151349095028,SWOT_L2_HR_LakeSP_Obs_011_557_EU_20240305T182723_20240305T183552_PIC0_01.zip,lake,2024-03-05 18:28:07+00:00
214234R000237,2140003722;2140003652,2024-03-05T18:28:07Z,no_data,1.618,0.926994,0.0,12.276390843958053,44.95919973915092,SWOT_L2_HR_LakeSP_Obs_011_557_EU_20240305T182723_20240305T183552_PIC0_01.zip,lake,2024-03-05 18:28:07+00:00
214234R000252,2140003802,2024-03-05T18:28:07Z,no_data,-4.314,0.184099,0.0,12.242406008272528,44.96387399908544,SWOT_L2_HR_LakeSP_Obs_011_557_EU_20240305T182723_20240305T183552_PIC0_01.zip,lake,2024-03-05 18:28:07+00:00
214234L000332,2140023182,2024-03-05T18:28:08Z,no_data,5.641,0.017001,0.0,11.472873757727548,45.145599220752246,SWOT_L2_HR_LakeSP_Obs_011_557_EU_20240305T182723_20240305T183552_PIC0_01.zip,lake,2024-03-05 18:28:08+00:00
214234L000323,2140021272,2024-03-05T18:28:08Z,no_data,6.079,0.020535,0.0,11.463218015382294,45.14492264166025,SWOT_L2_HR_LakeSP_Obs_011_557_EU_20240305T182723_20240305T183552_PIC0_01.zip,lake,2024-03-05 18:28:08+00:00
214233R000153,2140002602,2024-03-06T18:28:35Z,LAGO DI MIGNANO,335.854,0.443274,1.0,9.797628615527447,44.76575824107306,SWOT_L2_HR_LakeSP_Obs_012_001_EU_20240306T182734_20240306T183630_PIC0_01.zip,lake,2024-03-06 18:28:35+00:00
214233L000753,2140002752,2024-03-06T18:28:36Z,LAGO DI TREBECCO,360.688,0.189022,0.0,9.285052839526802,44.89791619793265,SWOT_L2_HR_LakeSP_Obs_012_001_EU_20240306T182734_20240306T183630_PIC0_01.zip,lake,2024-03-06 18:28:36+00:00
214234R000018,2140002732,2024-03-06T18:28:36Z,no_data,90.806,0.079086,0.0,10.165318456772548,44.76109129413696,SWOT_L2_HR_LakeSP_Obs_012_001_EU_20240306T182734_20240306T183630_PIC0_01.zip,lake,2024-03-06 18:28:36+00:00
214234R000616,2140002042,2024-03-06T18:28:39Z,no_data,35.383,0.044504,0.0,10.193559325831579,44.92223104197952,SWOT_L2_HR_LakeSP_Obs_012_001_EU_20240306T182734_20240306T183630_PIC0_01.zip,lake,2024-03-06 18:28:39+00:00
214234R000674,2140002382,2024-03-06T18:28:39Z,no_data,30.583,0.024008,1.0,10.214044776697257,44.932524350885814,SWOT_L2_HR_LakeSP_Obs_012_001_EU_20240306T182734_20240306T183630_PIC0_01.zip,lake,2024-03-06 18:28:39+00:00
214234R000787,2140019462,2024-03-06T18:28:40Z,LAGO DI CAVA,42.963,0.29701,1.0,9.776290625742092,45.05799227341588,SWOT_L2_HR_LakeSP_Obs_012_001_EU_20240306T182734_20240306T183630_PIC0_01.zip,lake,2024-03-06 18:28:40+00:00
214234R000792,2140013882;2140011712,2024-03-06T18:28:40Z,LAGHETTO DI CAVA,41.343,0.334376,0.0,9.797668140217208,45.055380029647964,SWOT_L2_HR_LakeSP_Obs_012_001_EU_20240306T182734_20240306T183630_PIC0_01.zip,lake,2024-03-06 18:28:40+00:00
214234R000970,2140018412,2024-03-06T18:28:41Z,no_data,30.526,0.025212,0.0,10.170990397650712,45.03399650743485,SWOT_L2_HR_LakeSP_Obs_012_001_EU_20240306T182734_20240306T183630_PIC0_01.zip,lake,2024-03-06 18:28:41+00:00
214234R000998,2140018782,2024-03-06T18:28:41Z,no_data,29.289,0.137798,0.0,10.230017379669942,45.03310356363828,SWOT_L2_HR_LakeSP_Obs_012_001_EU_20240306T182734_20240306T183630_PIC0_01.zip,lake,2024-03-06 18:28:41+00:00
214234R001015,2140018762,2024-03-06T18:28:41Z,no_data,29.255,0.060981,1.0,10.224330833166556,45.03612891722928,SWOT_L2_HR_LakeSP_Obs_012_001_EU_20240306T182734_20240306T183630_PIC0_01.zip,lake,2024-03-06 18:28:41+00:00
214234R001040,2140018952,2024-03-06T18:28:41Z,no_data,33.842,0.116379,0.0,9.91657380518837,45.101321262290384,SWOT_L2_HR_LakeSP_Obs_012_001_EU_20240306T182734_20240306T183630_PIC0_01.zip,lake,2024-03-06 18:28:41+00:00
214234R001116,2140018942,2024-03-06T18:28:41Z,no_data,32.874,0.142029,0.0,9.901814155518064,45.13206959651079,SWOT_L2_HR_LakeSP_Obs_012_001_EU_20240306T182734_20240306T183630_PIC0_01.zip,lake,2024-03-06 18:28:41+00:00
214234R001221,2140018922,2024-03-06T18:28:42Z,no_data,37.689,0.177734,0.0,9.97523598289977,45.14211272993538,SWOT_L2_HR_LakeSP_Obs_012_001_EU_20240306T182734_20240306T183630_PIC0_01.zip,lake,2024-03-06 18:28:42+00:00
214234R001162,2140018662,2024-03-06T18:28:42Z,no_data,31.576,0.032907,0.0,10.056737970177005,45.11098472880279,SWOT_L2_HR_LakeSP_Obs_012_001_EU_20240306T182734_20240306T183630_PIC0_01.zip,lake,2024-03-06 18:28:42+00:00
214075R000598,2140012752;2140013862,2024-03-14T03:31:38Z,no_data,15.76,0.078797,1.0,10.916644175125125,45.12815263054941,SWOT_L2_HR_LakeSP_Obs_012_208_EU_20240314T032902_20240314T033402_PIC0_01.zip,lake,2024-03-14 03:31:38+00:00
214075R000508,2140010693;2140012892,2024-03-14T03:31:38Z,LAGO VALLAZZA,13.899,1.974202,1.0,10.813428862122734,45.14010391396873,SWOT_L2_HR_LakeSP_Obs_012_208_EU_20240314T032902_20240314T033402_PIC0_01.zip,lake,2024-03-14 03:31:38+00:00
214075R000546,2140011202,2024-03-14T03:31:38Z,no_data,17.838,0.642306,0.0,10.857126554522768,45.13308843887738,SWOT_L2_HR_LakeSP_Obs_012_208_EU_20240314T032902_20240314T033402_PIC0_01.zip,lake,2024-03-14 03:31:38+00:00
214075R000687,2140018172,2024-03-14T03:31:39Z,no_data,19.351,0.157295,0.0,10.683990891707865,45.04234831330943,SWOT_L2_HR_LakeSP_Obs_012_208_EU_20240314T032902_20240314T033402_PIC0_01.zip,lake,2024-03-14 03:31:39+00:00
214075R000859,2140002622,2024-03-14T03:31:40Z,no_data,20.664,0.373415,0.0,10.658654294233251,44.9738927494254,SWOT_L2_HR_LakeSP_Obs_012_208_EU_20240314T032902_20240314T033402_PIC0_01.zip,lake,2024-03-14 03:31:40+00:00
214075R000897,2140002502,2024-03-14T03:31:40Z,LAGHETTO DI CAVA,21.437,0.597224,0.0,10.675627284655736,44.966398655533624,SWOT_L2_HR_LakeSP_Obs_012_208_EU_20240314T032902_20240314T033402_PIC0_01.zip,lake,2024-03-14 03:31:40+00:00
214075R001049,2140001602,2024-03-14T03:31:41Z,no_data,17.678,0.080866,1.0,10.777552342271012,44.94361078710637,SWOT_L2_HR_LakeSP_Obs_012_208_EU_20240314T032902_20240314T033402_PIC0_01.zip,lake,2024-03-14 03:31:41+00:00
214075R000937,2140002512,2024-03-14T03:31:41Z,no_data,21.666,0.053021,0.0,10.678178067895095,44.95585206053639,SWOT_L2_HR_LakeSP_Obs_012_208_EU_20240314T032902_20240314T033402_PIC0_01.zip,lake,2024-03-14 03:31:41+00:00
214075R000946,2140001812;2140001922;2140001932,2024-03-14T03:31:41Z,LAGHETTO DI CAVA,21.397,0.501336,0.0,10.65912244437721,44.94312437421755,SWOT_L2_HR_LakeSP_Obs_012_208_EU_20240314T032902_20240314T033402_PIC0_01.zip,lake,2024-03-14 03:31:41+00:00
214075R000950,2140002002,2024-03-14T03:31:41Z,no_data,14.674,0.096976,1.0,10.881908184772168,44.98553249127815,SWOT_L2_HR_LakeSP_Obs_012_208_EU_20240314T032902_20240314T033402_PIC0_01.zip,lake,2024-03-14 03:31:41+00:00
214075R001002,2140018202,2024-03-14T03:31:41Z,no_data,12.256,0.020994,1.0,11.05905098849841,45.01026386366662,SWOT_L2_HR_LakeSP_Obs_012_208_EU_20240314T032902_20240314T033402_PIC0_01.zip,lake,2024-03-14 03:31:41+00:00
214075R001024,2140001612;2140001632,2024-03-14T03:31:41Z,no_data,21.59,0.29965,0.0,10.613173480358153,44.9186565149583,SWOT_L2_HR_LakeSP_Obs_012_208_EU_20240314T032902_20240314T033402_PIC0_01.zip,lake,2024-03-14 03:31:41+00:00
214075R001178,2140002082,2024-03-14T03:31:42Z,no_data,17.415,0.036311,0.0,10.787647094047562,44.89385105525034,SWOT_L2_HR_LakeSP_Obs_012_208_EU_20240314T032902_20240314T033402_PIC0_01.zip,lake,2024-03-14 03:31:42+00:00
214075R001174,2140001912;2140001592,2024-03-14T03:31:42Z,no_data,10.598,0.136919,0.0,11.044112885856176,44.9430336116843,SWOT_L2_HR_LakeSP_Obs_012_208_EU_20240314T032902_20240314T033402_PIC0_01.zip,lake,2024-03-14 03:31:42+00:00
214075R001140,2140002172,2024-03-14T03:31:42Z,no_data,11.055,0.048362,0.0,11.062196086693312,44.961229113668544,SWOT_L2_HR_LakeSP_Obs_012_208_EU_20240314T032902_20240314T033402_PIC0_01.zip,lake,2024-03-14 03:31:42+00:00
214075R001171,2140001702;2140001572,2024-03-14T03:31:42Z,no_data,10.804,0.066115,0.0,11.042477995610078,44.94651850278275,SWOT_L2_HR_LakeSP_Obs_012_208_EU_20240314T032902_20240314T033402_PIC0_01.zip,lake,2024-03-14 03:31:42+00:00
214075L001041,2140023162,2024-03-14T03:31:42Z,no_data,-0.536,0.067704,1.0,11.928854245728846,45.11292515729974,SWOT_L2_HR_LakeSP_Obs_012_208_EU_20240314T032902_20240314T033402_PIC0_01.zip,lake,2024-03-14 03:31:42+00:00
214075L001025,2140020862,2024-03-14T03:31:42Z,no_data,5.998,0.012559,1.0,11.416244290168576,45.033022015913005,SWOT_L2_HR_LakeSP_Obs_012_208_EU_20240314T032902_20240314T033402_PIC0_01.zip,lake,2024-03-14 03:31:42+00:00
214075L001146,2140003692,2024-03-14T03:31:43Z,no_data,8.092,0.043225,1.0,11.393414247546662,44.9420875778186,SWOT_L2_HR_LakeSP_Obs_012_208_EU_20240314T032902_20240314T033402_PIC0_01.zip,lake,2024-03-14 03:31:43+00:00
214075R001275,2140001852,2024-03-14T03:31:43Z,no_data,17.087,0.063237,0.0,10.918165432912312,44.87006453779796,SWOT_L2_HR_LakeSP_Obs_012_208_EU_20240314T032902_20240314T033402_PIC0_01.zip,lake,2024-03-14 03:31:43+00:00
214075R001286,2140002532,2024-03-14T03:31:43Z,no_data,17.997,0.141137,0.0,10.888762097880079,44.856564064566015,SWOT_L2_HR_LakeSP_Obs_012_208_EU_20240314T032902_20240314T033402_PIC0_01.zip,lake,2024-03-14 03:31:43+00:00
214076L000040,2140003622,2024-03-14T03:31:44Z,LAGO DEL QUATERNARIO,5.29,0.494195,0.0,11.450481959385812,44.8876392872165,SWOT_L2_HR_LakeSP_Obs_012_208_EU_20240314T032902_20240314T033402_PIC0_01.zip,lake,2024-03-14 03:31:44+00:00
214076L000090,2140010462,2024-03-14T03:31:45Z,no_data,2.34,0.234463,0.0,11.529523068751962,44.87204135562079,SWOT_L2_HR_LakeSP_Obs_012_208_EU_20240314T032902_20240314T033402_PIC0_01.zip,lake,2024-03-14 03:31:45+00:00
214076R000188,2140000242,2024-03-14T03:31:45Z,VASCA CORBELLI,119.591,0.015416,0.0,10.583378820379131,44.64389450190665,SWOT_L2_HR_LakeSP_Obs_012_208_EU_20240314T032902_20240314T033402_PIC0_01.zip,lake,2024-03-14 03:31:45+00:00
214076L000084,2140003792;2140003782,2024-03-14T03:31:45Z,no_data,7.713,0.322497,1.0,11.429131702399609,44.85606192258709,SWOT_L2_HR_LakeSP_Obs_012_208_EU_20240314T032902_20240314T033402_PIC0_01.zip,lake,2024-03-14 03:31:45+00:00
214076R000271,2140000642;2140000362;2140000632;2140000382,2024-03-14T03:31:46Z,no_data,38.153,0.528888,0.0,10.836941831982625,44.65821239311922,SWOT_L2_HR_LakeSP_Obs_012_208_EU_20240314T032902_20240314T033402_PIC0_01.zip,lake,2024-03-14 03:31:46+00:00
214076R000329,2140000822,2024-03-14T03:31:46Z,no_data,14.472,0.038032,0.0,11.189100729820737,44.71289629328689,SWOT_L2_HR_LakeSP_Obs_012_208_EU_20240314T032902_20240314T033402_PIC0_01.zip,lake,2024-03-14 03:31:46+00:00
214076R000225,2140000012,2024-03-14T03:31:46Z,no_data,15.086,0.131182,0.0,11.167379766841872,44.741207705954864,SWOT_L2_HR_LakeSP_Obs_012_208_EU_20240314T032902_20240314T033402_PIC0_01.zip,lake,2024-03-14 03:31:46+00:00
214076L000340,2140009192,2024-03-14T03:31:47Z,no_data,6.384,0.366857,1.0,11.482215083370786,44.719869777955935,SWOT_L2_HR_LakeSP_Obs_012_208_EU_20240314T032902_20240314T033402_PIC0_01.zip,lake,2024-03-14 03:31:47+00:00
214076L000354,2140009202,2024-03-14T03:31:47Z,no_data,8.142,0.158731,0.0,11.516233846351966,44.71949380491923,SWOT_L2_HR_LakeSP_Obs_012_208_EU_20240314T032902_20240314T033402_PIC0_01.zip,lake,2024-03-14 03:31:47+00:00
214076L000367,2140009212,2024-03-14T03:31:47Z,no_data,8.735,0.0196,1.0,11.504665996812363,44.71050770866573,SWOT_L2_HR_LakeSP_Obs_012_208_EU_20240314T032902_20240314T033402_PIC0_01.zip,lake,2024-03-14 03:31:47+00:00
214076L000373,2140010212,2024-03-14T03:31:47Z,no_data,-2.371,0.094087,0.0,11.94394679223609,44.78602420322156,SWOT_L2_HR_LakeSP_Obs_012_208_EU_20240314T032902_20240314T033402_PIC0_01.zip,lake,2024-03-14 03:31:47+00:00
214076R000443,2140000552,2024-03-14T03:31:47Z,no_data,23.546,0.018691,0.0,11.093181921693429,44.651949114321226,SWOT_L2_HR_LakeSP_Obs_012_208_EU_20240314T032902_20240314T033402_PIC0_01.zip,lake,2024-03-14 03:31:47+00:00
214076R000503,2140000392,2024-03-14T03:31:47Z,no_data,23.933,0.025898,1.0,11.136956822098057,44.639431741236066,SWOT_L2_HR_LakeSP_Obs_012_208_EU_20240314T032902_20240314T033402_PIC0_01.zip,lake,2024-03-14 03:31:47+00:00
214076R000522,2140000872;2140000882;2140000442,2024-03-14T03:31:47Z,no_data,31.509,0.124804,0.0,11.003218842711245,44.60435611267565,SWOT_L2_HR_LakeSP_Obs_012_208_EU_20240314T032902_20240314T033402_PIC0_01.zip,lake,2024-03-14 03:31:47+00:00
214076R000524,2140000402,2024-03-14T03:31:47Z,no_data,22.896,0.075587,0.0,11.153816407079162,44.63110936141977,SWOT_L2_HR_LakeSP_Obs_012_208_EU_20240314T032902_20240314T033402_PIC0_01.zip,lake,2024-03-14 03:31:47+00:00
214076R000540,2140000142,2024-03-14T03:31:48Z,no_data,26.532,0.128292,0.0,11.1305617648696,44.61861454996517,SWOT_L2_HR_LakeSP_Obs_012_208_EU_20240314T032902_20240314T033402_PIC0_01.zip,lake,2024-03-14 03:31:48+00:00
214076R000615,2140000792;2140000582,2024-03-14T03:31:48Z,SECCHIA,159.256,0.866259,0.0,10.712653359156025,44.491976997234666,SWOT_L2_HR_LakeSP_Obs_012_208_EU_20240314T032902_20240314T033402_PIC0_01.zip,lake,2024-03-14 03:31:48+00:00
214076R000618,2140003482,2024-03-14T03:31:48Z,no_data,26.027,0.174796,0.0,11.200522806194378,44.6001903882557,SWOT_L2_HR_LakeSP_Obs_012_208_EU_20240314T032902_20240314T033402_PIC0_01.zip,lake,2024-03-14 03:31:48+00:00
214076L000437,2140006592,2024-03-14T03:31:48Z,OASI NATURALE VASCHE DI OSTELLATO,-0.45,0.230676,0.0,11.97709909068951,44.743774838942464,SWOT_L2_HR_LakeSP_Obs_012_208_EU_20240314T032902_20240314T033402_PIC0_01.zip,lake,2024-03-14 03:31:48+00:00
214076L000436,2140006202,2024-03-14T03:31:48Z,no_data,-1.811,0.017905,0.0,11.928147882004058,44.73722274477359,SWOT_L2_HR_LakeSP_Obs_012_208_EU_20240314T032902_20240314T033402_PIC0_01.zip,lake,2024-03-14 03:31:48+00:00
214076L000417,2140008612,2024-03-14T03:31:48Z,no_data,5.126,0.080844,1.0,11.57705554247923,44.68005956227779,SWOT_L2_HR_LakeSP_Obs_012_208_EU_20240314T032902_20240314T033402_PIC0_01.zip,lake,2024-03-14 03:31:48+00:00
214076L000399,2140009702,2024-03-14T03:31:48Z,LAGO TRAMONTO,1.904,0.059456,1.0,11.828322425225828,44.74695729806223,SWOT_L2_HR_LakeSP_Obs_012_208_EU_20240314T032902_20240314T033402_PIC0_01.zip,lake,2024-03-14 03:31:48+00:00
214076L000388,2140009742;2140007882,2024-03-14T03:31:48Z,no_data,7.387,0.147412,0.0,11.495332821028121,44.69174046114974,SWOT_L2_HR_LakeSP_Obs_012_208_EU_20240314T032902_20240314T033402_PIC0_01.zip,lake,2024-03-14 03:31:48+00:00
214076L000387,2140009242,2024-03-14T03:31:48Z,no_data,5.703,0.083212,0.0,11.550411188106143,44.70094727986316,SWOT_L2_HR_LakeSP_Obs_012_208_EU_20240314T032902_20240314T033402_PIC0_01.zip,lake,2024-03-14 03:31:48+00:00
214076L000384,2140009222;2140008592,2024-03-14T03:31:48Z,no_data,6.233,0.361479,0.0,11.56718401557273,44.70323608856182,SWOT_L2_HR_LakeSP_Obs_012_208_EU_20240314T032902_20240314T033402_PIC0_01.zip,lake,2024-03-14 03:31:48+00:00
214076L000450,2140008582;2140006622;2140008572,2024-03-14T03:31:48Z,OASI NATURALE VASCHE DI OSTELLATO,-0.19,0.652261,0.0,12.01804924001685,44.73531702269962,SWOT_L2_HR_LakeSP_Obs_012_208_EU_20240314T032902_20240314T033402_PIC0_01.zip,lake,2024-03-14 03:31:48+00:00
214076L000488,2140007982;2140008012,2024-03-14T03:31:49Z,no_data,5.915,0.027921,0.0,11.570342131877801,44.63903136320614,SWOT_L2_HR_LakeSP_Obs_012_208_EU_20240314T032902_20240314T033402_PIC0_01.zip,lake,2024-03-14 03:31:49+00:00
214076L000505,2140008692,2024-03-14T03:31:49Z,no_data,7.203,0.333523,0.0,11.543113381523916,44.623277722166925,SWOT_L2_HR_LakeSP_Obs_012_208_EU_20240314T032902_20240314T033402_PIC0_01.zip,lake,2024-03-14 03:31:49+00:00
214076L000499,2140008672,2024-03-14T03:31:49Z,no_data,6.573,0.029001,0.0,11.591534378924287,44.639671045270774,SWOT_L2_HR_LakeSP_Obs_012_208_EU_20240314T032902_20240314T033402_PIC0_01.zip,lake,2024-03-14 03:31:49+00:00
214076L000495,2140008032;2140008022,2024-03-14T03:31:49Z,no_data,31.386,0.059222,1.0,11.55772382239633,44.63417279913695,SWOT_L2_HR_LakeSP_Obs_012_208_EU_20240314T032902_20240314T033402_PIC0_01.zip,lake,2024-03-14 03:31:49+00:00
214076L000494,2140008022;2140008032;2140008042,2024-03-14T03:31:49Z,no_data,20.84,0.19852,1.0,11.556501570605194,44.63332350053517,SWOT_L2_HR_LakeSP_Obs_012_208_EU_20240314T032902_20240314T033402_PIC0_01.zip,lake,2024-03-14 03:31:49+00:00
214076L000490,2140009812,2024-03-14T03:31:49Z,no_data,6.838,0.03785,0.0,11.554658124236614,44.63572664467742,SWOT_L2_HR_LakeSP_Obs_012_208_EU_20240314T032902_20240314T033402_PIC0_01.zip,lake,2024-03-14 03:31:49+00:00
214076L000483,2140008022,2024-03-14T03:31:49Z,no_data,22.722,0.058245,1.0,11.560123677010562,44.637460062452995,SWOT_L2_HR_LakeSP_Obs_012_208_EU_20240314T032902_20240314T033402_PIC0_01.zip,lake,2024-03-14 03:31:49+00:00
214076L000549,2140008772,2024-03-14T03:31:49Z,VALLE BENNI,9.655,0.779108,0.0,11.53579575253796,44.595695890746576,SWOT_L2_HR_LakeSP_Obs_012_208_EU_20240314T032902_20240314T033402_PIC0_01.zip,lake,2024-03-14 03:31:49+00:00
214076L000688,2140008852,2024-03-14T03:31:50Z,no_data,6.625,0.371681,0.0,11.660181576145265,44.55932237158051,SWOT_L2_HR_LakeSP_Obs_012_208_EU_20240314T032902_20240314T033402_PIC0_01.zip,lake,2024-03-14 03:31:50+00:00
214076L000635,2140009402;2140008822,2024-03-14T03:31:50Z,no_data,9.158,0.068495,0.0,11.623607952517444,44.5740368319417,SWOT_L2_HR_LakeSP_Obs_012_208_EU_20240314T032902_20240314T033402_PIC0_01.zip,lake,2024-03-14 03:31:50+00:00
214076L000637,2140009412,2024-03-14T03:31:50Z,no_data,9.44,0.283415,1.0,11.651558968018193,44.57381050259748,SWOT_L2_HR_LakeSP_Obs_012_208_EU_20240314T032902_20240314T033402_PIC0_01.zip,lake,2024-03-14 03:31:50+00:00
214076L000640,2140008732,2024-03-14T03:31:50Z,CASSA BASSARONE,4.87,1.277343,1.0,11.82610469955697,44.60242449806744,SWOT_L2_HR_LakeSP_Obs_012_208_EU_20240314T032902_20240314T033402_PIC0_01.zip,lake,2024-03-14 03:31:50+00:00
214076L000642,2140009892,2024-03-14T03:31:50Z,no_data,8.113,0.341872,0.0,11.626152990906451,44.57007228757899,SWOT_L2_HR_LakeSP_Obs_012_208_EU_20240314T032902_20240314T033402_PIC0_01.zip,lake,2024-03-14 03:31:50+00:00
214076L000683,2140009392;2140008092;2140006662,2024-03-14T03:31:50Z,CASSA CAMPOTTO,4.627,0.84875,1.0,11.832542003161958,44.59087723785396,SWOT_L2_HR_LakeSP_Obs_012_208_EU_20240314T032902_20240314T033402_PIC0_01.zip,lake,2024-03-14 03:31:50+00:00
214076L000684,2140008122,2024-03-14T03:31:50Z,no_data,8.978,0.01468,1.0,11.684629442754463,44.56740954906216,SWOT_L2_HR_LakeSP_Obs_012_208_EU_20240314T032902_20240314T033402_PIC0_01.zip,lake,2024-03-14 03:31:50+00:00
214076L000685,2140006662,2024-03-14T03:31:50Z,CASSA CAMPOTTO,4.256,0.011101,0.0,11.816123511645088,44.59080714587171,SWOT_L2_HR_LakeSP_Obs_012_208_EU_20240314T032902_20240314T033402_PIC0_01.zip,lake,2024-03-14 03:31:50+00:00
214076L000592,2140009352,2024-03-14T03:31:50Z,LA VALLAZZA,6.734,0.04503,0.0,11.674290561545313,44.606246885568346,SWOT_L2_HR_LakeSP_Obs_012_208_EU_20240314T032902_20240314T033402_PIC0_01.zip,lake,2024-03-14 03:31:50+00:00
214076L000759,2140008172,2024-03-14T03:31:51Z,no_data,6.929,0.119294,0.0,11.690419268720246,44.53253115244051,SWOT_L2_HR_LakeSP_Obs_012_208_EU_20240314T032902_20240314T033402_PIC0_01.zip,lake,2024-03-14 03:31:51+00:00
214076L000751,2140008142,2024-03-14T03:31:51Z,no_data,6.645,0.045374,0.0,11.724481508514911,44.54441365337311,SWOT_L2_HR_LakeSP_Obs_012_208_EU_20240314T032902_20240314T033402_PIC0_01.zip,lake,2024-03-14 03:31:51+00:00
214076L000666,2140005912;2140005932;2140006452,2024-03-14T03:31:51Z,VALLI DI COMACCHIO,-0.422,39.897065,0.0,12.117876226425526,44.600946050291995,SWOT_L2_HR_LakeSP_Obs_012_208_EU_20240314T032902_20240314T033402_PIC0_01.zip,lake,2024-03-14 03:31:51+00:00
214076L000754,2140009912,2024-03-14T03:31:51Z,no_data,5.609,0.084917,0.0,11.716101591318225,44.54136886840564,SWOT_L2_HR_LakeSP_Obs_012_208_EU_20240314T032902_20240314T033402_PIC0_01.zip,lake,2024-03-14 03:31:51+00:00
214076L000837,2140009542;2140008922,2024-03-14T03:31:51Z,no_data,7.818,0.233237,0.0,11.728990446269238,44.49740455628215,SWOT_L2_HR_LakeSP_Obs_012_208_EU_20240314T032902_20240314T033402_PIC0_01.zip,lake,2024-03-14 03:31:51+00:00
214076L000791,2140008892,2024-03-14T03:31:51Z,CASSA DEL QUADRONE,5.863,0.18128,0.0,11.708773911829411,44.51976938846629,SWOT_L2_HR_LakeSP_Obs_012_208_EU_20240314T032902_20240314T033402_PIC0_01.zip,lake,2024-03-14 03:31:51+00:00
214076L000771,2140008472,2024-03-14T03:31:51Z,OASI NATURALE DEL QUADRONE,5.19,0.013118,1.0,11.709048297391018,44.52920355853968,SWOT_L2_HR_LakeSP_Obs_012_208_EU_20240314T032902_20240314T033402_PIC0_01.zip,lake,2024-03-14 03:31:51+00:00
214076L000768,2140009492;2140009932;2140009472;2140008882,2024-03-14T03:31:51Z,TENUTA BENTIVOGLIO,7.457,0.277,0.0,11.68635204822278,44.522251188448685,SWOT_L2_HR_LakeSP_Obs_012_208_EU_20240314T032902_20240314T033402_PIC0_01.zip,lake,2024-03-14 03:31:51+00:00
214076L000721,2140008842,2024-03-14T03:31:51Z,VALLESANTA,7.468,0.431173,0.0,11.836304765536958,44.570948409960806,SWOT_L2_HR_LakeSP_Obs_012_208_EU_20240314T032902_20240314T033402_PIC0_01.zip,lake,2024-03-14 03:31:51+00:00
214076L000765,2140009452,2024-03-14T03:31:51Z,no_data,6.146,0.037136,0.0,11.73825364409079,44.53639429780327,SWOT_L2_HR_LakeSP_Obs_012_208_EU_20240314T032902_20240314T033402_PIC0_01.zip,lake,2024-03-14 03:31:51+00:00
214076R000835,2140009612,2024-03-14T03:31:52Z,LAGO DI PORZIOLA,85.536,1.743641,1.0,11.273058435446275,44.3989345001091,SWOT_L2_HR_LakeSP_Obs_012_208_EU_20240314T032902_20240314T033402_PIC0_01.zip,lake,2024-03-14 03:31:52+00:00
214076L000941,2140009952,2024-03-14T03:31:52Z,no_data,8.865,0.050157,1.0,11.808038414455801,44.460951142665465,SWOT_L2_HR_LakeSP_Obs_012_208_EU_20240314T032902_20240314T033402_PIC0_01.zip,lake,2024-03-14 03:31:52+00:00
214076L000917,2140008482,2024-03-14T03:31:52Z,no_data,5.079,0.034143,0.0,11.79793996847901,44.475755964048275,SWOT_L2_HR_LakeSP_Obs_012_208_EU_20240314T032902_20240314T033402_PIC0_01.zip,lake,2024-03-14 03:31:52+00:00
214076L000890,2140008212,2024-03-14T03:31:52Z,no_data,6.409,0.068103,0.0,11.786998323769645,44.48358861893059,SWOT_L2_HR_LakeSP_Obs_012_208_EU_20240314T032902_20240314T033402_PIC0_01.zip,lake,2024-03-14 03:31:52+00:00
214076L000887,2140008132,2024-03-14T03:31:52Z,VALLI DI COMACCHIO,-0.326,0.034704,0.0,12.1562719072827,44.55219606694501,SWOT_L2_HR_LakeSP_Obs_012_208_EU_20240314T032902_20240314T033402_PIC0_01.zip,lake,2024-03-14 03:31:52+00:00
214076L000872,2140009422,2024-03-14T03:31:52Z,no_data,-0.334,0.103129,0.0,12.136517377158164,44.55499966201729,SWOT_L2_HR_LakeSP_Obs_012_208_EU_20240314T032902_20240314T033402_PIC0_01.zip,lake,2024-03-14 03:31:52+00:00
214076L000985,2140009582;2140006752,2024-03-14T03:31:53Z,no_data,13.653,0.297921,1.0,11.786153945725456,44.42636198326139,SWOT_L2_HR_LakeSP_Obs_012_208_EU_20240314T032902_20240314T033402_PIC0_01.zip,lake,2024-03-14 03:31:53+00:00
214076L001000,2140009602,2024-03-14T03:31:53Z,no_data,14.518,0.130028,0.0,11.78411768236155,44.418152160533154,SWOT_L2_HR_LakeSP_Obs_012_208_EU_20240314T032902_20240314T033402_PIC0_01.zip,lake,2024-03-14 03:31:53+00:00
214076L000998,2140008492,2024-03-14T03:31:53Z,LAGHETTO SCARDOVI,71.907,0.02636,1.0,11.584626400810514,44.38520215094559,SWOT_L2_HR_LakeSP_Obs_012_208_EU_20240314T032902_20240314T033402_PIC0_01.zip,lake,2024-03-14 03:31:53+00:00
214077L000032,2140008512,2024-03-14T03:31:54Z,no_data,28.046,0.38625,0.0,11.751948284148837,44.35357913066777,SWOT_L2_HR_LakeSP_Obs_012_208_EU_20240314T032902_20240314T033402_PIC0_01.zip,lake,2024-03-14 03:31:54+00:00
214077L000010,2140008302,2024-03-14T03:31:54Z,no_data,125.642,0.024233,1.0,11.612278717129499,44.346101495203285,SWOT_L2_HR_LakeSP_Obs_012_208_EU_20240314T032902_20240314T033402_PIC0_01.zip,lake,2024-03-14 03:31:54+00:00
214077R000057,2140009172,2024-03-14T03:31:55Z,LAGO DI CASTEL DELL'ALPI,681.313,0.121891,1.0,11.27578215432137,44.18709907725905,SWOT_L2_HR_LakeSP_Obs_012_208_EU_20240314T032902_20240314T033402_PIC0_01.zip,lake,2024-03-14 03:31:55+00:00
214077L000181,2140009032,2024-03-14T03:31:55Z,no_data,-2.129,0.191202,1.0,12.228727804448793,44.35986895882846,SWOT_L2_HR_LakeSP_Obs_012_208_EU_20240314T032902_20240314T033402_PIC0_01.zip,lake,2024-03-14 03:31:55+00:00
214077L000159,2140006082,2024-03-14T03:31:55Z,no_data,48.679,0.302515,0.0,11.763021535544487,44.27378125099871,SWOT_L2_HR_LakeSP_Obs_012_208_EU_20240314T032902_20240314T033402_PIC0_01.zip,lake,2024-03-14 03:31:55+00:00
214077L000178,2140010042,2024-03-14T03:31:55Z,no_data,56.707,0.218327,1.0,11.754195281162051,44.27343667484291,SWOT_L2_HR_LakeSP_Obs_012_208_EU_20240314T032902_20240314T033402_PIC0_01.zip,lake,2024-03-14 03:31:55+00:00
214077L000332,2140007342,2024-03-14T03:31:58Z,no_data,19.537,0.178513,0.0,12.087238141741409,44.17921563637522,SWOT_L2_HR_LakeSP_Obs_012_208_EU_20240314T032902_20240314T033402_PIC0_01.zip,lake,2024-03-14 03:31:58+00:00
214077L000341,2140008332,2024-03-14T03:31:58Z,no_data,20.936,0.097038,1.0,12.091888073434896,44.17227476385729,SWOT_L2_HR_LakeSP_Obs_012_208_EU_20240314T032902_20240314T033402_PIC0_01.zip,lake,2024-03-14 03:31:58+00:00
214077L000342,2140008342,2024-03-14T03:31:58Z,no_data,90.972,0.037808,0.0,11.911715283259742,44.139349400684154,SWOT_L2_HR_LakeSP_Obs_012_208_EU_20240314T032902_20240314T033402_PIC0_01.zip,lake,2024-03-14 03:31:58+00:00
215077R000165,2150000262,2024-03-14T03:31:59Z,BACINO IDRICO DI MONTEMURLO,200.27,0.010472,0.0,11.075684834102852,43.93768610100199,SWOT_L2_HR_LakeSP_Obs_012_208_EU_20240314T032902_20240314T033402_PIC0_01.zip,lake,2024-03-14 03:31:59+00:00
215077R000136,2150005173,2024-03-14T03:31:59Z,LAGO DI BILANCINO,250.815,4.668772,1.0,11.266882540476637,43.98340341527869,SWOT_L2_HR_LakeSP_Obs_012_208_EU_20240314T032902_20240314T033402_PIC0_01.zip,lake,2024-03-14 03:31:59+00:00
215077R000139,2150005182,2024-03-14T03:31:59Z,OASI DI GABBIANELLO,253.754,0.016362,1.0,11.283302228455183,43.994086080345554,SWOT_L2_HR_LakeSP_Obs_012_208_EU_20240314T032902_20240314T033402_PIC0_01.zip,lake,2024-03-14 03:31:59+00:00
215077R000246,2150000692,2024-03-14T03:32:00Z,no_data,61.248,0.104513,0.0,11.104144611015787,43.89119241116519,SWOT_L2_HR_LakeSP_Obs_012_208_EU_20240314T032902_20240314T033402_PIC0_01.zip,lake,2024-03-14 03:32:00+00:00
215077R000268,2150000092,2024-03-14T03:32:00Z,LAGHETTO DEGLI ALCALI,48.406,0.043919,1.0,11.117331034921932,43.87017346723361,SWOT_L2_HR_LakeSP_Obs_012_208_EU_20240314T032902_20240314T033402_PIC0_01.zip,lake,2024-03-14 03:32:00+00:00
215077R000274,2150005132,2024-03-14T03:32:00Z,no_data,203.305,0.076109,1.0,11.464522392032562,43.93525149950683,SWOT_L2_HR_LakeSP_Obs_012_208_EU_20240314T032902_20240314T033402_PIC0_01.zip,lake,2024-03-14 03:32:00+00:00
215077R000361,2150000162,2024-03-14T03:32:01Z,no_data,33.355,0.04643,0.0,11.074460997817617,43.81625993769846,SWOT_L2_HR_LakeSP_Obs_012_208_EU_20240314T032902_20240314T033402_PIC0_01.zip,lake,2024-03-14 03:32:01+00:00
215077R000371,2150001282,2024-03-14T03:32:01Z,no_data,32.807,0.070016,0.0,11.092115831433258,43.80211634899607,SWOT_L2_HR_LakeSP_Obs_012_208_EU_20240314T032902_20240314T033402_PIC0_01.zip,lake,2024-03-14 03:32:01+00:00
215077R000392,2150001272,2024-03-14T03:32:01Z,LAGO DI PERETOLA,37.607,0.011464,0.0,11.197967540521347,43.81096908012194,SWOT_L2_HR_LakeSP_Obs_012_208_EU_20240314T032902_20240314T033402_PIC0_01.zip,lake,2024-03-14 03:32:01+00:00
215077R000408,2150000982,2024-03-14T03:32:02Z,no_data,34.438,0.35875,1.0,11.116534922807745,43.78648938719796,SWOT_L2_HR_LakeSP_Obs_012_208_EU_20240314T032902_20240314T033402_PIC0_01.zip,lake,2024-03-14 03:32:02+00:00
215077R000402,2150000382;2150000242;2150000392,2024-03-14T03:32:02Z,no_data,36.744,0.497888,1.0,11.107681301029462,43.78184159817764,SWOT_L2_HR_LakeSP_Obs_012_208_EU_20240314T032902_20240314T033402_PIC0_01.zip,lake,2024-03-14 03:32:02+00:00
214077L000489,2140008373,2024-03-14T03:32:03Z,LAGO DI RIDRACOLI,557.024,1.361147,1.0,11.836853351574732,43.86294470223652,SWOT_L2_HR_LakeSP_Obs_012_208_EU_20240314T032902_20240314T033402_PIC0_01.zip,lake,2024-03-14 03:32:03+00:00
214077L000518,2140009182,2024-03-14T03:32:03Z,LAGO PONTINI,747.346,0.024885,1.0,12.00444443085787,43.843253511605575,SWOT_L2_HR_LakeSP_Obs_012_208_EU_20240314T032902_20240314T033402_PIC0_01.zip,lake,2024-03-14 03:32:03+00:00
214231L000295,2140010152,2024-03-15T16:49:59Z,no_data,748.491,0.031154,1.0,12.027115054879097,43.86397430536173,SWOT_L2_HR_LakeSP_Obs_012_251_EU_20240315T164926_20240315T170131_PIC0_01.zip,lake,2024-03-15 16:49:59+00:00
214231L000291,2140010162,2024-03-15T16:49:59Z,LAGO DI MERCATALE,207.587,0.600464,1.0,12.486596380085672,43.77924285980787,SWOT_L2_HR_LakeSP_Obs_012_251_EU_20240315T164926_20240315T170131_PIC0_01.zip,lake,2024-03-15 16:49:59+00:00
214232L000066,2140009682,2024-03-15T16:50:02Z,no_data,120.591,0.025872,1.0,12.395680673931423,43.96001768108694,SWOT_L2_HR_LakeSP_Obs_012_251_EU_20240315T164926_20240315T170131_PIC0_01.zip,lake,2024-03-15 16:50:02+00:00
214232L000148,2140008362,2024-03-15T16:50:03Z,LAGO SANTARINI,43.427,0.22406,1.0,12.452940589702536,44.038419554753126,SWOT_L2_HR_LakeSP_Obs_012_251_EU_20240315T164926_20240315T170131_PIC0_01.zip,lake,2024-03-15 16:50:03+00:00
214232L000169,2140007622,2024-03-15T16:50:04Z,no_data,27.801,0.083178,1.0,12.471832786542063,44.04842784737325,SWOT_L2_HR_LakeSP_Obs_012_251_EU_20240315T164926_20240315T170131_PIC0_01.zip,lake,2024-03-15 16:50:04+00:00
215231R000165,2150001712;2150001702,2024-03-16T16:50:30Z,no_data,1.184,0.217836,1.0,10.47204843867417,43.70378836216135,SWOT_L2_HR_LakeSP_Obs_012_279_EU_20240316T164904_20240316T165846_PIC0_01.zip,lake,2024-03-16 16:50:30+00:00
215232R000176,2150000762,2024-03-16T16:50:32Z,no_data,14.129,0.355569,1.0,10.809747422623376,43.75791303915661,SWOT_L2_HR_LakeSP_Obs_012_279_EU_20240316T164904_20240316T165846_PIC0_01.zip,lake,2024-03-16 16:50:32+00:00
215232R000150,2150002262,2024-03-16T16:50:32Z,LAGO DELLA GHERARDESCA,6.311,0.346685,0.0,10.613919994355477,43.77934433898851,SWOT_L2_HR_LakeSP_Obs_012_279_EU_20240316T164904_20240316T165846_PIC0_01.zip,lake,2024-03-16 16:50:32+00:00
215232R000117,2150002422,2024-03-16T16:50:32Z,no_data,12.83,0.050275,1.0,10.843943962167614,43.719926727371075,SWOT_L2_HR_LakeSP_Obs_012_279_EU_20240316T164904_20240316T165846_PIC0_01.zip,lake,2024-03-16 16:50:32+00:00
215232R000102,2150002432,2024-03-16T16:50:32Z,no_data,12.79,0.339913,0.0,10.851258232074288,43.71570110654197,SWOT_L2_HR_LakeSP_Obs_012_279_EU_20240316T164904_20240316T165846_PIC0_01.zip,lake,2024-03-16 16:50:32+00:00
215232R000197,2150002352,2024-03-16T16:50:33Z,no_data,14.305,0.042913,1.0,10.81062292851595,43.76885721992763,SWOT_L2_HR_LakeSP_Obs_012_279_EU_20240316T164904_20240316T165846_PIC0_01.zip,lake,2024-03-16 16:50:33+00:00
215232R000193,2150002072,2024-03-16T16:50:33Z,no_data,14.28,0.025866,1.0,10.809730525349753,43.76386579687376,SWOT_L2_HR_LakeSP_Obs_012_279_EU_20240316T164904_20240316T165846_PIC0_01.zip,lake,2024-03-16 16:50:33+00:00
215232R000228,2150002202,2024-03-16T16:50:33Z,no_data,8.302,0.01838,1.0,10.63024958041586,43.814210261212494,SWOT_L2_HR_LakeSP_Obs_012_279_EU_20240316T164904_20240316T165846_PIC0_01.zip,lake,2024-03-16 16:50:33+00:00
215232R000400,2150000152,2024-03-16T16:50:34Z,no_data,15.71,0.120576,1.0,10.809494958705328,43.835117384136986,SWOT_L2_HR_LakeSP_Obs_012_279_EU_20240316T164904_20240316T165846_PIC0_01.zip,lake,2024-03-16 16:50:34+00:00
215232R000359,2150002062,2024-03-16T16:50:34Z,GRANDE LAGO,14.987,0.028942,1.0,10.779982095819186,43.82806064744604,SWOT_L2_HR_LakeSP_Obs_012_279_EU_20240316T164904_20240316T165846_PIC0_01.zip,lake,2024-03-16 16:50:34+00:00
215232R000596,2150000132,2024-03-16T16:50:35Z,no_data,49.167,0.037893,1.0,10.921220388874968,43.89370526305838,SWOT_L2_HR_LakeSP_Obs_012_279_EU_20240316T164904_20240316T165846_PIC0_01.zip,lake,2024-03-16 16:50:35+00:00
215232L000046,2150001752,2024-03-16T16:50:35Z,no_data,3.255,0.039885,1.0,9.966488811207379,44.09546570782108,SWOT_L2_HR_LakeSP_Obs_012_279_EU_20240316T164904_20240316T165846_PIC0_01.zip,lake,2024-03-16 16:50:35+00:00
215232L000037,2150001842,2024-03-16T16:50:35Z,no_data,0.064,0.0371,0.0,9.969189014257132,44.08337425385599,SWOT_L2_HR_LakeSP_Obs_012_279_EU_20240316T164904_20240316T165846_PIC0_01.zip,lake,2024-03-16 16:50:35+00:00
215232R000618,2150000312,2024-03-16T16:50:35Z,no_data,39.637,0.016735,1.0,11.005128428246447,43.88584937420592,SWOT_L2_HR_LakeSP_Obs_012_279_EU_20240316T164904_20240316T165846_PIC0_01.zip,lake,2024-03-16 16:50:35+00:00
215232L000047,2150001832,2024-03-16T16:50:36Z,no_data,3.299,0.036829,1.0,9.966810474480095,44.09874197569087,SWOT_L2_HR_LakeSP_Obs_012_279_EU_20240316T164904_20240316T165846_PIC0_01.zip,lake,2024-03-16 16:50:36+00:00
215232L000119,2150002012,2024-03-16T16:50:37Z,LAGO DI GRAMOLAZZO,597.484,0.455612,1.0,10.253512540646524,44.16468993965956,SWOT_L2_HR_LakeSP_Obs_012_279_EU_20240316T164904_20240316T165846_PIC0_01.zip,lake,2024-03-16 16:50:37+00:00
214232R000759,2140000492,2024-03-16T16:50:38Z,LAGO SANTO,1502.963,0.076138,1.0,10.584873320758852,44.137007435595706,SWOT_L2_HR_LakeSP_Obs_012_279_EU_20240316T164904_20240316T165846_PIC0_01.zip,lake,2024-03-16 16:50:38+00:00
214232R000771,2140003502,2024-03-16T16:50:39Z,BACINO DI SUVIANA;LAGO DI SUVIANA,465.676,1.494834,1.0,11.042108740201167,44.120949121246696,SWOT_L2_HR_LakeSP_Obs_012_279_EU_20240316T164904_20240316T165846_PIC0_01.zip,lake,2024-03-16 16:50:39+00:00
215232L000135,2150001812,2024-03-16T16:50:39Z,no_data,138.631,0.381288,1.0,9.938120446367659,44.300156375736606,SWOT_L2_HR_LakeSP_Obs_012_279_EU_20240316T164904_20240316T165846_PIC0_01.zip,lake,2024-03-16 16:50:39+00:00
214232L000141,2140000932,2024-03-16T16:50:40Z,LAGO PADULI,1150.427,0.253248,1.0,10.139915513566486,44.34533816080446,SWOT_L2_HR_LakeSP_Obs_012_279_EU_20240316T164904_20240316T165846_PIC0_01.zip,lake,2024-03-16 16:50:40+00:00
214232L000143,2140000092,2024-03-16T16:50:40Z,no_data,923.608,0.024424,1.0,10.345649265009872,44.31533802645052,SWOT_L2_HR_LakeSP_Obs_012_279_EU_20240316T164904_20240316T165846_PIC0_01.zip,lake,2024-03-16 16:50:40+00:00
214232R000779,2140003462,2024-03-16T16:50:40Z,LAGO DEL BRASIMONE;BACINO DEL BRASIMONE,844.458,0.361419,1.0,11.114919246639488,44.125312205798565,SWOT_L2_HR_LakeSP_Obs_012_279_EU_20240316T164904_20240316T165846_PIC0_01.zip,lake,2024-03-16 16:50:40+00:00
214233R000025,2140003452,2024-03-16T16:50:42Z,no_data,202.847,0.038422,1.0,11.106725772980962,44.257598164817,SWOT_L2_HR_LakeSP_Obs_012_279_EU_20240316T164904_20240316T165846_PIC0_01.zip,lake,2024-03-16 16:50:42+00:00
214233L000040,2140000172,2024-03-16T16:50:43Z,no_data,599.659,0.083662,1.0,10.315354980936402,44.499344715700616,SWOT_L2_HR_LakeSP_Obs_012_279_EU_20240316T164904_20240316T165846_PIC0_01.zip,lake,2024-03-16 16:50:43+00:00
214233R000096,2140000792,2024-03-16T16:50:44Z,SECCHIA,157.693,0.869702,1.0,10.701668790626012,44.4899218771845,SWOT_L2_HR_LakeSP_Obs_012_279_EU_20240316T164904_20240316T165846_PIC0_01.zip,lake,2024-03-16 16:50:44+00:00
214233L000285,2140000042,2024-03-16T16:50:47Z,no_data,77.887,0.561056,1.0,10.442323238528857,44.71837521617316,SWOT_L2_HR_LakeSP_Obs_012_279_EU_20240316T164904_20240316T165846_PIC0_01.zip,lake,2024-03-16 16:50:47+00:00
214233L000221,2140000602,2024-03-16T16:50:47Z,no_data,137.444,0.037128,1.0,10.247683722026672,44.728426158266345,SWOT_L2_HR_LakeSP_Obs_012_279_EU_20240316T164904_20240316T165846_PIC0_01.zip,lake,2024-03-16 16:50:47+00:00
214233L000236,2140000622;2140000612,2024-03-16T16:50:47Z,no_data,87.102,0.439792,1.0,10.43736093921558,44.71262338936495,SWOT_L2_HR_LakeSP_Obs_012_279_EU_20240316T164904_20240316T165846_PIC0_01.zip,lake,2024-03-16 16:50:47+00:00
214233L000264,2140002732;2140000902,2024-03-16T16:50:47Z,no_data,89.046,0.220859,1.0,10.170125534417327,44.76003111405758,SWOT_L2_HR_LakeSP_Obs_012_279_EU_20240316T164904_20240316T165846_PIC0_01.zip,lake,2024-03-16 16:50:47+00:00
214233R000376,2140000712,2024-03-16T16:50:47Z,no_data,36.606,0.138084,0.0,10.995903371126925,44.580897140274786,SWOT_L2_HR_LakeSP_Obs_012_279_EU_20240316T164904_20240316T165846_PIC0_01.zip,lake,2024-03-16 16:50:47+00:00
214233R000415,2140000262;2140000652,2024-03-16T16:50:47Z,no_data,35.135,0.102339,1.0,10.986724864258282,44.59329308632121,SWOT_L2_HR_LakeSP_Obs_012_279_EU_20240316T164904_20240316T165846_PIC0_01.zip,lake,2024-03-16 16:50:47+00:00
214233R000436,2140000252,2024-03-16T16:50:47Z,no_data,33.039,0.037215,1.0,11.003204059223009,44.59383111325344,SWOT_L2_HR_LakeSP_Obs_012_279_EU_20240316T164904_20240316T165846_PIC0_01.zip,lake,2024-03-16 16:50:47+00:00
214233R000486,2140000532,2024-03-16T16:50:47Z,no_data,52.391,0.044517,1.0,10.725188694753093,44.66158553660671,SWOT_L2_HR_LakeSP_Obs_012_279_EU_20240316T164904_20240316T165846_PIC0_01.zip,lake,2024-03-16 16:50:47+00:00
214233R000475,2140000872,2024-03-16T16:50:47Z,no_data,32.083,0.05775,0.0,11.003423190532633,44.60427851874079,SWOT_L2_HR_LakeSP_Obs_012_279_EU_20240316T164904_20240316T165846_PIC0_01.zip,lake,2024-03-16 16:50:47+00:00
214233R000463,2140000442,2024-03-16T16:50:47Z,no_data,33.624,0.011111,1.0,10.999613616110414,44.601142939988065,SWOT_L2_HR_LakeSP_Obs_012_279_EU_20240316T164904_20240316T165846_PIC0_01.zip,lake,2024-03-16 16:50:47+00:00
214233R000512,2140000542,2024-03-16T16:50:48Z,no_data,45.185,0.182568,1.0,10.804387399776523,44.658509253695016,SWOT_L2_HR_LakeSP_Obs_012_279_EU_20240316T164904_20240316T165846_PIC0_01.zip,lake,2024-03-16 16:50:48+00:00
214233R000528,2140000152,2024-03-16T16:50:48Z,OASI DI MANZOLINO,32.512,0.218063,1.0,11.125921678562094,44.60729106897023,SWOT_L2_HR_LakeSP_Obs_012_279_EU_20240316T164904_20240316T165846_PIC0_01.zip,lake,2024-03-16 16:50:48+00:00
214233R000506,2140000702,2024-03-16T16:50:48Z,no_data,39.816,2.33252,1.0,10.848404493296398,44.66106332297329,SWOT_L2_HR_LakeSP_Obs_012_279_EU_20240316T164904_20240316T165846_PIC0_01.zip,lake,2024-03-16 16:50:48+00:00
214233L000337,2140002112,2024-03-16T16:50:48Z,no_data,72.66,0.215618,1.0,10.19921834249173,44.78154421511981,SWOT_L2_HR_LakeSP_Obs_012_279_EU_20240316T164904_20240316T165846_PIC0_01.zip,lake,2024-03-16 16:50:48+00:00
214233L000313,2140000032,2024-03-16T16:50:48Z,no_data,66.661,0.408758,1.0,10.43452175407382,44.73246210975198,SWOT_L2_HR_LakeSP_Obs_012_279_EU_20240316T164904_20240316T165846_PIC0_01.zip,lake,2024-03-16 16:50:48+00:00
214233R000729,2140002592,2024-03-16T16:50:49Z,no_data,50.121,0.107574,1.0,10.763425161526527,44.76933452971328,SWOT_L2_HR_LakeSP_Obs_012_279_EU_20240316T164904_20240316T165846_PIC0_01.zip,lake,2024-03-16 16:50:49+00:00
214233R000720,2140000322,2024-03-16T16:50:49Z,no_data,21.12,0.075305,1.0,11.092022033455246,44.686885847066506,SWOT_L2_HR_LakeSP_Obs_012_279_EU_20240316T164904_20240316T165846_PIC0_01.zip,lake,2024-03-16 16:50:49+00:00
214233L000636,2140002672,2024-03-16T16:50:49Z,no_data,37.212,0.349466,1.0,10.247104016057932,44.882359293623,SWOT_L2_HR_LakeSP_Obs_012_279_EU_20240316T164904_20240316T165846_PIC0_01.zip,lake,2024-03-16 16:50:49+00:00
214233R000715,2140000222,2024-03-16T16:50:49Z,no_data,26.466,0.013612,1.0,10.983823708944994,44.70561387281221,SWOT_L2_HR_LakeSP_Obs_012_279_EU_20240316T164904_20240316T165846_PIC0_01.zip,lake,2024-03-16 16:50:49+00:00
214233R000699,2140000312,2024-03-16T16:50:49Z,no_data,24.736,0.057677,1.0,10.999547154316895,44.69674672683873,SWOT_L2_HR_LakeSP_Obs_012_279_EU_20240316T164904_20240316T165846_PIC0_01.zip,lake,2024-03-16 16:50:49+00:00
214233R000898,2140001862,2024-03-16T16:50:50Z,no_data,21.876,0.026411,1.0,10.831848841818939,44.82457610827521,SWOT_L2_HR_LakeSP_Obs_012_279_EU_20240316T164904_20240316T165846_PIC0_01.zip,lake,2024-03-16 16:50:50+00:00
214233R000834,2140001772,2024-03-16T16:50:50Z,no_data,21.814,0.060215,0.0,10.820492741667698,44.80232693179839,SWOT_L2_HR_LakeSP_Obs_012_279_EU_20240316T164904_20240316T165846_PIC0_01.zip,lake,2024-03-16 16:50:50+00:00
214233L000855,2140002032;2140002022;2140002242;2140002222,2024-03-16T16:50:50Z,no_data,29.998,0.073248,1.0,10.31040394708776,44.924280729591615,SWOT_L2_HR_LakeSP_Obs_012_279_EU_20240316T164904_20240316T165846_PIC0_01.zip,lake,2024-03-16 16:50:50+00:00
214233R000891,2140008412,2024-03-16T16:50:50Z,no_data,13.335,0.047105,1.0,11.35935417776864,44.721271602896294,SWOT_L2_HR_LakeSP_Obs_012_279_EU_20240316T164904_20240316T165846_PIC0_01.zip,lake,2024-03-16 16:50:50+00:00
214233L000927,2140001762,2024-03-16T16:50:51Z,no_data,23.304,0.057696,1.0,10.524537431285129,44.90634188296005,SWOT_L2_HR_LakeSP_Obs_012_279_EU_20240316T164904_20240316T165846_PIC0_01.zip,lake,2024-03-16 16:50:51+00:00
214234L000037,2140018592;2140018582,2024-03-16T16:50:51Z,LAGO DI CAVA,27.162,0.078092,1.0,10.074979820288057,45.02107801629239,SWOT_L2_HR_LakeSP_Obs_012_279_EU_20240316T164904_20240316T165846_PIC0_01.zip,lake,2024-03-16 16:50:51+00:00
214233L000934,2140002642,2024-03-16T16:50:51Z,RISERVA NATURALE ORIENTATA PARMA MORTA,21.842,0.071724,1.0,10.455001894419334,44.921240684646094,SWOT_L2_HR_LakeSP_Obs_012_279_EU_20240316T164904_20240316T165846_PIC0_01.zip,lake,2024-03-16 16:50:51+00:00
214234R000001,2140001732,2024-03-16T16:50:51Z,no_data,15.065,0.019557,1.0,11.222252285212392,44.78171539621849,SWOT_L2_HR_LakeSP_Obs_012_279_EU_20240316T164904_20240316T165846_PIC0_01.zip,lake,2024-03-16 16:50:51+00:00
214234R000015,2140001972,2024-03-16T16:50:51Z,no_data,19.254,0.022367,1.0,10.871802743632138,44.856453614540555,SWOT_L2_HR_LakeSP_Obs_012_279_EU_20240316T164904_20240316T165846_PIC0_01.zip,lake,2024-03-16 16:50:51+00:00
214234R000048,2140002252,2024-03-16T16:50:51Z,no_data,17.855,0.209159,1.0,10.918419383284917,44.87048419977078,SWOT_L2_HR_LakeSP_Obs_012_279_EU_20240316T164904_20240316T165846_PIC0_01.zip,lake,2024-03-16 16:50:51+00:00
214233R000909,2140002552,2024-03-16T16:50:51Z,no_data,21.129,0.026123,1.0,10.949360460082644,44.80755032508363,SWOT_L2_HR_LakeSP_Obs_012_279_EU_20240316T164904_20240316T165846_PIC0_01.zip,lake,2024-03-16 16:50:51+00:00
214233R000914,2140002452,2024-03-16T16:50:51Z,no_data,21.944,0.049983,1.0,10.831696295300949,44.83188592601205,SWOT_L2_HR_LakeSP_Obs_012_279_EU_20240316T164904_20240316T165846_PIC0_01.zip,lake,2024-03-16 16:50:51+00:00
214234L000048,2140018562,2024-03-16T16:50:51Z,no_data,27.644,0.161104,1.0,10.04561174557715,45.034293646047864,SWOT_L2_HR_LakeSP_Obs_012_279_EU_20240316T164904_20240316T165846_PIC0_01.zip,lake,2024-03-16 16:50:51+00:00
214233L000910,2140001642,2024-03-16T16:50:51Z,LAGO DI CAVA ENZA MORTA,20.457,0.081562,1.0,10.510518662339226,44.9071131653357,SWOT_L2_HR_LakeSP_Obs_012_279_EU_20240316T164904_20240316T165846_PIC0_01.zip,lake,2024-03-16 16:50:51+00:00
214233L000892,2140002162,2024-03-16T16:50:51Z,no_data,31.689,0.050435,1.0,10.104228446930417,44.9745764401447,SWOT_L2_HR_LakeSP_Obs_012_279_EU_20240316T164904_20240316T165846_PIC0_01.zip,lake,2024-03-16 16:50:51+00:00
214233R999955,2140002092,2024-03-16T16:50:51Z,CASSE DI ESPANSIONE C DE FRATI,20.721,0.025014,1.0,10.825521904383692,44.84619884817414,SWOT_L2_HR_LakeSP_Obs_012_279_EU_20240316T164904_20240316T165846_PIC0_01.zip,lake,2024-03-16 16:50:51+00:00
214233L000870,2140002632,2024-03-16T16:50:51Z,no_data,26.957,0.02768,1.0,10.314468476861375,44.92706956431491,SWOT_L2_HR_LakeSP_Obs_012_279_EU_20240316T164904_20240316T165846_PIC0_01.zip,lake,2024-03-16 16:50:51+00:00
214234R000091,2140001952,2024-03-16T16:50:52Z,no_data,19.431,0.030309,1.0,10.923597055868488,44.88165018943187,SWOT_L2_HR_LakeSP_Obs_012_279_EU_20240316T164904_20240316T165846_PIC0_01.zip,lake,2024-03-16 16:50:52+00:00
214234L000050,2140002142;2140002472,2024-03-16T16:50:52Z,(EX) LAGHETTO DI CAVA,24.479,0.042955,1.0,10.291309731141169,44.990011981548854,SWOT_L2_HR_LakeSP_Obs_012_279_EU_20240316T164904_20240316T165846_PIC0_01.zip,lake,2024-03-16 16:50:52+00:00
214234L000142,2140018972,2024-03-16T16:50:52Z,STAGNO DI PESCE,22.607,0.015667,1.0,10.342369565399622,45.021959982944196,SWOT_L2_HR_LakeSP_Obs_012_279_EU_20240316T164904_20240316T165846_PIC0_01.zip,lake,2024-03-16 16:50:52+00:00
214234L000107,2140018842,2024-03-16T16:50:52Z,no_data,25.116,0.044532,1.0,10.34546345415988,45.00553095541848,SWOT_L2_HR_LakeSP_Obs_012_279_EU_20240316T164904_20240316T165846_PIC0_01.zip,lake,2024-03-16 16:50:52+00:00
214234L000063,2140002312,2024-03-16T16:50:52Z,no_data,25.109,0.02585,1.0,10.286191664005155,44.996668207949746,SWOT_L2_HR_LakeSP_Obs_012_279_EU_20240316T164904_20240316T165846_PIC0_01.zip,lake,2024-03-16 16:50:52+00:00
214234L000098,2140018442,2024-03-16T16:50:52Z,no_data,24.098,0.066014,0.0,10.353335053791184,45.00220890222917,SWOT_L2_HR_LakeSP_Obs_012_279_EU_20240316T164904_20240316T165846_PIC0_01.zip,lake,2024-03-16 16:50:52+00:00
214234L000094,2140002132,2024-03-16T16:50:52Z,LAGHETTO DI CAVA,22.646,0.060113,1.0,10.4075447673847,44.992169108670645,SWOT_L2_HR_LakeSP_Obs_012_279_EU_20240316T164904_20240316T165846_PIC0_01.zip,lake,2024-03-16 16:50:52+00:00
214234L000074,2140018812,2024-03-16T16:50:52Z,no_data,28.892,0.257218,1.0,10.177984965349534,45.0239700307921,SWOT_L2_HR_LakeSP_Obs_012_279_EU_20240316T164904_20240316T165846_PIC0_01.zip,lake,2024-03-16 16:50:52+00:00
214234L000105,2140018822,2024-03-16T16:50:52Z,no_data,25.197,0.096038,1.0,10.281037010018412,45.0191774663307,SWOT_L2_HR_LakeSP_Obs_012_279_EU_20240316T164904_20240316T165846_PIC0_01.zip,lake,2024-03-16 16:50:52+00:00
214234R000256,2140002442,2024-03-16T16:50:53Z,no_data,10.939,0.235461,1.0,11.181840027685581,44.89772867783577,SWOT_L2_HR_LakeSP_Obs_012_279_EU_20240316T164904_20240316T165846_PIC0_01.zip,lake,2024-03-16 16:50:53+00:00
214234R000268,2140001802,2024-03-16T16:50:53Z,no_data,14.349,0.057161,1.0,10.856193381607952,44.95943923740067,SWOT_L2_HR_LakeSP_Obs_012_279_EU_20240316T164904_20240316T165846_PIC0_01.zip,lake,2024-03-16 16:50:53+00:00
214234R000275,2140001752,2024-03-16T16:50:53Z,no_data,14.219,0.166835,1.0,10.854845859208286,44.963840568160315,SWOT_L2_HR_LakeSP_Obs_012_279_EU_20240316T164904_20240316T165846_PIC0_01.zip,lake,2024-03-16 16:50:53+00:00
214234R000333,2140001582,2024-03-16T16:50:53Z,no_data,11.521,0.021466,1.0,11.09207558156763,44.94048622343726,SWOT_L2_HR_LakeSP_Obs_012_279_EU_20240316T164904_20240316T165846_PIC0_01.zip,lake,2024-03-16 16:50:53+00:00
214234R000341,2140002002;2140001882,2024-03-16T16:50:53Z,no_data,13.534,0.149968,1.0,10.88196514972055,44.98571969076322,SWOT_L2_HR_LakeSP_Obs_012_279_EU_20240316T164904_20240316T165846_PIC0_01.zip,lake,2024-03-16 16:50:53+00:00
214234R000347,2140001712,2024-03-16T16:50:53Z,no_data,8.806,0.019846,1.0,11.221165569815518,44.92088405475262,SWOT_L2_HR_LakeSP_Obs_012_279_EU_20240316T164904_20240316T165846_PIC0_01.zip,lake,2024-03-16 16:50:53+00:00
214234R000354,2140001562,2024-03-16T16:50:53Z,no_data,13.455,0.14739,1.0,11.051873106376885,44.9585503608122,SWOT_L2_HR_LakeSP_Obs_012_279_EU_20240316T164904_20240316T165846_PIC0_01.zip,lake,2024-03-16 16:50:53+00:00
214234R000355,2140001792,2024-03-16T16:50:53Z,no_data,14.674,0.03021,1.0,10.876933661655027,44.99160078938368,SWOT_L2_HR_LakeSP_Obs_012_279_EU_20240316T164904_20240316T165846_PIC0_01.zip,lake,2024-03-16 16:50:53+00:00
214234R000546,2140018242;2140018322,2024-03-16T16:50:55Z,no_data,13.032,0.380028,1.0,11.110199247074314,45.066712176699696,SWOT_L2_HR_LakeSP_Obs_012_279_EU_20240316T164904_20240316T165846_PIC0_01.zip,lake,2024-03-16 16:50:55+00:00
214234R000553,2140018692,2024-03-16T16:50:55Z,no_data,13.259,0.027635,1.0,11.113274417238006,45.064759760831365,SWOT_L2_HR_LakeSP_Obs_012_279_EU_20240316T164904_20240316T165846_PIC0_01.zip,lake,2024-03-16 16:50:55+00:00
214234R000592,2140018672,2024-03-16T16:50:56Z,no_data,14.961,0.036475,0.0,11.024153100067515,45.09490278309247,SWOT_L2_HR_LakeSP_Obs_012_279_EU_20240316T164904_20240316T165846_PIC0_01.zip,lake,2024-03-16 16:50:56+00:00
214234R000604,2140013862;2140012752,2024-03-16T16:50:56Z,no_data,16.86,0.047078,1.0,10.91600235145475,45.12764242283875,SWOT_L2_HR_LakeSP_Obs_012_279_EU_20240316T164904_20240316T165846_PIC0_01.zip,lake,2024-03-16 16:50:56+00:00
