Data,BO28-00,BO55-01,BOF8-00,BOG0-00,FC06-02,FC14-02,FC16-01,FC20-00,FC83-01,FC90-00,FE80-00,FE81-00,MO08-00,MO43-01,MO64-00,MO72-01,MO80-00,MO81-00,PC27-02,PC56-03,PC96-00,PR23-02,PR32-00,PRB3-00,PRB4-00,RA34-02,RA58-00,RE15-00,RE25-00,RE55-00,RE79-01,RE84-00,RN03-00,RN04-00,RN05-00,RN06-00
1/1/2009,,,45.24,9.26,,,5.34,15.81,,,,1.38,4.37,4.07,20.23,26.67,,,8.96,9.2,,,,18.09,19.67,,15.58,,23.19,,18.59,,,,19.87,
2/1/2009,,,45.15,9.25,,,5.34,15.78,,,,1.41,4.36,4.05,20.17,26.65,,,8.96,9.27,,,,18.05,19.64,,15.57,,23.14,,18.56,,,,19.8,
3/1/2009,,,45.1,9.24,,,5.34,15.71,,,,1.42,4.35,4.02,20.16,26.63,,,8.96,9.32,,,,18.04,19.57,,15.56,,23.15,,18.53,,,,19.74,
4/1/2009,,,45.05,9.23,,,5.34,15.68,,,,1.44,4.34,4,20.14,26.59,,,8.98,9.38,,,,18.01,19.59,,15.55,,23.13,,18.49,,,,19.67,
5/1/2009,,,44.82,9.21,,,5.34,15.66,,,,1.45,4.33,4.03,20.1,26.57,,,8.98,9.43,,,,17.98,19.54,,15.53,,23.09,,18.46,,,,19.61,
6/1/2009,,,44.64,9.2,,,5.34,,,,,1.47,4.32,4.04,20.08,26.56,,,9,9.49,,,,17.97,19.51,,15.53,,23.13,,18.46,,,,19.56,
7/1/2009,,,44.64,9.18,,,5.34,,,,,1.49,4.31,4.03,20.07,26.53,,,9.01,9.56,,,,17.97,19.52,,15.52,,23.12,,18.45,,,,19.5,
8/1/2009,,,44.63,9.18,,,5.34,,,,,1.31,4.31,4,20.21,26.53,,,9.02,9.61,,,,17.97,19.52,,15.52,,23.18,,18.45,,,,19.4,
9/1/2009,,,44.47,9.19,,,5.34,,,,,1.2,4.31,3.89,20.35,26.52,,,9.05,9.68,,,,18.02,19.41,,15.55,,23.2,,18.45,,,,19.33,
10/1/2009,,,44.53,9.18,,,5.34,,,,,1.19,4.31,3.83,20.23,26.48,,,9.04,9.72,,,,17.97,19.44,,15.55,,23.18,,18.44,,,,19.33,
11/1/2009,,,45.06,9.18,,,5.34,,,,,1.21,4.29,3.78,20.2,26.47,,,9.06,9.76,,,,17.98,19.49,,15.55,,23.23,,18.44,,,,19.28,
12/1/2009,,,45.52,9.16,,,5.34,,,,,1.23,4.29,3.75,20.18,26.43,,,9.07,9.81,,,,17.96,19.51,,15.53,,23.21,,18.39,,,,19.24,
13/1/2009,,,45.57,9.12,,,5.34,,,,,1.25,4.33,,20.31,26.37,,,9.07,9.85,,,,17.91,19.46,,15.5,,23.11,,18.31,,,,19.17,
14/1/2009,,,45.58,9.09,,,5.34,,,,,1.25,4.28,,20.27,26.34,,,9.06,9.87,,,,17.86,19.39,,15.48,,23.18,,18.29,,,,19.1,
15/1/2009,,,45.44,9.1,,,5.34,,,,,1.28,4.24,3.89,20.31,26.35,,,9.07,9.91,,,,17.88,19.43,,15.49,,23.21,,18.31,,,,19.01,
16/1/2009,,,45.34,9.11,,,5.34,,,,,1.29,4.23,3.8,20.4,26.36,,,9.1,9.97,,,,17.9,19.34,,15.51,,23.22,,18.35,,,,18.95,
17/1/2009,,,45.22,9.1,,,5.34,,,,,1.29,4.23,3.77,20.24,26.33,,,9.08,10.01,,,,17.89,19.31,,15.51,,23.21,,18.31,,,,18.92,
18/1/2009,,,45.17,9.07,,,5.34,,,,,1.27,4.2,3.85,20.12,26.26,,,9.04,10.02,,,,17.82,19.32,,15.47,,23.18,,18.23,,,,18.91,
19/1/2009,,,45,9.04,,,5.34,,,,,1.28,4.2,3.88,20.09,26.23,,,9.02,10.03,,,,17.78,19.38,,15.45,,23.09,,18.16,,,,18.84,
20/1/2009,,,45.12,8.99,,,5.34,,,,,1.28,4.21,3.87,20.18,26.18,,,8.91,9.82,,,,17.71,19.4,,15.42,,23.11,,18.13,,,,18.74,
21/1/2009,,,45.17,9,,,5.34,,,,,1.32,4.18,3.72,20.2,26.2,,,8.81,9.71,,,,17.68,19.13,,15.42,,23.03,,18.15,,,,18.64,
22/1/2009,,,44.9,9.01,,,5.34,,,,,1.34,4.17,3.71,20.24,26.18,,,8.71,9.59,,,,17.6,19.06,,15.43,,23,,18.11,,,,18.58,
23/1/2009,,,44.81,,,,5.34,,,,,1.29,4.11,3.78,20.17,26.09,,,8.6,9.45,,,,17.48,18.94,,15.38,,22.92,,18.01,,,,18.57,
24/1/2009,,,44.76,,,,5.34,,,,,1.3,4.11,3.86,19.94,26.08,,,8.54,9.37,,,,17.43,18.88,,15.36,,22.97,,18,,,,18.49,
25/1/2009,,,44.8,,,,5.34,,,,,1.11,4.09,3.78,19.87,26.09,,,8.51,9.34,,,,17.41,18.83,,15.37,,22.93,,18.02,,,,18.36,
26/1/2009,,,44.92,,,,5.34,,,,,1.08,4.1,3.73,19.96,26.08,,,8.46,9.32,,,,17.38,18.76,,15.36,,22.85,,18,,,,18.32,
27/1/2009,,,45.15,,,,5.34,,,,,1.08,4.09,3.72,20.09,26.06,,,8.38,9.31,,,,17.32,18.73,,15.36,,22.81,,17.97,,,,18.28,
28/1/2009,,,45.33,,,,5.34,,,,,1.08,4.11,3.64,20.13,26.05,,,8.32,9.3,,,,17.26,18.62,,15.37,,22.79,,17.93,,,,18.2,
29/1/2009,,,45.51,,,,5.34,,,,,1.08,4.09,3.58,20.11,26.03,,,8.25,9.3,,,,17.2,18.76,,15.38,,22.8,,17.89,,,,18.16,
30/1/2009,,,45.48,,,,5.34,,,,,1.1,4.08,3.52,20.11,26,,,8.2,9.31,,,,17.11,18.74,,15.39,,22.9,,17.81,,,,18.11,
31/1/2009,,,45.3,,,,5.34,,,,,1.12,4.11,3.53,19.86,25.95,,,8.16,9.3,,,,17,18.65,,15.37,,22.81,,17.69,,,,18.1,
1/2/2009,,,45.27,,,,5.34,,,,,1.14,4.07,3.62,19.76,25.92,,,8.12,9.28,,,,16.92,18.57,,15.35,,22.73,,17.62,,,,18.11,
2/2/2009,,,45.22,,,,5.34,,,,,1.1,4.05,3.57,19.72,25.86,,,8.08,9.29,,,,16.81,18.54,,15.31,,22.43,,17.5,,,,18.08,
3/2/2009,,,45.18,,,,5.34,,,,,0.84,4.01,3.51,19.72,25.84,,,8.01,9.27,,,,16.72,18.52,,15.29,,22.33,,17.41,,,,18.02,
4/2/2009,,,44.93,,,,5.34,,,,,0.86,4.03,3.52,19.69,25.81,,,7.92,9.23,,,,16.65,18.47,,15.28,,22.17,,17.37,,,,17.88,
5/2/2009,,,44.91,,,,5.34,,,,,0.77,4.06,3.5,19.65,25.8,,,7.86,9.15,,,,16.58,18.41,,15.3,,22.12,,17.26,,,,17.83,
6/2/2009,,,44.81,,,,5.34,,,,,0.79,4.03,3.55,19.5,25.74,,,7.65,8.89,,,,16.42,18.29,,15.27,,22.06,,17.13,,,,17.81,
7/2/2009,,,,,,,5.34,,,,,0.79,3.99,3.59,19.2,25.67,,,7.42,8.48,,,,16.2,18.15,,15.24,,21.91,,17.05,,,,17.72,
8/2/2009,,,,,,,5.34,,,,,0.82,3.99,3.65,19.13,25.67,,,7.35,8.16,,,,16.07,18.14,,15.23,,21.87,,17.03,,,,17.61,
9/2/2009,,,,,,,5.34,,,,,0.88,4.01,3.51,19.11,25.7,,,7.32,8.01,,,,15.95,18.17,,15.27,,21.76,,17.01,,,,17.5,
10/2/2009,,,,,,,5.34,,,,,0.89,4.01,3.5,19.19,25.64,,,7.26,7.89,,,,15.74,18.05,,15.25,,21.72,,16.86,,,,17.48,
11/2/2009,,,,,,,5.34,,,,,0.9,3.98,3.47,19.12,,,,7.24,7.86,,,,15.68,17.97,,15.25,,21.49,,16.83,,,,17.45,
12/2/2009,,,,,,,5.34,,,,,0.96,4.04,3.42,19.09,,,,7.25,7.85,,,,15.6,17.96,,15.26,,21.42,,16.77,,,,17.4,
13/2/2009,,,,,,,5.34,,,,,0.99,4.02,3.37,19.06,,,,7.27,7.87,,,,15.53,17.92,,15.26,,21.39,,16.7,,,,17.33,
14/2/2009,,,,,,,5.34,,,,,1.03,4,3.52,18.86,,,,7.29,7.9,,,,15.47,17.87,,15.26,,21.38,,16.66,,,,17.29,
15/2/2009,,,,,,,5.34,,,,,1.07,3.98,3.37,18.82,,,,7.32,7.96,,,,15.45,17.86,,15.27,,21.38,,16.61,,,,17.22,
16/2/2009,,,,,,,5.34,,,,,1.11,3.94,3.33,18.77,,,,7.35,8.03,,,,15.38,17.79,,15.26,,21.27,,16.51,,,,17.2,
17/2/2009,,,,,,,5.34,,,,,1.12,4,3.34,18.81,,,,7.36,8.1,,,,15.27,17.69,,15.22,,21.21,,16.39,,,,17.21,
18/2/2009,,,,,,,5.34,,,,,1.14,4,3.3,18.77,,,,7.36,8.14,,,,15.26,17.68,,15.22,,21.24,,16.41,,,,17.19,
19/2/2009,,,,,,,5.34,,,,,1.19,3.99,3.25,18.82,,,,7.43,8.24,,,,15.28,17.66,,15.24,,21.21,,16.39,,,,17.12,
20/2/2009,,,,,,,5.34,,,,,1.23,3.98,3.32,18.85,,,,7.47,8.32,,,,15.29,17.65,,15.24,,21.21,,16.35,,,,17.07,
21/2/2009,,,,,,,5.34,,,,,1.25,3.95,3.43,18.66,,,,7.49,8.4,,,,15.25,17.58,,15.24,,21.23,,16.3,,,,17.08,
22/2/2009,,,,,,,5.34,,,,,1.27,3.92,3.42,18.56,,,,7.51,8.47,,,,15.2,17.49,,15.21,,21.19,,16.22,,,,17.1,
23/2/2009,,,,,,,5.34,,,,,1.28,3.9,3.36,18.52,,,,7.53,8.53,,,,15.16,17.44,,15.19,,21.15,,16.18,,,,17.07,
24/2/2009,,,,,,,5.34,,,,,1.3,3.9,3.46,18.66,,,,7.55,8.6,,,,15.15,17.43,,15.19,,21.18,,16.17,,,,17.01,
25/2/2009,,,,,,,5.34,,,,,1.35,,,18.74,,,,7.62,8.7,,,,15.22,17.49,,,,21.23,,16.21,,,,16.93,
26/2/2009,,,,,,,5.34,,,,,1.34,,,18.72,,,,7.65,8.78,,,,15.17,17.38,,,,21.16,,16.1,,,,16.92,
27/2/2009,,,,,,,5.34,,,,,1.34,,,18.68,,,,7.66,8.83,,,,15.12,17.3,,,,21.18,,16.08,,,,16.91,
28/2/2009,,,,,,,5.34,,,,,1.36,,,18.56,,,,7.69,8.9,,,,15.14,17.3,,,,21.16,,16.08,,,,16.87,
1/3/2009,,,,,,,5.34,,,,,1.37,,,18.46,,,,7.72,8.97,,,,15.12,17.24,,,,21.14,,16.03,,,,16.87,
2/3/2009,,,,,,,5.34,,,,,1.37,,,18.45,,,,7.74,9.02,,,,15.11,17.18,,,,21.1,,16.02,,,,16.89,
3/3/2009,,,,,,,5.34,,,,,1.39,,,18.56,,,,7.78,9.08,,,,15.11,17.16,,,,21.14,,15.96,,,,16.87,
4/3/2009,,,,,,,5.34,,,,,1.32,,,18.49,,,,7.77,9.1,,,,15,17.08,,,,21.06,,15.79,,,,16.84,
5/3/2009,,,,,,,5.34,,,,,1.1,,,18.35,,,,7.7,9.07,,,,14.92,17.02,,,,21.03,,15.75,,,,16.67,
6/3/2009,,,,,,,5.34,,,,,0.84,,,18.42,,,,7.66,9.01,,,,14.96,16.99,,,,21.08,,15.85,,,,16.37,
7/3/2009,,,,,,,5.34,,,,,0.83,,,18.39,,,,7.65,8.96,,,,14.98,17.03,,,,21.11,,15.89,,,,16.37,
8/3/2009,,,,,,,5.34,,,,,0.97,,,18.37,,,,7.65,8.92,,,,15,17.01,,,,21.05,,15.88,,,,16.36,
9/3/2009,,,,,,,5.34,,,,,0.99,,,18.37,,,,7.64,8.89,,,,14.95,16.91,,,,21.03,,15.87,,,,16.33,
10/3/2009,,,,,,,5.34,,,,,1.05,,,18.55,,,,7.68,8.91,,,,15,16.93,,,,21.07,,15.87,,,,16.32,
11/3/2009,,,,,,,5.34,,,,,1.06,,,18.53,,,,7.69,8.89,,,,14.95,16.83,,,,21.03,,15.85,,,2.44,16.29,
12/3/2009,,,,,,,5.34,,,,,1.12,,,18.63,,,,7.74,8.94,,,,15,16.87,,,,21.11,,15.85,,,2.44,16.28,
13/3/2009,,,,,,,5.34,,,,,1.13,,,18.6,,,,7.74,8.96,,,,14.94,16.77,,,,21.06,,15.82,,,2.39,16.25,
14/3/2009,,,,,,,5.34,,,,,1.16,,,18.55,,,,7.76,9.01,,,,14.97,16.79,,,,21.1,,15.83,,,2.37,16.23,
15/3/2009,,,,,,,5.34,,,,,1.19,,,18.48,,,,7.79,9.05,,,,14.95,16.72,,,,21.09,,15.81,,,2.35,16.21,
16/3/2009,,,,,,,5.34,,,,,1.22,,,18.5,,,,7.82,9.1,,,,14.97,16.74,,,,21.07,,15.84,,,2.37,16.21,
17/3/2009,,,,,,,5.34,,,,,1.25,,,18.68,,,,7.85,9.14,,,,14.96,16.69,,,,21.04,,15.78,,,2.36,16.18,
18/3/2009,,,,,,,5.34,,,,,1.25,,,18.64,,,,7.87,9.18,,,,14.92,16.62,,,,21.07,,15.75,,,2.78,16.15,
19/3/2009,,,,,,,5.34,,,,,1.25,,,18.58,,,,7.9,9.2,,,,14.88,16.57,,,,21.06,,15.68,,,2.79,16.11,
20/3/2009,,,,,,,5.34,,,,,1.28,,,18.67,,,,7.92,9.24,,,,14.9,16.58,,,,21.09,,15.71,,,2.64,16.1,
21/3/2009,,,,,,,5.34,,,,,1.31,,,18.67,,,,7.95,9.28,,,,14.9,16.56,,,,21.18,,15.7,,,2.63,16.07,
22/3/2009,,,,,,,5.34,,,,,1.32,,,18.65,,,,7.97,9.31,,,,14.89,16.51,,,,21.04,,15.66,,,2.6,16.05,
23/3/2009,,,,,,,5.34,,,,,1.33,,,18.56,,,,7.98,9.34,,,,14.83,16.46,,,,20.98,,15.57,,,2.57,15.99,
24/3/2009,,,,,,,5.34,,,,,1.31,,,18.59,,,,7.98,9.34,,,,14.75,16.31,,,,20.96,,15.53,,,2.51,15.95,
25/3/2009,,,,,,,5.34,,,,,1.36,,,18.66,,,,8.04,9.4,,,,14.84,16.4,,,,20.95,,15.57,,,2.57,,
26/3/2009,,,,,,,,,,,,1.37,,,18.65,,,,8.08,9.44,,,,14.83,16.39,,,,20.95,,15.57,,,2.46,,
27/3/2009,,,,,,,,,,,,1.39,,,18.69,,,,8.11,9.49,,,,14.86,16.35,,,,20.95,,15.58,,,2.43,,
28/3/2009,,,,,,,,,,,,1.4,,,18.63,,,,8.13,9.53,,,,14.86,16.33,,,,20.96,,15.53,,,2.38,,
29/3/2009,,,,,,,,,,,,1.13,,,18.51,,,,8.07,9.55,,,,14.84,16.26,,,,20.93,,15.5,,,2.28,,
30/3/2009,,,,,,,,,,,,0.85,,,18.43,,,,8,9.46,,,,14.87,16.23,,,,20.95,,15.53,,,2.28,,
31/3/2009,,,,,,,,,,,,0.93,,,18.68,,,,7.94,9.39,,,,14.89,16.3,,,,21.03,,15.54,,,2.48,,
1/4/2009,,,,,,,,,,,,0.93,,,18.66,,,,7.89,9.34,,,,14.85,16.23,,,,20.99,,15.53,,,2.46,,
2/4/2009,,,,,,,,,,,,0.76,,,18.65,,,,7.86,9.23,,,,14.82,16.18,,,,20.92,,,,,2.37,,
3/4/2009,,,,,,,,,,,,0.7,,,18.67,,,,,9.05,,,,14.81,,,,,20.9,,,,,2.41,,
4/4/2009,,,,,,,,,,,,0.74,,,18.53,,,,,8.91,,,,14.76,,,,,20.9,,,,,2.44,,
5/4/2009,,,,,,,,,,,,0.76,,,18.46,,,,,8.85,,,,14.73,,,,,20.8,,,,,2.38,,
6/4/2009,,,,,,,,,,,,0.79,,,18.41,,,,,8.81,,,,14.68,,,,,20.75,,,,,2.38,,
7/4/2009,,,,,,,,,,,,0.83,,,18.51,,,,,8.78,,,,14.64,,,,,20.69,,,,,2.48,,
8/4/2009,,,,,,,,,,,,0.89,,,18.53,,,,,8.77,,,,14.64,,,,,20.68,,,,,2.4,,
9/4/2009,,,,,,,,,,,,0.95,,,18.53,,,,,,,,,14.63,,,,,20.61,,,,,2.51,,
10/4/2009,,,,,,,,,,,,0.98,,,18.5,,,,,,,,,14.59,,,,,20.59,,,,,2.49,,
11/4/2009,,,,,,,,,,,,1.01,,,18.34,,,,,,,,,14.55,,,,,20.55,,,,,2.44,,
12/4/2009,,,,,,,,,,,,1.04,,,18.27,,,,,,,,,14.53,,,,,20.5,,,,,2.46,,
13/4/2009,,,,,,,,,,,,1.07,,,18.18,,,,,,,,,14.49,,,,,20.46,,,,,2.44,,
14/4/2009,,,,,,,,,,,,1.11,,,18.17,,,,,,,,,14.49,,,,,20.43,,,,,2.43,,
15/4/2009,,,,,,,,,,,,1.14,,,18.3,,,,,,,,,14.5,,,,,20.58,,,,,2.51,,
16/4/2009,,,,,,,,,,,,1.18,,,,,,,,,,,,14.49,,,,,,,,,,2.52,,
17/4/2009,,,,,,,,,,,,1.18,,,,,,,,,,,,14.47,,,,,,,,,,2.51,,
18/4/2009,,,,,,,,,,,,1.21,,,,,,,,,,,,14.47,,,,,,,,,,2.5,,
19/4/2009,,,,,,,,,,,,1.2,,,,,,,,,,,,14.48,,,,,,,,,,2.36,,
20/4/2009,,,,,,,,,,,,0.89,,,,,,,,,,,,14.47,,,,,,,,,,2.36,,
21/4/2009,,,,,,,,,,,,0.87,,,,,,,,,,,,14.43,,,,,,,,,,2.35,,
22/4/2009,12.94,,,,,,,,,,,0.91,,,,,,,,,,,,14.4,,,,,,,,,,2.43,,
23/4/2009,12.93,,,,,,5.31,,,,,0.96,,,,,,,,,,,,14.37,,9.23,15.08,,,,,,12.7,2.34,15.47,
24/4/2009,12.92,,,,,12.79,5.24,,,,,1.03,,,,,,,,,,,,14.41,,9.21,15.09,,,,,,12.73,2.35,15.45,
25/4/2009,12.88,,,,,12.11,5.18,,,,,1.06,,,,,,,,,,,,14.41,,9.21,15.05,,,,,,12.76,2.32,15.42,
26/4/2009,12.83,,,,,11.78,5.14,,,,,1.09,,,,,,,,,,,,14.37,,9.19,15.01,,,,,,12.76,2.23,15.39,
27/4/2009,12.81,,,,,11.74,6.03,,,,,1.02,,,,,,,,,,,,14.31,,9.16,14.96,,,,,,12.73,2.21,15.33,
28/4/2009,12.83,,,,,12.17,6.1,,,,,0.95,,,,,,,,,,,,14.28,,9.15,14.96,,,,,,12.73,2.18,15.33,
29/4/2009,12.82,,,,,12.38,6.06,,,,,0.84,,,,,,,,,,,,14.26,,9.14,14.95,,,,,,12.79,2.27,15.32,
30/4/2009,12.82,,,,,12.5,5.91,,,,,0.7,,,,,,,,,,,,14.16,,9.14,14.96,,,,,,12.84,2.24,15.32,
1/5/2009,12.77,,,,,12.04,5.86,,,,,0.71,,,,,,,,,,,,14.09,,9.14,14.96,,,,,,12.88,2.27,15.31,
2/5/2009,12.74,,,,,11.84,5.87,,,,,0.78,,,,,,,,,,,,14.04,,9.15,14.96,,,,,,12.93,2.29,15.31,
3/5/2009,12.71,,,,,11.65,5.85,,,,,0.85,,,,,,,,,,,,13.97,,9.15,14.94,,,,,,13.01,2.31,15.3,
4/5/2009,12.7,,,,,11.63,5.95,,,,,0.87,,,,,,,,,,,,13.92,,9.15,14.92,,,,,,13.03,2.32,15.27,
5/5/2009,12.71,,,,,12.17,6.11,,,,,0.92,,,,,,,,,,,,13.89,,9.14,14.92,,,,,,13.07,2.34,15.28,
6/5/2009,12.7,,,,,12.35,6.18,,,,,0.96,,,,,,,,,,,,13.84,,9.14,14.91,,,,,,13.13,2.38,15.31,
7/5/2009,12.7,,,,,12.51,6.46,,,,,0.99,,,,,,,,,,,,13.82,,9.14,14.91,,,,,,13.19,2.41,15.31,
8/5/2009,12.72,,,,,12.56,6.6,,,,,1.03,,,,,,,,,,,,13.79,,9.14,14.88,,,,,,13.25,2.48,15.34,
9/5/2009,12.76,,,,,12.39,6.61,,,,,1.07,,,,,,,,,,,,13.77,,9.18,14.91,,,,,,13.29,2.55,15.43,
10/5/2009,12.78,,,,,12,6.36,,,,,1.1,,,,,,,,,,,,13.75,,9.18,14.9,,,,,,13.36,2.49,15.48,
11/5/2009,12.76,,,,,11.95,6.39,,,,,1.13,,,,,,,,,,,,13.73,,9.18,14.89,,,,,,13.4,2.45,15.53,
12/5/2009,12.75,,,,,12.57,6.42,,,,,1.14,,,,,,,,,,,,13.7,,9.18,14.89,,,,,,13.46,2.52,15.59,
13/5/2009,12.76,,,,,12.71,9.24,,,,,1.17,,,,,,,,,,,,13.68,,9.18,14.81,,,,,,13.5,2.53,15.63,
14/5/2009,12.81,,,,,12.83,10.06,,,,,1.17,,,,,,,,,,,,13.65,,9.18,14.87,,,,,,13.54,2.55,15.66,
15/5/2009,12.79,,,,,13.02,10.04,,,,,1.18,,,,,,,,,,,,13.63,,9.18,14.86,,,,,,13.57,2.58,15.69,
16/5/2009,12.77,,,,,12.45,9.47,,,,,1.21,,,,,,,,,,,,13.64,,9.19,14.89,,,,,,13.63,2.68,15.75,
17/5/2009,12.73,,,,,12.15,9.16,,,,,1.24,,,,,,,,,,,,13.66,,9.19,14.86,,,,,,13.72,2.57,15.8,
18/5/2009,12.72,,,,,12.12,9.23,,,,,1.25,,,,,,,,,,,,13.65,,9.2,14.85,,,,,,13.75,2.56,15.82,
19/5/2009,12.77,,,,,12.67,8.49,,,,,1.27,,,,,,,,,,,,13.69,,9.2,14.98,,,,,,13.81,2.79,15.86,
20/5/2009,12.81,,,,,13.16,8.62,,,,,1.29,,,,,,,,,,,,13.74,,9.22,14.89,,,,,,13.86,2.66,15.89,
21/5/2009,12.82,,,,,13.2,8.51,,,,,1.3,,,,,,,,,,,,13.77,,9.23,14.95,,,,,,13.92,2.95,15.92,
22/5/2009,12.84,,,,,13.34,8.26,,,,,1.3,,,,,,,,,,,,13.78,,9.24,14.98,,,,,,13.97,2.78,15.94,
23/5/2009,12.89,,,,,13.22,7.56,,,,,1.3,,,,,,,,,,,,13.8,,9.26,14.98,,,,,,14.05,3.32,15.99,
24/5/2009,12.88,,,,,12.94,7.34,,,,,1.3,,,,,,,,,,,,13.79,,9.29,15.03,,,,,,14.13,3.14,16.02,
25/5/2009,12.85,,,,,12.85,7.45,,,,,1.31,,,,,,,,,,,,13.77,,9.3,14.97,,,,,,14.19,3.4,16.05,
26/5/2009,12.85,,,,,13.22,7.59,,,,,1.32,3.89,4.14,18.07,23.67,,,,,,,,13.79,,9.32,15,,,,,,14.22,3.5,16.07,
27/5/2009,12.88,,,,,13.37,7.16,,,,,1.33,3.85,4.12,17.95,23,,,,,,,,13.8,,9.33,15.01,,25.43,6.88,14.15,,14.29,3.27,16.08,
28/5/2009,12.88,,,,,13.55,6.91,,,,,1.37,3.83,4.11,17.97,22.98,,,,,,,,13.81,,9.35,15,,25.18,6.7,13.98,,14.36,3.15,16.1,
29/5/2009,12.84,,,,,13.21,6.86,,,,,1.37,3.81,,17.94,22.9,,,,,,,,13.77,,9.36,14.96,,24.99,6.58,13.82,,14.39,3.12,16.14,
30/5/2009,12.86,,,,,12.79,6.72,,,,,1.38,3.79,4.35,17.94,22.86,,,,,,,,13.76,,9.36,14.95,,24.89,6.5,13.77,,14.41,3,16.15,
31/5/2009,12.81,,,,,12.54,6.63,,,,,1.39,3.77,4.25,17.84,22.8,,,,,,,,13.75,,9.37,14.95,,24.76,6.39,13.77,,14.42,3.15,16.17,
1/6/2009,12.76,,,,,12.32,6.41,,,,,1.39,3.8,,17.68,22.7,,,,,,,,13.69,,9.35,14.9,,24.68,6.28,13.65,,14.43,3.15,16.16,
2/6/2009,12.73,,,,,12.2,6.48,,,,,1.4,3.78,,17.6,22.69,,,,,,,,13.67,,9.35,14.83,,24.66,6.24,13.62,,14.43,3.1,16.17,
3/6/2009,12.73,,,,,12.22,6.38,,,,,1.41,3.76,,17.64,22.66,,,,,,,,13.64,,9.34,14.89,,24.69,6.27,13.6,,14.44,3.06,16.19,
4/6/2009,12.74,,,,,12.81,6.12,,,,,1.42,3.79,,17.95,22.69,,,,,,,,13.65,,9.34,14.87,,24.86,6.43,13.6,,14.45,3.19,16.18,
5/6/2009,12.75,,,,,13.06,6.16,,,,,1.44,3.8,,18.13,22.72,,,,,,,,13.63,,9.34,14.86,,24.95,6.51,13.62,,14.47,3.23,16.21,
6/6/2009,12.82,,,,,12.78,6.13,,,,,1.44,3.83,,17.92,22.71,,,,,,,,13.57,,9.34,14.83,,24.94,6.59,13.59,,14.48,3.26,16.22,
7/6/2009,12.78,,,,,12.44,6.06,,,,,1.45,3.81,,18.01,22.71,,,,,,,,13.56,,9.35,14.84,,25.22,6.87,13.6,,14.52,3.41,16.24,
8/6/2009,12.75,,,,,12.43,6.1,,,,,1.46,3.84,,18.12,22.66,,,,,,,,13.57,,9.36,14.89,,25.17,6.95,13.65,,14.56,3.41,16.27,
9/6/2009,12.77,,,,,13.17,6.16,,,,,1.46,3.83,,18.36,22.87,,,,,,,,13.59,,9.36,14.95,,25.44,7.33,13.65,,14.61,3.5,16.3,
10/6/2009,12.82,,,,,13.39,6.29,,,,,1.47,3.84,,18.48,22.8,,,,,,,,13.58,,9.37,15.08,,25.57,7.33,13.66,,14.65,3.43,16.33,
11/6/2009,12.83,,,,,13.57,6.24,,,,,,3.82,,18.47,22.71,,,,,,,,,,8.97,14.98,,25.58,7.43,13.67,,14.69,3.56,16.36,
12/6/2009,12.89,,,,,13.83,6.33,,,,,,3.85,,18.73,22.73,,,,,,,,,,8.97,14.97,,25.73,7.54,13.69,,14.73,3.48,16.37,
13/6/2009,12.89,,,,,13.59,6.47,,,,,,3.84,,18.81,22.73,,,,,,,,,,9.3,14.97,,25.65,7.49,13.73,,14.77,3.56,16.41,
14/6/2009,12.85,,,,,13.3,6.58,,,,,,3.83,,18.82,22.73,,,,,,,,,,8.48,14.97,,25.51,7.54,13.82,,14.86,3.56,16.44,
15/6/2009,12.87,,,,,13.29,6.56,,,,,,3.93,,18.75,22.81,,,,,,,,,,9.49,14.93,,25.48,7.64,13.83,,14.9,3.65,16.47,
16/6/2009,12.93,,,,,13.81,6.95,,,,,,3.91,,19.13,22.81,,,,,,,,,,9.49,14.97,,25.47,7.76,13.8,,14.94,3.8,16.5,
17/6/2009,13.01,,,,,14.36,7.37,,,,,,3.91,,19.16,22.8,,,,,,,,,,9.52,15.04,,25.41,7.73,13.86,,14.99,3.75,16.54,
18/6/2009,13.08,,,,,14.11,7.37,,,,,,3.91,,19.04,22.75,,,,,24.04,,,,12.4,9.54,15.08,0.91,25.48,7.54,13.82,,15.04,3.96,16.59,
19/6/2009,13.09,,,,,14.02,7.47,,,,,,3.9,,18.95,22.8,,,14.76,12.21,23.65,,,,12.39,9.54,15.02,0.91,25.33,7.49,13.73,,15.07,4.04,16.61,
20/6/2009,13.01,,,,,13.7,6.89,,,,,,3.92,,18.62,22.63,,,11.25,12.21,22.51,,,,12.36,9.54,15.03,0.92,25.06,7.33,13.72,,15.09,4.46,16.63,
21/6/2009,12.94,,,,,13.44,6.78,,,,,,3.87,,18.53,22.53,,,10.41,12.21,22,,,,12.27,9.56,15,0.93,25.02,7.1,13.71,,15.11,4.05,16.66,
22/6/2009,12.88,,,,,13.45,6.88,,,,,,3.91,,18.46,22.5,,,10.18,12.19,21.87,,,,12.24,9.55,15,0.94,24.97,7.12,13.7,,15.13,3.89,16.69,
23/6/2009,12.84,,,,,13.98,6.56,,,,,,3.91,,18.58,22.42,,,10.06,12.19,21.92,,,,12.22,9.55,14.99,0.95,24.88,7.18,13.69,,15.16,3.96,16.72,
24/6/2009,12.83,,,,,14.11,6.65,,,,,,3.93,4.23,18.58,22.37,,,10.01,12.23,22.3,,,,12.37,9.55,15.02,0.96,24.84,7.2,13.69,,15.19,4.04,16.73,
25/6/2009,12.83,,,,,14.7,7.96,,,,,,3.9,,18.71,22.36,,,14.09,12.27,23.64,,,,12.44,9.56,15.03,0.97,24.95,7.31,13.77,,15.23,4.17,16.76,
26/6/2009,12.86,,,,,14.84,8.45,,,,,,3.91,4.44,18.67,22.37,,,11.25,12.35,22.12,,,,12.44,9.59,15.08,0.98,25.05,7.44,13.78,,15.28,4.53,16.78,
27/6/2009,12.85,,,,,14.48,7.98,,,,,,3.9,4.37,18.72,22.34,,,10.53,12.37,21.93,,,,12.38,9.59,15.1,0.99,25.08,7.48,13.89,,15.31,4.4,16.83,
28/6/2009,12.84,,,,,13.92,7.4,,,,,,3.93,4.32,18.63,22.33,,,10.23,12.41,21.86,,,,12.39,9.59,15.05,1,25.17,7.5,13.9,,15.38,4.58,16.87,
29/6/2009,12.82,,,,,13.89,7.18,,,,,,4.05,4.29,18.86,22.34,,,10.15,12.44,21.85,,,,12.39,9.59,15.11,1,25.11,7.55,13.89,,15.43,4.54,16.92,
30/6/2009,12.83,8.91,,,,14.1,7.34,,,,,1.91,4.05,4.27,19.18,22.47,,,10.16,12.53,21.98,,,,12.46,9.62,15.1,1.01,25.52,7.72,14,,15.48,4.86,16.96,
1/7/2009,12.84,8.92,,,,14.47,7.68,,,,,1.93,4.01,,19.44,22.46,5.53,,11.32,12.59,22.09,,,,12.44,9.64,15.13,1.02,25.34,7.92,14.07,,15.54,5.29,17.1,
2/7/2009,12.9,8.94,,,,14.52,7.44,,,,,1.94,4,,19.5,22.48,5.53,,11.27,12.65,22.74,,,,12.48,9.66,15.13,1.03,25.5,8.1,14.06,,15.6,5.5,17.29,
3/7/2009,12.91,8.87,,,,14.44,7.53,,,,,1.94,3.99,,19.34,22.47,5.54,,11.4,12.69,22.99,,,,12.52,9.66,15.08,1.04,25.35,8.21,14.06,,15.63,5.01,17.3,
4/7/2009,12.87,8.85,,,,14.53,7.75,,,,,1.94,4.05,,19.54,22.83,5.55,,11.21,12.75,23.02,,,,12.6,9.7,15.05,1.04,25.78,8.4,14.07,,15.66,5.12,17.31,
5/7/2009,12.84,8.84,,,,14.11,7.72,,,,,1.8,4.13,,19.27,22.93,5.55,,11,12.81,22.87,,,,12.57,9.73,15.11,1.05,25.8,8.29,14.11,,15.73,5.26,17.32,
6/7/2009,12.85,8.85,,,,14.04,7.4,,,,,1.83,4.09,,19.28,22.92,5.55,,10.5,12.84,22.74,,,,12.66,9.74,15.13,1.06,25.38,8.17,14.08,,15.77,4.85,17.33,
7/7/2009,12.88,8.85,,,,14.39,7.45,,,,,1.84,4.09,,19.35,22.49,5.56,,10.41,12.81,22.56,,,,12.5,9.74,15.14,1.07,25.3,8.01,14.16,,15.82,4.92,17.27,
8/7/2009,12.83,8.85,,,,14.5,7.81,,,,,1.85,4.06,,19.42,22.42,,,10.37,12.79,22.53,,,,12.47,9.77,15.2,1.08,25.27,7.98,14.14,,15.88,5.28,17.24,
9/7/2009,12.82,8.87,,,,14.72,7.71,,,,,1.89,4.06,,19.76,22.44,,,10.25,12.81,22.54,,,,12.48,9.79,15.18,1.09,25.12,8.04,14.12,,15.94,5.41,17.23,
10/7/2009,12.83,8.86,,,,14.74,7.71,,,,,1.9,4.06,,19.63,22.51,,,10.65,12.88,22.76,,,,12.43,9.81,15.16,1.1,25.08,7.94,14.09,,15.98,5.04,17.25,
11/7/2009,12.84,8.88,,,,14.27,7.44,,,,,1.91,4.06,,19.57,22.42,,,10.8,12.94,22.98,,,,12.45,9.81,15.08,1.11,25.08,7.85,14.5,,16.05,4.89,17.3,
12/7/2009,12.83,8.88,,,,13.97,7.64,,,,,1.93,4.05,,19.85,22.37,,,10.35,12.98,24.52,,,,12.48,9.8,15.13,1.11,25.24,7.87,14.31,,16.08,5.25,17.35,
13/7/2009,12.78,8.89,,,,13.95,7.78,,,,,1.95,4.18,,19.76,22.4,,,10.32,13.03,24.55,,,,12.45,9.8,15.01,1.12,25.16,7.96,14.22,,16.11,5.39,17.39,
14/7/2009,12.79,8.91,,,,14.61,7.97,,,,,1.96,4.13,,20.02,22.45,,,10.53,13.11,25.23,,,,12.56,9.8,15.12,1.13,25.41,8.15,14.18,,16.15,5.09,17.42,
15/7/2009,12.77,8.93,,,,14.85,8.36,,,,2.49,1.98,4.11,,20.24,22.49,,,11.22,13.18,25.44,,,,12.6,9.8,15.2,1.14,25.51,8.24,14.24,,16.2,5.52,17.45,
16/7/2009,12.75,8.91,,,,15.1,8.96,,,,2.48,2,4.14,,20.48,22.57,,,11.42,13.25,25.1,,,,12.66,9.82,15.28,1.14,25.67,8.35,14.26,,16.24,5.39,17.5,
17/7/2009,12.73,8.88,,,,15.43,8.62,,,,2.56,2,4.15,,20.57,22.56,,,12.44,13.3,24.57,,,,12.63,9.86,15.25,1.15,25.83,8.41,14.69,,16.29,5.92,17.52,
18/7/2009,12.75,8.87,,,,15.19,7.76,,,,2.56,2.01,4.15,,20.52,22.51,,,11.72,13.35,24.19,,,,12.57,9.9,15.2,1.16,26.1,8.31,14.6,,16.33,5.81,17.53,
19/7/2009,12.81,8.93,,,,14.69,8.2,,,,2.47,2.05,4.17,,20.33,22.49,,,11.65,13.41,24.84,,,,12.64,9.96,15.14,1.17,26.28,8.41,14.86,,16.41,5.49,17.59,
20/7/2009,12.84,8.95,46.85,,,14.63,8.31,,,,2.46,2.06,4.25,,20.31,22.46,,,15.51,13.41,25.7,,,,12.66,10,15.24,1.18,26.63,8.56,14.74,,16.45,5.81,17.65,
21/7/2009,12.9,8.95,46.86,,,15.4,8.77,,,,2.47,2.07,4.24,,20.84,22.72,,,16.5,13.44,25.91,,,,12.77,10.02,15.28,1.19,26.83,8.74,14.94,,16.52,5.8,17.63,
22/7/2009,12.92,8.94,46.78,,,15.82,9.65,,,,2.51,2.08,4.25,,20.83,22.81,,,16.41,13.48,25.47,,,,12.86,10.04,15.35,1.19,26.81,8.87,14.66,,16.57,5.64,17.61,
23/7/2009,12.96,8.93,46.77,,,15.94,9.31,,,,2.53,2.09,4.27,,21.01,23.46,,,16.49,13.52,25.68,,,,12.96,10.06,15.28,1.2,26.97,8.9,14.6,,16.63,5.78,17.6,
24/7/2009,13,8.97,46.96,,,16.06,9.15,,,,2.56,2.1,4.29,4.58,21.15,23.03,,,16.3,13.56,26.04,,,,13.06,10.08,15.29,1.21,27.07,9.05,14.7,,16.68,6.21,17.61,
25/7/2009,13.05,9,47.06,,,15.94,8.77,,,,2.56,2.12,4.41,4.58,21.3,23.07,,,16.35,13.59,26.17,,,,13.18,10.11,15.45,1.22,26.93,9.17,14.79,,16.76,6.48,17.63,
26/7/2009,13.1,9.03,47.23,,,15.65,9.72,,,,2.51,2.14,4.42,4.5,21.22,22.99,,,16.32,13.66,26.08,,,,13.25,10.14,15.34,1.23,26.93,9.18,14.86,,16.84,6.32,17.67,
27/7/2009,13.14,9.02,47.19,,,15.65,9.55,,,,2.52,2.14,4.43,4.48,21.2,23.52,,,16.28,13.71,26.25,,,,13.24,10.15,15.37,1.23,26.92,9.2,14.87,,16.91,6.01,17.68,
28/7/2009,13.17,9.02,47.06,,,16.51,9.03,,,,2.56,2.16,4.48,,21.49,23.08,,,16.49,13.76,26.19,,,,13.3,10.18,15.58,1.24,27.45,9.24,15.31,,17,6.01,17.68,
29/7/2009,13.18,9.02,46.98,,,16.56,11.07,,,,2.55,2.18,4.45,4.83,21.58,23.02,,,16.84,13.82,26.32,,,,13.38,10.25,15.46,1.25,27.84,9.34,15.25,,17.06,6.2,17.7,
30/7/2009,13.19,9.01,46.86,,,16.89,9.56,,,,2.59,2.19,4.38,4.72,21.56,23.14,,,16.2,13.87,26.38,,,,13.42,10.26,15.54,1.25,27.54,9.39,15.38,,17.15,6.19,17.71,
31/7/2009,13.22,8.98,46.85,,,16.79,9.52,,,,2.62,2.2,4.47,4.63,21.58,23.26,,,15.18,13.93,26.33,,,,13.48,10.28,15.65,1.26,27.92,9.24,15.4,,17.21,6.34,17.71,
1/8/2009,13.22,8.99,46.95,,,16.64,9.06,,,,2.62,2.21,4.49,4.62,21.68,23.11,,,15.01,13.98,25.96,,,,13.53,10.31,15.72,1.27,27.92,9.03,15.56,,17.3,6.44,17.75,
2/8/2009,13.22,9,47.18,,,16.42,9.16,,,,2.66,2.23,4.48,4.55,21.5,22.86,,,15.29,14.03,27.03,,,,13.53,10.32,15.74,1.28,27.8,9.06,15.52,,17.38,6.47,17.76,
3/8/2009,13.23,9.02,47.36,,,16.36,9.06,,,,2.69,2.24,4.48,4.51,21.53,22.83,,,16.58,14.07,26.05,,,,13.55,10.32,15.61,1.28,27.78,8.87,15.05,,17.49,6.63,17.78,
4/8/2009,13.24,9.01,47.47,,,16.58,8.82,,,,2.66,2.25,4.49,4.5,21.78,22.98,,,16.84,14.1,25.92,,,,13.58,10.35,15.71,1.29,27.95,8.6,15.01,,17.56,6.15,17.81,
5/8/2009,13.28,9.03,47.54,,,16.58,8.61,,,,2.63,2.27,4.49,4.49,21.84,22.96,,,15.94,14.11,26.21,,,,13.67,10.39,15.6,1.3,28.09,8.56,15.05,,17.66,6.64,17.84,
6/8/2009,13.3,9.03,47.47,,,16.79,8.33,,,,2.64,2.28,4.51,,21.99,22.97,,,16.89,14.15,26.34,,,,13.71,10.43,15.82,1.31,28.1,8.61,15.04,,17.75,6.8,17.87,
7/8/2009,13.34,9,47.63,,,16.84,9.05,,,,2.67,2.29,4.51,,22.13,23.04,,,14.61,14.19,26.3,,,,13.75,10.45,15.82,1.32,27.9,8.61,15.15,,17.83,6.66,17.9,
8/8/2009,13.33,9.02,47.78,,,16.61,9.01,,,,2.69,2.31,4.52,,21.95,23.03,,,13.67,14.24,26.23,,,,13.73,10.47,15.76,1.32,27.88,8.55,15.03,,17.92,6.8,17.93,
9/8/2009,13.33,9.03,47.91,,,16.42,9.15,,,,2.72,2.32,4.55,4.6,21.76,23,,,12.9,14.27,26.23,,,,13.68,10.49,15.95,1.33,27.88,8.41,14.96,,17.99,6.99,17.96,
10/8/2009,13.35,9.04,48.02,,,15.88,8.9,,,,2.7,2.3,4.56,4.55,21.7,22.91,,,12.57,14.31,26.46,,,,13.67,10.51,15.99,1.34,27.86,8.39,14.94,,18.05,6.78,18,
11/8/2009,13.35,9.04,48.12,,,15.48,8.68,,,,2.67,2.27,4.55,4.51,21.76,22.86,,,12.52,14.35,26.5,,,,13.74,10.52,15.67,1.35,28.02,8.4,14.97,,18.1,6.44,18.01,
12/8/2009,13.37,9.05,48.17,,,15.41,8.79,,,,2.67,2.32,4.53,4.49,21.71,22.88,,,12.9,14.41,26.73,,,,13.75,10.55,15.81,1.35,28.1,8.64,15,,18.16,6.91,18.04,
13/8/2009,13.37,9.06,48.21,,,15.13,9.15,,,,2.71,2.33,4.47,,21.76,22.84,,,13.03,14.45,26.7,,,,13.75,10.56,15.71,1.36,28.28,8.69,15.11,,18.23,7.12,18.06,
14/8/2009,13.36,9.06,48.24,,,14.97,9.81,,,,2.72,2.34,4.63,,21.91,22.9,,,12.59,14.5,26.58,,,,13.78,10.58,15.8,1.36,28.18,8.83,15.08,,18.29,7.09,18.09,
15/8/2009,13.34,9.08,48.31,,,14.8,9.4,,,,2.69,2.35,4.57,4.65,22.1,22.83,,,12.28,14.54,26.49,,,,13.84,10.61,15.78,1.37,28.22,,15.18,,18.36,7.01,18.14,
16/8/2009,13.35,9.07,48.31,,,14.79,9.29,,,,2.72,2.35,4.56,4.58,22.1,22.82,,,12.15,14.58,26.51,,,,13.87,10.62,15.85,1.38,28.35,,15.23,,18.41,7.12,18.19,
17/8/2009,13.35,9.06,48.32,,,14.75,9.83,,,,2.76,2.36,4.55,4.54,21.95,22.87,,,12.11,14.62,26.62,,,,13.84,10.63,16.01,1.39,28.29,,15.17,,18.48,7.11,18.21,
18/8/2009,13.35,9.12,48.26,,,14.82,10.32,,,,2.76,2.37,4.58,4.52,22.18,22.96,,,12.29,14.69,26.98,,,,13.89,10.65,15.91,1.39,28.77,,15.13,,18.56,7.76,18.25,
19/8/2009,13.33,9.16,48.22,,,14.97,9.91,,,,2.74,2.38,4.56,4.51,22.39,23.01,,,12.78,14.74,27.1,,,,14,10.68,15.78,1.4,28.85,,15.23,,18.65,7.86,18.3,
20/8/2009,13.37,9.14,48.17,,,15.06,10.11,,,,2.74,2.38,4.52,,22.71,23.05,,,12.29,14.8,27.02,,,,14.1,10.7,15.72,1.41,28.98,,15.2,,18.74,7.95,18.35,
21/8/2009,13.38,9.11,48.24,,,15.14,10.13,,,,2.78,2.38,4.5,3.9,22.57,23.05,,,12.13,14.84,26.99,,,,14.08,10.71,15.76,1.41,28.92,,15.19,,18.84,8.31,18.39,
22/8/2009,13.4,9.13,48.41,,,14.97,9.75,,,,2.81,2.37,4.51,3.76,22.53,23,,,12.02,14.89,26.85,,,,14.13,10.73,16.56,1.42,28.76,,15.19,,18.92,8.01,18.42,
23/8/2009,13.41,9.14,48.39,,,15.01,9.47,,,,2.78,2.38,4.68,3.68,22.25,23.02,,,11.94,14.92,26.83,,,,14.1,10.75,15.93,1.43,28.53,,15.32,,19.01,7.98,18.45,
24/8/2009,13.37,9.14,48.22,,,15.05,9.13,,,,2.78,2.38,4.59,3.66,22.2,23.02,,,11.91,14.94,26.82,,,,14.07,10.76,15.83,1.44,28.42,,15.3,,19.11,8.07,18.5,
25/8/2009,13.37,9.16,48.27,,,15.19,9.18,,,,2.78,2.38,4.57,3.64,22.48,23.07,,,11.86,14.98,27.05,,,,14.1,10.78,15.91,1.44,28.42,,15.32,,19.18,8.15,18.53,
26/8/2009,13.44,9.22,48.3,,,15.33,9.1,,,,2.77,2.39,4.67,3.62,22.55,23.12,,,11.85,15.01,27.01,,,,14.14,10.81,15.86,1.45,28.46,,15.4,,19.27,8.29,18.57,
27/8/2009,13.49,9.18,48.08,,,15.42,9.13,,,,2.77,2.39,4.71,3.62,22.42,23.1,,,12.08,15.02,26.98,,,,14.15,10.82,15.9,1.46,28.44,,15.37,,19.38,8.35,18.61,
28/8/2009,13.5,9.12,48.06,,,15.5,9.15,,,,2.82,2.38,4.73,,22.36,23.15,,,11.92,15.06,27.01,,,,14.14,10.83,15.89,1.46,28.38,,15.49,,19.48,8.5,18.66,
29/8/2009,13.5,9.12,48.17,,,15.55,8.64,,,,2.8,2.3,4.73,3.87,22.23,23.08,,,11.88,15.1,27.14,,,,14.19,10.83,15.92,1.47,28.47,,15.6,,19.54,8.49,18.68,
30/8/2009,13.47,9.15,48.08,,,15.16,8.16,,,,2.71,2.22,4.72,3.72,22.11,23.03,,,11.86,15.13,27.12,,,,14.13,10.85,16.1,1.48,28.38,,15.51,,19.64,7.82,18.68,
31/8/2009,13.48,9.13,47.95,,,15.11,8.03,,,,2.67,2.37,4.66,3.65,22.09,23.02,,,11.73,15.14,27.23,,,,14.09,10.85,16.15,1.49,28.37,,15.47,,19.7,8.18,18.72,
1/9/2009,13.46,9.15,47.7,,,15.45,8.01,,,,2.7,2.36,4.57,3.61,22.47,23.05,,,11.67,15.15,27.31,,,,14.04,10.85,16.4,1.49,28.62,,15.45,,19.75,7.69,18.71,
2/9/2009,13.44,9.11,47.41,,,15.56,8.54,,,,2.77,2.36,4.55,3.6,22.57,23.03,,,11.64,15.18,27.3,,,,14.03,10.86,16.01,1.5,28.77,,15.46,,19.8,7.75,18.7,
3/9/2009,13.47,9.1,47.78,,,15.78,8.1,,,,2.84,2.36,4.68,3.56,22.42,23.45,,,11.6,15.21,27.28,2.33,13.56,,13.99,10.87,16.15,1.5,28.68,,15.44,,19.86,8.02,18.7,
4/9/2009,13.53,9.1,47.54,,,15.8,8.31,,,,2.89,2.36,4.62,3.54,22.53,23.05,,,11.59,15.21,27.27,2.31,13.46,,14.01,10.89,16.17,1.51,28.54,,15.44,,19.91,8.41,18.71,
5/9/2009,13.54,9.14,47.34,,,15.7,8.55,,,,2.78,2.37,4.61,3.54,22.56,23.08,,,11.59,15.25,27.3,2.33,13.56,,14.05,10.89,16.06,1.52,28.61,,15.69,,19.97,8.52,18.72,
6/9/2009,13.52,9.22,47.35,,,15.41,8.42,,,,2.71,2.4,4.61,3.59,22.46,23.06,,,11.59,15.29,27.42,2.36,13.63,,14.09,10.91,16.26,1.52,28.63,,15.7,,20.07,8.11,18.78,
7/9/2009,13.52,9.22,47.4,,,15.43,8.41,,,,2.68,2.4,4.63,,22.43,23.06,,,11.58,15.29,27.48,2.37,13.72,,14.09,10.93,16.1,1.53,28.88,,15.67,,20.13,8.36,18.83,
8/9/2009,13.54,9.19,47.54,,,16.02,8.54,,,,2.69,2.4,4.61,3.84,22.67,23.12,,,11.6,15.32,27.45,2.37,13.82,,14.12,10.94,16.03,1.54,28.72,,15.71,,20.18,8.43,18.87,
9/9/2009,13.52,9.19,47.58,,,16.21,7.95,,,,2.72,2.4,4.67,3.77,22.67,23.11,,,11.6,15.34,27.5,2.37,13.91,,14.11,10.95,16.02,1.55,28.85,,15.79,,20.25,8.34,18.89,
10/9/2009,13.52,9.19,47.55,,,16.42,7.69,,,,2.73,2.4,4.61,3.71,22.74,23.08,,,11.61,15.37,27.5,2.37,14.01,,14.1,10.96,16.04,1.55,28.95,,15.74,,20.32,7.99,18.91,
11/9/2009,13.52,9.2,47.6,,,16.45,7.65,,,,2.76,2.4,4.6,3.65,22.72,23.08,,,11.6,15.4,27.54,2.37,14.01,,14.11,10.97,16.21,1.56,28.97,,15.7,,20.4,,18.93,
12/9/2009,13.46,9.21,47.81,,,16.01,7.32,,,,2.81,2.4,4.57,3.68,22.55,23.05,,,11.57,15.42,27.64,2.38,14.07,,14.12,10.97,16.11,1.57,29.01,,15.68,,20.45,,18.96,
13/9/2009,13.46,9.16,48.04,,,15.46,7.08,,,,2.81,2.4,4.54,3.61,22.44,23.02,,,11.53,15.42,27.6,2.37,14.13,,14.08,10.97,16.07,1.58,28.93,,15.68,,20.54,,18.98,
14/9/2009,13.44,9.16,48.11,,,15.46,7.01,,,,2.83,2.4,4.52,,22.37,23.01,,,11.51,15.42,27.61,2.38,14.22,,14.04,10.97,16.07,1.58,28.81,,15.79,,20.6,,19,
15/9/2009,13.41,9.18,48.27,,,,,,,,2.78,,4.51,,22.38,23.02,,,11.44,,,2.4,14.24,,,10.97,16.06,,,,,,20.65,,19.02,
16/9/2009,,9.19,48.56,,,16.13,,,,,2.77,2.35,,,22.32,,,,11.34,15.31,27.59,2.39,14.3,,13.98,,,1.6,28.7,,15.66,,,,19.02,
17/9/2009,13.38,9.17,48.57,,,15.97,,,,,2.77,2.35,4.5,3.74,22.3,23,,,11.27,15.22,27.58,2.39,14.34,,13.98,10.92,15.98,1.6,28.69,,15.65,,20.79,,19.04,
18/9/2009,13.34,9.17,48.65,,,15.92,,,,,2.75,2.29,4.49,3.73,22.32,23,,,11.23,15.11,27.59,2.38,14.43,,14,10.91,16.03,1.61,28.75,,15.68,,20.82,,19.07,
19/9/2009,13.28,9.16,48.82,,,15.58,,,,,2.78,2.29,4.48,3.7,22.15,23,,,11.19,15.02,27.59,2.41,14.5,,14,10.9,16.01,1.62,28.7,,15.69,,20.87,,19.09,
20/9/2009,13.25,9.15,48.68,,,15.16,,,,,2.81,2.3,4.62,3.61,22.09,22.99,,,11.14,14.96,27.61,2.41,14.55,,13.97,10.9,16.01,1.62,28.63,,15.7,,20.93,,19.1,
21/9/2009,13.24,9.18,48.83,,,15.15,,,,,2.79,2.31,4.61,3.58,22.08,22.99,,,11.11,14.93,27.63,2.42,14.64,,13.97,10.91,15.93,1.63,28.69,,15.69,,20.99,,19.12,
22/9/2009,13.23,9.19,48.81,,,,,,,,,,4.61,3.58,22.23,23.01,,,11.08,,,2.44,14.69,,,10.91,16.01,,,,,,21.08,,19.14,
23/9/2009,,,48.71,,,,,,,,,,,,22.25,,,,11.03,,,2.44,14.51,,,,,,,,,,,,19.16,
24/9/2009,13.29,9.15,48.64,,,,,,,,,,4.63,3.56,22.24,22.99,6.1,,11,,,2.43,14.28,,,10.89,15.94,,,,,,21.24,,19.18,
25/9/2009,13.28,9.17,48.88,,,,,,,,,,4.61,3.54,22.23,22.98,6.1,,10.97,,,2.44,14.6,,,10.87,15.95,,,,,,21.28,,19.2,
26/9/2009,13.3,9.2,49.29,,,,,,,,,,4.61,3.55,22.11,23,6.11,,10.95,,,2.46,14.67,,,10.87,16.03,,,,,,21.35,,19.22,
27/9/2009,13.25,9.2,49.34,,,,,,,,,,4.61,3.53,22.08,23.01,6.12,,10.91,,,2.46,14.73,,,10.88,15.98,,,,,,21.44,,19.25,
28/9/2009,13.23,9.19,49.16,,,15.83,6.83,,,,2.8,2.33,4.61,4.07,22.06,22.99,6.11,,10.9,14.55,27.57,2.46,14.79,,14.01,10.87,16.01,0.95,28.51,,15.73,,21.5,,19.27,
29/9/2009,13.27,9.17,48.88,,,15.99,6.67,,,,2.8,2.32,4.6,3.87,22.18,22.98,6.11,,10.88,14.54,27.57,2.46,14.86,,13.97,10.87,16.01,0.96,28.49,,15.72,,21.56,,19.27,
30/9/2009,13.26,9.19,48.74,,,16.24,6.68,,,,2.82,2.32,4.59,3.79,22.22,22.97,6.11,,10.87,14.53,27.58,2.46,14.95,,13.98,10.88,16.02,0.96,28.57,,15.72,,21.61,,19.29,
1/10/2009,13.24,9.2,48.57,,,,,,,,,,4.6,3.78,22.19,22.98,6.1,,10.86,,,2.45,15.01,16.29,,10.87,15.97,,,,,,21.69,,19.32,
2/10/2009,,,48.54,,,,,,,,,,,,22.28,,6.1,,10.84,,,2.46,15.07,16.28,,,,,,,,,,,19.32,
3/10/2009,,,48.64,,,,,,,,,,,,22.27,,6.11,,10.9,,,2.47,15.15,16.35,,,,,,,,,,,19.35,
4/10/2009,,,48.69,,,,,,,,,,,,22.17,,6.11,,10.83,,,2.47,15.21,16.37,,,,,,,,,,,19.36,
5/10/2009,,,48.5,,,,,,,,,,,,22.16,,6.12,,10.82,,,2.48,15.27,16.41,,,,,,,,,,,19.41,
6/10/2009,,,48.33,,,,,,,,,,,,22.33,,6.13,,10.81,,,2.48,15.35,16.47,,,,,,,,,,,19.44,
7/10/2009,,,48.24,,,,,,,,,,,,22.41,,6.14,,10.79,,,2.47,15.77,16.49,,,,,,,,,,,19.46,
8/10/2009,,,48.28,,,,,,,,,,,,22.33,,6.14,,10.78,,,2.47,15.84,16.51,,,,,,,,,,,19.47,
9/10/2009,,,48.36,,,,,,,,,,,,22.36,,6.14,,10.76,,,2.48,15.91,16.52,,,,,,,,,,,19.49,
10/10/2009,,,48.24,,,,,,,,,,,,22.21,,6.14,,10.74,,,2.47,15.98,16.55,,,,,,,,,,,19.49,
11/10/2009,,,48.13,,,,,,,,,,,,22.17,,6.13,,10.73,,,2.48,16.01,16.57,,,,,,,,,,,19.5,
12/10/2009,,,48.02,,,,,,,,,,,,22.15,,6.12,,10.73,,,2.46,16.07,16.57,,,,,,,,,,,19.47,
13/10/2009,13.2,9.22,47.77,,,,,,,,,,4.53,3.6,22.34,23.04,6.14,,10.74,,,2.49,16.16,16.65,,10.72,16.03,,,,,,22.43,,19.5,
14/10/2009,13.18,9.24,47.71,,,15.98,5.98,,,,2.82,2.37,4.5,3.58,22.35,23.02,6.15,,10.75,14.9,28.04,2.5,16.22,16.68,14.04,10.71,16.02,1.04,28.65,,15.92,,22.45,,19.52,
15/10/2009,13.16,9.22,47.63,11.2,,15.87,5.9,,,,2.78,2.37,4.54,3.58,22.35,23.05,6.16,,10.78,14.9,28.06,2.5,16.28,16.72,14.04,10.7,16,1.05,28.59,,15.9,,22.49,,19.54,
16/10/2009,13.15,9.19,47.7,11.14,,15.93,5.79,,,,2.78,2.36,4.52,3.6,22.4,23.05,6.16,,10.77,14.92,28.1,2.5,16.35,16.76,14.02,10.69,16,1.05,28.65,,15.91,,22.53,,19.55,
17/10/2009,13.13,9.2,47.67,11.1,,15.53,5.73,,,,2.85,2.36,4.48,3.98,22.23,23.03,6.16,,10.77,14.93,28.11,2.49,16.39,16.75,14,10.67,15.98,1.06,28.67,,15.9,,22.56,,19.55,
18/10/2009,13.11,9.21,47.76,11.06,,15.15,5.61,,,,2.85,2.37,4.52,3.78,22.17,23.05,6.16,,10.77,14.95,28.15,2.5,16.45,16.79,14.02,10.66,15.98,1.07,28.62,,15.92,,22.59,,19.55,
19/10/2009,13.1,9.22,47.76,11.03,,15.08,5.61,,,,2.84,2.38,4.53,3.71,22.16,23.05,6.16,,10.79,14.97,28.2,2.5,16.51,16.83,14,10.65,15.95,1.07,28.65,,15.95,,22.63,,19.57,
20/10/2009,13.11,9.21,47.79,11.01,,15.79,5.64,,,,2.85,2.38,4.49,3.68,22.32,23.05,6.17,,10.8,15,28.23,2.51,16.57,16.84,14.01,10.64,15.95,1.08,28.65,,15.94,,22.66,,19.58,
21/10/2009,13.13,9.18,48.06,10.96,,15.79,5.61,,,,2.89,2.37,4.49,3.64,22.29,23.05,6.16,,10.79,15.02,28.27,2.51,16.64,16.86,13.99,10.62,15.96,1.09,28.66,,15.94,,22.69,,19.58,
22/10/2009,13.13,9.15,48.12,10.91,,15.77,5.43,,,,2.97,2.36,4.45,3.59,22.23,23.02,6.14,,10.76,14.91,28.26,2.5,16.67,16.87,13.95,10.59,15.92,1.09,28.63,,15.91,,22.72,,19.55,
23/10/2009,13.11,9.18,48.12,10.85,,15.73,5.34,,,,2.99,2.37,4.43,3.58,22.27,23.03,6.13,,10.74,14.86,28.25,2.52,16.7,16.91,13.97,,15.9,1.1,28.64,,15.95,,22.74,,19.52,
24/10/2009,13.08,9.19,48.23,10.83,,15.33,5.25,,,,2.91,2.36,4.47,3.56,22.17,23.05,6.13,,10.75,14.82,28.22,2.53,16.69,16.91,14.02,,15.9,1.1,28.66,,15.98,,22.7,,19.5,
25/10/2009,13.07,9.2,48.26,10.81,,14.96,5.43,,,,2.89,2.36,4.46,3.52,22.2,23.08,6.14,,10.75,14.8,28.16,2.55,16.66,16.9,14.04,,15.9,1.11,28.74,,16.02,,22.67,,19.54,
26/10/2009,13.06,9.19,,10.78,,14.89,5.46,,,,2.9,2.37,4.53,3.51,22.18,23.08,6.14,,10.75,14.79,28.14,2.55,16.61,16.92,13.99,,15.88,1.11,28.76,,16.02,,22.67,,19.54,
27/10/2009,13.07,9.21,,10.77,,15.44,5.45,,,,2.87,2.38,4.5,3.54,22.31,23.09,6.15,,10.77,14.79,28.12,2.56,16.64,16.93,14.02,,15.89,1.12,28.72,,16.05,,22.67,,19.55,
28/10/2009,13.1,9.2,,10.74,,15.69,5.44,,,,2.88,2.38,4.48,3.54,22.33,23.1,6.16,,10.78,14.77,28.09,2.56,16.65,16.93,14.03,,15.89,1.13,28.71,,16.06,,22.65,,19.55,
29/10/2009,13.1,9.19,,10.71,,15.81,5.41,,,,2.91,2.38,4.46,3.56,22.3,23.09,6.16,,10.69,14.76,28.08,2.56,16.64,17.05,14.03,,15.88,1.13,28.71,,16.05,,22.62,,19.54,
30/10/2009,13.09,9.22,,10.72,,15.88,5.38,,,,2.88,2.4,4.5,4.13,22.29,23.13,6.16,,10.68,14.76,28.09,2.57,16.68,17.09,14.07,,15.92,1.13,28.76,,16.08,,22.58,,19.54,
31/10/2009,13.08,9.23,48.54,10.7,,15.47,5.39,,,,2.89,2.41,4.48,3.86,22.25,23.12,6.17,,10.68,14.75,28.11,2.58,16.71,17.13,14.08,,15.94,1.14,28.75,,16.1,,22.53,,19.55,
1/11/2009,13.06,9.18,48.44,10.66,,14.97,5.32,,,,2.9,2.4,4.49,3.69,22.18,23.09,6.17,,10.67,14.73,28.1,2.57,16.74,17.13,14.05,,15.98,1.15,28.77,,16.07,,22.46,,19.53,
2/11/2009,13.05,9.08,48.39,10.6,,14.79,5.14,,,,2.99,2.37,4.51,3.6,22.16,23.01,6.13,,10.64,14.71,28.06,2.52,16.75,17.09,13.92,,15.91,1.15,28.65,,15.99,,22.37,,19.45,
3/11/2009,13.04,9.1,48.4,10.57,,14.76,5.07,,,,3.12,2.37,4.44,3.56,22.15,23,6.12,,10.6,14.68,28.04,2.51,16.77,17.1,13.92,,15.87,1.15,28.69,,15.97,,22.29,,19.43,
4/11/2009,13.03,9.13,48.35,10.55,,15.31,5.11,,,,3.12,2.37,4.45,3.65,22.17,23.05,6.11,,10.62,14.65,28.06,2.53,16.79,17.11,13.95,,15.81,1.16,28.74,,16.02,,22.2,,19.42,
5/11/2009,13.07,9.17,48.46,10.54,,,,,,,3.09,,4.46,3.6,22.21,23.08,6.12,,10.61,,,2.55,16.76,17.13,,,15.91,,,,,,22.14,,19.42,
6/11/2009,,9.18,48.48,10.53,,,,,,,3.05,,,,22.28,,,,10.58,,,2.55,16.73,17.11,,,,,,,,,22.06,,19.4,
7/11/2009,,9.16,48.49,10.51,,,,,,,3.03,,,,22.22,,,,10.54,,,2.56,16.7,17.09,,,,,,,,,21.97,,19.39,
8/11/2009,,9.12,48.52,10.47,,,,,,,3.09,,,,22.09,,,,10.44,,,2.52,16.62,17.16,,,,,,,,,21.88,,19.33,
9/11/2009,,9.17,48.53,10.47,,,,,,,2.99,,,,22.11,,,,10.43,,,2.54,16.55,17.14,,,,,,,,,21.81,,19.35,
10/11/2009,,9.17,48.56,10.45,,,,,,,2.99,,,,22.24,,,,10.4,,,2.56,16.43,17.12,,,,,,,,,21.73,,19.39,
11/11/2009,,9.17,48.41,10.44,,,,,,,2.93,,,,22.22,,,,10.39,,,2.56,16.3,17.13,,,,,,,,,21.67,,19.4,
12/11/2009,,9.2,48.4,10.45,,,,,,,2.84,,,,22.27,,,,10.39,,,2.58,16.17,17.1,,,,,,,,,21.61,,19.4,
13/11/2009,,9.23,48.48,10.46,,,,,,,2.83,,,,22.29,,,,10.41,,,2.6,16.06,17.07,,,,,,,,,21.56,,19.39,
14/11/2009,,9.2,49.15,10.45,,,,,,,2.84,,,,22.25,,,,10.39,,,2.6,15.95,17.08,,,,,,,,,21.48,,19.36,
15/11/2009,,9.2,48.97,10.44,,,,,,,2.89,,,,22.11,,,,10.38,,,2.6,15.82,17.32,,,,,,,,,21.41,,19.33,
16/11/2009,,9.19,48.8,10.42,,,,,,,2.94,,,,22.12,,,,10.37,,,2.59,15.71,17.33,,,,,,,,,21.33,,19.3,
17/11/2009,,9.22,48.61,10.41,,,,,,,2.93,,,,22.23,,,,10.38,,,2.6,15.62,17.36,,,,,,,,,21.3,,19.29,
18/11/2009,,9.23,48.42,10.42,,,,,,,2.9,,,,22.25,,,,10.4,,,2.62,15.54,17.39,,,,,,,,,,,19.28,
19/11/2009,13.18,9.24,48.58,10.41,,,,,,,2.88,,4.51,3.57,22.27,23.21,6.16,,10.41,,,2.64,15.48,17.43,,10.27,,,,,,,21.14,,19.27,
20/11/2009,13.15,9.24,48.86,10.41,,,,,,,2.89,,4.49,3.54,22.27,23.2,6.17,,10.42,,,2.65,15.43,17.45,,10.27,,,,,,,21.08,,19.25,
21/11/2009,13.14,9.23,49.15,10.4,,,,,,,2.9,,4.46,3.58,22.24,23.2,6.18,,10.42,,,2.66,15.39,17.47,,10.27,,,,,,,21,,19.22,
22/11/2009,13.11,9.18,49.15,10.37,,,,,,,2.94,,4.55,3.48,22.13,23.15,6.16,,10.4,,,2.64,15.32,17.46,,10.25,,,,,,,20.91,,19.17,
23/11/2009,13.1,9.18,48.71,10.35,,15.39,5.16,,,,3.02,2.34,4.51,3.46,22.08,23.14,6.16,,10.39,14.2,27.3,2.64,15.28,17.45,14.11,10.24,,1.25,28.81,,16.23,,20.83,,19.15,11.84
24/11/2009,13.13,9.19,48.44,10.32,,15.44,5.05,,,,3,2.34,4.46,3.5,22.2,23.15,6.16,,10.4,14.19,27.29,2.64,,17.48,14.13,10.22,15.88,1.25,28.92,,16.23,,20.77,,19.13,11.85
25/11/2009,13.13,9.2,48.14,10.32,,15.56,5.07,,,,2.98,2.36,4.47,,22.24,23.19,6.16,,10.42,14.19,27.28,2.65,15.47,17.52,14.13,10.22,15.89,1.26,28.86,,16.26,,20.7,,19.11,11.84
26/11/2009,13.14,9.19,47.77,10.3,,15.66,5.06,,,,3.01,2.36,4.43,3.88,22.25,23.17,6.15,,10.4,14.2,27.24,2.65,15.22,17.52,14.12,10.2,15.85,1.26,28.89,,16.25,,20.63,,19.08,11.81
27/11/2009,13.14,9.18,47.8,10.27,,15.74,5.01,,,,3.05,2.36,4.43,3.74,22.23,23.17,6.15,,10.39,14.19,27.22,2.64,15.19,17.53,14.11,,15.87,1.27,28.89,,16.24,,20.56,,19.04,11.81
28/11/2009,13.12,9.18,47.78,10.26,,15.48,5,,,,3.03,2.36,4.44,3.66,22.17,23.16,6.14,,10.38,14.17,27.21,2.64,15.16,17.55,14.12,,15.83,1.27,28.97,,16.25,,20.51,,19.01,11.8
29/11/2009,13.09,9.13,47.87,10.26,,14.94,4.95,,,,3.03,2.35,4.52,3.53,22.11,23.12,6.13,,10.34,14.17,27.13,2.61,15.09,17.58,14.12,,15.82,1.28,28.96,,16.22,,20.42,,18.97,11.75
30/11/2009,13.07,9.12,48.09,10.15,,14.83,4.78,,,,3.18,2.34,4.49,3.49,22,23.08,6.11,,10.23,13.97,27.05,2.58,14.98,17.61,14.01,,15.78,1.28,28.9,,16.18,,20.35,,18.91,11.76
1/12/2009,13.09,9.15,47.86,10.15,,15.62,4.8,,,,3.09,2.36,4.45,3.51,22.16,23.13,6.12,,10.2,13.87,27.03,2.59,14.89,17.59,14.09,10.13,15.8,1.28,28.87,,16.22,,20.33,,18.89,11.84
2/12/2009,13.1,9.23,47.7,10.15,,15.84,4.95,,,,3.01,2.39,4.44,3.58,22.25,23.21,6.14,,10.18,13.82,27.01,2.63,14.81,17.54,14.16,10.13,15.84,1.29,29.04,,16.33,,20.29,,18.9,11.84
3/12/2009,13.12,9.19,47.48,10.14,,15.8,4.91,,,,3.01,2.38,4.43,3.51,22.28,23.2,6.14,45.02,10.15,13.79,26.93,2.63,14.72,,14.13,10.11,15.83,1.29,29.04,,16.31,,20.22,,18.87,11.77
4/12/2009,13.08,9.15,47.29,10.15,,15.91,4.75,,,,2.84,1.97,4.38,3.47,22.22,23.15,6.1,44.61,10.07,13.75,26.86,2.61,14.61,,14.1,10.08,15.8,1.3,28.94,,16.28,,20.16,,18.81,11.81
5/12/2009,13.07,9.2,47.38,10.13,,15.44,4.68,,,,2.63,1.68,4.37,3.37,22.2,23.2,6.11,44.4,10.01,13.72,26.85,2.63,14.51,,14.18,10.08,15.82,1.3,29.01,,16.35,,20.16,,18.84,11.89
6/12/2009,13.05,9.2,47.4,10.15,,14.98,4.82,,,,2.6,1.68,4.4,3.37,22.12,23.23,6.12,44.29,9.95,13.69,26.78,2.64,14.41,,14.19,10.09,15.8,1.31,29.06,,16.38,,20.11,,18.84,11.87
7/12/2009,13.03,9.18,47.34,10.16,,14.92,4.85,,,,2.6,1.71,4.41,3.35,22.09,23.21,6.11,44.22,9.9,13.65,26.7,2.63,14.32,,14.15,10.08,15.8,1.31,29.06,,16.37,,20.05,,18.81,11.82
8/12/2009,13.01,9.15,47.4,10.05,,14.92,4.75,,,,2.6,1.73,4.36,3.34,22.04,23.18,6.09,44.31,9.85,13.58,26.62,2.6,14.21,,14.1,10.06,15.78,1.32,29.09,,16.34,,20.01,,18.78,11.85
9/12/2009,13.01,9.2,47.17,9.96,,14.86,4.82,,,,2.49,1.73,4.43,3.33,22.06,23.22,6.1,44.47,9.84,13.56,26.6,2.62,14.15,,14.16,10.06,15.79,1.32,29.09,,16.38,,20,,18.79,11.87
10/12/2009,13.04,9.18,47.04,9.93,,15.54,4.86,,,,2.45,1.74,4.39,3.39,22.12,23.23,6.1,44.44,9.83,13.56,26.51,2.62,14.09,,14.15,10.06,15.79,1.33,29.03,,16.4,,19.94,,18.78,11.83
11/12/2009,13.03,9.16,47.35,,,15.72,4.84,,,,2.5,1.75,4.39,3.4,22.09,23.21,6.09,44.39,9.79,13.54,26.43,2.6,13.99,,14.13,10.05,15.77,1.33,28.99,,16.37,,19.88,,18.75,11.81
12/12/2009,13.01,9.17,47.35,,,15.4,4.8,,,,2.53,1.78,4.37,3.43,22.04,23.21,6.08,44.25,9.77,13.53,26.39,2.6,13.92,,14.15,10.03,15.76,1.33,28.99,,16.36,,19.85,,18.73,11.78
13/12/2009,12.99,9.18,47.28,,,14.83,4.77,,,,2.52,1.82,4.35,3.4,21.99,23.22,6.07,44.24,9.75,13.53,26.35,2.61,13.91,,14.19,10.02,15.77,1.34,28.95,,16.38,,19.81,,18.7,11.7
14/12/2009,12.99,9.17,46.95,,,14.69,4.67,,,,2.54,1.85,4.4,3.37,21.96,23.21,6.07,44.31,9.74,13.54,26.29,2.6,13.85,,14.15,9.98,15.73,1.34,28.95,,16.39,,19.75,,18.65,11.69
15/12/2009,12.99,9.15,46.85,10.05,,15.43,4.67,,,,2.58,1.87,4.38,3.39,22.01,23.19,6.05,44.24,9.72,13.55,26.24,2.59,13.81,,14.15,9.96,15.7,1.35,28.93,,16.37,,19.68,,18.61,11.68
16/12/2009,12.98,9.15,46.76,9.99,,15.63,4.7,,,,2.6,1.89,4.41,3.41,22.03,23.19,6.05,44.46,9.7,13.57,26.21,2.58,13.77,,14.17,9.95,15.72,1.35,28.93,,16.37,,19.64,,18.6,11.65
17/12/2009,13,9.14,46.58,10.01,,15.73,4.64,,,,2.63,1.91,4.36,3.43,22.03,23.18,6.03,44.41,9.7,13.58,26.17,2.58,13.75,,14.18,9.94,15.71,1.35,28.91,,16.36,,19.58,,18.56,11.62
18/12/2009,13,9.13,46.7,9.96,,15.74,4.63,,,,2.63,1.95,4.34,3.42,21.99,23.19,6.03,44.53,9.68,13.6,26.14,2.59,13.71,,14.18,9.92,15.7,1.36,28.94,,16.39,,19.52,,18.55,11.56
19/12/2009,12.96,9.12,47.25,9.86,,15.31,4.5,,,,2.67,1.95,4.33,3.43,21.91,23.17,6.01,44.35,9.66,13.61,26.1,2.57,13.67,,14.15,9.89,15.68,1.36,28.95,,16.36,,19.49,,18.51,11.62
20/12/2009,12.96,9.19,47.54,9.77,,14.96,4.58,,,,2.65,2,4.35,3.77,21.94,23.22,6.02,44.18,9.67,13.65,26.12,2.6,13.66,,14.28,9.9,15.68,1.37,28.99,,16.43,,19.48,,18.53,11.66
21/12/2009,12.97,9.17,47.78,9.76,,14.9,4.56,,,,2.66,2.03,4.34,3.57,21.91,23.23,6.03,44.4,9.67,13.69,26.12,2.61,13.65,,14.27,9.9,15.69,1.38,29.01,,16.47,,19.42,,18.52,11.53
22/12/2009,12.95,9.1,47.42,9.93,,15.19,4.44,,,,2.76,2.01,4.33,3.45,21.99,23.18,6.01,44.14,9.64,13.69,26.03,2.57,13.56,,14.23,9.86,15.39,1.38,29.02,,16.4,,19.34,,18.47,11.43
23/12/2009,12.94,9.09,47.26,9.79,,15.63,4.45,,,,2.82,2.01,4.67,3.33,21.97,23.16,6.01,44.54,9.59,13.63,26.01,2.56,13.62,,14.27,9.8,15.37,1.38,28.99,,16.38,,19.32,,18.44,11.51
24/12/2009,12.91,9.1,46.85,9.87,,14.98,5,,,,2.81,1.91,4.61,3.25,22.02,23.21,5.99,44.45,9.44,13.48,25.91,2.52,13.61,,14.32,9.84,15.57,1.38,29.14,,16.41,,19.25,,18.44,11.49
25/12/2009,12.89,9.1,46.8,9.79,,14.75,4.7,,,,2.67,1.87,4.57,3.17,21.99,23.21,5.99,44.35,9.3,13.26,25.88,2.5,13.32,,14.29,9.81,15.59,1.39,29.28,,16.41,,19.24,,18.42,11.57
26/12/2009,12.9,9.15,47.35,9.66,,14.63,4.72,,,,2.58,1.82,4.5,3.17,22.01,23.28,6.01,44.34,9.16,13.09,25.68,,13.15,,14.35,9.85,15.62,1.39,29.26,,16.48,,19.2,,18.43,11.54
27/12/2009,12.89,9.14,47.49,9.66,,14.54,4.69,,,,2.56,1.81,4.41,3.23,21.95,23.25,6.01,44.22,9.07,12.96,25.52,,12.99,,14.28,9.83,15.59,1.4,29.06,,16.45,,19.17,,18.41,11.55
28/12/2009,12.88,9.15,47.29,9.62,,14.5,4.64,,,,2.53,1.81,4.38,3.27,21.93,23.27,6,44.24,9,12.88,25.38,,12.91,,14.28,9.83,15.59,1.4,29.02,,16.45,,19.12,,18.38,11.44
29/12/2009,12.88,9.15,47.22,9.72,,14.87,4.58,,,,2.53,1.81,4.37,3.25,21.89,23.27,6,43.96,8.94,12.83,25.25,,12.83,,14.29,9.82,15.54,1.4,29.04,,16.44,,19.08,,18.35,11.2
30/12/2009,12.85,9.1,47.04,9.77,,14.9,4.55,,,,2.56,1.79,4.35,3.21,21.82,23.23,5.98,43.84,8.87,12.79,25.09,,12.74,,14.22,9.79,15.56,1.4,28.95,,16.39,,19.01,,18.28,11
31/12/2009,12.84,9.09,46.97,9.77,,14.54,4.45,,,,2.61,1.77,4.31,3.17,21.78,23.2,5.96,43.76,8.81,12.75,24.93,,12.65,,14.23,9.77,15.56,1.4,28.91,,16.34,,18.94,,18.2,10.95
1/1/2010,12.82,9.07,47.05,9.86,,14.31,4.44,,,,2.65,1.73,3.27,3.11,21.67,23.17,5.94,43.72,8.76,12.73,24.83,,12.56,,14.18,9.73,15.55,1.4,28.85,,16.33,,18.87,,18.13,10.95
2/1/2010,12.83,9.14,47.07,9.64,,14.2,4.43,,,,2.41,1.64,3.33,3.11,21.69,23.21,5.95,43.64,8.76,12.73,24.8,,12.49,,14.24,9.74,15.57,1.4,28.87,,16.37,,18.85,,18.13,10.94
3/1/2010,12.82,9.19,47,9.52,,14.11,4.47,,,,2.3,1.54,3.44,3.15,21.79,23.28,5.98,43.73,8.76,12.78,24.78,,12.48,,14.34,9.77,15.56,1.4,28.89,,16.48,,18.81,,18.11,10.78
4/1/2010,12.82,9.14,46.83,9.58,,14.1,4.57,,,,2.31,1.52,3.45,3.12,21.75,23.24,5.97,43.66,8.72,12.8,24.67,,12.43,,14.26,9.76,15.58,1.41,28.83,,16.41,,18.7,,18.03,10.47
5/1/2010,12.82,9.08,46.77,9.62,,14.06,4.51,,,,2.35,1.53,3.42,3.11,21.73,23.17,5.94,43.64,8.66,12.81,24.54,,12.37,,14.18,9.72,15.53,1.41,28.77,,16.34,,18.56,,17.92,10.26
6/1/2010,12.81,9.07,46.8,9.67,,13.96,4.36,,,,2.43,1.53,3.4,3.18,21.6,23.16,5.93,43.67,8.65,12.81,24.48,,12.28,,14.17,9.7,15.51,1.41,28.76,,16.31,,18.43,,17.88,10.12
7/1/2010,12.81,9.12,46.87,9.61,,13.96,4.29,,,,2.37,1.59,3.39,3.18,21.62,23.17,5.93,43.64,8.65,12.85,24.45,,12.28,,14.23,9.7,15.48,1.41,28.81,,16.34,,18.32,,17.85,9.85
8/1/2010,12.84,9.06,46.91,9.68,,13.92,4.35,,,,2.29,1.31,3.38,3.24,21.64,23.15,5.9,43.67,8.57,12.89,24.33,,12.23,,14.15,9.67,15.48,1.41,28.75,,16.3,,18.11,,17.76,9.7
9/1/2010,12.85,9.03,46.88,9.77,,13.77,4.34,,,,2.05,1.14,3.89,3.17,21.58,23.1,5.88,43.61,8.44,12.85,24.23,,12.15,,14.12,9.63,15.47,1.41,28.78,,16.26,,17.91,,17.7,9.61
10/1/2010,12.82,9.09,47.19,9.63,,13.61,4.4,,,,1.89,1.14,3.95,3.13,21.55,23.15,5.88,43.61,8.33,12.78,24.14,,12.09,,14.23,9.66,15.48,1.41,28.77,,16.32,,17.7,,17.69,9.46
11/1/2010,12.82,9.09,47.72,9.56,,13.57,4.45,,,,1.85,1.18,3.94,3.12,21.56,23.18,5.88,43.58,8.25,12.66,24,,12.06,,14.2,9.68,15.49,1.42,28.76,,16.35,,17.45,,17.65,9.29
12/1/2010,12.9,9.06,47.98,9.61,,13.71,4.48,,,,1.85,1.23,3.8,3.23,21.58,23.18,5.87,43.63,8.18,12.57,23.83,,12.01,,14.19,9.68,15.48,1.42,28.69,,16.3,,17.18,,17.59,9.1
13/1/2010,12.89,9.04,47.76,9.67,,14.06,4.49,,,,1.91,1.26,3.72,3.28,21.55,23.14,5.86,43.63,8.12,12.52,23.68,,11.93,,14.13,9.67,15.46,1.42,28.64,,16.26,,16.92,,17.53,8.96
14/1/2010,12.9,9.05,47.68,9.69,,14.12,4.47,,,,1.97,1.33,3.67,3.26,21.52,23.16,5.85,43.62,8.08,12.5,23.56,,11.88,,14.14,9.66,15.47,1.42,28.57,,16.25,,16.68,,17.47,8.87
15/1/2010,12.9,9.07,47.42,9.56,,14.23,4.47,,,,1.98,1.38,3.62,3.29,21.52,23.17,,43.69,8.06,12.5,23.49,,11.85,,14.18,9.67,15.48,1.42,28.61,,16.25,,16.49,,17.43,8.74
16/1/2010,12.85,9.07,47.28,9.54,,14,4.52,,,,2.05,1.45,3.52,3.31,21.52,23.19,,43.77,8.04,12.53,23.38,,11.84,,14.19,9.68,15.51,1.42,28.6,,16.24,,16.29,,17.37,8.58
17/1/2010,12.8,9.05,47.18,9.57,,13.66,4.51,,,,2.13,1.48,3.61,3.27,21.36,23.15,,43.56,8.01,12.55,23.27,,11.77,,14.14,9.67,15.5,1.42,28.55,,16.21,,16.1,,17.31,8.45
18/1/2010,12.8,9.06,46.96,9.51,,13.57,4.52,,,,2.15,1.52,3.5,3.26,21.33,23.15,,43.58,8.01,12.57,23.2,,11.74,,14.13,9.67,15.48,1.43,28.51,,16.2,,15.95,,17.25,8.29
19/1/2010,12.82,9.03,46.58,9.45,,14.02,4.57,,,,2.19,1.56,3.43,3.28,21.41,23.14,5.82,43.62,8,12.61,23.09,,11.7,,14.11,9.67,15.48,1.43,28.31,,16.16,,15.77,,17.18,8.13
20/1/2010,12.8,9.01,46.41,9.56,,14.06,4.54,,,,2.26,1.58,3.41,3.28,21.39,23.11,5.8,43.93,7.99,12.64,23.01,,11.66,,14.07,,15.48,1.43,28.42,,16.13,,15.62,,17.11,8.03
21/1/2010,12.8,9.02,46.22,9.57,,14.11,4.52,,,,2.29,1.61,3.37,3.29,21.36,23.1,5.8,43.98,7.98,12.67,22.97,,11.52,,14.1,,15.45,1.43,28.43,,,,15.52,,17.07,7.93
22/1/2010,12.79,9.04,46.16,9.54,,14.14,4.6,,,,2.28,1.65,3.34,3.32,21.38,23.14,5.8,43.83,7.99,12.73,22.94,,11.6,,14.11,,15.47,1.43,28.44,,,,15.42,,17.03,7.8
23/1/2010,12.77,9.03,45.93,9.55,,13.95,4.56,,,,2.29,1.69,3.3,3.32,21.35,23.14,5.8,43.84,8,12.77,22.88,,11.59,,14.12,,15.48,1.43,28.46,,,,15.32,,16.98,7.68
24/1/2010,12.74,9.03,45.84,9.53,,13.43,4.54,,,,2.31,1.71,3.38,3.34,21.24,23.12,5.8,43.68,7.99,12.81,22.85,,11.56,,14.11,,15.48,1.44,28.44,,,,15.23,,16.93,7.56
25/1/2010,12.74,9.03,45.77,9.56,,13.37,4.53,,,,2.34,1.74,3.38,3.33,21.22,23.12,5.8,43.68,8,12.86,22.83,,11.55,,14.08,,15.48,1.44,28.45,,,,15.15,,16.89,7.38
26/1/2010,12.74,9,45.62,9.55,,13.82,4.48,,,,2.36,1.76,3.4,3.34,21.35,23.1,5.79,43.78,8.02,12.9,22.78,,11.5,,14.07,,15.45,1.44,28.4,,,,15.05,,16.8,7.23
27/1/2010,12.76,8.97,45.56,9.55,,14.09,4.48,,,,2.39,1.77,3.37,3.37,21.34,23.06,5.77,43.78,8.02,12.94,22.71,,11.48,,14.08,,15.45,1.44,28.38,,,,14.93,,16.73,7.1
28/1/2010,12.72,8.9,45.45,9.56,,14.27,4.54,,,,2.51,1.76,3.34,3.33,21.25,22.99,5.74,43.67,7.99,12.94,22.61,,11.4,,13.99,,15.38,1.44,28.21,,,,14.79,,16.65,6.93
29/1/2010,12.71,8.9,45.38,9.59,,14.07,4.42,,,,2.62,1.78,3.36,3.36,21.21,22.99,5.72,43.72,7.99,12.97,22.56,,11.37,,14.01,,15.36,1.44,28.29,,,,14.67,,16.56,6.79
30/1/2010,12.69,8.89,45.92,9.78,,13.75,4.36,,,,2.67,1.78,3.26,3.32,21.09,22.96,5.7,43.75,7.98,12.98,22.52,,11.32,,13.99,,15.36,1.44,28.28,,,,14.6,,16.51,6.72
31/1/2010,12.67,8.94,45.53,9.58,,13.28,4.34,,,,2.61,1.82,3.22,3.3,21.03,23,5.7,43.54,8,13.02,22.54,,11.33,,14.08,,15.36,1.45,28.34,,,,14.59,,16.5,6.67
1/2/2010,12.68,9.01,45.52,9.49,,13.2,4.3,,,,2.57,1.86,3.23,3.29,21.09,23.06,5.71,43.57,,13.09,22.59,,11.36,,14.13,,15.38,1.45,28.36,,16.04,,14.58,,16.48,6.57
2/2/2010,12.68,9.01,45.44,9.39,,13.61,4.41,,,,2.52,1.88,3.26,3.28,21.26,23.07,5.73,43.71,,13.15,22.63,,11.38,,14.14,9.54,15.38,1.45,28.42,,16.04,,14.55,,16.45,6.43
3/2/2010,12.68,8.98,45.4,9.49,,13.89,4.51,,,,2.55,1.89,3.35,3.38,21.27,23.06,5.73,43.84,,13.18,22.62,,11.36,,14.1,9.54,15.21,1.45,28.37,,16.03,,14.49,,16.41,6.31
4/2/2010,12.71,9,45.25,9.49,,13.84,4.49,,,,2.53,1.91,3.34,3.38,21.31,23.07,5.74,43.94,,13.23,22.64,,11.36,,14.12,9.54,15.17,1.45,28.39,,16.04,,14.45,,16.37,6.08
5/2/2010,12.7,8.89,45.15,9.64,,13.64,4.34,,,,2.57,1.85,3.23,3.33,21.27,22.98,5.71,44,,13.26,22.57,,11.33,,14.01,9.5,15.34,1.45,28.36,,15.94,,14.31,,16.26,5.93
6/2/2010,12.97,8.91,45.07,9.75,,13.33,4.27,,,,2.36,1.49,3.22,3.29,21.16,22.97,5.7,43.98,,13.27,22.56,,11.27,,14.01,9.44,15.33,1.45,28.32,,15.93,,14.23,,16.22,5.83
7/2/2010,12.87,8.91,45.06,9.69,,12.95,4.26,,,,2.23,1.39,3.19,3.24,21.07,23,5.7,43.65,,13.26,22.57,,11.23,,14.04,9.45,15.33,1.46,28.35,,15.95,,14.16,,16.19,5.69
8/2/2010,12.81,8.88,44.97,9.65,,12.88,4.37,,,,2.2,1.38,3.13,3.22,21.01,22.98,5.68,43.64,,13.27,22.55,,11.19,,13.97,9.48,15.33,1.46,28.36,,15.95,,14.01,,16.15,5.53
9/2/2010,12.76,8.86,44.93,9.65,,13.3,4.35,,,,2.22,1.39,3.2,3.31,21.09,22.96,5.65,43.72,,13.28,22.52,,11.16,,13.95,9.46,15.32,1.46,28.29,,15.92,,13.78,,16.09,5.29
10/2/2010,12.72,8.81,44.73,9.74,,13.34,4.22,,,,2.2,1.37,3.17,3.32,21.04,22.92,5.61,43.83,,13.28,22.47,,11.11,,13.93,9.41,15.28,1.46,28.26,,15.86,,13.4,,16,5.2
11/2/2010,12.67,8.82,44.7,9.69,,13.42,4.23,,,,1.96,1.21,3.14,3.29,20.98,22.91,5.6,43.89,,13.29,22.45,,11.07,,13.93,9.41,15.27,1.46,28.23,,15.86,,13.13,,15.97,5.05
12/2/2010,12.65,8.82,44.63,9.62,,13.51,4.24,,,,1.88,1.19,3.14,3.32,21.01,22.96,5.59,43.89,,13.32,22.49,,11.14,,13.98,9.42,15.29,1.46,28.25,,15.9,,12.79,,15.93,4.96
13/2/2010,12.65,8.79,44.74,9.54,,13.17,4.27,,,,1.83,1.21,3.13,3.34,20.96,22.98,5.59,43.8,,13.35,22.52,,11.07,,14,9.43,15.31,1.46,28.29,,15.94,,12.36,,15.91,4.78
14/2/2010,12.63,8.74,44.78,9.54,,12.71,4.24,,,,1.85,1.25,3.12,3.29,20.81,22.95,5.57,43.52,,13.36,22.51,,11.04,,13.98,9.42,15.29,1.46,28.29,,15.89,,11.87,,15.86,4.63
15/2/2010,12.62,8.73,44.76,9.61,,12.66,4.24,,,,1.93,1.28,3.11,3.26,20.71,22.93,5.55,43.44,,13.35,22.49,,11,,13.93,9.41,15.29,1.47,28.22,,15.88,,11.42,,15.82,4.44
16/2/2010,12.65,8.69,44.71,9.65,,13.14,4.23,,,,2,1.34,3.06,3.33,20.78,22.93,5.53,43.53,,13.36,22.49,,10.99,,13.9,9.41,15.28,1.47,28.08,,15.85,,11.03,,15.77,4.26
17/2/2010,12.65,8.66,44.68,9.7,,13.38,4.21,,,,2.11,1.38,3.08,3.36,20.69,22.9,5.5,43.53,,13.36,22.47,,10.95,,13.89,9.39,15.26,1.47,28.16,,15.81,,10.73,,15.7,4.13
18/2/2010,12.64,8.65,44.56,9.71,,13.32,4.18,,,,2.15,1.41,3.07,3.33,20.6,22.89,5.49,43.5,,13.36,22.46,,11.01,,13.9,9.36,15.26,1.47,28.16,,15.79,,10.55,,15.68,3.87
19/2/2010,12.64,8.54,44.59,9.72,,13.35,4.04,,,,2.1,1.3,3.05,3.3,20.47,22.82,5.44,43.46,,13.19,22.35,,10.95,,13.82,9.35,15.22,1.47,28.02,,15.7,,10.28,,15.57,3.77
20/2/2010,12.61,8.61,,9.66,,13.05,4.01,,,,1.93,1.28,3.22,3.22,20.36,22.84,5.44,43.64,,12.94,22.28,,10.87,,13.84,9.31,15.21,1.47,28.1,,15.71,,10.21,,15.58,3.69
21/2/2010,12.6,8.64,,9.51,,12.61,4.07,,,,1.84,1.26,3.17,3.22,20.31,22.89,5.44,43.39,,12.73,22.16,,10.82,,13.93,9.37,15.25,1.47,28.09,,15.77,,10.16,,15.58,3.54
22/2/2010,12.58,8.6,,9.64,,12.53,4.13,,,,1.86,1.26,3.2,3.21,20.23,22.26,5.42,43.2,,12.6,22.02,,10.75,,13.84,9.37,15.24,1.47,28.03,,15.73,,10.06,,15.54,3.38
23/2/2010,12.59,8.57,,9.68,,13.03,4.13,,,,1.92,1.28,3.12,3.31,20.28,22.23,5.41,43.29,,12.51,21.89,,10.69,,13.79,9.34,15.23,1.47,28,,15.68,,9.99,,15.5,3.32
24/2/2010,12.56,8.56,,9.62,,13.26,4.13,,,,1.95,1.3,3.07,3.33,20.25,22.24,5.4,43.66,,12.46,21.8,,10.63,,13.78,9.34,15.22,1.47,27.98,,15.67,,9.95,,15.47,3.41
25/2/2010,12.56,8.53,,9.56,,13.28,4.18,,,,1.95,1.32,3.04,3.34,20.25,22.22,5.38,43.64,,12.42,21.69,,10.58,,13.78,9.35,15.23,1.47,27.96,,15.63,,9.91,,15.44,3.49
26/2/2010,12.58,8.48,,9.64,,13.41,4.11,,,,2.04,1.34,3.01,3.32,20.15,22.17,5.36,43.35,,12.38,21.6,,10.5,,13.72,9.34,15.2,1.48,22.59,,15.58,,9.84,,15.38,3.51
27/2/2010,12.54,8.52,,9.47,,13.02,4.14,,,,2.01,1.39,3.03,3.31,20.15,22.22,5.36,43.43,,12.34,21.56,,10.49,,13.81,9.34,15.22,1.48,27.83,,15.62,,9.87,,15.38,3.51
28/2/2010,12.51,8.47,,9.65,,12.55,4.01,,,,2.09,1.42,2.98,3.45,20.02,22.18,5.35,43.08,,12.32,21.48,,10.39,,13.72,9.33,15.2,1.48,27.73,,15.56,,9.81,,15.33,3.52
1/3/2010,12.49,8.48,,9.52,,12.46,4.04,,,,2.14,1.46,2.97,3.4,19.97,22.18,5.35,42.97,,12.32,21.45,,10.36,,13.72,9.34,15.21,1.48,27.74,,15.56,,9.83,,15.32,3.53
2/3/2010,12.5,8.5,,9.51,,13.02,4.08,,,,,1.5,2.98,3.38,20.11,22.2,5.35,43.22,,12.34,21.43,,10.35,,13.76,9.34,15.22,1.48,27.77,,15.58,,9.84,,15.3,3.46
3/3/2010,12.46,8.4,,9.46,,13.09,4.07,,,,,1.47,2.94,3.38,20.1,22.13,5.32,43.78,,12.36,21.33,,10.52,,13.68,9.31,15.19,1.48,27.74,,15.48,,9.78,,15.21,3.33
4/3/2010,12.44,8.37,,9.49,,13.04,4.01,,,,,1.15,2.93,3.31,19.99,22.1,5.3,43.57,,12.34,21.28,,10.23,,13.62,9.22,15.15,1.48,27.69,,15.45,,9.62,,15.15,3.36
5/3/2010,12.44,8.38,,9.31,,13.06,4.14,,,,,1.07,2.98,3.28,20,22.14,5.3,43.48,,12.34,21.26,,10.15,,13.66,9.25,15.16,1.48,27.75,,15.47,,9.63,,15.15,3.31
6/3/2010,12.42,8.29,,9.26,,12.87,4.18,,,,,1.05,2.94,3.31,19.83,22.11,5.29,43.69,,12.34,21.2,,10.06,,13.58,9.31,15.19,1.48,27.66,,15.42,,9.43,,15.1,3.25
7/3/2010,12.4,8.29,,9.24,,12.36,4.11,,,,,1.14,2.92,3.25,19.75,22.12,5.28,43.21,,12.35,21.17,,10.01,,13.61,9.31,15.19,1.48,27.59,,15.4,,9.22,,15.08,3.15
8/3/2010,12.39,8.21,,9.22,,12.26,4.14,,,,,1.2,2.93,3.23,19.68,22.07,5.26,42.95,,12.35,21.08,,9.93,,13.5,9.3,15.17,1.49,27.51,,15.31,,8.98,,15.04,2.85
9/3/2010,12.4,8.18,,9.32,,12.74,3.97,,,,,1.24,2.92,3.25,19.63,22.04,5.22,43.31,,12.33,21.02,,9.87,,13.47,9.27,15.15,1.48,27.17,,15.24,,8.76,,14.97,2.51
10/3/2010,12.35,8.16,,9.29,,12.71,3.87,,,,,1.27,2.87,3.23,19.47,22.02,5.19,43.41,,12.33,20.98,,9.83,,13.44,9.24,15.12,1.48,21.39,,15.19,,8.42,,14.92,2.29
11/3/2010,12.33,8.13,,9.24,,12.78,4.09,,,,,1.25,2.85,3.21,19.33,22.01,5.18,43.31,,12.34,20.94,,9.79,,13.43,9.26,15.13,1.48,27.11,,15.14,,7.88,,14.89,2.1
12/3/2010,12.31,8.11,,9.22,,12.68,4.17,,,,,1.17,2.83,3.24,19.29,22,5.18,43.24,,12.35,20.92,,9.77,,13.44,9.26,15.13,1.48,27.11,,15.11,,7.51,,14.86,1.92
13/3/2010,12.3,8.06,,9.2,,12.32,4.26,,,,,1.13,2.82,3.24,19.19,21.99,5.17,43.49,,12.39,20.9,,9.76,,13.41,9.26,15.14,1.49,27.09,,15.07,,7.27,,14.83,1.74
14/3/2010,12.29,7.99,,9.22,,11.93,4.23,,,,,1.12,2.8,3.16,19.03,21.94,5.16,43.01,,12.4,20.84,,9.68,,13.46,9.25,15.12,1.49,27.02,,14.99,,7.07,,14.8,1.66
15/3/2010,12.29,7.96,44.02,9.31,,11.9,4.25,,,,,1.13,2.81,3.13,18.97,21.93,5.15,42.79,,12.4,20.82,,9.63,,13.44,9.25,15.12,1.49,27.01,,14.98,,6.98,,14.78,1.66
16/3/2010,12.3,7.91,43.99,9.27,,,,,,,,1.18,2.84,3.18,19.04,21.92,5.14,43.08,,,,,9.59,,,9.25,15.12,,,,,,6.92,,14.77,1.49
17/3/2010,12.31,7.89,43.61,9.21,,12.86,4.34,,,,,1.24,2.84,3.2,19.01,21.92,,43.22,,12.47,20.8,,9.57,,13.35,9.26,15.14,1.49,26.91,,14.87,,6.89,,14.76,1.39
18/3/2010,12.31,7.87,43.57,9.44,,12.71,4.33,,,,,1.29,2.81,3.21,18.92,21.9,,43.47,,12.45,20.76,,9.52,,13.3,9.26,15.14,1.49,26.85,,14.8,,6.87,,14.75,1.27
19/3/2010,,,43.75,9.44,,12.83,4.35,,,,,1.33,,,18.78,,,43.28,,12.46,20.73,,9.46,,13.26,,,1.49,26.76,,14.71,,,,,1.16
20/3/2010,,,44.4,9.43,,12.53,4.34,,,,,1.36,,,18.47,,,43.1,,12.46,20.68,,9.4,,13.22,,,1.49,26.73,,14.62,,,,,1.07
21/3/2010,,,45.12,9.42,,11.98,4.35,,,,,1.38,,,18.3,,,42.59,,12.46,20.64,,9.34,,13.2,,,1.5,26.63,,14.54,,,,,0.98
22/3/2010,,,44.87,9.4,,11.88,4.33,,,,,1.41,,,18.19,,,42.37,,12.46,20.59,,9.28,,13.14,,,1.5,26.33,,14.47,,,,,0.89
23/3/2010,12.25,7.63,44.76,9.39,,12.39,4.38,,,,,1.43,2.78,3.17,18.18,21.65,5.03,42.57,,12.43,20.54,,9.23,,13.11,9.24,15.08,1.5,26.52,,14.4,,6.75,,14.94,0.87
24/3/2010,12.23,7.6,45.22,9.38,,12.67,4.37,,,,,1.45,2.78,3.17,18.09,21.62,5.03,42.75,,12.42,20.51,,9.18,,13.08,9.24,15.07,1.5,26.46,,14.33,,6.75,,14.81,
25/3/2010,12.24,7.58,45.57,9.38,,12.73,4.32,,,,,1.47,2.58,3.17,18.03,21.6,5.02,42.81,,12.41,20.49,,9.15,,13.07,9.23,15.07,1.5,26.4,,14.29,,6.76,,14.69,
26/3/2010,12.27,7.52,45.45,9.36,,12.81,4.24,,,,,1.49,2.72,3.4,17.97,21.53,5.01,42.72,,12.41,20.44,,9.1,,12.99,9.22,15.06,1.5,26.37,,14.21,,6.76,,14.59,
27/3/2010,12.21,7.5,45.08,9.33,,12.4,4.2,,,,,1.5,2.71,3.28,17.77,21.49,5,42.51,,12.37,20.41,,9.04,,12.98,9.21,15.05,1.5,26.37,,14.17,,6.76,,14.52,
28/3/2010,12.19,7.51,44.76,9.34,,11.89,4.25,,,,,1.53,2.68,3.21,17.69,21.47,5,42.12,,12.33,20.39,,9.02,,13,9.21,15.04,1.5,26.33,,14.14,,6.78,,14.47,
29/3/2010,12.17,7.48,44.47,9.33,,11.82,4.28,,,,,1.57,2.6,3.19,17.64,21.42,5,42.03,,12.31,20.36,,8.99,,12.94,9.2,15.04,1.5,26.29,,14.1,,6.82,,14.41,
30/3/2010,12.16,7.39,44.39,9.3,,12.56,4.17,,,,,1.56,2.71,,17.73,21.32,4.98,42.11,,12.29,20.28,,8.95,,12.85,9.18,15.01,1.5,26.23,,14.02,,6.79,,14.32,
31/3/2010,12.16,7.41,44.25,9.3,,12.77,4.21,,,,,1.58,2.74,3.64,17.7,21.33,4.98,42.16,,12.29,20.29,,8.93,,12.89,9.17,15.02,1.5,26.21,,14.03,,6.81,,14.3,
1/4/2010,12.18,7.45,44.19,9.31,,12.87,4.32,,,,,1.62,2.74,3.44,17.72,21.33,4.99,42.25,,12.27,20.3,,8.93,,12.88,9.18,15.04,1.5,26.23,,14.03,,6.87,,14.28,
2/4/2010,12.18,7.46,44.87,9.32,,12.88,4.41,,,,,1.64,2.75,3.39,17.73,21.31,,42.36,,12.27,20.32,,8.92,,12.9,9.19,15.05,1.5,26.28,,14.02,,6.91,,14.26,
3/4/2010,12.15,7.44,45.32,9.33,,12.29,4.77,,,,,1.66,2.71,3.31,17.67,21.26,,41.92,,12.28,20.32,,8.9,,12.88,9.19,15.06,1.5,26.3,,13.98,,6.95,,14.23,
4/4/2010,12.11,7.38,45.38,9.29,,11.83,4.61,,,,,1.67,2.7,3.22,17.57,21.19,,41.51,,12.28,20.27,,8.85,,12.83,9.16,15.01,1.51,26.26,,13.94,,6.95,,14.16,
5/4/2010,12.1,7.38,45.51,9.27,,11.58,4.57,,,,,,2.69,3.16,17.52,21.18,,41.3,,12.18,20.25,,8.79,,12.79,9.12,15.01,1.51,26.27,,13.93,,6.94,,14.14,
6/4/2010,12.1,7.39,45.29,9.29,,11.56,4.55,,,,,,2.72,3.15,17.57,21.16,,41.29,,12.12,20.2,,8.79,,12.79,9.14,15.01,1.51,26.2,,13.93,,6.98,,14.12,
7/4/2010,12.12,7.36,45.13,9.29,,12.22,4.58,,,,,,2.71,3.14,17.72,21.13,,41.66,,12.07,20.15,,8.74,,12.76,9.15,15.01,1.51,26.15,,13.9,,6.97,,14.09,
8/4/2010,12.12,7.36,45.02,9.3,,12.44,4.54,,,,,,2.72,3.13,17.71,21.11,,41.72,,12.05,20.11,,8.77,,12.75,9.15,15.01,1.51,26.15,,13.89,,6.97,,14.07,
9/4/2010,12.13,7.36,44.78,9.32,,12.56,4.53,,,,,,2.69,3.1,17.72,21.08,,41.88,,12.04,20.08,,8.79,,12.74,9.16,15.02,1.51,26.14,,13.88,,,,14.05,
10/4/2010,12.15,7.29,44.64,9.31,,12.16,4.4,,,,,,2.71,3.09,17.64,20.99,,41.72,,12.05,20,,8.77,,12.67,9.14,14.99,1.51,26.28,,13.82,,,,14.03,
11/4/2010,12.1,7.29,44.56,9.3,,11.67,4.41,,,,,,2.68,3.12,17.57,20.97,,41.39,,12.04,19.97,,8.76,,12.68,9.13,14.98,1.51,26.29,,13.8,,6.9,,14.01,
12/4/2010,12.08,7.28,44.29,9.28,,11.61,4.38,,,,,,2.68,3.09,17.51,20.94,,41.2,,12.06,19.95,,8.7,,12.62,9.13,14.97,1.51,26.3,,13.78,,6.89,,14,
13/4/2010,12.07,7.29,44.11,9.27,,12.19,4.33,,,,,,2.75,3.14,17.62,20.92,,41.4,,12.1,19.93,,8.71,,12.62,9.11,14.97,1.51,26.27,,13.77,,6.89,,13.98,
14/4/2010,12.31,7.27,44.06,9.15,,12.39,4.26,,,,,,2.72,3.16,17.65,20.88,,41.35,,12.14,19.91,,8.71,,12.57,9.11,14.97,1.51,26.26,,13.75,,6.88,,13.96,
15/4/2010,12.28,7.29,44.01,9.12,,12.55,4.3,,,,,,2.73,3.15,17.69,20.87,,41.48,,12.19,19.91,,8.71,,12.61,9.11,14.97,1.51,26.28,,13.75,,6.89,,13.95,
16/4/2010,12.31,7.29,43.78,9.09,,12.63,4.32,,,,,,2.79,3.15,17.74,20.85,,41.71,,12.25,19.92,,8.71,,12.6,9.11,14.98,1.51,26.32,,13.74,,6.91,,13.94,
17/4/2010,12.33,7.29,43.8,9.15,,12.09,4.3,,,,,,2.74,3.15,17.65,20.82,,41.4,,12.32,19.94,,8.71,,12.59,9.1,14.98,1.52,26.35,,13.73,,6.93,,13.93,
18/4/2010,12.29,7.27,43.93,9.14,,11.68,4.22,,,,,,2.72,3.12,17.58,20.77,,41.06,,12.36,19.91,,8.68,,12.54,9.09,14.97,1.52,26.32,,13.7,,6.93,,13.91,
19/4/2010,12.25,7.25,43.87,9.15,,11.6,4.19,,,,,,2.73,3.09,17.53,20.75,,40.9,,12.4,19.9,,8.65,,12.5,9.09,14.97,1.52,26.31,,13.68,,6.93,,13.89,
20/4/2010,12.31,7.26,43.89,9.17,,12.57,4.24,,,,,,2.74,3.07,17.69,20.73,,41.21,,12.45,19.91,,8.67,,12.5,9.08,14.97,1.52,26.34,,13.68,,6.95,,13.88,
21/4/2010,12.28,7.26,44.04,9.26,,12.27,4.51,,,,,,2.73,3.05,17.73,20.7,,41.55,,12.51,19.92,,8.66,,12.48,9.08,14.97,1.52,26.33,,13.66,,6.96,,13.86,
22/4/2010,12.28,7.26,43.74,9.25,,12.06,4.45,,,,,,2.76,3.05,17.71,20.69,,41.59,,12.56,19.92,,8.67,,12.47,9.07,14.96,1.52,26.34,,13.65,,6.98,,13.85,
23/4/2010,12.34,7.26,43.8,9.26,,12.39,4.35,,,,,,2.77,3.02,17.71,20.66,,41.4,,12.61,19.93,,8.65,,12.47,9.07,14.96,1.52,26.35,,13.64,,7,,13.84,
24/4/2010,12.35,7.27,43.83,9.25,,12.19,4.29,,,,,,2.75,3.01,17.69,20.65,,41.3,,12.66,19.96,,8.62,,12.48,9.06,14.96,1.52,26.38,,13.65,,7.03,,13.83,
25/4/2010,12.29,7.26,43.78,9.26,,11.7,4.29,,,,,,2.75,3.04,17.65,20.62,,40.94,,12.69,20,,8.59,,12.49,9.06,14.96,1.52,26.4,,13.65,,7.07,,13.82,
26/4/2010,12.26,7.25,43.63,9.26,,11.66,4.41,,,,,,2.74,3.03,17.62,20.58,,40.74,,12.72,20.01,,8.56,,12.43,9.06,14.95,1.53,26.36,,13.63,,7.09,,13.79,
27/4/2010,12.26,7.28,43.52,9.26,,12.18,4.44,,,,,,2.76,3.13,17.78,20.59,,41.05,,12.75,20.02,,8.56,,12.44,9.06,14.95,1.53,26.4,,13.62,,7.1,,13.8,
28/4/2010,12.25,7.24,43.54,9.28,,12.4,4.53,,,,,,2.77,3.1,17.81,20.58,,41.26,,12.78,20.04,,8.54,,12.41,9.07,14.95,1.53,26.43,,13.62,,7.14,,13.8,
29/4/2010,12.29,7.23,43.57,9.27,,12.5,4.55,,,,,,2.83,3.06,17.83,20.51,,41.3,,12.8,20.05,,8.54,,12.4,9.06,14.94,1.53,26.44,,13.58,,7.16,,13.77,
30/4/2010,12.34,7.21,43.54,9.26,,12.59,4.66,,,,,,2.81,3.11,17.81,20.47,,41.12,,12.81,20.04,,8.51,,12.37,9.06,14.93,1.53,26.41,,13.56,,7.17,,13.77,
1/5/2010,12.33,7.2,43.4,9.27,,12.03,4.7,,,,,,2.77,3.11,17.69,20.43,,40.77,,12.83,20.04,,8.5,,12.36,9.06,14.92,1.53,26.43,,13.54,,7.18,,13.78,
2/5/2010,12.25,7.17,43.38,9.26,,11.62,4.47,,,,,,2.75,3.06,17.61,20.38,,40.63,,12.84,20.05,,8.47,,12.34,9.05,14.9,1.53,26.42,,13.51,,7.22,,13.78,
3/5/2010,12.23,7.16,43.3,9.25,,11.55,4.45,,,,,,2.74,3.05,17.55,20.36,,40.41,,12.83,20.04,,8.43,,12.27,9.04,14.89,1.53,26.41,,13.5,,7.22,,13.77,
4/5/2010,12.19,7.17,43.28,9.28,,12.27,4.47,,,,,,2.77,3.04,17.69,20.34,,40.6,,12.79,20.07,,8.44,,12.28,9.03,14.89,1.53,26.39,,13.5,,7.25,,13.77,
5/5/2010,12.16,7.12,43.22,9.26,,12.37,4.57,,,,,,2.76,3.04,17.71,20.28,,40.69,,12.58,19.98,,8.35,,12.23,9.02,14.87,1.53,26.36,,13.47,,7.26,,13.76,
6/5/2010,12.16,7.15,43.16,9.26,,12.45,4.58,,,,,,2.73,3.41,17.73,20.29,,40.63,,12.3,19.9,,8.23,,12.23,9.02,14.87,1.53,26.38,,13.47,,7.29,,13.76,
7/5/2010,12.15,7.17,43.06,9.25,,12.48,4.72,,,,,,2.77,3.25,17.77,20.28,,40.5,,12.11,19.8,,8.2,,12.22,9.03,14.89,1.53,26.37,,13.45,,7.34,,13.77,
8/5/2010,12.13,7.18,43.07,9.28,,12.19,5.02,,,,,,2.75,3.22,17.69,20.27,,40.53,,12.02,19.7,,8.16,,12.22,9.03,14.9,1.53,26.39,,13.44,,7.39,,13.76,
9/5/2010,12.12,7.17,43.03,9.33,,11.66,5.06,,,,,,2.73,3.14,17.63,20.23,,40.26,,11.94,19.61,,8.14,,12.19,9.02,14.89,1.53,26.38,,13.4,,7.44,,13.74,
10/5/2010,12.11,7.15,42.92,9.3,,11.59,5.15,,,,,,2.72,3.11,17.59,20.2,,40.13,,11.89,19.57,,8.1,,12.12,9.02,14.88,1.53,26.33,,13.39,,7.47,,13.72,
11/5/2010,12.12,7.14,42.96,9.27,,12.16,5.57,,,,,,2.69,3.06,17.77,20.17,,40.25,,11.85,19.52,,8.06,,12.1,9.01,14.87,1.53,26.32,,13.35,,7.52,,13.7,
12/5/2010,12.17,7.13,42.87,9.26,,12.39,5.3,,,,,,2.66,3.07,17.74,20.15,,40.46,,11.78,19.48,,7.85,,12.1,9.01,14.87,1.53,26.32,,13.33,,7.55,,13.7,
13/5/2010,12.15,7.13,42.6,9.25,,12.53,5.43,,,,,,2.66,3.09,17.73,20.13,,40.41,,11.72,19.46,,7.83,,12.07,9.01,14.86,1.53,26.28,,13.31,,7.58,,13.71,
14/5/2010,12.15,7.14,42.62,9.24,,12.62,6.28,,,,,,2.66,3.11,17.74,20.09,,40.41,,11.66,19.5,,7.81,,12.05,9,14.85,1.53,26.25,,13.27,,7.63,,13.71,
15/5/2010,12.09,,42.86,9.18,,11.9,6.69,,,,,,2.66,3.06,17.61,20.05,,40.18,,11.62,19.46,,7.78,,11.98,8.91,14.81,1.53,26.19,,13.23,,7.55,,13.63,
16/5/2010,12.07,,42.97,9.19,,11.52,5.85,,,,,,2.64,3,17.56,20.05,,39.97,,11.61,19.46,,7.76,,12.01,8.9,14.81,1.53,26.17,,13.23,,7.55,,13.64,
17/5/2010,12.06,,42.85,9.22,,11.47,5.76,,,,,,2.63,2.99,17.59,20.08,,39.91,,11.63,19.51,,7.8,,12.02,8.97,14.82,1.53,26.19,,13.24,,7.54,,13.67,
18/5/2010,12.1,,42.81,9.23,,11.74,6.04,,,,,,2.69,2.99,17.76,20.05,,40.44,,11.68,,,7.84,,12,8.98,14.84,1.54,26.14,,13.22,,7.48,,13.68,
19/5/2010,12.09,,42.91,9.24,,11.85,5.84,,,,,,2.68,3.06,17.74,20.03,,40.38,,11.73,19.56,,7.8,,12,8.96,14.83,1.54,26.11,,13.2,,7.45,,13.68,
20/5/2010,12.11,,43.05,9.25,,11.75,5.58,,,,,,2.71,3.14,17.76,20.02,,40.23,,11.79,19.56,,7.82,,11.99,8.99,14.83,1.54,26.1,,13.19,,7.44,,13.69,
21/5/2010,12.14,,43.19,9.25,,12.07,5.39,,,,,,2.72,3.12,17.77,19.99,,40.19,,11.85,19.59,,7.82,,11.96,8.99,14.84,1.54,26.1,,13.16,,7.44,,13.68,
22/5/2010,12.11,,43.32,9.25,,11.75,5.2,,,,,,2.69,3.09,17.61,19.98,,40.34,,11.92,19.64,,7.82,,11.95,8.99,14.84,1.54,26.11,,13.14,,7.44,,13.68,
23/5/2010,12.06,,43.31,9.26,,11.28,5.04,,,,,,2.68,3.07,17.57,19.94,,40.21,,11.98,19.7,,7.81,,11.95,8.99,14.83,1.54,26.15,,13.12,,7.45,,13.67,
24/5/2010,12.03,,43.24,9.31,,11.2,4.96,,,,,,2.68,3.05,17.54,19.92,,39.86,,12.03,19.72,,7.81,,11.87,8.97,14.81,1.54,26.05,,13.11,,7.46,,13.65,
25/5/2010,12.06,,43.09,9.33,,11.9,4.93,,,,,,2.71,3.09,17.64,19.92,,40.21,,12.1,19.91,,7.84,,11.88,8.97,14.81,1.54,26.04,,13.09,,7.47,,13.66,
26/5/2010,12.11,,42.9,9.36,,12.16,4.89,,,,,,,,17.71,,,,,12.14,19.92,,7.87,,11.9,8.97,,1.54,26.04,,13.08,,,,13.67,
27/5/2010,12.09,,42.67,9.43,,,4.92,,,,,,2.69,3.15,17.68,19.88,,40.82,,12.17,20.13,,7.88,,11.9,8.97,14.82,,26.08,,13.06,,7.56,,13.74,
28/5/2010,12.09,,42.76,9.5,,,4.86,,,,,,2.71,3.13,17.68,19.88,,40.63,,12.2,20.04,,7.88,,11.92,8.97,14.82,,26.07,,13.08,,7.6,,13.78,
29/5/2010,12.06,,42.97,9.52,,,4.89,,,,,,2.69,3.14,17.6,19.88,,40.44,,12.2,20.06,,7.91,,11.93,8.98,14.82,,26,,13.07,,7.65,,13.76,
30/5/2010,12.07,,43.08,9.52,,,4.95,,,,,,2.68,,17.49,19.79,,40.03,,12.2,20.35,,7.87,,11.85,8.97,14.79,,25.91,,13,,7.7,,13.74,
31/5/2010,12.06,,43.13,9.51,,,4.95,,,,,,2.67,3.45,17.44,19.78,,39.95,,12.19,20.18,,7.86,,11.79,8.97,14.78,,25.83,,12.99,,7.69,,13.73,1.1
1/6/2010,12.05,,43.18,9.46,,,5.1,,,,,,2.71,3.35,17.72,19.81,,40.26,,12.2,20.86,,7.93,,11.86,8.97,14.79,,25.84,,13.01,,7.76,,13.73,3.15
2/6/2010,12.01,,42.97,9.44,,,5.12,,,,,,2.72,3.26,17.69,19.79,,40.36,,12.22,20.96,,7.94,,11.86,8.97,14.78,,25.95,,13,,7.79,,13.73,3.68
3/6/2010,12.01,,42.65,9.44,,,5.17,,,,,,2.72,3.25,17.66,19.8,,40.16,,12.25,21.16,,7.97,,11.88,8.98,14.78,,26.24,,13.01,,7.86,,13.74,3.99
4/6/2010,12.02,,42.73,9.44,,,5.13,,,,,,2.71,3.28,17.88,19.8,,40.44,,12.3,21.04,,8,,11.94,9,14.8,,26.43,,13.04,,7.94,,13.76,4.22
5/6/2010,12.09,,42.66,9.47,,,5.47,,,,,,2.72,3.27,18.05,19.83,,40.6,,12.35,21.81,,8.06,,11.99,9.01,14.81,,26.45,,13.09,,8.02,,13.78,4.38
6/6/2010,12.05,,42.5,9.5,,,6,,,,,,2.71,3.24,17.99,19.77,,40.28,,12.33,21.42,,8.06,,12,9.01,14.8,,26.5,,13.09,,8.1,,13.79,4.44
7/6/2010,12.04,,42.63,9.54,,11.84,6.18,,,,,,2.78,3.22,17.92,19.76,,40.02,,12.36,21.84,,8.09,,11.95,9,14.79,1.55,26.78,,13.08,,8.15,,13.79,4.53
8/6/2010,12.08,,42.76,9.6,,11.84,6.49,,,,,,2.76,3.21,18.12,19.8,,40.37,,12.38,22.58,,8.12,,11.95,9,14.79,1.55,26.76,,13.09,,8.21,,13.81,4.82
9/6/2010,12.06,,42.84,9.68,,11.91,6.18,,,,,,2.8,3.22,18.34,19.93,,40.5,,12.43,22.4,,8.14,,12.01,9.02,14.8,1.55,26.66,,13.19,,8.28,,13.83,5.17
10/6/2010,12.05,,42.92,9.74,,12.18,5.92,,,,,,2.82,3.23,18.41,19.87,,40.68,,12.47,21.88,,,,12.03,9.02,14.81,1.55,26.57,,13.17,,8.35,,13.85,5.35
11/6/2010,12.08,,42.95,9.86,,12.27,5.94,,,,,,2.79,3.27,18.65,19.95,,40.99,,12.51,22.33,,,,12.05,9.05,14.81,1.55,27.02,,13.53,,8.43,,13.86,5.68
12/6/2010,12.07,,43.22,9.95,,12,5.93,,,,,,2.8,3.29,18.6,,,40.69,,12.55,23.1,,,,12.06,9.05,,1.55,26.82,,13.52,,8.51,,13.88,5.98
13/6/2010,12.05,,43.45,9.99,,11.73,6.13,,,,,,2.79,3.3,18.38,19.85,,40.32,,12.59,22.22,,,,12.07,9.06,,1.56,26.85,,13.57,,8.59,,13.91,6.2
14/6/2010,12.06,,43.52,10.08,,11.65,6.23,,,,,,2.82,3.57,18.24,19.79,,40.17,,12.56,21.99,,8.39,,12.08,9.07,,1.56,26.64,,13.48,,8.66,,13.94,6.42
15/6/2010,12.11,,43.86,10.1,,12.09,5.97,,,,,,2.88,3.41,18.26,19.8,,40.64,,12.52,21.66,,8.25,,12.12,9.06,,1.56,26.55,,13.58,,8.76,,13.97,6.59
16/6/2010,12.06,,44.38,10.1,,12.06,5.63,,,,,,2.82,3.31,18.19,19.72,,40.39,,12.43,21.39,,8.18,,12.02,9.05,,1.56,26.15,,13.25,,8.76,,,6.69
17/6/2010,12.04,,44.26,10.02,,12.2,5.57,,,,,,2.84,3.3,18.17,19.68,,40.44,,12.19,21.21,,8.15,,11.94,9.05,,1.56,25.93,,13.2,,8.83,,14,6.68
18/6/2010,11.99,,44.32,9.93,,12.44,5.43,,,,,,2.73,3.24,18.13,19.63,,40.33,,11.94,21.09,,8.28,,11.88,9.05,,1.56,25.81,,13.15,,8.86,,13.99,6.73
19/6/2010,11.95,,44.37,9.86,,11.93,5.39,,,,,,2.66,3.2,17.93,19.57,,40.33,,11.84,20.97,,8.18,,11.81,9.05,,1.56,25.69,,13.08,,8.88,,13.98,6.78
20/6/2010,11.9,,44.35,9.82,,11.57,5.24,,,,,,2.76,3.02,17.83,19.54,,40.03,,11.75,20.79,,8.13,,11.79,9.05,,1.56,25.6,,13.07,,8.9,,13.98,6.88
21/6/2010,11.88,,44.35,9.79,,11.52,5.05,,,,,,2.78,2.96,17.77,19.53,,39.69,,11.69,20.75,,8.05,,11.7,9.04,,1.56,25.56,,13.08,,8.94,,13.98,3.64
22/6/2010,11.9,,44.16,9.74,,11.94,5.34,,,,,,2.75,2.96,17.88,19.56,,39.98,,11.67,20.74,,8.02,,11.66,9.05,,1.56,25.46,,13.08,,8.99,,14,3.08
23/6/2010,11.91,,44.03,9.72,,12.24,5.59,,,,,,2.79,3.02,17.78,19.57,,40.19,,11.66,20.71,,8.03,,11.63,9.06,,1.56,25.41,,13.06,,9.05,,14.01,2.83
24/6/2010,11.92,,44.16,9.69,,12.33,5.66,,,,,,2.79,3.02,17.68,19.54,,40.21,,11.66,20.68,,8.02,,11.59,9.06,,1.56,25.33,,13.05,,9.09,,14.02,2.65
25/6/2010,11.98,,44.58,9.69,,12.49,5.78,,,,,,2.77,3.02,17.54,19.5,,40.31,,11.68,20.66,,8.02,,11.58,,,1.56,25.2,,13.02,,9.14,,14.02,2.54
26/6/2010,11.97,,,9.69,,12.13,5.98,,,,,,2.73,3.02,17.42,19.48,,40.13,,11.72,20.72,,8.09,,11.56,,,1.57,25.18,,13.01,,9.18,,14.03,2.48
27/6/2010,11.98,,,9.75,,12.01,6.24,,,,,,2.73,3.13,17.38,19.47,,39.94,,11.78,20.89,,8.04,,11.58,,,1.57,25.17,,13.02,,9.26,,14.05,2.45
28/6/2010,11.98,,,9.89,,11.99,6.3,,,,,,2.79,3.11,17.33,19.49,,39.72,,11.85,20.95,,8.04,,11.54,,,1.57,19.82,,13.02,,9.34,,14.07,2.41
29/6/2010,11.99,,,9.97,,12.89,6.54,,,,,,2.79,3.23,17.55,19.52,,40.1,,11.91,21.19,,8.1,,11.56,,,1.57,25.16,,13.02,,9.41,,14.1,2.41
30/6/2010,12.01,7,,10.1,,13.3,6.93,,,,,,2.81,3.29,17.72,19.53,,40.21,,12,21.98,,8.13,,11.57,,,1.57,25.24,,13.03,,9.47,,,2.62
1/7/2010,12.02,6.99,,10.22,,,7.91,,,,,,2.81,3.3,17.76,19.52,,40.54,,12.06,21.84,,8.15,,,9.14,14.92,,25.39,,13.08,,9.56,,,2.96
2/7/2010,12.02,7.03,,10.28,,,7.45,,,,,,2.79,3.35,17.87,19.57,,40.61,,12.13,22.12,,8.18,,,9.14,14.93,,25.5,,13.14,,9.69,,,3.22
3/7/2010,12.09,7.03,,10.34,,,7.51,,,,,,2.84,3.34,17.95,19.57,,40.3,,12.2,22.81,,8.22,,,9.16,14.94,,25.94,,13.24,,9.72,,,3.42
4/7/2010,12.11,7.01,,10.42,,,7.86,,,,,,2.67,3.32,17.87,19.52,,40.11,,12.27,22.78,,8.22,,,9.2,14.94,,25.51,,13.17,,9.81,,,3.6
5/7/2010,12.08,7.04,,10.55,,,8.39,,,,,,2.8,3.31,17.83,19.54,,40.08,,12.33,22.92,,8.23,,11.55,9.2,14.94,,25.32,,13.16,,9.9,,,3.73
6/7/2010,12.07,7.06,,10.6,,,,,,,,,2.83,3.34,17.98,19.61,,40.39,,12.39,23.5,,8.3,,11.55,9.21,14.96,,25.63,,13.15,,9.98,,,3.85
7/7/2010,12.07,7.07,,10.66,,14.23,,13.54,,,,,2.85,3.79,18.07,19.66,,40.69,,12.45,23.23,,8.35,,11.57,9.23,14.94,,25.91,,13.15,,10.06,,,3.98
8/7/2010,12.06,7.1,,10.68,,14.12,,13.56,,,,,2.91,3.63,18.24,19.66,,40.8,,12.53,22.9,,8.32,,11.62,9.25,14.92,,25.78,,13.24,,10.16,,,4.1
9/7/2010,12.04,7.1,,10.77,,14.32,,13.61,,,,,2.88,3.62,18.3,19.72,,40.76,,12.6,23.46,,8.44,,11.64,9.27,15.01,,25.72,,13.32,,10.26,,,4.17
10/7/2010,12.04,7.12,,10.83,,13.94,,13.69,,,,,2.88,3.55,18.49,,,40.46,,12.67,24.46,,8.5,,11.67,9.29,14.99,,25.42,,13.27,,10.36,,,4.23
11/7/2010,12.08,7.11,,10.9,,13.43,,13.78,,,,,3.06,3.44,18.4,20.01,,40.23,,12.73,23.99,,8.54,,11.66,9.32,15.02,,25.35,,13.38,,10.44,,,4.3
12/7/2010,12.11,7.07,,10.98,,13.39,8.02,13.99,,,,,2.97,3.41,18.3,19.93,,40.19,,12.77,23.64,,8.57,,11.66,9.32,15.02,1.57,25.43,,13.36,,10.52,,,4.37
13/7/2010,12.11,7.11,,10.99,,14.34,8.23,14.1,,,,,2.95,3.46,18.69,,,40.45,,12.82,24.62,,8.66,,11.73,9.34,15.01,1.57,25.73,,13.74,,10.6,,,4.43
14/7/2010,12.1,7.13,,11.1,,14.66,8.19,14.63,,,,,2.95,3.51,18.8,,,40.7,,12.87,24.12,,8.72,,11.75,9.36,15.05,1.58,25.99,,13.77,,10.7,,,4.55
15/7/2010,12.11,7.12,,11.18,,14.84,8.6,14.55,,,,,2.96,3.53,19,19.85,,40.86,,12.94,24.98,,8.82,,11.77,9.37,15.07,1.58,26.25,,13.83,,10.8,,,4.38
16/7/2010,12.12,7.2,,,,15.07,8.63,14.48,,,,,3.3,3.54,19.18,19.82,,40.98,,13.03,24.83,,8.89,,11.85,9.4,15.07,1.58,26.57,,13.89,,10.93,,,4.45
17/7/2010,12.17,7.21,,,,14.68,9.51,14.44,,,,,3.11,,19.17,19.83,,40.63,,13.1,25.55,,8.95,,11.88,9.41,15.14,1.58,26.63,,13.95,,11.03,,,4.57
18/7/2010,12.19,7.22,,,,14.31,8.83,14.44,,,,,3.03,3.86,19.01,19.74,,40.47,,13.15,25.67,,8.98,,11.95,9.44,15.33,1.58,26.74,,13.84,,11.14,,,4.68
19/7/2010,12.22,7.22,,,,14.28,8.63,14.46,,,,,3.03,3.72,18.87,19.75,,40.45,,13.22,25.32,,9.03,,11.97,9.47,15.25,1.58,26.68,,13.66,,11.27,,,4.77
20/7/2010,12.2,7.23,,,,15.03,9,14.55,,,,,3.05,3.65,19.15,19.82,,40.66,,13.28,25.6,,9.15,,12.02,9.49,15.26,1.58,26.35,,13.62,,11.38,,,4.82
21/7/2010,12.2,7.24,,,,15.7,8.86,14.58,,,,,3.04,3.63,19.1,19.9,,40.7,,13.35,25.8,,9.08,,12.06,9.51,15.32,1.58,26.31,,13.63,,11.49,,,4.88
22/7/2010,12.21,7.24,,,,15.56,8.5,14.59,,,2.68,1.97,3.04,3.62,19.36,19.89,,40.86,,13.38,25.72,,9.3,,12.1,9.54,15.33,1.58,26.42,,13.97,,11.58,,,4.97
23/7/2010,12.23,7.24,,11.81,,15.99,8.66,14.7,,,2.69,1.98,3.94,,19.39,19.9,,40.94,,13.4,25.93,,9.38,,12.12,9.57,15.38,1.58,26.48,,13.94,,11.73,4.72,,4.92
24/7/2010,12.21,7.23,,11.85,,15.48,8.28,14.71,,,2.69,1.99,3.97,,19.23,19.88,,40.58,,13.44,26.04,,9.41,,12.1,9.6,15.4,1.58,26.63,,14.19,,11.84,4.68,,
25/7/2010,12.2,7.33,,11.91,,15.06,8.9,14.74,,,2.7,1.99,3.95,,19.32,19.89,,40.31,,13.49,25.81,,9.46,,12.18,9.63,15.42,1.58,26.51,,13.79,,11.98,3.86,,
26/7/2010,12.18,7.3,,11.94,,14.99,9.6,14.84,,,2.71,2.02,3.95,,19.24,19.82,,40.3,,13.54,25.78,,9.48,,12.14,9.64,15.38,1.58,26.45,,13.72,,12.11,4.34,,
27/7/2010,12.16,7.32,,12.01,,15.63,8.69,14.86,,,2.71,2.03,3.99,4.84,19.41,,,40.54,,13.56,25.56,,9.58,,12.17,9.66,15.37,1.59,26.5,,14.15,,12.2,3.82,15.05,
28/7/2010,12.14,7.36,,12.01,,15.31,8.23,14.88,,,2.73,2.05,4.03,4.57,19.38,,,40.72,,13.63,25.67,,9.62,,12.17,9.68,15.39,1.59,26.89,,13.77,,12.33,3.91,15.07,
29/7/2010,12.13,7.26,,11.92,,15.28,8.22,14.89,,,2.74,2.05,4.01,4.43,19.26,,,40.68,,13.68,25.96,,9.68,,12.15,9.7,15.4,1.59,26.53,,13.63,,12.43,4.84,15.08,5.76
30/7/2010,12.09,7.26,,11.84,,15.05,7.91,14.89,,,2.75,2.05,4.03,4.34,19.09,,,40.62,,13.71,26.07,,9.66,,12.15,9.7,15.36,1.59,26.5,,13.61,,12.52,4.24,15.09,5.74
31/7/2010,12.07,7.29,,11.77,,14.33,7.78,14.9,,,2.79,2.07,4.03,4.33,18.99,20.01,,40.41,,13.77,26.03,,9.74,,12.16,9.72,15.33,1.59,26.88,,13.67,,12.61,3.71,15.11,5.73
1/8/2010,12.05,7.3,,11.74,,13.98,7.85,14.9,,,2.82,2.11,4,4.27,18.92,19.9,,40.2,,13.8,25.97,,9.8,,12.19,9.75,15.38,1.59,27.01,,13.9,,12.71,3.97,15.14,5.72
2/8/2010,12.05,7.29,,11.74,,14.01,8.1,14.91,,,2.83,2.13,3.99,4.26,18.91,19.86,,40.17,,,26.22,,9.84,,12.14,9.77,15.41,1.59,27.01,,13.8,,12.8,3.73,15.16,5.64
3/8/2010,12.07,7.28,,11.77,,14.59,8.06,14.95,,,2.84,2.13,4.01,4.24,19.15,19.82,,40.17,,,25.99,,9.93,,12.16,9.8,15.42,1.59,27,,13.76,,12.9,3.83,15.16,5.48
4/8/2010,12.14,7.26,,11.77,,14.76,7.99,14.94,,,2.86,2.14,4.05,4.25,19.25,19.83,,40.11,,,25.73,,9.9,,12.22,9.79,15.35,1.59,26.97,,13.73,,12.99,3.95,15.16,5.36
5/8/2010,12.11,7.23,,11.61,,,7.64,14.93,,,2.82,2.11,4.03,,19.17,19.69,,39.96,,,24.97,,10.02,,12.18,9.78,15.41,1.59,26.7,,13.67,,13.09,3.5,15.15,5.31
6/8/2010,12.08,7.26,,11.49,,,7.57,14.94,,,2.81,2.07,4.05,,19.06,19.65,,39.75,,,24.86,,10.01,,12.15,9.78,15.35,1.59,26.67,,13.65,,13.16,3.31,15.16,5.3
7/8/2010,12.05,7.3,,11.39,,,7.55,14.95,,,2.85,2.1,4.06,4.41,18.99,19.62,,39.66,,,24.76,,10.05,,12.16,9.79,15.34,1.59,26.55,,13.65,,13.25,3.54,15.19,5.26
8/8/2010,12.03,7.31,,11.27,,,7.8,14.96,,,2.9,2.13,4.09,4.32,18.91,19.6,,39.57,,,24.7,,10.06,,12.15,9.81,15.32,1.59,26.52,,13.64,,13.33,3.59,15.19,5.23
9/8/2010,12.01,7.3,,11.19,,13.63,7.79,14.97,,,2.92,2.15,4.11,4.26,18.88,19.56,,39.67,,,24.68,,10.11,,12.13,9.81,15.3,1.6,26.53,,13.64,,13.39,3.52,15.2,5.21
10/8/2010,12.01,7.3,,11.18,,13.51,8.02,14.97,,,2.93,2.16,4.12,4.25,19.11,19.55,,39.67,,,24.72,,10.25,,12.13,9.81,15.2,1.6,26.46,,13.64,,13.48,3.66,15.21,5.2
11/8/2010,12.05,7.32,,11.22,,13.48,8.41,14.99,,,2.95,2.17,4.13,4.22,19.28,19.54,,39.5,,,24.66,,10.15,,12.13,9.82,15.29,1.6,26.42,,13.67,,13.55,3.99,15.22,5.19
12/8/2010,12.04,7.33,,11.23,,13.52,8.12,15,,,2.96,2.18,4.12,4.17,19.26,19.51,,39.54,,,24.63,,10.27,,12.1,9.83,15.27,1.6,26.34,,13.65,,13.64,3.59,15.22,5.21
13/8/2010,12.02,7.32,,11.21,,13.39,8.03,15.01,,,2.93,2.17,4.09,4.15,19.13,19.48,,39.38,,,24.61,,10.31,,12.08,9.83,15.28,1.6,26.21,,13.7,,13.7,3.92,15.24,5.22
14/8/2010,11.97,7.27,,11.14,,13.23,7.62,14.99,,,2.77,1.98,4.07,4.07,18.93,19.41,,39.16,,,24.56,,10.32,,12.06,9.81,15.21,1.6,25.65,,13.65,,13.78,3.73,15.23,5.22
15/8/2010,11.95,7.29,,11.07,,13.03,7.77,15,,,2.76,1.97,4.05,4.09,18.87,19.42,,39.06,,,24.5,,10.32,,12.08,9.82,15.23,1.6,25.58,,13.66,,13.82,3.62,15.24,5.26
16/8/2010,11.94,7.3,,10.95,,13.02,7.86,15,,,2.78,1.99,4.05,,18.81,19.41,,39.03,,,24.42,,10.33,,12.02,9.82,15.18,1.6,25.55,,13.67,,13.88,3.89,15.25,5.27
17/8/2010,11.95,7.31,,10.85,,13.09,7.83,15,,,2.82,2.03,4.04,4.35,18.98,19.39,,39.1,,,24.37,,10.34,,12.01,9.82,15.19,1.6,25.53,,13.68,,13.94,3.84,15.25,5.28
18/8/2010,11.96,7.3,,10.83,,13.08,7.66,15,,,2.83,2.04,4.02,4.27,18.99,19.38,,39.06,,,24.34,,10.37,,12.02,9.82,15.29,1.6,25.81,,13.66,,13.99,3.48,15.26,5.31
19/8/2010,11.95,7.34,,10.83,,13.12,7.48,15.02,,,2.84,2.05,4.03,4.23,19.01,19.42,,39.28,,,24.34,,10.43,,12.03,9.83,15.29,1.6,20.13,,13.68,,14.06,3.74,15.27,5.37
20/8/2010,11.98,7.37,,10.85,,13.11,7.98,15.04,,,2.86,2.06,4.04,4.22,19.08,19.45,,39.28,,,24.36,,10.49,,12.06,9.84,15.32,1.6,20.09,,13.7,,14.14,3.81,15.3,5.42
21/8/2010,11.95,7.36,,10.87,,13.07,8.24,15.06,,,2.87,2.06,4.03,4.19,18.97,19.39,,39.3,,,24.37,,10.52,,12.07,9.85,15.29,1.6,20.1,,13.72,,14.23,3.9,15.31,5.42
22/8/2010,11.97,7.35,,10.91,,13.02,8.19,15.1,,,2.88,2.07,4.02,4.16,18.9,19.35,,39.27,,,24.35,,10.55,,12.09,9.86,,1.61,25.92,,13.71,,14.29,4.08,15.32,5.43
23/8/2010,11.97,7.33,,10.92,,13,7.59,15.1,,,2.89,2.07,4.02,4.15,18.86,19.33,,39.24,,,24.33,,10.57,,12.03,9.85,,1.61,25.81,,13.71,,14.35,4.18,15.33,5.44
24/8/2010,12.01,7.35,,10.98,,13.41,7.87,15.1,,,2.89,2.08,4.02,4.14,19.01,19.35,,39.35,,,24.35,,10.68,,12.07,9.86,,1.61,25.99,,13.68,,14.42,4,15.34,5.47
25/8/2010,12.06,7.39,,11.1,,13.65,8.03,15.14,,,2.91,2.1,4.06,4.15,19.1,19.36,,39.62,,,24.39,,10.75,,12.11,9.87,,1.61,26.16,,13.73,,14.49,4.73,15.38,5.52
26/8/2010,12.03,7.41,,11.15,,13.85,7.97,15.2,,,2.92,2.12,4.06,4.18,19.22,19.36,,39.79,,,24.47,,10.81,,12.1,9.88,,1.61,26.32,,13.75,,14.59,4.53,15.41,5.54
27/8/2010,12.03,7.38,,11.16,,13.84,7.86,15.24,,,2.93,2.11,4.05,4.18,19.23,19.33,,39.92,,,24.59,,10.88,,12.11,9.88,,1.61,26.49,,13.73,,14.65,4.69,15.42,5.55
28/8/2010,12.01,7.39,,11.19,,13.84,8.1,15.24,,,2.93,2.11,4.03,4.17,19.18,19.33,,39.84,,,24.72,,10.91,,12.13,9.88,15.9,1.61,26.56,,13.75,,14.71,4.48,15.44,5.6
29/8/2010,12.02,7.42,,11.25,,13.72,7.75,15.3,,,2.95,2.13,4.03,,19.21,19.34,,39.78,,,24.7,,10.98,,12.21,9.9,15.81,1.61,26.48,,13.78,,14.79,4.38,15.47,5.64
30/8/2010,12.03,7.38,,11.2,,13.7,7.61,15.29,,,2.96,2.13,4,4.4,19.11,19.31,,39.77,,,24.7,,11.01,,12.12,9.9,15.71,1.61,26.42,,13.77,,14.84,4.07,15.49,5.69
31/8/2010,12.05,7.43,,11.19,,13.82,7.42,15.3,,,2.96,2.15,4.05,4.34,19.36,19.35,,40.07,,,24.69,,11.11,,12.17,9.9,15.61,1.61,26.56,,13.78,,14.91,4.14,15.51,5.76
1/9/2010,12.06,7.47,,11.2,,14.04,7.26,15.34,,,2.98,2.16,3.97,4.34,19.49,19.37,,40.44,,,24.75,,11.17,,12.17,9.91,15.65,1.61,26.59,,13.83,,14.97,4.18,15.53,5.82
2/9/2010,12.09,,,11.21,,14.2,7.26,15.35,,,2.99,2.18,4.12,4.43,19.63,19.38,,40.6,,,24.81,,11.24,,12.2,9.93,15.95,1.61,26.66,,13.89,,15.05,4.32,15.56,5.88
3/9/2010,12.06,,,11.21,,14.64,7.12,15.37,,,3,2.18,4.11,4.39,19.66,19.38,,40.65,,,24.84,,11.29,,12.21,9.94,15.76,1.61,21.31,,13.88,,15.12,4.5,15.58,5.95
4/9/2010,12.02,,,11.21,,14.33,7.07,15.38,,,3.01,2.18,4.13,4.38,19.51,19.36,,40.34,,,24.93,,11.4,,12.19,9.95,15.69,1.61,26.51,,13.88,,15.19,4.38,15.59,5.98
5/9/2010,12.02,,,11.22,,13.98,7.07,15.43,,,3.02,2.19,4.13,4.44,19.42,19.35,,40.14,,,25,,11.44,,12.25,9.95,15.61,1.62,26.48,,13.93,,15.27,4.62,15.61,6.02
6/9/2010,12.04,,,11.13,,13.93,6.75,15.42,,,3.02,2.19,4.1,4.32,19.39,19.34,,40.08,,,25.01,,11.47,,12.18,9.95,15.53,1.62,26.45,,13.92,,15.33,4.43,15.64,6.06
7/9/2010,12.08,,,11.02,,14.19,6.78,15.4,,,3.02,2.19,4.13,4.3,19.42,19.33,,40.4,,,25.02,,11.51,,12.16,9.94,15.54,1.62,26.42,,13.9,,15.4,3.94,15.64,6.06
8/9/2010,12.05,,,10.94,,14.47,6.6,15.38,,,3.02,2.18,4.11,4.24,19.41,19.31,,40.39,,,25.01,,11.52,,12.13,9.94,,1.62,26.38,,13.98,,15.47,4.31,15.65,6.09
9/9/2010,12.05,,,10.89,,14.75,6.52,15.36,,,3.03,2.19,4.12,4.22,19.42,19.33,,40.25,,,25,,11.52,,12.17,9.94,15.44,1.62,26.44,,13.96,,15.53,3.96,15.68,6.18
10/9/2010,12.03,,,10.83,,14.71,6.41,15.33,,,3.04,2.2,4.14,4.22,19.47,19.33,,40.35,,,25.09,,11.58,,12.19,9.94,15.43,1.62,26.47,,13.95,,15.6,4.41,15.71,6.23
11/9/2010,11.98,,,10.77,,14.19,6.33,15.3,,,3.04,2.2,4.14,4.21,19.37,19.34,,40.39,,,25.09,,11.63,,12.18,9.94,15.44,1.62,26.49,,13.95,,15.66,4.09,15.72,6.26
12/9/2010,11.97,,,10.72,,13.68,6.32,15.28,,,3.05,2.21,4.13,4.2,19.37,19.33,,40.01,,,25.1,,11.67,,12.23,9.94,15.45,1.62,26.52,,13.96,,15.74,3.66,15.74,6.29
13/9/2010,11.98,,,10.7,,13.63,6.3,15.24,,,2.98,2.18,4.13,4.19,19.39,19.35,,39.9,,,25.12,,11.72,,12.17,9.93,15.36,1.62,26.51,,13.94,,15.8,3.52,15.75,6.32
14/9/2010,12.02,,,10.67,,14.23,6.41,15.22,,,2.98,2.17,4.11,4.18,19.5,19.34,,40.19,,,25.17,,11.8,,12.19,9.93,15.37,1.62,26.53,,13.97,,15.87,3.55,15.9,6.36
15/9/2010,12.02,,,10.63,,14.36,6.43,15.19,,,2.99,2.16,4.12,4.15,19.5,19.31,,40.43,,,25.19,,11.85,,12.16,9.93,15.42,1.62,26.48,,13.95,,15.96,3.72,16.2,6.37
16/9/2010,12.01,,,10.61,,14.48,6.47,15.17,,,3.01,2.16,4.11,4.15,19.51,19.31,,40.83,,,25.2,,11.91,,12.17,9.92,15.4,1.62,26.49,,13.95,,16.02,3.64,16.2,6.66
17/9/2010,12.01,,,10.59,,14.58,6.48,15.16,,,3.02,2.16,4.1,4.14,19.48,19.31,,40.68,,,25.22,,11.97,,12.18,9.91,15.43,1.63,26.5,,13.94,,16.1,3.44,16.14,6.8
18/9/2010,11.94,,,10.54,,13.93,6.4,15.11,,,3.02,2.17,4.11,,19.39,19.31,,40.75,,,25.26,,11.95,,12.19,9.85,15.44,1.63,26.51,,13.93,,16.16,3.56,16.1,6.82
19/9/2010,11.93,,,10.52,,13.43,6.19,15.09,,,3.03,2.16,4.1,4.48,19.34,19.31,,40.35,,,25.28,,11.97,,12.21,9.84,15.38,1.63,26.51,,13.93,,16.23,3.36,16.07,6.7
20/9/2010,11.94,,,10.48,,13.36,6.27,15.09,,,3.05,2.19,4.12,4.35,19.37,19.34,,40.09,,,25.33,,11.99,,12.22,9.85,15.38,1.63,26.53,,13.96,,16.3,3.3,16.05,6.61
21/9/2010,11.96,,,10.46,,13.99,6.33,15.07,,,3.06,2.19,4.12,4.3,19.51,19.33,,40.47,,,25.36,,12,,12.22,9.85,15.4,1.63,26.55,,13.97,,16.36,3.22,16.02,
22/9/2010,11.97,,,10.43,,14.22,6.27,15.06,,,3.06,2.19,4.13,4.26,19.61,19.35,,40.72,,,25.4,,12.02,,12.24,9.85,15.26,1.63,26.58,,13.98,,16.42,3.23,16,6.51
23/9/2010,11.96,,,10.41,,14.25,6.29,15.04,,,3.07,2.19,4.13,4.22,19.65,19.33,,40.85,,,,,12.02,,12.21,9.84,15.27,1.63,26.59,,13.96,,16.47,3.18,15.97,6.32
24/9/2010,11.96,,,10.37,,14.37,6.29,15.01,,,3.06,2.16,4.1,4.2,19.58,19.27,,40.82,,,,,11.94,,12.18,9.81,15.31,1.63,26.59,,13.94,,16.52,3.1,15.9,6.19
25/9/2010,12.31,,,10.34,,13.73,6.53,14.99,,,3.03,2.15,4.07,4.18,19.4,19.23,,40.66,,,,,12,,12.16,9.8,15.33,1.63,26.58,,13.9,,16.54,2.99,15.88,6.16
26/9/2010,12.35,,,10.33,,13.31,6.35,14.99,,,3.04,2.15,4.07,4.16,19.34,19.25,,40.4,,,,,12.05,,12.19,9.8,,1.63,26.59,,13.93,,16.57,2.96,15.87,6.14
27/9/2010,12.48,,,10.32,,13.24,6.37,14.99,,,3.06,2.17,4.09,4.16,19.36,19.3,,40.2,,,,,12.08,,12.2,9.8,15.29,1.63,26.65,,13.97,,16.63,2.99,15.87,6.37
28/9/2010,12.62,,,10.31,,13.63,6.7,14.99,,,3.06,2.17,4.09,4.15,19.53,19.32,,40.4,,,,,12.05,,12.22,9.8,15.27,1.63,26.66,,13.99,,16.67,3.08,15.86,6.29
29/9/2010,12.86,,,10.3,,13.67,6.61,14.98,,,3.07,2.17,4.1,4.15,19.57,19.33,,40.85,,,25.63,,12.03,,12.23,9.8,15.2,1.63,26.7,,14.01,,16.71,2.97,15.86,6.2
30/9/2010,12.93,,,10.3,,13.74,6.31,14.98,,,,2.18,4.11,4.15,19.6,19.34,,40.96,,,25.65,,11.99,,12.23,9.79,15.21,1.63,26.78,,14.01,,16.74,3.14,15.82,6.13
1/10/2010,12.66,,,10.29,,13.8,6.59,15.04,,,,2.18,4.1,,19.6,19.33,,40.81,,,25.67,,12.11,,12.22,9.79,15.25,1.63,26.78,,14.01,,16.78,3.1,15.8,6.09
2/10/2010,12.34,,,10.29,,13.5,6.69,15.08,,,,2.19,4.1,4.46,19.54,19.35,,40.72,,,25.69,,11.93,,12.26,9.79,15.24,1.64,26.83,,14.03,,16.82,3.17,15.78,6.01
3/10/2010,12.26,,,10.27,,13.13,6.74,15.03,,,3.1,2.19,4.09,4.32,19.48,19.33,,40.27,,,25.71,,11.91,,12.21,9.78,15.22,1.64,21.37,,14.03,,16.85,3.06,15.75,5.9
4/10/2010,12.18,,,10.23,,13.09,6.77,15.01,,,3.1,2.19,4.08,4.25,19.44,19.29,,40.07,,,25.7,,11.89,,12.21,9.77,15.31,1.64,26.76,,14.02,,16.87,2.94,15.7,5.81
5/10/2010,12.15,,,10.21,,13.77,6.47,15.01,,,3.09,,4.07,4.21,19.53,19.28,,40.27,,,25.68,,11.85,,12.18,9.76,15.35,1.64,26.45,,14.01,,16.9,3.01,15.67,5.76
6/10/2010,12.13,,,10.21,,14,6.59,15.85,,,3.1,2.19,4.07,4.2,19.62,19.32,,40.46,,,25.71,,11.8,,12.25,9.76,15.34,1.64,26.48,,14.05,,16.93,3.11,15.67,5.7
7/10/2010,12.13,,,10.21,,14.41,6.33,15.74,,,3.12,2.21,4.1,4.19,19.69,19.36,,40.94,,,25.73,,11.77,,12.27,9.76,15.34,1.64,26.42,,14.08,,16.97,2.98,15.65,5.62
8/10/2010,12.1,,,10.19,,14.17,6.28,15.46,,,3.12,2.22,4.09,4.18,19.69,,,40.82,,,25.76,,11.72,,12.27,9.76,15.35,1.64,26.66,,14.09,,17,2.97,15.64,5.52
9/10/2010,12.07,,,10.16,,13.49,6.18,15.26,,,3.13,2.22,4.08,4.17,19.65,,,40.75,,,25.78,,11.67,,12.27,9.75,15.37,1.64,26.87,,14.09,,17.03,2.93,15.62,5.41
10/10/2010,12.04,,,10.12,,12.98,6.56,15.11,,,3.12,2.22,4.08,4.16,19.57,,,40.32,,,25.76,,11.59,,12.24,9.74,15.46,1.64,26.72,,14.07,,17.05,2.88,15.58,5.34
11/10/2010,12.03,,,10.1,,12.94,6.41,15,,,3.13,2.22,4.07,,19.56,,,40.1,,,25.77,,11.56,,12.22,9.73,15.47,1.64,26.67,,14.07,,17.07,2.81,15.57,5.28
12/10/2010,12.07,,,10.09,,13.63,6.23,14.91,,,3.14,2.23,4.08,4.44,19.68,,,40.49,,,25.81,,11.56,,12.24,9.72,15.32,1.64,26.68,,14.1,,17.09,2.81,15.55,5.22
13/10/2010,12.06,,,10.07,,13.75,6.09,14.82,,,3.14,2.23,4.11,4.31,19.7,,,40.66,,,25.82,,11.55,,12.24,9.72,15.28,1.64,26.9,,14.1,,17.11,2.9,15.52,5.16
14/10/2010,12.05,,,10.05,,13.84,5.94,14.75,,,3.13,2.23,4.09,4.26,19.68,,,40.79,,,25.84,,11.55,,12.24,9.71,15.25,1.64,26.72,,14.1,,17.13,2.83,15.51,5.11
15/10/2010,12.04,,,10.02,,13.81,5.95,14.69,,,3.11,2.23,4.09,4.23,19.7,,,40.69,,,25.86,,11.54,,12.24,9.7,15.3,1.65,26.71,,14.11,,17.15,2.97,15.49,5.03
16/10/2010,11.98,,,10,,13.15,5.72,14.62,,,3.09,2.21,4.08,4.19,19.6,,,40.92,,,25.87,,11.54,,12.25,9.69,15.33,1.65,26.72,,14.12,,17.17,2.91,15.46,4.99
17/10/2010,11.94,,,9.98,,12.72,5.67,14.57,,,3.06,2.17,4.05,4.14,19.6,,,40.39,,,25.84,,11.52,,12.24,9.68,15.27,1.65,26.73,,14.13,,17.19,2.92,15.45,4.62
18/10/2010,11.94,,,9.97,,12.62,5.61,14.52,,,3.07,2.17,4.06,4.13,19.61,,,40.29,,,25.9,,11.49,,12.21,9.66,15.26,1.65,26.75,,14.2,,17.22,2.92,15.43,4.2
19/10/2010,11.99,,,9.94,,13.26,5.45,14.46,,,3.08,2.17,4.05,4.12,19.68,19.32,,40.41,,,25.89,,11.43,,12.23,9.66,15.36,1.65,26.75,,14.15,,17.23,2.79,15.39,
20/10/2010,11.98,,,9.93,,13.39,5.4,14.44,,,3.09,2.18,4.04,4.11,19.68,19.31,,40.6,,,25.89,,11.39,,12.24,9.65,15.34,1.65,26.75,,14.15,,17.24,3.05,15.38,3.58
21/10/2010,12.02,,,9.95,,13.52,5.45,14.44,,,3.11,2.21,4.08,4.12,19.78,19.39,,40.85,,,25.96,,11.4,,12.33,9.66,15.28,1.65,26.79,,14.21,,17.27,3.08,15.4,3.29
22/10/2010,12.03,,,9.95,,13.55,5.43,14.4,,,3.13,2.23,4.1,4.12,19.82,19.42,,40.93,,,26,,11.37,,12.33,9.67,15.3,1.65,27.03,,14.23,,17.3,2.95,15.4,3.02
23/10/2010,11.99,,,9.93,,13.07,5.35,14.36,,,3.14,2.23,4.1,4.12,19.68,19.39,,41.14,,,25.99,,11.33,,12.31,9.66,15.38,1.65,27.01,,14.22,,17.31,2.98,15.37,2.79
24/10/2010,11.95,,,9.89,,12.6,5.25,14.31,,,3.14,2.22,4.11,4.55,19.58,19.34,,40.66,,,25.97,,11.28,,12.27,9.65,15.47,1.65,27.04,,14.18,,17.32,2.9,15.33,2.59
25/10/2010,11.94,,,9.86,,12.51,5.18,14.27,,,3.09,2.17,4.07,4.32,19.5,19.3,,40.25,,,25.89,,11.2,,12.21,9.63,15.49,1.65,26.98,,14.16,,17.32,2.88,15.3,2.51
26/10/2010,11.99,,,9.87,,13.13,5.24,14.27,,,3.06,2.15,4.09,4.2,19.72,19.39,,40.65,,,25.82,,11.19,,12.33,9.63,15.4,1.65,27.11,,14.24,,17.35,2.88,15.4,2.44
27/10/2010,12.02,,,9.87,,13.59,5.27,14.25,,,3.05,2.13,4.11,4.17,19.81,19.43,,40.8,,,25.99,,11.15,,12.32,9.63,15.32,1.66,27.06,,14.28,,17.38,2.86,15.41,2.34
28/10/2010,12.03,,,9.87,,13.46,5.27,14.22,,,3.05,2.13,4.15,4.18,19.79,19.42,,41.03,,,25.97,,11.09,,12.31,9.64,15.28,1.66,27.12,,14.27,,17.39,2.88,15.38,2.22
29/10/2010,12.05,,,9.85,,13.49,5.29,14.19,,,3.05,2.13,4.13,4.13,19.77,19.41,,40.96,,,25.96,,11.06,,12.29,9.64,15.33,1.66,26.93,,14.27,,17.4,2.68,15.34,2.11
30/10/2010,12.01,,,9.83,,12.94,5.28,14.15,,,3.05,2.13,4.11,4.11,19.6,19.38,,40.99,,,25.92,,10.99,,12.29,9.63,15.32,1.66,26.95,,14.24,,17.41,2.63,15.3,1.99
31/10/2010,11.98,,,9.78,,12.44,5.16,14.11,,,3.05,2.13,4.11,4.05,19.48,19.34,,40.55,,,25.87,,10.91,,12.27,9.61,15.3,1.66,27.09,,14.23,,17.41,2.76,15.27,1.9
1/11/2010,11.95,,,9.78,,12.18,5.04,14.07,,,3.02,2.11,4.13,3.91,19.45,19.33,,40.28,,,25.67,,10.79,,12.29,9.59,15.28,1.66,27.09,,14.22,,17.42,2.71,15.24,1.86
2/11/2010,11.94,,,9.77,,12.13,5.06,14.05,,,3.01,2.1,4.12,3.89,19.43,19.34,,40.22,,,25.13,,10.64,,12.24,9.58,15.27,1.66,27.1,,14.25,,17.43,2.72,15.22,1.81
3/11/2010,11.95,,,9.78,,12.08,5.04,14.02,,,3,2.04,4.1,3.98,19.61,19.38,,40.62,,,24.6,,10.54,,12.23,9.58,15.21,1.66,27.13,,14.27,,17.45,2.7,15.18,1.82
4/11/2010,12.03,,,9.8,,12.74,5.14,14.02,,,2.98,2.02,4.13,3.98,19.68,19.43,,41.03,,,24.17,,10.46,,12.23,9.59,15.18,1.66,27.04,,14.31,,17.47,2.67,15.2,1.76
5/11/2010,12.01,,,9.79,,12.96,5.18,13.98,,,2.96,2.01,4.17,4.03,19.67,19.43,,41.12,,,23.82,,10.35,,12.19,9.59,15.22,1.66,26.97,,14.3,,17.48,2.75,15.18,1.65
6/11/2010,11.98,,,9.76,,12.6,5.11,13.93,,,2.94,1.98,4.15,4.05,19.49,19.37,,41.01,,,23.49,,10.29,,12.14,9.57,15.3,1.66,26.93,,14.23,,17.45,2.6,15.13,1.52
7/11/2010,11.94,,,9.71,,12.14,4.96,13.86,,,2.91,1.96,4.08,3.99,19.32,19.28,,40.48,,,23.19,,10.18,,12.06,9.54,15.43,1.67,27.08,,14.17,,17.42,2.68,15.06,1.46
8/11/2010,11.89,,,9.65,,12.03,4.86,13.8,,,2.89,1.94,4.02,3.95,19.21,19.23,,40.07,,,22.96,,10.1,,11.97,9.51,15.57,1.66,26.88,,14.13,,17.39,2.54,15.01,1.44
9/11/2010,11.9,,,9.63,,12.71,4.8,13.77,,,2.9,1.95,4.03,3.93,19.32,19.23,,40.33,,,22.84,,10.07,,12.01,9.48,15.56,1.67,27.01,,14.14,,17.38,2.56,14.98,1.47
10/11/2010,11.96,,,9.65,,12.95,4.74,13.75,,,2.91,1.98,4.02,3.96,19.4,19.3,,40.53,,,22.77,,10.01,,12.08,9.48,15.44,1.67,27.08,,14.18,,17.39,2.36,14.98,1.54
11/11/2010,11.97,,,9.68,,13.02,4.88,13.76,,,2.91,1.98,4.12,3.97,19.53,19.38,,40.86,,,22.74,,10.04,,11.96,9.49,15.4,1.67,27.13,,14.26,,17.42,2.73,15.01,1.56
12/11/2010,11.97,,,9.68,,13.13,4.88,13.73,,,2.9,1.96,4.12,,19.53,19.37,,40.94,,,22.65,,9.96,,12.09,9.49,15.44,1.67,26.97,,14.26,,17.42,2.63,14.98,1.55
13/11/2010,11.93,,,9.68,,12.73,4.91,13.7,,,2.9,1.96,4.16,4.21,19.44,19.38,,40.98,,,22.59,,9.96,,12.1,9.49,15.48,1.67,26.97,,14.27,,17.43,2.62,14.97,1.54
14/11/2010,11.91,,,9.69,,12.15,4.87,13.66,,,2.9,1.97,4.17,4.13,19.38,19.38,,40.75,,,22.54,,9.92,,12.08,9.49,15.51,1.67,27.14,,14.27,,17.43,2.43,14.96,1.51
15/11/2010,11.89,,,9.67,,12.11,4.89,13.6,,,2.9,1.96,4.16,4.06,19.35,19.34,,40.32,,,22.45,,9.88,,12.05,9.48,15.53,1.67,26.93,,14.25,,17.41,2.45,14.93,1.47
16/11/2010,11.89,,,9.64,,12.73,4.82,13.54,,,2.88,1.92,4.16,4,19.44,19.32,,40.52,,,22.34,,9.82,,12.01,9.46,15.62,1.67,26.84,,14.23,,17.39,2.66,14.89,1.45
17/11/2010,11.89,,,9.64,,12.94,4.8,13.49,,,2.87,1.89,4.13,3.97,19.44,19.34,,40.64,,,22.24,,9.8,,12.02,9.45,15.65,1.67,26.85,,14.25,,17.39,2.82,14.87,1.44
18/11/2010,11.89,,,9.64,,13.03,4.77,13.45,,,2.87,1.89,4.11,3.97,19.47,19.33,,40.66,,,,,9.77,,12.02,9.45,15.62,1.67,26.83,,14.25,,17.39,2.65,14.86,1.46
19/11/2010,11.93,,,9.64,,13.18,4.74,13.43,,,2.87,1.9,4.09,4.02,19.48,19.36,,40.85,,,,,9.76,,12.06,9.44,15.56,1.67,26.91,,14.27,,17.4,2.77,14.85,1.47
20/11/2010,11.9,,,9.64,,12.62,4.73,13.37,,,2.86,1.89,4.1,4,19.4,19.36,,40.9,,,,,9.76,,12.03,9.44,15.56,1.68,26.92,,14.27,,17.39,2.78,14.83,1.36
21/11/2010,11.85,,,9.6,,11.99,4.57,13.29,,,2.8,1.83,4.04,3.92,19.23,19.27,,40.37,,,,,9.68,,11.95,9.42,15.51,1.68,26.87,,14.22,,17.35,2.55,14.74,1.36
22/11/2010,11.83,,,9.58,,11.9,4.61,13.24,,,2.72,1.7,4.03,3.86,19.19,19.27,,40.06,8.2,,21.49,,9.58,,11.89,9.5,15.28,1.68,26.85,,14.21,,17.33,2.61,14.72,1.38
23/11/2010,11.86,,,9.58,,12.51,4.64,13.21,,,2.69,1.69,4.03,3.85,19.34,19.28,,40.42,8.13,,21.3,,9.51,,11.89,9.39,15.21,1.68,26.86,,14.22,,17.33,2.42,14.7,1.39
24/11/2010,11.87,,,9.59,,12.71,4.63,13.21,,,2.68,1.7,4.12,4.06,19.42,19.31,,40.56,8.1,,21.15,,9.48,,11.91,9.39,15.16,1.68,26.9,,14.24,,17.33,2.36,14.75,1.37
25/11/2010,11.89,,,9.58,,12.85,4.6,13.17,,,2.67,1.72,4.11,4.09,19.42,19.33,,40.79,8.06,,20.96,,9.45,,11.87,9.38,15.19,1.68,26.84,,14.26,,17.32,2.41,14.75,1.31
26/11/2010,11.87,,,9.55,,12.91,4.55,13.12,,,2.61,1.62,4.07,3.98,19.36,19.28,,40.76,8.03,,20.82,,9.4,,11.82,9.36,15.27,1.68,26.63,,14.21,,17.29,2.51,14.69,1.32
27/11/2010,11.85,,,9.57,,12.34,4.65,13.08,,,2.57,1.58,4.03,3.99,19.33,19.32,,40.71,8.03,,20.73,,9.4,,11.86,9.37,15.28,1.68,26.52,,14.26,,17.31,2.63,14.7,1.23
28/11/2010,11.78,,,9.52,,11.72,4.53,12.98,,,2.31,1.33,3.95,3.87,19.21,19.26,,40.29,7.99,,20.57,,9.36,,11.79,9.31,15.24,1.68,26.82,,14.23,,17.24,2.27,14.61,1.25
29/11/2010,11.77,,,9.53,,11.65,4.55,12.97,,,2.2,1.27,3.97,3.85,19.14,19.27,,40.02,7.99,,20.51,,9.3,,11.74,9.31,15.22,1.68,26.97,,14.22,,17.23,2.35,14.6,1.23
30/11/2010,11.81,,,9.55,,12.33,4.66,12.92,,,2.18,1.28,4,3.84,19.37,19.31,,40.41,,,20.42,,9.31,,11.77,9.33,15.22,1.68,26.81,,14.25,,17.2,2.32,14.58,1.11
1/12/2010,11.78,,,,,12.45,4.55,12.86,,,1.97,1.18,3.93,3.81,19.3,19.25,,40.55,,,20.3,,9.23,,11.75,9.26,15.16,1.68,26.77,,14.2,,17.13,1.97,14.51,1.12
2/12/2010,11.81,,,,,12.51,4.53,12.86,,,1.95,1.17,3.96,3.79,19.26,19.28,,40.66,,,20.24,,9.17,,11.71,9.27,15.18,1.68,26.77,,14.25,,17.09,1.88,14.51,1.08
3/12/2010,11.82,,,,,12.52,4.47,12.85,,,1.95,1.19,3.95,3.88,19.27,19.29,,40.57,,,20.15,,9.11,,11.68,9.29,15.12,1.69,26.71,,14.21,,17.04,1.79,14.48,1.07
4/12/2010,11.8,,,,,12.09,4.54,12.84,,,1.99,1.25,3.96,3.98,19.15,19.32,,40.68,,,20.08,,9.07,,11.7,9.3,15.21,1.69,26.7,,14.23,,16.99,1.8,14.47,1.06
5/12/2010,11.76,,,,,11.51,4.61,12.82,,,2.07,1.3,3.98,3.9,19.06,19.32,,40.47,,,19.92,,9.02,,11.64,9.31,15.21,1.69,26.64,,14.18,,16.9,1.82,14.47,0.97
6/12/2010,11.75,,,,,11.43,4.53,12.77,,,2.1,1.31,3.96,3.84,18.93,19.27,,40.18,,,19.76,,8.96,,11.53,9.29,15.18,1.69,26.57,,14.13,,16.79,1.8,14.42,0.95
7/12/2010,11.76,,,,,12.17,4.54,12.74,,,2.16,1.34,3.95,3.77,19.05,19.25,,40.31,,,19.64,,8.92,,11.54,9.28,15.18,1.69,26.67,,14.11,,16.72,1.77,14.4,0.93
8/12/2010,11.75,,,,,11.58,4.55,12.72,,,2.22,1.39,3.93,3.72,18.88,19.26,,40.4,,,19.49,,8.85,,11.51,9.29,15.18,1.69,26.64,,14.07,,16.64,1.79,14.38,0.9
9/12/2010,11.73,,,,,11.44,4.54,12.69,,,2.26,1.41,3.89,3.7,18.76,19.24,,40.22,,,19.4,,8.76,,11.45,9.28,15.17,1.69,26.41,,14.05,,16.59,1.72,14.35,0.95
10/12/2010,11.76,,,,,12.3,4.62,12.7,,,2.31,1.47,3.91,3.74,19.01,19.31,,40.4,,,19.41,,8.76,,11.51,9.3,15.2,1.69,26.46,,14.08,,16.55,1.83,14.37,0.94
11/12/2010,11.71,,,,,11.71,4.69,12.65,,,2.34,1.47,3.89,3.9,18.81,19.23,,40.72,,,19.21,,8.73,,11.45,9.3,15.18,1.69,26.4,,14.02,,16.45,1.86,14.32,0.87
12/12/2010,11.67,,,,,11.21,4.59,12.61,,,2.34,1.47,3.79,3.89,18.68,19.18,,40.3,,,19.1,,8.65,,11.4,9.28,15.16,1.69,26.33,,13.98,,16.37,1.73,14.29,0.86
13/12/2010,11.65,,,,,11.13,4.51,12.59,,,2.37,1.5,3.81,3.86,18.63,19.18,,40.11,,,19.05,,8.65,,11.39,9.27,15.16,1.7,26.33,,13.98,,16.34,1.75,14.29,0.89
14/12/2010,11.68,,,,,11.85,4.56,12.79,,,2.41,1.54,3.88,3.85,18.86,19.23,,40.33,,,19.03,,8.68,,11.43,9.28,15.19,1.7,26.52,,13.99,,16.28,1.86,14.28,0.88
15/12/2010,11.69,,,,,12.02,4.61,12.75,,,2.45,1.57,3.9,3.92,18.77,19.22,,40.37,,,19.05,,8.79,,11.4,9.28,15.18,1.7,26.51,,13.98,,16.23,1.79,14.26,0.85
16/12/2010,11.7,,,,,12.1,4.66,12.66,,,2.47,1.58,3.86,3.87,18.79,19.16,,40.33,,11.23,18.96,,8.78,,11.35,9.27,15.17,1.7,26.48,,13.94,,16.15,1.74,14.22,0.8
17/12/2010,11.7,,,,,13,4.55,12.59,,,2.49,1.58,3.87,3.83,18.69,19.09,,40.34,,11.23,18.85,,8.65,,11.25,9.23,15.14,1.7,26.43,,13.88,,16.06,1.7,14.16,0.79
18/12/2010,11.7,,,,,12.18,4.52,12.57,,,2.5,1.59,3.86,3.87,18.57,19.09,,40.18,,11.28,18.81,,8.64,,11.3,9.23,15.14,1.7,26.45,,13.88,,16.05,1.75,14.15,0.83
19/12/2010,11.68,,,,,11.72,4.53,12.55,,,2.56,1.66,3.99,3.89,18.57,19.17,,39.95,,11.39,18.86,,8.68,,11.36,9.24,15.18,1.7,26.53,,13.93,,16.02,1.89,14.17,0.84
20/12/2010,11.66,,,,,11.6,4.53,12.52,,,2.58,1.67,4,3.86,18.55,19.16,,39.85,,11.47,18.85,,8.71,,11.31,9.23,15.17,1.7,26.33,,13.92,,15.99,1.93,14.15,0.84
21/12/2010,11.68,,,,,12.36,4.55,12.48,,,2.61,1.7,3.98,3.86,18.68,19.16,,40.02,,11.56,18.87,,8.76,,11.32,9.23,15.16,1.7,26.34,,13.92,,15.95,1.87,14.15,0.81
22/12/2010,11.69,,,,,12.39,4.51,12.45,,,2.54,1.57,3.97,3.89,18.72,19.13,,40.08,,11.63,18.86,,8.73,,11.27,9.19,15.14,1.7,26.5,,13.9,,15.91,1.79,14.11,0.73
23/12/2010,11.69,,,,,12.38,4.31,12.39,,,2.28,1.28,3.93,3.91,18.63,19.04,,39.92,,11.57,18.8,,8.65,,11.21,9.18,15.08,1.71,26.49,,13.82,,15.82,1.78,14.04,0.7
24/12/2010,11.64,,,,,11.52,4.21,12.35,,,2.08,1.14,3.87,3.71,18.47,19.01,,39.63,,11.43,18.72,,8.51,,11.15,9.14,15.01,1.71,26.5,,13.81,,15.8,1.7,14.02,0.71
25/12/2010,11.59,,,,,11.23,4.29,12.36,,,1.92,1.08,3.79,3.7,18.44,19.05,,39.59,,11.27,18.67,,8.45,,11.19,9.13,15.03,1.71,26.53,,13.83,,15.8,1.62,14.03,0.76
26/12/2010,11.56,,,,,11.02,4.38,12.36,,,1.91,1.09,3.77,3.74,18.45,19.11,,39.58,,11.19,18.66,,8.42,,11.22,9.19,14.97,1.71,26.13,,13.88,,15.8,1.62,14.05,0.8
27/12/2010,11.55,,,,,11,4.46,12.34,,,1.93,1.12,3.8,3.75,18.49,19.14,,39.56,,11.14,18.59,,8.39,,11.16,9.19,14.96,1.71,26.37,,13.89,,15.78,1.62,14.06,0.8
28/12/2010,11.59,,,,,11.75,4.53,12.31,,,1.96,1.16,3.85,3.76,18.5,19.1,,39.48,,11.07,18.48,,8.35,,11.17,9.2,15.09,1.71,26.48,,13.84,,15.74,1.67,14.04,0.78
29/12/2010,11.59,,,,,11.93,4.5,12.28,,,2.01,1.21,3.86,3.76,18.48,19.09,,39.34,,11.04,18.41,,8.32,,11.1,9.2,15.04,1.71,26.43,,13.82,,15.7,1.67,14.03,0.76
30/12/2010,11.59,,,,,11.46,4.52,12.25,,,2.07,1.26,3.84,3.75,18.42,19.08,,39.29,,11.02,18.35,,8.29,,11.06,9.2,15.09,1.71,20.56,,13.78,,15.64,1.62,14.01,0.74
31/12/2010,11.56,,,,,11.1,4.54,12.22,,,2.13,1.3,3.8,3.74,18.41,19.05,,39.22,,11.04,18.29,,8.26,,11.03,9.19,15.09,1.71,26.27,,13.74,,15.57,1.58,13.99,0.73
1/1/2011,11.5,,,,,10.93,4.57,12.18,,,2.19,1.34,3.73,3.73,18.36,19,,39.12,,11.08,18.22,,8.23,,10.97,9.18,15.02,1.72,26.23,,13.69,,15.47,1.59,13.96,0.72
2/1/2011,11.47,,,,,10.79,4.56,12.14,,,2.23,1.36,3.72,3.72,18.27,18.97,,38.96,,11.11,18.16,,8.17,,10.94,9.17,15.06,1.72,26.18,,13.66,,15.38,1.57,13.94,0.75
3/1/2011,11.46,,,,,10.74,4.57,12.13,,,2.29,1.4,3.75,3.73,18.29,18.99,,38.91,,11.17,18.16,,8.19,,10.94,9.17,15.07,1.72,26.17,,13.65,,15.31,1.57,13.94,0.8
4/1/2011,11.43,,,,,10.75,4.57,12.1,,,2.35,1.45,,3.72,18.35,18.99,,38.99,,11.24,18.16,,8.19,,10.91,9.17,15.03,1.72,25.88,,13.63,,15.22,1.5,13.93,0.79
5/1/2011,11.43,,,,,10.68,4.55,12.07,,,2.38,1.48,,3.72,18.33,18.98,,39.07,,11.31,18.15,,8.18,,10.89,9.16,15.02,1.72,25.84,,13.61,,15.14,1.51,13.92,0.77
6/1/2011,11.42,,,,,10.53,4.53,12.05,,,2.42,1.51,,3.71,18.25,18.97,,39.12,,11.39,18.16,,8.17,,10.88,9.15,15.02,1.72,25.66,,13.59,,15.07,1.56,13.91,0.76
7/1/2011,11.4,,,,,10.49,4.49,12.02,,,2.46,1.54,,3.71,18.25,18.96,,39.07,,11.46,18.18,,8.18,,10.89,9.15,15.04,1.72,26.07,,13.58,,15.01,1.58,13.91,0.73
8/1/2011,11.39,,,,,10.48,4.48,11.99,,,2.49,1.56,,3.69,18.24,18.94,,39.34,,11.52,18.19,,8.16,,10.86,9.15,15.03,1.72,26.08,,13.56,,14.94,1.54,13.89,0.72
9/1/2011,11.37,,,,,10.35,4.48,11.96,,,2.52,1.59,,3.69,18.22,18.93,,39.12,,11.55,18.2,,8.14,,10.84,9.14,15.03,1.72,25.9,,13.55,,14.87,1.55,13.87,0.69
10/1/2011,11.37,,41.95,,,10.34,4.48,11.93,,,2.54,1.6,,3.68,18.18,18.9,,39.02,7.76,11.6,18.21,,8.13,,10.8,9.13,15,1.72,25.81,,13.53,,14.8,1.56,13.85,0.66
11/1/2011,11.39,,41.68,9.31,,11,4.41,11.89,,,2.53,1.61,,3.66,18.28,18.88,,39.03,7.74,11.59,18.18,,8.1,,10.73,9.12,15.02,1.72,25.75,,13.5,,14.74,1.62,13.82,0.65
12/1/2011,11.42,,41.64,9.32,,11.49,4.41,11.88,,,2.54,1.62,,3.73,18.37,18.88,,39.28,7.74,11.6,18.17,,8.11,,10.79,9.11,14.97,1.72,25.77,,13.5,,14.72,1.67,13.82,0.67
13/1/2011,11.44,,41.69,9.32,,11.69,4.45,11.86,,,2.55,1.63,,3.79,18.39,18.88,,39.49,7.76,11.64,18.18,,8.11,,10.76,9.12,15,1.73,25.76,,13.49,,14.67,1.81,13.82,0.66
14/1/2011,11.43,,41.56,9.32,,11.75,4.43,11.84,,,2.56,1.64,,3.81,18.4,18.88,,39.45,7.78,11.67,18.18,,8.1,,10.76,9.11,14.96,1.73,25.64,,13.5,,14.65,1.77,13.81,0.66
15/1/2011,11.43,,41.57,9.32,,11.07,4.43,11.83,,,2.57,1.65,,3.79,18.33,18.87,,39.5,7.81,11.71,18.19,,8.11,,10.75,9.11,15.02,1.73,25.6,,13.49,,14.62,1.75,13.8,0.7
16/1/2011,11.39,,41.27,9.34,,10.86,4.54,11.81,,,2.6,1.69,,3.8,18.3,18.9,,39.15,7.86,11.77,18.24,,8.14,,10.77,9.12,15.02,1.73,26.05,,13.51,,14.62,1.71,13.82,0.69
17/1/2011,11.38,,41.09,9.33,,10.81,4.52,11.78,,,2.61,1.69,,3.79,18.28,18.86,,39.04,7.87,11.8,18.24,,8.14,,10.69,9.11,15.03,1.73,26.02,,13.49,,14.58,1.68,13.81,0.68
18/1/2011,11.38,,41,9.32,,11.31,4.49,11.75,,,2.62,1.7,,3.78,18.41,18.84,,39.31,7.9,11.84,18.24,,8.15,,10.68,9.1,15.02,1.73,25.99,,13.48,,14.54,1.76,13.8,0.65
19/1/2011,11.38,,40.94,9.3,,11.84,4.45,11.72,,,2.63,1.71,,3.76,18.4,18.81,,39.44,7.9,11.88,18.24,,8.15,,10.65,9.09,15.03,1.73,25.97,,13.46,,14.5,1.76,13.78,0.62
20/1/2011,11.39,,40.83,9.28,,11.99,4.37,11.68,,,2.63,1.71,,3.8,18.41,18.79,,39.63,7.94,11.93,18.24,,8.14,,10.63,9.06,15.02,,25.8,,13.45,,14.46,1.78,13.75,0.61
21/1/2011,11.4,,40.71,9.28,,12.02,4.35,11.66,,,2.63,1.71,,3.78,18.4,18.79,,39.69,7.96,11.97,18.27,,8.15,,10.63,9.06,14.99,,25.53,,13.46,,14.44,1.66,13.74,0.6
22/1/2011,11.4,,40.97,9.27,,11.48,4.3,11.64,,,2.64,1.71,,3.83,18.33,18.78,,39.65,7.98,12.02,18.33,,8.13,,10.63,9.07,14.94,,25.58,,13.45,,14.4,1.63,13.72,0.6
23/1/2011,11.37,,40.77,9.27,,11.09,4.28,11.62,,,2.64,1.72,,3.81,18.24,18.77,,39.29,8,12.07,18.31,,8.11,,10.59,9.06,15,,25.51,,13.44,,14.38,1.69,13.73,0.62
24/1/2011,11.36,,40.44,9.27,,11,4.37,11.6,,,2.66,1.73,,3.77,18.22,18.75,,39.07,8.02,12.12,18.34,,8.15,,10.58,9.06,15,,25.56,,13.43,,14.35,1.7,13.73,0.61
25/1/2011,11.39,,40.47,9.25,,11.65,4.38,11.56,,,2.67,1.74,,3.77,18.39,18.73,,39.41,8.06,,18.37,,8.18,,10.56,9.05,14.99,,25.73,,13.43,,14.3,1.81,13.72,0.58
26/1/2011,11.44,,40.32,9.24,,11.94,4.34,11.54,,,2.67,1.74,,3.75,18.36,18.71,,39.37,8.07,,18.36,,8.16,,10.52,9.04,14.99,,25.53,,13.41,,14.26,1.8,13.71,0.58
27/1/2011,11.42,,40.37,9.24,,11.52,4.32,11.53,,,2.68,1.75,,4.19,18.39,18.72,,39.53,8.1,,18.42,,8.19,,10.55,9.03,14.99,,25.46,,13.42,,14.24,1.67,13.71,0.58
28/1/2011,11.41,,40.39,9.23,,11.4,4.3,11.52,,,2.7,1.77,,3.98,18.4,18.72,,39.63,8.13,,18.46,,8.2,,10.56,9.02,14.93,,25.74,,13.42,,14.23,1.63,13.7,0.61
29/1/2011,11.43,,40.31,9.24,,11.48,4.34,11.51,,,2.72,1.79,,3.93,18.34,18.73,,39.68,8.18,,18.53,,8.24,,10.56,9.02,15.01,,25.51,,13.39,,14.2,1.65,13.71,0.58
30/1/2011,11.36,,40.29,9.23,,11.05,4.34,11.47,,,2.73,1.79,,3.83,18.25,18.7,,39.35,8.19,,18.54,,8.2,,10.51,9.01,14.93,,25.49,,13.38,,14.16,1.6,13.69,0.58
31/1/2011,11.35,,40.2,9.23,,10.98,4.35,11.45,,,2.74,1.8,,3.81,18.24,18.7,,39.13,8.2,,18.59,,8.21,,10.52,9,14.98,,25.48,,13.38,,14.12,1.58,13.67,0.58
1/2/2011,11.38,,40.19,9.23,,11.3,4.38,11.44,,,2.75,1.82,,3.78,18.48,18.71,,39.54,8.23,,18.65,,8.25,,10.52,9.01,14.98,,25.47,,13.38,,14.1,1.56,13.65,0.57
2/2/2011,11.4,,40.06,,,11.37,4.38,11.42,,,2.76,1.83,,3.73,,,,39.54,8.25,,18.68,,8.24,,10.53,9,14.98,,25.47,,13.38,,,1.6,13.64,0.57
3/2/2011,11.44,,40.05,,,11.87,,11.42,,,2.77,,,3.71,,,,39.66,,,18.75,,,,10.54,9,14.97,,,,13.39,,,1.63,13.64,0.57
4/2/2011,11.48,,40,,,11.34,,11.42,,,2.79,,,3.77,,,,39.62,,,18.8,,,,10.56,9.01,14.98,,,,13.39,,,1.64,13.65,0.58
5/2/2011,11.41,,40.14,,,10.91,,11.4,,,2.79,,,3.78,,,,39.81,,,18.85,,,,10.55,9.01,14.92,,,,13.38,,,1.61,13.64,0.56
6/2/2011,11.36,,39.9,,,10.67,,11.39,,,2.8,,,3.77,,,,39.41,,,18.88,,,,10.55,9.01,14.89,,,,13.38,,,1.6,13.63,0.54
7/2/2011,11.35,,39.79,,,10.65,4.46,11.36,,,2.81,,,3.72,,,,39.19,,,18.92,,,,10.51,8.99,14.85,1.75,,,13.36,,,1.58,13.6,0.52
8/2/2011,11.39,,39.72,,,11.48,4.41,11.34,,,2.81,,,3.68,,,,39.42,,,,,,,10.48,8.99,14.93,1.75,,,13.35,,,1.53,13.58,0.52
9/2/2011,11.42,,40.09,,,11.8,4.39,11.34,,,2.82,,,3.66,,,,39.67,,,,,,,10.5,8.98,14.93,1.75,,,13.35,,,1.52,13.58,0.52
10/2/2011,11.41,,40.07,,,,,,,,2.84,,,3.65,,,,39.64,,,,,,,10.5,8.98,14.92,1.75,,,,,,1.59,13.63,0.5
11/2/2011,11.41,,40.12,,,,,,,,2.84,,,3.63,,,,,,,,,,,10.46,,14.93,1.75,,,,,,1.56,13.73,0.49
12/2/2011,11.4,,40.13,,,,,,,,2.85,,,3.62,,,,,,,,,,,10.47,,14.87,1.75,,,,,,1.58,13.77,0.47
13/2/2011,11.33,,40.26,,,,,,,,2.86,,,3.69,,,,,,,,,,,10.45,,14.86,1.75,,,,,,1.48,13.78,0.47
14/2/2011,11.32,,40.17,,,,,,,,2.86,,,3.66,,,,,,,,,,,10.42,,14.83,1.75,,,,,,1.46,13.78,0.44
15/2/2011,11.36,,40.33,,,,,,,,2.86,,,3.71,,,,,,,,,,,10.38,,14.77,1.75,,,,,,1.45,13.85,0.4
16/2/2011,11.36,,40.49,,,,,,,,2.81,,,3.69,,,,,,,,,,,10.34,,14.83,1.75,,,,,,1.54,13.93,0.4
17/2/2011,11.36,,40.64,,,,,,,,2.71,,,3.63,,,,,,,,,,,10.39,,14.82,1.75,,,,,,1.47,13.85,0.49
18/2/2011,11.36,,40.74,,,,,,,,2.66,,,3.58,,,,,,,,,,,10.39,,14.75,1.75,,,,,,1.52,13.78,0.52
19/2/2011,11.37,,40.84,,,,,,,,2.65,,,3.58,,,,,,,,,,,10.4,,14.72,1.75,,,,,,1.56,13.75,0.54
20/2/2011,11.32,,40.8,,,,,,,,2.64,,,3.63,,,,,,,,,,,10.39,,14.77,1.75,,,,,,1.48,13.69,0.53
21/2/2011,11.31,,40.76,,,,,,,,2.63,,,3.58,,,,,,,,,,,10.34,,14.72,1.75,,,,,,1.45,13.65,0.53
22/2/2011,11.3,,40.91,,,,,,,,2.63,,,3.57,,,,,,,,,,,10.32,,14.79,1.75,,,,,,1.53,13.63,0.53
23/2/2011,11.28,,40.97,,,,,,,,2.64,,,3.68,,,,,,,19.48,,,,10.35,,14.78,1.75,,,,,,1.55,13.63,0.51
24/2/2011,11.26,,40.97,,,,,,,,2.66,,,3.64,,,,,,,19.49,,,,10.33,,14.86,1.75,,,,,,1.62,13.62,0.48
25/2/2011,11.27,,41.06,9.15,,11.63,4.28,11.19,,,2.67,1.69,,3.62,18.56,18.58,,39.8,,,19.51,,8.49,,10.27,8.89,14.79,1.76,19.98,,13.16,,12.78,1.54,13.59,0.47
26/2/2011,11.22,,41.15,9.14,,10.91,4.19,11.16,,,2.68,1.69,,3.71,18.38,18.55,,39.51,,,19.53,,8.32,,10.26,8.88,14.77,1.76,25.33,,13.11,,12.73,1.57,13.54,0.46
27/2/2011,11.19,,41.14,9.12,,10.33,4.2,11.14,,,2.67,1.69,,4.14,18.28,18.52,,39.28,,,19.51,,8.23,,10.2,8.87,14.84,1.76,25.3,,13.09,,12.71,1.57,13.51,0.46
28/2/2011,11.18,,41.13,9.11,,10.2,4.22,11.11,,,2.61,1.65,,3.83,18.27,18.53,,39.09,,,19.54,,8.21,,10.2,8.85,14.79,1.76,25.27,,13.09,,12.71,1.49,13.47,0.49
1/3/2011,11.18,,41.08,9.1,,10.89,4.03,11.06,,,2.44,1.39,,3.7,18.48,18.55,,39.31,,,19.59,,8.28,,10.18,8.82,14.74,1.76,25.33,,13.06,,12.59,1.41,13.4,0.53
2/3/2011,11.17,,41.09,9.08,,10.73,4.07,11.02,,,2.4,1.36,,3.67,18.44,18.54,,39.43,,,19.6,,8.22,,10.17,8.77,14.68,1.76,25.33,,13.04,,11.63,1.22,13.35,0.62
3/3/2011,11.17,,41.17,9.07,,10.98,4.21,11.01,,,,1.34,,3.64,18.45,18.55,,39.46,,,19.62,,8.22,,10.16,8.82,14.75,1.76,25.33,,13.02,,10.15,1.09,13.34,0.63
4/3/2011,11.16,,41.13,9.07,,11.02,4.27,10.98,,,2.27,1.25,,3.65,18.41,18.54,,39.59,,,19.66,,8.22,,10.13,8.82,14.81,1.76,25.12,,12.96,,9.14,1.08,13.31,0.64
5/3/2011,11.13,,41.05,9.04,,10.53,4.25,10.95,,,2.23,1.23,,3.65,18.2,18.48,,39.53,,,19.64,,8.19,,10.05,8.81,14.81,1.76,25.02,,12.89,,8.47,1.04,13.27,0.68
6/3/2011,11.11,,40.99,9.04,,9.97,4.18,10.93,,,2.23,1.25,,3.62,18.1,18.47,,39.28,,,19.63,,8.14,,10.02,8.8,14.72,1.76,25.17,,12.85,,8.15,1.04,13.26,0.69
7/3/2011,11.11,,41.16,9.07,,9.89,4.18,10.94,,,2.27,1.32,,3.62,18.07,18.51,,39.11,,,19.73,,8.17,,10.11,8.8,14.63,1.76,25.02,,12.88,,8,1.15,13.27,0.69
8/3/2011,11.15,,41.18,9.08,,10.7,4.28,10.9,,,2.32,1.37,,3.69,18.19,18.52,,39.65,,,19.76,,8.23,,10.1,8.84,14.79,1.76,24.92,,12.8,,7.82,1.18,13.24,0.69
9/3/2011,11.13,,41.28,9.06,,10.84,4.33,10.87,,,2.34,1.38,,3.65,18.09,18.48,,39.69,,,19.73,,8.18,,10.03,8.83,14.71,1.76,25.06,,12.75,,7.69,1.16,13.2,0.7
10/3/2011,11.15,,41.69,9.05,,10.99,4.31,10.85,,,2.37,1.41,,3.63,17.98,18.47,,39.7,,,19.73,,8.17,,10.02,8.83,14.7,1.76,25.01,,12.72,,7.6,1.2,13.18,0.7
11/3/2011,11.15,,42.01,9.05,,11.04,4.3,10.84,,,2.4,1.44,,3.66,17.91,18.47,,39.7,,,19.75,,8.18,,10.02,8.82,14.69,1.76,25.03,,12.68,,7.55,1.22,13.17,0.7
12/3/2011,11.12,,42.04,9.04,,10.46,4.32,10.82,,,2.44,1.48,,3.64,17.63,18.44,,39.76,,,19.77,,8.17,,10.01,8.81,14.72,1.76,24.95,,12.64,,7.5,1.19,13.15,0.7
13/3/2011,11.08,,41.9,9.02,,9.86,4.21,10.79,,,2.45,1.5,,3.61,17.49,18.4,,39.41,,,19.76,,8.15,,9.97,8.8,14.72,1.76,24.83,,12.59,,7.45,1.17,13.11,0.71
14/3/2011,11.07,,41.63,9.01,,9.81,4.2,10.77,,,2.45,1.51,,3.55,17.44,18.41,,39.18,,,19.74,,8.13,,9.97,8.77,14.68,1.77,25.36,,12.59,,7.46,1.14,13.11,0.69
15/3/2011,11.1,,41.53,9,,10.47,4.24,10.73,,,2.45,1.5,,3.54,17.55,18.39,,39.55,,,19.78,,8.1,,9.93,8.77,14.73,1.77,25.28,,12.53,,7.44,1.13,13.08,
16/3/2011,11.07,,41.72,8.94,,10.69,4.06,10.65,,,1.95,1.04,,3.49,17.42,18.33,,39.45,,,19.7,,8,,9.81,8.75,14.73,1.77,24.71,,12.46,,7.38,1.08,13.01,0.69
17/3/2011,11.06,,41.67,8.94,,10.05,4.11,10.65,,,1.83,1,,3.45,17.22,18.32,,39.53,,,19.54,,7.82,,9.8,8.83,14.74,1.77,24.72,,12.44,,7.38,1.07,13,0.68
18/3/2011,11.05,,41.37,8.97,,9.9,4.15,10.65,,,1.83,0.99,,3.47,17.18,18.36,,39.37,,,19.42,,7.77,,9.84,8.76,14.65,1.77,24.9,,12.43,,7.42,1.12,13.01,3.16
19/3/2011,11.04,,41.29,8.98,,9.98,4.14,10.64,,,1.87,1.02,,3.56,17.12,18.36,,39.53,,,19.32,,7.73,,9.85,8.77,14.71,1.77,24.89,,12.4,,7.46,1.13,13.01,3.77
20/3/2011,11.03,,41.15,9,,9.52,4.15,10.64,,,1.92,1.09,,3.55,17.09,18.38,,39.26,,,19.25,,7.71,,9.86,8.78,14.72,1.77,24.5,,12.36,,7.49,1.14,13.02,4.06
21/3/2011,11.03,,41.08,9.01,,9.46,4.17,10.62,,,2,1.15,,3.55,17.05,18.38,,39.07,,,19.19,,7.68,,9.83,8.77,14.84,1.77,24.41,,12.33,,7.52,1.13,13.02,
22/3/2011,11.05,,40.73,9.03,,10.26,4.18,10.6,,,2.06,1.21,,3.67,17.23,18.38,,39.37,,,19.14,,7.67,,9.83,8.78,14.86,1.77,24.66,,12.28,,7.55,1.28,13.01,
23/3/2011,11.04,,40.56,9.03,,10.47,4.28,10.58,,,2.11,1.25,,3.63,17.16,18.34,,39.49,,,19.09,,7.64,,9.8,8.78,14.81,1.77,24.35,,12.23,,7.55,1.24,13.01,
24/3/2011,11.05,,40.42,9.02,,10.68,4.34,10.56,,,2.17,1.29,,3.6,17.09,18.3,,39.58,,,19.04,,7.63,,9.78,8.78,14.78,1.77,24.26,,12.18,,7.54,1.35,13.01,
25/3/2011,,,40.36,8.99,,10.77,4.35,10.52,,,2.21,1.31,,3.61,17.02,18.24,,39.63,,,18.97,,7.58,,9.68,8.76,14.78,1.77,24.19,,12.11,,7.51,1.35,12.99,
26/3/2011,,,40.65,8.99,,10.19,4.32,10.49,,,2.23,1.33,,3.59,16.8,18.22,,39.46,,,18.92,,7.54,,9.67,8.76,14.72,1.77,24.18,,12.08,,7.5,1.31,12.98,
27/3/2011,,,40.89,8.98,,9.64,4.41,10.47,,,2.27,1.37,,3.62,16.71,18.21,,39.09,,,18.91,,7.57,,9.7,8.75,14.73,1.77,24.12,,12.05,,7.51,1.58,12.98,
28/3/2011,,,40.51,8.97,,9.55,4.42,10.44,,,2.31,1.39,,3.59,16.63,18.18,,38.84,,,18.88,,7.51,,9.63,8.73,14.67,1.77,24.04,,12.02,,7.5,1.43,12.97,
29/3/2011,,,40.53,8.97,,10.32,4.49,10.44,,,2.34,1.43,,3.59,16.79,18.19,,39.06,,,18.89,,7.51,,9.66,8.74,14.66,1.77,24.05,,12.01,,7.53,1.39,12.97,
30/3/2011,,,40.34,8.97,,10.52,4.57,10.72,,,2.37,1.46,,3.57,16.76,18.18,,39.18,,,18.9,,7.55,,9.65,8.74,14.71,1.77,24.03,,11.99,,7.55,1.53,12.97,3.02
31/3/2011,11,,40.24,8.98,,10.68,4.59,10.57,,,2.41,1.49,,3.57,16.79,18.18,,39.23,,,18.93,,7.57,,9.69,8.74,14.7,1.77,24.36,,11.98,,7.58,1.37,12.98,2.53
1/4/2011,10.98,,40.22,8.98,,10.77,4.68,10.49,,,2.45,1.52,,3.64,16.8,18.16,,39.26,,,18.95,,7.65,,9.68,8.74,14.73,1.77,24.36,,11.96,,7.61,1.43,12.96,2.15
2/4/2011,10.94,,40.21,8.98,,10.29,6.9,10.44,,,2.48,1.54,,3.65,16.65,18.12,,39.17,,,18.97,,7.64,,9.66,8.74,14.74,1.77,24.39,,11.92,,7.61,1.36,12.95,1.84
3/4/2011,10.92,,40.13,8.97,,9.68,7.16,10.4,,,2.5,1.55,,3.63,16.54,18.07,,38.72,,,18.97,,7.6,,9.63,8.73,14.71,1.77,24.19,,11.9,,7.61,1.32,12.92,1.63
4/4/2011,10.91,,39.91,8.98,,9.59,8.48,10.38,,,2.52,1.57,,3.6,16.5,18.07,,38.55,,,18.98,,7.6,,9.58,8.73,14.7,1.77,24.56,,11.89,,7.62,1.27,12.92,1.52
5/4/2011,10.94,,40.01,9,,10.4,7.39,10.38,,,2.55,1.6,,3.61,16.72,18.1,,38.9,,,19.05,,7.67,,9.67,8.73,14.64,1.77,24.39,,11.92,,7.66,1.3,12.94,1.42
6/4/2011,10.93,,39.88,9.02,,10.69,7.67,10.37,,,2.57,1.63,,3.68,16.79,18.1,,39.03,,,19.11,,7.71,,9.68,8.74,14.72,1.77,24.34,,11.9,,7.71,1.38,12.96,1.28
7/4/2011,10.95,,39.81,9.01,,10.74,7.84,10.34,,,2.57,1.61,,3.68,16.82,18.04,,39.19,,,19.14,,7.72,,9.64,8.73,14.72,1.77,24.48,,11.86,,7.7,1.41,13,1.19
8/4/2011,11.04,,39.82,9,,10.87,6.65,10.33,,,2.56,1.6,,,16.78,18.02,,39.38,,,19.13,,7.7,,9.62,8.73,14.68,1.77,24.71,,11.84,,7.69,1.33,13,1.15
9/4/2011,10.99,,39.81,9.01,,10.14,5.77,10.33,,,2.57,1.62,,3.99,16.68,18.01,,39.06,,,19.16,,7.72,,9.64,8.72,14.69,1.77,24.09,,11.84,,7.71,1.39,12.97,1.15
10/4/2011,10.96,,39.73,9.01,,9.72,5.54,10.33,,,2.58,1.63,,3.86,16.68,18.02,,38.76,,,19.2,,7.74,,9.69,8.72,14.64,1.77,24.39,,11.85,,7.75,1.34,12.98,1.18
11/4/2011,10.96,,39.54,9.07,,9.66,5.48,10.32,,,2.6,1.65,,3.82,16.66,18.02,,38.85,,,19.26,,7.76,,9.67,8.73,14.67,1.78,24.27,,11.84,,7.79,1.32,12.98,1.13
12/4/2011,10.98,,39.44,9.06,,10.07,5.37,10.31,,,2.59,1.63,,3.79,16.9,17.96,,39.23,,,19.28,,7.77,,9.59,8.71,14.68,1.78,24.62,,11.81,,7.78,1.33,12.96,1.12
13/4/2011,10.99,,39.47,9.08,,10.63,5.73,10.47,,,2.6,1.66,,3.75,16.92,17.99,,39.14,,,19.34,,7.8,,9.67,8.72,14.6,1.78,24.42,,11.83,,7.82,1.41,12.96,1.16
14/4/2011,11,,39.28,9.07,,10.65,5.71,10.59,,,2.6,1.66,,3.7,16.93,17.99,,39.14,,,19.38,,7.81,,9.64,8.71,14.65,1.78,24.29,,11.81,,7.84,1.41,12.95,1.23
15/4/2011,11.06,,39.2,9.06,,10.7,5.57,10.53,,,2.6,1.67,,3.67,16.94,17.97,,39.06,,,19.43,,7.82,,9.63,8.71,14.69,1.78,24.24,,11.81,,7.86,1.37,12.95,1.17
16/4/2011,11.04,,39.3,9.06,,9.97,5.31,10.48,,,2.61,1.68,,3.66,16.85,17.95,,39.12,,,19.53,,7.84,,9.67,8.71,14.7,1.78,24.47,,11.82,,7.89,1.39,12.95,1.14
17/4/2011,10.99,,39.29,9.06,,9.58,5.35,10.45,,,2.62,1.7,,3.65,16.78,17.94,,38.78,,,19.62,,7.85,,9.66,8.72,14.68,1.78,24.25,,11.82,,7.91,1.35,12.96,1.09
18/4/2011,10.98,,39.18,9.06,,9.56,5.44,10.4,,,2.63,1.7,,3.65,16.77,17.92,,38.73,,,19.8,,7.86,,9.63,8.7,14.67,1.78,24.08,,11.81,,7.94,1.38,12.95,1.04
19/4/2011,11.01,,39.21,9.07,,9.98,5.88,10.37,,,2.64,1.7,,4.11,16.99,17.89,,39.09,,,19.96,,7.84,,9.62,8.7,14.68,1.78,24.55,,11.8,,7.95,1.43,12.94,1.02
20/4/2011,11.03,,39.15,9.11,,10.15,5.96,10.36,,,2.64,1.71,,3.92,17.12,17.9,,39.04,,,20.01,,7.87,,9.65,8.72,14.65,1.78,24.55,,11.8,,7.97,1.46,12.95,1.01
21/4/2011,11.03,,39.01,9.15,,10.24,6.02,10.35,,,2.65,1.72,,3.85,17.28,17.9,,39,,,20.08,,7.89,,9.65,8.72,14.69,1.78,24.16,,11.8,,8.02,1.56,12.94,1.2
22/4/2011,11.05,,39.09,9.15,,10.21,6.57,10.34,,,2.65,1.72,,3.81,17.24,17.89,,39.03,,,20.25,,7.89,,9.63,8.72,14.69,1.78,24.23,,11.79,,8.02,1.57,12.94,1.59
23/4/2011,11.02,,38.98,9.15,,9.75,6.22,10.33,,,2.66,1.73,,3.77,17.16,17.87,,38.96,,,20.16,,7.92,,9.68,8.73,14.68,1.78,24.18,,11.79,,8.05,1.83,12.94,1.86
24/4/2011,10.98,,39.08,9.19,,9.42,6.04,10.31,,,2.66,1.74,,3.74,17.03,17.85,,38.57,,,20.17,,7.91,,,8.74,14.65,1.78,24.33,,11.79,,8.11,1.47,12.93,2.04
25/4/2011,10.96,,38.9,9.17,,9.24,5.88,10.27,,,2.65,1.74,,3.72,16.99,17.83,,38.51,,,20.13,,7.88,,,8.74,14.67,1.78,24.33,,11.78,,8.13,1.4,12.9,2.15
26/4/2011,10.96,,38.71,9.15,,9.2,5.73,10.24,,,2.65,1.75,,3.71,16.96,17.83,,38.53,,,20.21,,7.9,,,8.74,14.63,1.78,24.28,,11.77,,8.14,1.43,12.89,2.24
27/4/2011,11,,38.54,9.16,,10.16,5.64,10.2,,,2.66,1.76,,3.72,17.22,17.84,,38.85,,,20.38,,7.95,,,8.74,14.66,1.78,24.36,,11.78,,8.17,1.48,12.86,2.31
28/4/2011,11.04,,38.4,9.19,,10.4,5.52,10.18,,,,1.76,,3.73,17.29,17.84,,38.93,,,20.4,,7.95,,,8.74,14.62,1.78,24.91,,11.78,,8.2,1.45,12.85,2.34
29/4/2011,11.02,,38.53,9.2,,10.51,5.5,10.16,,,,1.76,,3.46,17.26,17.82,,39.05,,,20.41,,7.95,,,8.74,14.61,1.78,24.92,,11.77,,8.23,1.52,12.84,2.41
30/4/2011,11.02,,38.4,9.18,,10.05,5.62,10.13,,,,1.76,,3.63,17.14,17.81,,38.89,,,20.42,,7.96,,,8.73,14.71,1.78,24.46,,11.76,,8.26,1.4,12.82,2.44
1/5/2011,10.97,,38.43,9.15,,9.53,5.32,10.11,,,,1.76,,3.65,17.04,17.77,,38.58,,,20.56,,7.95,,,8.72,14.64,1.78,24.7,,11.76,,8.29,1.35,12.83,2.42
2/5/2011,10.96,,38.86,9.14,,9.47,5.38,10.07,,,,1.78,,3.63,17.01,17.79,,38.53,,,20.53,,7.98,,,8.71,14.58,1.78,24.47,,11.77,,8.34,1.35,12.83,2.35
3/5/2011,10.98,,38.53,9.15,,10.1,5.6,10.05,,,,1.78,,3.62,17.23,17.78,,38.79,,,20.63,,7.99,,,8.71,14.57,1.78,24.43,,11.77,,8.34,1.33,12.83,2.35
4/5/2011,11,,38.61,9.17,,10.4,6.95,10.06,,,,1.8,,3.66,17.37,17.82,,38.67,,,20.88,,8.06,,,8.7,14.44,1.78,24.5,,11.78,,8.4,1.39,12.84,2.36
5/5/2011,11.01,,38.83,9.17,,,,10.08,,,,,,3.66,17.43,17.86,,38.93,,,,,8.1,,,8.72,14.44,1.78,24.55,,,,8.47,1.39,12.86,2.5
6/5/2011,11.02,,38.65,9.16,,,,10.1,,,,,,3.72,17.5,17.92,,39.1,,,,,8.12,,,,14.65,1.78,24.91,,,,8.54,1.46,12.89,2.53
7/5/2011,11.06,,38.67,9.16,,,,10.12,,,,,,3.71,17.4,17.94,,38.97,,,,,8.14,,,,14.67,1.78,24.57,,,,8.57,1.44,12.86,2.52
8/5/2011,11.01,,38.49,9.16,,,,10.13,,,,,,3.68,17.45,17.88,,38.79,,,,,8.13,,,,14.63,1.75,24.6,,,,8.58,1.5,12.85,2.52
9/5/2011,11.01,,38.35,9.19,,10.05,6.42,10.15,,,2.75,1.85,,3.69,17.57,17.95,,38.79,9.08,,22.48,,8.26,,,,14.65,1.75,24.45,,11.9,,8.66,1.4,12.89,2.42
10/5/2011,11.03,,38.45,9.19,,9.86,6.86,10.16,,,2.75,1.86,,3.74,17.86,17.96,,39.17,9.09,,22.04,,8.29,,,8.73,14.61,1.75,24.73,,11.9,,8.72,1.37,12.9,2.32
11/5/2011,11.05,,38.29,9.2,,10.22,7.14,10.17,,,2.76,1.85,,3.73,18.16,17.94,,39.17,9.19,,21.83,,8.29,,,8.73,14.63,1.75,24.64,,11.88,,8.76,1.42,12.91,2.24
12/5/2011,11.1,,38.26,9.25,,10.34,7.23,10.17,,,2.75,1.86,,3.73,18.23,17.98,,39.26,9.18,,21.99,,8.31,,,8.72,14.63,1.75,24.7,,11.87,,8.78,1.46,12.9,2.22
13/5/2011,11.1,,38.14,9.32,,10.51,7.54,10.19,,,2.76,1.87,,,18.18,17.99,,39.38,9.26,,21.84,,8.34,,,8.72,14.63,1.75,24.98,,11.89,,8.85,1.57,12.91,2.25
14/5/2011,11.05,,38.24,9.36,,10.16,7.95,10.22,,,2.77,1.88,,4.23,18.01,17.99,,39.4,9.22,,21.81,,8.39,,,8.73,14.65,1.75,24.96,,11.9,,8.92,1.76,12.94,2.2
15/5/2011,11,,38.17,9.38,,9.73,7.84,10.23,,,2.77,1.87,,3.99,17.81,17.88,,39,9.06,,21.57,,8.38,,,8.69,14.53,1.75,24.83,,11.89,,8.96,1.49,12.94,2.22
16/5/2011,10.98,,38.09,9.39,,9.62,6.54,10.23,,,2.77,1.88,,3.9,17.77,17.91,,38.74,9.02,,21.54,,8.39,,,8.69,14.55,1.75,24.77,,11.91,,9.04,1.43,12.95,2.21
17/5/2011,10.97,,38.14,9.35,,10.57,6.32,10.22,,,2.79,1.89,,3.84,17.94,17.94,,39.16,9.02,,21.54,,8.42,,,8.72,14.62,1.75,24.84,,11.93,,9.09,1.4,12.97,2.19
18/5/2011,11,,37.91,9.32,,10.63,6.44,10.23,,,2.79,1.9,,3.8,17.98,17.93,,39.27,9.03,,21.61,,8.44,,,8.73,14.67,1.75,24.98,,11.95,,9.13,1.46,12.98,2.19
19/5/2011,11.03,,37.81,9.31,,10.8,6.47,10.23,,,2.8,1.91,,3.78,18.05,17.96,,39.35,9.57,,21.75,,8.48,,,8.73,14.64,1.75,24.92,,11.96,,9.18,1.46,12.99,2.18
20/5/2011,11.04,,37.77,9.34,,11.05,6.49,10.24,,,2.8,1.9,,3.77,18.16,17.99,,39.46,9.44,,22.03,,8.53,,,8.74,14.64,1.75,25.29,,11.98,,9.24,1.68,13.01,2.16
21/5/2011,11.06,,37.68,9.39,,10.74,6.31,10.29,,,2.8,1.89,,3.77,18.4,18,,39.45,9.31,,22.37,,8.6,,,8.75,14.62,1.75,25.26,,12.05,,9.31,1.67,13.02,2.15
22/5/2011,11.03,,38.51,9.43,,10.4,6.1,10.32,,,2.79,1.9,,3.8,18.41,18,,39.33,9.31,,22.69,,8.63,,,8.76,14.6,1.75,25.69,,12.13,,9.38,1.59,13.05,2.16
23/5/2011,11.03,,38.26,9.47,,10.37,6.03,10.36,,,2.79,1.91,,3.79,18.27,18,,39.43,9.39,,22.67,,8.68,,,8.77,14.64,1.75,25.65,,12.1,,9.44,1.5,13.08,2.16
24/5/2011,11.05,,37.95,9.54,,11.24,5.98,10.49,,,2.78,1.91,,3.79,18.58,18.08,,39.76,11.92,,23.13,,8.77,,,8.78,14.77,1.75,26.11,,12.13,,9.52,1.52,13.1,2.15
25/5/2011,11.09,,37.81,9.69,,11.63,5.99,10.76,,,2.78,1.91,,3.82,18.59,18.22,,39.67,13.64,,23.35,,8.82,,,8.8,14.7,1.75,26.42,,12.13,,9.6,1.88,13.12,2.14
26/5/2011,11.13,,37.77,9.8,,11.85,5.8,10.79,,,2.78,1.91,,3.82,18.58,18.24,,39.81,12.04,,23.51,,8.92,,,8.81,14.72,1.75,26.99,,12.13,,9.68,1.94,13.15,2.3
27/5/2011,11.18,,37.88,9.85,,12.14,5.71,10.79,,,2.76,1.9,,3.84,18.51,18.18,,39.84,10.87,,22.93,,9.01,,,8.81,14.72,1.62,26.89,,12.11,,9.73,2.1,13.14,2.22
28/5/2011,11.18,,37.99,9.87,,11.71,5.68,10.84,,,2.76,1.92,,4.3,18.42,18.18,,39.71,10.29,,22.58,,9.03,,,8.81,14.68,1.62,26.65,,12.58,,9.8,1.88,13.17,2.51
29/5/2011,11.15,,38.07,9.89,,11.19,5.74,10.84,,,2.76,1.94,,4.08,18.54,18.26,,39.63,10.08,,22.53,,9.08,,,8.81,14.65,1.62,27,,12.49,,9.93,2.06,13.2,2.34
30/5/2011,11.15,,37.97,9.95,,11.12,5.63,10.84,,,2.79,1.93,,4.01,18.67,18.19,,39.62,10.05,,22.59,,9.16,,,8.82,14.71,1.62,27.11,,12.52,,10.02,1.72,13.21,2.24
31/5/2011,11.2,,37.67,9.99,,12.04,5.51,10.86,,,,1.93,,3.97,18.72,18.14,,39.71,9.89,,22.59,,9.3,,,8.83,14.67,1.62,26.9,,12.73,,10.09,1.88,13.22,2.24
1/6/2011,11.2,,37.62,10.01,,12.34,5.55,10.94,,,2.82,1.95,,3.93,18.69,18.11,,39.59,9.76,,22.57,,9.32,,,8.83,14.68,1.62,26.84,,12.76,,10.19,2.05,13.23,2.58
2/6/2011,11.18,,37.58,10.02,,11.83,5.64,10.97,,,2.83,1.97,,3.93,18.57,18.07,,39.49,9.68,,22.54,,9.34,,,8.85,14.83,1.62,26.85,,12.75,,10.31,1.94,13.25,2.73
3/6/2011,11.13,,37.59,10.02,,11.63,5.85,11,,,2.83,1.98,,3.92,18.47,18.04,,39.33,9.67,,22.53,,9.36,,,8.88,14.8,1.62,26.63,,12.39,,10.4,2.09,13.28,2.6
4/6/2011,11.09,,37.55,10.03,,11.52,5.9,11.06,,,2.81,1.98,,3.83,18.5,18.01,,39.34,9.61,,22.51,,9.4,,,8.89,14.83,1.62,26.51,,12.32,,10.49,2.18,13.31,2.49
5/6/2011,11.06,,37.44,10.07,,11.28,6.06,11.07,,,2.79,1.98,,3.84,18.39,17.95,,39.25,9.58,,22.45,,9.41,,,8.9,14.81,1.62,26.21,,12.29,,10.59,2.04,13.31,2.45
6/6/2011,11.06,,37.44,10.02,,11.22,5.98,11.06,,,2.76,1.97,,3.85,18.31,17.93,,40.91,9.56,,22.44,,9.39,,,8.88,14.84,1.62,25.94,,12.28,,10.67,1.9,13.33,2.4
7/6/2011,11.07,,37.41,9.94,,11.82,5.55,11.05,,,2.74,1.94,,3.93,18.35,17.9,,40.93,9.51,,22.37,,9.39,,,8.86,14.88,1.62,25.67,,12.26,,10.75,1.72,13.32,2.4
8/6/2011,11.08,,37.35,9.88,,12.02,5.43,11.05,,,2.74,1.94,,3.86,18.3,17.91,,40.72,9.47,,22.34,,9.31,,,8.86,14.81,1.62,25.87,,12.26,,10.82,1.68,13.33,2.41
9/6/2011,11.07,,37.15,9.81,,12.19,5.47,11.06,,,2.76,1.95,,3.85,18.3,17.91,,40.91,9.5,,22.3,,9.28,,,8.87,14.84,1.62,25.75,,12.26,,10.91,1.84,13.35,2.43
10/6/2011,11.07,,37.84,9.76,,12.34,5.52,11.1,,,2.74,1.92,,3.85,18.29,17.91,,40.96,9.48,,22.29,,9.25,,,,14.84,1.63,25.41,,12.25,,11.01,1.92,13.37,2.46
11/6/2011,11.09,,37.77,9.73,,11.59,5.47,11.11,,,2.75,1.92,,3.85,18.2,17.89,,40.84,9.48,,22.26,,9.23,,,,14.85,1.63,25.31,,12.25,,11.11,2.18,13.38,2.51
12/6/2011,11.08,,37.5,9.71,,11.16,5.55,11.11,,,2.74,1.93,,3.85,18.14,17.89,,40.55,9.47,,22.28,,9.18,,,,14.84,1.63,25.31,,12.24,,11.2,1.91,13.39,2.56
13/6/2011,11.07,,37.51,9.69,,11.12,5.42,11.12,,,2.78,1.94,,3.85,18.13,17.88,,40.72,9.46,,22.26,,9.19,,,,14.84,1.63,25.19,,12.24,,11.28,2.16,13.4,2.6
14/6/2011,11.1,,37.37,9.69,,11.52,5.5,11.14,,,2.8,1.95,,3.85,18.23,17.89,,40.94,9.46,,22.26,,9.19,,,8.91,14.86,1.63,25.47,,12.24,,11.36,1.98,13.41,2.64
15/6/2011,11.09,,37.11,9.68,,11.69,5.73,11.21,,,2.8,1.96,,3.88,18.28,17.92,,40.77,9.44,,22.28,,9.16,,,8.92,14.87,1.63,25.15,,12.25,,11.46,2.12,13.42,2.72
16/6/2011,11.09,,36.98,9.69,,11.73,5.75,11.32,,,2.79,1.95,,4.44,18.28,17.93,,40.79,9.49,,22.31,,9.17,,,8.94,14.87,1.63,25.1,,12.25,,11.56,1.98,13.44,2.9
17/6/2011,11.17,,37.06,9.7,,11.87,5.98,11.92,,,2.79,1.95,,4.34,18.29,17.95,,40.98,9.5,,22.4,,9.19,,,8.96,14.86,1.63,25.07,,12.26,,11.67,2.67,13.44,2.99
18/6/2011,11.14,,37.02,9.78,,11.68,6.01,12.37,,,2.78,1.95,,4.18,18.25,17.9,,40.88,9.54,,22.46,,9.15,,,8.97,14.85,1.63,25.04,,12.25,,11.78,2.39,13.45,3.17
19/6/2011,11.11,,36.99,9.93,,11.4,5.99,12.6,,,2.77,1.95,,4.05,18.19,17.92,,40.84,9.53,,22.58,,9.11,,,8.97,14.84,1.63,25.33,,12.24,,11.88,2.69,13.45,3.35
20/6/2011,11.11,,37.1,10.03,,11.39,6.21,12.76,,,2.78,1.98,,4.03,18.3,17.99,,41.1,9.64,,22.6,,9.17,,,8.99,14.86,1.63,25.35,,12.31,,12.02,2.12,13.51,3.5
21/6/2011,11.15,,37.13,10.1,,12.33,6.36,12.8,,,2.78,1.99,,4.19,18.5,18.03,,41.28,9.69,,23.54,,9.21,,,9.01,14.86,1.63,25.19,,12.32,,12.13,3.1,13.54,3.61
22/6/2011,11.23,,37.13,10.22,,12.64,6.48,13,,,2.78,1.98,,4.27,18.7,18.04,,41.27,9.64,,23.34,,9.24,,,9.02,14.87,1.63,25.36,,12.33,,12.26,2.96,13.57,3.68
23/6/2011,11.28,,37.01,10.35,,13.03,6.59,13.1,,,2.8,1.98,,4.25,18.73,18.06,,41.36,9.62,,23.53,,9.27,,,9.03,14.83,1.63,25.67,,12.33,,12.37,3.21,13.67,3.75
24/6/2011,11.27,,36.81,10.43,,13.2,6.45,13.15,,,2.79,1.98,,4.12,18.82,18.04,,41.51,9.65,,23.77,,9.29,,,,14.78,1.63,25.55,,12.34,,12.5,3.02,13.77,3.83
25/6/2011,11.27,,36.93,10.49,,12.94,6.57,13.19,,,2.8,2,,4.1,18.89,18.07,,41.65,9.81,,24.3,,9.31,,,,14.8,1.63,25.42,,12.38,,12.62,3.15,13.79,
26/6/2011,11.25,,36.92,10.54,,12.56,6.68,13.24,,,2.8,2.02,,4.03,18.93,18.12,,41.4,10.17,,24.19,,9.35,,,,14.87,1.63,25.27,,12.41,,12.76,2.6,13.81,
27/6/2011,11.24,,36.89,10.58,,12.54,6.69,13.34,,,2.79,2.02,,,18.93,18.18,,41.35,10.46,,24.11,,9.39,,,,14.87,1.63,25.38,,12.44,,12.87,2.49,13.83,5.19
28/6/2011,11.31,,36.79,10.63,,13.36,6.97,13.41,,,2.78,2.02,,4.42,19.23,18.19,,41.61,10.49,,25.57,,9.41,,,,14.92,1.63,25.7,,12.49,,12.95,2.77,13.84,4.84
29/6/2011,11.36,,36.82,10.71,,13.53,7.09,13.47,,,2.78,2.03,,4.29,19.26,18.24,,41.61,10.45,,24.84,,9.45,,,,14.92,1.63,26.2,,12.6,,13.07,3.04,13.85,4.72
30/6/2011,11.38,,36.76,10.74,,13.75,6.81,13.54,,,2.78,2.04,,4.16,19.08,18.21,,41.51,10.19,,24.05,,9.43,,,,14.95,1.63,26,,12.5,,13.2,3.52,13.88,4.68
1/7/2011,11.38,,36.75,10.75,,14.07,6.47,13.55,,,2.79,2.05,,4.09,19.05,18.17,,41.52,10.03,,23.87,,9.47,,,,14.91,1.63,25.98,,12.48,,13.29,2.9,13.9,4.66
2/7/2011,11.34,,36.77,10.74,,13.21,6.48,13.57,,,2.79,2.05,,4.06,18.91,18.11,,41.42,9.94,,23.81,,9.46,,,,14.91,1.63,25.88,,12.45,,13.4,2.88,13.93,4.66
3/7/2011,11.31,,36.89,10.71,,12.77,6.56,13.62,,,2.79,2.07,,4.05,18.84,18.1,,41.28,9.94,,24.01,,9.46,,,,14.91,1.63,26.38,,12.44,,13.48,2.81,13.94,4.66
4/7/2011,11.3,,37,10.68,,12.77,6.62,13.62,,,2.81,2.09,,4.03,18.86,18.13,,41.47,10.11,,24.83,,9.59,,,,14.91,1.63,26.2,,12.44,,13.59,3.1,13.97,4.7
5/7/2011,11.34,,37.35,10.67,,13.56,6.96,13.67,,,2.82,2.09,,4,19.02,18.13,,41.6,10.08,,24.51,,9.63,,,,14.92,1.63,26.34,,12.44,,13.66,3.13,13.99,
6/7/2011,11.36,,37.66,10.69,,13.71,6.57,13.68,,,2.82,2.1,,4,19.03,18.2,,41.54,10.32,,25.75,,9.67,,,,14.92,1.63,26.3,,12.44,,13.73,3.16,14.01,4.78
7/7/2011,11.38,,37.66,10.76,,13.83,6.68,13.74,,,2.84,2.12,,4,19.23,18.29,,41.64,10.59,,26.22,,9.79,,,,14.94,1.63,26.32,,12.45,,13.81,3.03,14.02,4.81
8/7/2011,11.42,,37.91,10.89,,14.15,6.89,13.86,,,2.85,2.14,,,19.41,18.34,,41.88,10.56,,26.65,,9.91,,,,14.94,1.63,26.7,,12.46,,13.91,3.41,14.05,4.85
9/7/2011,11.46,,38.18,11.06,,13.93,7.08,13.9,,,2.87,2.16,,4.51,19.66,18.41,,42.03,10.67,,26.41,,9.96,,,,14.93,1.63,26.64,,12.51,,13.99,3.7,14.09,4.88
10/7/2011,11.39,,38.28,11.2,,13.59,7.28,13.98,,,2.88,2.17,,4.29,19.76,18.44,,41.71,10.81,,26.18,,10.01,,,,14.94,1.63,26.96,,12.52,,14.12,3.53,14.13,4.91
11/7/2011,11.38,,38.61,11.32,,13.59,7.38,13.98,,,2.88,2.18,,4.23,19.78,18.42,,41.72,10.89,,26.43,,10.05,,,,14.92,1.63,26.94,,12.55,,14.19,3.56,14.16,4.97
12/7/2011,11.4,,38.84,11.35,,14.49,7.4,13.87,,,2.89,2.2,,4.18,19.85,18.5,,41.98,11.3,,26.62,,10.19,,,,14.95,,26.92,,12.7,,14.29,4.05,14.2,4.96
13/7/2011,11.47,,39.34,11.44,,14.98,7.76,13.59,,,2.89,2.21,,4.14,19.99,18.56,,42.12,11.81,,27.06,,10.25,,,,14.94,,27.32,,12.76,,14.38,3.74,14.22,4.88
14/7/2011,11.52,,39.39,11.48,,15.25,7.56,13.9,,,2.89,2.22,,4.12,20.09,18.58,,42.22,11.81,,27.1,,10.36,,,,14.94,,27.38,,12.73,,14.47,4.13,14.25,4.86
15/7/2011,11.55,,39.46,11.49,,15.56,7.49,14.03,,,2.9,2.24,,4.12,20.1,18.64,,42.37,11.59,,27.43,,10.44,,,,14.94,,27.48,,12.69,,14.58,3.83,14.31,4.89
16/7/2011,11.56,,39.22,11.53,,15.71,8.18,14.12,,,2.91,2.25,,4.14,20.13,18.69,,42.32,11.37,,27.01,,10.47,,,,15.02,,27.57,,12.74,,14.67,4.16,14.35,4.97
17/7/2011,11.56,,39.02,11.59,,14.93,7.67,14.24,,,2.83,2.22,,4.1,20.13,18.63,,41.95,11.04,,26.51,,10.49,,,,15.01,,27.42,,12.69,,14.77,3.91,14.4,5
18/7/2011,11.53,,38.94,11.69,,14.99,7.7,14.24,,,2.88,2.23,,,19.98,18.62,,41.96,10.89,,26.26,,10.52,,,,15.02,,27.35,,12.68,,14.85,3.84,14.43,4.95
19/7/2011,11.54,,39.17,11.75,,15.69,7.89,14.25,,,2.91,2.28,,,20.36,19.55,,42.2,10.74,,26.53,,10.64,,,,15.03,,27.44,,12.69,,14.93,3.96,14.48,4.97
20/7/2011,11.56,,39.4,11.65,,15.79,7.39,14.26,,,2.91,2.29,,4.43,20.19,19.53,,41.99,10.72,,25.86,,10.64,,,,15.02,,,,12.68,,15.02,4.18,14.52,5.07
21/7/2011,11.52,,39.45,11.51,,16.35,7.44,14.28,,,2.93,2.31,,4.38,20.2,19.51,,42.46,10.74,,25.81,,10.75,,,,15.04,,,,12.72,,15.09,4.36,14.57,5.16
22/7/2011,11.52,,39.6,11.45,,16.64,7.24,14.29,,,2.95,2.33,,4.28,20.35,19.02,,42.5,10.79,,26.01,,10.83,,,,15.05,,,,12.75,,15.19,3.92,14.61,5.23
23/7/2011,11.49,,40.07,11.44,,15.42,7.26,14.47,,,2.95,2.33,,4.23,20.32,18.92,,42.55,10.72,,25.91,,10.9,,,,15.05,,,,12.84,,15.3,4.71,14.65,5.26
24/7/2011,11.44,,40.23,11.43,,14.52,7.26,14.65,,,2.95,2.31,,4.16,19.92,18.75,,42.33,10.61,,25.78,,10.93,,,,15,,,,12.79,,15.39,4.39,14.69,5.3
25/7/2011,11.4,,40.26,11.37,,14.41,6.95,14.69,,,2.96,2.31,,4.14,19.86,18.77,,42.31,10.65,,25.75,,10.97,,,,14.99,,,,12.8,,15.44,4.39,14.73,5.28
26/7/2011,11.4,,40.06,11.29,,14.85,7.04,14.67,,,2.99,2.33,,4.14,19.96,18.8,,42.46,10.57,,25.87,,10.98,,,,15.06,,,,12.81,,15.51,4.04,14.76,5.1
27/7/2011,11.46,,40.01,11.2,,15.65,7.86,14.66,,,3.01,2.36,,4.19,19.93,18.87,,42.62,10.5,,25.9,,11.07,,,,15.08,,,,12.83,,15.59,4.31,14.81,4.95
28/7/2011,11.49,,40.13,11.09,,15.15,7.93,14.65,,,3.02,2.35,,4.2,19.91,18.83,,42.74,10.5,,25.94,,11.13,,,,15.1,,,,12.82,,15.65,4.18,14.82,4.85
29/7/2011,11.51,,40.49,11,,15.03,8.34,14.68,,,3.04,2.37,,4.69,20.01,19.12,,42.77,10.52,,27,,11.18,,,,15.09,,,,12.9,,15.71,4.21,14.84,4.75
30/7/2011,11.51,,40.81,10.95,,14.24,8.26,14.71,,,3.05,2.38,,4.46,20.01,19.09,,42.63,10.57,,27.09,,11.32,,,,15.09,,,,12.94,,15.76,4.25,14.86,4.71
31/7/2011,11.45,,41.14,10.94,,13.78,8.07,14.72,,,3.07,2.39,,4.34,20.06,19.23,,42.52,10.72,,27.1,,11.4,,,,15.06,,,,12.92,,15.82,4.35,14.88,4.7
1/8/2011,11.44,,41.05,10.97,,13.74,7.98,14.75,,,3.08,2.41,,4.31,20.11,19.22,,42.51,10.95,,28.31,,11.43,,,,15.06,,,,12.96,,15.89,4.31,14.9,4.71
2/8/2011,11.45,,40.94,10.92,,14.57,8.3,14.79,,,3.09,2.42,,4.37,20.27,19.27,,42.65,11.01,,28.29,,11.52,,,,15.1,,,,13.15,,15.96,4.43,14.94,4.69
3/8/2011,11.55,,41.05,10.89,,15,8.16,14.81,,,3.09,2.43,,4.37,20.55,19.33,,42.8,11.02,,27.91,,11.61,,,,15.11,,,,13.25,,16.03,4.36,14.98,4.69
4/8/2011,11.55,,41.06,10.89,,15.25,7.93,14.84,,,3.1,2.43,,4.4,20.55,19.73,,42.68,11.02,,27.58,,11.64,,,,15.14,,,,13.22,,16.11,4.58,15,4.66
5/8/2011,11.56,,41.07,10.92,,15.4,7.95,14.91,,,3.11,2.44,,4.42,20.6,19.8,,42.68,11.43,,27.79,,11.78,,,,15.13,,,,13.15,,16.18,4.78,15.03,4.64
6/8/2011,11.61,,41.42,10.98,,14.92,8.24,14.95,,,3.12,2.45,,4.39,20.64,19.23,,42.58,11.33,,27.86,,11.84,,,,15.15,,,,13.15,,16.25,4.53,15.07,4.63
7/8/2011,11.6,,41.79,11.07,,14.2,8.13,15.06,,,3.12,2.45,,4.35,20.58,19.12,,42.51,11.02,,27.59,,11.9,,,,15.13,,,,,,16.29,4.18,15.1,4.59
8/8/2011,11.59,,41.83,11.15,,14.1,8.52,15.09,,,3.13,2.46,,4.77,20.53,19.14,,42.44,10.97,,27.65,,11.94,,,,15.12,,,,13.33,,16.37,4.86,15.14,4.64
9/8/2011,11.58,,41.95,11.22,,14.06,8.17,15.09,,,3.14,2.48,,4.55,20.76,19.3,,42.43,11.1,,28.14,,12.04,,,,15.1,,19.98,,13.37,,16.43,4.68,15.18,4.73
10/8/2011,11.61,,41.62,11.35,,14.12,8.41,15.11,,,3.15,2.49,,4.46,20.7,19.38,,42.44,11.47,,28.17,,12.09,,,,15.07,,20.11,,13.48,,16.51,4.8,15.24,4.75
11/8/2011,11.59,,41.82,11.4,,14.31,8.57,15.14,,,3.15,2.49,,4.37,20.79,19.34,,42.51,11.47,,28.07,,12.15,,,,15.06,,20.08,,13.46,,16.57,5.06,15.29,4.75
12/8/2011,11.6,,41.8,11.45,,14.44,9.34,15.17,,,3.16,2.49,,4.36,20.83,19.26,,42.46,11.29,,28.11,,12.21,,,,15.1,,19.96,,13.44,,16.62,5.03,15.31,4.76
13/8/2011,11.61,,41.9,11.48,,14,8.97,15.19,,,3.16,2.49,,4.34,20.9,19.22,,42.43,11.23,,28.07,,12.21,,,,15.11,,19.96,,13.51,,16.68,5.17,15.34,4.78
14/8/2011,11.56,,42.18,11.61,,13.89,8.75,15.2,,,3.17,2.5,,4.9,20.98,19.2,,42.45,11.2,,28.25,,12.34,,,,15.12,,20.25,,13.52,,16.76,5.2,15.38,4.83
15/8/2011,11.53,,42,11.66,,13.75,8.86,15.27,,,3.17,2.51,,4.61,20.9,19.17,,42.43,11.11,,27.94,,12.39,,,,15.12,,20.27,,13.46,,16.82,5.17,15.42,4.86
16/8/2011,11.53,,42.17,11.7,,13.66,8.88,15.29,,,3.18,2.52,,4.48,20.89,19.24,,42.41,11.09,,27.84,,12.5,,,,15.1,,20.31,,13.48,,16.89,5.36,15.49,4.91
17/8/2011,11.56,,42.08,11.71,,13.59,9.29,15.3,,,3.19,2.52,,4.4,21.04,19.36,,42.47,11.28,,28.37,,12.58,,,,15.13,,26.51,,13.45,,16.95,5.3,15.53,4.94
18/8/2011,11.58,,42.37,11.73,,13.52,9.07,15.33,,,3.2,2.53,,4.36,21.11,19.43,,42.59,11.25,,28.45,,12.65,,,,15.17,,26.6,,13.48,,17.02,5.59,15.57,4.99
19/8/2011,11.61,,42.6,11.74,,13.65,9.13,15.38,,,3.21,2.54,,4.35,21.29,19.4,,42.59,11.28,,28.45,,12.8,,,,15.16,,26.86,,13.48,,17.1,5.31,15.61,5.06
20/8/2011,11.61,,42.42,11.77,,13.77,9.27,15.39,,,3.22,2.55,,4.36,21.25,19.44,,42.59,11.25,,28.43,,12.85,,,,15.18,,27.3,,13.48,,17.17,5.59,15.66,5.13
21/8/2011,11.59,,42.9,11.81,,13.65,9.22,15.42,,,3.22,2.55,,5.01,21.53,19.5,,42.65,11.31,,28.56,,12.87,,,,15.2,,27.2,,13.52,,17.26,5.59,15.72,5.14
22/8/2011,11.59,,42.7,11.82,,13.6,9.82,15.47,,,3.22,2.55,,4.8,21.41,19.52,,42.67,11.24,,28.35,,12.98,,,,15.2,,27.42,,13.6,,17.33,5.69,15.77,5.2
23/8/2011,11.59,,43,11.84,,13.95,9.77,15.46,,,3.23,2.55,,4.74,21.62,19.8,,42.93,11.22,,28.19,,13.13,,,,15.23,,27.8,,13.71,,17.41,5.48,15.82,5.28
24/8/2011,11.57,,42.58,11.87,,14.15,10.27,15.5,,,3.23,2.55,,4.68,21.64,19.68,,43.06,11.31,,28.31,,13.2,,,,15.24,,27.58,,13.78,,17.48,5.41,15.86,5.47
25/8/2011,11.55,,42.61,11.87,,14.21,10.09,15.51,,,3.23,2.55,,4.64,21.89,19.7,,43.37,11.33,,28.35,,13.28,,,,15.23,,27.62,,13.73,,17.57,5.93,15.91,5.72
26/8/2011,11.54,,42.85,11.9,,14.18,9.76,15.57,,,3.24,2.55,,4.63,21.95,19.83,,43.53,11.35,,28.31,,13.35,,,,15.26,,27.04,,13.75,,17.65,6.2,15.97,5.87
27/8/2011,11.52,,43.05,11.94,,14.08,9.59,15.66,,,3.24,2.55,,4.55,21.85,19.8,,43.71,11.31,,28.21,,13.45,,,,15.3,,26.96,,13.72,,17.73,5.91,16,6.03
28/8/2011,11.52,,42.88,11.97,,13.9,9.24,15.72,,,3.26,2.57,,4.52,21.9,19.76,,43.52,11.28,,28.15,,13.51,,,,15.24,,26.95,,13.71,,17.82,6.44,16.07,6.2
29/8/2011,11.52,,43.02,12.05,,13.89,9.17,15.72,,,3.25,2.55,,5.11,21.9,19.86,,43.44,11.25,,28.32,,13.58,,,,15.32,,27.13,,13.7,,17.88,5.77,16.12,6.31
30/8/2011,11.55,,42.93,12.13,,14.98,9.68,15.76,,,3.26,2.55,,4.99,22.2,19.84,,43.83,11.27,,28.22,,13.69,,,,15.31,,26.91,,13.73,,17.96,6.19,16.15,6.43
31/8/2011,11.57,,42.86,12.15,,15.01,8.97,15.85,,,3.26,2.55,,4.9,22.22,19.87,,44.13,11.24,,28.48,,13.79,,,,15.24,,27.02,,13.76,,18.04,6.31,16.19,9.42
1/9/2011,11.63,,42.69,12.18,,15,8.51,15.97,,,3.27,2.55,,4.84,22.41,19.95,,44.17,11.24,,28.36,,14.11,,,,15.26,,27.09,,13.77,,18.12,6.45,16.23,10.17
2/9/2011,11.7,,42.69,12.19,,15.27,8.85,15.99,,,3.28,2.55,,4.81,22.42,19.93,,44.16,11.25,,28.22,,14.05,,,,15.25,,26.67,,13.81,,18.21,6.33,16.26,10.6
3/9/2011,11.73,,42.72,12.21,,14.73,8.69,16.01,,,3.29,2.55,,4.71,22.28,19.82,,43.97,11.24,,28.15,,14.13,,,,15.27,,26.64,,13.87,,18.29,6.33,16.29,10.95
4/9/2011,11.69,,42.76,12.26,,14.04,8.23,16.04,,,3.29,2.54,,4.59,22.14,19.78,,43.67,11.17,,28.11,,14.17,,,,15.31,,26.35,,13.81,,18.4,6.31,16.33,11.24
5/9/2011,11.68,,42.67,12.21,,14,7.82,16.09,,,3.29,2.54,,4.57,22.01,19.78,,43.7,11.14,,28.11,,14.18,,,,15.3,,23.9,,13.81,,18.48,5.86,16.36,11.79
6/9/2011,11.6,,43.2,12.12,,14.4,7.66,16.09,,,3.28,2.52,,4.67,21.95,19.79,,43.86,11.1,,28.1,,14.2,,,,15.28,,23.93,,13.84,,18.57,5.55,16.41,12.14
7/9/2011,11.58,,43.02,12.06,,14.27,7.7,16.13,,,3.28,2.51,,5.01,21.9,19.75,,43.55,11.09,,28.06,,14.23,,,,15.33,,23.9,,13.82,,18.64,5.97,16.43,12.36
8/9/2011,11.58,,43.05,12.03,,14.59,7.74,16.13,,,3.29,2.5,,4.92,21.87,19.76,,44.12,11.07,,28.06,,14.28,,,,15.43,,24.11,,13.82,,18.72,6.04,16.45,12.58
9/9/2011,11.62,,43.06,12.04,,14.74,8.73,16.14,,,3.31,2.5,,4.81,,19.78,,44.35,11.07,,28.07,,14.37,,,,15.44,,23.73,,13.83,,18.79,6.18,16.48,12.55
10/9/2011,11.64,,43.51,12.05,,14.27,7.76,16.18,,,3.31,2.51,,4.72,,19.85,,44.43,11.07,,28.11,,14.43,,,,15.39,,23.9,,13.86,,18.88,6.1,16.52,12.54
11/9/2011,11.62,,43.36,12.13,,13.82,7.34,16.2,,,3.32,2.5,,4.58,,19.84,,43.94,11.07,,28.13,,14.51,,,,15.38,,23.66,,13.89,,18.98,6.38,16.56,12.55
12/9/2011,11.63,,43.76,12.12,,13.82,7.24,16.18,,,3.32,2.5,,4.56,,19.85,,43.91,11.06,,28.21,,14.55,,,,15.39,,23.99,,13.89,,19.05,6.01,16.58,12.91
13/9/2011,11.69,,43.65,12.14,,14.61,7.16,16.19,,,3.33,2.5,,4.59,,19.91,,44.19,11.09,,28.41,,14.66,,,,15.38,,23.82,,13.92,,19.16,5.99,16.63,13.23
14/9/2011,11.71,,43.7,12.14,,15.03,7.11,16.23,,,3.33,2.5,,4.7,,19.93,,44.39,11.08,,28.43,,14.73,,,,15.4,,23.82,,13.93,,19.23,6.05,16.65,13.44
15/9/2011,11.7,,43.66,12.18,,15.05,7.05,16.33,,,3.34,2.51,,4.67,,19.97,,44.47,11.07,,28.33,,14.83,,,,15.38,,23.95,,13.97,,19.32,6,16.69,13.63
16/9/2011,11.69,,43.78,12.15,,15.18,7.19,16.34,,,3.34,2.51,,4.81,,19.98,,44.66,11.11,,28.3,,14.9,,,,15.41,,23.56,,14,,19.42,5.93,16.73,13.75
17/9/2011,11.7,,43.88,12.13,,14.65,7.06,16.38,,,3.35,2.5,,5.12,,19.96,,44.48,11.13,,28.3,,14.97,,,,15.45,,23.45,,13.99,,19.51,6.24,16.75,13.69
18/9/2011,11.7,,44.19,12.11,,13.99,6.92,16.36,,,3.34,2.49,,4.79,,19.93,,44.06,11.07,,28.27,,15.01,,,,15.5,,23.37,,13.97,,19.61,5.85,16.75,13.66
19/9/2011,11.68,,44.3,12.12,,13.91,6.58,16.34,,,3.34,2.48,,4.77,,19.94,,44.06,11.07,,28.28,,15.04,,,,15.4,,23.48,,13.97,,19.68,5.85,16.74,11.83
20/9/2011,11.67,,44.31,12.04,,14.35,6.46,16.33,,,3.36,2.51,,4.77,,20.01,,44.4,11.1,,28.34,,15.12,,,,15.39,,23.42,,14.02,,19.76,5.38,16.77,11
21/9/2011,11.67,,44.18,11.97,,14.55,6.49,16.32,,,3.36,2.51,,4.8,,20.07,,44.45,11.11,,28.35,,15.13,,,,15.4,,23.55,,14.05,,19.81,5.23,16.78,10.68
22/9/2011,11.66,,44.07,11.89,,14.64,6.38,16.32,,,3.36,2.51,,4.79,,20.07,,44.56,11.1,,28.35,,15.17,,,,15.38,,23.43,,14.07,,19.86,5.05,16.79,10.56
23/9/2011,11.65,,44.07,11.83,,14.64,6.29,16.33,,,3.36,2.51,,4.79,,20.09,,44.57,11.12,,28.37,,15.22,,,,15.42,,23.45,,14.07,,19.92,4.94,16.79,10.5
24/9/2011,11.68,,43.91,11.81,,13.98,6.23,16.36,,,3.37,2.51,,4.7,,20.1,,44.63,11.13,,28.38,,15.29,,,,15.46,,23.34,,14.09,,19.98,5.03,16.81,10.48
25/9/2011,11.66,,43.74,11.8,,13.54,6.12,16.4,,,3.38,2.51,,5.2,,20.13,,44.31,11.13,,28.44,,15.35,,,,15.51,,23.57,,14.11,,20.05,5.08,16.82,10.48
26/9/2011,11.66,,43.81,11.81,,13.69,6.13,16.44,,,3.39,2.51,,5.03,,20.17,,44.24,11.14,,28.53,,15.42,,,,15.52,,23.33,,14.14,,20.09,5.95,16.84,10.54
27/9/2011,11.67,,44.12,11.82,,14.32,6.13,16.48,,,3.39,2.52,,4.96,,20.21,,44.71,11.17,,28.52,,15.5,,,,15.53,,23.48,,14.16,,20.12,5.8,16.87,10.97
28/9/2011,11.66,,44.22,11.83,,14.57,6.09,16.51,,,3.4,2.51,,4.91,,20.23,,44.77,11.17,,28.63,,15.58,,,,15.55,,23.31,,14.17,,20.17,5.93,16.89,11.21
29/9/2011,11.67,,44.28,11.77,,14.64,6,16.55,,,3.4,2.51,,4.84,,20.24,,44.93,11.19,,28.58,,15.66,,12.51,,15.5,,23.29,,14.2,,20.23,5.33,16.91,11.35
30/9/2011,11.68,,44.39,11.73,,14.75,5.99,16.58,,,3.4,2.51,,5.45,,20.26,,44.98,11.2,,28.57,,15.74,,12.51,,15.49,,23.2,,14.22,,20.25,5.7,16.92,11.48
1/10/2011,11.69,,44.4,11.73,,14.17,6.01,16.65,,,3.41,2.51,,5.02,,20.31,,44.9,11.2,,28.59,,15.81,,12.54,,15.49,,23.23,,14.23,,20.29,6.1,16.93,11.31
2/10/2011,11.66,,44.31,11.77,,13.72,6.01,16.71,,,3.41,2.51,,4.81,,20.31,,44.4,11.2,,28.61,,15.88,,12.55,,15.48,,23.19,,14.24,,20.35,6.13,16.95,11.34
3/10/2011,11.65,,44,11.81,,13.66,6.01,16.75,,,3.41,2.51,,4.8,,20.31,,44.37,11.2,,28.62,,15.95,,12.55,,15.53,,23.23,,14.26,,20.38,6.26,16.96,11.39
4/10/2011,11.63,,43.96,11.8,,14.36,6.07,16.8,,,3.41,2.5,,4.8,,20.32,,44.67,11.23,,28.65,,16.04,,12.57,,15.56,,23.19,,14.27,,20.43,6.14,16.97,11.41
5/10/2011,11.64,,44.22,11.74,,14.58,8.81,16.86,,,3.42,2.5,,4.77,,20.36,,44.98,11.22,,28.68,,16.09,,12.6,,15.59,,23.11,,14.28,,20.48,6.38,16.99,11.46
6/10/2011,11.69,,44.16,11.68,,14.76,8.63,16.86,,,3.42,2.49,,4.74,,20.34,,45.24,11.28,,28.69,,16.18,,12.59,,15.6,,23.48,,14.3,,20.55,6.22,17,11.46
7/10/2011,11.68,,44.35,11.64,,14.77,8.29,16.83,,,3.41,2.47,,4.71,,20.32,,45.23,11.38,,28.67,,16.07,,12.55,,15.57,,,,14.27,,20.59,6.47,16.98,11.58
8/10/2011,11.63,,44.47,11.57,,14.19,8.13,16.84,,,3.41,2.48,,4.64,,20.36,,44.97,11.31,,28.74,,16.13,,12.6,,15.64,,,,14.31,,20.63,6.31,17.01,11.5
9/10/2011,11.61,,44.39,11.51,,13.65,8.06,16.86,,,3.42,2.49,,4.57,,20.37,,44.65,11.3,,28.77,,16.18,,12.63,,15.6,,,,14.32,,20.68,6.2,17.02,11.52
10/10/2011,11.61,,44.6,11.43,,13.59,8.05,16.9,,,3.42,2.5,,,,20.4,,44.66,11.3,,28.82,,16.25,,12.62,,15.59,,,,14.36,,20.72,5.77,17.08,11.5
11/10/2011,11.64,,44.54,11.37,,14.51,8.01,16.92,,,3.43,2.5,,5.11,,20.43,,44.97,11.31,,28.84,,16.16,,12.67,,15.56,,,,14.36,,20.76,5.8,17.19,11.49
12/10/2011,11.63,,44.64,11.31,,14.65,8.03,16.93,,,3.43,2.49,,4.93,,20.43,,44.81,11.57,,28.98,,16.24,,12.65,,15.55,,,,14.38,,20.81,6.35,17.27,11.49
13/10/2011,11.62,,44.5,11.3,,14.72,7.95,16.97,,,3.44,2.5,,4.89,,20.45,,45.11,11.77,,,,16.31,,12.68,,15.56,,,,14.39,,20.87,6.37,17.3,11.58
14/10/2011,11.67,,44.63,11.3,,14.96,7.35,17.02,,,3.45,2.51,,4.83,,20.5,,45.3,11.88,,28.98,,16.36,,12.73,,15.57,,,,14.43,,20.91,6.37,17.32,11.76
15/10/2011,11.64,,44.81,11.31,,14.33,6.8,16.42,,,3.45,2.52,,4.7,,20.52,,45.19,,,28.98,,16.42,,12.73,,15.56,,,,14.47,,20.95,6.6,17.33,11.91
16/10/2011,11.62,,44.95,11.29,,13.76,6.66,15.95,,,3.46,2.52,,4.61,,20.52,,44.93,,,28.98,,16.46,,12.73,,15.57,,,,14.47,,21,6.29,17.34,11.76
17/10/2011,11.62,,44.49,,,13.7,6.79,15.75,,,3.46,2.52,,4.6,,20.53,,44.97,,,29,,16.52,,12.69,,15.59,,,,14.48,,21.04,6.57,17.35,11.6
18/10/2011,11.63,,44.45,,,14.36,7.62,15.65,,,3.47,2.52,,5.03,,20.54,,45.21,,,29.02,,16.59,,12.68,,15.67,,,,14.49,,21.08,6.61,17.37,11.53
19/10/2011,11.62,,44.84,,,14.57,6.93,16.08,,,3.47,2.52,,4.91,,20.53,,44.74,,,29.04,,16.64,,12.65,,15.57,,,,14.5,,21.13,6.72,17.37,11.5
20/10/2011,11.61,,44.7,,,14.68,6.61,16.5,,,3.43,2.5,,4.82,,20.52,,44.93,,,29.04,,16.69,,12.65,,15.46,,,,14.49,,21.17,6.51,17.36,11.54
21/10/2011,11.6,,44.8,,,14.49,6.44,16.74,,,3.43,2.5,,4.76,,20.58,,45.1,,,29.09,,16.62,,12.69,,15.44,,,,14.5,,21.22,6.68,17.38,11.59
22/10/2011,11.6,,44.65,,,13.88,6.18,16.9,,,3.44,2.5,,4.65,,20.58,,45.04,,,29.11,,16.54,,12.69,,15.46,,,,14.51,,21.25,6.55,17.39,11.6
23/10/2011,11.58,,44.7,,,13.38,5.97,16.99,,,3.45,2.5,,4.56,,20.58,,44.71,,,29.11,,16.47,,12.69,,15.48,,,,14.52,,21.29,6.61,17.4,11.61
24/10/2011,11.57,,44.64,,,13.37,5.79,17.05,,,3.47,2.51,,4.54,,20.58,,44.61,,,29.13,,16.41,,12.66,,15.48,,,,14.52,,21.32,6.37,17.4,11.64
25/10/2011,11.58,,44.59,,,14.16,5.58,17.07,,,3.43,2.48,,4.59,,20.57,,44.74,,,29.14,,16.38,,12.72,,15.53,,,,14.52,,21.35,6.37,17.46,11.65
26/10/2011,11.56,,44.5,,,14.39,5.5,17.07,,,3.4,2.46,,4.55,,20.57,,44.72,,,29.14,,16.31,,12.71,,15.54,,,,14.53,,21.38,6.5,17.57,11.73
27/10/2011,11.56,,44.56,,,14.93,5.51,17.1,,,3.4,2.46,,4.57,,20.62,,44.83,,,29.09,,16.14,,12.74,,15.49,,,,14.56,,21.4,6.41,17.68,11.79
28/10/2011,11.6,,44.7,,,14.75,5.5,17.14,,,3.4,2.47,,4.65,,20.66,,44.79,,,29.03,,15.98,,12.76,,15.5,,,,14.6,,21.42,6.38,17.78,11.85
29/10/2011,11.65,,44.77,,,14.12,5.43,17.12,,,3.42,2.48,,4.53,,20.66,,44.79,,,28.96,,15.83,,12.75,,15.51,,,,14.6,,21.43,6.52,17.78,11.87
30/10/2011,11.62,,44.94,,,13.58,5.43,17.12,,,3.43,2.48,,4.46,,20.65,,44.48,,,28.92,,15.66,,12.73,,15.48,,,,14.6,,21.44,6.54,17.75,11.9
31/10/2011,11.61,,44.96,,,13.52,5.46,17.12,,,3.45,2.49,,5.08,,20.65,,44.54,,,28.89,,15.54,,12.72,,15.46,,,,14.61,,21.44,5.67,17.72,11.93
1/11/2011,11.6,,44.74,,,13.51,5.39,17.12,,,3.45,2.5,,4.73,,20.67,,44.98,,,28.86,,15.43,,,,15.46,,,,14.62,,21.42,6.37,17.71,11.98
2/11/2011,11.59,,44.62,,,13.41,5.38,17.1,,,3.46,2.5,,4.67,,20.68,,44.41,,,28.83,,15.31,,,,15.45,,,,14.64,,21.41,6.49,17.69,12.02
3/11/2011,11.59,,44.7,,,13.34,5.35,17.1,,,3.47,2.51,,4.64,,20.67,,44.62,,,28.81,,15.23,,,,15.44,,,,14.65,,21.4,6.61,17.67,12.05
4/11/2011,11.59,,44.66,,,14.02,5.24,17.06,,,3.47,2.51,,4.61,,20.68,,44.97,,,28.79,,15.13,,,,15.44,,,,14.65,,21.39,6.56,17.65,12.1
5/11/2011,11.57,,44.56,,,13.75,5.13,17.16,,,3.47,2.51,,4.53,,20.7,,45.07,,,28.75,,15.03,,,,15.43,,,,14.65,,21.38,6.47,17.64,12.13
6/11/2011,11.56,,44.7,,,13.36,5.06,17.28,,,3.44,2.48,,4.43,,20.7,,44.66,,,28.66,,14.91,,,,15.42,,,,14.66,,21.39,6.31,17.62,12.2
7/11/2011,11.56,,44.83,,,13.29,5.05,17.17,,,3.44,2.47,,4.42,,20.74,,44.8,,,28.56,,14.8,,,,15.43,,,,14.7,,21.39,6.38,17.63,12.29
8/11/2011,11.58,,44.61,,,14.02,5.07,17.16,,,3.42,2.45,,4.47,,20.75,,44.83,,,28.43,,14.66,,,,15.44,,,,14.72,,21.4,6.26,17.64,12.33
9/11/2011,11.59,,44.62,,,14.27,5.06,17.11,,,3.4,2.44,,4.49,,20.78,,44.91,,,28.32,,14.56,,,,15.5,,,,14.75,,21.42,6.44,17.72,12.38
10/11/2011,11.59,,44.67,,,14.44,5.05,17.11,,,3.39,2.43,,4.51,,20.78,,44.93,,,28.21,,14.43,,,,15.56,,,,14.74,,21.43,6.55,17.83,12.42
11/11/2011,11.59,,44.81,,,14.47,5.05,17.14,,,3.39,2.43,,5.11,,20.8,,,,,28.17,,14.33,,,,15.47,,,,14.76,,21.44,6.7,17.82,12.52
12/11/2011,11.59,,44.96,,,14.11,5.06,17.17,,,3.4,2.44,,4.79,,20.85,,,,,28.13,,14.26,,,,15.47,,,,14.81,,21.45,6.71,17.82,12.59
13/11/2011,11.59,,44.92,,,13.59,5.07,17.17,,,3.4,2.43,,4.62,,20.85,,,,,28.05,,14.15,,,,15.46,,,,14.81,,21.46,6.71,17.81,12.6
14/11/2011,11.58,,44.94,,,13.53,5.12,17.16,,,3.39,2.41,,4.59,,20.82,,,,,27.98,,14.05,,,,15.44,,,,14.8,,21.47,6.69,17.78,12.6
15/11/2011,11.58,,44.71,,,14.15,5.09,17.15,,,3.38,2.4,,4.54,,20.81,,,,,27.94,,13.98,,,,15.43,,,,14.79,,21.48,6.72,17.76,12.65
16/11/2011,11.58,,44.46,,,14.38,5.08,17.16,,,3.38,2.4,,4.55,,20.84,,,,,27.92,,13.93,,,,15.43,,,,14.82,,21.49,6.03,17.76,12.73
17/11/2011,11.6,,44.35,,,14.42,5.07,,,,3.39,2.41,,4.55,,20.87,,,,,27.9,,13.88,,,,15.44,,,,14.85,,21.5,5.83,17.77,12.78
18/11/2011,11.6,,44.78,,,14.5,5.03,,,,3.39,2.41,,4.58,,20.88,,,,,27.86,,13.78,,,,15.44,,,,14.86,,21.51,6.11,17.77,12.82
19/11/2011,11.61,,44.24,,,14.04,5.06,,,,3.4,2.41,,4.5,,20.89,,,,,27.84,,13.72,,,,15.44,,,,14.87,,21.52,5.81,17.77,12.87
20/11/2011,11.6,,43.95,,,13.53,5.05,,,,3.41,2.42,,4.43,,20.88,,,,,27.81,,13.66,,,,15.43,,,,14.89,,21.54,6.43,17.77,12.91
21/11/2011,11.59,,44.46,,,13.49,5.03,,,,3.42,2.42,,5.29,,20.9,,,,,27.79,,13.61,,,,15.42,,,,14.9,,21.56,6.63,17.77,12.94
22/11/2011,11.6,,44.13,,,14.06,4.93,,,,3.43,2.42,,4.95,,20.9,,,,,27.76,,13.57,,,,15.41,,,,14.91,,21.57,6.58,17.76,12.98
23/11/2011,11.61,,43.84,,,14.29,4.89,,,,3.44,2.43,,4.79,,20.92,,,,,27.75,,13.55,,,,15.42,,,,14.93,,21.59,6.58,17.83,13.06
24/11/2011,11.61,,43.7,,,14.51,4.9,,,,3.46,2.45,,4.72,,20.95,,,,,27.76,,13.53,,,,15.44,,,,14.96,,21.61,6.68,17.96,13.18
25/11/2011,11.62,8.01,44.06,10.27,,14.63,4.87,,,,3.46,2.45,,4.64,,20.95,,,,,27.74,,13.49,,,,15.44,,,,14.97,,21.63,6.79,18.01,13.17
26/11/2011,11.63,8.02,44.4,10.26,,14.12,4.87,,,,3.47,2.45,,4.56,,20.94,,,,,27.72,,13.45,,,,15.44,,,,14.98,,21.66,6.85,18.05,13.22
27/11/2011,11.61,8.01,43.98,10.24,,13.65,4.87,,,,3.47,2.45,,4.46,,20.97,,,,,27.7,,13.4,,,,15.42,,,,15,,21.68,6.84,18.09,13.24
28/11/2011,11.61,8.02,43.72,10.23,,13.58,4.88,,,,3.48,2.46,,4.45,,20.97,,,,,27.68,,13.38,,,,15.42,,,,15.01,,21.7,6.84,18.13,12.88
29/11/2011,11.63,8.02,43.47,10.22,,14.28,4.92,,,,3.48,2.46,,4.49,,20.99,,,,,27.68,,13.38,,,,15.42,3.13,,,15.03,,21.73,6.9,18.17,12.92
30/11/2011,11.64,8.04,43.22,10.22,,14.57,4.9,,,,3.48,2.47,,4.52,,21.02,,,,,27.68,,13.37,,,,15.43,3.13,,,15.05,,21.75,6.96,18.19,13.17
1/12/2011,11.67,8.03,43.29,10.2,,14.6,,,,,3.49,2.47,,4.52,,21.03,,,,,27.66,,13.37,,,,15.42,3.13,,,15.07,,21.78,6.95,18.23,13.27
2/12/2011,11.65,8.01,43.56,10.17,,14.52,4.93,,,,3.49,2.46,,4.53,,21,,,,,27.64,,13.36,,,,15.41,3.13,,,15.07,,,7.01,18.25,13.33
3/12/2011,11.63,8,43.51,10.15,,14.09,4.86,,,,3.49,2.46,,4.85,,21.03,,,,,27.62,,13.35,,,,15.4,3.14,24.74,,15.08,,,7,18.26,13.37
4/12/2011,11.62,8,43.22,10.13,,13.62,4.78,,,,3.48,2.45,,4.6,,21.03,,,,,27.6,,13.32,,,,15.37,3.13,24.71,,15.08,,,7.04,18.28,13.4
5/12/2011,11.61,,43.04,10.1,,13.56,4.74,,,,3.48,2.44,,4.55,,21,,,10.92,13.81,27.56,,13.26,,,,15.35,3.14,24.62,,15.07,,,6.95,18.28,13.47
6/12/2011,11.64,,42.95,10.1,,14.3,4.75,,,,3.49,2.46,,4.55,,21.06,,,10.91,13.81,27.58,,13.23,,,,15.36,3.14,24.52,,15.12,,,7.02,18.31,13.58
7/12/2011,11.65,,42.74,10.1,,14.5,4.74,,,,3.49,2.47,,4.57,,21.09,,,10.94,13.84,27.59,,13.2,,,,15.39,3.14,24.94,5.72,15.15,,,7.05,18.35,13.61
8/12/2011,11.65,,42.68,10.1,,13.91,4.73,,,,3.5,2.47,,4.49,,21.1,,,10.95,13.86,27.59,,13.17,,,,15.42,3.14,25.11,5.45,15.17,,,7.08,18.38,13.71
9/12/2011,11.64,,42.51,10.11,,13.8,4.65,,,,3.5,2.48,,4.45,,21.1,,,10.98,13.88,27.6,,13.14,,,,15.43,3.14,24.73,5.41,15.2,,,6.83,18.42,13.71
10/12/2011,11.64,,42.45,10.1,,13.94,4.65,,,,3.5,2.48,,4.43,,21.1,,,10.98,13.89,27.58,,13.09,,,,15.43,3.14,24.69,5.52,15.2,,,7.01,18.43,13.75
11/12/2011,11.64,,42.39,10.1,,13.52,4.64,,,,3.51,2.49,,4.37,,21.12,,,10.98,13.9,27.59,,13.05,,,,15.42,3.14,24.36,5.36,15.22,,,7.05,18.45,13.78
12/12/2011,11.62,,42.28,10.06,,13.44,4.6,,,,3.51,2.48,,4.36,,21.12,,,10.96,13.9,27.58,,13.02,,,,15.38,3.09,24.29,5.31,15.23,,,7.04,18.45,13.8
13/12/2011,11.63,,42.22,10.07,,13.63,4.64,,,,3.51,2.49,,4.36,,21.15,,,10.94,13.93,27.59,,12.99,,,,15.4,3.02,24.75,5.4,15.26,,,6.93,18.48,13.88
14/12/2011,11.65,,42.16,10.06,,14.31,4.62,,,,3.51,2.49,4.36,5.2,22,21.16,5.84,,11.02,13.94,27.59,,12.96,,,,15.42,3.05,24.73,5.52,15.27,,,7.14,18.49,13.91
15/12/2011,11.67,,42.08,10.05,,14.51,4.57,,,,3.51,2.49,4.36,4.99,21.94,21.17,5.84,,11.03,13.94,27.59,,12.91,,,,15.44,3.14,24.71,5.6,15.28,,,7.18,18.49,13.84
16/12/2011,11.66,,42.02,9.98,,14.61,4.56,,,,3.49,2.44,4.32,4.83,21.88,21.09,5.8,,11.01,13.93,27.51,,12.86,,,,15.39,3.14,24.58,5.58,15.24,,,7.11,18.45,13.82
17/12/2011,11.64,,41.99,9.98,,13.98,4.48,,,,3.49,2.45,4.33,4.71,21.84,21.1,5.8,,11.02,13.91,27.52,,12.8,,,,15.39,3.14,24.64,5.53,15.25,,,7.16,18.45,14.03
18/12/2011,11.64,,42.65,10.02,,13.59,4.5,,,,3.52,2.49,4.34,4.59,21.85,21.19,5.82,,11.02,13.94,27.6,,12.78,,,,15.41,3.14,24.39,5.39,15.35,,,7.18,18.52,14.07
19/12/2011,11.64,,42.73,10.02,,13.52,4.5,,,,3.52,2.5,4.35,4.56,21.86,21.21,5.83,,11.09,13.94,27.62,,12.75,,,,15.4,3.14,24.35,5.37,15.38,,,7.17,18.53,14.14
20/12/2011,11.66,,42.54,10.01,,14.38,4.58,,,,3.52,2.5,4.35,4.61,21.99,21.24,5.84,,11.11,13.96,27.62,,12.74,,,,15.4,3.15,24.37,5.78,15.39,,,7.1,18.56,14.15
21/12/2011,11.68,,42.78,10.01,,14.52,4.59,,,,3.53,2.51,4.36,4.63,22.01,21.25,5.84,,11.1,13.97,27.62,,12.7,,,,15.44,3.15,24.39,6.06,15.4,,,7.1,18.56,14.19
22/12/2011,11.69,,42.7,10.01,,14.6,4.6,,,,3.53,2.52,4.38,4.66,22.03,21.27,5.85,,11.12,13.98,27.64,,12.69,,,,15.44,3.15,24.41,6.09,15.43,,,7.11,18.58,14.26
23/12/2011,11.69,,42.46,10.01,,14.6,4.65,,,,3.53,2.52,4.38,4.64,22.05,21.29,5.87,,11.15,,27.66,,12.66,,,,15.44,3.15,24.41,5.89,15.46,,,7.08,18.6,14.24
24/12/2011,11.69,,42.19,9.99,,13.89,4.57,,,,3.53,2.51,4.36,4.56,21.9,21.26,5.86,,11.15,,27.63,,12.62,,,,15.51,3.11,24.37,5.63,15.44,,,7.01,18.57,14.29
25/12/2011,11.69,,42.09,10.01,,13.59,4.59,,,,3.54,2.53,4.38,4.54,21.9,21.33,5.87,,11.18,,27.68,,12.63,,,,15.45,3.11,24.5,5.41,15.51,,,7.02,18.59,14.4
26/12/2011,11.68,,41.99,10.02,,13.43,4.66,,,,3.55,2.54,4.39,4.84,21.97,21.35,5.89,,11.2,,27.7,,12.59,,,,15.43,3.15,24.43,5.36,15.55,,,6.95,18.61,14.4
27/12/2011,11.69,,41.74,10.01,,13.4,4.68,,,,3.55,2.54,4.39,4.66,21.96,21.35,5.9,,11.19,,27.7,,12.57,,,,15.47,3.15,24.42,5.36,15.56,,,6.59,18.61,14.38
28/12/2011,11.71,,41.77,9.98,,14.09,4.7,,,,3.55,2.53,4.38,4.56,21.9,21.32,5.89,,11.2,,27.67,,12.55,,,,15.54,3.15,24.4,5.6,15.55,,,6.79,18.58,14.36
29/12/2011,11.69,,41.67,9.95,,13.79,4.65,,,,3.55,2.52,4.35,4.51,21.86,21.31,5.88,,11.2,,27.66,,12.52,,,,15.63,3.15,24.4,5.64,15.53,,,6.8,18.55,14.36
30/12/2011,11.69,,41.56,9.92,,13.5,4.64,,,,3.54,2.51,4.35,4.46,21.79,21.29,5.86,,11.19,,27.64,,12.49,,,,15.71,3.15,24.73,5.61,15.53,,,6.78,18.51,14.42
31/12/2011,11.68,,41.64,9.94,,13.31,4.69,,,,3.55,2.52,4.35,4.45,21.81,21.34,5.87,,11.22,,27.67,,12.51,,,,15.73,3.15,24.8,5.52,15.58,,,6.74,18.53,14.49
1/1/2012,11.67,,41.72,9.94,,13.21,4.74,,,,3.55,2.54,4.35,4.43,21.85,21.37,5.87,,11.22,,27.7,,12.51,,,,15.73,3.15,24.5,5.31,15.61,,,6.76,18.55,14.41
2/1/2012,11.67,,41.47,9.91,,13.18,4.68,,,,3.55,2.53,4.34,4.41,21.84,21.36,5.87,,11.23,,27.7,,12.48,,,,15.3,3.16,24.42,5.28,15.63,,,6.7,18.52,14.4
3/1/2012,11.66,,41.28,9.91,,13.19,4.59,,,,3.56,2.54,4.34,,21.82,21.37,5.87,,11.19,,27.7,,12.48,,,,15.3,3.09,24.45,5.52,15.65,,,6.68,18.52,14.44
4/1/2012,11.67,,41.65,9.89,,13.13,4.65,,,,3.56,2.53,4.33,4.76,21.8,21.37,5.87,,11.27,,27.7,,12.44,,,,15.29,3.12,24.4,5.58,15.65,,,6.66,18.51,14.31
5/1/2012,11.66,,41.89,9.82,,,4.49,,,,3.54,2.49,4.33,4.68,21.74,21.31,5.84,,11.24,,27.64,,12.41,,,,15.25,3.12,24.38,5.69,15.6,,,6.69,18.47,14.32
6/1/2012,11.66,,41.55,9.82,,,4.56,,,,3.55,2.51,,4.57,21.7,21.33,5.84,,11.26,,27.66,,12.36,,,,15.25,3.16,24.43,5.43,15.66,,,6.66,,14.5
7/1/2012,11.65,,41.5,9.86,,,4.64,,,,3.56,2.54,,4.5,21.82,21.41,5.86,,11.29,,27.74,,12.38,,,,15.29,3.16,24.34,5.37,15.74,,,6.58,,14.48
8/1/2012,11.64,,41.33,9.85,,,4.6,,,,3.56,2.54,,4.47,21.78,21.4,5.87,,11.31,,27.73,,12.35,,,,15.28,3.16,24.45,5.26,15.73,,,6.55,,14.49
9/1/2012,11.65,,41.2,9.86,,,4.64,,,,3.57,2.56,,4.46,21.8,21.44,5.88,,11.32,,27.75,,12.35,,,,15.28,3.16,24.6,5.24,15.77,,,6.59,,14.49
10/1/2012,11.68,,41.1,9.86,,,4.62,,,,3.57,2.56,,4.53,21.95,21.47,5.89,,11.35,,27.78,,12.36,,,,15.29,3.16,24.62,5.48,15.81,,,6.44,,14.47
11/1/2012,11.7,,41.04,9.87,,,4.64,,,,3.58,2.57,,4.64,22.01,21.5,5.91,,11.37,,27.8,,12.38,,,,15.3,3.16,24.67,5.57,15.84,,,6.65,,14.38
12/1/2012,11.71,,41.1,9.86,,,4.66,,,,3.58,2.56,,4.63,22.02,21.48,5.9,,11.38,,27.78,,12.36,,,,15.28,3.16,24.33,5.57,15.82,,,6.69,,14.32
13/1/2012,11.72,,40.93,9.84,,,4.62,,,,3.57,2.55,,4.62,21.97,21.46,5.89,,11.37,,27.76,,12.32,,,,15.27,3.16,24.81,5.62,15.8,,,6.66,,14.34
14/1/2012,11.69,,40.69,9.84,,,4.61,,,,3.58,2.56,,4.59,21.94,21.5,5.89,,11.39,,27.78,,12.33,,,,15.28,3.12,24.54,5.53,15.85,,,6.65,,14.34
15/1/2012,11.69,,40.62,9.84,,,4.6,,,,3.58,2.56,,,21.86,21.5,5.89,,11.39,,27.8,,12.32,,,,15.27,3.12,24.53,5.35,15.86,,,6.64,,14.28
16/1/2012,11.68,,40.74,9.84,,,4.61,,,,3.58,2.57,,,21.87,21.52,5.89,,11.41,,27.82,,12.32,,,,15.27,3.17,24.6,5.34,15.89,,,6.62,,14.23
17/1/2012,11.7,,40.64,9.84,,,4.66,,,,3.59,2.57,,4.81,22.04,21.56,5.91,,11.44,,27.85,,12.35,,,,15.28,3.17,24.56,5.54,15.93,,,6.66,,14.25
18/1/2012,11.71,,40.45,9.85,,,4.65,,,,3.59,2.58,,4.75,22.05,21.57,5.91,,11.46,,27.86,,12.36,,,,15.29,3.17,24.54,5.57,15.95,,,6.67,,14.24
19/1/2012,11.71,,40.41,9.83,,,4.64,,,,3.59,2.57,,4.71,22.06,21.58,5.92,,11.46,,,,12.38,,,,15.28,3.17,24.57,5.56,15.94,,,6.71,,
20/1/2012,11.7,,40.26,9.79,,,4.56,,,,3.58,2.55,,4.73,22,21.52,5.89,,11.44,,27.83,,12.36,,,,15.22,3.22,24.53,5.65,15.91,,,6.69,,
21/1/2012,11.69,,40.16,9.79,,,4.57,,,,3.59,2.56,,4.6,21.94,21.55,5.89,,11.47,,27.84,,12.38,,,,15.25,3.24,24.56,5.55,15.94,,,6.7,,
22/1/2012,11.68,,40.14,9.77,,,4.5,,,,3.58,2.55,,4.51,21.86,21.55,5.88,,11.48,,27.84,,12.38,,,,15.23,3.3,24.57,5.36,15.94,,,6.7,,
23/1/2012,11.67,,40.12,9.77,,,4.5,,,,3.59,2.56,,4.5,21.86,21.58,5.89,,11.48,,27.88,,12.42,,,,15.23,3.17,24.52,5.34,15.99,,,6.72,,
24/1/2012,11.68,,40.07,9.77,,,4.49,,,,3.59,2.57,,4.58,21.98,21.57,5.89,,11.5,,27.89,,12.46,,,,15.23,3.14,24.51,5.54,16.01,,,6.67,,
25/1/2012,11.69,,40.12,9.77,,,4.55,,,,3.6,2.58,,4.63,22.05,21.66,5.9,,11.53,,27.92,,12.5,,,,15.25,3.17,24.65,5.71,16.05,,,6.75,,
26/1/2012,11.69,,39.88,9.77,,,4.59,,,,3.6,2.58,,4.61,22.08,21.65,5.91,,11.54,,27.93,,12.5,,,9.49,15.25,3.17,24.63,5.66,16.07,,20.22,6.76,17.89,13.81
27/1/2012,11.41,8.27,39.86,9.78,,,4.56,,,,3.6,2.59,,,22.09,21.68,5.91,,11.57,,27.96,,12.56,,,9.49,15.27,3.17,24.59,5.69,16.1,,20.23,6.73,17.89,13.83
28/1/2012,11.38,8.25,39.72,9.77,,,4.53,,,,3.6,2.59,,4.89,22.04,21.67,5.92,,11.57,,27.99,,12.59,,,9.48,15.26,3.17,24.61,5.53,16.12,,20.23,6.71,17.88,13.8
29/1/2012,11.38,8.24,39.72,9.77,,,4.48,,,,3.6,2.58,,4.69,21.98,21.67,5.92,,11.57,,27.99,,12.61,,,9.48,15.25,3.18,24.98,5.37,16.11,,20.23,6.67,17.87,13.82
30/1/2012,11.39,8.26,39.66,9.77,,,4.52,,,,3.6,2.59,,4.63,21.99,21.7,5.93,,11.59,,28.02,,12.66,,,9.47,15.25,3.18,24.97,5.35,16.16,,20.23,6.64,17.87,13.76
31/1/2012,11.41,8.24,39.61,9.74,,,4.48,,,,3.61,2.59,,4.63,22.07,21.7,5.93,,11.58,,28.01,,12.7,,,9.45,15.23,3.18,24.95,5.51,16.16,,20.22,6.66,17.83,13.65
1/2/2012,11.38,8.22,39.46,9.71,,,4.22,,,,3.6,2.58,,4.58,22.02,21.7,5.91,,11.6,,28.01,,12.73,,,9.39,15.21,3.18,25.22,5.54,16.16,,20.2,6.57,17.76,13.68
2/2/2012,11.36,,39.49,9.71,,,4.33,,,,3.6,2.58,,4.53,21.94,21.71,5.91,,11.61,,28.02,,12.79,,,9.4,15.21,3.18,24.59,5.54,16.19,,20.18,6.56,17.76,13.67
3/2/2012,11.36,,39.49,9.7,,,4.4,,,,3.61,2.59,,4.51,21.96,21.74,5.91,,11.64,,28.04,,12.83,,,9.39,15.22,3.18,25.09,5.61,16.22,,20.16,6.48,17.74,13.65
4/2/2012,11.38,,39.77,9.7,,,4.28,,,,3.61,2.59,,4.52,21.98,21.75,5.92,,11.45,,28.05,,12.9,,,9.37,15.21,3.18,25.07,5.5,16.25,,20.16,6.44,17.72,13.6
5/2/2012,11.37,,40.04,9.71,,,4.35,,,,3.61,2.59,,4.46,22,21.78,5.93,,11.61,,28.09,,12.94,,,9.38,15.19,3.18,24.75,5.35,16.28,,20.14,6.48,17.74,13.53
6/2/2012,11.37,,40.08,9.69,,,4.42,,,,3.6,2.58,,4.45,22,21.76,5.92,,11.66,,28.08,,12.97,,,9.35,15.11,3.18,24.74,5.35,16.27,,20.1,6.47,17.71,13.49
7/2/2012,11.4,,39.87,9.67,,,4.31,,,,3.6,2.58,,4.51,22.07,21.75,5.92,,11.67,,28.07,,12.98,,,9.34,14.98,3.18,25.04,5.6,16.27,,20.08,6.44,17.69,13.44
8/2/2012,11.41,,39.81,9.69,,,4.3,,,,3.61,2.59,,4.62,22.14,,5.93,,11.56,,28.13,,13.06,,,9.35,15.1,3.18,25.1,5.69,16.34,,20.08,6.67,17.72,13.41
9/2/2012,11.41,,40.07,9.68,,,4.4,,,,,2.58,,4.64,22.15,,5.93,,11.71,,28.12,,13.13,,,9.34,15.18,3.18,24.75,5.88,16.33,,20.05,6.52,17.74,13.36
10/2/2012,11.4,,40.6,9.68,,,4.27,,,,,2.58,,4.68,22.14,,5.94,,11.72,,28.15,,13.18,,,9.32,14.96,3.18,25.14,5.84,16.36,,20.01,6.43,17.71,13.35
11/2/2012,11.37,,40.24,9.67,,,4.18,,,,,2.58,,4.56,22.07,,5.94,,11.74,,28.15,,13.2,,,9.32,14.91,3.18,24.84,5.69,16.36,,19.99,6.45,17.7,13.38
12/2/2012,11.36,,40,9.67,,,4.46,,,,,2.59,,4.48,22.05,,5.94,,11.74,,28.17,,13.24,,,9.31,14.81,3.19,24.85,5.52,16.39,,19.96,6.21,17.7,13.35
13/2/2012,11.36,,39.91,9.66,,,4.55,,,,3.61,2.58,,4.47,22.05,,5.94,,11.76,,28.2,,13.3,,,9.3,14.75,3.19,24.82,5.51,16.4,,19.91,6.06,17.68,13.32
14/2/2012,11.37,,39.81,9.65,,,4.49,,,,3.61,2.58,,4.58,22.1,,5.93,,11.77,,28.19,,13.33,,,9.3,14.72,3.19,24.89,5.68,16.41,,19.86,6.52,17.67,13.09
15/2/2012,11.37,,39.83,9.61,,,4.51,,,,3.6,2.56,,4.56,22.11,,5.92,,11.79,,28.17,,13.37,,,9.27,14.68,3.19,25.11,5.84,16.39,,19.8,7.03,17.65,13.06
16/2/2012,11.38,,39.9,9.62,,,4.59,,,,3.61,2.57,,,22.18,,5.92,,11.8,,28.17,,13.49,,,9.28,14.69,3.19,25.11,6.02,16.43,,19.79,6.99,17.65,13.03
17/2/2012,11.39,,39.82,9.65,,,4.68,,,,3.61,2.57,,,22.26,,5.95,,11.73,,28.25,,13.5,,,9.29,14.9,3.19,25.44,6.03,16.51,,19.74,6.7,17.69,12.99
18/2/2012,11.43,,39.8,9.65,,,4.58,,,,3.6,2.56,,4.91,22.2,,5.95,,11.85,,28.25,,13.49,,,9.28,15.03,3.19,25.49,5.86,16.51,,19.67,6.66,17.7,12.96
19/2/2012,11.42,,39.61,9.64,,,4.49,,,,3.57,2.55,,4.72,22.15,,5.95,,11.85,,28.25,,13.49,,,9.27,15.07,3.19,24.99,5.72,16.51,,19.59,7.3,17.68,12.96
20/2/2012,11.41,,39.81,9.65,,,4.5,,,,3.52,2.51,,4.67,22.15,,5.95,,11.66,,28.2,,13.48,,,9.26,15.09,3.07,24.98,5.7,16.53,,19.51,7.27,17.68,12.96
21/2/2012,11.46,,39.4,9.65,,,4.54,,,,3.48,2.48,,4.67,22.28,,5.95,,11.63,,28.18,,13.46,,,9.26,15.11,3.07,25.24,5.87,16.58,,19.25,6.63,17.67,12.86
22/2/2012,11.44,,39.37,9.64,,,4.67,,,,3.46,2.47,,4.75,22.27,,5.95,,11.67,,28.25,,13.4,,,9.27,15.12,3.19,25.27,5.97,16.57,,18.98,6.6,17.65,12.85
23/2/2012,11.44,,40.35,9.64,,,4.62,,,,3.44,2.46,,4.72,22.23,,5.94,,11.59,,28.24,,13.33,,,9.26,15.12,3.19,25.2,6.1,16.56,,18.68,6.45,17.63,12.97
24/2/2012,11.44,,39.9,9.64,,,4.6,,,,3.42,2.45,,4.68,22.23,,5.94,,11.63,,28.23,,13.28,,,9.26,15.13,3.19,25.22,6.05,16.58,,18.34,6.49,17.61,12.93
25/2/2012,11.42,,39.58,9.61,,,4.52,,,,3.4,2.43,,4.59,22.07,,5.92,,11.58,,28.21,,13.23,,,9.23,15.11,3.19,25.04,5.86,16.55,,17.91,6.39,17.56,12.91
26/2/2012,11.42,,39.42,9.61,,,4.49,,,,3.39,2.43,,4.51,21.98,,5.91,,11.58,,28.19,,13.15,,,9.23,15.1,3.19,24.9,5.68,16.54,,17.47,6.3,17.56,12.72
27/2/2012,11.42,,39.41,9.64,,,4.54,,,,3.38,2.43,,4.49,21.99,,5.92,,11.58,,28.23,,13.11,,,9.24,15.11,3.2,24.85,5.66,16.6,,17.05,6.16,17.55,12.86
28/2/2012,11.44,,39.43,9.64,,,4.56,,,,3.36,2.41,,4.57,22.12,,5.92,,11.57,,28.23,,13.07,,,9.24,14.94,3.2,24.91,5.85,16.61,,16.66,6.15,17.51,12.85
29/2/2012,11.43,,39.35,9.63,,,4.54,,,,3.35,2.4,,4.58,22.06,,5.92,,11.6,,28.21,,12.99,,,9.24,15.11,3.2,24.89,5.95,16.59,,16.33,6.1,17.49,12.84
1/3/2012,11.44,,39.18,9.63,,,4.55,,,,3.34,2.41,,4.6,22.07,,5.92,,11.55,,28.23,,12.94,,,9.23,15.12,3.2,25.2,5.96,16.62,,16.06,6.15,17.47,12.77
2/3/2012,11.51,8.24,39.1,9.64,,,4.58,,,,3.32,2.39,,4.61,22.09,,5.92,,11.63,,28.23,,12.88,,,9.23,15.12,3.2,25.21,6.01,16.63,,15.79,6.06,17.42,12.72
3/3/2012,11.48,8.23,39.26,,,,4.61,,,,3.31,2.38,,4.53,22.03,,5.92,,11.62,,28.23,,12.83,,,9.23,15.11,3.2,25.2,5.91,16.63,,15.56,5.89,17.39,12.68
4/3/2012,,8.23,39.07,,,,4.6,,,,3.3,2.37,,4.45,21.95,,5.92,,11.57,,28.23,,12.75,,,9.23,15.05,3.2,25.04,5.73,16.63,,15.32,5.8,17.34,12.67
5/3/2012,,8.22,39.11,,,,4.61,,,,3.29,2.36,,4.44,21.9,,5.91,,11.51,,28.2,2.65,12.68,17.91,,9.22,15.07,3.2,24.79,5.72,16.61,,15.12,5.6,17.3,12.67
6/3/2012,,8.24,39.2,,,,4.56,,,,3.28,2.36,,,22,,5.91,,11.47,,28.19,2.66,12.67,17.91,,9.21,15.08,3.2,25.21,5.93,16.64,,14.98,5.51,17.25,12.68
7/3/2012,,,39.25,,,,4.55,,,,3.27,2.36,,,22.08,,5.92,,11.5,,28.21,2.67,12.61,17.91,,9.22,14.83,3.2,24.87,5.93,16.67,,14.78,5.47,17.21,12.62
8/3/2012,,,39.62,,,,4.55,,,,3.27,2.35,,4.84,22.01,,5.92,,7.48,14.4,28.18,2.66,12.52,17.89,,9.21,15.09,3.2,24.92,5.9,16.64,,14.64,5.53,17.17,12.64
9/3/2012,,,39.48,,,,4.58,,,,3.27,2.37,,4.76,22.07,,5.93,,7.47,14.38,28.23,2.7,12.51,17.93,,9.23,15.12,3.2,24.98,5.94,16.72,,14.53,5.46,17.17,12.64
10/3/2012,,,39.13,,,,4.57,,,,3.26,2.35,,4.64,22.02,,5.94,,7.45,14.36,28.21,2.68,12.45,17.93,,9.22,15.12,3.2,24.93,5.73,16.7,,14.34,5.34,17.1,12.55
11/3/2012,,,39.12,,,,4.55,,,,3.24,2.33,,4.53,21.91,,5.93,,7.42,14.34,28.17,2.67,12.39,17.9,,9.21,15.09,3.2,24.99,5.53,16.67,,14.16,5.18,17.04,12.55
12/3/2012,,,38.96,,,,4.53,,,,3.24,2.33,,4.52,21.91,,5.93,,7.41,14.33,28.18,2.67,12.33,17.9,,9.21,15.08,3.2,25.03,5.53,16.67,,14.03,5.14,17.01,12.55
13/3/2012,,,38.87,,,,4.51,,,,3.26,2.34,,4.57,22.05,,5.93,,7.4,14.34,28.2,2.69,12.32,17.93,,9.19,15.09,3.2,25.09,5.76,16.75,,13.91,5.15,16.99,12.53
14/3/2012,,,38.78,,,,4.56,,,,3.28,2.35,,4.62,22.07,,5.93,,7.35,14.34,28.21,2.7,12.28,17.94,,9.19,15.09,3.2,25.34,5.78,16.75,,13.77,5.41,16.95,12.51
15/3/2012,,,38.88,,,,4.6,,,,3.28,2.36,,4.62,22.07,,5.94,,7.34,,28.21,2.7,12.24,17.93,,9.19,15.1,3.2,25.03,5.98,16.75,,13.65,5.28,16.92,12.48
16/3/2012,,,39.06,,,,4.59,,,,3.27,2.35,,4.61,22.07,,5.94,,7.34,14.35,28.22,2.71,12.21,17.95,,9.19,15.1,3.2,25,5.96,16.76,,13.51,5.1,16.89,12.44
17/3/2012,,,39.42,,,,4.52,,,,3.26,2.34,,4.57,21.99,,5.94,,7.34,14.34,28.22,2.7,12.16,17.96,,9.18,15.09,3.2,25.12,5.77,16.76,,13.37,5.09,16.85,12.38
18/3/2012,,,39.37,,,,4.46,,,,3.25,2.33,,,21.92,,5.93,,7.32,14.33,28.22,2.69,12.11,17.95,,9.17,15.07,3.2,25.13,5.6,16.75,,13.23,4.9,16.8,12.38
19/3/2012,,,39.27,,,,4.49,,,,3.25,2.33,,4.93,21.9,,5.93,,7.32,14.33,28.21,2.7,12.06,17.94,,9.17,15.07,3.2,24.95,5.58,16.75,,13.16,4.87,16.78,12.4
20/3/2012,,,39.32,,,,4.57,,,,3.25,2.34,,4.86,22.11,,5.95,,7.36,14.35,28.22,2.72,12.06,17.99,,9.18,15.09,3.2,24.89,,16.82,,13.07,4.94,16.78,12.35
21/3/2012,,,39.25,,,,4.68,,,,3.25,2.34,,4.77,,,5.96,,7.35,14.34,28.21,2.72,12,18,,9.18,15.09,3.2,24.88,5.93,16.82,,12.97,4.71,16.74,12.29
22/3/2012,,,39.42,,,,5.71,,,,3.24,2.35,,4.71,,,5.96,,7.35,14.34,28.22,2.72,11.95,17.99,,9.17,15.08,3.21,24.84,5.98,16.81,,12.85,4.93,16.7,12.24
23/3/2012,,,39.31,,,,5.16,,,,3.25,2.34,,4.7,,,5.95,,7.37,14.35,28.24,2.72,11.91,17.98,,9.16,15.07,3.21,24.89,6.02,16.81,,12.73,4.91,16.67,12.19
24/3/2012,,,39.11,,,,4.92,,,,3.24,2.34,,4.62,,,5.95,,7.36,14.37,28.27,2.72,11.84,18,,9.16,15.07,3.21,24.98,5.82,16.82,,12.65,4.94,16.64,12.18
25/3/2012,,,39.44,,,,4.79,,,,3.24,2.34,,4.54,,,5.96,,7.35,14.39,28.34,2.73,11.82,18,,9.16,15.06,3.21,25.71,5.67,16.84,,12.57,4.96,16.63,12.18
26/3/2012,,,40.1,,,,4.8,,,,3.24,2.34,,4.52,,,5.96,,7.34,14.42,28.35,2.74,11.81,18.02,,9.16,15.06,3.21,25.33,5.65,16.86,,12.52,4.9,16.62,12.12
27/3/2012,,,40.36,,,,5.59,,,,3.24,2.34,,4.55,,,5.97,,7.34,14.45,28.4,2.74,11.79,,,9.16,15.06,3.21,25.34,5.97,16.89,,12.43,4.41,16.59,12.06
28/3/2012,,,40.58,,,,5.55,,,,3.23,2.33,,4.58,,,5.96,,7.33,14.47,28.4,2.73,11.76,,,9.15,14.83,3.21,25.31,6.11,16.88,,12.34,4.33,16.56,11.94
29/3/2012,,,40.27,,,,5.16,,,,3.22,2.31,,,,,5.94,,7.33,14.49,28.4,2.72,11.75,,,9.13,15.03,3.21,25.4,6.19,16.86,,12.22,4.76,16.51,11.89
30/3/2012,,,40.29,,,,5.14,,,,3.21,2.31,,5.01,,,5.94,,7.33,14.5,28.38,2.72,11.7,,,9.13,15.05,3.21,25.36,6.24,16.85,,12.15,4.92,16.49,11.83
31/3/2012,,,40.08,,,,5.1,,,,3.19,2.3,,4.75,,,5.93,,7.33,14.53,28.39,2.72,11.7,,,9.12,15.02,3.21,25.21,6.26,16.89,,12.08,5.28,16.47,11.84
1/4/2012,,,40.1,,,,5.14,,,,3.19,2.31,,4.63,,,5.93,,7.33,14.55,28.39,2.73,11.65,,,9.12,15.02,3.21,25.07,6.17,16.9,,12.07,5.2,16.47,11.72
2/4/2012,,,40.07,,,,5.07,,,,3.17,2.31,,4.61,,,5.95,,7.33,14.57,28.42,2.75,11.65,,,9.13,15.06,3.21,24.98,6.14,16.93,,12.02,5.06,16.46,11.61
3/4/2012,,,40.04,,,,5.02,,,,3.16,2.3,,,,,5.95,,7.32,14.58,28.4,2.75,11.62,,,9.12,15.08,3.21,25.27,6.24,16.94,,11.97,4.46,16.44,11.53
4/4/2012,11.72,8.44,39.69,,,,4.91,,,,3.15,2.29,,4.99,,,5.94,,7.29,14.6,28.39,2.75,11.6,,14.39,9.11,15.1,3.19,24.98,6.35,16.93,,11.92,4.84,16.4,11.46
5/4/2012,11.69,8.42,39.39,,,,4.98,,,,3.15,2.29,,4.69,,,5.93,,7.29,14.61,28.37,2.76,11.57,,14.39,9.1,15.1,3.2,24.9,6.47,16.93,,11.87,4.83,16.41,11.39
6/4/2012,11.69,8.41,39.69,,,,5.05,,,,3.15,2.28,,4.66,,,5.92,,7.27,14.61,28.37,2.76,11.54,,14.38,9.1,15.11,3.21,25.02,6.34,16.95,,11.81,5.06,16.41,11.29
7/4/2012,11.7,8.38,40.44,,,,4.89,,,,3.15,2.27,,4.59,,,5.91,,7.26,14.6,28.35,2.76,11.51,,14.43,9.09,15.1,3.21,25.02,6.07,16.94,,11.74,5.14,16.37,11.27
8/4/2012,11.67,8.39,40.14,,,,4.83,,,,3.15,2.28,,4.51,,,5.91,,7.26,14.59,28.35,2.76,11.48,,14.47,9.09,15.1,3.21,25.21,5.98,16.94,,11.72,5.03,16.37,11.27
9/4/2012,11.64,8.44,39.95,,,,4.88,,,,3.16,2.3,,4.48,,,5.92,,7.28,14.6,28.39,2.79,11.46,,14.48,9.09,15.14,3.21,25.13,5.92,17,,11.72,5.04,16.37,11.18
10/4/2012,11.63,8.41,39.67,,,,4.91,,,,3.17,2.29,,4.47,,,5.92,,7.28,14.59,28.37,2.77,11.43,,14.43,9.08,15.12,3.21,25.12,5.9,16.97,,11.66,5.12,16.33,11.06
11/4/2012,11.62,8.37,39.37,,,,4.73,,,,3.15,2.27,,4.53,,,5.89,,7.23,14.56,28.35,2.75,11.4,,14.33,9.06,15.05,3.14,24.83,6.08,16.94,,11.59,5.13,16.3,11.07
12/4/2012,11.62,8.42,39.65,,,,4.73,,,,3.15,2.27,,4.53,,,5.89,,7.22,14.51,28.35,2.76,11.36,,14.38,9.05,15.03,3.21,24.83,6.16,16.97,,11.58,5.07,16.3,11.24
13/4/2012,11.6,8.39,39.97,,,,4.82,,,,3.15,2.25,,4.55,,,5.88,,7.21,14.48,28.3,2.76,11.35,,14.35,9.03,14.99,3.2,24.86,6.15,16.97,,11.5,5.06,16.36,11.15
14/4/2012,11.57,8.38,39.64,,,,4.72,,,,3.15,2.25,,4.43,,,5.86,,7.18,14.46,28.3,2.75,11.31,,14.35,9,14.97,3.21,24.89,5.95,16.95,,11.46,5.15,16.42,11.12
15/4/2012,11.54,8.39,39.38,,,,4.68,,,,3.17,2.25,,4.37,,,5.86,,7.13,14.42,28.3,2.75,11.26,,14.38,8.99,14.96,3.2,24.89,5.83,16.96,,11.42,4.33,16.47,11.08
16/4/2012,11.54,8.4,39.2,,,,4.72,,,,3.18,2.26,,4.36,,,5.86,,7.1,14.36,28.28,2.77,11.24,,14.39,9.01,14.95,3.14,24.83,5.76,17,,11.4,4.96,16.54,11.03
17/4/2012,11.55,8.38,39.41,,,,4.76,,,,3.18,2.23,,4.46,,,5.86,,7.06,14.31,28.24,2.76,11.21,,14.45,9.01,14.96,3.12,24.78,5.91,17.01,,11.34,4.88,16.57,10.91
18/4/2012,11.55,8.36,39.35,9.44,,,4.8,,,,3.18,2.21,,4.52,,,5.84,,7.02,14.27,28.21,2.74,11.14,,14.37,9,14.94,3.21,24.76,5.99,16.98,,11.24,4.62,16.58,10.89
19/4/2012,11.56,8.35,39.95,9.44,,,4.89,,,,3.17,2.22,,4.53,,,5.83,,7,14.24,28.2,2.75,11.08,,14.4,9,14.95,3.21,24.76,6.07,16.97,,11.17,4.88,16.6,10.99
20/4/2012,11.55,8.36,39.76,9.43,,,5.09,,,,3.16,2.22,,4.55,,,5.82,,6.99,14.21,28.18,2.75,11.03,,14.41,,14.95,3.17,24.8,5.91,16.99,,11.13,4.65,16.62,11.01
21/4/2012,11.57,6.93,40.02,9.45,,,5.91,,,,3.15,2.22,,4.51,,,5.83,,6.97,14.19,28.18,2.77,11,,14.45,9.02,14.97,3.21,24.77,5.83,17.01,,11.1,4.48,16.64,10.99
22/4/2012,11.55,6.91,39.99,9.46,,,7.22,,,,3.15,2.22,,4.45,,,5.84,,6.96,14.16,28.16,2.77,10.95,,14.43,9.03,14.96,3.21,25.11,5.79,17.01,,11.04,4.75,16.65,10.94
23/4/2012,11.54,6.91,39.71,9.47,,,7.87,,,,3.14,2.22,,4.44,,,5.83,,6.95,14.14,28.13,2.76,10.92,,14.4,9.02,14.95,3.21,24.73,5.76,17.01,,10.98,4.02,16.65,10.86
24/4/2012,11.54,6.86,40.04,9.46,,,6.91,,,,3.14,2.2,,4.49,,,5.82,,6.94,14.07,28.09,2.74,10.87,,14.35,9.01,14.94,3.21,24.64,5.97,16.96,,10.91,4.33,16.65,10.87
25/4/2012,11.56,6.91,39.79,9.47,,,6.67,,,,3.15,2.23,,4.45,,,5.82,,6.95,14.04,28.11,2.77,10.86,,14.44,9.01,14.95,3.21,24.68,5.76,17.02,,10.91,4.31,16.66,10.6
26/4/2012,11.58,6.95,39.48,9.51,,,6.66,,,,3.17,2.25,,4.44,,,5.84,,6.96,14.02,28.11,2.79,10.86,,14.51,9.02,14.97,3.21,24.87,5.74,17.04,,10.91,4.31,16.69,10.25
27/4/2012,11.61,6.95,39.2,9.59,,,7.57,,,,3.17,2.24,,,,,5.85,,6.99,14.02,28.1,2.79,10.85,,14.45,9.01,14.96,3.21,24.6,6.03,17.05,,10.88,4.72,16.69,9.95
28/4/2012,11.6,6.95,39.11,9.64,,,7.07,,,,3.16,2.23,,4.86,,,5.85,,6.97,13.99,28.08,2.78,10.83,,14.45,9.01,14.95,3.21,25.12,6.01,17.04,,10.85,4.77,16.6,9.73
29/4/2012,11.57,6.95,39,9.68,,,6.83,,,,3.13,2.23,,4.65,,,5.85,,6.96,13.98,28.07,2.78,10.78,,14.44,9.01,14.97,3.21,24.65,5.9,17.02,,10.82,4.76,16.53,9.53
30/4/2012,11.55,6.95,39.01,9.68,,,6.68,,,,3.11,2.22,,4.54,,,5.85,,6.94,13.95,28.05,2.77,10.76,18.22,14.41,9.01,14.98,3.21,24.56,5.84,17.03,,10.8,4.74,16.47,9.35
1/5/2012,11.52,6.94,38.86,9.67,,,6.47,,,,3.09,2.2,,4.44,,,5.82,,6.9,13.88,27.98,2.76,10.74,18.2,14.45,9.01,14.99,3.13,24.73,5.8,17.02,,10.77,3.86,16.44,9.18
2/5/2012,11.52,6.94,38.9,9.65,,,6.44,,,,3.07,2.19,,4.42,,,5.81,,6.89,13.73,27.97,2.76,10.7,18.2,14.47,9.01,14.99,3.08,24.67,5.78,17.02,,10.75,3.53,16.39,8.99
3/5/2012,11.53,6.93,38.78,9.62,,,6.54,,,,3.06,2.18,,4.52,,23.04,5.8,45.42,6.9,13.56,27.92,2.75,10.68,18.19,14.44,9,15.01,3.21,25.07,6.14,17.01,,10.71,3.57,16.34,8.92
4/5/2012,11.56,6.93,38.73,9.61,,,6.95,,,,3.05,2.18,,4.54,,23.05,5.78,45.11,6.9,13.49,27.9,2.75,10.66,18.19,14.52,9,15.01,3.21,25.18,6.21,17,,10.7,3.58,16.3,8.75
5/5/2012,11.6,6.95,38.69,9.61,,,6.47,,,,3.05,2.18,,4.53,,23.06,5.78,44.91,6.88,13.43,27.88,2.76,10.65,18.2,14.5,9.01,15.03,3.21,25.12,6,17,,10.71,3.6,16.27,8.6
6/5/2012,11.57,6.95,38.6,9.66,,,6.04,,,,3.05,2.18,,4.46,,23.07,5.78,44.75,6.88,13.35,27.86,2.77,10.63,18.21,14.53,9.01,15.04,3.21,24.59,5.78,17.01,,10.72,3.3,16.25,8.51
7/5/2012,11.56,6.96,38.5,9.69,,,6.14,,,,3.04,2.19,,4.45,,23.08,5.78,44.7,6.88,13.3,27.85,2.77,10.62,18.22,14.48,8.99,15.03,3.21,24.7,5.76,17.01,,10.72,3.19,16.23,8.38
8/5/2012,11.57,6.97,38.44,9.66,,,6.18,,,,3.04,2.19,,4.55,,23.1,5.78,45.21,6.91,13.27,27.84,2.79,10.64,18.24,14.55,9,14.99,3.21,24.96,6.15,17.04,,10.75,3.26,16.19,8.26
9/5/2012,11.57,7,38.36,9.65,,,6.27,,,,3.03,2.19,,4.59,,23.1,5.78,44.98,6.92,13.25,27.84,2.79,10.64,18.25,14.58,9.01,14.98,3.21,24.42,6.2,17.05,,10.75,3.14,16.18,8.24
10/5/2012,11.57,7.05,38.31,9.63,,,7.41,,,,3.03,2.19,,4.58,,23.13,5.79,44.99,6.93,13.23,27.83,2.8,10.67,18.28,14.61,9.02,14.98,3.21,24.63,6.36,17.07,,10.77,3.18,16.16,8.29
11/5/2012,11.6,7.04,38.43,9.62,,,7.38,,,,3.03,2.19,,4.63,,23.14,5.8,,6.95,13.23,27.86,2.8,10.69,18.27,14.65,9.03,14.99,3.21,24.59,6.45,17.08,,10.79,3.07,16.13,8.18
12/5/2012,11.62,7.01,38.68,9.62,,,8.36,,,,3.03,2.18,,,,23.11,5.78,,6.94,13.21,27.83,2.78,10.68,18.23,14.66,9.02,15.03,3.21,24.96,6.34,17.11,,10.77,2.98,16.08,8.16
13/5/2012,11.58,7.01,38.3,9.63,,,7.07,,,,3.03,2.18,,4.74,,23.12,5.78,,6.91,13.21,27.79,2.79,10.67,18.22,14.65,9.02,15.05,3.13,24.86,6.01,17.08,,10.77,2.95,16.07,7.9
14/5/2012,11.56,7,38.2,9.66,,,6.93,,,,3.03,2.17,,4.68,,23.1,5.78,,6.9,13.21,27.77,2.79,10.61,18.22,14.53,9.02,14.97,3.21,25.15,5.97,17.08,,10.76,2.83,16.02,7.66
15/5/2012,11.55,7.01,37.88,9.63,,,7.45,,,,3.04,2.17,,4.66,,23.11,5.76,,6.88,13.2,27.85,2.78,10.63,18.22,14.53,9.01,14.94,3.21,25.03,6.19,17.11,,10.74,2.75,15.98,7.57
16/5/2012,11.55,7.02,37.8,9.62,,,7.4,,,,3.05,2.18,,4.64,,23.12,5.76,,6.98,13.22,27.82,2.78,10.64,18.22,14.59,9.01,14.99,3.21,25.45,6.34,17.19,,10.74,3.03,15.97,7.54
17/5/2012,11.54,7.08,37.86,9.66,,,7.43,,,,3.05,2.2,,4.68,,23.16,5.78,,6.99,13.26,28.05,2.81,10.69,18.25,14.64,9.02,14.98,3.21,25.08,6.4,17.17,,10.8,2.97,15.95,7.67
18/5/2012,11.58,7.12,38.01,9.7,,,7.48,,,,3.05,2.2,,4.68,,23.16,5.78,,7,13.27,27.91,2.81,10.72,18.24,14.64,9.02,15.02,3.21,25.52,6.49,17.16,,10.81,3.05,15.9,7.76
19/5/2012,11.56,7.11,37.99,9.72,,,7.34,,,,3.06,2.2,,4.6,,23.15,5.78,,6.97,13.3,27.85,2.81,10.69,18.21,14.63,9.02,14.98,3.21,25.16,6.24,17.17,,10.82,3.11,15.89,7.78
20/5/2012,11.51,7.1,37.98,9.72,,,7.07,,,,2.86,2.2,,3.52,,23.11,4.22,,6.91,13.31,27.69,2.78,10.68,18.15,14.6,9,14.94,3.2,24.81,5.96,17.19,,10.81,3,15.72,7.74
21/5/2012,11.49,7.07,37.76,9.69,,,6.78,,,,2.9,,,3.2,,23.1,4.35,,6.8,13.27,27.62,2.76,10.59,18.12,14.51,8.98,14.9,3.21,24.63,5.93,17.17,,10.78,2.89,15.65,7.74
22/5/2012,11.5,7.08,37.62,9.68,,,6.92,,,,2.91,,,3.16,,23.13,4.5,,6.75,13.18,27.59,2.77,10.57,18.1,14.59,8.98,14.9,3.21,25.03,6.1,17.15,,10.81,2.8,15.62,7.98
23/5/2012,11.52,7.1,37.46,9.66,,,7.02,,,,2.93,2.05,,3.17,,23.16,4.62,,6.74,13.11,27.61,2.79,10.57,18.09,14.63,8.99,14.92,3.21,25,6.19,17.18,,10.85,2.83,15.6,7.74
24/5/2012,11.55,7.1,37.5,9.64,,,6.96,,,,2.96,2.05,,3.19,,23.17,4.72,,6.76,13.09,27.57,2.8,10.58,18.08,14.64,9,14.93,3.21,24.94,6.32,17.16,,10.88,2.86,15.58,7.54
25/5/2012,11.59,7.1,37.94,9.64,,,7.52,,,,2.95,2.06,,3.21,,23.17,4.78,,6.75,13.07,27.58,2.8,10.58,18.07,14.64,9,14.93,3.21,24.9,6.41,17.2,,10.9,2.88,15.55,7.12
26/5/2012,11.56,7.11,37.9,9.65,,,8.25,,,,2.96,2.07,,3.24,,23.19,4.82,,6.75,13.07,27.59,2.81,10.56,18.06,14.67,9,14.97,3.21,24.9,6.26,17.19,,10.91,3.03,15.52,6.74
27/5/2012,11.52,7.13,38.06,9.67,,,8.74,,,,2.97,2.07,,3.24,,23.18,4.87,,6.74,13.06,27.58,2.81,10.57,18.04,14.65,9,15,3.21,24.59,6.06,17.19,,10.94,2.93,15.51,6.54
28/5/2012,11.52,7.13,37.75,9.74,,,8.13,,,,2.96,2.08,,3.24,,23.17,4.9,,6.74,13.05,27.59,2.81,10.54,18.02,14.63,9,14.98,3.21,24.54,6.01,17.23,,10.95,3,15.48,6.27
29/5/2012,11.54,7.14,37.48,9.78,,,8.45,,,,2.94,2.03,,2.73,,23.18,4.21,,6.63,13,27.58,2.81,10.53,18.01,14.7,8.99,14.99,3.21,24.51,6.29,17.25,,10.96,2.92,15.46,6.06
30/5/2012,11.57,7.19,37.48,9.82,,13.94,7.39,13.83,13.74,,2.95,2.06,,2.73,,23.23,4.22,,6.79,13.06,27.71,2.82,10.55,18,14.73,9,15.01,3.21,24.57,6.39,17.25,,11,4.27,15.45,5.95
31/5/2012,11.6,7.24,37.33,9.85,,13.66,6.78,13.8,13.69,,2.96,2.08,,2.76,,23.24,4.28,,6.84,13.09,27.8,2.82,10.56,17.98,14.68,9.01,15.04,3.21,25.14,6.76,17.25,,11.04,4.36,15.43,5.65
1/6/2012,11.63,7.2,37.37,9.88,,13.74,6.73,13.77,13.62,,2.96,2.08,,2.78,,23.24,4.36,,6.93,13.1,27.8,2.81,10.58,17.95,14.68,9,15.02,3.21,25.26,6.68,17.28,,11.06,4.23,15.42,5.55
2/6/2012,11.63,7.24,37.26,9.97,,12.96,6.69,13.76,13.56,,2.97,2.1,,2.81,,23.25,4.42,,6.94,13.13,28.02,2.82,10.6,17.94,14.72,9.01,15.04,3.21,25.02,6.46,17.29,,11.09,4.36,15.41,5.64
3/6/2012,11.63,7.25,37.11,10.08,,12.65,6.67,13.73,13.44,,2.97,2.1,,2.85,,23.24,4.49,,6.93,13.17,27.94,2.81,10.6,17.91,14.76,9.03,15.04,3.21,24.93,6.37,17.29,,11.14,4.78,15.39,5.7
4/6/2012,11.64,7.23,37.26,10.15,,12.61,6.5,13.65,13.42,,2.96,2.09,,2.86,,23.25,4.53,,6.9,13.18,27.78,2.8,10.6,17.88,14.68,9.02,15.02,3.18,24.94,6.46,17.31,,11.16,4.31,15.38,5.71
5/6/2012,11.64,7.3,38.28,10.16,,13.24,7.64,13.63,14.17,,,2.09,,2.88,,23.26,4.55,,6.92,13.14,27.74,2.81,10.6,17.87,14.68,9.02,15.03,3.21,24.65,6.56,17.28,,11.18,4.18,15.37,5.89
6/6/2012,11.64,7.27,38.03,10.17,,13.36,7.2,13.62,14.35,,2.96,2.11,,2.9,,23.29,4.6,,6.92,13.12,27.7,2.81,10.58,17.86,14.72,9.03,15.04,3.21,24.97,6.59,17.27,,11.22,4.24,15.37,5.76
7/6/2012,11.65,7.3,37.78,10.21,,13.59,6.91,13.65,17.57,,2.95,2.12,,,,23.31,4.64,,6.92,13.1,27.74,2.82,10.62,17.84,14.74,9.06,15.05,3.21,24.87,6.62,17.3,,11.24,4.35,15.34,5.7
8/6/2012,11.65,7.3,37.67,10.29,,13.82,6.73,13.73,18.19,,2.94,2.12,,,,23.32,4.67,,6.91,13.11,27.92,2.83,10.66,17.81,14.78,9.07,15.05,3.21,24.89,6.77,17.34,,11.28,4.31,15.34,5.64
9/6/2012,11.65,7.3,37.54,10.3,,13.52,7.48,13.85,18.53,,2.93,2.11,,,,23.3,4.7,,6.93,13.13,27.9,2.82,10.71,17.76,14.75,9.07,14.99,3.21,24.87,6.63,17.35,,11.33,4.9,15.33,5.57
10/6/2012,11.64,7.32,37.38,10.32,,13.08,7.28,14.03,18.76,,2.93,2.11,,,,23.32,4.72,,6.94,13.16,28.16,2.82,10.75,17.71,14.76,9.08,14.96,3.21,24.83,6.32,17.34,,11.37,4.78,15.32,5.5
11/6/2012,11.63,7.31,37.17,10.36,,13,7.05,14.14,18.86,,2.93,2.11,,3.11,,23.29,4.75,,6.94,13.15,28.12,2.82,10.77,17.68,14.72,9.07,14.94,3.21,25.01,6.29,17.32,,11.4,4.46,15.31,5.44
12/6/2012,11.66,7.36,37.26,10.36,,13.82,6.36,14.16,19.01,,2.93,2.12,,3.1,,23.39,4.77,,6.93,13.15,27.83,2.82,10.83,17.65,14.77,9.07,14.93,3.21,25,6.68,17.33,,11.43,4.33,15.3,5.44
13/6/2012,11.68,7.45,37.73,10.42,,13.79,6.58,14.21,19.17,,2.94,2.15,,3.1,,23.39,4.79,,6.93,13.15,27.8,2.84,10.9,17.66,14.85,9.08,14.94,3.21,25.07,6.84,17.31,,11.49,4.17,15.32,5.42
14/6/2012,11.7,7.45,37.7,10.52,,14.61,6.92,14.43,16.92,,2.95,2.16,,3.11,,23.52,4.84,,6.95,13.18,27.95,2.86,11.01,17.72,14.88,9.1,14.96,3.21,24.97,6.79,17.27,,11.6,4.31,15.35,5.38
15/6/2012,11.73,7.51,37.56,10.58,,14.88,6.93,14.52,20.07,,2.95,2.16,,3.11,,23.56,4.87,,6.98,13.21,28.08,2.87,11.07,17.72,14.86,9.14,15.06,3.21,24.87,6.85,17.29,,11.69,4.69,15.37,5.35
16/6/2012,11.77,7.53,37.35,10.69,,14.94,7.28,14.61,20.24,,2.95,2.15,,3.11,,23.58,4.9,,7.02,13.25,28.3,2.87,11.17,17.73,14.85,9.14,15.06,3.21,24.68,6.75,17.33,,11.75,4.59,15.39,5.35
17/6/2012,11.77,7.54,37.28,10.78,,14.58,7.25,14.7,20.33,,2.95,2.14,,,,23.67,4.93,,7.14,13.28,29.64,2.88,11.23,17.73,14.89,9.16,15.07,3.21,24.62,6.69,17.38,,11.83,4.51,15.4,5.36
18/6/2012,11.78,7.53,37.29,10.86,,14.44,8.15,14.77,20.33,,2.95,2.14,,,,23.71,4.95,,7.14,13.34,29.58,2.88,11.29,17.72,14.86,9.18,15.06,3.22,25.19,6.88,17.45,,11.9,4.78,15.41,5.55
19/6/2012,11.83,7.55,37.28,10.91,,15.09,8.16,14.88,20.42,,2.96,2.15,,3.32,,23.74,4.97,,7.36,13.39,29.78,2.89,11.38,17.8,14.94,9.21,15.07,3.21,24.96,7.6,17.77,,11.98,5.05,15.43,5.65
20/6/2012,11.87,7.53,37.11,11.02,,15.52,8.55,14.91,20.5,,2.96,2.16,,3.28,,23.81,4.99,,7.56,13.46,30.4,2.9,11.56,17.87,14.98,9.22,15.1,3.22,25.05,8.1,17.8,,12.05,4.75,15.44,5.7
21/6/2012,11.9,7.55,37.15,11.11,,15.72,9.28,15.02,17.15,,2.97,2.15,,3.27,,23.81,5.01,,7.79,13.5,30.4,2.91,11.64,17.95,15.02,9.23,15.22,3.22,25.36,8.19,17.75,,12.11,5.16,15.45,5.73
22/6/2012,11.95,7.62,37.16,11.21,,15.8,8.91,15.06,20.49,,2.98,2.16,,3.27,,24.45,5.03,,7.74,13.56,30.86,2.93,11.76,17.98,15.12,9.26,15.29,3.22,25.56,8.2,17.77,,12.21,5.04,15.48,5.81
23/6/2012,11.98,7.66,37.25,11.32,,15.31,9.8,15.13,20.69,,2.98,2.18,,,,24.49,5.06,,7.88,13.64,30.55,2.96,11.89,18.05,15.2,9.3,15.25,3.22,25.9,8.01,17.74,,12.32,5.04,15.53,5.98
24/6/2012,11.99,7.61,37.07,11.43,,14.88,9.69,15.41,20.7,,2.99,2.19,,,,24.46,5.09,,8.17,13.71,30.56,2.96,11.93,18.05,15.25,9.34,15.25,3.22,26.66,7.69,17.95,,12.42,5.03,15.56,6.28
25/6/2012,11.98,7.68,37.64,11.47,,14.88,9.4,15.4,20.69,,2.98,2.18,,3.5,,24.46,5.1,,8.52,13.73,30.86,2.96,12.05,18.06,15.18,9.35,15.24,3.22,26.64,7.66,17.94,,12.48,4.99,15.58,6.49
26/6/2012,11.99,7.68,37.78,11.49,,15.86,9.08,15.46,20.8,,2.99,2.2,,3.45,,24.55,5.12,,8.83,13.78,30.99,2.99,12.21,18.06,15.39,9.39,15.26,3.22,27.06,8.13,18.08,,12.57,5.37,15.6,6.41
27/6/2012,12.01,7.7,37.7,11.55,,16.43,8.81,15.51,20.95,,2.99,2.22,,3.42,,24.56,5.14,,9.39,13.87,31.41,3.02,12.33,18.07,15.44,9.43,15.39,3.22,26.82,8.34,18.15,,12.66,5.4,15.66,6.38
28/6/2012,11.98,7.73,37.73,11.64,,16.54,8.85,15.52,21.03,,3,2.21,,3.39,,24.07,5.16,,9.14,13.94,31.31,3.07,12.47,18.07,15.44,9.46,15.38,,27.19,8.49,18.19,,12.75,5.5,15.67,6.39
29/6/2012,11.97,7.71,37.4,11.69,,16.81,9.19,15.59,21.3,,3,2.22,,,,24.15,5.18,,8.54,14.03,32.22,3.12,12.57,18.04,15.59,9.49,15.42,,27.12,8.67,18.16,,12.86,5.6,15.7,6.44
30/6/2012,11.98,7.78,37.23,11.74,,16.25,8.97,15.77,21.36,,3.03,2.23,,,,24.18,5.2,,8.39,14.11,32,3.16,12.72,18.05,15.73,9.52,15.39,,27.42,8.59,18.33,,12.98,6.04,15.75,6.48
1/7/2012,11.98,7.75,37.28,11.85,,15.68,8.7,15.87,21.4,,3.04,2.25,,3.53,,24.24,5.21,,8.81,14.18,32.24,3.18,12.8,18.01,15.72,9.53,15.39,,27.47,8.27,,,13.08,5.78,15.79,6.52
2/7/2012,11.99,7.77,37.16,12,,15.72,8.74,15.95,21.39,,3.04,2.25,,3.5,,24.28,5.23,,8.48,14.25,32.08,3.2,12.93,18.04,15.72,9.58,15.38,3.22,27.47,8.24,18.33,,13.17,5.7,15.82,6.57
3/7/2012,12,7.82,37.02,12.09,,16.83,8.53,16.03,18.02,,3.06,2.27,,3.48,,24.63,5.25,,8.41,14.34,32.05,3.23,12.99,18.08,15.76,9.62,15.4,3.22,27.41,8.45,18.36,,13.3,5.99,15.87,6.63
4/7/2012,11.98,7.77,37.04,12.17,,17,8.87,16.34,17.71,,3.07,2.28,,3.48,,24.73,5.26,,10.13,14.43,32.21,3.24,13.19,18.09,15.79,9.65,15.42,3.22,27.9,8.61,18.28,,13.44,5.9,15.91,6.65
5/7/2012,11.99,7.85,36.87,12.19,,17.24,9.31,16.38,20.93,,3.07,2.3,,,,24.62,5.28,,9.37,14.49,32.17,3.26,13.28,18.08,15.82,9.68,15.46,3.22,28.13,8.69,18.38,,13.54,6.22,15.95,6.86
6/7/2012,12.01,7.89,36.89,12.24,,17.48,9.19,16.29,21.48,,3.08,2.31,,,,24.53,5.3,,9.16,14.55,32.15,3.29,13.4,18.09,15.92,9.71,15.44,3.18,27.99,8.78,18.27,,13.67,6.32,15.99,6.86
7/7/2012,12.02,7.83,37.07,12.26,,16.3,9.12,16.24,21.54,,3.07,2.31,,,,24.53,5.31,,9.12,14.61,31.84,3.32,13.51,18.12,15.94,9.73,15.45,3.22,27.47,8.42,18.21,,13.79,5.88,16.05,7.22
8/7/2012,12.05,7.89,37.22,12.31,,15.73,8.35,16.22,21.56,,3.07,2.33,,3.55,,24.45,5.32,,9.86,14.66,32.79,3.33,13.6,18.18,15.97,9.76,15.46,3.22,27.13,8.15,18.16,,13.87,5.84,16.08,7.38
9/7/2012,12.05,7.87,37.13,12.36,,15.67,9.03,16.23,21.55,,3.08,2.35,,3.53,,24.49,5.34,,9.93,14.7,32.93,3.33,13.74,18.08,15.95,9.78,15.46,3.22,27.4,8.16,18.15,,13.96,6,16.11,7.43
10/7/2012,12.07,7.88,37.07,12.39,,16.92,9.78,16.29,21.63,,3.09,2.36,,3.52,,24.77,5.35,,12.46,14.77,33.33,3.35,13.89,18.12,15.99,9.8,,3.22,27.08,8.57,18.22,,14.06,6.09,16.14,7.4
11/7/2012,12.08,7.89,37.07,12.4,,17.27,10.32,16.32,21.7,,3.08,2.38,,3.53,,24.77,5.37,,13.39,14.82,32.89,3.32,14.06,18.15,15.99,9.84,15.9,3.22,27.26,8.86,18.39,,14.17,6.61,16.18,7.41
12/7/2012,12.1,7.91,36.84,12.44,,17.87,9.53,16.49,21.76,,3.1,2.39,,,,24.78,5.38,,14.55,14.89,32.88,3.32,14.2,18.16,16.02,9.86,15.71,3.22,27.3,9.1,18.33,,14.31,6.51,16.22,7.47
13/7/2012,12.11,7.9,36.91,12.51,,18.21,9.37,16.51,21.83,,3.11,2.4,,,,25.48,5.39,,14.54,14.95,33.59,3.37,14.32,18.2,16.12,9.89,15.59,3.22,27.89,9.41,18.34,,14.43,6.33,16.27,7.66
14/7/2012,12.11,7.91,36.97,12.54,,17.34,9.58,16.51,21.89,,3.12,2.42,,,,25.56,5.41,,14.46,14.99,33.64,3.38,14.44,18.24,16.14,9.93,15.57,3.22,27.86,9.28,18.36,,14.55,6.57,16.32,7.72
15/7/2012,12.08,7.92,36.93,12.56,,16.63,8.87,16.54,21.88,,3.12,2.43,,3.64,,25.6,5.42,,13.41,15.03,,3.37,14.53,18.29,16.16,9.96,15.53,3.22,27.45,9.02,18.38,,14.68,6.54,16.36,7.8
16/7/2012,12.07,8.02,36.85,12.66,,16.62,10.17,16.72,21.9,,3.15,2.47,,3.63,,25.63,5.44,,13.88,15.07,,3.39,14.68,18.35,16.18,10.01,15.53,3.22,28.03,9.09,18.46,,14.82,6.79,16.43,7.66
17/7/2012,12.09,8.03,36.52,12.68,,17.65,9.67,16.74,21.97,,3.15,2.48,,3.63,,25.25,5.47,,14,15.14,,3.4,14.85,18.38,16.26,10.04,15.51,3.22,28.24,9.43,18.43,,14.95,6.93,16.5,7.59
18/7/2012,12.11,8.02,36.62,12.7,,17.91,10.13,16.76,21.99,,3.15,2.48,,,,25.22,5.49,,13.53,15.18,,3.46,14.96,18.41,16.33,10.07,15.51,3.22,28.41,9.69,18.41,,15.07,6.59,16.54,7.57
19/7/2012,12.16,8,36.58,12.77,,17.9,9.77,16.8,21.99,,3.15,2.49,,,,25.37,5.49,,13.15,15.23,,3.49,15.12,18.45,16.52,10.11,15.5,3.22,28.32,9.77,18.38,,15.19,6.59,16.58,7.71
20/7/2012,12.19,8.02,36.69,12.84,,17.94,9.72,16.85,22.02,,3.17,2.5,,3.86,,25.26,5.5,,15.24,15.28,,3.53,15.23,18.48,16.58,10.13,15.52,3.22,28.54,9.98,18.39,,15.32,7.27,16.64,7.78
21/7/2012,12.22,8.03,36.84,12.87,,17.23,9.97,16.87,22.04,,3.18,2.52,,3.75,,25.14,5.51,,14.78,15.34,,3.55,15.41,18.49,16.64,10.15,15.59,3.22,28.89,9.72,18.42,,15.42,7.07,16.68,7.8
22/7/2012,12.23,8.06,36.81,12.85,,16.28,9.5,16.91,21.97,,3.19,2.53,,3.69,,25.02,5.53,,15.3,15.38,,3.57,15.46,18.43,16.58,10.2,15.54,3.22,28.73,9.35,18.43,,15.55,6.76,16.74,7.84
23/7/2012,12.2,8.05,36.96,12.75,,16.2,9.29,16.82,21.94,,3.19,2.55,,3.67,,25.02,5.55,,14.41,15.38,,3.58,15.55,18.37,16.52,10.2,15.54,3.22,28.69,9.31,18.42,,15.64,6.4,16.77,7.86
24/7/2012,12.18,8.05,36.73,12.64,,16.62,9.12,16.73,21.93,,3.19,2.55,,,,25.25,5.57,,14.13,15.4,,3.6,15.68,18.41,16.47,10.23,15.5,3.22,28.71,9.41,18.41,,15.73,6.37,16.79,7.88
25/7/2012,12.19,8.03,36.67,12.63,,16.96,9.44,16.69,21.94,,3.2,2.56,,,,25.4,5.57,,14.02,15.45,,3.6,15.83,18.45,16.56,10.25,15.51,3.22,28.7,9.28,18.45,,15.82,6.58,16.81,7.95
26/7/2012,12.24,8.04,36.48,12.65,,17.31,9.74,16.73,21.99,,3.22,2.58,,3.89,,25.38,5.58,,14.67,15.49,,3.58,15.97,18.52,16.45,10.29,15.65,3.22,28.72,9.37,18.68,,15.95,6.75,16.84,8.21
27/7/2012,12.22,8.04,36.55,12.68,,17.46,11.1,16.71,22.03,,3.22,2.59,,3.82,,25.41,5.59,,15.15,15.56,,3.56,16.11,18.57,16.45,10.29,,3.22,28.34,9.6,18.79,,16.1,7.02,16.88,8.31
28/7/2012,12.21,8.02,36.69,12.73,,16.83,10.11,16.7,22.04,,3.23,2.6,,3.79,,25.39,5.6,,15.54,15.6,,3.55,16.24,18.61,16.57,10.32,,3.22,28.47,9.49,18.85,,16.21,7.12,16.9,8.36
29/7/2012,12.21,8.05,36.67,12.81,,16.4,9.4,16.77,22.02,,3.24,2.61,,3.76,,25.45,5.61,,15.17,15.64,,3.55,16.33,18.61,16.63,10.35,,3.22,28.85,9.29,18.98,,16.36,7.19,16.94,8.44
30/7/2012,12.24,8.08,36.47,12.91,,16.34,9.76,16.75,22.01,,3.25,2.63,,,,25.43,5.63,,15,15.67,,3.56,16.41,18.63,16.6,10.38,,3.22,29.06,9.33,18.98,,16.47,7.25,16.99,8.55
31/7/2012,12.28,8.06,36.47,12.97,,17.59,10.17,16.76,21.99,,3.25,2.64,3.61,,,25.49,5.65,,15.78,15.72,,3.57,16.58,18.67,16.7,10.42,,3.22,29.22,9.69,19.01,,16.59,7.29,17.03,8.62
1/8/2012,12.28,8.12,36.31,12.99,,18.25,10.11,16.81,21.97,,3.26,2.65,3.63,3.99,,25.6,5.67,49.07,15.86,15.75,,3.59,16.73,18.68,16.83,10.45,,3.22,28.78,9.92,19.08,,16.72,7.3,17.07,8.64
2/8/2012,12.28,8.09,36.28,13.01,,18,9.89,16.86,21.98,,3.26,2.65,3.66,3.93,,26.13,5.68,49.2,16.19,15.81,,3.61,16.81,18.71,16.84,10.47,,3.22,28.84,10.11,19.17,,16.84,7.44,17.09,8.7
3/8/2012,12.33,8.07,36.3,13.08,,18.52,9.97,16.88,22,,3.27,2.65,3.69,3.9,,26.21,5.69,49.15,16.41,15.86,,3.69,16.92,18.72,16.89,10.51,,3.22,29.23,10.28,19.21,,16.93,7.47,17.13,8.75
4/8/2012,12.35,8.1,36.34,13.13,,17.81,11,16.92,22.02,,3.28,2.65,3.67,3.87,,26.26,5.7,48.81,16.53,15.9,,3.74,17.02,18.74,16.92,10.53,,3.22,29.21,10.09,19.23,,17.06,7.59,17.17,8.78
5/8/2012,12.3,8.1,36.38,13.14,,17.16,10.72,16.88,21.97,,3.28,2.65,3.69,,,26.21,5.71,48.22,16.78,15.94,,3.77,17.09,18.77,16.91,10.55,,3.22,28.71,9.83,19.22,,17.17,7.64,17.2,8.84
6/8/2012,12.29,8.15,36.32,13.19,,17.02,10.94,16.89,21.97,,3.28,2.65,3.7,,,25.7,5.72,48.17,15.65,15.98,,3.79,17.18,18.78,16.85,10.57,,3.22,28.51,9.86,19.43,,17.32,7.67,17.25,8.97
7/8/2012,12.32,8.15,36.47,13.17,,17.08,13.93,16.92,18.8,,3.3,2.65,3.72,4.07,,25.73,5.74,48.18,14.91,16.02,,3.81,17.29,18.77,16.86,10.59,,3.22,28.58,9.95,19.28,,17.48,7.75,17.32,9.01
8/8/2012,12.34,8.2,36.37,13.18,,17,14.05,16.95,22.06,,3.3,2.65,3.79,3.99,,25.78,5.76,48.27,14.68,16.04,,3.82,17.39,18.84,16.93,,,3.22,28.74,10.03,19.24,,17.64,7.82,17.37,9.09
9/8/2012,12.34,8.2,36.24,13.25,,17.03,11.28,17,22.19,,3.3,2.66,3.83,3.98,,25.77,5.77,48.37,14.48,16.07,,3.81,17.47,18.86,16.96,,,3.22,29.05,10.23,19.22,,17.77,8.09,17.41,9.15
10/8/2012,12.38,8.18,36.52,13.34,,17.09,13.51,17.01,22.25,,3.31,2.66,3.84,3.95,,25.79,5.78,48.25,14.42,16.11,,3.82,17.57,18.89,16.95,,,3.22,29.36,10.39,19.22,,17.88,8.1,17.45,9.18
11/8/2012,12.4,8.17,36.43,13.43,,17.05,11.21,17.05,22.25,,3.31,2.66,3.85,3.93,,25.77,5.79,48.15,12.85,16.14,,3.86,17.65,18.93,16.95,,,3.22,29.59,10.34,19.36,,17.99,8,17.5,9.23
12/8/2012,12.4,8.17,36.67,13.49,,16.67,10.68,17.03,22.18,,3.31,2.67,3.84,,,25.82,5.8,48.02,12.26,16.16,,3.84,17.7,18.94,16.99,,,3.22,29.42,10.18,19.3,,18.06,8.03,17.54,9.27
13/8/2012,12.41,8.17,36.72,13.5,,16.51,11.18,17.02,22.18,,3.32,2.67,3.84,4.06,,25.85,5.8,47.99,12.12,16.18,,3.84,17.77,18.9,16.92,,,3.22,29.42,10.15,19.28,,18.14,7.99,17.58,9.34
14/8/2012,12.41,8.2,36.93,13.44,,16.45,10.89,17.05,21.02,,3.32,2.67,3.86,3.99,,25.85,5.81,48.06,12.38,16.21,,3.85,17.9,18.96,16.95,,,3.22,29.34,10.19,19.58,,18.25,8.02,17.62,9.42
15/8/2012,12.37,8.2,36.79,13.42,,16.18,10.92,17.06,22.35,,3.33,2.68,3.87,3.93,,25.84,5.82,48.09,11.82,16.25,,3.86,17.97,18.95,16.97,,,3.22,29.48,9.95,19.52,,18.36,8.17,17.66,9.49
16/8/2012,12.37,8.2,36.78,13.36,,16.24,10.82,17.17,22.29,,3.34,2.68,3.88,3.9,,25.82,5.83,48.34,11.73,16.26,,3.88,18.03,18.93,16.98,,,3.22,29.47,9.94,19.5,,18.44,8.06,17.7,12.42
17/8/2012,12.35,8.25,36.88,13.32,,16.18,10.34,17.16,22.25,,3.34,2.69,3.9,,,25.92,5.85,48.36,12.11,16.29,,3.9,18.07,18.99,17.08,,,3.22,29.47,10.16,19.86,,18.58,8.36,17.75,13.02
18/8/2012,12.34,8.29,36.74,13.35,,16.17,10.82,17.17,21.83,,3.35,2.69,3.92,,,25.89,5.86,48.32,11.66,16.31,,3.98,18.18,19.02,17.1,,,3.22,29.81,10.12,20.02,,18.67,8.97,17.82,13.36
19/8/2012,12.31,8.3,36.72,13.45,,16.29,10.65,17.18,21.63,,3.36,2.7,3.93,4.08,,25.91,5.88,48.28,11.48,16.32,,4.03,18.26,19.01,17.11,,,3.22,29.82,9.86,20.01,,18.79,8.58,17.95,13.61
20/8/2012,12.3,8.29,36.85,13.51,,16.32,11.11,17.18,20.84,,3.36,2.7,3.94,4.05,,25.93,5.89,48.27,11.46,16.33,,4.05,18.35,19,17.12,,,3.22,29.84,9.86,20.02,,18.9,8.77,18.07,13.81
21/8/2012,12.34,8.31,36.96,13.48,,16.45,11.27,17.32,20.7,,3.36,2.69,3.92,4.01,,26,5.89,48.25,11.48,16.36,,4.06,18.49,18.99,17.23,,,3.22,29.78,10.22,19.94,,19,8.78,18.15,13.98
22/8/2012,12.39,8.28,36.95,13.46,,16.38,10.81,17.29,20.69,,3.37,2.69,3.96,,,25.98,5.9,48.29,12.19,16.39,,4.03,18.58,19.06,17.3,,,3.22,29.77,10.34,19.89,,19.1,8.84,18.23,14.12
23/8/2012,12.4,8.31,37.05,13.47,,16.37,11,17.26,21.4,,3.38,2.69,3.98,,,26.09,5.91,48.69,11.72,16.41,,4.02,18.67,19.07,17.35,,,3.22,29.43,10.57,19.83,,19.24,8.95,18.27,14.2
24/8/2012,12.39,8.3,37.07,13.49,,16.39,10.56,17.23,21.51,,3.38,2.69,3.98,,,26.1,5.91,48.78,11.56,16.42,,4.03,18.78,19.06,17.38,,,3.23,29.75,10.7,19.85,,19.35,9.48,18.3,14.34
25/8/2012,12.39,8.28,37.29,13.48,,16.3,14.06,17.24,21.47,,3.38,2.69,3.99,4.09,,26.11,5.91,48.74,11.44,16.42,,4.02,18.88,19.08,17.36,,,3.22,29.85,10.51,19.76,,19.45,9.22,18.34,14.45
26/8/2012,12.38,8.28,37.37,13.49,,16.16,10.52,17.27,21.43,,3.38,2.7,3.99,4.03,,26.05,5.92,48.63,11.43,16.42,,4.01,18.93,19.09,17.35,,,3.22,29.48,10.2,19.73,,19.61,9.41,18.39,14.63
27/8/2012,12.41,8.33,37.32,13.51,,16.13,10.49,17.28,21.45,,3.39,2.71,4,4.02,,26.12,5.93,48.59,11.89,16.42,,4.05,19,19.1,17.32,,,3.23,29.78,10.16,19.73,,19.71,9.02,18.44,14.7
28/8/2012,12.44,8.31,37.38,13.5,,17.08,10.24,17.27,21.51,,3.4,2.71,4.03,,,26.18,5.95,49.19,,16.42,,4.09,19.09,19.11,17.35,,,3.23,29.95,10.27,19.93,,19.83,9.06,18.5,14.68
29/8/2012,12.44,8.34,37.17,13.46,,17.14,11.06,17.28,21.55,,3.41,2.71,4.03,,,26.23,5.96,49.21,12.08,16.43,,4.09,19.16,19.12,17.36,,,3.23,29.27,10.24,19.87,,19.96,9.16,18.51,14.82
30/8/2012,12.46,8.39,37.12,13.4,,17.28,10.61,17.28,21.56,,3.42,,4.04,,,26.28,5.96,49.61,11.63,16.42,,4.07,19.23,19.13,17.36,,,3.23,29.65,10.1,19.81,,20.07,9.3,18.53,14.58
31/8/2012,12.47,,37.18,13.32,,17.18,10.2,17.27,21.98,,3.41,2.7,4.03,4.17,,26.17,5.95,49.76,11.42,16.41,,4.06,19.3,19.13,17.31,,,3.23,29.71,9.86,19.78,,,9.19,18.54,14.51
1/9/2012,12.41,,37.01,13.3,,16.17,9.68,17.27,22.06,,3.4,2.71,4.02,4.07,,26.19,5.95,49.48,11.29,16.37,,4.06,19.32,19.15,17.3,,,3.12,29.2,9.5,19.77,,,8.81,18.57,14.56
2/9/2012,12.39,,36.74,13.27,,15.64,9.21,17.28,22.06,,3.4,2.71,4.02,4.03,,26.1,5.96,48.99,11.13,16.33,,4.05,19.34,19.15,17.3,,,3.1,28.85,9.25,19.76,,,8.51,18.61,14.47
3/9/2012,12.36,,36.59,13.14,,15.63,8.47,17.25,22.03,,3.35,2.67,3.98,3.97,,26.07,5.93,48.97,10.93,16.21,,4.03,19.4,19.14,17.24,,,3.2,28.91,9.11,19.73,,,8.36,18.59,12.15
4/9/2012,12.34,,36.49,12.96,,15.98,8.11,17.21,22.02,,3.32,2.63,3.97,3.97,,26.05,5.91,49.15,10.69,15.99,,4,19.43,19.14,17.22,,,3.21,28.96,9.03,19.74,,,8.38,18.58,11.72
5/9/2012,12.32,,36.64,12.81,,16.1,7.9,17.18,22.03,,3.31,2.62,3.96,3.96,,26.05,5.91,49.27,10.54,15.81,,4,19.45,19.13,17.21,,,3.23,28.99,8.96,19.73,,,8.31,18.57,11.65
6/9/2012,12.3,,36.43,12.68,,16.21,7.79,17.17,19.95,,3.31,2.62,3.98,3.98,,26.06,5.91,49.03,10.44,15.7,,4,19.42,19.14,17.22,,,3.23,28.64,8.9,19.73,,,8.26,18.58,11.83
7/9/2012,12.32,,36.47,12.55,,16.19,8.2,17.21,22.01,,3.34,2.63,3.99,3.97,,26.06,5.92,49.27,10.23,15.6,,3.99,19.36,19.16,17.22,,,3.23,28.98,8.83,19.74,,,8.17,18.58,11.83
8/9/2012,12.3,,36.36,12.43,,15.57,8.56,17.23,22.13,,3.35,2.63,3.99,,,26.06,5.92,49.11,10.13,15.51,,3.98,19.31,19.17,17.21,,,3.23,28.61,8.73,19.72,,,8.2,18.56,11.82
9/9/2012,12.28,,36.26,12.34,,15.11,8.27,17.23,22.1,,3.36,2.63,3.97,,,26.06,5.91,48.9,10.03,15.44,,3.98,19.31,19.18,17.22,,,3.23,28.49,8.6,19.71,,,8.27,18.56,11.83
10/9/2012,12.29,,36.14,12.27,,15.1,8.32,17.24,22.09,,3.37,2.64,3.97,4.28,,26.08,5.91,48.97,10.02,15.4,,3.98,19.36,19.18,17.19,,,3.23,28.49,8.61,19.71,,,8.15,18.57,14.29
11/9/2012,12.35,,35.94,12.2,,15.84,8.25,17.25,22.09,,3.38,2.63,3.98,4.31,,26.08,5.91,49.41,9.99,15.35,,3.98,19.45,19.21,17.2,,,3.23,28.47,8.71,19.72,,,7.76,18.56,14.8
12/9/2012,12.35,,36.12,12.13,,15.98,7.87,17.23,20.87,,3.35,2.61,3.94,4.25,,26.06,5.88,49.63,9.95,15.28,,3.96,19.51,19.22,17.17,,,3.16,28.67,8.75,19.69,,,8.42,18.53,12.54
13/9/2012,12.32,,35.97,12.09,,16.02,7.7,17.23,22.1,,3.35,2.61,3.94,4.2,,26.09,5.87,49.48,9.94,15.22,,3.96,19.55,19.22,17.18,,,3.11,28.3,8.67,19.69,,,7.96,18.53,12.12
14/9/2012,12.33,,35.98,12.04,,16,7.68,17.24,22.16,,3.35,2.6,3.95,,,26.09,5.88,49.71,9.9,15.2,,3.98,19.59,19.23,17.19,,,3.23,28.24,8.61,19.72,,,7.82,18.53,12.05
15/9/2012,12.31,,35.89,12.01,,15.43,7.43,17.25,22.17,,3.36,2.61,3.95,4.15,,26.11,5.88,49.36,9.87,15.19,,3.99,19.59,19.25,17.21,,,3.23,28.21,8.49,19.72,,,7.82,18.54,12.01
16/9/2012,12.29,,35.99,11.97,,14.98,7.24,17.24,22.15,,3.38,2.62,3.95,4.05,,26.11,5.89,48.66,9.85,15.16,,3.99,19.57,19.26,17.24,,,3.23,28.49,8.39,19.73,,,7.7,18.56,11.98
17/9/2012,12.3,,35.9,11.93,,14.98,7.08,17.25,22.15,,3.39,2.62,3.95,4.03,,26.12,5.89,48.71,9.82,15.16,,3.99,19.6,19.28,17.2,,,3.23,28.47,8.38,19.72,,,7.6,18.55,11.96
18/9/2012,12.32,,35.89,11.9,,15.56,7,17.25,22.15,,3.39,2.62,3.96,4.05,,26.11,5.89,49.45,9.73,15.16,,3.99,19.67,19.3,17.19,,,3.23,28.13,8.53,19.72,,,7.63,18.55,11.7
19/9/2012,12.32,,36.01,11.86,,15.84,6.98,17.24,22.15,,3.39,2.61,3.95,4.03,,26.12,5.89,49.32,9.7,15.15,,3.99,19.72,19.31,17.19,,,3.23,28.39,8.51,19.72,,,7.41,18.54,11.67
20/9/2012,12.33,,36.07,11.87,,15.82,6.82,17.25,22.19,,3.4,2.62,3.97,4.03,,26.16,5.91,49.52,9.7,15.17,,4.02,19.8,19.33,17.24,,,3.23,28.11,8.49,19.75,,,7.41,18.55,11.61
21/9/2012,12.34,,36.16,11.83,,16.26,6.82,17.22,22.2,,3.41,2.62,3.97,4.07,,26.17,5.92,49.81,9.69,15.19,,4.02,19.86,19.36,17.22,,,3.23,28.03,8.55,19.75,,,7.41,18.56,11.58
22/9/2012,12.32,,36.35,11.79,,15.39,6.59,17.18,22.17,,3.41,2.61,3.96,,,26.16,5.91,49.82,9.65,15.21,,4.01,19.91,19.36,17.16,,,3.23,28.01,8.46,19.73,,,7.5,18.54,11.77
23/9/2012,12.35,,36.31,11.75,,14.93,6.45,17.14,22.13,,3.42,2.61,3.95,4.14,,26.16,5.91,49.59,9.56,15.23,,4.01,19.98,19.38,17.18,,,3.23,28.17,8.35,19.75,,,7.42,18.53,11.79
24/9/2012,12.37,,36.63,11.71,,14.91,6.45,17.11,21.12,,3.41,2.59,3.94,4.11,,26.14,5.89,49.4,9.61,15.23,,3.99,20.02,19.38,17.1,,,3.23,28.18,8.32,19.83,,,7.22,18.5,11.82
25/9/2012,12.39,,36.78,11.72,,15.94,6.74,17.1,22.11,,3.41,2.61,3.95,4.11,,26.17,5.9,49.58,9.61,15.24,,4,20.06,19.4,17.13,,,3.23,28.09,8.37,19.8,,,7.25,18.51,11.9
26/9/2012,12.38,,36.6,11.7,,16.24,6.68,17.09,22.18,,3.42,2.6,3.95,4.51,,26.18,5.9,49.41,9.67,15.26,,4.01,20.13,19.41,17.13,,,3.23,28.02,8.59,19.79,,,7.27,18.5,11.92
27/9/2012,12.37,,36.43,11.7,,16.4,6.86,17.09,21.4,,3.42,2.6,3.96,4.4,,26.21,5.89,49.45,9.66,15.21,,4,20.09,19.42,17.17,,,3.23,27.86,8.48,19.77,,,7.45,18.5,12
28/9/2012,12.4,,36.65,11.71,,16.44,6.9,17.1,22.27,,3.43,2.62,3.96,,,26.24,5.91,49.83,9.67,15.16,,4.03,19.91,19.44,17.19,,,3.23,28.01,8.44,19.81,,,7.36,18.52,12.03
29/9/2012,12.37,,36.26,11.7,,15.56,6.52,17.1,22.32,,3.43,2.61,3.97,,,26.22,5.92,49.51,9.62,15.09,,4.01,19.69,19.45,17.17,,,3.23,27.99,8.3,19.81,,,7.23,18.51,12.03
30/9/2012,12.32,,36.46,11.65,,15.05,6.52,17.09,22.29,,3.43,2.61,3.95,,,26.23,5.91,49.08,9.57,15,,4.01,19.48,19.45,17.19,,,3.23,27.84,8.16,19.79,,,7.17,18.51,12.02
1/10/2012,12.32,,36.37,11.63,,14.98,6.33,17.07,22.28,,3.43,2.6,3.95,4.31,,26.22,5.91,49.14,9.52,14.91,,4,19.29,19.45,17.13,,,3.23,27.81,8.14,19.8,,,7.11,18.51,12.05
2/10/2012,12.33,,36.27,11.6,,15.86,6.35,17.05,22.28,,3.43,2.6,3.96,,,26.25,5.91,49.24,9.47,14.82,,3.99,19.1,19.46,17.13,,,3.23,27.82,8.11,19.8,,,7.21,18.49,12.09
3/10/2012,12.33,,36.39,11.56,,16.15,6.31,17.05,21.4,,3.44,2.6,3.97,,,26.26,5.92,49.28,9.41,14.76,,3.98,18.9,19.47,17.13,,,3.23,28.49,8.13,19.81,,,7.37,18.49,12.12
4/10/2012,12.32,,36.15,11.51,,16.27,6.22,17.05,22.32,,3.44,2.6,3.96,,,26.26,5.91,49.51,9.38,14.72,,3.97,18.72,19.48,17.14,,,3.23,28.67,8.1,19.82,,,7.22,18.5,12.15
5/10/2012,,,36.04,11.48,,16.32,6.42,17.06,22.35,,3.45,2.61,3.97,,,26.3,5.92,49.62,9.37,14.69,,3.97,18.54,19.49,17.15,,,3.23,28.01,8.06,19.82,,,7.44,18.52,12.25
6/10/2012,,,36.29,11.44,,15.56,6.23,17.07,22.35,,3.45,2.61,3.96,,,26.29,5.92,49.48,9.33,14.66,,3.95,18.39,19.51,17.15,,,3.23,27.98,8.08,19.83,,,7.22,18.5,12.23
7/10/2012,,,36.45,11.4,,15.12,5.98,17.05,22.3,,3.46,2.6,3.94,4.35,,26.28,5.91,48.76,9.29,14.64,,3.92,18.25,19.5,17.15,,,3.23,27.94,8.05,19.81,,,7.1,18.49,12.25
8/10/2012,,,36.95,11.38,,15.07,6.25,17.05,22.3,,3.46,2.61,3.96,4.25,,26.31,5.92,48.94,9.19,14.62,,3.92,18.17,19.5,17.14,,,3.23,27.89,8.02,19.83,,,7.05,18.52,12.22
9/10/2012,12.34,,36.91,11.35,,15.93,6.23,17.04,22.28,,3.46,2.6,3.95,4.2,,26.3,5.91,49.45,9.24,14.61,,3.9,18.09,,17.16,,,3.23,28.16,7.99,19.81,,,7.07,18.5,12.26
10/10/2012,12.34,,36.61,11.33,,16.03,6.34,17.03,19.89,,3.46,2.6,3.94,4.16,,26.31,5.91,49.22,9.23,14.6,,3.9,18.04,,17.16,,,3.24,27.86,7.97,19.82,,,7.03,18.5,12.3
11/10/2012,12.34,,36.55,11.31,,16.24,6.36,17.01,19.6,,3.46,2.6,3.94,4.14,,26.33,5.91,49.74,9.24,14.6,,3.89,17.97,,17.18,,,3.21,28.19,8.02,19.83,,,6.97,18.5,12.59
12/10/2012,12.37,,36.86,11.3,,16.26,6.34,16.97,19.47,,3.45,2.59,3.94,,,26.32,5.91,49.69,9.15,14.59,,3.89,17.9,,17.17,,,3.2,27.81,7.99,19.84,,,6.98,18.5,12.62
13/10/2012,12.31,,36.79,11.28,,15.39,6.11,16.91,19.34,,3.45,2.59,3.93,4.36,,26.33,5.91,49.33,9.2,14.58,,3.88,17.88,,17.2,,,3.24,27.78,7.99,19.85,,,6.92,18.51,12.62
14/10/2012,12.29,,36.96,11.25,,14.75,5.97,16.84,19.2,,3.46,2.58,3.91,4.2,,26.33,5.9,49.38,9.16,14.56,,3.87,17.79,,17.2,,,3.24,27.78,7.89,19.83,,,6.95,18.5,12.62
15/10/2012,12.29,,36.93,11.21,,14.69,6.01,16.78,19.13,,3.46,2.58,3.91,4.12,,26.32,5.89,49.32,9.13,14.47,,3.84,17.72,,17.1,,,3.24,27.73,7.85,19.82,,,6.92,18.49,12.62
16/10/2012,12.32,,36.94,11.2,,15.65,5.95,16.75,18.28,,3.47,2.59,3.92,4.11,,26.37,5.89,49.38,9.1,14.45,,3.85,17.65,,17.17,,,3.24,27.73,7.95,19.86,,,6.97,18.51,12.71
17/10/2012,12.33,,36.71,11.2,,15.98,6.02,16.68,19.12,,3.48,2.61,3.94,,,26.4,5.92,49.47,9.09,14.43,,3.88,17.54,,17.19,,,3.24,27.64,7.87,19.9,,,6.99,18.53,12.71
18/10/2012,12.32,,36.63,11.19,,16.02,5.88,16.63,19.05,,3.49,2.61,3.95,4.41,25.02,26.4,5.93,49.54,9.07,14.39,,3.87,17.4,20.5,17.05,,,3.24,27.66,7.83,19.9,,,6.99,18.55,12.69
19/10/2012,12.32,,37.53,11.18,,15.99,5.96,16.59,19.06,,3.49,2.61,3.95,4.28,24.55,26.4,5.94,49.73,9.05,14.36,,3.86,17.26,20.22,17.06,,,3.24,27.75,7.9,19.9,,,7.03,18.55,12.66
20/10/2012,12.28,,37.38,11.17,,15.31,5.93,16.56,19.02,,3.5,2.61,3.95,4.19,24.35,26.41,5.94,49.71,9.02,14.33,,3.85,17.12,20.2,17.08,,,3.24,27.77,7.83,19.89,,,7.06,18.55,12.64
21/10/2012,12.27,,37.04,11.15,,14.68,5.72,16.52,18.95,,3.51,2.61,3.93,4.1,24.19,26.41,5.94,49.25,9,14.32,,3.84,16.97,20.2,17.04,,,3.24,27.73,7.73,19.88,,,7.09,18.54,12.64
22/10/2012,12.27,,36.8,11.13,,14.65,5.88,16.49,18.91,,3.51,2.62,3.93,4.07,24.15,26.42,5.94,49.21,9.02,14.31,,3.84,16.84,20.2,16.95,,,3.24,28,7.69,19.89,,,7.08,18.55,12.64
23/10/2012,12.3,,36.47,11.12,,15.62,5.74,16.47,18.79,,3.52,2.62,3.94,4.09,24.27,26.43,5.94,49.62,8.98,14.31,,3.84,16.73,20.21,16.97,,,3.24,27.83,7.76,19.89,,,6.97,18.56,12.62
24/10/2012,12.3,,36.41,11.1,,15.76,5.54,16.44,18.75,,3.52,2.62,3.93,4.06,24.25,26.43,5.93,49.63,8.97,14.31,,3.83,16.62,20.21,16.96,,,3.24,27.69,7.72,19.9,,,7.03,18.55,12.61
25/10/2012,12.32,,36.33,11.09,,15.85,5.3,16.41,18.8,,3.52,2.62,3.93,4.04,24.24,26.44,5.93,49.73,8.95,14.31,,3.82,16.53,20.23,16.95,,,3.24,27.58,7.81,19.9,,,7.1,18.53,12.53
26/10/2012,12.31,,37.06,11.03,,15.86,5.1,16.35,18.77,,3.49,2.58,3.89,,24.14,26.41,5.89,49.71,8.89,14.32,,3.77,16.44,20.22,16.93,,,3.24,27.58,7.84,19.86,,,7.09,18.5,12.44
27/10/2012,12.26,,37.12,10.99,,14.95,4.97,16.31,18.71,,3.46,2.56,3.87,4.21,23.96,26.39,5.86,49.2,8.83,14.29,,3.75,16.26,20.21,16.91,,,3.38,27.6,7.72,19.84,,,6.99,18.46,12.46
28/10/2012,12.26,,36.96,10.98,,14.48,4.87,16.3,18.72,,3.45,2.56,3.86,4.09,23.91,26.44,5.86,48.9,8.8,14.27,,3.76,16.09,20.2,16.94,,,3.24,27.52,7.68,19.86,,,7.13,18.47,12.55
29/10/2012,12.26,,36.41,11,,14.4,4.89,16.3,18.74,,3.4,2.59,3.87,4.07,23.92,26.5,5.87,49.12,8.84,14.26,,3.8,15.99,20.21,16.95,,,3.24,27.47,7.66,19.93,,,6.94,18.51,12.58
30/10/2012,12.29,,36.25,10.99,,15.37,4.97,16.27,18.75,24.5,3.38,2.6,3.89,4.06,24.07,26.5,5.89,49.26,8.82,14.24,,3.79,15.88,20.22,16.97,,,3.24,27.65,7.76,19.93,,21.32,6.89,18.52,12.47
31/10/2012,12.27,,36.2,10.91,,15.63,4.63,16.2,18.67,24.39,3.45,2.53,3.84,3.98,23.92,26.42,5.85,49.26,8.75,14.19,,3.72,15.76,20.21,16.98,,,3.24,27.95,7.92,19.85,,21.33,7.03,18.44,12.43
1/11/2012,12.25,,35.98,10.9,,14.67,4.57,16.18,18.64,24.39,3.4,2.48,3.84,3.92,23.83,26.42,5.84,49.11,8.64,14.11,,3.7,15.56,20.19,16.97,,,3.24,,7.74,19.85,,21.34,6.82,18.42,12.53
2/11/2012,12.24,,35.9,10.92,,14.53,4.7,16.19,18.67,24.51,3.31,2.47,3.85,3.92,23.82,26.49,5.85,48.76,8.63,14.09,,3.73,15.44,20.17,16.96,,,3.24,27.53,7.69,19.91,,21.36,6.85,18.47,12.56
3/11/2012,12.23,,36.24,10.92,,14.15,4.73,16.18,18.66,24.51,3.28,2.48,3.87,3.94,23.77,26.53,5.84,48.45,8.56,14.07,,3.73,15.34,20.16,16.94,,,3.24,27.48,7.68,19.93,,21.38,7.01,18.49,12.42
4/11/2012,12.2,,36.68,10.87,,13.97,4.67,16.12,18.57,24.23,3.34,2.46,3.84,3.88,23.66,26.47,5.84,48.12,8.4,13.99,,3.67,15.19,20.15,16.93,,,3.24,27.72,7.58,19.86,,21.39,6.75,18.44,12.38
5/11/2012,12.21,,36.48,10.83,,13.91,4.67,16.11,18.53,24.18,3.39,2.46,3.84,3.86,23.64,26.47,5.83,48.07,8.45,13.9,,3.65,15.02,20.12,16.89,,,3.23,27.41,7.55,19.85,,21.39,6.65,18.43,12.46
6/11/2012,12.27,,36.35,10.87,,14.99,4.71,16.11,18.04,24.33,3.3,,3.85,3.9,23.81,26.55,5.84,48.58,8.43,13.87,,3.69,14.95,20.13,16.98,,,3.24,27.76,7.65,19.92,,21.39,6.78,18.46,12.45
7/11/2012,12.28,,36.54,10.89,,15.36,4.76,16.1,17.84,24.37,3.23,2.53,3.89,3.94,23.85,26.58,5.86,48.98,8.43,13.86,,3.7,14.87,20.13,17,,,3.24,27.59,7.66,19.95,,21.38,6.84,18.48,12.3
8/11/2012,12.27,,36.66,10.9,,15.42,4.84,16.02,17.83,24.3,3.24,2.52,3.89,,23.81,26.55,5.86,49.31,8.36,13.83,,3.67,14.81,20.12,16.98,,,3.24,27.37,7.69,19.93,,21.34,7.05,18.46,12.22
9/11/2012,12.26,,37.33,10.89,,15.61,4.77,15.98,18.24,24.28,3.32,2.51,3.88,4.27,23.76,26.55,5.86,49.72,8.38,13.81,,3.66,14.65,19.77,16.92,,,3.24,27.37,7.61,19.9,,21.3,7.2,18.44,12.11
10/11/2012,12.23,,36.95,10.85,,14.73,4.63,15.94,18.17,24.23,3.37,2.5,3.87,4.09,23.57,26.53,5.85,49.37,8.31,13.8,,3.62,14.55,19.38,16.9,,,3.24,27.51,7.48,19.89,,21.25,7.19,18.4,12.06
11/11/2012,12.21,,36.75,10.82,,14.17,4.53,15.9,18.11,24.16,3.27,2.34,3.81,3.84,23.5,26.51,5.8,49.07,8.18,13.6,,3.58,14.39,19.06,16.89,,,3.2,27.66,7.36,19.85,,21.21,7.04,18.38,11.87
12/11/2012,12.21,,37.09,10.83,,14.06,4.61,15.86,18.11,24.14,3.17,2.32,3.84,3.81,23.51,26.57,5.81,48.97,8.09,13.5,,3.6,14.28,18.75,16.9,,,3.24,27.99,7.32,19.91,,21.05,6.93,18.32,11.88
13/11/2012,12.23,,37.28,10.84,,15.03,4.7,15.85,17.5,24.21,3.15,2.31,3.85,3.91,23.62,26.58,5.81,49.32,8.01,13.43,,3.6,14.16,18.6,16.92,,,3.24,27.69,7.36,19.93,,20.93,6.77,18.31,11.8
14/11/2012,12.24,,36.94,10.83,,15.21,4.67,15.81,17.38,24.21,3.14,2.3,3.85,3.95,23.58,26.57,5.81,48.76,7.96,13.38,,3.58,14.04,18.39,16.92,,,3.24,27.5,7.34,19.91,,20.82,6.73,18.28,11.73
15/11/2012,12.23,,36.92,10.82,,15.22,4.61,15.77,17.3,24.19,3.17,2.3,3.84,3.94,23.54,26.55,5.79,48.64,7.92,13.36,,3.56,13.93,18.35,16.93,,,3.24,27.1,7.4,19.89,,20.7,6.57,18.25,11.65
16/11/2012,12.23,,37.12,10.82,,15.33,4.59,15.73,17.26,24.19,3.18,2.31,3.85,3.94,23.5,26.56,5.78,49.23,7.74,13.35,,3.55,13.84,18.33,16.97,,,3.24,27.21,7.42,19.88,,20.57,6.44,18.21,11.55
17/11/2012,12.21,,37.13,10.8,,14.55,4.56,15.69,17.19,24.15,3.22,2.31,3.84,3.9,23.36,26.55,5.77,49.03,7.83,13.33,,3.54,13.74,18.32,16.97,,,3.24,27.15,7.33,19.86,,20.42,6.38,18.16,11.48
18/11/2012,12.19,,36.94,10.79,,14.04,4.49,15.65,17.12,24.05,3.26,2.32,3.82,3.86,23.31,26.53,5.76,48.44,7.79,13.32,,3.53,13.63,18.32,16.93,,,3.24,27.09,7.26,19.85,,20.27,6.28,18.11,11.39
19/11/2012,12.19,,36.53,10.77,,13.95,4.4,15.61,17.06,24.02,3.28,2.33,3.82,3.85,23.27,26.55,5.76,48.43,7.79,13.33,,3.52,13.56,18.3,16.91,,,3.23,27.37,7.24,19.85,,20.12,6.07,18.06,11.32
20/11/2012,12.23,,36.11,10.76,,14.86,4.32,15.59,17.05,24.06,3.25,2.34,3.82,4.27,23.37,26.55,5.75,48.96,7.78,13.35,,3.51,13.52,18.3,16.92,,,3.24,27.11,7.5,19.86,,19.95,5.96,18.02,11.25
21/11/2012,12.22,,35.84,10.76,,15.05,4.3,15.56,17,24.07,3.23,2.36,3.82,4.13,23.37,26.55,5.76,48.9,7.78,13.38,,3.51,13.48,18.31,16.89,,,3.24,27.26,7.4,19.86,,19.79,6.06,17.98,11.19
22/11/2012,12.22,,35.81,10.77,,15.17,4.34,15.53,16.99,24.07,3.23,2.37,3.83,4.04,23.37,26.56,5.76,49.37,7.76,13.41,,3.5,13.4,18.31,16.88,,,3.24,27.77,7.38,19.88,,19.62,5.98,17.94,
23/11/2012,12.23,,35.65,10.77,,15.19,4.28,15.5,16.95,24.08,3.25,2.38,3.83,4,23.35,26.55,5.76,49.22,7.73,13.45,,3.49,13.33,18.32,16.88,,,3.24,27.41,7.36,19.88,,19.46,5.87,17.9,
24/11/2012,12.22,,35.74,10.76,,14.44,4.32,15.46,16.92,24.04,3.26,2.38,3.83,3.92,23.22,26.55,5.76,48.85,7.72,13.48,,3.48,13.28,18.33,16.88,,,3.24,27.37,7.27,19.88,,19.3,5.77,17.85,
25/11/2012,12.19,,35.76,10.74,,13.95,4.29,15.43,16.85,23.95,3.3,2.39,3.81,3.88,23.16,26.53,5.76,48.8,7.69,13.51,,3.47,13.2,18.32,16.87,,,3.24,26.89,7.17,19.86,,19.13,5.64,17.8,
26/11/2012,12.18,,35.76,10.72,,13.86,4.23,15.38,16.8,23.92,3.34,2.38,3.8,3.85,23.11,26.51,5.75,48.47,7.68,13.52,,3.46,13.13,18.31,16.86,,,3.24,26.78,7.14,19.84,,18.96,5.54,17.73,10.76
27/11/2012,12.17,,35.73,10.66,,14.77,4.06,15.31,16.77,23.92,3.4,2.35,3.78,3.85,23.17,26.5,5.71,48.42,7.65,13.52,,3.42,13.06,18.31,16.89,,,3.24,26.74,7.24,19.84,,18.77,5.5,17.64,
28/11/2012,12.15,,35.58,10.55,,14.88,3.81,15.22,16.7,23.85,3.27,1.91,3.7,3.66,23.06,26.45,5.65,48.65,7.53,13.42,,3.36,12.97,18.29,16.83,,,1.78,27.18,7.32,19.78,,18.59,5.38,17.52,
29/11/2012,12.14,,35.39,10.59,,15,3.85,15.22,16.71,23.89,3.13,1.83,3.71,3.66,23.04,26.49,5.64,48.57,7.42,13.24,,3.37,12.86,18.25,16.88,,,1.32,26.72,7.32,19.81,,18.44,5.26,17.49,
30/11/2012,12.13,,35.79,10.6,,15.06,3.89,15.22,16.74,23.9,2.95,1.83,3.72,3.73,23.06,26.52,5.64,48.96,7.39,13.13,,3.39,12.79,18.21,16.85,,,1.2,26.74,7.27,19.83,,18.34,5.18,17.47,
1/12/2012,12.13,,35.77,10.61,,14.3,3.96,15.22,15.69,23.89,2.87,1.82,3.73,3.74,22.97,26.53,5.64,48.63,7.31,13.08,,3.39,12.72,18.17,16.75,,,1.13,26.87,7.12,19.86,,18.21,5.16,17.44,
2/12/2012,12.11,,35.57,10.6,,13.76,3.95,15.19,15.15,23.8,2.82,1.78,3.71,3.7,22.89,26.49,5.63,48.2,7.2,13.04,,3.37,12.6,18.09,16.74,,,1.09,26.89,7.01,19.82,,18.07,5.07,17.38,
3/12/2012,12.1,,35.42,10.61,,13.69,3.94,15.16,15.05,23.8,2.73,1.78,3.72,3.7,22.86,26.51,5.63,48.12,7.14,13.03,,3.36,12.52,18.05,16.61,,,1.06,26.87,6.97,19.8,,17.95,5.01,17.34,
4/12/2012,12.09,,35.62,10.56,,14.59,3.94,15.07,15.24,23.74,2.75,1.78,3.71,3.77,22.84,26.45,5.59,48.24,7.06,13,,3.32,12.42,17.97,16.79,,,1.04,26.89,7.02,19.74,,17.8,4.91,17.25,
5/12/2012,12.1,,35.46,10.56,,14.73,3.89,15.03,15.84,23.72,2.79,1.8,3.7,3.77,22.81,26.47,5.58,48.22,7.02,12.99,,3.31,12.32,17.94,16.81,,,1.03,26.77,7.04,19.73,,17.69,4.89,17.22,
6/12/2012,12.13,,35.3,10.57,,14.56,3.87,14.99,15.84,23.73,2.72,1.85,3.71,3.81,22.81,26.5,5.59,48.59,7,13,,3.32,12.29,17.92,16.8,,,1.03,26.82,7.02,19.74,,17.6,4.88,17.19,
7/12/2012,12.13,,35.16,10.55,,14.26,3.92,14.9,15.73,23.56,2.72,1.88,3.69,3.81,22.74,26.47,5.57,48.59,6.97,13.03,,3.28,12.25,17.93,16.76,,,1.03,26.54,7.04,19.71,,17.44,4.85,17.11,
8/12/2012,12.11,,35.06,10.54,,13.89,3.82,14.87,15.68,23.55,2.71,1.89,3.69,3.77,22.66,26.45,5.56,48.17,6.84,13.02,,3.27,12.16,17.88,16.78,,,0.85,26.53,6.94,19.68,,17.37,4.75,17.08,
9/12/2012,12.09,,35.13,10.56,,13.54,3.79,14.8,15.58,23.5,2.68,1.95,3.71,3.75,22.6,26.46,5.58,47.89,6.76,13.09,,3.26,12.15,17.91,16.8,,,0.81,26.59,6.9,19.71,,17.23,4.75,17.04,
10/12/2012,12.09,,35.23,10.53,,13.47,3.87,14.73,15.49,23.44,2.77,1.94,3.7,3.72,22.54,26.43,5.56,47.87,6.86,13.11,,3.24,12.09,17.87,16.76,,,1.03,26.42,6.86,19.67,,17.1,4.68,16.98,
11/12/2012,12.1,,36.48,10.53,,14.39,3.89,14.62,15.47,23.48,2.77,1.97,3.69,3.74,22.64,26.45,5.56,48.19,6.89,13.15,,3.24,12.32,17.87,16.79,,,1.04,26.86,7.05,19.68,,17.02,4.64,16.95,
12/12/2012,12.13,,36.8,10.55,,14.63,3.92,14.54,15.45,23.52,2.74,2.01,3.71,3.8,22.68,26.47,5.57,48.36,6.88,13.21,,3.25,12.13,17.9,16.83,,,1.04,26.61,6.97,19.71,,16.92,4.71,16.93,
13/12/2012,12.12,,36.91,10.54,,14.8,3.94,14.48,15.4,23.48,2.75,2.03,3.71,,22.68,26.46,5.58,48.44,6.85,13.25,,3.24,12.08,17.91,16.82,,,1.04,26.87,6.93,,,16.8,4.72,16.88,
14/12/2012,12.1,,36.08,10.53,,14.87,3.89,14.47,15.34,23.42,2.81,2.04,3.71,4.09,22.63,26.44,5.57,48.25,6.85,13.29,,3.22,12.03,17.88,16.8,,,1.05,26.83,6.92,,,16.68,4.64,16.82,
15/12/2012,12.08,,36.24,10.45,,14.06,3.81,14.44,15.26,23.36,2.89,2.04,3.69,3.92,22.49,26.41,5.55,47.99,6.74,13.3,,3.2,11.91,17.88,16.81,,,1.03,26.79,6.98,,,16.58,4.62,16.76,
16/12/2012,12.07,,35.84,10.49,,13.49,3.85,14.4,15.18,23.32,2.91,2.05,3.67,3.85,22.44,26.39,5.55,47.62,6.8,13.28,,3.2,11.81,17.88,16.85,,,1.01,26.52,6.86,,,16.47,4.36,16.72,
17/12/2012,12.07,,35.57,10.48,,13.39,3.85,14.37,15.11,23.29,2.95,1.98,3.66,3.84,22.39,26.4,5.54,47.6,6.78,13.28,,3.19,11.8,17.86,16.73,,,1.06,26.46,6.82,,,16.36,4.37,16.68,8.64
18/12/2012,12.09,,35.61,10.48,,14.49,3.85,14.29,15.11,23.42,2.86,1.9,3.68,3.82,23.44,26.4,5.54,47.83,6.74,13.29,,3.19,11.7,17.85,16.73,,,1.01,26.75,7.02,,,16.28,4.39,16.73,8.59
19/12/2012,12.09,,35.36,10.49,,14.62,3.84,14.19,15.12,23.43,2.76,1.9,3.7,3.84,23.47,26.42,5.55,48.19,6.78,13.33,,3.21,11.77,17.87,16.73,,,0.94,26.78,6.97,,,16.21,4.47,16.77,8.46
20/12/2012,12.08,,35.15,10.47,,14.73,3.85,14.18,15.02,23.33,2.75,1.88,3.69,3.84,23.43,26.38,5.55,48.21,6.61,13.36,,3.19,11.76,17.87,16.74,,,0.91,26.42,6.96,,,16.09,4.4,16.68,8.34
21/12/2012,12.05,,35.29,10.45,,14.77,3.76,14.15,14.97,23.3,2.82,1.88,3.68,3.84,23.39,26.36,5.54,47.69,6.68,13.36,,3.18,11.78,17.84,16.82,,,1.03,26.37,7.01,,,16.01,4.34,16.6,8.26
22/12/2012,12.02,,35.47,10.46,,13.84,3.8,14.08,14.92,23.27,2.78,1.91,3.68,3.8,23.33,26.38,5.54,47.35,6.75,13.39,,3.19,11.77,17.86,16.8,,,1.07,26.51,6.94,,,15.94,4.29,16.57,8.16
23/12/2012,12.01,,35.38,10.45,,13.35,3.78,14.01,14.79,23.23,2.8,1.93,3.68,3.77,23.28,26.36,5.54,47.1,6.7,13.4,,3.18,11.73,17.85,16.8,,,1.07,26.25,6.86,,,15.87,4.18,16.52,8.07
24/12/2012,11.99,,35.02,10.46,,13.06,3.8,13.95,14.74,23.2,2.79,1.95,3.68,3.76,23.26,26.35,5.55,47.05,6.73,13.43,,3.18,11.7,17.85,16.68,,,1.05,26.25,6.82,,,15.8,4.16,16.48,7.94
25/12/2012,11.98,,34.87,10.44,,12.86,3.77,13.93,14.62,23.13,2.83,1.97,3.67,3.73,23.21,26.32,5.54,46.86,6.7,13.44,,3.16,11.68,17.84,16.66,,,1.08,26.43,6.76,,,15.71,4.11,16.42,7.83
26/12/2012,11.96,,34.97,10.42,,12.65,3.75,13.87,14.56,23.09,2.89,1.97,3.65,3.7,23.16,26.3,5.53,46.73,6.68,13.44,,3.14,11.62,17.82,16.65,,,1.09,26.21,6.7,,,15.64,4.04,16.36,7.71
27/12/2012,11.95,,34.93,10.41,,12.63,3.72,13.83,14.48,23.08,2.88,1.95,3.64,3.69,23.17,26.3,5.52,46.94,6.59,13.46,,3.13,11.62,17.83,16.63,,,1.07,26.19,6.67,,,15.55,3.99,16.31,7.68
28/12/2012,11.95,,34.8,10.41,,13.54,3.75,13.7,14.49,23.08,2.81,1.95,3.64,3.69,23.15,26.3,5.53,46.95,6.7,13.46,,3.14,11.6,17.82,16.67,,,1.09,26.37,6.78,,,15.54,3.97,16.29,7.59
29/12/2012,11.93,,34.76,10.42,,13.23,3.82,13.66,,23.07,2.79,1.95,3.65,3.71,23.14,26.29,5.54,46.81,6.67,13.49,,3.14,11.61,17.84,16.64,,,1.09,26.31,6.74,,,15.46,3.98,16.24,7.5
30/12/2012,11.93,,34.61,10.41,,12.84,3.8,13.62,,23.04,2.83,1.95,3.65,3.7,23.13,26.27,5.53,46.72,6.7,13.49,,3.13,11.56,17.82,16.68,,,1.09,26.29,6.68,,,15.41,3.99,16.21,7.39
31/12/2012,11.91,,34.33,10.4,,12.64,3.85,13.58,,22.99,2.81,1.96,3.65,3.71,23.11,26.25,5.53,46.64,6.65,13.52,,3.13,11.55,17.84,16.61,,,1.1,26.26,6.65,,,15.33,3.99,16.16,7.27
1/1/2013,11.9,,34.33,10.37,,12.48,3.8,13.6,,22.95,2.89,1.96,3.63,4.14,23.07,26.23,5.52,46.45,6.71,13.52,,3.11,11.51,17.81,16.59,,,1.1,26.23,6.63,,,15.27,4,16.1,7.22
2/1/2013,11.91,,34.35,10.37,,12.45,3.75,13.46,,22.95,2.8,1.97,3.63,3.92,23.06,26.24,5.51,46.42,6.71,13.54,,3.12,11.48,17.8,16.61,,,1,26.14,6.61,,,15.25,3.98,16.09,
3/1/2013,11.91,,34.29,10.39,,12.46,3.81,13.39,,23.01,2.74,1.87,3.64,3.86,23.14,26.25,5.53,46.74,6.73,13.58,,3.13,11.54,17.85,16.6,,,0.98,26.13,6.76,,,15.23,4.03,16.08,
4/1/2013,11.91,,34.18,10.36,,12.61,3.84,13.39,,22.92,2.74,1.82,3.63,3.8,23.08,26.2,5.52,46.69,6.7,13.57,,3.11,11.52,17.82,16.56,,,1.11,26.25,6.81,,,15.14,3.91,16.01,
5/1/2013,11.88,,34.05,10.35,,12.54,3.81,13.41,,22.89,2.81,1.81,3.62,3.75,23.03,26.18,5.5,46.54,6.68,13.57,,3.1,11.43,17.79,16.55,,,1.11,26.08,6.7,,,15.09,3.99,15.97,
6/1/2013,11.86,,34.13,10.34,,12.44,3.8,13.38,,22.85,2.8,1.83,3.61,3.72,23.02,26.17,5.49,46.49,6.64,13.58,,3.1,11.43,17.79,16.58,,,1.12,26.06,6.63,,,15.02,3.96,15.93,
7/1/2013,11.86,,34.09,10.34,,12.42,3.72,13.31,,22.86,2.8,1.85,3.61,3.71,23.01,26.17,5.49,46.44,6.66,13.59,,3.1,11.41,17.79,16.53,,,1.09,26.12,6.61,,,15,3.94,15.91,
8/1/2013,11.9,,34.35,10.34,,13.25,3.73,13.28,,22.86,2.8,1.88,3.61,3.75,23.16,26.17,5.49,46.78,6.58,13.62,,3.11,,17.81,16.55,,,1.09,26.14,6.71,,,14.95,3.96,15.87,
9/1/2013,11.92,,34.19,10.33,,13.5,3.74,13.27,,22.82,2.85,1.89,3.61,3.77,23.18,26.15,5.48,47,6.57,13.62,,3.11,,17.81,16.53,,,1.12,26.07,6.7,,,14.89,3.9,15.82,
10/1/2013,11.9,,34.38,10.3,,13.63,3.69,13.31,,22.76,2.91,1.89,3.6,3.74,23.12,26.12,5.46,47.42,6.53,13.62,,3.09,,17.77,16.51,,,1.13,26.46,6.65,,,14.81,3.69,15.76,
11/1/2013,11.91,,34.05,10.29,,13.81,3.66,13.29,,22.75,2.94,1.9,3.59,3.73,23.1,26.1,5.45,47.58,6.51,13.62,,3.08,11.52,17.76,16.53,,,1.13,26.25,6.65,,,14.78,3.79,15.72,
12/1/2013,11.9,,33.75,10.3,,13.3,3.64,13.24,,22.77,2.92,1.94,3.59,3.73,23.07,26.14,5.45,47.29,6.53,13.65,,3.11,11.37,17.8,16.55,,,1.13,26.54,6.61,,,14.75,3.7,15.7,
13/1/2013,11.86,,33.64,10.27,,12.77,3.53,13.25,,22.69,2.95,1.94,3.56,3.65,22.98,26.1,5.43,46.9,6.52,13.66,,3.1,11.32,17.78,16.5,,,1.1,26.52,6.53,,,14.68,3.77,15.62,
14/1/2013,11.86,,34.19,10.25,,12.65,3.51,13.22,,22.47,2.77,1.6,3.55,3.62,22.95,26.08,5.42,46.89,6.49,13.66,,3.09,11.28,17.76,16.53,,,1.08,26.04,6.49,,,14.66,3.73,15.59,
15/1/2013,11.86,,34.67,10.23,,13.42,3.52,13.21,,22.35,2.67,1.52,3.53,3.61,23,26.07,5.39,47.13,6.45,13.67,,3.08,14.19,17.76,16.49,,,1.1,26.07,6.56,,,14.59,3.76,15.52,
16/1/2013,11.84,,34.2,10.19,,13.65,3.44,13.26,,22.3,2.38,1.36,3.5,3.56,22.98,26.04,5.34,47.1,6.39,13.65,,3.06,14.16,17.72,16.49,,,1.18,26.28,6.53,,,14.53,3.65,15.46,
17/1/2013,11.82,,34.19,10.2,,13.78,3.45,13.2,,22.32,2.1,1.24,3.5,3.57,22.96,26.06,5.32,47.22,6.35,13.63,,3.06,14.08,17.7,16.48,,,1.11,26.08,6.5,,,14.51,3.77,15.42,
18/1/2013,11.84,,34.12,10.2,,13.88,3.37,13.15,,22.32,2.03,1.24,3.51,3.58,22.91,26.06,5.31,47.38,6.31,13.62,,3.08,14.06,17.69,16.43,,,1.09,26.02,6.59,,,14.48,3.65,15.4,
19/1/2013,11.83,,33.9,10.2,,13.29,3.39,13.15,,22.26,2.03,1.22,3.5,3.6,22.75,26.04,5.28,47.11,6.25,13.61,,3.07,13.98,17.66,16.42,,,1.06,26.1,6.53,,,14.43,3.66,15.35,
20/1/2013,11.8,,33.63,10.15,,12.81,3.3,13.11,,22.18,2.1,1.24,3.47,3.52,22.62,26.01,5.24,46.64,6.18,13.56,,3.03,13.8,17.63,16.42,,,1.07,26.05,6.41,,,14.38,3.62,15.29,
21/1/2013,11.79,,33.52,10.15,,12.7,3.25,13.09,,22.17,2.04,1.2,3.46,3.48,22.53,26,5.22,46.59,6.05,13.48,,3.01,11.02,17.57,16.33,,,1.05,25.77,6.36,,,14.34,3.56,15.27,
22/1/2013,11.81,,33.41,10.17,,13.64,3.34,13,,22.18,2,1.21,3.46,3.54,22.6,26.01,5.22,46.85,5.96,13.42,,3.01,10.85,17.51,16.35,,,0.99,26.01,6.42,,,14.33,3.46,15.25,
23/1/2013,11.83,,33.37,10.19,,13.92,3.35,12.98,,22.21,1.99,1.27,3.47,3.62,22.57,26.01,5.2,46.94,5.87,13.35,,2.98,10.77,17.45,16.35,,,0.97,25.73,6.45,,,14.27,3.57,15.22,
24/1/2013,11.83,,34.69,10.17,,14.02,3.28,12.99,,22.18,2.11,1.3,3.45,3.66,22.44,25.97,5.18,47.07,5.75,13.26,,2.95,10.68,17.37,16.28,,,0.96,25.65,6.39,,,14.19,3.45,15.16,
25/1/2013,11.84,,35.38,10.18,,14.06,3.29,12.9,,22.18,2.16,1.36,3.45,3.7,22.38,25.98,5.18,47.29,5.67,13.21,,2.94,10.61,17.32,16.31,,,0.95,25.82,6.4,,,14.15,3.42,15.15,
26/1/2013,11.85,,34.54,10.19,,13.33,3.34,12.84,,22.14,2.18,1.41,3.45,3.67,22.26,25.98,5.17,47,5.62,13.16,,2.91,10.56,17.27,16.31,,,0.94,25.37,6.43,,,14.08,3.45,15.14,
27/1/2013,11.82,,34.24,10.2,,12.75,3.37,12.8,,22.07,2.19,1.46,3.45,3.63,22.15,25.95,5.17,46.59,5.55,13.1,,2.88,10.5,17.25,16.27,,,0.94,25.26,6.34,,,13.97,3.41,15.11,
28/1/2013,11.81,,34.1,10.2,,12.7,3.38,12.71,,22.04,2.21,1.48,3.44,3.6,22.07,25.93,5.16,46.42,5.46,13.08,,2.86,10.44,17.19,16.21,,,0.8,25.12,6.28,,,13.88,3.32,15.08,
29/1/2013,11.82,,33.87,10.22,,13.62,3.42,12.69,,22.06,2.21,1.52,3.44,3.67,22.19,25.94,5.16,46.92,5.47,13.08,,2.83,10.44,17.2,16.2,,,0.78,25.21,6.26,,,13.73,3.41,15.06,
30/1/2013,11.82,,33.64,10.21,,13.95,3.41,12.69,,22,2.28,1.53,3.42,3.7,22.12,25.91,5.15,46.78,5.35,13.06,,2.79,10.38,17.14,16.17,,,0.82,25.18,6.22,,,13.56,3.37,15.02,
31/1/2013,11.82,,33.45,10.21,,14.03,3.42,12.66,,21.97,2.31,1.54,3.42,3.74,22.07,25.89,5.14,46.96,5.36,13.04,,2.77,10.35,17.1,16.14,,,0.83,25.09,6.24,,,13.4,3.39,14.99,
1/2/2013,11.8,,33.24,10.16,,14.17,3.28,12.7,,21.86,2.4,1.55,3.39,3.74,21.94,25.81,5.1,46.97,5.28,12.97,,2.7,10.28,17.03,16.1,,,0.89,25.1,6.23,,,13.17,3.36,14.9,
2/2/2013,11.75,,33.23,10.13,,13.07,3.11,12.79,,21.79,2.11,1.16,3.35,3.47,21.76,25.77,4.95,46.58,5.21,12.92,,2.66,10.16,16.92,16.15,,,0.65,25.29,6.16,,,12.98,3.3,14.84,
3/2/2013,11.75,,33.81,10.13,,12.77,3.04,12.6,,21.83,1.64,0.73,3.34,3.38,21.72,25.84,4.89,46.4,5.18,12.9,,2.67,10.13,16.93,16.02,,,0.31,25.39,6.12,,,12.84,3.14,14.84,
4/2/2013,11.76,,33.4,10.17,,12.54,3.32,12.58,,21.88,1.61,0.71,3.37,3.38,21.73,25.83,5.05,46.24,5.14,12.9,,2.65,10.09,16.91,16.12,,,0.46,24.95,6.08,,,12.65,3.15,14.86,
5/2/2013,11.73,,33.35,10.13,,12.48,3.41,12.58,,21.76,1.66,0.97,3.33,3.53,21.67,25.75,5.01,46.57,5.05,12.87,,2.59,10.03,16.83,15.97,,,0.46,24.83,6.04,,,12.25,3.09,14.78,
6/2/2013,11.72,,34.69,10.11,,13.36,3.3,12.69,,21.75,1.88,1.11,3.32,3.72,21.58,25.73,4.98,46.7,5.01,12.85,,2.57,9.92,16.72,15.89,,,0.46,24.75,6.01,,,11.89,3.04,14.74,
7/2/2013,11.71,,35.34,10.12,,13.63,3.32,12.62,,21.8,1.99,1.2,3.32,3.64,21.57,25.75,4.97,46.84,4.98,12.85,,2.57,9.87,16.7,15.92,,,0.46,24.68,6.07,,,11.63,3.11,14.73,
8/2/2013,11.72,,35,10.13,,13.73,3.32,12.56,,21.85,2.03,1.28,3.32,3.57,21.51,25.75,4.96,46.71,4.99,12.86,,2.55,9.85,16.69,15.9,,,0.46,24.64,6.07,,,11.41,3.19,14.72,
9/2/2013,11.71,,34.23,10.14,,12.9,3.35,12.52,,21.8,2.09,1.34,3.31,3.56,21.39,25.73,4.96,46.51,4.93,12.88,,2.53,9.82,16.67,15.9,,,0.46,24.6,6.06,,,11.23,3.1,14.7,
10/2/2013,11.69,,34.01,10.14,,12.38,3.35,12.49,,21.73,2.15,1.39,3.3,3.49,21.3,25.7,4.95,46.13,4.97,12.9,,2.51,9.78,16.64,15.9,,,0.46,24.58,6,,,11.05,3.14,14.68,
11/2/2013,11.66,,33.72,10.1,,12.3,3.02,12.51,,21.62,2.25,1.41,3.24,3.49,21.22,25.64,4.9,46.16,4.93,12.9,,2.44,9.73,16.58,15.82,,,0.46,24.45,5.94,,,10.83,3.07,14.6,
12/2/2013,11.65,,33.85,10.1,,13.21,3.02,12.49,,21.64,2.22,1.42,3.24,3.57,21.17,25.64,4.9,46.24,4.94,12.89,,2.43,9.68,16.52,15.82,,,0.38,24.45,5.95,,,10.75,3.03,14.6,
13/2/2013,11.67,,34.01,10.12,,13.43,3.17,12.42,,21.7,2.13,1.37,3.26,3.56,21.24,25.66,4.91,46.34,4.96,12.94,,2.44,9.71,16.54,15.87,,,0.31,24.41,5.95,,,10.68,3.08,14.59,
14/2/2013,11.68,,33.56,10.13,,13.54,3.35,12.39,,21.69,2.07,1.33,3.26,3.48,21.23,25.64,4.91,46.73,4.98,12.98,,2.44,9.71,16.55,15.81,,,0.29,24.48,5.95,,,10.6,3.12,14.57,
15/2/2013,11.68,,33.49,10.13,,13.63,3.45,12.36,,21.67,2.04,1.32,3.27,3.43,21.19,25.61,4.91,46.51,4.93,12.99,,2.43,9.67,16.5,15.77,,,0.45,24.26,5.99,,,10.54,3.15,14.55,
16/2/2013,11.69,,33.45,10.15,,12.83,3.43,12.34,,21.64,2.03,1.35,3.27,3.35,21.12,25.6,4.9,46.32,4.99,13.03,,2.42,9.66,16.49,15.76,,,0.45,24.44,5.94,,,10.48,3.14,14.53,
17/2/2013,11.66,,33.35,10.14,,12.31,3.44,12.33,,21.57,2.08,1.38,3.26,3.38,21.05,25.57,4.88,46.02,4.87,13.05,,2.4,9.63,16.46,15.75,,,0.45,24.37,5.88,,,10.41,3.1,14.5,
18/2/2013,11.66,,33.51,10.14,,12.23,3.39,12.31,,21.56,2.17,1.42,3.25,3.35,20.99,25.56,4.87,45.99,4.96,13.07,,2.38,9.6,16.42,15.68,,,0.45,24.3,5.84,,,10.36,3.07,14.48,
19/2/2013,11.68,,34.78,10.12,,13.13,3.47,12.3,,21.52,2.23,1.46,3.24,3.41,21.05,25.53,4.85,46.31,4.96,13.09,,2.36,9.58,16.4,15.62,,,0.46,24.68,5.84,,,10.28,3.12,14.44,
20/2/2013,11.69,,35.28,10.11,,13.37,3.44,12.32,,21.52,2.34,1.48,3.24,3.6,20.97,25.51,4.83,46.29,4.96,13.1,,2.35,9.55,16.35,15.61,,,0.46,24.25,5.84,,,10.24,3.05,14.42,
21/2/2013,11.67,,35.49,10.07,,13.44,3.38,12.32,,21.51,2.38,1.52,3.21,3.55,20.99,25.48,4.81,46.46,4.93,13.12,,2.32,9.51,16.34,15.57,,,0.43,24.45,5.8,,,10.17,3.11,14.38,
22/2/2013,11.65,,35.04,10.04,,13.44,3.31,12.33,,21.45,2.41,1.52,3.19,3.58,20.9,25.45,4.79,46.35,4.84,13.11,,2.3,9.46,16.29,15.52,,,0.44,24.26,5.77,,,10.1,2.91,14.33,
23/2/2013,11.61,,34.58,10.01,,12.59,3.11,12.3,,21.38,2.44,1.52,3.16,3.52,20.7,25.42,4.76,46.09,4.89,13.12,,2.28,9.42,16.27,15.49,,,0.45,24.1,5.68,,,10.03,2.97,14.27,
24/2/2013,11.58,,34.33,10,,12.08,3.13,12.22,,21.38,2.22,1.34,3.15,3.33,20.63,25.41,4.75,45.95,4.89,13.12,,2.27,9.37,16.22,15.48,,,0.36,24.05,5.64,,,10.03,2.96,14.28,
25/2/2013,11.57,,35.01,10.03,,11.98,3.23,12.13,,21.42,2.09,1.3,3.16,3.3,20.64,25.44,4.76,45.94,4.89,13.15,,2.29,9.39,16.26,15.55,,,0.32,24.19,5.62,,,9.99,2.88,14.3,
26/2/2013,11.61,,35.04,10.04,,12.92,3.39,12.1,,21.44,2.07,1.31,3.18,3.34,20.7,25.39,4.75,46.06,4.83,13.17,,2.29,9.38,16.28,15.51,,,0.44,24.11,5.66,,,9.93,3.07,14.29,
27/2/2013,11.62,,35.1,10.05,,13.16,3.43,12.06,,21.44,2.11,1.35,3.17,3.37,20.65,25.38,4.74,46.18,4.78,13.17,,2.28,9.34,16.24,15.47,,,0.45,24.24,5.66,,,9.85,3.06,14.28,
28/2/2013,11.62,,35.05,10.06,,13.28,3.44,12.05,,21.42,2.14,1.4,3.17,3.41,20.55,25.36,4.72,46.27,4.71,13.18,,2.27,9.31,16.21,15.43,,,0.45,24.13,5.62,,,9.67,2.98,14.26,
1/3/2013,11.6,,34.8,10.04,,13.35,3.48,12.07,,21.37,2.23,1.44,3.16,3.54,20.42,25.33,4.7,46.16,4.66,13.15,,2.24,9.25,16.15,15.37,,,0.45,23.9,5.64,,,9.42,2.9,14.23,
2/3/2013,11.57,,35.49,10.04,,12.52,3.46,12.08,,21.37,2.32,1.47,3.15,3.55,20.23,25.29,4.69,46.07,4.62,13.12,,2.23,9.19,16.1,15.38,,,0.45,24.33,5.57,,,9.23,2.87,14.22,
3/3/2013,11.55,,35.44,10.05,,11.94,3.42,12.07,,21.29,2.35,1.51,3.13,3.46,20.03,25.26,4.68,45.6,4.55,13.09,,2.21,9.16,16.04,15.36,,,0.45,23.78,5.53,,,9.05,2.84,14.2,
4/3/2013,11.55,,34.79,10.05,,11.87,3.4,12.02,,21.28,2.37,1.54,3.13,3.38,19.94,25.27,4.67,45.67,4.54,13.07,,2.2,9.1,16,15.31,,,0.45,23.68,5.5,,,8.93,2.86,14.19,
5/3/2013,11.56,,34.69,10.04,,12.78,3.49,12.01,,21.23,2.41,1.56,3.13,3.44,19.85,25.22,4.66,45.7,4.53,13.06,,2.16,9.09,15.98,15.24,,,0.45,23.58,5.58,,,8.8,2.88,14.16,
6/3/2013,11.55,,34.35,9.98,,12.99,3.32,12.04,,21.15,2.49,1.5,3.09,3.63,19.62,25.15,4.63,45.64,4.42,12.99,,2.1,9.03,15.89,15.13,,,0.45,23.62,5.53,,,8.64,2.84,14.1,
7/3/2013,11.54,,34.22,9.97,,13.09,3.33,12.1,,21.15,,1.35,3.06,3.63,19.41,25.14,4.61,45.88,4.29,12.88,,2.09,8.93,15.78,15.09,,,0.55,23.89,5.46,,,8.56,2.77,14.07,
8/3/2013,11.54,,34.11,9.96,,13.17,3.28,12.09,,21.13,,1.29,3.06,3.63,19.27,25.12,4.58,45.68,4.16,12.74,,2.05,8.85,15.7,15.04,,,0.42,23.31,5.49,,,8.49,2.75,14.04,
9/3/2013,11.52,,33.66,9.95,,12.38,3.21,12.09,,21.08,,1.11,3.03,3.43,19.04,25.07,4.55,45.58,4.03,12.55,,2.01,8.76,15.62,15.01,,,0.41,23.67,5.37,,,8.43,2.76,14.01,
10/3/2013,11.49,,33.57,9.94,,11.78,3.16,12.09,,21.04,,0.91,3.01,3.45,18.89,25.03,4.51,45.1,3.92,12.35,,1.97,8.63,15.5,14.98,,,0.38,23.19,5.26,,,8.39,2.78,13.97,
11/3/2013,11.48,,34.71,9.93,,11.71,3.14,12.08,,21.02,,0.98,3.01,3.46,18.82,25,4.5,44.99,3.66,12.23,,1.93,8.52,15.37,14.89,,,0.44,23.02,5.22,,,8.35,2.75,13.94,
12/3/2013,11.48,,34.25,9.92,,12.52,3.11,12.07,,21.01,,1.03,3.02,3.49,18.76,24.97,4.48,45.14,3.6,12.15,,1.88,8.43,15.27,14.86,,,0.44,22.85,5.38,,,8.3,2.75,13.91,
13/3/2013,11.48,,34.61,9.91,,12.7,3.06,12.06,,20.97,,1.1,2.99,3.62,18.6,24.92,4.45,45.01,3.57,12.1,,1.83,8.36,15.15,14.83,,,0.44,22.7,5.41,,,8.25,2.7,13.87,
14/3/2013,11.47,,34.15,9.89,,12.79,3.03,12.03,,20.94,,1.11,2.98,3.65,18.49,24.89,4.43,45.3,3.56,12.07,,1.78,8.32,15.04,14.77,,,0.43,22.6,5.33,,,8.14,2.71,13.83,
15/3/2013,11.47,,33.71,9.9,,12.82,3.04,12.03,,21.01,,1.18,2.98,3.48,18.42,24.89,4.43,45.32,3.58,12.07,,1.79,8.28,15.02,14.84,,,0.44,22.58,5.42,,,8.14,2.7,13.84,
16/3/2013,11.46,,33.77,9.95,,12.13,3.71,12.06,,21.04,,1.25,3,3.31,18.35,24.86,4.45,45.04,3.63,12.11,,1.75,8.34,15.03,14.83,,,0.44,22.6,5.27,,,7.93,2.69,13.85,
17/3/2013,11.42,,33.74,9.93,,11.58,3.87,12.07,,20.89,,1.28,2.96,3.3,18.19,24.76,4.44,44.75,3.61,12.12,,1.67,8.26,14.94,14.72,,,0.44,22.46,5.11,,,7.68,2.67,13.79,
18/3/2013,11.37,,33.65,9.81,,11.51,3.37,12.02,,20.78,,1.22,2.92,3.36,18.06,24.66,4.4,44.67,3.51,12.08,,1.6,8.16,14.78,14.43,,,0.43,22.4,5.01,,,7.48,2.6,13.72,
19/3/2013,11.38,,33.15,9.85,,12.25,3.33,11.95,,20.81,,1.21,2.95,3.27,18.05,24.69,4.4,44.77,3.49,12.07,,1.59,8.06,14.7,14.53,,,0.43,22.28,5.05,,,7.43,2.6,13.73,
20/3/2013,11.39,,33.14,9.91,,12.44,3.32,11.95,,20.91,,1.23,2.95,3.35,18.06,24.66,4.4,44.85,3.41,12.02,,1.55,8,14.63,14.45,,,0.38,22.23,5.1,,,7.35,2.55,13.71,
21/3/2013,11.38,,33.94,9.91,,12.51,3.31,11.93,,20.91,,1.24,2.95,3.36,17.99,24.64,4.39,44.94,3.32,11.95,,1.51,7.93,14.52,14.39,,,0.32,21.98,5.05,,,7.29,2.69,13.71,
22/3/2013,11.39,,33.86,9.92,,12.62,3.33,11.95,,20.88,,1.25,2.95,3.4,17.89,24.6,4.39,44.97,3.25,11.85,,1.46,7.88,14.41,14.33,,,0.44,21.91,5.08,,,7.23,2.89,13.69,
23/3/2013,11.34,,34.18,9.92,,11.86,3.26,11.95,,20.81,,1.27,2.94,3.37,17.7,24.53,4.38,44.69,3.21,11.76,,1.39,7.83,14.29,14.27,,,0.44,22.13,4.91,,,7.17,2.62,13.66,
24/3/2013,11.3,,34.83,9.9,,11.4,3.12,11.94,,20.73,,1.25,2.9,3.23,17.52,24.47,4.35,44.12,3.14,11.66,,1.31,7.75,14.18,14.21,,,0.43,21.67,4.78,,,7.09,2.62,13.62,
25/3/2013,11.27,,35.21,9.87,,11.28,3.22,11.88,,20.67,,1,2.88,3.17,17.4,24.4,4.32,44.01,3.04,11.55,,1.25,7.65,14.03,14.05,,,0.43,21.92,4.7,,,7.01,2.53,13.57,
26/3/2013,11.26,,35.04,9.87,,12.03,3.24,11.84,,20.68,,1.01,2.88,3.23,17.33,24.39,4.31,44.25,3.01,11.46,,1.2,7.55,13.91,14,,,0.44,21.86,4.72,,,6.97,2.54,13.56,
27/3/2013,11.25,,34.85,9.88,,12.28,3.27,11.8,,20.69,,1.06,2.89,3.37,17.22,24.36,4.29,44.36,3,11.42,,1.16,7.51,13.8,13.96,,,0.44,21.79,4.74,,,6.94,2.51,13.56,
28/3/2013,11.24,,34.92,9.88,,12.38,3.32,11.8,,20.69,,1.06,2.91,3.32,17.07,24.3,4.28,44.44,3.01,11.39,,1.09,7.49,13.73,13.92,,,0.44,21.35,4.74,,,6.87,2.59,13.54,
29/3/2013,11.19,,34.85,9.86,,12.46,3.22,11.83,,20.62,,1.15,2.9,3.38,16.86,24.22,4.26,44.32,3,11.35,,1.02,7.41,13.6,13.81,,,0.44,21.23,4.71,,,6.77,2.57,13.5,
30/3/2013,11.13,,34.17,9.8,,11.45,3.1,11.82,,20.5,,0.97,2.85,3.1,16.51,24.12,4.2,43.8,2.94,11.27,,0.92,7.35,13.5,13.71,,,0.44,21.06,4.51,,,6.66,2.54,13.45,
31/3/2013,11.12,,33.94,9.79,,11.1,3.11,11.72,,20.49,,0.89,2.84,3.11,16.4,24.1,4.19,43.41,2.9,11.22,,0.89,7.16,13.39,13.73,,,0.41,20.99,4.42,,,6.64,2.53,13.45,
1/4/2013,11.09,,33.8,9.82,,10.87,3.17,11.71,,20.46,,0.9,2.81,3.09,16.27,24.02,4.16,43.12,2.89,11.2,,0.83,7.16,13.32,13.66,,,0.44,20.94,4.3,,,6.59,2.5,13.43,
2/4/2013,11.07,,33.42,9.79,,10.82,3.17,11.67,,20.4,,0.99,2.79,3.13,16.16,23.98,4.13,43.07,2.86,11.18,,0.77,7.12,13.23,13.55,,,0.43,20.83,4.26,,,6.53,2.42,13.39,
3/4/2013,11.07,,33.33,9.82,,11.64,3.34,11.65,,20.43,,1.05,2.78,3.2,16.16,23.92,4.12,43.31,2.86,11.17,,0.74,7.07,13.14,13.51,,,0.44,20.75,4.32,,,6.52,2.39,13.39,
4/4/2013,11.07,,33.11,9.82,,11.94,3.3,11.65,,20.44,,1.04,2.78,3.22,16.02,23.85,4.09,43.59,2.86,11.18,,0.67,7.05,13.08,13.46,,,0.44,20.75,4.38,,,6.45,2.4,13.36,
5/4/2013,11.05,,33,9.77,,12.04,3.26,11.6,,20.39,,0.92,2.76,3.14,15.82,23.79,4.05,43.45,2.72,11.13,,0.6,6.86,12.96,13.35,,,0.4,20.49,4.27,,,6.41,2.39,13.33,
6/4/2013,11.05,,32.91,9.8,,11.35,3.33,11.59,,20.46,,0.88,2.75,3.07,15.52,23.74,4.03,43.41,2.66,11.07,,0.53,6.73,12.85,13.33,,,0.35,20.09,4.09,,,6.4,2.43,13.35,
7/4/2013,11.04,,32.9,9.81,,10.91,3.3,11.6,,20.38,,0.92,2.75,3.12,15.2,23.66,4.01,42.97,2.64,11.02,,0.43,6.62,12.69,13.26,,,0.44,19.68,3.97,,,6.36,2.48,13.34,
8/4/2013,11.03,,32.74,9.8,,10.85,3.26,11.62,,20.32,,0.99,2.73,3.1,14.94,23.57,3.98,42.78,2.64,10.97,,0.34,6.56,12.55,13.08,,,0.44,19.49,3.94,,,6.29,2.45,13.31,
9/4/2013,11.02,,32.76,9.8,,11.5,3.33,11.62,,20.33,,1.05,2.73,3.18,14.78,23.5,3.96,42.71,2.67,10.96,,0.25,6.52,12.43,13.06,,,0.42,19.26,4.11,,,6.28,2.47,13.3,
10/4/2013,11.01,,32.46,9.8,,11.6,3.39,11.61,,20.41,,1.17,2.73,3.28,14.6,23.43,3.95,42.72,2.7,10.95,,0.2,6.48,12.35,13.01,,,0.41,19.19,4.02,,,6.28,2.46,13.29,
11/4/2013,10.99,,33,9.81,,11.4,3.38,11.6,,20.38,,1.21,2.71,3.22,14.46,23.32,3.95,42.88,2.74,10.97,,0.15,6.5,12.27,12.98,,,0.44,19.57,3.94,,,6.26,2.63,13.28,
12/4/2013,10.96,,32.78,9.8,,11.4,3.45,11.58,,20.35,,1.24,2.73,3.32,14.37,23.24,3.94,42.71,2.76,10.97,,0.14,6.45,12.17,12.88,,,0.44,18.95,3.89,,,6.24,2.57,13.26,
13/4/2013,10.94,,32.53,9.81,,11.15,3.7,11.59,,20.36,,1.29,2.72,3.17,14.27,23.22,3.95,42.57,2.82,11.02,,0.02,6.49,12.15,12.93,,,0.44,19.1,3.82,,,6.26,2.6,13.27,
14/4/2013,10.9,,32.47,9.85,,10.8,3.95,11.58,,20.26,,1.36,2.72,3.14,14.27,23.12,3.97,42.16,2.89,11.08,,0,6.53,12.14,12.89,,,0.44,19.09,3.76,,,6.31,2.6,13.29,
15/4/2013,10.88,,32.86,9.84,,10.75,4.14,11.55,,20.2,,1.38,2.72,3.19,14.21,23.03,3.98,42.06,2.93,11.13,,0.01,6.51,12.09,12.75,,,0.44,19.04,3.71,,,6.29,2.74,13.27,
16/4/2013,10.88,,33.29,9.84,,11.39,4.65,11.53,,20.22,,1.4,2.72,3.34,14.27,22.95,3.98,42.23,2.96,11.17,,0.01,6.52,12.05,12.72,,,0.44,19.05,3.76,,,6.29,2.66,13.27,
17/4/2013,10.88,,33.09,9.83,,11.55,5.26,11.53,,20.21,,1.43,2.72,3.34,14.25,22.89,3.99,42.29,3.01,11.24,,,6.54,12.02,12.68,,,0.44,19.03,3.78,,,6.32,2.87,13.26,
18/4/2013,10.89,,32.86,9.82,,11.66,5.08,12.15,,20.18,,1.44,2.7,3.35,14.28,22.81,4,42.31,3.06,11.29,,,6.55,11.98,12.61,,,0.44,19.04,3.78,,,6.31,2.65,13.24,
19/4/2013,10.89,,32.73,9.8,,11.78,5.09,11.85,,20.14,,1.45,2.7,3.45,14.26,22.74,4,42.22,3.08,11.32,,0,6.54,11.95,12.55,,,0.44,19.01,3.79,,,6.3,2.64,13.21,
20/4/2013,10.85,,32.8,9.8,,11.27,5.18,11.72,,20.1,,1.47,2.66,3.09,14.17,22.69,3.98,41.85,3.09,11.36,,,6.53,11.91,12.53,,,0.44,18.99,3.71,,,6.31,2.69,13.21,
21/4/2013,10.81,,32.69,9.8,,10.86,5.14,11.63,,20.01,,1.46,2.64,3.1,14.16,22.61,3.98,41.4,2.97,11.24,,,6.52,11.9,12.48,,,0.44,18.99,3.64,,,6.34,2.62,13.19,
22/4/2013,10.78,,32.63,9.78,,10.8,4.47,11.58,,19.98,,1.42,2.64,3.17,14.14,22.56,3.96,41.35,2.9,11.09,,,6.51,11.87,12.44,,,0.43,18.95,3.6,,,6.34,2.58,13.18,
23/4/2013,10.79,,32.58,9.79,,11.13,4.2,11.55,,20.03,,1.42,2.67,3.22,14.27,22.52,3.97,41.52,2.89,11,,,6.55,11.89,12.41,,,0.44,18.92,3.68,,,6.39,2.68,13.19,
24/4/2013,10.79,,33.56,9.82,,11.33,4.13,11.53,,20.09,,1.43,2.68,3.29,14.39,22.45,3.97,41.51,2.89,10.94,,,6.6,11.9,12.37,,,0.44,19.43,3.77,,,6.45,2.66,13.2,
25/4/2013,10.78,,33.05,9.81,,10.98,4.12,11.5,,20.06,,1.43,2.67,3.31,14.34,22.37,3.96,41.39,2.9,10.89,,,6.6,11.88,12.29,,,0.44,19.08,3.66,,,6.45,2.7,13.18,
26/4/2013,10.73,,32.64,9.78,,10.92,4,11.46,,19.95,,1.44,2.64,3.32,14.27,22.27,3.94,41.27,2.9,10.86,,,6.58,11.84,12.18,,,0.44,19.02,3.65,,,6.43,2.95,13.14,
27/4/2013,10.69,,32.43,9.76,,10.61,3.83,11.42,,19.87,,1.43,2.63,3.38,14.23,22.19,3.92,41.21,2.91,10.85,,,6.54,11.79,12.1,,,0.44,18.99,3.6,,,6.42,3.02,13.12,
28/4/2013,10.68,,32.28,9.76,,10.48,3.76,11.41,,19.87,,1.45,2.63,3.26,14.23,22.17,3.92,41.12,2.94,10.82,,,6.54,11.8,12.14,,,0.44,19.05,3.57,,,6.45,2.98,13.13,
29/4/2013,10.66,,32.14,9.77,,10.46,3.75,11.4,,19.86,,1.46,2.62,3.22,14.31,22.14,3.93,41.02,3.01,10.76,,,6.58,11.81,12.08,,,0.44,19.08,3.58,,,6.51,2.96,13.14,
30/4/2013,10.7,,32.15,9.79,,11.27,4.47,11.38,,19.89,,1.46,2.63,3.27,14.48,22.1,3.94,41.03,3.07,10.67,,,6.61,11.82,12.04,,,0.44,19.05,3.68,,,6.55,3.03,13.14,
1/5/2013,10.69,,32.1,9.79,,10.94,4.14,11.36,,19.84,,1.47,2.62,3.32,14.43,22.04,3.95,40.8,3.11,10.56,,,6.61,11.81,12.02,,,0.44,19.11,3.58,,,6.59,2.93,13.13,
2/5/2013,10.68,,32.07,9.77,,10.89,4.22,11.32,,19.81,,1.47,2.6,3.31,14.4,21.95,3.95,40.82,3.15,10.48,,,6.61,11.79,11.95,,,0.44,19.11,3.56,,,6.6,2.87,13.1,
3/5/2013,10.69,,31.98,9.77,,11.4,5.59,11.31,,19.81,,1.48,2.6,3.41,14.49,21.91,3.95,41.21,3.17,10.46,,,6.62,11.79,11.9,,,0.44,18.95,3.6,,,6.61,2.89,13.1,
4/5/2013,10.69,,32.31,9.77,,11.06,6.35,11.3,,19.76,,1.5,2.6,3.33,14.54,21.88,3.96,40.91,3.22,10.48,,,6.54,11.8,11.91,,,0.44,19.14,3.61,,,6.64,2.95,13.1,
5/5/2013,10.69,,32.19,9.76,,10.6,6.53,11.27,,19.7,,1.5,2.59,3.22,14.54,21.81,3.97,40.74,3.27,10.51,,,6.63,11.8,11.88,,,0.44,19.18,3.55,,,6.69,2.98,13.09,
6/5/2013,10.66,,31.97,9.74,,10.53,5.9,11.24,,19.68,,1.5,2.58,3.2,14.53,21.75,3.97,40.66,3.28,10.53,,,6.63,11.8,11.82,,,0.44,19.15,3.51,,,6.72,2.88,13.07,
7/5/2013,10.66,,32.12,9.73,,11.31,5.77,11.22,,19.68,,1.49,2.58,3.28,14.64,21.68,3.94,40.88,3.28,10.56,,,6.63,11.8,11.82,,,0.43,19.17,3.56,,,6.74,2.97,13.06,
8/5/2013,10.66,,32.23,9.73,,11.23,5.87,11.2,,19.68,,1.5,2.59,3.37,14.68,21.66,3.93,41.03,3.29,10.59,,,6.65,11.81,11.78,,,0.44,19.23,3.59,,,6.77,3.02,13.04,
9/5/2013,10.65,,32.25,9.73,,11.6,6.47,11.19,,19.67,,1.5,2.58,3.36,14.7,21.6,3.98,41.24,3.32,10.64,,,6.67,11.81,11.77,,,0.44,19.26,3.69,,,6.81,3.02,13.05,
10/5/2013,10.63,,32.28,9.72,,11.69,7.74,11.17,,19.65,,1.5,2.57,3.4,14.7,21.56,3.98,41.19,3.34,10.69,,,6.66,11.8,11.71,,,0.44,19.24,3.69,,,6.83,3.14,13.04,
11/5/2013,10.62,,32.33,9.72,,11.15,5.64,11.15,,19.6,,1.52,2.58,3.32,14.66,21.5,3.98,41.37,3.38,10.74,,,6.67,11.8,11.7,,,0.44,19.31,3.59,,,6.87,3.36,13.02,
12/5/2013,10.57,,32.44,9.72,,10.71,5.3,11.14,,19.53,,1.54,2.55,3.22,14.63,21.44,3.93,40.96,3.42,10.76,,,6.7,11.81,11.64,,,0.44,19.35,3.55,,,6.92,3.13,13.02,
13/5/2013,10.57,,31.98,9.73,,10.64,5.5,11.13,,19.55,,1.55,2.57,3.23,14.68,21.43,3.98,40.85,3.47,10.8,,,6.73,11.84,11.61,,,0.44,19.41,3.54,,,6.95,3.09,13.03,
14/5/2013,10.57,,31.82,9.72,,11.06,5.66,11.1,,19.55,,1.56,2.58,3.38,14.85,21.36,3.99,41.44,3.5,10.85,,,6.75,11.84,11.58,,,0.44,19.45,3.65,,,6.97,3.2,13,
15/5/2013,10.57,,31.65,9.71,,11.1,5.57,11.08,,19.56,,1.56,2.57,3.45,14.85,21.3,3.98,41.55,3.51,10.9,,,6.75,11.82,11.56,,,0.44,19.43,3.69,,,6.99,3.11,12.99,
16/5/2013,10.58,,31.54,9.66,,11.4,5.47,11.05,,19.48,,,2.54,3.44,14.8,21.23,3.95,41.57,3.44,10.92,,,6.73,11.8,11.46,,,0.43,19.41,3.69,,,7,3.04,12.96,
17/5/2013,10.59,,31.41,9.66,,11.44,5.71,11.05,,19.46,,,2.55,3.42,14.81,21.22,3.95,41.53,3.39,10.7,,,6.68,11.8,11.49,,,0.42,19.46,3.64,,,7.03,3.04,12.96,
18/5/2013,10.57,,31.67,9.7,,10.93,5.76,11.07,,19.43,,,2.58,3.43,14.83,21.2,3.96,41.26,3.36,10.51,,,6.72,11.85,11.52,,,0.44,19.56,3.63,,,7.11,3.14,12.98,
19/5/2013,10.53,,31.67,9.7,,10.59,5.91,11.08,,19.38,,,2.56,3.39,14.77,21.17,3.97,40.98,3.31,10.36,,,6.61,11.83,11.47,,,0.44,19.57,3.56,,,7.14,3.07,12.97,
20/5/2013,10.52,,31.49,9.72,,10.56,6.16,11.11,,19.36,,,2.56,3.39,14.83,21.15,3.97,40.79,3.31,10.17,,,6.61,11.86,11.35,,,0.44,19.65,3.53,,,7.2,3.13,12.99,
21/5/2013,10.53,,31.83,9.71,,10.99,6.59,11.06,,19.35,,,2.56,3.46,14.96,21.08,3.97,41.22,3.32,10.09,,,6.71,11.86,11.29,,,0.44,19.61,3.69,,,7.26,3.18,12.96,
22/5/2013,10.55,,32.6,9.7,,11.14,6.41,11.03,,19.28,,,2.57,3.51,14.96,21.01,3.96,41,3.32,10.07,,,6.72,11.85,11.24,,,0.44,19.71,3.75,,,7.27,3.14,12.94,
23/5/2013,10.55,,32.85,9.7,,11.16,5.61,11.01,,19.25,,,2.56,3.51,14.94,20.97,3.96,41.11,3.32,10.06,,,6.72,11.83,11.19,,,0.44,19.65,3.75,,,7.3,3.41,12.94,
24/5/2013,10.54,,32.53,9.71,,11.18,5.62,11.01,,19.26,,,2.57,3.53,14.96,20.94,3.96,41.25,3.31,10.08,,,6.73,11.83,11.17,,,0.4,19.8,3.75,,,7.34,3.56,12.94,
25/5/2013,10.52,,32.07,9.73,,10.9,5.66,10.99,,19.27,,,2.55,3.33,14.95,20.92,3.97,41.03,3.19,10.09,,,6.77,11.88,11.17,,,0.44,19.73,3.64,,,7.41,3.3,12.93,
26/5/2013,10.51,,31.98,9.74,,10.63,6.55,10.99,,19.21,,,2.53,3.35,14.97,20.9,3.98,40.76,3.07,10.08,,,6.77,11.89,11.19,,,0.4,19.77,3.58,,,7.46,3.2,12.94,
27/5/2013,10.52,,32.01,9.76,,10.6,6.56,11.07,,19.18,,,2.53,3.35,14.98,20.86,3.99,40.67,2.98,10.08,,,6.78,11.89,11.07,,,0.44,19.77,3.56,,,7.52,3.14,12.92,
28/5/2013,10.52,,31.82,9.77,,11.35,6.82,11,,19.2,,,2.55,3.42,15.08,20.8,4,41.01,2.96,10.1,,,6.8,11.89,11.02,,,0.44,19.8,3.64,,,7.57,2.98,12.92,
29/5/2013,10.51,,31.59,9.76,,11.56,6.95,10.99,,19.18,,,2.56,3.54,15.07,20.75,4,40.95,2.95,10.1,,,6.77,11.86,10.95,,,0.44,19.81,3.68,,,7.59,3.16,12.95,
30/5/2013,10.51,,31.49,9.79,,11.73,7.08,10.98,,19.19,,,2.56,3.53,15.12,20.73,4.01,41.09,3,10.15,,,6.81,11.88,10.96,,,0.45,19.84,3.72,,,7.66,3.17,12.98,
31/5/2013,10.5,,31.78,9.8,,11.78,7.82,10.98,,19.2,,,2.55,3.58,15.15,20.7,4.02,41.1,3.01,10.17,,,6.79,11.89,10.95,,,0.45,19.86,3.74,,,7.71,3.18,12.97,
1/6/2013,10.51,,31.73,9.85,,11.3,8.57,11.02,,19.2,,,2.55,3.5,15.14,20.69,4.02,41.16,3.04,10.23,,,6.82,11.9,11,,,0.45,19.88,3.72,,,7.78,3.22,12.99,
2/6/2013,10.51,,32.31,9.92,,10.93,8.48,11.01,,19.16,,,2.56,3.45,15.17,20.67,4.05,40.88,3.09,10.31,,,6.87,11.92,11.02,,,0.45,19.95,3.68,,,7.87,3.22,13,
3/6/2013,10.5,,31.92,9.95,,10.85,8.1,11,,19.14,,,2.58,3.44,15.24,20.67,4.07,40.76,3.14,10.39,,,6.91,11.96,10.91,,,0.45,19.98,3.7,,,7.97,3.36,13.03,
4/6/2013,10.5,,31.77,10,,11.69,8.39,11,,19.18,,,2.6,3.53,15.39,20.64,4.08,40.96,3.18,10.45,,,6.91,11.95,10.91,,,0.45,20.44,3.82,,,8.05,3.27,13.03,
5/6/2013,10.5,,31.56,10.04,,11.94,8.57,11.12,,19.19,,,2.59,3.65,15.51,20.62,4.1,41.08,3.23,10.52,,,6.95,11.97,10.93,,,0.45,20.08,3.93,,,8.13,3.37,13.04,
6/6/2013,10.5,,31.45,10.17,,12.06,,11.15,,19.23,,,2.61,3.66,15.55,20.61,4.11,41.27,3.3,10.6,,,6.99,11.98,10.93,,,0.45,20.14,4.06,,,8.23,3.41,13.06,
7/6/2013,10.51,,31.44,10.2,,12.2,,11.16,,19.66,,,2.62,3.65,15.6,20.6,4.13,41.42,3.34,10.67,,,7.03,11.98,10.9,,,0.45,20.25,4.11,,,8.31,3.4,13.05,
8/6/2013,10.52,,31.34,10.15,,11.8,,11.2,,19.77,,,2.62,3.62,15.57,20.59,4.14,41.38,3.36,10.73,,,7.05,11.98,10.87,,,0.45,20.3,4.13,,,8.41,3.47,13.05,
9/6/2013,10.49,,31.41,10.11,,11.51,,11.25,,19.77,,,2.6,3.59,15.5,20.54,4.15,40.9,3.39,10.78,,,7.05,11.96,10.84,,,0.45,20.05,4.07,,,8.48,3.43,13.07,
10/6/2013,10.48,,31.4,10.06,,11.43,,11.3,,19.74,,,2.6,3.57,15.48,20.52,4.15,40.99,3.41,10.82,,,7.03,11.96,10.73,,,0.45,19.97,4.06,,,8.55,3.39,13.1,
11/6/2013,10.48,,31.43,10.04,,12.3,,11.34,,19.79,,,2.6,3.65,15.6,20.53,4.16,41.03,3.46,10.86,,,7.08,11.97,10.77,,,0.45,20.09,4.16,,,8.64,3.48,13.12,
12/6/2013,10.49,,31.31,10.03,,12.6,,11.53,,19.9,,,2.64,3.78,15.8,20.56,4.18,41.15,3.64,10.9,,,7.15,11.99,10.78,,,0.45,20.24,4.49,,,8.75,3.56,13.15,
13/6/2013,10.5,,31.42,10.03,,12.88,,11.54,,19.96,,,2.66,3.79,15.88,20.59,4.2,41.26,4.05,10.96,,,7.19,12.02,10.76,,,0.45,20.68,4.66,,,8.86,3.6,13.19,
14/6/2013,10.53,,31.52,10.08,,13.04,,11.65,,20,,,2.67,3.83,15.98,20.58,4.22,41.61,3.93,11.02,,,7.21,12,10.74,,,0.45,20.54,4.8,,,8.95,3.87,13.2,
15/6/2013,10.52,,31.32,10.16,,12.69,,11.66,,19.98,,,2.69,3.81,16.1,20.58,4.23,41.58,3.92,11.1,,,7.25,12.03,10.76,,,0.45,21.2,4.93,,,9.04,4.04,13.22,
16/6/2013,10.51,,31.69,10.28,,12.4,,11.71,,19.96,,,2.68,3.77,16.15,20.58,4.24,41.57,4.14,11.16,,,7.28,12.05,10.77,,,0.45,21.15,4.92,,,9.17,4.18,13.25,
17/6/2013,10.52,,31.56,10.36,,12.49,,11.83,,19.98,,,2.68,3.76,16.07,20.58,4.26,41.57,4.1,11.23,,,7.32,12.06,10.74,,,0.45,20.49,4.86,,,9.27,4.27,13.28,
18/6/2013,10.59,,31.39,10.43,,13.34,,11.96,,20.14,,,2.71,3.81,16.3,20.63,4.28,41.58,4.29,11.28,,,7.42,12.1,10.78,,,0.45,20.64,5.13,,,9.35,4.3,13.31,
19/6/2013,10.6,,31.25,10.57,,13.47,,11.97,,20.17,,,2.73,3.95,16.43,20.72,4.3,41.71,4.46,11.34,,,7.48,12.13,10.88,,,0.45,21.27,5.28,,,9.49,4.36,13.34,
20/6/2013,10.59,,31.21,10.65,,13.84,,12.08,,20.4,,,2.74,3.97,16.66,20.71,4.31,41.92,4.31,11.39,,,7.54,12.16,10.9,,,0.45,21.48,5.37,,,9.58,4.6,13.38,
21/6/2013,10.58,,31.09,10.68,,14.01,,12.16,,20.57,,,2.76,3.99,16.86,20.69,4.33,42.31,4.4,11.44,,,7.58,12.14,10.93,,,0.46,21.46,5.42,,,9.69,4.59,13.41,
22/6/2013,10.62,,31.46,10.74,,13.63,,12.23,,20.71,,,2.77,4,16.79,20.74,4.35,41.87,4.76,11.47,,,7.58,12.17,11.01,,,0.46,21.75,5.32,,,9.8,4.75,13.45,
23/6/2013,10.65,,31.51,10.85,,13.12,,12.45,,20.62,,,2.76,3.94,16.85,20.64,4.37,41.54,4.9,11.49,,,7.63,12.17,11.01,,,0.46,21.34,5.25,,,9.91,4.51,13.49,
24/6/2013,10.65,,31.84,10.92,,13.05,,12.45,,20.55,,,2.77,3.92,16.73,20.63,4.38,41.49,4.54,11.53,,,7.64,12.15,10.98,,,0.46,20.97,5.24,,,10,3.9,13.52,
25/6/2013,10.64,,31.57,10.93,,13.71,,12.56,,20.65,,,2.81,3.92,16.9,20.67,4.4,41.77,4.47,11.6,,,7.66,12.16,11.04,,,0.46,20.93,5.18,,,10.11,4.04,13.55,
26/6/2013,10.61,,31.7,10.91,,13.63,,12.62,,20.71,,,2.84,3.96,17,20.7,4.42,41.77,4.47,11.66,,,7.75,12.19,11.1,,,0.46,20.91,5.25,,,10.22,3.59,13.59,
27/6/2013,10.61,,31.56,10.84,,13.5,,12.63,,20.73,,,2.85,4.04,17,20.71,4.44,41.88,4.42,11.73,,,7.76,12.23,11.03,,,0.44,20.7,5.26,,,10.3,3.55,13.61,
28/6/2013,,,31.85,10.81,,13.26,,12.66,,20.71,,,2.85,4.01,16.93,,4.44,41.78,4.37,11.76,,,7.78,12.18,10.95,,,0.41,20.68,5.07,,,10.36,3.56,13.63,
29/6/2013,,,32.39,10.77,,12.86,,12.7,,20.71,,,2.85,3.99,16.86,,4.45,41.58,4.35,11.78,,,7.79,12.22,10.95,,,0.46,20.67,4.88,,,10.44,3.4,13.65,
30/6/2013,,,32.58,10.78,,12.64,,12.72,,20.65,,,2.85,3.95,16.82,,4.45,41.38,4.35,11.8,,,7.79,12.23,10.99,,,0.46,20.58,4.83,,,10.52,3.52,13.67,
1/7/2013,,,32.41,10.84,,12.6,,12.71,,20.67,,,2.85,3.94,16.91,,4.46,41.58,4.38,11.85,,0.02,7.8,12.23,10.93,,,0.46,20.59,4.92,,,10.61,3.81,13.69,
2/7/2013,10.61,,32.35,10.95,,13.39,,12.71,,20.79,,,2.89,3.96,17.26,,4.47,41.63,4.69,11.93,,0,7.86,12.25,11.01,,,0.46,20.69,5.35,,,10.72,3.57,13.72,
3/7/2013,10.63,,32.69,11.04,,13.79,,12.77,,20.89,,,2.89,4.04,17.33,,4.48,41.63,4.95,12.01,,0.09,7.93,12.26,11.06,,,0.46,20.77,5.47,,,10.81,3.98,13.74,
4/7/2013,10.64,,32.8,11.13,,13.89,,12.77,,20.88,,,2.89,4.06,17.47,,4.49,41.94,4.8,12.08,,0.12,7.98,12.3,11.06,,,0.46,21.05,5.55,,,10.92,3.69,13.76,
5/7/2013,10.65,,33.05,11.19,,14.14,,12.8,,21.06,,,2.95,4.11,17.58,,4.51,42.02,4.8,12.15,,0.18,8.09,12.35,11.12,,,0.46,21.25,5.82,,,11.04,4.26,13.86,
6/7/2013,10.64,,33.13,11.18,,13.83,,12.95,,21.08,,,2.96,4.07,17.72,,4.53,41.94,4.92,12.23,,0.51,8.18,12.4,11.12,,,0.46,21.5,5.85,,,11.17,4.19,13.96,
7/7/2013,10.67,,32.6,11.22,,13.62,,12.96,,20.9,,,2.97,4.07,17.7,,4.55,41.65,5.13,12.29,,0.54,8.21,12.39,11.12,,,0.46,21.64,5.93,,,11.29,4.25,14.02,
8/7/2013,10.66,,32.45,11.28,,13.63,,13.04,,20.91,,,2.97,4.05,17.65,,4.57,41.61,5.33,12.34,,0.56,8.27,12.39,11.07,,,0.46,21.47,6.05,,,11.41,3.99,14.06,
9/7/2013,10.66,,32.25,11.31,,14.31,,13.06,,20.95,,,3.02,4.64,17.81,,4.59,41.97,5.39,12.39,,0.57,8.35,12.45,11.12,,,0.47,21.47,6.14,,,11.52,4.31,14.1,
10/7/2013,10.67,,32.1,11.39,,14.56,,13.14,,20.84,,,3.02,4.53,17.96,,4.59,42.14,5.31,12.43,,0.6,8.43,12.46,11.13,,,0.47,21.79,6.27,,,11.62,4.47,14.15,
11/7/2013,10.68,,31.93,11.46,,15.01,,13.2,,20.88,,,3.03,4.4,18.09,,4.6,42.4,5.27,12.48,,0.62,8.48,12.47,11.11,,,0.47,21.88,6.3,,,11.72,4.46,14.17,
12/7/2013,10.71,,32.26,11.44,,15.02,,13.31,,20.91,,,3.04,4.18,18.14,,4.61,42.36,5.64,12.54,,0.67,8.59,12.53,11.19,,,0.47,22.02,6.38,,,11.84,4.43,14.22,
13/7/2013,10.69,,32.17,11.4,,14.53,,13.36,,20.88,,,3.03,,18.21,,4.63,42.33,5.68,12.59,,0.69,8.64,12.56,11.19,,,0.42,21.98,6.34,,,11.95,4.56,14.27,
14/7/2013,10.66,,31.91,11.37,,14.1,,13.38,,20.76,,,3.02,4.32,18.15,,4.64,42.14,5.7,12.64,,0.7,8.62,12.47,11.17,,,0.46,22.4,6.26,,,12.05,4.45,14.27,
15/7/2013,10.64,,31.61,11.26,,14.04,,13.4,,20.74,,,3.02,4.17,18.17,,4.65,42.13,5.89,12.67,,0.72,8.66,12.44,11.13,,,0.46,22.03,6.24,,,12.15,4.46,14.3,
16/7/2013,10.69,,31.75,11.19,,14.96,,13.45,,20.89,,,3.05,4.13,18.43,,4.66,42.32,5.79,12.71,,0.74,8.76,12.43,11.16,,,0.46,22.96,6.37,,,12.24,4.51,14.33,
17/7/2013,10.74,,31.44,11.14,,14.99,,13.46,,20.91,,,3.06,4.08,18.58,,4.68,42.33,5.72,12.76,,0.75,8.84,12.43,11.16,,,0.46,22.8,6.52,,,12.35,4.74,14.38,
18/7/2013,10.79,,31.4,11.1,,15.12,,13.49,,20.98,,,3.08,4.04,18.73,,4.69,42.58,5.85,12.78,,0.82,8.89,12.44,11.19,,,0.46,22.44,6.45,,,12.46,4.67,14.42,
19/7/2013,10.81,,31.32,11.11,,15.25,,13.58,,21.07,,,3.1,3.98,18.81,,4.7,42.65,5.89,12.8,,0.86,8.95,12.45,11.21,,,0.46,23.17,6.55,,,12.55,4.7,14.46,
20/7/2013,10.81,,31.45,11.13,,14.91,,13.58,,21.12,,,3.12,3.83,18.81,,4.71,42.26,5.99,12.8,,0.88,9.05,12.45,11.23,,,0.46,23.21,6.64,,,12.67,4.86,14.48,
21/7/2013,10.86,,31.5,11.2,,14.67,,13.7,,21.05,,,3.12,3.74,18.73,,4.73,42.18,6.12,12.81,,0.87,9.09,12.47,11.27,,,0.46,22.66,6.56,,,12.78,4.92,14.53,
22/7/2013,10.87,,32.77,11.33,,14.59,,13.65,,21.03,,,3.11,3.73,18.73,,4.74,42.21,6.01,12.83,,0.87,9.11,12.48,11.22,,,0.47,22.67,6.61,,,12.89,4.91,14.57,
23/7/2013,10.84,,32.44,11.36,,15.47,,13.63,,21.12,,,3.13,3.78,19.04,,4.76,42.47,6.38,12.85,,0.87,9.21,12.52,11.27,,,0.47,23.19,6.88,,,13,4.95,14.59,
24/7/2013,10.82,,32.19,11.42,,15.72,,13.67,,21.29,,,3.16,3.63,19.01,,4.73,42.59,6.34,12.89,,0.94,9.27,12.59,11.34,,,0.47,22.98,7.14,,,13.13,5.17,14.64,
25/7/2013,10.84,,31.82,11.54,,15.96,,13.78,,21.22,,,3.16,3.75,19.23,,4.77,42.79,6.52,12.92,,0.95,9.36,12.61,11.37,,,0.47,23.55,7.22,,,13.25,5.22,14.67,
26/7/2013,10.87,,31.96,11.61,,16.2,,13.78,,22.25,,,3.16,3.79,19.21,,4.78,42.94,9.08,12.95,,0.94,9.4,12.69,11.44,,,0.47,23.37,7.28,,,13.36,5.14,14.71,
27/7/2013,10.9,,31.74,11.72,,15.59,,13.86,,21.64,,,3.2,3.65,19.17,,4.79,42.62,7.5,12.99,,0.96,9.48,12.69,11.44,,,0.47,23.45,7.15,,,13.48,5.39,14.75,
28/7/2013,10.91,,31.62,11.88,,15.31,,13.94,,21.56,,,3.2,3.49,19.23,,4.81,42.23,6.76,13.05,,0.99,9.52,12.7,11.49,,,0.47,23.36,7.07,,,13.63,5.51,14.78,
29/7/2013,10.9,,33.83,12,,15.26,,13.95,,21.45,,,3.2,3.47,19.21,,4.82,42.19,6.65,13.1,,0.99,9.6,12.7,11.44,,,0.47,23.59,7.1,,,13.74,5.36,14.84,
30/7/2013,10.88,,33.68,12.02,,15.83,,13.96,,21.45,,,3.22,3.7,19.31,,4.84,42.49,7.05,13.14,,1,9.63,12.67,11.45,,,0.47,23.36,7.06,,,13.84,4.8,14.86,
31/7/2013,10.89,,33.62,12.02,,15.78,,14.06,,21.51,,,3.26,3.83,19.49,,4.86,42.55,6.99,13.17,,1.03,9.71,12.75,11.51,,,0.47,23.77,7.09,,,13.95,5.41,14.9,
1/8/2013,10.94,,33.6,12.04,,15.94,,14.11,,21.6,,,3.27,3.73,19.66,,4.87,42.79,8.52,13.19,,1.06,9.78,12.79,11.54,,,0.47,24.12,7.2,,,14.06,5.28,14.94,
2/8/2013,10.92,,33.62,12.07,,16.25,,14.14,,21.65,,,3.31,3.82,19.86,,4.89,42.81,8.99,13.22,,1.07,9.86,12.82,11.58,,,0.47,24,7.36,,,14.19,5.24,14.98,
3/8/2013,10.91,,33.6,12.09,,16.21,,14.2,,21.69,,,3.32,3.64,19.86,,4.9,42.4,10.73,13.27,,1.1,9.93,12.84,11.61,,,0.47,23.99,7.37,,,14.29,5.56,15.01,
4/8/2013,10.91,,33.81,12.16,,15.84,,14.29,,21.72,,,3.3,3.5,19.87,,4.91,42.31,11.19,13.31,,1.16,9.98,12.87,11.64,,,0.47,23.93,7.38,,,14.44,5.61,15.06,
5/8/2013,10.94,,34.19,12.28,,15.6,,14.32,,21.55,,,3.3,3.47,19.91,,4.93,42.24,11.88,13.36,,1.21,10.03,12.88,11.62,,,0.47,23.81,7.47,,,14.55,5.33,15.09,
6/8/2013,10.93,,33.96,12.28,,15.47,,14.8,,21.66,,,3.31,3.69,20.19,,4.95,42.33,12.6,13.4,,1.23,10.1,12.92,11.77,,,0.47,23.85,7.53,,,14.67,5.77,15.11,
7/8/2013,10.93,,34.01,12.3,,15.53,,14.69,,21.66,,,3.33,3.72,20.23,,4.96,42.31,12.86,13.44,,1.25,10.18,12.95,11.85,,,0.47,23.91,7.48,,,14.78,5.89,15.14,
8/8/2013,10.92,,33.94,12.37,,15.56,,14.61,,21.76,,,3.33,,20.37,,4.97,42.5,12.6,13.47,,1.25,10.23,12.99,11.88,,,0.47,24.07,7.56,,,14.92,5.94,15.2,
9/8/2013,10.88,,33.81,12.4,,15.56,,14.59,,22.14,,,3.34,,20.24,,4.99,42.29,12.23,13.52,,1.25,10.3,13,11.85,,,0.47,24.21,7.53,,,15.05,5.97,15.25,
10/8/2013,10.85,,33.62,12.44,,15.3,,14.57,,21.72,,,3.38,,20.32,,4.99,42.27,12.09,13.55,,1.29,10.37,13.04,11.86,,,0.48,24.34,7.54,,,15.15,5.91,15.29,
11/8/2013,10.82,,33.55,12.51,,15.19,,14.59,,21.72,,,3.37,,20.27,,5.02,42.04,12.45,13.56,,1.32,10.44,13.08,11.88,,,0.48,24.36,7.35,,,15.24,5.62,15.35,
12/8/2013,10.81,,33.51,12.58,,15.16,,14.56,,21.69,,,3.37,4.27,20.31,,5.03,42.13,11.9,13.57,,1.34,10.5,13.08,11.83,,,0.48,24.35,7.35,,,15.33,5.86,15.4,
13/8/2013,10.85,,33.99,12.59,,15.1,,14.56,,21.78,,,3.37,4.11,20.58,,5.04,42,10.1,13.61,,1.37,10.58,13.1,11.91,,,0.48,24.58,7.36,,,15.45,5.58,15.43,
14/8/2013,10.86,,34.54,12.64,,15.3,,14.6,,21.81,,,3.38,4.01,20.48,,5.05,41.98,9.37,13.66,,1.39,10.68,13.16,11.92,,,0.45,24.5,7.3,,,15.58,6.09,15.48,
15/8/2013,10.81,,34.11,12.62,,15.14,,14.65,,21.88,,,3.38,4,20.41,,5.06,41.97,9.1,13.68,,1.48,10.67,13.15,11.88,,,0.48,24.15,7.09,,,15.71,6.21,15.54,
16/8/2013,10.8,,33.9,12.58,,15.1,,14.67,,21.83,,,3.39,4.44,20.31,,5.07,42.04,8.95,13.68,,1.52,10.75,13.12,11.9,,,0.48,24.17,7.13,,,15.82,6.21,15.58,
17/8/2013,10.81,,33.74,12.58,,15.01,,14.66,,21.89,,,3.39,4.18,20.34,,5.07,42.13,8.93,13.72,,1.54,10.82,13.17,11.93,,,0.48,24.29,7.05,,,15.93,6.2,15.62,
18/8/2013,10.85,,34.25,12.65,,14.9,,14.69,,21.8,,,3.39,4.06,20.46,,5.07,42.09,9.26,13.77,,1.56,10.91,13.18,11.97,,,0.48,24.54,6.99,,,16.03,6.25,15.65,
19/8/2013,10.83,,34.81,12.78,,15.01,,14.7,,21.78,,,3.39,3.98,20.51,,5.08,42.08,8.52,13.81,,1.59,10.99,13.24,11.91,,,0.48,24.51,7.04,,,16.14,6.19,15.69,
20/8/2013,10.8,,33.96,12.67,,14.5,,,,21.79,,,3.39,3.94,20.51,,5.08,42.07,8.4,13.86,,1.59,11.03,13.29,11.92,,,0.38,24.42,7.01,,,16.25,6.05,15.7,
21/8/2013,10.78,,33.7,12.48,,14.19,,14.64,,21.72,,,3.4,3.92,20.45,,5.1,42.12,8.47,13.91,,1.63,11.1,13.25,11.89,,,0.48,24.65,6.97,,,16.29,5.76,15.72,
22/8/2013,10.76,,33.45,12.32,,14.05,,14.61,,21.74,,,3.4,4.41,20.44,,5.11,42.46,8.01,13.93,,1.64,11.16,13.24,11.86,,,0.48,24.77,6.95,,,16.37,5.8,15.74,
23/8/2013,10.74,,33.34,12.19,,13.98,,14.59,,21.75,,,3.4,4.19,20.6,,5.11,42.37,7.79,13.96,,1.63,11.24,13.3,11.87,,,0.48,24.88,6.99,,,16.43,5.68,15.76,
24/8/2013,10.73,,33.42,12.09,,13.65,,14.59,,21.82,,,3.41,4.04,20.51,,5.11,42.19,7.68,13.99,,1.61,11.31,13.31,11.86,,,0.48,24.77,6.89,,,16.49,6.07,15.78,
25/8/2013,10.75,,33.28,12.01,,13.43,,14.57,,21.74,,,3.4,3.94,20.44,,5.09,41.94,7.5,14,,1.6,11.34,13.29,11.85,,,0.39,24.65,6.69,,,16.54,6.11,15.76,
26/8/2013,10.78,,33.22,11.9,,13.4,,14.56,,21.67,,,3.37,3.93,20.43,,5.04,42.13,7.33,13.96,,1.6,11.41,13.31,11.82,,,0.34,24.49,6.64,,,16.58,5.88,15.76,
27/8/2013,10.77,,33.46,11.79,,13.99,,14.55,,21.75,,,3.37,3.95,20.61,,5.08,42.46,7.2,13.91,,1.61,11.46,13.31,11.83,,,0.45,24.36,6.54,,,16.63,5.59,15.77,
28/8/2013,10.76,,33.29,11.72,,14.11,,14.55,,21.76,,,3.38,3.97,20.55,,5.09,42.74,7.11,13.89,,1.62,11.53,13.32,11.84,,,0.45,24.25,6.55,,,16.67,5.32,15.78,
29/8/2013,10.75,,33.22,11.69,,14.19,,14.56,,21.83,,,3.39,3.96,20.55,,5.09,43.1,7.03,13.87,,1.64,11.61,13.36,11.86,,,0.45,24.24,6.74,,,16.73,5.64,15.81,
30/8/2013,10.75,,33.11,11.64,,14.2,,14.56,,21.85,,,3.4,,20.56,,5.11,43.15,6.97,13.86,,1.65,11.71,13.37,11.86,,,0.45,24.23,6.86,,,16.78,5.49,15.83,
31/8/2013,10.73,,33.29,11.64,,13.78,,14.56,,21.86,,,3.41,4.43,20.61,,5.11,43.03,6.89,13.85,,1.65,11.79,13.38,11.88,,,0.45,24.3,6.87,,,16.83,5.77,15.84,
1/9/2013,10.71,,33.38,11.65,,13.49,,14.57,,21.81,,,3.41,4.18,20.49,,5.12,42.85,6.83,13.85,,1.66,11.87,13.4,11.89,,,0.45,24.16,6.89,,,16.89,5.73,15.85,
2/9/2013,10.71,,33.52,11.67,,13.48,,14.57,,21.75,,,3.42,4.16,20.53,,5.12,42.91,6.8,13.86,,1.67,11.96,13.43,11.82,,,0.45,24.26,6.78,,,16.93,5.68,15.86,
3/9/2013,10.72,,33.3,11.69,,14.06,,14.61,,21.83,,,3.42,4.18,20.74,,5.14,43.3,6.83,13.9,,1.68,12.03,13.46,11.83,,,0.45,24.24,6.88,,,16.99,5.73,15.88,
4/9/2013,10.78,,33.06,11.76,,14.26,,14.61,,21.85,,,3.43,4.14,20.84,,5.14,43.35,6.81,13.92,,1.69,12.13,13.48,11.88,,,0.46,24.99,7.04,,,17.04,5.4,15.9,
5/9/2013,10.8,,32.97,11.84,,14.3,,14.57,,21.84,,,3.42,4.15,20.84,,5.14,43.65,6.8,13.93,,1.69,12.21,13.47,11.86,,,0.46,24.33,6.87,,,17.09,5.82,15.91,
6/9/2013,10.83,,33.13,11.86,,14.43,,14.58,,21.85,,,3.42,4.13,20.94,,5.14,43.73,6.78,13.95,,1.71,12.3,13.48,11.88,,,0.46,24.44,6.94,,,17.13,5.63,15.91,
7/9/2013,10.79,,33.2,11.91,,14.42,,14.59,,21.88,,,3.45,4.7,20.94,,5.15,43.44,6.78,13.98,,1.73,12.4,13.51,11.91,,,0.46,24.4,7.04,,,17.18,5.66,15.94,
8/9/2013,10.77,,33.09,11.87,,14.06,,14.6,,21.84,,,3.45,4.31,20.9,,5.16,43.41,6.74,14.01,,1.74,12.47,13.54,11.92,,,0.46,24.7,7.03,,,17.25,5.72,15.96,
9/9/2013,10.77,,33.21,11.77,,13.89,,14.62,,21.79,,,3.44,4.26,20.83,,5.16,43.44,6.71,14.03,,1.74,12.53,13.53,11.82,,,0.46,24.45,7.02,,,17.28,5.81,15.98,
10/9/2013,10.78,,33.21,11.67,,14.38,,14.62,,21.9,,,3.47,4.3,20.97,,5.16,43.37,6.66,14.02,,1.75,12.64,13.57,11.82,,,0.46,24.32,7.02,,,17.32,5.3,16,
11/9/2013,10.8,,33.01,11.62,,14.55,,14.64,,21.87,,,3.47,4.29,21.06,,5.16,43.61,6.63,14.01,,1.76,12.68,13.57,11.84,,,0.41,24.41,6.92,,,17.35,5.28,15.99,
12/9/2013,10.8,,33.01,11.57,,14.53,,14.65,,21.92,,,3.47,4.45,21.03,,5.16,43.52,6.61,14,,1.77,12.75,13.6,11.87,,,0.38,24.54,6.77,,,17.4,5.91,15.99,
13/9/2013,10.8,,33.28,11.56,,14.82,,14.68,,21.94,,,3.47,4.34,21.12,,5.17,43.41,6.6,14.01,,1.78,12.84,13.63,11.9,,,0.33,24.66,6.7,,,17.44,5.4,16.01,
14/9/2013,10.77,,33.37,11.56,,14.46,,14.67,,21.97,,,3.49,4.15,21.14,,5.18,43.32,6.58,14,,1.79,12.92,13.66,11.89,,,0.3,24.53,6.56,,,17.51,5.61,16.01,
15/9/2013,10.74,,33.92,11.5,,13.76,,14.65,,21.9,,,3.46,4.02,20.96,,5.17,43.12,6.55,13.97,,1.78,12.97,13.66,11.85,,,0.35,24.47,6.48,,,17.56,5.53,16,
16/9/2013,10.73,,34.03,11.43,,13.67,,14.59,,21.8,,,3.45,4.01,20.91,,5.15,43.33,6.51,13.9,,1.77,13,13.65,11.81,,,0.41,24.42,6.42,,,17.59,5.15,15.99,
17/9/2013,10.72,,34.02,11.39,,14.31,,14.58,,21.75,,,3.46,,20.96,,5.15,43.4,6.49,13.89,,1.77,13.07,13.63,11.8,,,0.38,24.45,6.4,,,17.62,5.19,15.97,
18/9/2013,10.77,,33.85,11.32,,14.43,,14.56,,21.82,,,3.46,4.69,21.13,,5.16,43.44,6.49,13.88,,1.8,13.15,13.69,11.8,,,0.36,24.38,6.33,,,17.66,5.26,15.96,
19/9/2013,10.81,,33.74,11.3,,14.46,,14.56,,21.86,,,3.48,4.48,21.11,,5.16,43.65,6.49,13.87,,1.81,13.23,13.71,11.83,,,0.46,24.39,6.3,,,17.68,5.17,15.94,
20/9/2013,10.82,,34.42,11.28,,14.72,,14.59,,21.94,,,3.49,4.44,21.33,,5.18,44.08,6.51,13.88,,1.85,13.32,13.78,11.86,,,0.46,24.39,6.34,,,17.72,5.75,16.02,
21/9/2013,10.8,,33.97,11.27,,14.14,,14.61,,21.96,,,3.51,4.26,21.24,,5.19,44.02,6.51,13.89,,1.88,13.42,13.81,11.88,,,0.46,24.41,6.35,,,17.76,5.37,15.97,
22/9/2013,10.78,,33.54,11.25,,13.75,,14.62,,21.97,,,3.51,4.11,21.19,,5.21,43.72,6.5,13.89,,1.89,13.47,13.85,11.93,,,0.46,24.41,6.35,,,17.82,5.72,15.94,
23/9/2013,10.76,,33.52,11.22,,13.67,,14.6,,21.95,,,3.5,4.09,21.25,,5.21,43.85,6.47,13.89,,1.88,13.54,13.87,11.87,,,0.46,24.38,6.36,,,17.85,5.27,15.9,
24/9/2013,10.78,,33.44,11.2,,14.33,,14.59,,21.98,,,3.5,4.14,21.32,,5.21,43.85,6.46,13.89,,1.85,13.6,13.86,11.86,,,0.46,24.38,6.36,,,17.89,5.17,15.89,
25/9/2013,10.81,,33.33,11.21,,14.53,,14.58,,22.01,,,3.5,4.15,21.36,,5.21,43.79,6.45,13.9,,1.89,13.71,13.89,11.86,,,0.46,24.51,6.42,,,17.93,5.21,15.86,
26/9/2013,10.8,,33.41,11.24,,14.68,,14.58,,22.03,,,3.5,,21.38,,5.21,44.01,6.45,13.92,26.82,1.9,13.78,13.91,11.9,,,0.46,24.44,6.41,,,17.97,5.45,15.89,
27/9/2013,10.85,,33.28,11.28,,14.7,,14.59,,22.05,,,3.52,4.6,21.41,,5.22,44.19,10.6,13.94,26.72,1.91,13.87,13.94,11.94,,,0.46,24.82,6.41,,,18.02,5.28,15.96,
28/9/2013,10.81,,33.34,11.32,,14.11,,14.58,,22.11,,,3.52,4.34,21.34,,5.22,44.01,10.6,13.96,26.74,1.92,13.95,13.95,11.95,,,0.46,24.77,6.4,,,18.08,5.26,15.92,
29/9/2013,10.76,,33.51,11.27,,13.78,,14.54,,22.04,,,3.49,4.14,21.18,,5.2,43.5,10.56,13.95,26.74,1.91,13.97,13.94,11.91,,,0.46,24.85,6.31,,,18.12,5.25,15.86,
30/9/2013,10.75,,34.14,11.25,,13.77,,14.52,,21.9,,,3.49,4.12,21.12,,5.2,43.67,10.55,13.96,26.75,1.91,14.02,13.94,11.87,,,0.46,24.76,6.28,,,18.15,5.21,15.86,
1/10/2013,10.78,,35.2,11.22,,14.07,,14.51,,21.92,,,3.52,4.11,21.24,,5.21,43.69,10.54,13.96,26.79,1.93,14.1,13.98,11.93,,,0.46,24.43,6.26,,,18.2,5.09,15.86,
2/10/2013,10.79,,35.39,11.19,,14.18,,14.51,,21.95,,,3.54,4.16,21.3,,5.22,43.5,10.55,13.95,26.83,1.95,14.19,14.02,12,,,0.46,24.42,6.26,,,18.24,5.14,15.87,
3/10/2013,10.8,,35.06,11.16,,14.22,,14.52,,22.02,,,3.55,4.16,21.33,,5.25,43.91,10.57,13.96,26.88,1.98,14.28,14.08,12.04,,,0.46,24.46,6.3,,,18.29,5.19,15.9,
4/10/2013,10.79,,34.78,11.12,,14.18,,14.51,,22.03,,,3.56,4.24,21.39,,5.26,43.97,10.57,13.96,26.9,1.99,14.35,14.1,11.99,,,0.47,24.44,6.24,,,18.32,5.22,15.9,
5/10/2013,10.74,,34.62,11.07,,13.7,,14.48,,21.98,,,3.55,4.67,21.27,,5.26,43.88,10.55,13.96,26.51,1.97,14.4,14.09,11.96,,,0.46,24.75,6.17,,,18.34,5.12,15.87,
6/10/2013,10.7,,34.47,11.02,,13.28,,14.46,,21.95,,,3.51,4.27,21.21,,5.24,43.58,10.51,13.96,26.5,1.97,14.44,14.1,11.96,,,0.49,24.45,6.1,,,18.37,5.13,15.87,
7/10/2013,10.69,,34.3,10.97,,13.25,,14.42,,21.88,,,3.49,4.24,21.15,,5.22,43.69,10.34,13.9,26.42,1.94,14.47,14.1,11.95,,,0.45,24.4,6.01,,,18.36,5.01,15.82,
8/10/2013,10.72,,34.35,10.93,,13.97,,14.39,,21.88,,,3.5,4.2,21.24,,5.21,43.56,10.31,13.88,26.39,1.94,14.43,14.08,11.96,,,0.44,24.44,6,,,18.32,5.06,15.81,
9/10/2013,10.73,,34.71,10.89,,14.13,,14.38,,21.86,,,3.48,4.17,21.23,,5.19,43.62,10.3,13.86,26.34,1.91,14.37,14.05,11.98,,,0.47,24.43,5.97,,,18.29,4.93,15.81,
10/10/2013,10.73,,35.26,10.84,,14.2,,14.34,,21.84,,,3.46,4.16,21.17,,5.16,43.88,10.36,13.84,26.25,1.87,14.34,14.01,11.89,,,0.53,24.34,5.92,,,18.25,4.84,15.85,
11/10/2013,10.74,,34.86,10.84,,14.12,,14.34,,21.87,,,3.47,4.15,21.14,,5.16,43.89,10.3,13.83,26.27,1.89,14.33,14.02,11.95,,,0.44,24.32,5.93,,,18.24,4.91,15.92,
12/10/2013,10.74,,34.52,10.84,,13.63,,14.34,,21.95,,,3.49,4.07,21.12,,5.17,43.86,10.24,13.85,26.3,1.9,14.36,14.08,11.96,,,0.45,24.3,5.9,,,18.22,5.05,15.94,
13/10/2013,10.73,,34.54,10.83,,13.19,,14.33,,21.96,,,3.49,3.98,21.1,,5.18,43.69,10.22,13.86,26.32,1.9,14.38,14.12,11.98,,,0.45,24.32,5.88,,,18.19,4.86,15.92,
14/10/2013,10.72,,34.12,10.8,,13.11,,14.32,,21.92,,,3.48,3.96,21.07,,5.18,43.74,10.23,13.86,26.31,1.88,14.38,14.14,11.95,,,0.45,24.27,5.86,,,18.16,4.73,15.89,
15/10/2013,10.72,,33.97,10.76,,13.93,,14.29,,21.94,,,3.47,4.01,21.07,,5.16,43.76,10.27,13.87,26.3,1.85,14.39,14.14,11.92,,,0.45,24.26,5.85,,,18.11,4.74,15.85,
16/10/2013,10.72,,33.76,10.74,,14.06,,14.27,,22,,,3.46,3.97,21.04,,5.15,43.6,10.25,13.86,26.27,1.84,14.38,14.1,11.91,,,0.45,24.23,5.87,,,18.1,4.7,15.82,
17/10/2013,10.73,,33.86,10.75,,14.18,,14.27,,22.12,,,3.49,4.07,21.09,,5.16,43.88,10.27,13.89,26.29,1.86,14.38,14.18,11.95,,,0.45,24.25,5.86,,,18.08,4.78,15.83,
18/10/2013,10.75,,33.77,10.74,,14.25,,14.26,,22.16,,,3.49,,21.11,,5.16,44.02,10.28,13.92,26.31,1.86,14.38,14.21,11.96,,,0.45,24.28,5.85,,,18.07,4.76,15.82,
19/10/2013,10.74,,33.73,10.74,,13.49,,14.25,,22.2,,,3.49,4.48,21.09,,5.17,43.92,10.32,13.94,26.33,1.87,14.4,14.23,11.99,,,0.45,24.27,5.86,,,18.06,4.76,15.82,
20/10/2013,10.71,,33.91,10.73,,13.07,,14.24,,22.1,,,3.48,4.1,21.07,,5.13,43.65,10.34,13.97,26.33,1.85,14.41,14.26,11.99,,,0.43,24.3,5.8,,,18.05,4.7,15.8,
21/10/2013,10.7,,33.82,10.65,,12.98,,14.2,,22,,,3.47,4.12,21.03,,5.13,43.64,10.32,13.97,26.32,1.83,14.39,14.24,11.96,,,0.43,24.26,5.77,,,18,4.59,15.77,
22/10/2013,10.71,,33.92,10.68,,13.78,,14.19,,22.07,,,3.46,4.18,21.12,,5.14,43.96,10.3,13.94,26.33,1.83,14.3,14.23,11.96,,,0.44,24.23,5.76,,,17.97,4.57,15.75,
23/10/2013,10.69,,33.96,10.66,,13.97,,14.17,,22.14,,,3.46,4.14,21.1,,5.13,43.73,10.29,13.92,26.3,1.82,14.2,14.2,11.94,,,0.47,24.23,5.79,,,17.93,4.61,15.8,
24/10/2013,10.68,,34.18,10.57,,14.04,,14.16,,22.19,,,3.45,4.08,21.1,,5.12,43.86,10.28,13.87,26.3,1.82,14.03,14.2,11.99,,,0.44,24.24,5.76,,,17.9,4.62,15.94,
25/10/2013,10.71,,34.24,10.62,,14.1,,14.15,,22.22,,,3.45,4.12,21.13,,5.11,44.01,10.28,13.83,26.31,1.83,13.94,14.23,12.03,,,0.41,24.18,5.75,,,17.85,4.56,16.07,
26/10/2013,10.7,,34.45,10.62,,13.41,,14.14,,22.25,,,3.48,4.02,21.04,,5.11,43.91,10.28,13.8,26.3,1.83,13.81,14.25,12.03,,,0.41,24.22,5.8,,,17.81,4.5,16.18,
27/10/2013,10.67,,34.86,10.6,,12.94,,14.12,,22.21,,,3.46,3.91,20.97,,5.09,43.65,10.27,13.78,26.28,1.81,13.63,14.24,12,,,0.41,24.49,5.76,,,17.75,4.32,16.09,
28/10/2013,10.66,,34.79,10.57,,12.9,,14.11,,22.11,,,3.43,3.9,20.92,,5.08,43.52,10.27,13.77,26.27,1.81,,14.24,11.96,,,0.45,24.19,5.74,,,17.7,4.27,16,
29/10/2013,10.67,,34.7,10.56,,13.69,,14.1,,22.18,,,3.43,3.98,21,,5.07,43.8,10.24,13.77,26.25,1.8,,14.24,11.96,,,0.44,24.1,5.73,,,17.64,4.34,15.92,
30/10/2013,10.66,,34.55,10.55,,13.89,,14.1,,22.24,,,3.44,3.98,21.02,,5.07,43.7,10.16,13.71,26.25,1.81,,14.27,11.98,,,0.35,24.12,5.84,,,17.6,4.37,15.88,
31/10/2013,10.66,,34.23,10.55,,13.98,,14.11,,22.3,,,3.45,,21.12,,5.07,43.99,10.13,13.69,26.26,1.82,,14.34,12.02,,,0.26,24.11,5.81,,,17.56,4.34,15.84,
1/11/2013,10.61,,34.09,10.53,,13.14,,14.1,,22.3,,,3.46,4.27,21,,5.07,43.75,10.09,13.66,26.24,1.82,,14.35,12,,,0.24,24.14,5.78,,,17.5,4.32,15.78,
2/11/2013,10.58,,34.9,10.51,,12.83,,14.08,,22.24,,,3.45,4.07,20.92,,5.06,43.63,10.07,13.65,26.2,1.8,,14.33,11.98,,,0.34,24.07,5.72,,,17.43,4.21,15.73,
3/11/2013,10.55,,35.14,10.48,,12.6,,14.06,,22.2,,,3.41,3.96,20.86,,5.05,43.48,10.05,13.64,26.17,1.77,,14.31,11.96,,,0.39,24.01,5.68,,,17.37,4.23,15.66,
4/11/2013,10.54,,35.09,10.44,,12.56,,14.03,,22.13,,,3.4,3.93,20.84,,5.02,43.43,10.03,13.64,26.15,1.76,,14.31,11.92,,,0.39,23.98,5.68,,,17.28,4.17,15.6,
5/11/2013,10.54,,34.58,10.42,,13.38,,14.01,,22.17,,,3.39,3.97,20.9,,5.01,43.67,10.03,13.62,26.13,1.75,,14.31,11.94,,,0.5,23.98,5.68,,,17.24,4.36,15.56,
6/11/2013,10.55,,34.16,10.43,,13.59,,14.02,,22.28,,,3.41,4.02,20.98,,5.02,43.52,10.04,13.61,26.16,1.77,,14.37,11.99,,,,24.01,5.67,,,17.23,4.35,15.56,
7/11/2013,10.57,,33.9,10.45,,13.7,,14.04,,22.41,,,3.41,3.99,21.04,,5.04,43.83,10.07,13.63,26.21,1.8,,14.44,12.06,,,,24.07,5.71,,,17.19,4.34,15.56,
8/11/2013,10.59,,33.54,10.44,,13.76,,14.02,,22.43,,,3.43,3.99,21.07,,5.05,43.88,10.07,13.65,26.21,1.81,,14.45,12.03,,,,24.02,5.69,,,17.14,4.43,15.52,
9/11/2013,10.58,,33.47,10.42,,13.15,,14,,22.4,,,3.4,3.92,20.99,,5.04,43.82,10,13.58,26.18,1.79,,14.43,12.02,,,,24.56,5.68,,,17.09,4.34,15.48,
10/11/2013,10.56,,33.65,10.39,,12.69,,13.97,,22.36,,,3.38,3.82,20.91,,5.03,43.6,9.96,13.56,26.14,1.77,,14.43,12.02,,,,23.88,5.66,,,17.02,4.27,15.41,
11/11/2013,10.54,,33.46,10.39,,12.56,,13.91,,22.13,,,3.38,3.82,20.9,,5.03,43.8,9.97,13.56,26.16,1.78,,14.46,12.03,,,,23.79,5.65,,,16.86,4.09,15.36,
12/11/2013,10.58,,33.27,10.41,,13.33,,13.91,,21.98,,,3.41,4.42,21.08,,5.05,44.13,9.99,13.59,26.21,1.82,,14.54,12.14,,,,23.91,5.71,,,16.76,3.93,15.36,
13/11/2013,10.59,,33.13,10.4,,13.57,,13.91,,21.92,,,3.43,4.28,21.07,,5.06,43.86,9.99,13.6,26.2,1.82,,14.53,12.13,,,,24.1,5.72,,,16.62,3.87,15.34,
14/11/2013,10.59,,33.2,10.36,,13.65,,13.86,,21.79,,,3.4,4.16,21.07,,5.05,44.02,9.95,13.63,26.16,1.81,,14.53,12.05,,,,23.92,5.67,,,16.41,3.83,15.28,
15/11/2013,10.57,,33.32,10.35,,13.54,,13.83,,21.68,,,3.4,4.09,21.02,,5.05,44.09,9.92,13.63,26.07,1.78,,14.51,12.08,,,,23.96,5.66,,,16.22,3.77,15.24,
16/11/2013,10.57,,33.25,10.37,,12.9,,13.8,,21.66,,,3.42,3.97,21.04,,5.07,44.04,9.82,13.6,26.02,1.82,,14.61,12.14,,,,23.97,5.69,,,15.97,3.71,15.23,
17/11/2013,10.56,,33.38,10.36,,12.54,,13.75,,21.52,,,3.43,3.87,20.99,,5.07,43.88,9.76,13.58,26.09,1.81,,14.6,12.14,,,,23.97,5.66,,,15.7,3.61,15.18,
18/11/2013,10.55,,33.31,10.33,,12.46,,13.69,,21.48,,,3.38,3.85,20.94,,5.06,43.86,9.7,13.57,26.02,1.79,,14.58,12.07,,,,23.95,5.62,,,15.38,3.52,15.11,
19/11/2013,10.53,,33.35,10.29,,13.13,,13.64,,21.47,,,3.37,3.93,20.98,,5.04,43.97,9.65,13.55,25.94,1.76,,14.53,12.03,,,,24.25,5.59,,,15.06,3.44,15.05,
20/11/2013,10.53,,33.44,10.28,,13.31,,14,,21.48,,,3.39,3.97,21,,5.03,44.01,9.61,13.53,25.91,1.76,,14.54,12.05,,,,23.89,5.64,,,14.79,3.45,15.02,
21/11/2013,10.53,,33.53,10.24,,13.46,,14.02,,21.47,,,3.38,3.98,20.99,,5.01,44.16,9.56,13.49,25.84,1.75,,14.56,12.06,,,,23.87,5.67,,,14.53,3.32,14.96,
22/11/2013,10.54,,33.64,10.23,,13.46,,13.82,,21.47,,,3.37,3.93,20.98,,5.01,44.22,9.54,13.47,25.83,1.76,,14.57,12.12,,,,24.13,5.66,,,14.32,3.57,14.91,
23/11/2013,10.48,,33.49,10.2,,12.72,,13.66,,21.43,,,3.37,4.29,20.92,,4.98,44.09,9.45,13.43,25.77,1.75,,14.59,12.1,,,,24.14,5.56,,,14.13,3.42,14.88,
24/11/2013,10.48,,33.42,10.23,,12.31,,13.57,,21.35,,,3.35,4.01,20.87,,4.98,43.81,9.31,13.39,25.72,1.75,,14.58,12.15,,,,23.72,5.53,,,13.97,3.41,14.85,
25/11/2013,10.47,,34.49,10.24,,12.27,,13.5,,21.34,,,3.36,3.97,20.84,,5,43.89,9.25,13.37,25.74,1.75,,14.55,12.08,,,,23.83,5.52,,,13.84,3.33,14.84,
26/11/2013,10.48,,33.91,10.25,,12.94,,13.44,,21.39,,,3.38,3.98,20.98,,5.01,44.15,9.2,13.37,25.7,1.74,,14.56,12.1,,,,23.72,5.48,,,13.69,3.3,14.81,
27/11/2013,10.48,,33.42,10.26,,13.01,,13.38,,21.38,,,3.4,3.96,20.98,,5.01,44.01,9.16,13.37,25.66,1.74,,14.52,12.1,,,,23.69,5.47,,,13.56,3.38,14.8,
28/11/2013,10.49,,33.18,10.27,,13,,13.3,,21.33,,,3.42,4.01,20.98,,5.01,44.29,9.13,13.38,25.6,1.72,,14.52,12.09,,,,23.58,5.39,,,13.37,3.37,14.78,
29/11/2013,10.48,,33.31,10.24,,12.98,,13.27,,21.29,,,,3.96,20.92,,4.98,44.3,9.08,13.38,25.5,1.68,,14.46,12.04,,,,23.8,5.26,,,13.12,3.46,14.81,
30/11/2013,10.47,,33.73,10.23,,12.36,,13.13,,21.26,,,,3.85,20.75,,4.97,44.19,9.06,13.37,25.45,1.66,,14.42,12.03,,,,23.43,5.24,,,12.92,3.34,14.8,
1/12/2013,10.44,,33.24,10.23,,11.99,,13.06,,21.24,,,,3.79,20.74,,4.97,44.04,9.06,13.4,25.43,1.67,,14.46,12.09,,,,23.38,5.2,,,12.73,3.38,14.75,
2/12/2013,10.43,,33.09,10.23,,11.93,,12.89,,21.22,,,,3.78,20.72,,4.97,44.08,9.05,13.43,25.41,1.67,,14.46,12.05,,,,23.38,5.19,,,12.61,3.27,14.73,
3/12/2013,10.45,,33.21,10.23,,12.51,,12.84,,21.21,,,,3.94,20.84,,4.97,44.45,9.06,13.47,25.38,1.66,,14.5,12.09,,,,23.37,5.24,,,12.46,3.29,14.68,
4/12/2013,,,33.52,10.22,,12.67,,12.81,,21.14,,,,3.94,20.84,,,44.4,9.06,13.49,25.32,1.65,,14.46,12.1,,,,23.3,5.22,,,12.31,3.39,14.63,
5/12/2013,,,34.04,10.2,,12.77,,12.77,,21.09,,,,3.9,20.79,,,44.13,9.05,13.51,25.28,1.64,,14.43,12.09,,,,23.66,5.2,,,12.16,3.37,14.57,
6/12/2013,,,34.03,10.18,,12.65,,12.74,,21.03,,,,3.92,20.73,,,44.32,9.03,13.52,25.22,1.62,,14.39,12.01,,,,23.29,5.19,,,12.04,3.29,14.52,
7/12/2013,,,34.55,10.2,,12.11,,12.61,,21.05,,,,3.87,20.75,,,44.28,9.05,13.56,25.24,1.64,,14.44,12.07,,,,23.37,5.24,,,11.99,3.15,14.52,
8/12/2013,,,34.29,10.2,,11.77,,12.53,,20.99,,,,3.8,20.73,,,43.92,9.08,13.6,25.25,1.66,,14.48,12.12,,,,23.35,5.21,,,11.93,2.99,14.5,
9/12/2013,,,33.96,10.2,,11.71,,12.47,,20.96,,,,3.79,20.72,,,44.07,9.09,13.63,25.25,1.65,,14.49,12.1,,,,23.67,5.2,,,11.85,2.94,14.47,
10/12/2013,,,33.62,10.2,,12.35,,12.38,,20.97,,,,3.89,20.83,,,44.11,9.11,13.66,25.25,1.66,,14.51,12.17,,,,23.71,5.22,,,11.81,2.99,14.46,
11/12/2013,,,33.44,10.2,,12.52,,12.36,,20.94,,,,4.48,20.86,,,44.3,9.14,13.69,25.25,1.66,,14.53,12.14,,,,23.38,5.37,,,11.73,3.01,14.42,
12/12/2013,,,33.14,10.19,,12.59,,12.35,,20.91,,,,4.32,20.83,,,44.48,9.13,13.71,25.22,1.65,,14.52,12.11,,,,23.33,5.29,,,11.65,2.93,14.37,
13/12/2013,,,33.15,10.16,,12.62,,12.37,,20.86,,,,4.14,20.81,,,44.47,9.13,13.73,25.19,1.63,,14.5,12.06,,,,23.38,5.27,,,11.57,2.9,14.33,
14/12/2013,,,32.9,10.16,,12.04,,12.35,,20.85,,,,4.01,20.71,,,44.38,9.13,13.75,25.18,1.64,,14.51,12.1,,,,23.75,5.29,,,11.54,2.93,14.31,
15/12/2013,,,32.78,10.17,,11.65,,12.24,,20.82,,,,3.9,20.71,,,44,9.17,13.78,25.21,1.66,,14.55,12.15,,,,23.64,5.26,,,11.52,2.94,14.3,
16/12/2013,,,32.71,10.17,,11.61,,12.19,,20.8,,,,3.88,20.7,,,44.1,9.18,13.81,25.22,1.66,,14.57,12.12,,,,23.34,5.24,,,11.47,2.93,14.27,
17/12/2013,,,33.19,10.15,,12.26,,12.17,,20.78,,,,4.15,20.79,,,44.26,9.19,13.83,25.21,1.65,,14.56,12.09,,,,23.37,5.34,,,11.41,2.9,14.22,
18/12/2013,,,32.86,10.13,,12.65,,12.16,12.67,20.76,,,,4.34,20.76,,,44.22,9.2,13.84,25.18,1.64,,14.53,12.06,,,,23.37,5.3,,,11.35,2.85,14.18,
19/12/2013,,,32.71,10.13,,12.85,,12.56,12.55,20.71,,,,4.19,20.77,,,44.22,9.2,13.86,25.17,1.64,,14.55,12.06,,,,23.36,5.28,,,11.3,2.89,14.14,
20/12/2013,,,32.6,10.13,,12.76,,12.55,12.61,20.72,,,,4.11,20.8,,,44.11,9.22,13.89,25.18,1.66,,14.53,12.11,,,,23.38,5.26,,,11.3,2.89,14.13,
21/12/2013,,,33.33,10.15,,12.28,,12.52,12.96,20.7,,,,3.99,20.74,,,43.93,9.26,13.9,25.24,1.68,,14.6,12.12,,,,23.44,5.28,,,11.32,2.9,14.12,
22/12/2013,,,33.07,10.13,,11.96,,12.47,12.9,20.61,,,,3.87,20.68,,,43.79,9.26,13.87,25.22,1.67,,14.58,12.13,,,,23.41,5.22,,,11.27,2.89,14.07,
23/12/2013,,,33.69,10.11,,11.82,,12.42,12.76,20.57,,,,3.86,20.65,,,43.88,9.27,13.85,25.2,1.66,,14.56,12.07,,,,23.4,5.21,,,11.23,2.84,14.04,
24/12/2013,,,32.99,10.08,,11.63,,12.37,12.55,20.48,,,,3.82,20.59,,,43.66,9.26,13.81,25.16,1.63,,14.56,12.04,,,,23.38,5.24,,,11.18,2.8,13.98,
25/12/2013,,,32.87,10.02,,11.47,,12.3,12.29,20.36,,,,3.7,20.49,,,43.37,9.23,13.72,25.07,1.58,,14.48,12.02,,,,23.3,5.15,,,11.09,2.78,13.91,
26/12/2013,,,32.81,9.97,,11.36,,12.26,12.23,20.31,,,,3.59,20.42,,,43.4,9.19,13.49,25,1.54,,14.43,11.93,,,,23.25,5.13,,,11.03,2.71,13.86,
27/12/2013,,,32.7,10,,11.33,,12.26,12.25,20.38,,,,3.58,20.51,,,43.54,9.23,13.25,25.07,1.59,,14.55,12.09,,,,23.34,5.14,,,11.07,2.76,13.88,
28/12/2013,,,32.75,10.03,,11.27,,12.22,12.16,20.39,,,,3.63,20.58,,,43.5,9.27,13.15,25.06,1.62,,14.6,12.11,,,,23.36,5.14,,,11.15,2.83,13.87,
29/12/2013,,,32.84,10.02,,11.21,,12.2,12.11,20.37,,,,3.67,20.56,,,43.5,9.27,13.1,25.03,1.61,,14.59,12.1,,,,23.36,5.14,,,11.14,2.83,13.85,
30/12/2013,,,32.81,10.03,,11.18,,12.17,12.14,20.38,,,,3.67,20.63,,,43.59,9.29,13.07,25.07,1.63,,14.65,12.1,,,,23.38,5.16,,,11.2,2.84,13.86,
31/12/2013,,,32.58,10.02,,11.15,,12.13,12.01,20.32,,,,4.12,20.6,,,43.54,9.3,13.05,25.04,1.62,,14.62,12.08,,,,23.36,5.3,,,11.2,2.77,13.82,
1/1/2014,,,32.45,10.02,,11.08,,12.09,12.02,20.29,,,,3.91,20.58,,,43.29,9.3,13.03,25.02,1.61,,14.61,12.09,,,,23.41,5.19,,,11.19,2.83,13.79,
2/1/2014,,,32.48,10,,11.06,,12.04,11.91,20.26,,,,3.83,20.56,,,43.41,9.3,13.03,25,1.61,,14.6,12.1,,,,23.38,5.16,,,11.19,2.76,13.76,
3/1/2014,,,32.51,10,,11.06,,12.02,11.94,20.28,,,,3.8,20.54,,,43.53,9.32,13.04,25.02,1.62,,14.62,12.09,,,,23.4,5.22,,,11.21,2.8,13.75,
4/1/2014,,,32.74,9.95,,11.05,,11.95,11.86,20.18,,,,3.72,20.5,,,43.42,9.31,13.01,24.97,1.57,,14.59,12.02,,,,23.35,5.19,,,11.18,2.8,13.68,
5/1/2014,,,32.8,9.91,,11.01,,11.92,11.8,20.15,,,,3.53,20.46,,,43.29,9.21,12.87,24.89,1.55,,14.55,12.02,,,,23.33,5.14,,,11.16,2.7,13.66,
6/1/2014,,,33.12,9.97,,10.99,,11.92,11.84,20.23,,,,3.51,20.54,,,43.49,9.11,12.81,24.77,1.59,,14.62,12.1,,,,23.4,5.14,,,11.24,2.73,13.68,
7/1/2014,,,32.99,9.98,,10.98,,11.9,11.83,20,,,,3.54,20.57,,,43.36,9.21,12.78,24.92,1.6,,14.63,12.11,,,,23.42,5.14,,,11.31,2.73,13.68,
8/1/2014,,,32.93,9.98,,11.52,,11.88,12.04,19.91,,,,3.69,20.69,,,43.77,9.19,12.77,24.86,1.61,,14.63,12.14,,,,23.44,5.22,,,11.35,2.8,13.66,
9/1/2014,,,32.9,9.95,,11.73,,11.85,11.96,19.88,,,,3.82,20.7,,,44.14,9.16,12.76,24.78,1.59,,14.6,12.1,,,,23.79,5.19,,,11.37,2.79,13.62,
10/1/2014,,,32.86,9.95,,11.83,,11.84,12,19.87,,,,3.81,20.68,,,44.34,9.15,12.75,24.74,1.59,,14.57,12.09,,,,23.85,5.24,,,11.37,2.83,13.6,
11/1/2014,,,32.78,9.95,,11.52,,11.83,11.95,19.81,,,,3.75,20.63,,,44.26,9.16,12.76,24.71,1.6,,14.6,12.15,,,,23.88,5.18,,,11.41,2.76,13.6,
12/1/2014,,,32.7,9.94,,11.25,,11.82,11.9,19.74,,,,3.67,20.61,,,43.92,9.15,12.78,24.67,1.61,,14.6,12.14,,,,23.92,5.16,,,11.45,2.81,13.58,
13/1/2014,,,32.38,9.93,,11.21,,11.78,11.88,19.66,,,,3.66,20.58,,,43.82,9.13,12.8,24.59,1.58,,14.57,12.09,,,,23.91,5.13,,,11.47,2.75,13.54,
14/1/2014,,,32.49,9.88,,11.77,,11.75,11.75,19.6,,,,3.72,20.64,,,44.21,9.08,12.77,24.51,1.55,,14.52,11.99,,,,23.85,5.12,,,11.44,2.79,13.5,
15/1/2014,,,32.23,9.9,,11.75,,11.75,11.75,19.61,,,,3.71,20.68,,,44.07,9.07,12.75,24.49,1.57,,14.55,12.06,,,,23.51,5.2,,,11.49,2.79,13.5,
16/1/2014,,,32.24,9.9,,11.81,,11.74,11.65,19.64,,,,,20.74,,,44.36,9.07,12.74,24.45,1.58,,14.57,12.09,,,,23.5,5.16,,,11.56,2.78,13.49,
17/1/2014,,,32.15,9.86,,11.78,,11.72,11.64,19.61,,,,4.09,20.7,,,44.57,9.03,12.65,24.39,1.55,,14.54,12.02,,,,23.77,5.14,,,11.59,2.73,13.46,
18/1/2014,,,32.09,9.86,,11.48,,11.69,11.55,19.52,,,,3.78,20.58,,,44.39,8.95,12.51,24.35,1.54,,14.52,12.05,,,,23.83,5.12,,,11.63,2.8,13.43,
19/1/2014,,,32.07,9.85,,11.16,,11.66,11.47,19.44,,,,3.52,20.5,,,43.82,8.82,12.3,24.27,1.49,,14.44,12,,,,23.48,4.99,,,11.64,2.68,13.4,
20/1/2014,,,31.99,9.84,,11.11,,11.64,11.45,19.43,,,,3.5,20.48,,,43.76,8.69,12.06,23.95,1.49,,14.36,11.94,,,,23.47,4.97,,,11.66,2.64,13.38,
21/1/2014,,,31.77,9.84,,11.48,,11.63,11.48,19.49,,,,3.61,20.62,,,44.14,8.59,11.92,23.78,1.48,,14.33,11.95,,,,23.43,4.98,,,11.72,2.71,13.36,
22/1/2014,,,31.83,9.86,,11.67,,11.63,11.51,19.59,,,,3.66,20.67,,,43.9,8.54,11.85,23.63,1.47,,14.32,11.96,,,,23.44,5.04,,,11.78,2.7,13.37,
23/1/2014,,,31.93,9.87,,11.74,,11.6,11.52,19.5,,,,3.7,20.69,,,44.22,8.49,11.81,23.47,1.43,,14.29,11.94,,,,23.38,5.01,,,11.85,2.63,13.35,
24/1/2014,,,31.94,9.84,,11.75,,11.56,11.46,19.43,,,,3.74,20.69,,,44.22,8.45,11.78,23.31,1.4,,14.23,11.87,,,,23.3,4.99,,,11.86,2.58,13.31,
25/1/2014,,,31.97,9.84,,11.4,,11.55,11.46,19.43,,,,3.66,20.6,,,44.13,8.44,11.79,23.2,1.38,,14.22,11.9,,,,23.3,4.97,,,11.88,2.54,13.3,
26/1/2014,,,31.95,9.84,,11.08,,11.53,11.42,19.34,,,,3.58,20.54,,,43.77,8.41,11.81,23.07,1.35,,14.17,11.88,,,,23.26,4.93,,,11.91,2.52,13.28,
27/1/2014,,,31.9,9.82,,11.02,,11.48,11.34,19.28,,,,3.55,20.49,,,43.97,8.4,11.84,22.94,1.32,,14.13,11.82,,,,23.15,4.91,,,11.91,2.5,13.24,
28/1/2014,,,31.85,9.8,,11.38,,11.44,11.32,19.28,,,,3.64,20.58,,,43.95,8.39,11.89,22.87,1.29,,14.1,11.81,,,,23.11,4.92,,,11.88,2.51,13.21,
29/1/2014,,,31.82,9.81,,11.63,,11.43,,19.33,,,,3.66,20.61,,,43.88,8.4,11.95,22.84,1.29,,14.1,11.84,,,,23.16,4.95,,,11.88,2.47,13.21,
30/1/2014,,,31.86,9.75,,11.7,,11.4,,19.37,,,,3.67,20.64,,,44.17,8.33,12.03,22.75,1.27,,14.11,11.84,,,,23.17,4.86,,,11.86,2.52,13.19,
31/1/2014,,,31.92,9.73,,11.79,,11.35,,19.35,,,,3.54,20.61,,,43.88,8.19,12.04,22.68,1.25,,14.06,11.85,,,,23.1,4.82,,,11.82,2.47,13.18,
1/2/2014,,,31.9,9.79,,11.17,,11.34,,19.29,,,,3.49,20.4,,,43.97,8.16,11.95,22.49,1.22,,13.97,11.82,,,,23.12,4.78,,,11.68,2.38,13.15,
2/2/2014,,,32.2,9.8,,10.6,,11.3,,19.23,,,,3.39,20.31,,,43.69,8.06,11.87,22.35,1.2,,13.94,11.79,,,,23.06,4.73,,,11.52,2.37,13.13,
3/2/2014,,,33.19,9.81,,10.49,,11.29,,19.21,,,,3.38,20.27,,,43.67,7.93,11.77,22.2,1.16,,13.9,11.79,,,,23.1,4.69,,,11.32,2.34,13.13,
4/2/2014,,,32.62,9.81,,10.42,,11.26,,19.2,,,,3.49,20.29,,,43.63,7.89,11.65,22.02,1.12,,13.84,11.74,,,,23.09,4.7,,,11.06,2.36,13.11,
5/2/2014,,,32.32,9.78,,10.33,,11.22,,19.11,,,,3.53,20.15,,,43.65,7.82,11.49,21.78,1.07,,13.74,11.65,,,,22.8,4.7,,,10.73,2.35,13.07,
6/2/2014,,,32.22,9.78,,10.89,,11.21,,19.11,,,,3.55,20.11,,,43.91,7.77,11.34,21.62,1.05,,13.73,11.63,,,,22.72,4.68,,,10.49,2.34,13.07,
7/2/2014,,,32.15,9.78,,10.94,,11.17,,19.09,,,,3.58,20,,,43.88,7.68,11.2,21.33,0.98,,13.65,11.61,,,,22.62,4.63,,,10.24,2.37,13.05,
8/2/2014,,,32.12,9.76,,10.61,,11.13,,19.03,,,,3.52,19.75,,,43.67,7.6,10.99,21.12,0.93,,13.55,11.54,,,,22.58,4.57,,,10.03,2.35,12.99,
9/2/2014,,,32.01,9.75,,10.21,,11.11,,18.99,,,,3.43,19.68,,,43.27,7.48,10.83,20.91,0.88,,13.48,11.5,,,,22.46,4.53,,,9.91,2.39,12.95,
10/2/2014,,,31.98,9.69,,10.12,,11.07,,18.96,,,,3.41,19.61,,,43.38,7.37,10.73,20.66,0.81,,13.37,11.45,,,,22.43,4.47,,,9.76,2.39,12.9,
11/2/2014,,,31.94,9.66,,10.6,,11.04,,18.99,,,,3.43,19.65,,,43.58,7.28,10.62,20.45,0.76,,13.27,11.42,,,,22.34,4.44,,,9.69,2.43,12.87,
12/2/2014,,,31.83,9.71,,10.7,,11.04,,19.03,,,,3.46,19.61,,,43.33,7.26,10.57,20.26,0.71,,13.17,11.37,,,,22.25,4.42,,,9.67,2.39,12.85,
13/2/2014,,,31.92,9.72,,10.77,,11.01,,19.01,,,,3.54,19.53,,,43.58,7.23,10.53,20.03,0.63,,13.05,11.43,,,,22.19,4.41,,,9.57,2.44,12.8,
14/2/2014,,,31.84,9.73,,10.84,,11.01,,19,,,,3.57,19.51,,,43.66,7.23,10.52,19.92,0.59,,13.01,11.36,,,,22.08,4.43,,,9.57,2.44,12.79,
15/2/2014,,,31.79,9.75,,10.45,,10.99,,18.95,,,,3.56,19.36,,,43.37,7.26,10.54,19.77,0.54,,12.93,11.33,,,,22.47,4.4,,,9.56,2.51,12.77,
16/2/2014,,,31.64,9.74,,10.07,,10.96,,18.87,,,,3.46,19.24,,,42.93,7.28,10.57,19.63,0.48,,12.85,11.28,,,,22.32,4.36,,,9.52,2.51,12.73,
17/2/2014,,,31.58,9.73,,10.01,,10.95,,18.84,,,,3.44,19.19,,,42.93,7.28,10.61,19.55,0.45,,12.81,11.22,,,,21.9,4.34,,,9.5,2.51,12.72,
18/2/2014,,,32.28,9.74,,10.55,,10.93,,18.87,,,,3.55,19.31,,,43.2,7.34,10.67,19.47,0.41,,12.79,11.28,,,,21.85,4.36,,,9.51,2.44,12.69,
19/2/2014,,,32.29,9.71,,10.61,,10.89,,18.83,,,,3.57,19.26,,,43.11,7.35,10.72,19.35,0.35,,12.73,11.21,,,,21.76,4.36,,,9.46,2.44,12.65,
20/2/2014,,,32.11,9.7,,10.6,,10.87,,18.83,,,,3.6,19.21,,,43.06,7.34,10.76,19.29,0.32,,12.7,11.2,,,,21.76,4.35,,,9.46,2.43,12.62,
21/2/2014,,,31.97,9.69,,10.66,,10.85,,18.83,,,,3.57,19.13,,,43.29,7.33,10.8,19.21,0.31,,12.65,11.15,,,,21.67,4.36,,,9.43,2.4,12.59,
22/2/2014,,,31.81,9.69,,10.35,,10.84,,18.81,,,,3.5,19.03,,,43.06,7.32,10.86,19.19,0.23,,12.62,11.12,,,,21.72,4.31,,,9.43,2.41,12.58,
23/2/2014,,,32.26,9.7,,10.05,,10.84,,18.76,,,,3.42,18.95,,,42.87,7.35,10.94,19.19,0.17,,12.62,11.14,,,,21.71,4.28,,,9.46,2.41,12.58,
24/2/2014,,,33.15,9.71,,9.98,,10.81,,18.73,,,,3.41,18.91,,,42.78,7.36,11.01,19.16,0.12,,12.59,11.1,,,,21.64,4.26,,,9.45,2.41,12.56,
25/2/2014,,,33.07,9.7,,10.55,,10.79,,18.73,,,,3.5,18.93,,,42.81,7.38,11.06,19.12,0.12,,12.56,11.06,,,,21.6,4.24,,,9.43,2.46,12.54,
26/2/2014,,,32.69,9.69,,10.77,,10.77,,18.74,,,,3.54,18.9,,,42.63,7.4,11.13,19.1,0.13,,12.54,11.02,,,,21.57,4.26,,,9.42,2.52,12.53,
27/2/2014,,,32.78,9.68,,10.85,,10.75,,18.73,,,,3.57,18.87,,,42.78,7.43,11.19,19.08,0.1,,12.5,11.02,,,,21.5,4.25,,,9.39,2.51,12.51,
28/2/2014,,,33.12,9.65,,10.85,,10.71,,18.65,,,,3.57,18.76,,,42.73,7.43,11.2,19,0.14,,12.44,10.91,,,,21.43,4.24,,,9.31,2.5,12.45,
1/3/2014,,,33.2,9.61,,10.45,,10.67,,18.58,,,,3.48,18.53,,,42.55,7.35,11.15,18.95,0.25,,12.39,10.87,,,,21.43,4.15,,,9.25,2.43,12.4,
2/3/2014,,,33.52,9.61,,10.04,,10.66,,18.55,,,,3.36,18.49,,,42.16,7.24,10.92,18.82,0.18,,12.36,10.87,,,,21.35,4.06,,,9.24,2.41,12.4,
3/3/2014,,,33.65,9.6,,9.99,,10.64,,18.49,,,,3.34,18.44,,,42.11,7.15,10.72,18.63,0.17,,12.27,10.75,,,,21.17,4.01,,,9.19,2.41,12.38,
4/3/2014,,,33.83,9.55,,10.53,,10.59,,18.44,,,,3.4,18.47,,,42.26,7.12,10.57,18.53,0.07,,12.23,10.75,,,,21.03,4,,,9.15,2.48,12.35,
5/3/2014,,,33.78,9.54,,10.46,,10.53,,18.5,,,,3.4,18.5,,,42.26,7.11,10.43,18.44,0.01,,12.23,10.81,,,,20.98,4.04,,,9.04,2.41,12.35,
6/3/2014,,,34.38,9.61,,10.65,,10.58,,18.59,,,,3.43,18.42,,4.06,42.65,7.13,10.41,18.34,,,12.2,10.79,,,,20.89,4.01,,,8.9,2.32,12.36,
7/3/2014,,,34.71,9.63,,10.67,,10.59,,18.55,,,,3.48,18.27,,4.07,42.56,7.15,10.4,18.24,,,12.16,10.75,,,,20.78,3.99,,,8.61,2.42,12.36,
8/3/2014,,,35,9.63,,10.27,,10.59,,18.53,,,,3.49,18.05,,4.07,42.44,7.17,10.41,18.19,,,12.13,10.77,,,,20.77,3.98,,,8.4,2.4,12.35,
9/3/2014,,,34.03,9.66,,9.87,,10.57,,18.41,,,,3.41,17.86,,4.07,42.13,7.21,10.46,18.08,,,12.09,10.73,,,,20.56,3.92,,,8.19,2.38,12.34,
10/3/2014,,,33.65,9.64,,9.8,,10.55,,18.37,,,,3.39,17.78,,4.06,41.88,7.21,10.49,18.01,,,12.04,10.63,,,,20.58,3.9,,,8.03,2.45,12.31,
11/3/2014,,,33.14,9.64,,10.29,,10.54,,18.38,,,,3.46,17.77,,4.06,42.03,7.24,10.55,17.98,,,12.02,10.62,,,,20.53,3.9,,,7.95,2.51,12.3,
12/3/2014,,,32.97,9.65,,10.41,,10.53,,18.41,,,,3.53,17.71,,4.07,42.06,7.3,10.63,17.96,,,12.01,10.61,,,,20.53,3.94,,,7.88,2.54,12.31,
13/3/2014,,,33.56,9.65,,10.43,,10.51,,18.38,,,,3.53,17.63,,4.08,42.03,7.33,10.7,17.92,,,11.98,10.58,,,,20.53,3.9,,,7.82,2.45,12.29,
14/3/2014,,,33.19,9.64,,10.48,,10.49,,18.31,,,,3.57,17.55,,4.07,42.09,7.36,10.77,17.89,,,11.95,10.54,,,,20.5,3.89,,,7.76,2.47,12.26,
15/3/2014,,,32.93,9.6,,9.94,,10.45,,18.19,,,,3.5,17.31,,4.06,41.79,7.39,10.84,17.82,,,11.91,10.49,,,,20.45,3.88,,,7.68,2.45,12.21,
16/3/2014,,,34.07,9.6,,9.56,,10.44,,18.17,,,,3.41,17.26,,4.06,41.34,7.41,10.89,17.82,,,11.9,10.5,,,,20.41,3.86,,,7.66,2.45,12.21,
17/3/2014,,,34.47,9.6,,9.51,,10.43,,18.16,,,,3.4,17.24,,4.07,41.53,7.44,10.97,17.83,,,11.89,10.48,,,,20.4,3.84,,,7.66,2.52,12.2,
18/3/2014,,,33.63,9.6,,10.03,,10.41,,18.17,,,,3.49,17.33,,4.08,41.54,7.49,11.05,17.84,,,11.89,10.47,,,,20.4,3.84,,,7.64,2.71,12.19,
19/3/2014,,,33.08,9.6,,10.22,,10.41,,18.18,,,,3.51,17.32,,4.08,41.27,7.53,11.11,17.85,,,11.88,10.46,,,,20.46,4.03,,,7.64,2.64,12.18,
20/3/2014,,,33.16,9.61,,10.37,,10.41,,18.2,,,,3.56,17.36,,4.1,41.81,7.66,11.19,17.9,,,11.91,10.47,,,,20.34,3.92,,,7.65,2.74,12.17,
21/3/2014,,,32.71,9.6,,10.3,,10.39,,18.16,,,,3.53,17.32,,4.11,41.63,7.67,11.25,17.9,,,11.89,10.43,,,,20.43,3.87,,,7.62,2.72,12.15,
22/3/2014,,,32.7,9.57,,9.83,,10.36,,18.08,,,,3.44,17.13,,4.09,41.57,7.66,11.3,17.86,,,11.85,10.35,,,,20.38,3.82,,,7.58,2.75,12.11,
23/3/2014,,,32.87,9.54,,9.46,,10.34,,17.98,,,,3.34,17.05,,4.08,40.97,7.64,11.32,17.83,,,11.82,10.26,,,,20.33,3.75,,,7.54,2.74,12.09,
24/3/2014,,,33.72,9.54,,9.43,,10.34,,17.97,,,,3.32,17.05,,4.09,40.99,7.67,11.32,17.87,,,11.84,10.32,,,,20.35,3.72,,,7.56,2.78,12.08,
25/3/2014,,,33.42,9.54,,9.89,,10.33,,18.03,,,,3.42,17.2,,4.1,41.2,7.72,11.35,17.93,,,11.86,10.31,,,,20.37,3.7,,,7.58,2.74,12.08,
26/3/2014,,,32.94,9.53,,9.92,,10.32,,18.02,,,,3.47,17.22,,4.11,41.23,7.74,11.39,17.95,,,11.86,10.33,,,,20.18,3.74,,,7.59,2.67,12.07,
27/3/2014,,,32.74,9.51,,9.95,,10.29,,18,,,,3.5,17.2,,4.12,41.35,7.78,11.45,18,,,11.87,10.29,,,,20.18,3.79,,,7.84,2.71,12.03,
28/3/2014,,,33.1,9.51,,9.9,,10.26,,18,,,,3.52,17.23,,4.14,41.35,7.81,11.51,18.04,,,11.89,10.34,,,,20.39,3.76,,,7.84,2.64,12.03,
29/3/2014,,,33.06,9.54,,9.58,,10.29,,18.03,,,,,17.2,,4.16,41.15,7.86,11.6,18.12,,,11.93,10.35,,,,20.45,3.73,,,7.88,2.72,12.05,
30/3/2014,,,32.69,9.53,,9.31,,10.27,,17.89,,,,3.84,17.14,,4.18,41.01,7.89,11.66,18.16,,,11.93,10.28,,,,20.43,3.7,,,7.86,2.69,12.02,
31/3/2014,,,32.53,9.52,,9.25,,10.26,,17.86,,,,3.75,17.13,,4.18,40.88,7.9,11.72,18.17,,,11.92,10.21,,,,20.41,3.68,,,7.85,2.72,12,
1/4/2014,9.19,,32.51,9.52,,9.66,,10.81,,17.88,,,,3.68,17.24,,4.18,40.92,7.94,11.79,18.21,,,11.93,10.2,,,,20.42,3.71,,,7.85,2.78,11.99,
2/4/2014,9.19,,32.42,9.51,,9.85,,10.72,,17.87,,,,3.66,17.26,,4.2,40.9,7.97,11.86,18.26,,,11.94,10.19,,,0.56,20.47,3.94,13.1,,7.85,2.72,11.97,
3/4/2014,9.21,,32.3,9.5,,9.94,,10.52,,17.86,,,,3.63,17.28,,4.2,41.19,8,11.94,18.29,,,11.94,10.17,,,0.54,24.35,3.89,13.09,,7.84,1.57,11.95,
4/4/2014,9.19,,32.3,9.49,,9.92,,10.4,,17.82,,,,3.56,17.2,,4.2,41.05,8.02,11.99,18.32,,,11.94,10.13,,,0.61,24.32,3.92,13.05,,7.82,1.46,11.93,
5/4/2014,9.19,,33.01,9.48,,9.49,,10.34,,17.81,,,,3.5,17,,4.2,40.9,8.02,12.04,18.32,,,11.93,10.16,,,0.58,24.4,3.92,13.05,,7.82,1.47,11.92,
6/4/2014,9.16,,32.53,9.5,,9.19,,10.3,,17.76,,,,3.45,16.97,,4.22,40.69,8.06,12.09,18.44,,,11.95,10.18,,,0.58,24.42,3.86,13.06,,7.86,1.45,11.93,
7/4/2014,9.15,,32.23,9.51,,9.18,,10.28,,17.75,,,,3.44,17.07,,4.24,40.66,8.09,12.14,18.5,,,11.97,10.18,,,0.63,24.42,3.82,13.03,,7.89,1.36,11.9,
8/4/2014,9.16,,32.02,9.5,,9.65,,10.23,,17.75,,,,3.53,17.14,,4.26,40.87,8.13,12.19,18.54,,,11.97,10.13,,,0.63,24.39,3.85,13,,7.88,1.35,11.89,
9/4/2014,9.16,,32.07,9.5,,9.87,,10.21,,17.74,,,,3.58,17.12,,4.26,40.73,8.16,12.23,18.57,,,11.96,10.18,,,0.63,24.41,4.09,13,,7.88,1.35,11.9,
10/4/2014,9.11,,31.86,9.5,,9.85,3.65,10.2,,17.74,,,,3.57,17.1,,4.28,40.97,8.21,12.29,18.64,,,11.98,10.13,8.74,14.3,0.63,24.41,4,12.97,,7.91,1.36,11.93,
11/4/2014,9.1,,31.68,9.51,,9.85,3.81,10.18,,17.74,,,,3.57,17.09,,4.28,41.03,8.22,12.33,18.69,,,11.98,10.15,8.74,14.3,0.63,24.45,3.98,12.96,,7.91,1.3,11.94,
12/4/2014,9.09,,31.64,9.52,,9.49,3.68,10.15,,17.68,,,,3.53,16.98,,4.3,40.66,8.29,12.38,18.75,,,11.99,10.16,8.74,14.29,0.63,24.45,3.91,12.94,,7.93,1.31,11.98,
13/4/2014,9.07,,32.32,9.52,,9.21,3.61,10.13,,17.58,,,,3.49,16.94,,4.3,40.45,8.31,12.43,18.82,,,12,10.14,8.74,14.29,0.63,24.47,3.82,12.92,,7.95,1.31,11.99,
14/4/2014,9.06,,33.18,9.5,,9.16,3.8,10.09,,17.55,,,,4.15,16.92,,4.3,40.4,8.31,12.48,18.88,,,11.99,10.08,8.71,14.26,0.64,24.46,3.78,12.88,,7.95,1.3,11.99,
15/4/2014,9.06,,33.35,9.51,,9.67,4.24,10.08,,17.55,,,,3.96,16.98,,4.31,40.57,8.33,12.52,18.94,,,12,10.1,8.72,14.27,0.64,24.47,3.77,12.87,,7.96,1.3,12,
16/4/2014,9.07,,32.66,9.52,,9.74,4.26,10.07,,17.63,,,,3.86,17.06,,4.33,40.55,8.39,12.56,19.24,0.22,7.93,12.05,10.19,8.73,14.04,0.64,24.54,3.9,12.89,,8.02,1.36,12.04,
17/4/2014,9.07,,32.27,9.52,,9.89,3.93,10.05,,17.58,,,,3.81,17.05,,4.34,41,8.44,12.61,19.17,0.22,7.75,13.56,10.48,8.72,14.27,0.64,24.41,3.9,12.86,,8.05,1.38,12.06,
18/4/2014,9.08,,32.04,9.5,,9.97,3.76,10.01,,17.49,,,,3.74,16.95,,4.34,40.89,8.44,12.63,19.13,0.22,7.73,13.54,10.41,8.7,14.24,0.64,24.42,3.88,12.82,,8.04,1.38,12.05,
19/4/2014,9.06,,31.83,9.49,,9.53,3.65,10,,17.43,,,,3.62,16.87,,4.34,40.63,8.43,12.65,19.1,0.22,7.76,13.53,10.4,8.7,14.24,0.64,24.47,3.78,12.8,,8.05,1.26,12.06,
20/4/2014,9.03,,32.07,9.5,,9.16,3.68,9.98,,17.35,,,,3.53,16.83,,4.34,40.47,8.42,12.65,19.15,0.24,7.68,13.56,10.4,8.7,14.18,0.64,24.53,3.72,12.8,,8.09,1.25,12.08,
21/4/2014,9.01,,32.1,9.5,,9.05,3.63,9.97,,17.32,,,,3.49,16.81,,4.35,40.42,8.43,12.64,19.18,0.24,7.67,13.56,10.36,8.69,14.24,0.65,24.58,3.69,12.78,,8.13,1.28,12.1,
22/4/2014,9,,31.76,9.52,,9.02,3.66,9.97,,17.32,,,,3.48,16.83,,4.36,40.14,8.45,12.66,19.23,0.26,7.7,13.6,10.41,8.7,14.25,0.65,24.57,3.69,12.79,,8.18,1.32,12.11,
23/4/2014,9.02,,31.67,9.57,,9.66,3.73,9.95,,17.37,,,,3.54,16.96,,4.38,40.29,8.49,12.7,19.33,0.28,7.75,13.64,10.41,8.7,14.27,0.65,24.47,3.85,12.81,,8.25,1.4,12.15,
24/4/2014,9.05,,32.32,9.59,,9.89,3.63,9.93,,17.36,,,,3.57,16.99,,4.39,40.51,8.52,12.73,19.38,0.26,7.76,13.64,10.38,8.7,14.25,0.65,24.62,3.86,12.78,,8.28,1.44,12.14,
25/4/2014,9.03,,31.93,9.62,,9.46,3.57,9.91,,17.29,,,,3.54,16.91,,4.39,40.42,8.53,12.75,19.43,0.26,7.75,13.65,10.36,8.69,14.24,0.62,24.67,3.91,12.76,,8.31,1.34,12.15,
26/4/2014,9,,31.88,9.67,,9.32,3.47,9.9,,17.21,,,,,16.89,,4.4,40.28,8.58,12.78,19.46,0.26,7.82,13.66,10.35,8.69,14.23,0.62,24.67,3.89,12.75,,8.34,1.39,12.16,
27/4/2014,8.96,,31.67,9.65,,9.2,3.37,9.88,,17.11,,,,3.88,16.86,,4.4,40.11,8.58,12.81,19.5,0.27,7.73,13.66,10.33,8.67,14.21,0.62,24.67,3.89,12.73,,8.37,1.33,12.15,
28/4/2014,8.95,,31.47,9.65,,9.16,3.34,9.86,,17.11,,,,3.71,16.84,,4.33,40.12,8.62,12.84,19.55,0.26,7.75,13.68,10.31,8.67,14.21,0.6,24.64,3.85,12.72,,8.41,1.37,12.16,
29/4/2014,8.96,,31.68,9.64,,9.52,3.31,9.84,,17.15,,,,3.65,16.95,,4.32,40.22,8.56,12.78,19.56,0.24,7.74,13.7,10.32,8.66,14.2,0.59,24.64,3.83,12.72,,8.46,1.41,12.17,
30/4/2014,8.97,,31.52,9.59,,9.72,3.29,9.82,,17.16,,,,3.61,16.95,,4.37,40.06,8.52,12.71,19.58,0.24,7.72,13.71,10.28,8.66,14.2,0.58,24.68,3.89,12.71,,8.51,1.42,12.15,
1/5/2014,8.94,,31.39,9.56,,9.31,3.25,9.82,,17.14,,,,3.36,16.84,,4.37,40.16,8.5,12.6,19.6,0.24,7.66,13.71,10.3,8.66,14.21,0.57,24.74,3.78,12.69,,8.54,1.38,12.17,
2/5/2014,8.9,,31.45,9.52,,9.06,3.32,9.79,,17.11,,,,3.36,16.81,,4.34,39.99,8.48,12.52,19.58,0.23,7.64,13.68,10.26,8.65,14.19,0.63,24.69,3.74,12.68,,8.57,1.36,12.17,
3/5/2014,8.89,,31.16,9.48,,8.87,3.34,9.75,,17.07,,,,3.32,16.77,,4.32,40.06,8.47,12.42,19.55,0.23,7.56,13.67,10.25,8.63,14.18,0.63,24.73,3.65,12.66,,8.6,1.33,,
4/5/2014,8.88,,31.16,9.49,,8.76,3.37,9.75,,17.06,,,,3.3,16.76,,4.31,40.01,8.47,12.38,19.55,0.24,7.51,13.68,10.24,8.63,14.18,0.63,25.53,3.6,12.61,,8.63,1.28,,
5/5/2014,8.88,,31.42,9.49,,8.73,3.57,9.76,,17.05,,,,3.3,16.78,,4.3,40.13,8.49,12.38,19.57,0.26,7.53,13.69,10.24,8.66,14.19,0.63,24.87,3.58,12.53,,8.69,1.28,,
6/5/2014,8.9,,31.2,9.48,,9.27,3.72,9.75,,17.07,,,,3.44,16.89,,4.3,40.21,8.52,12.37,19.59,0.26,7.53,13.7,10.28,8.67,14,0.63,24.93,3.6,12.5,,8.72,1.34,,
7/5/2014,8.91,,31.18,9.47,,9.51,4.51,9.73,,17.05,,,,3.53,16.9,,4.28,40.34,8.56,12.39,19.61,0.26,7.5,13.7,10.23,8.67,14.19,0.63,24.86,3.66,12.47,,8.75,1.36,,
8/5/2014,8.93,,31.36,9.47,,9.56,5.21,9.73,,17.05,,,,3.51,16.9,19.4,4.28,39.59,8.56,12.41,19.63,0.28,7.51,13.71,10.23,8.67,14.02,0.63,24.71,3.67,12.44,,8.78,1.32,,
9/5/2014,8.92,,31.32,9.47,,9.71,5.23,9.73,,17.06,,,,3.54,16.89,19.37,4.28,39.42,8.57,12.44,19.67,0.28,7.56,13.71,10.21,8.67,14.19,0.63,24.85,3.68,12.41,,8.82,1.33,,
10/5/2014,8.95,,31.19,9.46,,9.33,4.78,9.73,,16.98,,,,3.53,16.8,19.33,4.27,39.13,8.59,12.48,19.72,0.28,7.55,13.72,10.19,8.66,14.18,0.63,24.92,3.74,12.36,,8.85,1.35,,
11/5/2014,8.93,,31.02,9.47,,9.02,4.91,9.71,,16.89,,,,3.43,16.74,19.27,4.26,38.92,8.59,12.51,19.75,0.27,7.52,13.71,10.14,8.65,14.05,0.64,24.84,3.71,12.34,,8.88,1.27,,
12/5/2014,8.92,,30.86,9.52,,8.98,4.65,9.71,,16.88,,,,3.42,16.74,19.29,4.27,38.9,8.6,12.55,19.79,0.3,7.59,13.73,10.17,8.66,14.17,0.64,24.76,3.72,12.33,,8.92,1.35,,
13/5/2014,8.93,,30.84,9.53,,9.58,4.51,9.71,,16.86,,,,3.51,16.84,19.3,4.25,39.12,8.63,12.58,19.84,0.31,7.65,13.74,10.2,8.66,14.12,0.64,24.83,3.86,12.31,,8.98,1.4,,
14/5/2014,8.93,,30.83,9.55,,9.73,4.63,9.71,,16.85,,,,3.56,16.85,19.3,4.27,39.04,8.72,12.61,19.9,0.33,7.64,13.77,10.24,8.66,14.18,0.64,24.88,3.77,12.31,,9.04,1.34,,
15/5/2014,8.94,,30.57,9.58,,9.76,4.71,9.71,,17.01,,,,3.56,16.92,19.28,4.28,39.27,8.74,12.66,20.14,0.34,7.65,13.8,10.25,8.67,14.18,0.64,24.86,3.69,12.28,,9.11,1.41,,
16/5/2014,8.96,,30.71,9.56,,9.91,4.72,9.71,,17.15,,,,3.56,16.93,19.25,4.28,39.41,8.8,12.7,20.35,0.35,7.68,13.8,10.19,8.66,14.17,0.64,24.89,3.77,12.26,,9.16,1.4,,
17/5/2014,8.97,,30.98,9.58,,9.57,4.78,9.74,,17.18,,,,3.58,16.87,19.23,4.28,39.06,8.8,12.73,20.39,0.36,7.71,13.84,10.2,8.66,14.18,0.64,24.89,3.76,12.25,,9.23,1.41,,
18/5/2014,8.95,,31.39,9.61,,9.32,4.92,9.76,,17.12,,,,3.5,16.91,19.21,4.28,38.81,8.83,12.74,20.44,0.38,7.7,13.83,10.23,8.67,14.21,0.65,25.05,3.73,12.24,,9.29,1.41,,
19/5/2014,8.94,,30.92,9.61,,9.27,4.98,9.78,,17.1,,,,3.62,16.92,19.21,4.29,38.87,8.85,12.76,20.59,0.39,7.75,13.85,10.22,8.67,14.01,0.65,24.92,3.72,12.23,,9.36,1.41,,
20/5/2014,8.95,,30.7,9.67,,9.81,4.93,9.81,,17.3,,,,3.57,17.04,19.2,4.3,39.05,8.92,12.79,20.78,0.45,7.78,13.88,10.24,8.68,14.26,0.65,24.89,3.92,12.22,,9.44,1.5,,
21/5/2014,8.97,,30.64,9.75,,9.99,5.01,9.83,,17.27,,,,3.55,17.11,19.18,4.31,39.07,9.44,12.81,21.12,0.49,7.84,13.91,10.24,8.68,14.24,0.65,25.35,3.93,12.2,,9.53,1.48,,
22/5/2014,8.98,,30.71,9.82,,10.14,5.46,9.84,,16.97,,,,,17.18,19.16,4.32,39.32,9.24,12.84,20.88,0.49,7.86,13.94,10.24,8.68,14.21,0.65,24.99,3.89,12.2,,9.59,1.42,,
23/5/2014,8.99,,30.68,9.89,,10.13,5.92,9.86,,16.9,,,,4.06,17.18,19.14,4.32,39.49,9.17,12.86,20.79,0.48,7.89,13.95,10.21,8.69,14.2,0.65,24.94,3.94,12.18,,9.66,1.7,,
24/5/2014,9.04,,30.7,9.93,,10.06,6.14,9.88,,17.14,,,,3.83,17.14,19.18,4.33,39.18,9.15,12.84,21,0.48,7.92,13.97,10.27,8.7,14.2,0.65,24.97,3.97,12.2,,9.74,1.58,,
25/5/2014,9.01,,30.54,9.96,,9.78,6.74,9.98,,17.07,,,,3.67,17.27,19.18,4.35,38.98,9.18,12.81,21.18,0.5,7.91,13.96,10.31,8.71,14.2,0.66,25.29,3.91,12.2,,9.84,1.74,,
26/5/2014,8.98,,30.67,10.02,,9.78,6.69,10.04,,17.05,,,,3.66,17.18,19.14,4.36,39.04,9.16,12.79,21.17,0.5,7.94,13.99,10.27,8.72,14.02,0.66,25.28,3.9,12.19,,9.91,1.71,,
27/5/2014,8.97,,30.68,10.07,,10.26,6.69,10.02,,17.05,,,,3.68,17.27,19.11,4.36,39.08,9.64,12.77,21.31,0.5,7.95,13.97,10.26,8.72,14.17,0.66,24.98,3.95,12.18,,9.99,1.66,,
28/5/2014,8.95,,30.58,10.08,,10.47,6.7,10.01,,17.22,,,,3.67,17.28,19.11,4.36,39,9.58,12.77,21.38,0.51,7.97,13.98,10.27,8.72,14.17,0.66,25.05,4.04,12.17,,10.06,1.8,,
29/5/2014,8.95,,30.52,10.12,,10.58,7.3,10.01,,17.29,,,,3.68,17.3,19.14,4.37,39.34,9.48,12.76,21.72,0.53,7.99,14.02,10.31,8.73,14.17,0.66,25.24,4.01,,,10.14,1.66,,
30/5/2014,9.1,,30.55,10.19,,10.7,7.42,10.03,,18.41,,,,3.72,17.32,19.11,4.38,39.42,9.4,12.76,21.78,0.55,8.04,14.04,10.34,8.73,14.16,0.66,25.47,4.01,,,10.22,1.67,,
31/5/2014,9.12,,30.6,10.2,,10.11,7.3,10.07,,18.54,,,,3.64,17.21,19.14,4.39,39.28,9.38,12.77,21.59,0.57,8.08,14.01,10.32,8.73,14.16,0.66,25.13,4.09,,,9.89,1.83,,
1/6/2014,9.11,,30.48,10.1,,9.73,7.09,10.11,,18.52,,,,3.56,17.18,19.13,4.41,39.23,9.34,12.76,21.67,0.62,8.05,14,10.36,8.74,14.17,0.66,24.91,4.07,,,9.93,1.85,,
2/6/2014,9.12,,30.59,10.02,,9.58,6.72,10.15,,18.52,,,,3.51,17.17,19.1,4.42,38.99,9.33,12.76,21.63,0.65,8.09,14.01,10.33,8.76,14.16,0.67,24.95,4.07,,,9.9,1.96,,
3/6/2014,9.12,,30.37,9.95,,9.56,6.23,10.19,,18.52,,,,3.5,17.2,19.08,4.43,38.87,9.37,12.75,21.75,0.67,8.1,14.01,10.38,8.76,14.16,0.67,24.82,4.08,,,9.86,1.93,,
4/6/2014,9.09,,30.09,9.92,,10.2,6.02,10.26,,18.64,,,,,17.35,19.13,4.43,39.17,9.4,12.77,22.14,0.68,8.15,14.05,10.44,8.76,14.02,0.67,25.02,4.42,,,9.86,1.99,,
5/6/2014,9.02,,30.13,9.93,,10.43,6.06,10.32,,18.74,,,,4.13,17.54,19.19,4.44,39.53,9.56,12.79,22.24,0.7,8.15,14.07,10.54,8.77,14.15,0.67,19.2,4.47,,,9.88,1.98,,
6/6/2014,9.04,,30.26,9.99,,10.66,5.93,10.48,,18.83,,,,3.96,17.64,19.24,4.46,39.74,12.08,12.83,22.34,0.73,8.23,14.04,10.61,8.79,14.17,0.67,25.08,4.66,,,9.93,2.05,,
7/6/2014,9.02,,30.32,10.05,,10.48,6.01,10.56,,18.9,,,,3.81,17.69,19.26,4.48,39.6,13.56,12.87,22.47,0.73,8.25,14.08,10.61,8.8,14.19,0.67,25.23,4.74,,,9.98,2.04,,
8/6/2014,9.06,,30.29,10.13,,10.22,6.33,10.56,,18.85,,,,3.69,17.77,19.25,4.49,39.43,13.69,12.9,22.93,0.73,8.27,14.09,10.65,8.81,14.23,0.67,25.52,4.7,,,10.05,2.18,,
9/6/2014,9.03,,30.32,10.21,,10.18,6.93,10.56,,18.91,,,,3.68,17.9,19.24,4.51,39.41,14.13,12.94,23.01,0.74,8.35,14.1,10.67,8.82,14.23,0.67,25.49,4.72,,,10.11,2.23,,
10/6/2014,9.05,,30.35,10.3,,10.82,6.82,10.59,,18.93,,,,3.77,18.13,19.25,4.52,39.63,15.96,12.98,24.07,0.78,8.44,14.14,10.72,8.83,14.24,0.68,25.36,4.97,,,10.16,2.35,,
11/6/2014,9.05,,31.6,10.39,,11,6.92,10.76,,19.09,,,,3.63,18.11,19.25,4.7,39.79,,13.02,24.58,0.82,8.53,14.22,10.82,8.84,14.25,0.68,25.66,5.08,,,10.22,2.55,,
12/6/2014,9.06,,31.25,10.49,,11.31,7.07,10.78,,19.06,,,,3.58,18.31,19.3,4.71,40.18,16.23,13.07,24.28,0.81,8.57,14.23,10.84,8.85,14.27,0.68,25.78,5.13,,,10.3,2.65,,
13/6/2014,9.07,,31.03,10.56,,11.3,7.32,10.78,,19,,,,3.58,18.2,19.25,4.72,40.11,13.52,13.08,23.57,0.81,8.65,14.28,10.81,8.87,13.55,0.68,25.21,5.19,,,10.37,2.92,,
14/6/2014,8.98,,30.88,10.54,,10.74,6.97,10.82,,18.98,,,,3.55,17.91,19.19,4.61,39.88,12.07,13.09,23.18,0.81,8.67,14.27,10.77,8.86,14.23,0.68,25.1,4.95,,,10.4,2.61,,
15/6/2014,9.03,,30.81,10.46,,10.28,6.35,10.77,,17.85,,,,3.51,17.79,19.08,4.7,39.6,11.09,12.99,22.72,0.82,8.66,14.18,10.73,8.86,14.24,0.68,24.92,4.63,,,10.46,2.5,,
16/6/2014,9.01,,31.08,10.36,,10.25,5.92,10.76,,17.81,,,,4.14,17.76,19.06,4.7,39.55,10.67,12.92,22.69,0.81,8.63,14.14,10.68,8.87,14.25,0.68,24.81,4.48,,,10.54,2.1,,
17/6/2014,9.01,,30.83,10.27,,10.66,5.76,10.76,,18.85,,,,3.93,17.84,19.05,4.71,39.63,10.42,12.87,22.73,0.82,8.6,14.14,10.68,8.87,14.25,0.68,24.83,4.57,,,10.57,1.79,,
18/6/2014,9.02,,30.74,10.2,,10.69,5.93,10.76,,18.98,,,,3.87,17.87,19.03,4.72,39.53,10.37,12.86,22.75,0.83,,14.13,10.71,8.87,14.25,0.68,25.18,4.72,,,10.6,2.09,,
19/6/2014,9.03,,30.37,10.13,,10.85,6.18,10.78,,19,,,,3.77,17.86,19.06,4.72,39.44,10.27,12.85,22.83,0.85,,14.13,10.65,8.87,14.26,0.69,24.68,4.77,,,10.66,2.03,,
20/6/2014,9.04,,30.38,10.11,,10.88,6.56,10.8,,19.05,,,,3.73,17.91,19.03,4.73,39.61,10.23,12.86,22.98,0.86,,14.22,10.62,8.86,14.25,0.69,24.71,5.01,,,10.72,2.13,,
21/6/2014,9.05,,31.21,10.11,,10.67,7.19,10.84,,19.04,,,,3.63,17.93,19.03,4.74,39.66,10.45,12.9,23.31,0.88,,14.27,10.65,8.87,14.26,0.69,24.71,5.14,,,10.78,2.32,,
22/6/2014,9.04,,30.94,10.18,,10.4,7.05,11,,18.93,,,,3.53,17.9,19.1,4.76,39.44,10.3,12.91,23.58,0.91,,14.29,10.69,8.89,14.27,0.69,24.68,5.19,,,10.88,2.37,,
23/6/2014,9.05,,31.2,10.28,,10.4,7.72,11.04,,18.92,,,,3.51,18.06,19.08,4.77,39.46,10.28,12.93,23.54,0.93,,14.31,10.66,8.91,14.3,0.69,25.17,5.31,,,10.96,2.29,,
24/6/2014,9.07,,31.4,10.33,,11.09,7.54,11.1,,18.97,,,,3.58,18.22,19.06,4.78,39.62,11.02,12.97,24.09,0.93,,14.37,10.65,8.93,14.29,0.69,25.17,5.51,,,11.01,2.29,,
25/6/2014,9.08,,31.27,10.4,,11.47,7.04,11.16,,19.04,,,,,18.19,19.03,4.78,39.53,13.13,13,23.94,0.95,,14.46,10.66,8.94,14.24,0.69,25.2,5.64,,,11.07,2.4,,
26/6/2014,9.07,,31.39,10.44,,11.48,7.21,11.2,,19.05,,,,4.22,18.15,19.05,4.78,39.6,12.24,13.01,23.59,0.96,,14.42,10.64,8.95,14.33,0.69,25.36,5.3,,,11.14,2.08,,
27/6/2014,9.07,,31.34,10.43,,11.42,7.28,11.23,,19.08,,,,3.98,18.16,19.01,4.8,39.63,12.19,12.99,23.31,0.99,,14.38,10.65,8.95,14.35,0.69,24.97,5.3,,,11.17,1.94,,
28/6/2014,9.14,,31.33,10.43,,11.11,7.62,11.28,,19.07,,,,3.79,18.21,18.97,4.81,39.69,14.94,12.96,23.24,0.97,,14.44,10.7,8.97,14.38,0.7,24.82,5.21,,,11.24,2.06,,
29/6/2014,9.07,,31.36,10.44,,10.71,7.78,11.31,,18.87,,,,3.64,18.27,18.92,4.81,39.28,13.06,12.95,23.41,1.04,,14.49,10.61,8.99,14.41,0.7,24.86,5.13,,,11.28,2.3,,
30/6/2014,9.07,,31.5,10.46,,10.65,8.03,11.32,,18.85,,,,3.62,18.17,18.94,4.82,39.34,12.58,12.95,23.36,1,,14.48,10.63,9.03,14.4,0.7,24.95,5.09,,,11.31,2.24,,
1/7/2014,9.1,,31.46,10.46,,11.23,8.1,11.38,,19,,,,3.67,18.51,19,4.84,39.57,14.47,12.96,23.68,0.97,,14.52,10.7,9.02,14.41,0.7,24.9,5.32,,,11.37,2.14,,
2/7/2014,9.1,,31.39,10.46,,11.49,7.86,11.4,,19.12,,,,3.68,18.66,19.04,4.85,39.42,14.15,12.96,24.25,1,,14.54,10.73,9.03,14.46,0.7,25.25,5.41,,,11.42,2.16,,
3/7/2014,9.12,,31.47,10.49,,11.62,8.4,11.44,,19.14,,,,3.73,18.79,19.15,4.87,39.7,16.08,12.98,24.49,1.01,,14.53,10.78,9.04,14.46,0.7,25.18,5.35,,,11.49,2.36,,
4/7/2014,9.12,,31.45,10.56,,11.65,8.38,11.48,,19.13,,,,3.72,18.93,19.19,4.89,39.88,15.48,13.02,24.65,1.04,,14.6,10.76,9.06,14.46,0.7,25.13,5.45,,,11.53,2.4,,
5/7/2014,9.12,,31.69,10.61,,11.37,8.64,11.51,,19.12,,,,,18.77,19.19,4.89,39.63,15.24,13.04,25.05,1.04,,14.65,10.74,9.05,14.45,0.7,25.42,5.46,,,11.56,2.44,,
6/7/2014,9.17,,,10.68,,11.16,9.12,11.57,,19.02,,,,4,18.79,19.16,4.9,39.57,15.15,13.09,25.29,1.04,,14.65,10.78,9.07,14.47,0.7,25.49,5.48,,,11.63,2.55,,
7/7/2014,9.15,,,10.77,,11.15,9.05,11.62,,19.04,,,,3.94,18.83,19.12,4.91,39.55,14.22,13.13,24.99,1.06,,14.67,10.84,9.08,14.45,0.71,25.53,5.39,,,11.69,2.57,,
8/7/2014,9.13,,,10.77,,11.72,9.17,11.66,,19.06,,,,3.9,19.01,19.12,4.91,39.69,12.48,13.09,23.99,1.05,,14.69,10.75,9.09,14.48,0.71,25.33,5.42,,,11.74,2.51,,
9/7/2014,9.12,,,10.75,,11.87,9.27,11.7,,19.1,,,,3.85,18.94,19.09,4.91,39.43,11.84,12.97,23.72,1.03,,14.67,10.7,9.1,14.49,0.71,25.2,5.16,,,11.79,2.38,,
10/7/2014,9.12,6.7,,10.71,,11.99,8.87,11.73,,18.96,,2.06,,3.8,18.89,19.02,4.92,39.53,11.53,12.91,23.59,1.02,,14.66,10.73,9.11,14.51,0.71,25.01,5.02,,,11.84,2.48,,
11/7/2014,9.12,6.7,,10.63,,12.02,8.98,11.75,,18.39,,2.07,,3.76,18.91,19.09,4.93,39.69,11.44,12.9,23.54,1.01,,14.68,10.77,9.12,14.51,0.71,24.91,5.05,,,11.9,2.31,,
12/7/2014,9.08,6.72,,10.57,,11.32,8.97,11.77,,18.41,,2.08,,3.66,18.83,19.06,4.92,39.48,11.24,12.9,23.48,1.02,,14.73,10.82,9.11,14.33,0.71,24.74,5.01,,,11.94,2.56,,
13/7/2014,9.06,6.72,,10.54,,11.1,9.1,11.8,,18.28,,2.1,,3.57,18.73,19,4.94,39.36,11.06,12.88,23.42,1,,14.7,10.74,9.11,14.51,0.71,24.87,4.87,,,11.91,2.48,,
14/7/2014,9.04,6.65,,10.5,,11.06,9.04,11.81,,18.12,,2.1,,3.56,18.68,18.95,4.95,39.33,10.97,12.87,23.41,1.01,,14.7,10.78,9.11,14.51,0.71,24.86,4.86,,,11.94,2.45,,
15/7/2014,9.05,6.63,,10.43,,11.66,9.56,11.82,,18.25,,2.12,,3.65,18.8,19.06,4.97,39.51,10.91,12.91,23.66,0.99,,14.76,10.85,9.11,14.53,0.71,24.87,5.04,,,11.97,2.58,,
16/7/2014,9.05,6.74,,10.39,,11.92,9.25,11.84,,18.32,,2.13,,3.7,18.85,19.07,4.98,39.35,10.89,12.95,23.96,1.02,,14.8,10.89,9.12,14.51,0.72,24.92,5.04,,,11.98,2.81,,
17/7/2014,9.05,6.75,,10.39,,12.05,9.62,11.93,,18.36,,2.14,,,18.96,19.14,4.99,39.75,10.87,12.98,24.36,1.06,,14.87,10.92,9.13,14.52,0.72,24.87,5.09,,,11.99,2.49,,
18/7/2014,9.06,6.75,,10.4,,12.19,9.6,11.93,,18.38,,2.15,,4.21,19.16,19.26,5.01,39.92,10.86,13.02,24.41,1.12,,14.9,10.96,9.15,14.53,0.72,24.92,5.32,,,12,2.97,,
19/7/2014,9.07,6.76,,10.46,,11.87,9.64,11.98,,18.4,,2.17,,3.98,19.25,19.35,5.02,39.8,11.67,13.09,24.99,1.16,,14.94,10.99,9.16,14.53,0.72,25.47,5.28,,,12.04,2.65,,
20/7/2014,9.12,6.76,,10.56,,11.52,9.86,12.04,,18.33,,2.18,,3.78,19.29,19.22,5.03,39.48,11.78,13.15,24.67,1.21,,14.99,11.02,9.17,14.53,0.72,25.33,5.19,,,12.06,2.77,,
21/7/2014,9.07,6.72,,10.67,,11.47,10.06,12.08,,18.22,,2.18,,3.75,19.17,19.11,5.03,39.47,11.77,13.18,24.52,1.21,,14.91,10.99,9.18,14.49,0.72,25.21,5.06,,,12.07,2.82,,
22/7/2014,9.11,6.75,,10.73,,11.99,9.9,12.08,,18.23,,2.18,,3.72,19.2,19.08,5.03,39.56,11.81,13.19,24.39,1.2,,14.89,10.98,9.19,14.47,0.72,24.93,5.12,,,12.1,2.49,,
23/7/2014,9.1,6.77,,10.74,,12.1,9.82,12.09,,18.33,2.85,2.19,,3.77,19.15,19.04,5.04,39.48,11.92,13.18,24.71,1.24,,14.88,11.03,9.2,14.47,0.73,24.9,5.14,,,12.14,2.6,,
24/7/2014,9.09,6.79,,10.76,,12.23,9.97,12.2,,18.41,2.85,2.2,,3.79,19.11,19.06,5.05,39.63,11.45,13.18,24.18,1.21,,14.86,11.05,9.22,14.45,0.73,24.89,5.1,,,12.17,2.5,,
25/7/2014,9.08,6.8,,10.76,,12.33,9.78,12.2,,18.4,2.86,2.2,,3.78,19.1,19.06,5.05,39.75,11.1,13.17,24.16,1.19,,14.84,11.06,9.23,13.79,0.73,24.82,5.15,,,12.21,2.41,,
26/7/2014,9.05,6.71,,10.73,,11.53,9.82,12.19,,18.34,2.86,2.2,,3.8,18.96,19,5.03,39.46,10.91,13.12,23.99,1.2,,14.85,11.03,9.22,14.42,0.73,24.82,5.03,,,12.25,2.56,,
27/7/2014,9.06,6.72,,10.69,,11.44,9.61,12.19,,17.92,2.87,2.19,,4.1,18.91,18.98,5.05,39.35,10.8,13.08,23.95,1.18,,14.84,11.01,9.21,14.39,0.73,24.78,4.88,,,12.25,2.29,,
28/7/2014,9.03,6.74,,10.61,,11.41,9.72,12.18,,17.84,2.89,2.21,,3.99,18.87,18.98,5.06,39.32,10.74,13.06,23.89,1.2,,14.86,11.03,9.21,14.36,0.73,24.8,4.82,,,12.28,2.27,,
29/7/2014,9.03,6.76,,10.54,,12.04,9.85,12.17,,18.09,2.91,2.23,,3.96,18.96,18.95,5.05,39.47,10.69,13.04,23.85,1.22,,14.9,11.05,9.2,14.26,0.73,24.74,4.91,,,12.3,2.36,,
30/7/2014,9.02,6.72,,10.46,,12.01,9.45,12.12,,18.14,2.85,2.16,,3.56,18.91,18.93,4.99,39.17,10.61,12.96,23.83,1.19,,14.89,11.04,9.19,14.36,0.71,24.72,4.86,,,12.29,2.22,,
31/7/2014,9.05,6.77,,10.41,,12.11,9.71,12.15,,18.22,2.85,2.14,,3.59,18.91,18.92,5.03,39.34,10.58,12.91,23.82,1.18,,14.9,11.06,9.21,14.35,0.73,24.72,4.74,,,12.29,1.97,,
1/8/2014,9.06,6.76,,10.36,,12.2,8.53,12.16,,18.26,2.89,2.18,,3.71,18.92,18.94,5.03,39.49,10.55,12.9,23.82,1.23,,14.93,11.07,9.21,14.28,0.73,24.66,4.83,,,12.28,2.09,,
2/8/2014,9.06,6.77,,10.34,,11.84,7.8,12.18,,18.32,2.92,2.23,,3.65,18.86,18.91,5.03,39.22,10.53,12.89,23.83,1.25,,14.95,11.05,9.21,14.35,0.74,24.62,4.78,,,12.27,2.18,,
3/8/2014,9.04,6.78,,10.35,,11.65,7.57,12.21,,18.23,2.88,2.18,,3.46,18.81,18.93,4.97,38.95,10.51,12.87,23.84,1.25,,14.94,11.02,9.2,14.36,0.74,24.61,4.68,,,12.28,2.61,,
4/8/2014,9.02,6.8,,10.36,,11.62,7.27,12.23,,18.1,2.88,2.22,,3.48,18.77,18.91,5.03,39.17,10.51,12.79,23.85,1.23,,14.92,11.03,9.19,13.23,0.74,24.6,4.61,,,12.27,2.2,,
5/8/2014,9.03,6.8,,10.32,,11.56,7.17,12.23,,18.13,2.91,2.18,,3.62,18.89,18.95,5.03,39.13,10.51,12.76,23.91,1.27,,14.93,11.01,9.18,14.35,0.74,24.59,4.7,,,12.26,2.41,,
6/8/2014,9.05,6.81,,10.28,,11.46,7.13,12.23,,18.18,2.92,2.18,,3.63,18.91,18.95,5.03,38.82,10.49,12.74,23.94,1.28,,14.95,11.06,9.18,14.34,0.74,24.64,4.83,,,12.27,2.51,,
7/8/2014,9.06,6.82,,10.24,,11.41,7,12.36,,18.21,2.93,2.19,,3.7,18.91,18.93,5.03,39.15,10.51,12.75,23.96,1.32,,15,11.07,9.17,14.34,0.74,24.63,4.82,,,12.27,2.36,,
8/8/2014,9.09,6.84,,10.23,,11.35,7.03,12.45,,18.25,2.94,2.21,,3.87,18.96,18.9,5.04,39.07,10.57,12.76,24.11,1.34,,15.03,11.1,9.18,14.29,0.74,24.66,4.93,,,12.3,2.44,,
9/8/2014,9.12,6.84,,10.25,,11.28,7.08,12.4,,18.26,2.95,2.23,,3.72,18.97,18.97,5.04,39,10.64,12.79,24.15,1.37,,15.06,11.13,9.18,14.33,0.74,24.7,5.1,,,12.32,2.61,,
10/8/2014,9.16,6.86,,10.3,,11.28,7.18,12.38,,18.2,2.96,2.24,,3.62,19,18.93,5.05,38.83,10.65,12.81,24.2,1.37,,15.09,11.1,9.19,14.34,0.74,24.68,5,,,12.37,2.91,,
11/8/2014,9.16,6.85,,10.32,,11.23,7.34,12.37,,18.09,2.96,2.25,,3.58,18.94,18.95,5.05,38.91,10.66,12.82,24.28,1.42,,15.13,11.14,9.18,14.33,0.74,24.68,4.98,,,12.39,3.03,,
12/8/2014,9.15,6.85,,10.35,,11.24,7.44,12.37,,18.18,2.97,2.26,,3.55,19.11,18.97,5.06,38.8,10.93,12.87,24.3,1.46,,15.17,11.16,9.19,14.34,0.75,24.71,5.12,,,12.44,3.09,,
13/8/2014,9.12,6.84,,10.38,,11.41,8.31,12.38,,18.21,2.97,2.24,,3.49,19.17,18.94,5.06,38.8,10.94,12.92,24.43,1.48,,15.23,11.15,9.19,14.39,0.75,24.83,5.18,,,12.48,3.26,,
14/8/2014,9.12,6.85,,10.45,,11.37,9.36,12.44,,18.2,2.98,2.21,,3.49,19.1,18.93,5.07,38.78,10.84,12.93,24.39,1.44,,15.21,11.19,9.21,14.11,0.75,24.87,5.14,,,12.52,3.26,,
15/8/2014,9.1,6.9,,10.52,,11.27,9.43,12.44,,18.23,2.98,2.28,,3.48,19.02,18.92,5.08,38.63,10.83,12.91,24.38,1.43,,15.2,11.17,9.23,14.31,0.75,24.86,4.96,,,12.55,3.07,,
16/8/2014,9.07,6.93,,10.61,,11.26,9.5,12.44,,18.15,2.92,2.22,,3.46,18.99,18.94,4.95,38.61,10.78,12.92,24.37,1.44,,15.15,11.17,9.24,14.42,0.75,24.8,4.86,,,12.59,2.89,,
17/8/2014,9.06,6.89,,10.65,,11.37,9.32,12.47,,18.1,2.92,2.22,,3.45,18.96,18.93,5.06,38.64,10.71,12.94,24.4,1.48,,15.14,11.15,9.25,14.41,0.75,25.33,4.78,,,12.63,3.06,,
18/8/2014,9.07,6.91,,10.65,,11.36,9.48,12.51,,18.02,2.94,2.22,,3.45,18.92,18.93,5.06,38.8,10.7,12.95,24.41,1.49,,15.18,11.17,9.24,14.39,0.75,25.31,4.77,,,12.67,2.84,,
19/8/2014,9.04,6.86,,10.65,,11.58,9.74,12.5,,18.12,2.97,2.22,,,19.07,18.93,5.05,38.76,10.68,12.96,24.57,1.5,,15.2,11.19,9.24,14.19,0.75,25.22,4.93,,,12.71,2.81,,
20/8/2014,9.06,6.89,,10.68,,11.69,9.41,12.53,,18.17,2.97,2.21,,3.97,19.06,18.92,5.05,38.59,10.65,12.97,24.5,1.5,,15.18,11.19,9.23,14.39,0.75,25.2,4.92,,,12.77,2.76,,
21/8/2014,9.09,6.89,,10.71,,11.77,9.76,12.59,,18.16,2.98,2.21,,3.76,19.1,18.94,5.05,38.78,10.64,12.96,24.5,1.51,,15.24,11.2,9.23,14.38,0.72,25.21,4.88,,,12.83,2.83,,
22/8/2014,9.13,6.91,,10.73,,12.2,9.02,12.66,,18.17,2.99,2.22,,3.68,19.17,18.97,5.05,38.87,10.65,12.97,24.54,1.51,,15.01,11.22,9.22,14.12,0.67,25.05,5.01,,,12.89,3.1,,
23/8/2014,9.09,6.91,,10.72,,12.03,7.9,12.62,,18.19,3,2.22,,3.62,19.11,18.94,5.05,38.83,10.66,12.99,24.57,1.54,,15.01,11.23,9.22,14.38,0.76,24.99,4.97,,,12.94,2.96,,
24/8/2014,9.07,6.91,,10.68,,11.88,8.37,12.6,,18.11,3,2.22,,3.57,19.05,18.92,5.02,38.7,10.65,13,24.57,1.52,,15,11.2,9.22,14.38,0.76,24.97,4.83,,,12.99,2.75,,
25/8/2014,9.06,6.92,,10.61,,11.83,8.55,12.6,,18.07,3,2.22,,3.56,19.14,18.95,5.05,38.85,10.64,13.02,24.62,1.52,,15.01,11.3,9.21,14.41,0.75,24.94,4.8,,,13.05,2.93,,
26/8/2014,9.09,6.91,,10.57,,12.33,8.4,13.14,,18.11,3,2.21,,3.65,19.2,18.93,5.05,39.07,10.62,13.02,24.61,1.55,,15.03,11.26,9.21,14.39,0.73,24.93,4.86,,,13.1,2.77,,
27/8/2014,9.16,6.92,,10.56,,12.78,8.34,12.93,,18.13,3.01,2.21,,3.67,19.25,18.95,5.04,38.96,10.61,13.05,24.68,1.59,,15.01,11.27,9.22,14.38,0.76,24.91,5.06,,,13.15,2.89,,
28/8/2014,9.17,6.95,,10.56,,13.05,8.26,12.88,,18.2,3.03,2.23,,3.68,19.35,18.99,5.05,39.49,10.65,13.07,24.75,1.58,,15.05,11.32,9.24,14.4,0.76,24.95,4.94,,,13.21,2.88,,
29/8/2014,9.17,6.94,,10.57,,12.96,8.17,12.83,,18.21,3.04,2.24,,3.72,19.36,19,5.07,39.69,10.69,13.09,24.83,1.56,,15.07,11.33,9.26,14.38,0.76,24.95,5.02,,,13.28,2.9,,
30/8/2014,9.14,6.95,,10.56,,12.7,8,12.8,,18.2,3.05,2.24,,3.68,19.37,19,5.07,39.57,10.73,13.1,24.93,1.61,,15.09,11.33,9.27,14.19,0.76,25.09,4.98,,,13.34,3.03,,
31/8/2014,9.11,6.91,,10.54,,12.28,7.91,12.75,,18.11,3.05,2.22,,,19.26,18.96,5.06,39.38,10.72,13.11,24.84,1.62,,15.11,11.33,9.27,14.15,0.76,24.97,4.92,,,13.4,2.93,,
1/9/2014,9.11,6.9,,10.52,,12.07,6.12,12.73,,17.98,3.04,2.21,,4.34,19.21,18.95,5.06,39.42,10.68,13.12,24.81,1.61,,15.12,11.35,9.24,14.35,0.76,25.04,4.91,,,13.37,2.76,,
2/9/2014,9.13,6.96,,10.47,,12.51,8.62,12.72,,18.06,3.04,2.23,,4.21,19.29,18.98,5.07,39.74,10.67,13.15,24.93,1.58,,15.1,11.35,9.24,14.34,0.77,25.01,5.01,,,13.37,2.54,,
3/9/2014,9.14,6.96,,10.42,,12.63,8.32,12.71,,18.1,3.06,2.23,,4.04,19.32,18.99,5.08,39.59,10.65,13.18,24.97,1.6,,15.11,11.38,9.23,14.16,0.77,25.45,4.89,,,13.41,2.65,,
4/9/2014,9.15,6.98,,10.36,,12.6,7.15,12.7,,18.09,3.06,2.23,,3.99,19.32,19,5.08,39.76,10.64,13.2,25.01,1.63,,15.11,11.38,9.22,13.87,0.77,25.04,4.95,,,13.42,2.55,,
5/9/2014,9.14,6.97,,10.32,,12.62,6.89,12.7,,18.1,3.07,2.23,,3.92,19.35,18.96,5.09,39.89,10.63,13.23,25.05,1.65,,15.13,11.41,9.21,14.1,0.77,25.04,5.01,,,13.42,2.6,,
6/9/2014,9.12,6.96,,10.27,,12.19,6.68,12.69,,18.09,3.07,2.24,,3.79,19.27,18.99,5.09,39.78,10.62,13.26,25.08,1.68,,15.18,11.44,9.19,14.26,0.77,25.09,4.9,,,13.43,2.4,,
7/9/2014,9.1,6.98,,10.25,,11.89,6.43,12.69,,18.04,3.08,2.25,,3.68,19.24,19,5.09,39.62,10.61,13.29,25.13,1.68,,15.21,11.4,9.19,14.23,0.77,25.1,4.83,,,13.44,2.63,,
8/9/2014,9.09,6.99,,10.22,,11.85,6.43,12.69,,17.99,3.09,2.26,,3.66,19.23,19.01,5.11,39.58,10.63,13.32,25.19,1.66,,15.22,11.49,9.2,14.06,0.77,25.13,4.86,,,13.46,2.54,,
9/9/2014,9.1,6.98,,10.19,,12.43,6.35,12.69,,18.12,3.1,2.24,,3.67,19.5,19.02,5.09,39.83,10.66,13.35,25.23,1.63,,15.25,11.5,9.22,14.07,0.77,25.14,4.96,,,13.49,2.49,,
10/9/2014,9.11,6.97,,10.16,,12.59,6.35,12.68,,18.1,3.04,2.2,,3.64,19.44,19.01,5.06,39.72,10.63,13.38,25.28,1.6,,15.29,11.49,9.22,14.05,0.77,25.18,4.81,,,13.52,2.42,,
11/9/2014,9.1,6.97,,10.13,,12.76,6.2,12.65,,18.21,3,2.18,,3.65,19.37,19,5.06,39.85,10.61,13.39,25.29,1.61,,15.31,11.49,9.21,14.02,0.77,25.2,4.79,,,13.53,2.51,,
12/9/2014,9.12,6.98,,10.1,,12.67,7.65,12.66,,18.21,3,2.19,,3.7,19.39,19.01,5.06,39.87,10.59,13.41,25.31,1.62,,15.33,11.51,9.2,13.94,0.78,25.21,4.74,,,13.55,2.4,,
13/9/2014,9.09,7.01,,10.09,,12.29,8.14,12.67,,18.23,3.03,2.2,,3.65,19.31,19.04,5.06,39.83,10.6,13.44,25.35,1.65,,15.32,11.5,9.2,13.9,0.78,25.21,4.63,,,13.58,2.66,,
14/9/2014,9.06,7,,10.07,,11.99,7.86,12.68,,18.16,3.05,2.21,,3.53,19.27,19.06,5.06,39.61,10.59,13.47,25.4,1.67,,15.32,11.49,9.19,13.85,0.78,25.22,4.55,,,13.6,2.61,,
15/9/2014,9.06,7.01,,10.06,,11.94,7.59,12.68,,18.11,3.07,2.21,,3.52,19.25,19.05,5.05,39.75,10.59,13.5,25.43,1.67,,15.35,11.51,9.19,13.81,0.78,25.22,4.53,,,13.61,2.45,,
16/9/2014,9.09,7.01,,10.04,,12.47,7.93,12.69,,18.17,3.09,2.22,,3.6,19.36,19.06,5.05,39.88,10.61,13.53,25.45,1.68,,15.37,11.54,9.19,13.88,0.78,25.24,4.75,,,13.64,2.27,,
17/9/2014,9.14,7.02,,10.04,,12.85,7.34,12.69,,18.23,3.11,2.23,,3.66,19.4,19.07,5.05,39.78,10.61,13.55,25.48,1.69,,15.37,11.56,9.2,13.87,0.78,25.27,4.7,,,13.67,2.49,,
18/9/2014,9.12,7.03,,10.04,,12.44,7.64,12.7,,18.27,3.11,2.24,,3.68,19.41,19.1,5.05,40.06,10.61,13.57,25.5,1.7,,15.4,11.54,9.18,13.81,0.78,25.29,4.78,,,13.7,2.26,,
19/9/2014,9.13,7.03,,10.04,,12.45,7.02,12.72,,18.32,3.11,2.24,,3.68,19.43,19.1,5.05,40.25,10.61,13.6,25.53,1.71,,15.39,11.56,9.17,13.8,0.78,25.27,4.82,,,13.74,2.25,,
20/9/2014,9.09,7.03,,9.85,,12.21,6.79,12.61,,18.24,3.08,2.2,,3.58,19.37,19.08,5.05,40.08,10.6,13.62,25.56,1.72,,15.4,11.55,9.1,13.77,0.78,25.35,4.66,,,13.7,2.04,,
21/9/2014,9.06,6.99,,9.87,,11.86,6.23,12.67,,18.17,3.08,2.18,,3.48,19.31,19.08,5.04,39.93,10.62,13.63,25.57,1.72,,15.42,11.55,9.13,13.62,0.79,25.36,4.57,,,13.66,1.95,,
22/9/2014,9.08,6.98,,9.89,,11.82,6.17,12.66,,,3.07,2.18,,3.47,19.25,19.07,5.03,39.95,10.64,13.64,25.57,1.71,,15.49,11.53,9.13,13.15,0.79,25.35,4.56,,,13.61,1.94,,
23/9/2014,9.06,7.04,,9.92,,12.45,6.61,12.67,,18.22,3.09,2.2,,3.56,19.42,19.12,5.04,40.21,10.66,13.67,25.65,1.74,,15.5,11.62,9.13,13.2,0.79,25.36,4.71,,,13.59,2.01,,
24/9/2014,9.09,7.03,,9.93,,12.58,6.39,12.66,,18.28,3.09,2.2,,3.6,19.45,19.12,5.05,39.98,10.66,13.7,25.69,1.75,,15.48,11.67,9.13,13.58,0.79,25.42,4.67,,,13.52,2.03,,
25/9/2014,9.1,7.02,,9.93,,12.63,6.25,12.66,,18.27,3.1,2.2,,3.61,19.44,19.11,5.05,40.1,10.67,13.72,25.7,1.75,,15.51,11.66,9.14,13.89,0.79,25.45,4.71,,,13.49,2.02,,
26/9/2014,9.1,7.06,,9.96,,12.66,6.07,12.68,,18.31,3.11,2.22,,3.68,19.5,19.17,5.06,40.27,10.73,13.75,25.84,1.77,,15.5,11.67,9.14,13.9,0.79,25.45,4.78,,,13.46,1.99,,
27/9/2014,9.09,7.07,,9.99,,12.29,5.89,12.68,,18.33,3.12,2.23,,3.65,19.47,19.19,5.07,40.23,10.75,13.78,25.86,1.78,,15.5,11.68,9.13,13.9,0.79,25.55,4.69,,,13.44,1.98,,
28/9/2014,9.07,7.08,,10.02,,12.01,5.93,12.69,,18.18,3.12,2.23,,,19.43,19.19,5.08,39.98,10.78,13.8,25.9,1.78,,15.49,11.7,9.13,13.9,0.79,25.5,4.63,,,13.42,2.05,,
29/9/2014,9.09,7.08,,10.03,,11.97,6.01,12.69,,18.06,3.12,2.23,,4.28,19.41,19.2,5.09,40,10.8,13.82,25.9,1.77,,15.51,11.69,9.15,13.9,0.79,19.14,4.6,,,13.4,2,,
30/9/2014,9.09,7.07,,10.04,,12.73,6.72,12.69,,18.14,3.12,2.23,,4.09,19.52,19.18,5.09,40.28,10.8,13.84,25.91,1.76,,15.55,11.7,9.14,14.11,0.8,25.57,4.69,,,13.38,2.22,,
1/10/2014,9.08,7.07,,10.04,,12.97,6.11,12.69,,18.21,3.12,2.19,,3.94,19.52,19.18,5.05,40.07,10.78,13.86,25.93,1.75,,15.58,11.73,9.12,14.16,0.8,25.56,4.62,,,13.36,1.98,,
2/10/2014,9.06,7.06,,10.03,,13.02,5.93,12.69,,18.26,3.11,2.23,,3.88,19.51,19.17,5.05,40.27,10.78,13.88,25.96,1.74,,15.6,11.71,9.12,14.18,0.8,25.58,4.65,,,13.35,1.92,,
3/10/2014,9.07,7.06,,10.01,,13.09,5.87,12.69,,18.22,3.11,2.22,,3.83,19.51,19.2,5.09,40.42,10.76,13.9,26,1.73,,15.6,11.71,9.11,14.19,0.8,25.96,4.67,,,13.34,1.88,,
4/10/2014,9.03,7.05,,10.01,,12.62,5.62,12.69,,18.3,,2.22,,3.72,19.42,19.18,5.09,40.21,10.74,13.92,26.03,1.72,,15.62,11.73,9.1,14.19,0.8,25.67,4.6,,,13.32,1.88,,
5/10/2014,9,7.06,,10.01,,12.23,5.38,12.68,,18.19,,2.22,,3.61,19.38,19.18,5.08,40.02,10.73,13.94,26.07,1.71,,15.67,11.69,9.09,14.2,0.8,25.67,4.54,,,13.32,1.85,,
6/10/2014,9.01,7.06,,10,,12.16,5.34,12.68,,,,2.23,,3.59,19.35,19.18,5.08,40,10.73,13.95,26.11,1.71,,15.7,11.72,9.08,14.2,0.8,25.68,4.54,,,13.32,1.81,,
7/10/2014,9.01,7.08,,9.99,,12.8,5.43,12.68,,18.2,,2.24,,3.65,19.45,19.22,5.09,40.3,10.73,13.98,26.15,1.71,,15.61,11.74,9.08,14.2,0.8,25.68,4.69,,,13.33,1.87,,
8/10/2014,8.99,7.09,,9.98,,13.06,5.37,12.69,,18.25,,2.24,,3.77,19.5,19.24,5.09,40.03,10.73,14.01,26.19,1.71,,15.59,11.75,9.08,14.21,0.8,25.74,4.64,,,13.35,1.88,,
9/10/2014,9.02,7.1,,9.98,,13.19,6.02,12.69,,18.29,,2.25,,3.79,19.54,19.24,5.1,40.37,10.72,13.99,26.22,1.7,,15.6,11.79,9.07,14.21,0.8,25.66,4.68,,,13.37,1.95,,
10/10/2014,9.05,7.1,,9.99,,13.28,5.75,12.7,,18.35,,2.25,,3.81,19.56,19.25,5.1,40.33,10.71,13.84,26.24,1.69,,15.61,11.78,9.07,14.21,0.81,25.74,4.68,,,13.39,1.98,,
11/10/2014,9.03,7.09,,9.98,,12.72,5.6,12.7,,18.34,,2.19,,3.7,19.52,19.24,5.1,40.31,10.69,13.77,26.26,1.72,,15.61,11.77,9.06,14.19,0.81,25.8,4.59,,,13.42,2.01,,
12/10/2014,9.01,7.1,,9.97,,12.42,5.52,12.7,,18.28,,2.16,,3.58,19.48,19.24,5.11,40.12,10.69,13.74,26.24,1.71,,15.62,11.78,9.06,14.19,0.81,25.82,4.52,,,13.45,2.02,,
13/10/2014,8.98,7.07,,9.94,,12.45,5,12.69,,18.17,,2.13,,3.51,19.45,19.22,5.03,40.19,10.62,13.62,26.18,1.66,,15.61,11.74,9.05,14.18,0.76,25.81,4.5,,,13.47,1.84,,
14/10/2014,9.01,7.05,,9.94,,13.14,4.83,12.66,,18.27,,2.09,,3.51,19.56,19.23,5.03,40.29,10.58,13.52,26.12,1.62,,15.61,11.76,9.03,14.18,0.74,25.82,4.61,,,13.49,1.89,,
15/10/2014,9.01,7.07,,9.9,,13.23,4.58,12.63,,18.31,,2.14,,3.58,19.56,19.24,5.09,40.58,10.59,13.46,26.11,1.66,,15.59,11.77,9.01,14.16,0.74,25.82,4.61,,,13.5,1.87,,
16/10/2014,9.01,7.08,,9.9,,13.23,4.39,12.63,,18.29,,2.15,,3.56,19.52,19.27,5.09,40.61,10.6,13.43,26.1,1.65,,15.61,11.81,9.01,14.16,0.7,25.84,4.55,,,13.53,1.86,,
17/10/2014,9.02,7.1,,9.9,,13.2,4.34,12.61,,18.36,,2.16,,3.56,19.57,19.28,5.1,40.33,10.61,13.42,26.09,1.69,,15.63,11.81,9.01,14.18,0.72,25.86,4.58,,,13.56,1.95,,
18/10/2014,9.01,7.09,,9.9,,12.67,4.28,12.62,,18.46,,2.19,,3.62,19.61,19.31,5.12,40.39,10.64,13.42,26.11,1.71,,15.7,11.85,9.02,14.2,0.73,25.98,4.53,,,13.61,2.09,,
19/10/2014,8.97,7.16,,9.88,,12.27,4.17,12.63,,18.44,,2.2,,,19.57,19.32,5.13,40.2,10.66,13.41,26.1,1.71,,15.71,11.88,9.02,14.21,0.74,26.06,4.48,,,13.65,1.93,,
20/10/2014,8.97,7.13,,9.85,,12.23,4.13,12.61,,18.37,,2.19,,4.07,19.55,19.31,5.13,40.17,10.66,13.4,26.07,1.69,,15.71,11.84,9.01,14.19,0.79,25.96,4.46,,,13.67,1.89,,
21/10/2014,8.96,7.05,,9.8,,12.93,4.12,12.59,,18.36,,2.18,,3.87,19.59,19.24,5.11,40.28,10.65,13.4,26.01,1.67,,15.67,11.84,8.98,14.15,0.81,25.91,4.57,,,13.67,1.85,,
22/10/2014,8.98,7.05,,9.79,,13.13,4.04,12.57,,18.36,,,,3.84,19.56,19.24,5.11,40.12,10.64,13.41,26.01,1.67,,15.66,11.84,8.98,14.15,0.81,25.98,4.53,,,13.67,1.87,,
23/10/2014,8.99,7.13,,9.8,,13.23,3.9,12.59,,18.41,,,,3.82,19.6,19.27,5.12,40.31,10.67,13.44,26.03,1.69,,15.72,11.76,8.98,14.17,0.82,25.95,4.5,,,13.73,1.83,,
24/10/2014,9.01,7.15,,9.81,,13.38,3.93,12.6,,18.4,,,,3.78,,19.34,5.13,40.43,10.69,13.48,26.05,1.71,,15.76,11.81,8.98,14.18,0.82,26,4.59,,,13.77,1.83,,
25/10/2014,8.99,7.19,,9.82,,12.77,4.01,12.62,,18.42,,,,3.77,,19.37,5.14,40.38,10.72,13.53,26.08,1.72,,15.8,11.88,8.98,14.2,0.82,26.09,4.54,,,13.81,1.98,,
26/10/2014,8.97,7.2,,9.82,,12.41,4,12.63,,18.33,,,,3.65,,19.35,5.16,40.22,10.73,13.57,26.1,1.73,,15.82,11.86,8.99,14.19,0.82,26.09,4.5,,,13.85,1.97,,
27/10/2014,8.96,7.2,,9.81,,12.38,3.98,12.63,,18.24,,,,3.63,,19.38,5.13,40.25,10.74,13.61,26.05,1.73,,15.84,11.84,8.99,14.21,0.83,26.06,4.48,,,13.89,1.87,,
28/10/2014,8.98,7.18,,9.8,,13.02,3.93,12.63,,18.27,,,,3.68,,19.37,5.12,40.27,10.75,13.65,26,1.72,,15.83,11.86,8.98,14.2,0.83,26.05,4.6,,,13.93,1.91,,
29/10/2014,9,7.18,,9.79,,13.14,3.86,12.63,,18.34,,,,3.68,,19.34,5.11,40.13,10.75,13.69,25.98,1.73,,15.83,11.9,8.98,14.2,0.83,26.05,4.61,,,13.96,1.97,,
30/10/2014,9,7.21,,9.79,,13.24,3.8,12.64,,18.4,,,,3.79,,19.39,5.12,40.44,10.77,13.72,26,1.74,,15.88,11.88,8.99,14.21,0.83,26.1,4.64,,,14,2.15,,
31/10/2014,8.99,7.22,,9.78,,13.28,3.79,12.71,,18.42,,,,3.81,,19.37,5.13,40.46,10.78,13.76,26.02,1.75,,15.91,11.89,8.99,14.21,0.83,26.11,4.6,,,14.05,2.11,,
1/11/2014,8.97,7.21,,9.76,,12.55,3.79,12.84,,18.38,,,,,,19.41,5.13,40.28,10.78,13.79,26.01,1.75,,15.91,11.89,8.99,14.2,0.84,26.13,4.5,,,14.09,2.27,,
2/11/2014,8.94,7.19,,9.74,,12.22,3.76,12.94,,18.27,,,,4.02,,19.39,5.13,40.04,10.78,13.82,26.01,1.75,,15.91,11.91,8.98,14.19,0.84,26.12,4.45,,,14.13,2.1,,
3/11/2014,8.95,7.18,,9.71,,12.23,3.65,13.03,,18.13,,,,3.91,,19.39,5.13,40.15,10.78,13.84,26,1.74,,15.91,11.87,8.96,14.18,0.84,26.12,4.44,,,14.17,2.07,,
4/11/2014,8.96,7.14,,9.67,,12.92,3.51,13.8,,18.13,,,,3.89,,19.35,5.11,40.4,10.77,13.85,25.97,1.73,,15.89,11.87,8.94,14.15,0.84,26.16,4.58,,,14.2,2.17,,
5/11/2014,8.95,7.14,,9.64,,13.13,3.32,13.38,,18.11,,,,3.74,,19.34,5.09,40.12,10.71,13.65,25.93,1.74,,15.88,11.89,8.9,14.14,0.84,26.16,4.6,,,14.24,2.2,,
6/11/2014,8.95,7.17,,9.64,,13.18,3.31,13.18,,18.12,,,,3.64,,19.38,5.09,40.32,10.63,13.43,25.93,1.69,,15.92,11.95,8.9,14.12,0.84,26.19,4.58,,,14.29,2.07,,
7/11/2014,8.96,7.16,,9.63,,13.24,3.34,13.09,,18.19,,,,3.65,,19.41,5.15,40.53,10.61,13.3,25.9,1.67,,15.93,11.9,8.89,14.13,0.84,26.25,4.61,,,14.33,2.12,,
8/11/2014,8.95,7.17,,9.63,,12.69,3.34,13.02,,18.25,,,,3.63,,19.32,5.15,40.44,10.7,13.24,25.88,1.67,,15.94,11.93,8.9,14.14,0.85,26.3,4.5,,,14.37,1.97,,
9/11/2014,8.93,7.19,,9.62,,12.32,3.34,12.99,,18.18,,,,3.52,,19.4,5.16,40.22,10.7,13.21,25.87,1.68,,15.94,11.94,8.89,14.15,0.85,26.33,4.44,,,14.42,2.08,,
10/11/2014,8.91,7.2,,9.61,,12.28,3.33,12.97,,18.11,,,,3.46,,19.44,5.15,40.33,10.65,13.09,25.82,1.65,,15.97,11.93,8.89,14.15,0.84,26.3,4.41,,,14.47,1.99,,
11/11/2014,8.93,7.21,,9.59,,13.03,3.34,12.93,,,,,,3.4,,19.41,5.14,40.3,10.42,12.73,25.64,1.62,,15.93,11.91,8.88,14.14,0.83,26.27,4.44,,,14.52,1.98,,
12/11/2014,8.93,7.27,,9.57,,13.16,3.22,12.87,,18.24,,,,3.48,,19.4,5.12,40.12,10.26,12.39,25.38,1.67,,15.87,11.89,8.87,14.12,0.85,26.29,4.41,,,14.55,2.1,,
13/11/2014,8.94,7.31,,9.57,,13.29,3.25,12.87,,,,,,3.5,,19.43,5.12,40.41,9.98,11.7,25.01,1.49,,15.65,11.87,8.87,14.13,0.85,26.27,4.36,,,14.59,2.04,,
14/11/2014,8.95,7.29,,9.57,,13.35,3.35,12.87,,18.39,,,,3.61,,19.46,5.13,40.46,9.83,11.28,24.52,1.4,,15.5,11.91,8.88,14.15,0.85,26.06,4.35,,,14.65,2.07,,
15/11/2014,8.94,7.3,,9.54,,12.72,3.29,12.85,,18.36,,,,3.56,,19.42,5.1,40.44,9.63,10.93,24.06,1.38,,15.39,11.86,8.86,14.12,0.85,25.94,4.24,,,14.69,2.05,,
16/11/2014,8.92,7.37,,9.53,,12.39,3.13,12.85,,18.21,,,,3.41,,19.42,5.1,40.09,9.48,10.4,23.65,1.27,,15.36,11.82,8.85,14.12,0.86,25.77,4.18,,,14.73,1.97,,
17/11/2014,8.91,7.25,,9.49,,12.37,3.08,12.85,,18.14,,,,3.39,,19.41,5.08,40.13,9.33,10.02,23.24,1.23,,15.36,11.85,8.81,14.11,0.86,25.7,4.16,,,14.78,1.91,,
18/11/2014,8.88,7.24,,9.49,,12.97,3.12,12.98,,18.17,,,,3.46,,19.4,5.01,40.3,9.21,9.88,22.83,1.12,,15.34,11.81,8.78,14.07,0.86,25.64,4.22,,,14.82,1.9,,
19/11/2014,8.93,7.17,,9.52,,13.15,3.23,12.92,,18.29,,,,3.56,,19.47,5.11,40.21,9.15,9.82,22.57,0.97,,15.37,11.85,8.81,14.04,0.86,25.63,4.27,,,14.86,1.91,,
20/11/2014,8.93,7.16,,9.55,,13.2,3.28,12.93,,18.09,,,,3.64,,19.53,5.12,40.49,9.09,9.79,22.29,0.91,,15.39,11.88,8.84,14.03,0.86,25.58,4.28,,,14.91,1.96,,
21/11/2014,8.94,7.29,,9.54,,13.22,3.3,12.89,,17.92,,,,3.68,,19.47,5.12,40.6,9.05,9.77,22.05,0.89,,15.38,11.84,8.85,14.15,0.87,25.59,4.26,,,14.94,1.96,,
22/11/2014,8.91,7.29,,9.54,,12.53,3.24,12.84,,17.83,,,,3.57,,19.47,5.11,40.39,9.02,9.79,21.86,0.87,,15.37,11.86,8.85,14.15,0.87,25.56,4.17,,,14.97,2.21,,
23/11/2014,8.88,7.3,,9.54,,12.11,3.27,12.8,,17.72,,,,3.47,,19.51,5.11,40.17,9,9.85,21.69,0.87,,15.37,11.87,8.85,14.15,0.87,25.54,4.11,,,15,2.13,,
24/11/2014,8.87,7.28,,9.52,,12.1,3.31,13.14,,17.65,,,,3.45,,19.03,5.1,40.28,8.98,9.91,21.53,0.86,,15.35,11.85,8.85,14.14,0.87,25.5,4.08,,,15.02,2.12,,
25/11/2014,8.87,7.27,,9.51,,12.73,3.25,13.05,,17.66,,,,3.55,,19.02,5.09,40.46,8.97,9.99,21.4,0.88,,15.34,11.81,8.84,14.14,0.87,25.48,4.07,,,15.04,2.04,,
26/11/2014,8.89,7.26,,9.48,,12.88,3.21,12.97,,17.67,,,,3.58,,18.98,5.08,40.35,8.96,10.07,21.3,0.88,,15.34,11.79,8.82,14.12,0.87,25.46,4.22,,,15.06,1.93,,
27/11/2014,8.88,7.26,,9.47,,12.89,3.23,12.92,,17.54,,,,3.56,,19,5.07,40.42,8.94,10.14,21.29,0.88,,15.31,11.79,8.81,14.1,0.87,25.49,4.2,,,15.08,1.87,,
28/11/2014,8.89,7.28,,9.46,,12.92,3.23,12.9,,17.49,,,,3.6,,18.97,5.06,40.47,8.93,10.2,21.24,0.87,,15.3,11.83,8.8,14.1,0.88,25.46,4.25,,,15.09,1.83,,
29/11/2014,8.88,7.31,,9.45,,12.3,3.14,12.88,,17.41,,,,3.83,,18.98,5.06,40.08,8.91,10.28,21.18,0.87,,15.29,11.81,8.8,14.1,0.88,25.52,4.13,,,15.11,1.9,,
30/11/2014,8.84,7.36,,9.42,,11.93,3.13,12.85,,17.26,,,,3.56,,18.99,5.04,39.75,8.85,10.32,21.13,0.91,,15.25,11.78,8.79,14.08,0.88,25.48,4.01,,,15.13,1.83,,
1/12/2014,8.85,7.42,,9.4,,11.91,3.05,12.83,,17.19,,,,3.5,,18.93,5.02,39.73,8.75,10.24,20.95,0.98,,15.19,11.71,8.76,14.06,0.88,25.44,3.96,,,15.12,1.74,,
2/12/2014,8.84,7.47,,9.4,,12.51,3.06,12.84,,17.25,,,,3.51,,18.97,5.02,40.08,8.69,10.11,20.76,0.92,,15.2,11.72,8.75,14.05,0.88,25.42,4.06,,,15.14,1.88,,
3/12/2014,8.84,7.42,,9.4,,12.67,2.88,12.81,,17.32,,,,3.55,,18.98,5.01,39.96,8.65,10.07,20.64,0.84,,15.2,11.74,8.7,14.01,0.88,25.44,4.05,,,14.87,1.54,,
4/12/2014,8.85,7.4,,9.39,,12.69,2.99,12.8,,17.32,,,,3.55,,19.02,5.01,40.26,8.63,10.08,20.54,0.81,,15.19,11.75,8.68,13.99,0.87,25.47,4.11,,,14.56,1.44,,
5/12/2014,8.78,7.39,,9.38,,12.74,2.99,12.84,,17.36,,,,3.56,,19.02,4.99,40.33,8.59,10.11,20.43,0.79,,15.17,11.69,8.72,14,0.86,25.44,4.09,,,14.09,1.37,,
6/12/2014,8.77,7.41,,9.38,,12.04,2.98,12.84,,17.24,,,,3.54,,19.01,4.97,40.09,8.56,10.16,20.35,0.8,,15.13,11.68,8.72,14.04,0.89,25.47,3.99,,,13.56,1.33,,
7/12/2014,8.74,7.41,,9.37,,11.63,2.99,12.83,,17.17,,,,3.39,,19,4.94,39.89,8.55,10.23,20.27,0.75,,15.12,11.68,8.71,14.05,0.85,25.39,3.94,,,13.02,1.29,,
8/12/2014,8.73,7.39,34.6,9.36,,11.38,3.02,12.81,,17.1,,,,3.32,,18.98,4.91,39.9,8.52,10.31,20.19,0.68,,15.09,11.65,8.71,14.04,0.85,25.32,3.91,,,12.55,1.26,,
9/12/2014,8.71,7.26,34.08,9.36,,11.37,3.01,12.79,,17.07,,,,3.3,,18.95,4.91,39.76,8.51,10.38,20.11,0.59,,15.06,11.59,8.7,14.04,0.89,25.31,3.88,,,12.2,1.32,,
10/12/2014,8.71,7.25,33.99,9.37,,12.12,3.08,12.76,,17.15,,,,3.47,,19.01,4.89,39.88,8.49,10.44,20.06,0.54,,15.08,11.58,8.72,14.05,0.89,25.28,4.04,,,11.91,1.32,,
11/12/2014,8.72,7.23,34.87,9.36,,12.11,3.13,12.74,,17.14,,,,3.57,,19,4.87,40.14,8.48,10.47,19.97,0.54,,15.04,11.54,8.72,14.05,0.89,25.27,4.07,,,11.67,1.37,,
12/12/2014,8.71,7.24,34.82,9.37,,12.09,3.11,12.73,,17.1,,,,3.52,,19.08,4.86,40.2,8.47,10.51,19.9,0.5,,15.03,11.54,8.72,14.05,0.89,25.25,3.94,,,11.48,1.49,,
13/12/2014,8.71,7.25,34.66,9.37,,11.57,3.09,12.71,,17.05,,,,3.48,,19.07,4.85,39.92,8.47,10.56,19.84,0.52,,15.01,11.57,8.72,14.05,0.9,25.25,3.86,,,11.34,1.39,,
14/12/2014,8.69,7.25,34.6,9.37,,11.24,3.12,12.69,,17,,,,3.38,,19.08,4.84,39.88,8.46,10.61,19.79,0.52,,15.01,11.55,8.72,14.05,0.9,25.25,3.8,,,11.22,1.37,,
15/12/2014,8.66,7.22,34.35,9.35,,11.24,3.12,12.68,,16.98,,,,3.36,,19.05,4.83,39.79,8.45,10.67,19.71,0.53,,15,11.54,8.72,14.04,0.9,25.21,3.78,,,11.1,1.37,,
16/12/2014,8.63,7.18,34.09,9.32,,11.72,3.06,13.26,,16.96,,,,3.46,,19.01,4.79,39.82,8.4,10.73,19.68,0.58,,14.94,11.5,8.69,14.01,0.9,25.15,3.91,,,10.98,1.3,,
17/12/2014,8.62,7.19,34.03,9.32,,11.74,3.02,13.28,,16.97,,,,3.52,,19.05,4.77,39.71,8.38,10.76,19.59,0.57,,14.94,11.5,8.68,14.01,0.85,25.18,3.93,,,10.91,1.35,,
18/12/2014,8.62,7.22,33.9,9.32,,11.94,3.04,13.62,,17,,,,3.55,,19.08,4.78,40.01,8.37,10.82,19.57,0.49,,14.95,11.53,8.68,14.02,0.83,25.18,3.93,,,10.89,1.41,,
19/12/2014,8.63,7.24,33.8,9.33,,11.92,3.06,13.22,,17.05,,,,3.56,,19.11,4.77,40.01,8.37,10.9,19.58,0.45,,14.95,11.49,8.69,14.04,0.84,25.19,3.92,,,10.83,1.35,,
20/12/2014,8.62,7.23,33.85,9.32,,11.4,3.03,12.87,,16.96,,,,3.48,,19.09,4.76,39.83,8.36,10.98,19.55,0.45,,14.94,11.52,8.69,14.03,0.85,25.23,3.81,,,10.78,1.52,,
21/12/2014,8.62,7.24,34.15,9.33,,11.13,3.05,12.7,,16.96,,,,3.39,,19.08,4.76,39.62,8.35,11.06,19.55,0.39,,14.94,11.53,8.69,14.04,0.78,25.18,3.76,,,10.77,1.51,,
22/12/2014,8.61,7.25,33.87,9.33,,11.07,3.05,12.57,,16.9,,,,3.37,,19.08,4.76,39.73,8.37,11.15,19.57,0.36,,14.95,11.48,8.7,14.05,0.78,25.25,3.75,,,10.72,1.53,,
23/12/2014,8.6,7.25,33.71,9.32,,11.26,3.06,12.48,,16.87,,,,3.43,,19.07,4.75,39.67,8.37,11.22,19.56,0.36,,14.93,11.47,8.69,14.04,0.78,25.24,3.91,,,10.67,1.56,,
24/12/2014,8.59,7.23,33.36,9.31,,10.99,3.06,12.32,,16.81,,,,3.44,,19.07,4.74,39.34,8.37,11.29,19.55,0.36,,14.93,11.49,8.69,14.03,0.81,25.22,3.81,,,10.6,1.56,,
25/12/2014,8.58,7.21,33.32,9.29,,10.83,3.04,12.19,,16.75,,,,3.34,,19.03,4.72,39.3,8.37,11.36,19.53,0.4,,14.91,11.44,8.68,14.02,0.87,25.17,3.73,,,10.53,1.54,,
26/12/2014,8.57,7.21,33.33,9.3,,10.74,3.03,12.09,,16.74,,,,3.27,,19.05,4.72,39.22,8.38,11.43,19.53,0.38,,14.91,11.46,8.68,14.02,0.85,25.17,3.68,,,10.51,1.51,,
27/12/2014,8.53,7.1,33.28,9.22,,10.5,2.94,11.94,,16.56,,,,3.18,,18.95,4.67,39.06,8.35,11.5,19.47,0.37,,14.85,11.35,8.62,13.95,0.84,25.08,3.61,,,10.35,1.51,,
28/12/2014,8.53,7.13,33.32,9.21,,10.45,2.8,11.89,,16.57,,,,3.16,,18.97,4.66,38.96,8.36,11.53,19.45,0.34,,14.82,11.34,8.6,13.94,0.79,25.08,3.59,,,10.33,1.44,,
29/12/2014,8.54,7.26,33.18,9.25,,10.45,2.76,11.85,,16.69,,,,3.17,,19.08,4.68,39.15,8.41,11.65,19.56,0.23,,14.94,11.48,8.62,13.99,0.79,25.15,3.6,,,10.36,1.53,,
30/12/2014,8.54,7.27,33.21,9.27,,10.48,2.98,11.8,,16.7,,,,3.26,,19.09,4.7,39.28,8.46,11.74,19.63,0.19,,14.96,11.48,8.64,14.01,0.79,25.14,3.77,,,10.33,1.64,,
31/12/2014,8.53,7.26,32.99,9.27,,11.03,3.03,11.75,,16.68,,,,3.22,,19.08,4.71,38.99,8.48,11.81,19.66,0.13,,14.97,11.45,8.64,14.01,0.8,25.17,3.73,,,10.3,1.61,,
1/1/2015,8.53,7.28,32.95,9.27,,11.87,3.13,11.7,,16.66,,,,3.2,,19.07,4.72,39.11,8.52,11.9,19.72,0.12,,14.98,11.44,8.65,14.02,0.8,25.25,3.67,,,10.25,1.64,,
2/1/2015,8.52,7.24,33.03,9.26,,12.2,3.12,11.64,,16.59,,,,3.16,,19.06,4.72,39.08,8.54,11.97,19.74,0.13,,14.97,11.41,8.65,14.01,0.85,25.18,3.67,,,10.14,1.63,,
3/1/2015,8.51,7.19,33.01,9.23,,12.41,3.02,11.58,,16.51,,,,3.15,,19.04,4.7,39.07,8.53,12.02,19.74,0.2,,14.93,11.42,8.64,13.98,0.93,25.16,3.65,,,10.01,1.65,,
4/1/2015,8.5,7.18,33.04,9.22,,12.51,3,11.55,,16.5,,,,3.2,,18.99,4.7,39.01,8.53,12.07,19.73,0.25,,14.9,11.42,8.62,13.97,0.93,25.17,3.62,,,9.98,1.56,,
5/1/2015,8.5,7.22,32.84,9.23,,12.56,3.03,11.51,,16.52,,,,3.18,,19.06,4.71,39.32,8.58,12.15,19.83,0.2,,14.98,11.42,8.63,13.99,0.94,25.18,3.6,,,9.91,1.55,,
6/1/2015,8.5,7.22,32.77,9.22,,12.55,3,11.47,,16.49,,,,3.16,,19.04,4.7,39.24,8.59,12.21,19.83,0.24,,14.95,11.39,8.62,13.98,0.94,25.27,3.6,,,9.87,1.51,,
7/1/2015,8.5,7.26,32.61,9.23,,12.15,2.99,11.46,,16.52,,,,3.15,,19.09,4.71,38.98,8.62,12.28,19.9,0.22,,14.99,11.42,8.62,13.99,0.94,25.25,3.58,,,9.86,1.53,,
8/1/2015,8.51,7.26,32.66,9.23,,11.85,2.99,11.44,,16.52,,,,3.28,,19.09,4.72,39.42,8.65,12.34,20.06,0.23,,15.02,11.44,8.63,14,0.94,25.26,3.79,,,9.83,1.71,,
9/1/2015,8.52,7.21,32.65,9.2,,11.79,2.97,11.4,,16.6,,,,3.37,,19.07,4.72,39.52,8.67,12.4,20.13,0.21,,15.02,11.42,8.62,13.97,0.94,25.24,3.81,,,9.76,1.74,,
10/1/2015,8.52,7.2,33.01,9.19,,11.31,2.96,11.36,,16.58,,,,3.33,,19.02,4.7,39.4,8.66,12.44,20.13,0.32,,14.97,11.36,8.6,13.95,0.94,25.27,3.69,,,9.72,1.74,,
11/1/2015,8.52,7.17,32.97,9.16,,10.96,2.92,11.34,,16.53,,,,3.27,,19.01,4.69,39.22,8.67,12.48,20.16,0.35,,14.95,11.38,8.58,13.94,0.94,25.25,3.63,,,9.67,1.72,,
12/1/2015,8.54,7.26,32.84,9.2,,10.91,2.95,11.35,,16.64,,,,3.26,,19.09,4.71,39.36,8.73,12.56,20.28,0.3,,15.03,11.39,8.6,13.98,0.95,25.27,3.61,,,9.76,1.74,,
13/1/2015,8.55,7.24,32.75,9.19,,11.4,2.96,11.32,,16.63,,,,3.36,,19.1,4.72,39.64,8.75,12.61,20.34,0.28,,15.04,11.38,8.6,13.97,0.95,25.32,3.75,,,9.74,1.72,,
14/1/2015,8.55,7.21,32.54,9.18,,11.26,2.95,11.3,,16.61,,,,3.4,,19.05,4.71,39.61,8.76,12.65,20.35,0.36,,15.02,11.35,8.58,13.95,0.95,25.3,3.8,,,9.72,1.83,,
15/1/2015,8.56,7.22,32.56,9.18,,11.25,2.95,11.29,,16.61,,,,3.56,,19.07,4.72,39.8,8.78,12.7,20.4,0.38,,15.03,11.4,8.58,13.95,0.95,25.33,3.8,,,9.73,1.84,,
16/1/2015,8.56,7.2,32.39,9.16,,11.23,2.87,11.26,,16.6,,,,3.58,,19.07,4.71,39.8,8.8,12.74,20.44,0.45,,15.03,11.33,8.58,13.93,0.95,25.35,3.81,,,9.72,1.85,,
17/1/2015,8.55,7.18,32.49,9.15,,10.99,2.8,11.25,,16.59,,,,3.45,,19.02,4.7,39.69,8.8,12.77,20.45,0.53,,15.01,11.33,8.56,13.92,0.95,25.4,3.69,,,9.72,1.89,,
18/1/2015,8.54,7.22,32.48,9.16,,10.72,2.84,11.23,,16.57,,,,3.33,,19.06,4.71,39.48,8.83,12.75,20.54,0.47,,15.06,11.41,8.56,13.93,0.96,25.36,3.63,,,9.76,1.95,,
19/1/2015,8.53,7.22,32.59,9.15,,10.64,2.83,11.21,,16.55,,,,3.31,,19.06,4.71,39.36,8.85,12.75,20.58,0.48,,15.05,11.33,8.55,13.92,0.96,25.35,3.61,,,9.77,1.94,,
20/1/2015,8.53,7.21,32.34,9.14,,11.18,2.79,11.19,,16.55,,,,3.38,,19.07,4.71,39.63,8.87,12.77,20.62,0.5,,15.05,11.31,8.54,13.91,0.96,25.35,3.75,,,9.78,1.91,,
21/1/2015,8.53,7.22,32.28,9.14,,11.31,2.75,11.18,,16.59,,,,3.4,,19.07,4.71,39.4,8.9,12.81,20.67,0.54,,15.06,11.32,8.54,13.91,0.96,25.41,3.8,,,9.81,1.91,,
22/1/2015,8.54,7.22,32.12,9.14,,11.37,2.68,11.16,,16.59,,,,3.45,,19.06,4.71,39.58,8.91,12.84,20.69,0.54,,15.08,11.33,8.53,13.9,0.96,25.42,3.83,,,9.84,1.87,,
23/1/2015,8.54,7.21,32.16,9.12,,11.49,2.65,11.14,,16.54,,,,3.49,,19.06,4.71,39.67,8.92,12.84,20.77,0.56,,15.07,11.3,8.51,13.89,0.96,25.42,3.8,,,9.85,1.66,,
24/1/2015,8.54,7.22,32.19,9.13,,11.05,2.63,11.14,,16.5,,,,3.38,,19.07,4.72,39.55,8.94,12.86,20.84,0.52,,15.11,11.32,8.51,13.9,0.96,25.48,3.69,,,9.9,1.61,,
25/1/2015,8.55,7.24,32.21,9.14,,10.71,2.64,11.14,,16.51,,,,3.3,,19.09,4.72,39.49,8.95,12.88,20.89,0.48,,15.13,11.32,8.51,13.9,0.97,25.49,3.63,,,9.94,1.52,,
26/1/2015,8.54,7.27,32.19,9.16,,10.65,2.67,11.13,,16.5,,,,3.29,,19.13,4.75,39.45,8.99,12.91,20.99,0.44,,15.18,11.37,8.52,13.92,0.97,25.34,3.62,,,10.03,1.56,,
27/1/2015,8.54,7.24,32.57,9.15,,11.27,2.69,11.11,,16.46,,,,3.36,,19.08,4.75,39.42,9,12.93,21.01,0.49,,15.14,11.28,8.52,13.9,0.97,25.43,3.73,,,10.05,1.61,,
28/1/2015,8.54,7.22,32.5,9.13,,11.38,2.72,11.1,,16.44,,,,3.42,,19.09,4.75,39.58,9.02,12.96,21.07,0.45,,15.17,11.33,8.52,13.89,0.97,25.5,3.78,,,10.09,1.51,,
29/1/2015,8.52,7.13,32.99,9.07,,11.39,2.65,11.03,,16.34,,,,3.4,,19,4.71,39.73,8.98,12.98,21.03,0.55,,15.07,11.32,8.5,13.83,0.97,25.44,3.76,,,10.03,1.55,,
30/1/2015,8.5,7.07,32.96,8.99,,11.46,2.52,10.98,,16.26,,,,3.39,,18.95,4.68,39.7,8.97,12.97,21,0.77,,15.02,11.31,8.42,13.79,0.98,25.36,3.73,,,9.99,1.48,,
31/1/2015,8.51,7.18,33.65,9.04,,11,2.56,11,,16.35,,,,3.37,,19.02,4.69,39.66,9,13.01,21.07,0.74,,15.09,11.32,8.43,13.8,0.98,25.45,3.65,,,10.07,1.52,,
1/2/2015,8.49,7.2,33.35,9.05,,10.66,2.46,11,,16.35,,,,3.27,,19.07,4.65,39.56,9.03,13.04,21.16,0.69,,15.12,11.33,8.47,13.81,0.98,25.86,3.59,,,10.14,1.6,,
2/2/2015,8.49,7.16,32.95,9.07,,10.63,2.51,11.01,,16.38,,,,3.26,,19.09,4.71,39.53,9.07,13.09,21.26,0.63,,15.19,11.33,8.42,13.84,0.98,25.58,3.58,,,10.24,1.49,,
3/2/2015,8.5,7.16,32.92,9.07,,11.19,2.51,11,,16.35,,,,3.37,,19.1,4.72,39.82,9.1,13.13,21.33,0.63,,15.2,,8.48,13.84,0.98,25.58,3.74,,,10.32,1.55,,
4/2/2015,8.51,7.2,33.06,9.06,,10.99,2.49,10.98,,16.32,,,,,,19.09,4.73,39.59,9.11,13.16,21.39,0.67,,15.22,,8.57,13.83,0.98,25.61,3.77,,,10.36,1.56,,
5/2/2015,8.48,7.13,33.14,9,,10.88,2.11,10.9,,15.88,,,,,,19.09,4.68,39.77,9.1,13.19,21.42,0.58,,15.23,,8.59,13.78,0.98,25.62,3.74,,,10.36,1.43,,
6/2/2015,8.44,6.99,32.99,8.97,,10.97,0.52,10.79,,15.64,,,,,,19.09,4.63,39.43,9.04,13.17,21.42,0.46,,15.22,,8.49,13.67,0.92,25.67,3.66,,,8.82,1.25,,
7/2/2015,8.46,6.89,32.76,9.02,,10.53,2.83,10.83,,,,,,,,19.15,4.69,39.8,8.96,13.14,21.37,0.41,,15.29,,8.47,13.63,0.85,25.69,3.53,,,8.31,1.23,,
8/2/2015,8.44,6.89,32.69,9.01,,10.24,3.83,10.79,,,,,,,,19.1,4.65,39.84,8.88,13.07,21.5,0.42,,15.2,,8.52,13.68,0.85,25.65,3.45,,,8.01,1.22,,
9/2/2015,8.44,6.82,32.67,9.04,,10.18,4.1,10.76,,15.62,,,,,,19.16,4.61,39.9,8.84,13.01,21.53,0.37,,15.25,,8.64,13.81,0.74,25.65,3.42,,,7.82,1.23,,
10/2/2015,8.45,6.78,32.4,9.04,,10.64,3.93,10.73,,15.52,,,,,,19.16,4.58,39.93,8.81,12.98,21.52,0.34,,15.21,,8.72,13.81,0.81,25.58,3.56,,,7.72,1.21,,
11/2/2015,8.45,6.74,32.5,9.06,,10.72,3.93,10.66,,15.44,,,,,,19.16,4.52,39.97,8.77,12.93,21.52,0.31,,15.22,,8.75,13.82,0.83,25.53,3.57,,,7.63,1.1,,
12/2/2015,8.45,6.73,32.45,9.06,,10.84,3.71,10.6,,15.4,,,,,,19.15,4.48,39.92,8.74,12.9,21.5,0.3,,15.18,,8.83,13.82,0.82,25.49,3.57,,,7.58,1.21,,
13/2/2015,8.44,6.77,32.55,9.05,,10.91,3.92,10.52,,15.36,,,,,,19.16,4.44,39.56,8.7,12.88,21.48,0.3,,15.16,,8.9,13.81,0.91,25.44,3.58,,,7.54,1.14,,
14/2/2015,8.42,6.8,32.68,9.03,,10.52,3.53,10.44,,15.27,,,,,,19.12,4.4,39.62,8.65,12.84,21.43,0.32,,15.1,,9,13.79,0.99,25.39,3.51,,,7.5,1.32,,
15/2/2015,8.41,6.81,32.53,9.02,,10.08,3.35,10.38,,15.22,,,,,,19.09,4.38,39.44,8.57,12.77,21.39,0.35,,15.05,,9.13,13.78,1.04,25.33,3.37,,,7.49,1.23,,
16/2/2015,8.39,6.77,32.37,9.02,,10.04,3.22,10.31,,15.2,,,,,,19.13,4.37,39.42,8.45,12.64,21.34,0.29,,15.05,,9.17,13.78,1,25.25,3.38,,,7.51,1.28,,
17/2/2015,8.4,6.68,32.34,9.02,,10.38,3.24,10.26,,15.24,,,,,,19.11,4.38,39.6,8.35,12.48,21.28,0.21,,15.02,,9.11,13.8,0.96,25.18,3.47,,,7.55,1.52,,
18/2/2015,8.42,6.61,32.19,9.05,,10.52,3.23,10.22,,15.26,,,,,,19.18,4.39,39.66,8.27,12.35,21.18,0.13,,14.97,,9.07,13.82,1.01,25.07,3.45,,,7.6,1.61,,
19/2/2015,8.41,6.57,32.15,9.04,,10.6,3.28,10.15,,15.13,,,,,,19.14,4.37,39.6,8.2,12.26,21.04,0.5,,14.86,,9.12,13.81,1.01,24.83,3.41,,,7.62,1.57,,
20/2/2015,8.4,6.59,32.2,9.02,,10.61,3.25,10.08,,15.02,,,,,,19.06,4.35,39.47,8.14,12.2,20.9,0.42,,14.75,,9.24,13.78,1.01,24.63,3.38,,,7.6,1.55,,
21/2/2015,8.36,6.66,32.16,8.98,,10.24,3.09,9.99,,14.88,,,,,,18.97,4.31,39.39,8.08,12.14,20.74,0.34,,14.63,,9.39,13.74,1.01,24.42,3.22,,,7.55,1.54,,
22/2/2015,8.32,6.78,31.95,8.96,,9.75,3.04,9.93,,14.84,,,,,,18.94,4.29,39.19,8.01,12.09,20.67,0.29,,14.58,,9.55,13.72,0.97,24.33,3.11,,,7.54,1.53,,
23/2/2015,8.32,6.76,32.03,8.95,,9.7,3.03,9.88,,14.84,,,,,,18.96,4.28,39.15,7.97,12.04,20.58,0.25,,14.54,,9.49,13.73,0.92,24.23,3.1,,,7.59,1.52,,
24/2/2015,8.3,6.74,31.94,8.93,,10.24,2.99,9.82,,14.8,,,,,,18.93,4.24,39.24,7.88,11.99,20.45,0.13,,14.48,,9.33,13.72,0.95,24.13,3.18,,,7.61,1.55,,
25/2/2015,8.3,6.64,31.72,8.91,,10.14,2.92,9.75,,14.8,,,,,,18.97,4.27,39.13,7.75,11.93,20.39,0.04,,14.4,,9.07,13.71,0.88,24.09,3.15,,,7.63,1.44,,
26/2/2015,8.31,6.6,31.67,8.95,,10.36,3.01,9.76,,14.81,,,,,,18.95,4.27,39.14,7.68,11.82,20.24,0,,14.27,,8.97,13.73,0.88,23.81,3.12,,,7.63,1.45,,
27/2/2015,8.29,6.59,32.63,8.94,,10.37,3.1,9.72,,14.74,,,,,,18.9,4.26,39.03,7.63,11.74,20.08,0,,14.18,,8.87,13.73,0.94,23.62,3.09,,,7.58,1.42,,
28/2/2015,8.28,6.53,32.56,8.95,,9.99,3.15,9.69,,14.74,,,,,,18.9,4.25,39.03,7.62,11.7,19.98,0.01,,14.1,,8.73,13.74,0.89,23.55,2.96,,,7.54,1.44,,
1/3/2015,8.26,6.49,32.99,8.95,,9.62,3.11,9.65,,14.66,,,,,,18.84,4.24,38.77,7.61,11.68,19.85,,,14.01,,8.69,13.74,0.89,23.48,2.87,,,7.47,1.47,,
2/3/2015,8.24,6.52,33.07,8.92,,9.56,3.02,9.6,,14.59,,,,,,18.81,4.22,38.78,7.6,11.67,19.76,,,13.95,,8.57,13.72,1.01,23.38,2.84,,,7.4,1.38,,
3/3/2015,8.25,6.43,32.72,8.94,,10.07,2.95,9.61,,14.63,,,,,,18.82,4.23,38.92,7.63,11.69,19.74,,,13.93,,8.44,13.74,0.92,23.37,3,,,7.41,1.31,,
4/3/2015,8.24,6.25,32.83,8.93,,10.22,2.75,9.57,,14.61,,,,,,18.77,4.15,38.81,7.66,11.73,19.59,,,13.87,,8.44,13.73,0.94,23.32,3,,,7.35,1.32,,
5/3/2015,8.23,6.16,32.69,8.9,,10.02,2.68,9.5,,14.61,,,,,,18.75,4.16,38.75,7.66,11.76,19.58,,,13.84,,8.34,13.71,0.96,23.28,2.97,,,7.21,1.22,,
6/3/2015,8.24,6.08,33.46,8.94,,10.23,2.7,9.51,,14.69,,,,,,18.76,4.23,38.73,7.69,11.8,19.62,,,13.84,,8.31,13.74,1.02,23.33,2.98,,,7.13,1.2,,
7/3/2015,8.23,6.02,34.21,8.95,,9.8,2.88,9.47,,14.57,,,,,,18.72,4.23,38.78,7.72,11.85,19.6,,,13.81,,8.37,13.75,1.02,23.35,2.85,,,7,1.2,,
8/3/2015,8.2,6.02,34.6,8.94,,9.4,2.89,9.43,,14.54,,,,,,18.64,4.22,38.42,7.72,11.89,19.56,,,13.77,,8.37,13.74,1.03,23.3,2.76,,,6.89,1.08,,
9/3/2015,8.18,6.06,33.82,8.94,,9.32,2.89,9.39,,,,,,,,18.66,4.22,38.41,7.74,11.94,19.55,,,13.75,,8.37,13.74,1.03,23.27,2.74,,,6.83,1.08,,
10/3/2015,8.17,6.09,33.37,8.93,,9.87,2.99,9.34,,,,,,,,18.61,4.21,38.62,7.76,11.99,19.54,,,13.73,,8.36,13.73,1.03,23.26,2.85,,,6.77,1.14,,
11/3/2015,8.16,6.04,33,8.91,,9.95,2.92,9.3,,,,,,,,18.58,4.2,38.54,7.78,12.04,19.51,,,13.71,,8.32,13.72,1.03,23.24,2.89,,,6.73,1.13,,
12/3/2015,8.16,6.05,32.87,8.92,,10.05,2.89,9.28,,,,,,,,18.57,4.2,38.53,7.8,12.1,19.53,,,13.72,,8.31,13.73,1.03,23.25,2.88,,,6.73,1.16,,
13/3/2015,8.15,6.02,33.11,8.91,,10.11,2.93,9.25,,,,,,,,18.51,4.2,38.51,7.82,12.14,19.53,,,13.69,,8.32,13.72,1.03,23.23,2.89,,,6.71,1.15,,
14/3/2015,8.14,6.03,32.9,8.91,,9.8,2.87,9.23,,,,,,,,18.54,4.22,38.62,7.85,12.19,19.55,,,13.7,,8.31,13.72,1.03,23.27,2.76,,,6.72,1.15,,
15/3/2015,8.12,6.03,32.76,8.92,,10.12,2.81,9.2,,,,,,,,18.52,4.22,38.35,7.88,12.25,19.59,,,13.71,,8.31,13.73,1.03,23.16,2.68,,,6.74,1.17,,
16/3/2015,8.1,6.01,32.65,8.9,,10.22,2.81,9.15,,,,,,,,18.5,4.22,38.35,7.9,12.3,19.61,,,13.71,,8.31,13.72,1.03,23.14,2.67,,,6.7,1.15,,
17/3/2015,8.08,5.96,32.52,8.87,,10.76,2.79,9.1,,,,,,,,18.48,4.22,38.41,7.77,12.31,19.63,,,13.71,,8.27,13.73,1.03,23.48,2.77,,,6.57,1.02,,
18/3/2015,8.1,5.91,32.46,8.87,,10.95,2.76,9.07,,,,,,,,18.43,4.21,38.38,7.7,12.24,19.58,,,12.42,,8.31,13.69,1.02,23.48,2.78,,,6.43,0.99,,
19/3/2015,8.09,5.89,33.44,8.86,,11.11,2.71,9.05,,,,,,,,18.42,4.2,38.35,7.68,12.21,19.54,,,12.38,,8.32,13.69,1.04,23.35,2.78,,,6.33,1,,
20/3/2015,8.1,5.86,34.35,8.86,,11.26,2.72,9.02,,,,,,,,18.4,4.2,38.35,7.67,12.21,19.53,,,12.37,,8.32,13.69,1.04,23.38,2.81,,,6.25,1.02,,
21/3/2015,8.08,5.81,33.67,8.84,,10.86,2.61,8.98,,,,,,4.03,,18.33,4.18,38.35,7.68,12.21,19.49,,,12.35,,8.31,13.67,1.04,24.16,2.71,,,6.18,1.07,,
22/3/2015,8.06,5.8,33.19,8.84,,10.48,2.56,8.95,,,,,,3.87,,18.31,4.17,38.35,7.7,12.2,19.45,,,12.32,,8.31,13.67,1.04,23.52,2.6,,,6.16,1.12,,
23/3/2015,8.04,5.78,33.79,8.83,,10.47,2.59,8.91,,,,,,3.84,,18.28,4.17,38.35,7.74,12.21,19.46,,,12.35,,8.3,13.67,1.04,23.47,2.59,,,6.14,1.11,,
24/3/2015,8.04,5.75,33.29,8.82,,10.56,2.57,8.89,,,,,,3.87,,18.25,4.17,38.35,7.74,12.2,19.43,,,,,8.29,13.66,1.04,23.41,2.69,,,6.12,1.02,,
25/3/2015,7.99,5.67,33.16,8.75,,10.23,2.39,8.78,,,,,,3.8,,18.17,4.15,38.35,7.7,12.18,19.36,,,12.32,,8.19,13.59,1.02,23.38,2.67,,,6.05,0.85,,
26/3/2015,7.95,5.68,34.06,8.74,,9.91,2.43,8.78,,,,,,3.69,,18.17,4.12,,7.65,12.09,19.33,,,12.3,,8.19,13.59,0.97,23.41,2.66,,,6.07,1.01,,
27/3/2015,8.01,5.6,33.48,8.77,,9.98,3.1,8.76,,,,,,3.69,,18.18,4.14,38.35,7.64,12.03,19.33,,,12.26,,8.22,13.61,0.9,23.46,2.67,,,6.08,1.01,,
28/3/2015,8,5.55,33.69,8.78,,9.42,2.82,8.76,,,,,,,,18.16,4.15,38.36,7.59,12.01,19.33,,,12.27,,8.22,13.64,0.9,23.42,2.55,,,6.06,1.01,,
29/3/2015,7.97,5.53,34.77,8.77,,9.02,2.67,8.73,,,,,,,,18.07,4.13,,7.55,12,19.25,,,12.21,,8.26,13.63,1.05,23.41,2.46,,,5.96,0.99,,
30/3/2015,7.95,5.58,34.2,8.76,,8.97,2.59,8.69,,,,,,,,18.02,4.12,,7.54,11.98,19.22,,,12.19,,8.25,13.61,1.05,23.14,2.44,,,5.9,1,,
31/3/2015,7.95,5.56,33.76,8.76,,9.47,2.51,8.66,,,,,,,,17.98,4.12,,7.57,12,19.2,,,12.2,,8.25,13.61,1.05,23.21,2.75,,,5.86,1.01,,
1/4/2015,7.95,5.47,33.36,8.78,,9.63,2.56,8.65,,,,,,,,18,4.13,,7.59,12.01,19.21,,,12.2,,8.25,13.63,1.05,23.26,2.73,,,5.88,1.05,,
2/4/2015,7.95,5.47,33.15,8.78,,9.71,2.62,8.62,,,,,,,,17.94,4.14,,7.63,12.05,19.2,,,12.19,,8.25,13.63,1.05,23.22,2.71,,,5.85,1.09,,
3/4/2015,7.96,5.48,33.02,8.79,,9.72,2.81,8.61,,,,,,,,17.93,4.15,,7.63,12.05,19.2,,,12.19,,8.26,13.65,1.05,23.25,2.69,,,5.86,1.11,,
4/4/2015,7.92,5.46,32.98,8.77,,9.22,2.55,8.55,,,,,,,,17.85,4.15,,7.65,12.08,19.17,,,12.15,,8.24,13.62,1.05,23.2,2.52,,,5.83,1.14,,
5/4/2015,7.9,5.38,32.85,8.75,,8.84,2.56,8.5,,,,,,,,17.8,4.15,,7.66,12.1,19.16,,,12.14,,8.18,13.61,1.05,23.26,2.43,,,5.68,1.02,,
6/4/2015,7.89,5.32,32.6,8.78,,8.69,2.68,8.51,,,,,,,,17.84,4.17,,7.7,12.16,19.2,,,12.18,,8.23,13.63,1.05,23.25,2.38,,,5.6,0.98,,
7/4/2015,7.89,5.29,32.52,8.8,,8.65,2.79,8.5,,,,,,4.77,,17.82,4.2,,7.74,12.21,19.26,,,12.2,,8.23,13.66,1.06,23.26,2.37,,,5.54,0.99,,
8/4/2015,7.88,5.29,32.35,8.81,,9.17,2.9,8.47,,,,,,4.55,,17.8,4.21,,7.78,12.27,19.31,,,12.2,,8.29,13.66,1.06,23.28,2.53,,,5.49,1.01,,
9/4/2015,7.88,5.32,32.43,8.81,,9.4,3,8.44,,,,,,4.42,,17.76,4.22,,7.82,12.31,19.37,,,12.2,,8.37,13.66,1.06,23.4,2.58,,,5.47,1.05,,
10/4/2015,7.86,5.3,32.38,8.81,,9.69,2.99,8.42,,,,,,4.31,,17.74,4.22,,7.85,12.36,19.35,,,12.2,,8.44,13.66,1.06,23.32,2.62,,,5.45,1.05,,
11/4/2015,7.84,5.29,32.31,8.81,,9.12,3.08,8.39,,,,,,,,17.67,4.23,,7.89,12.4,19.35,,,12.19,,8.41,13.66,1.06,23.34,2.55,,,5.44,1.05,,
12/4/2015,7.82,5.29,32.24,8.81,,8.75,3.06,8.37,,,,,,,,17.68,4.24,,7.93,12.45,19.41,,,12.21,,8.27,13.66,1.06,23.37,2.51,,,5.46,1.08,,
13/4/2015,7.82,5.28,32.17,8.81,,8.72,3.04,8.34,,,,,,,,17.63,4.25,,7.95,12.49,19.43,,,12.21,,8.26,13.65,1.06,23.38,2.5,,,5.45,1.09,,
14/4/2015,7.81,5.15,32.02,8.81,,9.18,3.06,8.31,,,,,,,,17.61,4.25,,7.98,12.53,19.47,,,12.21,,8.26,13.65,1.06,23.38,2.69,,,5.45,1.1,,
15/4/2015,7.81,5.14,31.92,8.8,,9.47,2.99,8.3,,,,,,,,17.57,4.26,,8.01,12.58,19.53,,,12.22,,8.24,13.64,1.07,23.4,2.77,,,5.47,1.12,,
16/4/2015,7.83,5.2,31.59,8.79,,9.68,2.88,8.26,,,,,,,,17.53,4.26,,8.08,12.61,19.54,,,12.24,,8.24,13.63,1.07,23.42,2.79,,,5.47,1.09,,
17/4/2015,7.83,5.19,31.65,8.78,,9.68,2.92,8.23,,,,,,,,17.47,4.27,,8.12,12.64,19.55,,,12.24,,8.23,13.62,1.07,23.4,2.73,,,5.5,1.03,,
18/4/2015,7.8,5.12,31.68,8.78,,8.85,2.85,8.18,,,,,,,,17.46,4.27,,8.13,12.66,19.52,,,12.21,,8.22,13.62,0.96,23.42,2.62,,,5.51,1.15,,
19/4/2015,7.78,5.11,31.63,8.81,,8.68,2.87,8.16,,,,,,,,17.44,4.28,,8.18,12.69,19.59,,,12.2,,8.22,13.63,0.94,23.5,2.53,,,5.54,1.15,,
20/4/2015,7.76,5.18,31.57,8.82,,8.76,2.96,8.16,,,,,,4.27,,17.4,4.3,,8.19,12.71,19.61,,,12.22,,8.23,13.62,1,23.5,2.52,,,5.56,1.16,,
21/4/2015,7.77,5.19,31.53,8.82,,9.4,3.11,8.18,,,,,,4.17,,17.4,4.31,,8.23,12.75,19.66,,,12.26,,8.24,13.63,1.07,23.52,2.66,,,5.58,1.18,,
22/4/2015,7.76,5.17,31.49,8.79,,9.49,3.07,8.77,,,,,,4.05,,17.35,4.32,,8.27,12.79,19.74,,,12.28,,8.23,13.62,1.07,23.44,2.74,,,5.6,1.2,,
23/4/2015,7.76,5.16,31.44,8.78,,9.56,2.99,8.48,,,,,,3.97,,17.31,4.32,,8.29,12.81,19.76,,,12.33,,8.23,13.61,1.07,23.44,2.84,,,5.6,1.2,,
24/4/2015,7.76,5.16,31.38,8.78,,9.62,3,8.34,,,,,,3.89,,17.31,4.32,,8.37,12.85,19.78,,,12.33,,8.23,13.61,1.07,23.48,2.98,,,5.62,1.23,,
25/4/2015,7.75,5.17,31.31,8.79,,9.06,3.07,8.24,,,,,,3.71,,17.28,4.34,,8.38,12.88,19.92,,,12.32,,8.22,13.61,1.07,23.55,2.86,,,5.66,1.17,,
26/4/2015,7.72,5.12,31.24,8.81,,8.7,3,8.17,,,,,,3.6,,17.2,4.35,,8.38,12.91,19.89,,,12.32,,8.21,13.6,1.07,23.53,2.77,,,5.68,1.22,,
27/4/2015,7.7,5.12,31.31,8.79,,8.65,2.83,8.1,,,,,,3.58,,17.14,4.33,,8.33,12.92,19.85,,,12.35,,8.2,13.58,1.07,23.49,2.74,,,5.68,1.27,,
28/4/2015,7.69,5.12,31.08,8.77,,9.19,2.78,8.07,,,,,,3.58,,17.13,4.29,,8.25,12.88,19.84,,,12.29,,8.19,13.57,1.07,23.54,2.87,,,5.69,0.95,,
29/4/2015,7.68,5.08,30.98,8.77,,9.17,2.8,8.04,,,,,,3.57,,17.17,4.34,,8.28,12.81,19.9,,,12.27,,8.2,13.59,1.08,23.64,2.95,,,5.76,0.93,,
30/4/2015,7.7,5.14,31.09,8.76,,9.42,2.83,8,,,,,,3.62,,17.13,4.35,,8.28,12.79,19.92,,,12.29,,8.2,13.59,1.08,23.65,2.93,,,5.78,0.89,,
1/5/2015,7.67,5.12,31.03,8.73,,8.94,2.79,7.95,,,,,,3.53,,17.07,4.34,,8.28,12.76,19.89,,,12.32,,8.2,13.58,1.08,23.69,2.9,,,5.8,1.34,,
2/5/2015,7.65,5.12,30.96,8.72,,8.64,2.78,7.94,,,,,,3.5,,17.05,4.33,,8.28,12.74,19.88,,,12.34,,8.19,13.57,1.08,23.67,2.87,,,5.8,1.37,,
3/5/2015,7.64,5.14,30.9,8.73,,8.49,2.8,7.9,,,,,,3.44,,17.05,4.34,,8.34,12.75,19.92,,,12.34,,8.2,13.58,1.08,23.73,2.8,,,5.85,1.3,,
4/5/2015,7.64,5.14,31.03,8.73,,8.46,2.82,7.87,,,,,,3.43,,17.04,4.35,,8.38,12.76,19.97,,,12.33,,8.2,13.59,1.08,23.86,2.79,,,5.89,0.99,,
5/5/2015,7.63,5.13,31.02,8.73,,9.22,2.82,7.86,,,,,,3.53,,17.02,4.36,,8.39,12.77,20,,,12.36,,8.19,13.58,1.08,23.85,2.95,,,5.92,0.97,,
6/5/2015,7.64,5.13,31.37,8.73,,9.46,2.93,7.86,,,,,,3.69,,17,4.36,,8.42,12.77,20.09,,,12.4,,8.19,13.58,1.08,23.84,3.03,,,5.95,0.96,,
7/5/2015,7.65,5.12,31.22,8.74,,9.66,3,7.87,,,,,,3.66,,17.01,4.37,,8.48,12.78,20.12,,,12.39,,8.19,13.59,1.08,23.94,3.08,,,5.99,0.95,,
8/5/2015,7.66,5.13,31.1,8.78,,9.81,4.02,7.88,,,,,,3.69,,17,4.38,,8.54,12.78,20.22,,,12.4,,8.2,13.59,1.08,23.95,3.09,,,6.03,1.41,,
9/5/2015,7.67,5.15,31.12,8.78,,9.26,3.44,7.88,,,,,,3.59,,17,4.39,,8.54,12.74,20.22,,,12.42,,8.2,13.59,1.08,24.06,3.01,,,6.06,1.46,,
10/5/2015,7.68,5.07,31.3,8.83,,8.98,3.28,7.9,,,,,,3.48,,17,4.41,,8.56,12.73,20.24,,,12.42,,8.21,13.6,1.08,24.06,2.95,,,6.13,1.51,,
11/5/2015,7.67,5.18,31.29,8.9,,8.94,3.25,7.92,,,,,,3.47,,17,4.43,,8.63,12.72,20.31,,,12.44,,8.22,13.61,1.08,24.08,3.02,,,6.18,1.57,,
12/5/2015,7.67,5.19,31.07,8.92,,9.73,4.69,7.92,,,,,,3.56,,17,4.44,,8.71,12.74,20.52,,,12.48,,8.22,13.61,1.08,24.13,3.22,,,6.22,1.56,,
13/5/2015,7.69,5.15,30.81,8.93,,9.93,4.83,7.91,,,,,,3.56,,16.96,4.45,,8.77,12.76,20.45,,,12.51,,8.22,13.59,1.08,24.11,3.3,,,6.25,1.61,,
14/5/2015,7.69,5.14,30.76,8.97,,10.08,5.49,7.9,,,,,,3.65,,16.93,4.44,,8.76,12.77,20.43,,,12.56,,8.21,13.57,1.08,24.14,3.32,,,6.26,1.62,,
15/5/2015,7.69,5.07,31.44,8.99,,10.13,5.26,7.89,,,,,,3.69,,16.9,4.43,,8.77,12.77,20.4,,,12.49,,8.21,13.56,1.01,24.18,3.29,,,6.29,1.63,,
16/5/2015,7.68,5.02,31.25,9.01,,9.44,5.58,7.92,,,,,,3.55,,16.94,4.45,,8.77,12.78,20.42,,,12.45,,8.22,29.3,0.93,24.27,3.08,,,6.37,1.63,,
17/5/2015,7.66,5.03,31.08,9.01,,9.09,5.72,7.91,,,,,,3.44,,16.89,4.47,,8.77,12.71,20.48,,,12.45,,8.23,29.3,0.95,25.07,2.99,,,6.43,1.63,,
18/5/2015,7.64,5.16,31,9.04,,9.08,5.92,7.91,,,,,,3.42,,16.86,4.48,,8.78,12.69,20.46,,,12.51,,8.23,29.29,1.08,24.32,2.99,,,6.46,1.64,,
19/5/2015,7.63,5.17,30.86,9.13,,9.8,5.89,7.92,,,,,,3.6,,16.84,4.48,,8.81,12.66,20.52,,,12.58,,8.23,29.01,1.08,24.28,3.2,,,6.49,1.66,,
20/5/2015,7.64,5.2,30.73,9.16,,10.11,5.92,7.98,,,,,,3.75,,16.89,4.49,,8.85,12.66,20.58,,,12.55,,8.24,29,1.09,24.34,3.23,,,6.55,1.68,,
21/5/2015,7.64,5.18,30.64,9.18,,10.13,5.34,7.95,,,,,,3.71,,16.91,4.5,,8.86,12.67,20.59,,,12.51,,8.24,,1.09,24.33,3.26,,,6.62,1.67,,
22/5/2015,7.64,5.14,31.55,9.16,,10.02,4.85,7.88,,,,,,3.8,,16.84,4.52,,8.85,12.64,20.54,,,12.5,,8.18,,1.09,24.59,3.21,,,6.49,1.42,,
23/5/2015,7.61,5.17,31.49,9.11,,9.19,5.04,7.82,,,,,,3.58,,16.82,4.51,,8.84,12.61,20.6,,,12.54,,8.13,,1.09,24.23,3.08,,,6.24,1.36,,
24/5/2015,7.58,5.16,31.47,9.06,,8.88,5.69,7.81,,,,,,3.44,,16.8,4.53,,8.85,12.63,20.67,,,12.54,,8.14,,1.09,24.2,2.97,,,5.93,1.28,,
25/5/2015,7.56,5.14,31.53,9,,8.84,5.76,7.8,,,,,,3.42,,16.78,4.54,,8.85,12.63,20.69,,,,,8.18,,1.09,24.15,2.96,,,5.75,1.27,,
26/5/2015,7.55,5.13,31.19,8.96,,9.62,6.88,7.86,,,,,,3.6,,16.75,4.54,,8.92,12.64,20.7,,,,,8.19,,1.09,24.18,3.06,,,5.7,1.31,,
27/5/2015,7.54,5.06,31.05,8.93,,9.78,7.08,7.84,,,,,,3.56,,16.78,4.55,,8.95,12.67,20.76,,,,,8.16,,1.09,24.21,3.08,,,5.62,1.29,,
28/5/2015,7.55,5.03,30.96,8.9,,9.85,6.8,7.85,,,,,,3.66,,16.8,4.57,,9.02,12.69,20.83,,,,,8.19,,1.09,24.23,3.17,,,5.57,1.24,,
29/5/2015,7.57,5.15,30.85,8.87,,9.85,7.72,7.84,,,,,,3.78,,16.76,4.57,,9.05,12.71,20.92,,,,,8.2,,1.09,24.3,3.23,,,5.5,1.31,,
30/5/2015,7.58,5.15,30.84,8.86,,9.2,7.74,7.84,,,,,,3.58,,16.74,4.58,,9.1,12.74,21.19,,,,,8.2,,1.09,24.42,3.28,,,5.49,1.27,,
31/5/2015,7.59,5.17,30.69,8.86,,8.88,8.11,7.85,,,,,,3.46,,16.76,4.59,,9.11,12.78,21.14,,,,,8.2,,1.09,24.43,3.33,,,5.49,1.4,,
1/6/2015,7.55,5.16,31.65,8.85,,8.86,7.61,7.86,,,,,,3.43,,16.75,4.61,,9.18,12.82,21.15,,,,,8.2,,1.09,24.79,3.35,,,5.5,1.49,,
2/6/2015,7.54,5.17,32.28,8.86,,8.85,6.82,7.86,,,,,,3.44,,16.76,4.62,,9.41,12.86,21.19,,,,,8.21,,1.1,24.59,3.42,,,5.51,1.45,,
3/6/2015,7.54,5.18,31.63,8.9,,8.82,6.14,7.87,,,,,,3.42,,16.76,4.64,,9.54,12.9,21.47,,,,,8.22,,1.1,24.83,3.49,,,5.54,1.48,,
4/6/2015,7.55,5.19,31.32,8.97,,9.63,5.97,7.88,,,,,,3.57,,16.77,4.65,,10.23,12.94,21.86,,,,,8.22,,1.1,25.21,3.86,,,5.57,1.59,,
5/6/2015,7.57,5.21,31.1,9.02,,9.85,5.77,7.89,,,,,,3.72,,16.81,4.67,,12.21,13,21.99,,,,,8.22,,1.1,25.69,4.08,,,5.61,1.48,,
6/6/2015,7.61,5.21,30.98,9.07,,9.58,5.7,7.93,,,,,,3.58,,16.9,4.68,,10.93,13.06,22.74,,,,,8.23,,1.1,25.63,4.14,,,5.65,1.51,,
7/6/2015,7.6,5.23,30.82,9.16,,9.17,5.6,7.97,,,,,,3.48,,16.97,4.7,,10.45,13.13,22.84,,,,,8.24,,1.1,25.8,4.14,,,5.69,1.47,,
8/6/2015,7.59,5.24,30.78,9.19,,9.14,5.49,7.99,,,,,,3.46,,16.92,4.71,,10.35,13.17,22.76,,,,,8.24,,1.1,25.46,4.19,,,5.72,1.51,,
9/6/2015,7.6,5.24,31.23,9.22,,9.89,5.53,8.03,,,,,,3.6,,16.92,4.71,,10.2,13.21,22.85,,,,,8.24,,1.1,25.33,4.36,,,5.75,1.46,,
10/6/2015,7.61,5.29,30.98,9.3,,10.18,5.53,8.03,,,,,,3.67,,16.92,4.71,,10.36,13.24,23.04,,,,,8.27,,1.1,25.67,4.43,,,5.8,1.51,,
11/6/2015,7.61,5.28,30.74,9.37,,10.31,5.69,8.09,,,,,,3.68,,16.88,4.74,,12.84,13.26,22.83,,,,,8.29,,1.1,25.24,4.42,,,5.85,1.51,,
12/6/2015,7.64,5.28,30.66,9.4,,10.42,5.69,8.09,,,,,,3.69,,16.9,4.75,,13.64,13.29,23.23,,,,,8.3,,1.1,25.44,4.52,,,5.89,1.51,,
13/6/2015,7.64,5.3,30.65,9.4,,9.97,5.65,8.12,,,,,,3.64,,16.92,4.76,,12.04,13.31,22.95,,,,,8.32,,1.1,25.23,4.43,,,5.94,1.5,,
14/6/2015,7.61,5.27,30.68,9.44,,9.58,5.46,8.15,,,,,,3.51,,16.86,4.76,,10.73,13.34,22.87,,,,,8.32,,1.1,25.13,4.36,,,5.98,1.59,,
15/6/2015,7.59,5.32,30.74,9.53,,9.61,5.53,8.21,,,,,,3.49,,16.87,4.77,,10.6,13.3,23.17,,,,,8.34,,1.1,25.08,4.37,,,6.03,1.58,,
16/6/2015,7.59,5.22,30.7,9.55,,10.38,5.61,8.22,,,,,,3.66,,16.92,4.75,,10.57,13.26,23.16,,,,,8.36,,1.1,25.44,4.59,,,6.09,1.48,,
17/6/2015,7.58,5.2,30.58,9.56,,10.52,5.33,8.23,,,,,,3.69,,16.91,4.79,,10.2,13.22,23.05,,,,,8.37,,1.1,25.06,4.45,,,6.13,1.53,,
18/6/2015,7.59,5.34,30.47,9.57,,10.61,5.5,8.25,,,,,,3.79,,16.9,4.8,,10.15,13.18,23.24,,,,,8.37,,1.11,25.11,4.36,,,6.18,1.44,,
19/6/2015,7.59,5.23,30.52,9.58,,10.73,5.36,8.26,,,,,,3.75,,16.87,4.81,,10.18,13.16,23.82,,,,,8.37,,1.11,25.08,4.35,,,6.2,1.48,,
20/6/2015,7.6,5.25,30.61,9.61,,9.98,5.26,8.28,,,,,,3.66,,16.87,4.81,,10.4,13.18,24.05,,,,,8.37,,1.11,25.06,4.22,,,6.27,1.56,,
21/6/2015,7.58,5.35,30.4,9.61,,9.64,5.38,8.31,,,,,,3.54,,16.82,4.83,,10.3,13.21,24.36,,,,,8.37,,1.11,25.74,4.09,,,6.33,1.5,,
22/6/2015,7.57,5.32,30.3,9.53,,9.64,5.41,8.43,,,,,,3.52,,16.81,4.84,,10.23,13.26,24.7,,,,,8.36,,1.11,25.14,4.1,,,6.38,1.56,,
23/6/2015,7.57,5.32,30.08,9.5,,10.48,5.36,8.41,,,,,,3.62,,16.84,4.76,,10.17,13.31,24.59,,,,,8.36,,1.11,24.93,4.24,,,6.41,1.6,,
24/6/2015,7.59,5.31,30.16,9.52,,10.68,5.2,8.45,,,,,,3.63,,16.9,4.71,,10.14,13.38,24.86,,,,,8.34,,1.02,24.97,4.25,,,6.49,1.75,,
25/6/2015,7.6,5.38,30.14,9.49,,10.73,5.31,8.44,,,,,,3.71,,16.87,4.86,,10.29,13.43,25.17,,,,,8.35,,1.11,25,4.24,,,6.55,1.63,,
26/6/2015,7.61,5.37,30.14,9.48,,10.76,4.86,8.47,,,,,,3.7,,16.83,4.86,,10.87,13.48,24.95,,,,,8.37,,1.11,25.1,4.21,,,6.59,1.72,,
27/6/2015,7.59,5.37,30.35,9.5,,10.32,4.45,8.48,,,,,,3.63,,16.82,4.87,,11.65,13.54,25.75,,,,,8.38,,1.11,25.45,4.14,,,6.64,1.72,,
28/6/2015,7.58,5.39,30.51,9.58,,10.04,4.25,8.52,,,,,,3.53,,16.81,4.88,,11.6,13.6,26.6,,,,,8.39,,1.11,25.14,4.17,,,6.69,2.17,,
29/6/2015,7.57,5.42,30.9,9.65,,10.04,4.32,8.58,,,,,,3.52,,16.8,4.89,,11.63,13.64,26.49,,,,,8.39,,1.11,25.29,4.31,,,6.77,1.93,,
30/6/2015,7.6,5.43,31.1,9.68,,10.87,4.82,8.58,,,,,,3.67,,16.86,4.9,,14.64,13.7,26.65,,,,,8.4,,1.11,25.77,4.46,,,6.82,1.84,,
1/7/2015,7.64,5.45,30.79,9.73,,11.22,5.23,8.7,,,,,,3.75,,16.86,5.03,,15.13,13.76,27.04,,,,,8.43,,1.11,25.79,4.5,,,6.89,1.82,,
2/7/2015,7.66,5.48,30.74,9.79,,11.3,5.26,8.72,,,,,,3.77,,16.92,4.98,,15.32,13.84,27.5,,,,,8.45,,1.12,25.9,4.59,,,6.96,2.08,,
3/7/2015,7.7,5.5,31.91,9.88,,11.47,5.41,8.84,,,,,,3.79,,16.97,4.98,,15.63,13.9,28.18,,,,,8.47,,1.12,26.66,4.7,,,7.03,2.33,,
4/7/2015,7.74,5.5,31.52,9.96,,11.03,5.6,8.87,,,,,,3.71,,16.99,4.98,,15.79,13.98,28.42,,,,,8.49,,1.12,27.21,4.74,,,7.12,2.41,,
5/7/2015,7.73,5.51,31.6,10.05,,10.73,5.83,8.91,,,,,,3.59,,16.98,4.98,,15.32,13.99,28.37,,,,,8.51,,1.12,26.82,4.89,,,7.18,2.54,,
6/7/2015,7.77,5.53,31.46,10.11,,10.8,5.92,8.91,,,,,,3.57,,17.01,4.99,,15.23,13.99,28.26,,,,,8.53,,1.12,27.5,4.97,,,7.26,2.45,,
7/7/2015,7.78,5.53,31.5,10.18,,11.6,5.95,9.42,,,,,,3.71,,17.17,5,,16.39,14.02,28.92,,,,,8.56,,1.12,27.42,5.25,,,7.35,2.66,,
8/7/2015,7.77,5.52,31.62,10.27,,11.96,6.1,9.34,,,,,,3.76,,17.17,5,,16.77,14.08,28.88,,,,,8.57,,1.12,27.38,5.35,,,7.43,2.72,,
9/7/2015,7.8,5.55,32.22,10.36,,12.36,6.66,9.33,,,,,,3.78,,17.18,5.01,,16.77,14.1,28.88,,,,,8.59,,1.12,27.25,5.39,,,7.51,2.73,,
10/7/2015,7.83,5.61,32.1,10.47,,12.54,6.32,9.32,,,,,,3.8,,17.23,5.03,,16.75,14.14,28.98,,,,,8.64,,1.12,27.54,5.39,,,7.62,2.7,,
11/7/2015,7.83,5.64,31.83,10.52,,12.37,6.88,9.28,,,,,,3.74,,17.24,5.05,,16.06,14.19,29.1,,,,,8.66,,1.12,27.73,5.34,,,7.72,2.73,,
12/7/2015,7.79,5.57,31.84,10.57,,12.02,8.05,9.27,,,,,,3.62,,17.23,5.08,,14.27,14.23,29.37,,,,,8.68,,1.12,27.64,5.32,,,7.82,2.71,,
13/7/2015,7.82,5.62,31.83,10.6,,12,7.82,9.35,,,,,,3.61,,17.24,5.08,,13.92,14.28,29.04,,,,,8.69,,1.12,27.7,5.42,,,7.91,2.72,,
14/7/2015,7.8,5.65,32.08,10.67,,12.74,8.99,9.39,,,,,,3.81,,17.36,5.09,,15.17,14.32,29.48,,,,,8.73,,1.12,27.95,5.54,,,8.03,2.81,,
15/7/2015,7.8,5.68,31.84,10.71,,12.91,8.7,9.35,,,,,,3.89,,17.45,5.1,,16.41,14.36,29.48,,,,,8.75,,1.12,28.74,5.51,,,8.16,2.9,,
16/7/2015,7.82,5.63,31.82,10.74,,12.97,9.19,9.35,,,,,,3.9,,17.51,5.12,,16.23,14.41,29.73,,,,,8.77,,1.12,28.2,5.61,,,8.3,2.95,,
17/7/2015,7.84,5.69,31.83,10.79,,12.97,9.71,9.47,,,,,,3.99,,17.51,5.14,,15.93,14.48,30.49,,,,,8.8,,1.12,28.16,5.79,,,8.43,2.97,,
18/7/2015,7.86,5.67,31.96,10.84,,12.42,9.11,9.47,,,,,,3.91,,17.65,5.15,,14.84,14.52,30.49,,,,,8.82,,1.13,28.63,5.77,,,8.56,3.03,,
19/7/2015,7.89,5.67,32.19,10.93,,12.17,8.85,9.51,,,,,,3.76,,17.63,5.17,,13.98,14.57,30.5,,,,,8.84,,1.13,28.59,5.66,,,8.69,3.01,,
20/7/2015,7.89,5.75,32.14,11.03,,12.17,9.01,9.63,,,,,,3.74,,17.56,5.18,,14.16,14.61,30.34,,,,,8.85,,1.13,28.59,5.74,,,8.81,2.93,,
21/7/2015,7.89,5.76,32.38,11.08,,12.98,9.5,9.66,,,,,,4.35,,17.81,5.19,,17.98,14.67,30.62,,,,,8.89,,1.13,28.7,6.05,,,8.96,3.1,,
22/7/2015,7.91,5.79,32.23,11.13,,13.23,9.53,9.66,,,,,,4.6,,17.94,5.21,,18.13,14.73,30.14,,,,,8.9,,1.13,28.37,6.13,,,9.11,2.98,,
23/7/2015,7.93,5.8,32.16,11.13,,13.52,9.6,9.8,,,,,,4.32,,17.87,5.23,,17.82,14.78,30.18,,,,,8.92,,1.13,28.83,6.24,,,9.27,3.03,,
24/7/2015,7.92,5.82,32.18,11.15,,13.63,14.91,9.87,,,,,,4.26,,18,5.24,,17.32,14.82,30.02,,,,,8.95,,1.13,28.63,6.33,,,9.41,3.14,,
25/7/2015,7.89,5.82,32.44,11.17,,12.86,10.95,9.87,,,,,,4.1,,17.99,5.25,,16.99,14.85,29.77,,,,,8.95,,1.13,27.98,6.22,,,9.58,3.12,,
26/7/2015,7.89,5.84,32.41,11.2,,12.45,9.85,10,,,,,,3.94,,17.99,5.31,,16.86,14.87,29.62,,,,,8.98,,1.13,27.96,5.96,,,9.74,3.09,,
27/7/2015,7.93,5.83,33.19,11.26,,12.48,9.46,10.15,,,,,,3.92,,17.98,5.3,,16.81,14.87,29.69,,,,,8.99,,1.13,28.05,5.9,,,9.9,3.15,,
28/7/2015,7.97,5.86,33.15,11.26,,13.46,10.06,10.58,,,,,,4.05,,18.1,5.31,,16.81,14.91,30.38,,,,,9.01,,1.13,28.46,5.88,,,10.05,2.99,,
29/7/2015,7.97,5.87,33,11.26,,13.79,10.83,10.9,,,,,,4.8,,18.12,5.32,,16.99,14.95,30.54,,,,,9.03,,1.13,28.35,5.93,,,10.22,2.74,,
30/7/2015,7.96,5.9,32.89,11.29,,14,10.57,11.2,,,,,,4.48,,18.21,5.33,,17.04,15,30.03,,,,,9.06,,1.13,28.44,5.94,,,10.39,2.82,,
31/7/2015,7.99,5.92,33.08,11.33,,14.02,10.1,11.26,,,,,,4.39,,18.17,5.34,,16.21,15.03,29.36,,,,,9.08,,1.13,28.85,5.9,,,10.56,3.13,,
1/8/2015,7.95,5.91,33.83,11.37,,13.3,8.7,11.37,,,,,,4.11,,18.13,5.36,,14.6,15.05,29.25,,,,,9.11,,1.13,28.88,5.82,,,10.75,2.9,,
2/8/2015,7.92,5.91,33.63,11.41,,12.54,8.31,11.5,,,,,,3.97,,18.1,5.37,,13.91,15.06,29.13,,,,,9.11,,1.14,28.88,5.64,,,10.94,2.8,,
3/8/2015,7.91,5.95,33.45,11.34,,12.52,8.25,11.5,,,,,,3.94,,18.04,5.38,,13.65,15.09,29.17,,,,,9.12,,1.14,28.91,5.66,,,11.06,2.69,,
4/8/2015,7.93,5.95,33.46,11.3,,12.63,8.71,11.5,,,,,,4.06,,18.09,5.39,,13.59,15.13,29.25,,,,,9.14,,1.14,28.96,5.74,,,11.2,2.9,,
5/8/2015,7.95,5.98,33.36,11.24,,12.77,9.17,11.52,,,,,,,,18.09,5.4,,15.71,15.17,29.52,,,,,9.15,,1.14,28.75,5.96,,,11.35,3.24,,
6/8/2015,7.93,6,33.19,11.23,,12.81,9.09,11.81,,,,,,4.89,,18.13,5.41,,16.4,15.18,29.55,,,,,9.15,,1.14,28.7,5.99,,,11.52,3.25,,
7/8/2015,7.92,6.01,33.62,11.24,,12.98,9.29,11.9,,,,,,4.59,,18.16,5.42,,14.55,15.2,29.66,,,,,9.16,,1.14,28.73,6.08,,,11.67,3.27,,
8/8/2015,7.95,6.03,33.65,11.25,,12.72,9.15,11.93,,,,,,4.37,,18.15,5.44,,14.05,15.23,29.63,,,,,9.18,,1.14,28.95,5.99,,,11.83,3.29,,
9/8/2015,7.97,6.02,33.52,11.31,,12.52,9.33,11.93,,,,,,4.15,,18.2,5.45,,13.79,15.26,29.15,,,,,9.19,,1.14,28.55,5.79,,,12.01,3.35,,
10/8/2015,7.92,5.94,33.68,11.37,,12.5,8.89,11.93,,,,,,4.03,,17.97,5.36,,13.47,15.24,28.84,,,,,9.21,,1.14,28.39,5.71,,,12.17,3.02,,
11/8/2015,7.9,5.93,33.8,11.25,,12.02,8.73,11.93,,,,,,4,,17.88,5.36,,13.27,15.19,28.7,,,,,9.2,,1.14,28.42,5.59,,,12.32,2.77,,
12/8/2015,7.88,6.06,33.64,11.16,,11.81,8.83,11.93,,,,,,5.27,,17.82,5.46,,13.11,15.16,28.65,,,,,9.2,,1.14,28.41,5.69,,,12.46,2.99,,
13/8/2015,7.86,6.05,33.48,11.12,,11.77,8.84,12.04,,,,,,4.53,,17.77,5.47,,12.98,15.13,28.53,,,,,9.21,,1.14,28.35,5.7,,,12.62,3.32,,
14/8/2015,7.85,6.05,33.53,11.09,,11.79,9.91,12.04,,,,,,4.26,,17.8,5.42,,12.85,15.12,28.45,,,,,9.21,,1.14,28.62,5.7,,,12.75,3.35,,
15/8/2015,7.83,5.98,33.69,11.09,,11.4,8.62,12.03,,,,,,4.11,,17.75,5.47,,12.72,15.1,28.36,,,,,9.22,,1.14,28.33,5.51,,,12.9,3.53,,
16/8/2015,7.83,5.98,34.1,11.06,,11.24,7.97,12,,,,,,4,,17.72,5.36,,12.61,15.08,28.31,,,,,9.21,,1.14,28.15,5.34,,,13.03,3.23,,
17/8/2015,7.82,6.06,33.86,10.91,,11.17,7.73,11.99,,,,,,3.97,,17.74,5.4,,12.52,15.03,28.31,,,,,9.21,,1.15,28.17,5.38,,,13.14,2.98,,
18/8/2015,7.82,6.09,34.05,10.79,,11.15,7.51,11.99,,,,,,4.28,,17.83,5.49,,12.49,15,28.24,,,,,9.21,,1.15,28.13,5.48,,,13.25,3.33,,
19/8/2015,7.82,6.07,33.89,10.72,,11.08,7.83,12,,,,,,4.09,,17.89,5.43,,12.4,14.97,28.28,,,,,9.23,,1.15,28.08,5.42,,,13.37,3.23,,
20/8/2015,7.83,6.13,33.88,10.68,,11.04,7.59,12.01,,,,,,3.98,,17.86,5.48,,12.34,14.95,28.29,,,,,9.24,,1.15,28.05,5.34,,,13.48,3.14,,
21/8/2015,7.87,6.15,33.99,10.69,,11.23,7.71,12.04,,,,,,3.91,,17.86,5.49,,12.29,14.93,28.38,,,,,9.26,,1.15,28.05,5.32,,,13.59,3.21,,
22/8/2015,7.87,6.15,34.22,10.7,,11.15,7.72,12.06,,,,,,3.87,,17.86,5.49,,12.24,14.92,28.35,,,,,9.28,,1.15,28.07,5.28,,,13.68,2.94,,
23/8/2015,7.86,6.14,34.31,10.77,,11.07,7.78,12.06,,,,,,3.85,,17.83,5.48,,12.18,14.92,28.3,,,,,9.29,,1.15,28.05,5.27,,,13.78,3.04,,
24/8/2015,7.84,6.14,34.43,10.77,,11.02,7.55,12.14,,,,,,3.84,,17.8,5.47,,12.11,14.92,28.28,,,,,9.29,,1.15,28.02,5.23,,,13.87,2.9,,
25/8/2015,7.84,6.15,34.29,10.72,,11.33,7.59,12.13,,,,,,3.94,,17.79,5.47,,12.06,14.9,28.27,,,,,9.28,,1.15,28.02,5.19,,,13.98,2.87,,
26/8/2015,7.85,6.21,34.41,10.69,,11.45,7.65,12.14,,,,,,,,17.79,5.48,,12,14.81,28.22,,,,,9.29,,1.15,28.05,5.23,,,14.07,3.13,,
27/8/2015,7.86,6.21,34.24,10.7,,11.61,7.72,12.18,,,,,,4.78,,17.8,5.5,,11.97,14.74,28.18,,,,,9.29,,1.15,28.08,5.26,,,14.17,3.28,,
28/8/2015,7.88,6.22,34.29,10.73,,11.74,7.64,12.2,,,,,,4.55,,17.86,5.5,,11.94,14.7,28.29,,,,,9.29,,1.15,28.16,5.37,,,14.26,3.32,,
29/8/2015,7.92,6.24,34.51,10.74,,11.6,8.06,12.29,,,,,,4.3,,17.9,5.51,,11.91,14.66,28.27,,,,,9.3,,1.15,28.43,5.39,,,14.35,3.27,,
30/8/2015,7.93,6.24,34.35,10.79,,11.37,,12.35,,,,,,4.13,,17.94,5.52,,11.87,14.64,28.24,,,,,9.31,,1.16,28.1,5.27,,,14.46,3,,
31/8/2015,7.93,6.24,34.54,10.84,,11.32,,12.41,,,,,,4.09,,17.93,5.52,,11.83,14.63,28.2,,,,,9.32,,1.16,28.1,5.31,,,14.56,2.99,,
1/9/2015,7.93,6.24,34.54,10.85,,11.97,,12.49,,,,,,4.92,,17.9,5.52,,11.81,14.61,28.18,,,,,9.32,,1.16,28.1,5.55,,,14.65,3.19,,
2/9/2015,7.94,6.26,34.66,10.88,,12.21,,12.51,,,,,,4.6,,17.89,5.52,,11.8,14.59,28.19,,,,,9.33,,1.16,28.01,5.46,,,14.76,3.07,,
3/9/2015,7.95,6.27,34.6,10.88,,12.48,,12.56,,,,,,4.47,,17.9,5.53,,11.77,14.58,28.19,,,,,9.35,,1.16,28.07,5.53,,,14.86,3.13,,
4/9/2015,7.94,6.27,34.56,10.85,,12.47,,12.65,,,,,,4.38,,17.91,5.53,,11.73,14.59,28.26,,,,,9.36,,1.16,28.03,5.58,,,14.96,2.98,,
5/9/2015,7.93,6.27,34.56,10.84,,12.24,,12.69,,,,,,4.59,,17.96,5.53,,11.67,14.58,28.33,,,,,9.36,,1.16,28.18,5.48,,,15.04,2.8,,
6/9/2015,7.93,6.32,34.82,10.88,,12.03,,12.77,,,,,,4.28,,18.02,5.54,,11.64,14.59,28.4,,,,,9.37,,1.16,28.08,5.34,,,15.12,2.82,,
7/9/2015,7.93,6.33,34.69,10.94,,11.99,,12.83,,,,,,4.25,,18.05,5.55,,11.61,14.6,28.34,,,,,9.39,,1.16,28.19,5.34,,,15.19,2.78,,
8/9/2015,7.93,6.33,35.07,10.96,,12.46,,12.85,,,,,,4.31,,18.1,5.57,,11.59,14.62,28.33,,,,,9.38,,1.16,28.28,5.46,,,15.27,2.76,,
9/9/2015,7.93,6.32,35.12,10.99,,12.68,,12.94,,,,,,4.3,,18.02,5.57,,11.58,14.65,28.33,,,,,9.4,,1.16,28.52,5.53,,,15.35,3,,
10/9/2015,7.93,6.34,35.1,11.02,,13.02,,12.98,,,,,,5.02,,18.04,5.57,,11.55,14.67,28.35,,,,,9.4,,1.16,28.26,5.5,,,15.44,2.9,,
11/9/2015,7.95,6.37,35.28,11.01,,13.11,,13.01,,,,,,4.76,,18.05,5.57,,11.55,14.71,28.38,,,,,9.41,,1.16,28.27,5.54,,,15.52,3.1,,
12/9/2015,7.95,6.4,35.51,11,,12.46,,13.09,,,,,,4.38,,18.07,5.58,38.35,11.53,14.73,28.4,,,,,9.41,,1.17,28.29,5.41,,,15.61,3,,
13/9/2015,7.93,6.39,35.71,11,,12.11,,13.1,,,,,,4.17,,18.02,5.58,38.35,11.46,14.75,28.4,,,,,9.39,,1.17,28.27,5.24,,,15.71,2.91,,
14/9/2015,7.92,6.34,35.83,10.95,,12.05,,13.07,,,,,,4.14,,17.98,5.57,,11.38,14.62,28.38,,,,,9.37,,1.17,28.52,5.25,,,15.78,2.72,,
15/9/2015,7.92,6.38,35.78,10.87,,12.46,,13.06,,,,,,4.2,,18.05,5.58,,11.35,14.53,,,,,,9.37,,1.17,28.34,5.37,,,15.87,2.78,,
16/9/2015,7.92,6.4,36,10.78,,12.55,,13.06,,,,,,4.2,,18.05,5.57,,11.33,14.47,,,,,,9.36,,1.17,28.22,5.39,,,15.95,2.69,,
17/9/2015,7.92,6.41,36.03,10.72,,12.58,,13.06,,,,,,4.22,,18.07,5.59,,11.32,14.44,,,,,,9.36,,1.17,28.51,5.36,,,16.04,2.8,,
18/9/2015,7.94,6.45,36.29,10.66,,12.63,,13.09,,,,,,4.2,,18.1,5.59,38.35,11.31,14.4,,,,,,9.39,,1.17,28.26,5.37,,,16.12,2.72,,
19/9/2015,7.96,6.45,36.66,10.61,,12.26,,13.13,,,,,,,,18.15,5.6,38.35,11.3,14.33,,,,,,9.4,,1.17,28.2,5.24,,,16.22,2.85,,
20/9/2015,7.97,6.45,36.85,10.54,,11.88,,13.15,,,,,,,,18.11,5.57,38.35,11.29,14.29,,,,,,9.39,,1.16,28.27,5.13,,,16.31,2.65,,
21/9/2015,7.97,6.45,37.19,10.46,,11.84,,13.18,,,,,,4.92,,18.11,5.6,,11.29,14.25,,,,,,9.4,,1.17,28.23,5.17,,,16.39,2.6,,
22/9/2015,8,6.45,37.13,10.4,,12.55,,13.17,,,,,,4.73,,18.09,5.59,,11.26,14.21,,,,,,9.39,,1.17,28.23,5.24,,,16.48,2.72,,
23/9/2015,8.02,6.43,37.15,10.36,,12.77,,13.17,,,,,,4.59,,18.09,5.58,,11.25,14.2,,,,,,9.38,,1.17,28.22,5.28,,,16.55,2.62,,
24/9/2015,8.01,6.5,37.11,10.33,,12.81,,13.19,,,,,,4.51,,18.14,5.6,38.35,11.27,14.17,,,,,,9.37,,1.17,28.54,5.3,,,16.63,2.59,,
25/9/2015,8.01,6.51,37.26,10.29,,12.79,,13.19,,,,,,4.38,,18.11,5.61,38.35,11.26,14.16,,,,,,9.37,,1.18,28.25,5.3,,,16.68,2.47,,
26/9/2015,8.01,6.52,37.14,10.27,,12.16,,13.2,,,,,,4.23,,18.13,5.62,38.4,11.26,14.15,,,,,,9.37,,1.18,28.53,5.21,,,16.76,2.4,,
27/9/2015,8,6.54,37.25,10.24,,11.75,,13.21,,,,,,4.11,,18.14,5.63,38.51,11.26,14.15,,,,,,9.37,,1.18,28.54,5.1,,,16.83,2.19,,
28/9/2015,8,6.53,37.32,10.22,,11.7,,13.23,,,,,,4.09,,18.16,5.64,38.4,11.26,14.14,,,,,,9.37,,1.18,28.58,5.09,,,16.9,2.17,,
29/9/2015,8.01,6.56,37.31,10.2,,12.39,,13.31,,,,,,4.2,,18.17,5.65,38.38,11.26,14.14,,,,,,9.37,,1.18,28.47,5.22,,,16.96,2.14,,
30/9/2015,8.02,6.53,37.3,10.21,,12.55,,13.36,,,,,,,,18.18,5.66,38.47,11.26,14.15,,,,,,9.36,,1.18,28.59,5.27,,,17.01,2.2,,
1/10/2015,8.03,6.54,37.55,10.2,,12.64,,13.36,,,,,,5.24,,18.2,5.66,38.41,11.19,14.08,,,,,,9.34,,1.18,28.5,5.25,,,17.07,2.16,,
2/10/2015,8.02,6.55,37.38,10.14,,12.63,,13.34,,,,,,4.84,,18.15,5.66,38.36,11.17,14.07,,,,,,9.31,,1.18,28.22,5.18,,,17.13,2.1,,
3/10/2015,8.02,6.56,37.57,10.1,,12.01,,13.33,,,,,,4.46,,18.03,5.66,38.35,11.15,14.08,,,,,,9.3,,1.18,28.56,5.03,,,17.18,2.06,,
4/10/2015,8,6.55,37.74,10.05,,11.59,,13.32,,,,,,4.24,,18,5.65,38.35,11.13,14.03,,,,,,9.29,,1.18,28.55,4.94,,,17.23,2.01,,
5/10/2015,7.99,6.6,37.79,10,,11.56,,13.31,,,,,,4.22,,18,5.65,,11.13,13.95,,,,,,9.28,,1.19,28.28,4.93,,,17.27,1.97,,
6/10/2015,7.99,6.65,37.55,9.96,,12.24,,13.29,,,,,,4.24,,18,5.62,38.35,11.1,13.9,,,,,,9.26,,1.19,28.58,5.05,,,17.32,1.91,,
7/10/2015,7.99,6.7,37.71,9.93,,12.38,,13.29,,,,,,4.22,,18,5.63,38.35,11.09,13.89,,,,,,9.26,,1.19,28.3,5.1,,,17.36,1.91,,
8/10/2015,8,6.7,37.47,9.91,,12.52,,13.3,,,,,,4.21,,18.04,5.64,38.35,11.1,13.87,,,,,,9.26,,1.19,28.3,5.1,,,17.4,1.88,,
9/10/2015,8.02,6.68,37.41,9.88,,12.59,,13.31,,,,,,4.21,,18.05,5.64,38.36,11.11,13.86,,,,,,9.25,,1.19,28.31,5.14,,,17.44,2.08,,
10/10/2015,8.01,6.72,37.25,9.81,,11.98,,13.29,,,,,,4.05,,18.02,5.64,38.35,11.09,13.84,,,,,,9.22,,1.19,28.2,4.99,,,17.46,1.85,,
11/10/2015,8,6.76,37.15,9.8,,11.59,,13.28,,,,,,3.96,,18.01,5.63,38.39,11.09,13.83,,,,,,9.22,,1.19,28.35,4.91,,,17.45,1.76,,
12/10/2015,8,6.75,37.16,9.78,,11.57,,13.3,,,,,,,,18.05,5.64,38.35,11.11,13.84,,,,,,9.22,,1.19,28.4,4.91,,,17.47,1.71,,
13/10/2015,7.99,6.78,36.94,9.7,,12.19,,13.28,,,,,,,,18.06,5.64,38.35,11.1,13.85,,,,,,9.18,,1.19,28.41,5.01,,,17.49,1.71,,
14/10/2015,7.98,6.81,36.85,9.66,,12.35,,13.26,,,,,,4.99,,18.03,5.62,38.35,11.12,13.85,,,,,,9.16,,1.19,28.38,5.02,,,17.5,1.66,,
15/10/2015,7.98,6.81,36.77,9.65,,12.37,,13.26,,,,,,4.71,20.87,18.04,5.62,38.3,11.09,13.85,,,,,,9.15,,1.1,28.81,5.02,,,17.51,1.64,,
16/10/2015,7.99,6.76,37,9.64,,12.48,,13.27,,,,,,4.6,20.84,18.85,5.64,38.19,11.13,13.85,,,,,,9.15,,1.09,28.47,5.02,,,17.51,1.74,,
17/10/2015,8.01,6.74,37.06,9.63,,11.9,,13.31,,,,,,4.31,20.76,18.88,5.65,38.19,11.13,13.82,,,,,,9.16,,1.13,28.52,4.93,,,17.51,1.68,,
18/10/2015,7.99,6.76,37.19,9.59,,11.52,,13.34,,,,,,4.14,20.69,18.86,5.66,38.3,11.11,13.81,,,,,,9.15,,1.22,28.46,4.83,,,17.52,1.68,,
19/10/2015,7.99,6.79,37.19,9.57,,11.51,,13.33,,,,,,4.13,20.65,18.85,5.65,38.19,11.11,13.81,,,,,,9.14,,1.2,28.43,4.85,,,17.5,1.61,,
20/10/2015,7.99,6.78,37.3,9.55,,12.14,,13.34,,,,,,4.19,20.81,18.88,5.65,38.19,11.12,13.82,,,,,,9.14,,1.2,28.44,4.95,,,17.49,1.59,,
21/10/2015,8,6.77,37.53,9.53,,12.28,,13.35,,,,,,4.19,20.87,18.89,5.66,38.26,11.12,13.83,,,,,,9.13,,1.2,27.76,4.98,,,17.48,1.66,,
22/10/2015,8.01,6.79,37.28,9.51,,12.38,,13.34,,,3.43,2.48,,4.14,20.85,18.88,5.66,38.19,11.12,13.85,,,,,,9.12,,1.21,28.42,5.02,,,17.47,1.63,,
23/10/2015,8.02,6.78,37.49,9.52,,12.42,,13.38,,,3.44,2.49,,,20.86,18.92,5.87,38.38,11.14,13.87,,,,,,9.13,,1.21,28.43,4.99,,,17.46,1.63,,
24/10/2015,8.01,6.76,37.65,9.5,,11.88,,13.43,,,3.44,2.5,,,20.8,18.93,5.89,38.32,11.14,13.9,,,,,,9.13,,1.21,28.47,4.89,,,17.46,1.62,,
25/10/2015,8.01,6.77,37.71,9.48,,11.55,,13.45,,,3.45,2.5,,,20.73,18.92,5.89,38.42,11.14,13.92,,,,,,9.12,,1.21,28.55,4.81,,,17.46,1.64,,
26/10/2015,8,6.7,37.89,9.46,,11.47,,13.46,,,3.46,2.51,,,20.72,18.92,5.89,38.29,11.14,13.94,,,,,,9.12,,1.21,28.49,4.78,,,17.45,1.59,,
27/10/2015,8,6.68,37.89,9.44,,12.15,,13.47,,,3.46,2.51,,,21.45,18.93,5.89,38.19,11.14,13.96,,,,,,9.13,,1.21,28.48,4.9,,,17.44,1.59,,
28/10/2015,7.99,6.68,37.94,9.41,,12.37,,13.46,,,3.46,2.5,,,21.56,18.92,5.87,38.37,11.12,13.97,,,,,,9.19,,1.22,28.5,4.92,,,17.43,1.58,,
29/10/2015,7.99,6.72,37.66,9.36,,12.44,,13.45,,,3.38,2.49,,,21.57,18.91,5.86,38.19,11.1,13.94,,,,,,9.23,,1.14,28.47,4.91,,,17.42,1.54,,
30/10/2015,8,6.7,37.71,9.39,,12.48,,13.04,,,3.34,2.45,,,21.69,18.95,5.87,38.34,11.11,13.93,,,,,,9.21,,1.09,28.5,4.92,,,17.41,1.57,,
31/10/2015,8.01,6.66,37.73,9.39,,11.95,,12.46,,,3.32,2.41,,,21.15,18.98,5.88,38.28,11.12,13.93,,,,,,9.17,,1.09,28.56,4.84,,,17.41,1.61,,
1/11/2015,8,6.64,37.7,9.39,,11.57,,12.16,,,3.46,2.39,,,21.01,18.99,5.9,38.54,11.14,13.94,,,,,,9.16,,1.15,28.57,4.76,,,17.4,1.6,,
2/11/2015,8,6.63,37.54,9.37,,11.54,,12.02,,,3.47,2.52,,,20.94,18.99,5.9,38.42,11.14,13.94,,,,,,9.17,,1.22,28.56,4.74,,,17.39,1.55,,
3/11/2015,8,6.67,37.54,9.35,,11.56,,11.86,,,3.47,2.51,,,21.57,18.98,5.9,38.19,11.14,13.95,,,,,,9.23,,1.22,28.43,4.84,,,17.37,1.61,,
4/11/2015,8,6.73,38.35,9.33,,12.14,,11.72,,,3.47,2.5,,,21.66,18.97,5.89,38.42,11.13,13.97,,,,,,9.29,,1.23,28.55,4.88,,,17.36,1.63,,
5/11/2015,8,6.75,37.95,9.31,,12.34,,11.63,,,3.47,2.5,,,21.72,18.96,5.88,38.19,11.14,13.99,,,,,,9.32,,1.23,28.63,4.89,,,17.35,1.68,,
6/11/2015,8,6.75,37.58,9.31,,12.44,,11.55,,,3.48,2.51,,,21.79,18.99,5.89,38.61,11.16,14.02,,,,,,9.29,,1.23,28.61,4.91,,,17.35,1.64,,
7/11/2015,8.01,6.73,37.28,9.31,,11.95,,11.48,,,3.49,2.53,,,21.25,19.02,5.89,38.34,11.18,14.04,,,,,,9.25,,1.23,28.61,4.83,,,17.35,1.67,,
8/11/2015,8,6.74,37.17,9.3,,11.59,,11.41,,,3.49,2.53,,,21.11,19.02,5.9,38.67,11.19,14.06,,,,,,9.23,,1.23,29.1,4.75,,,17.35,1.64,,
9/11/2015,8,6.76,37.46,9.28,,11.48,,11.34,,,3.5,2.53,,,21.04,19.01,5.9,38.6,11.19,14.07,,,,,,9.26,,1.23,28.63,4.73,,,17.35,1.62,,
10/11/2015,8,6.78,37.26,9.27,,12.17,,11.28,,,3.5,2.53,,,21.68,19.01,5.9,38.29,11.2,14.09,,,,,,9.27,,1.23,28.64,4.85,,,17.35,1.65,,
11/11/2015,8,6.76,37.24,9.26,,12.32,,11.23,,,3.51,2.53,,,21.81,19.03,5.9,38.51,11.2,14.11,,,,,,9.27,,1.23,28.62,4.88,,,17.35,1.64,,
12/11/2015,8.01,6.75,37.21,9.26,,12.42,,11.19,,,3.51,2.54,,,21.87,19.05,5.91,38.33,11.21,14.13,,,,,,9.24,,1.24,28.68,4.9,,,17.35,1.61,,
13/11/2015,8.03,6.77,36.91,9.25,,12.46,,11.16,,,3.52,2.55,,,21.9,19.07,5.91,38.6,11.23,14.15,,,,,,9.22,,1.23,28.6,4.9,13.6,,17.35,1.63,,
14/11/2015,8.02,6.76,36.86,9.24,,11.94,,11.12,,,3.52,2.55,,,21.37,19.07,5.91,38.52,11.23,14.16,,,,,,9.23,,1.23,28.6,4.79,13.59,,17.35,1.62,,
15/11/2015,8.01,6.75,36.84,9.22,,11.55,,11.07,,,3.53,2.54,,,21.17,19.05,5.91,38.61,11.22,14.17,,,,,,9.26,,1.23,28.59,4.7,13.6,,17.35,1.6,,
16/11/2015,8.01,6.76,36.89,9.21,,11.5,,11.03,,,3.53,2.54,,,21.12,19.05,5.91,38.42,11.23,14.19,,,,,,9.26,,1.23,28.62,4.71,13.61,,17.35,1.58,,
17/11/2015,8.02,6.78,36.74,9.2,,12.11,,11,,,3.53,2.55,,,21.76,19.08,5.91,38.28,11.24,14.21,,,,,,9.24,,1.23,28.73,4.84,13.64,,17.35,1.62,,
18/11/2015,8.03,6.78,36.53,9.19,,12.23,,10.98,,,3.54,2.55,,,21.84,19.09,5.91,38.51,11.25,14.23,,,,,,9.2,,1.24,28.67,4.87,13.65,,17.36,1.6,,
19/11/2015,8.03,6.79,36.5,9.18,,12.33,,10.95,,,3.54,2.56,,,21.93,19.1,5.92,38.37,11.27,14.25,,,,,,9.16,,1.24,28.66,4.89,13.67,8.16,17.37,1.61,,
20/11/2015,8.03,6.67,36.5,9.11,,12.39,,10.89,,,3.53,2.52,,,21.75,19.02,5.89,38.63,11.23,14.26,,,,,,9.16,,1.24,28.66,4.88,13.65,8.15,17.36,1.64,,
21/11/2015,8.03,6.66,36.37,9.03,,11.62,,10.83,,,3.51,2.5,,,21.21,19,5.76,38.31,11.22,14.25,,,,,,9.26,,1.23,28.94,4.7,13.63,8.15,17.36,1.58,,
22/11/2015,8.1,6.54,36.33,9.03,,11.34,,10.81,,,3.51,2.5,,,21.13,19.03,5.69,38.62,11.22,14.23,,,,,,9.04,,1.12,28.8,4.62,13.67,8.12,17.33,1.57,,
23/11/2015,8.1,6.46,36.42,9.08,,11.31,,10.83,,,3.52,2.53,,,21.13,19.12,5.87,38.39,11.26,14.23,,,,,,8.95,,1.12,29,4.61,13.73,8.11,17.33,1.54,,
24/11/2015,8.11,6.45,36.01,9.09,,11.89,,10.81,,,3.53,2.54,,,21.6,19.14,5.9,38.3,11.28,14.24,,,,,,8.93,,1.12,28.71,4.78,13.77,8.08,17.32,1.51,,
25/11/2015,8.11,6.46,36.01,9.05,,12.09,,10.75,,,,2.52,,,21.6,19.09,5.88,38.24,11.26,14.24,,,,,,9.01,,1.18,28.68,4.8,13.73,8.04,17.29,1.49,,
26/11/2015,8.11,6.56,36.98,9.03,,12.15,,10.73,,,,2.51,,,21.56,19.08,5.87,38.24,11.24,14.25,,,,,,9.1,,1.25,28.7,4.81,13.73,7.99,17.27,1.49,,
27/11/2015,8.11,6.55,36.91,9.04,,12.18,,10.73,,,,2.54,,,21.61,19.15,5.88,38.52,11.27,14.27,,,,,,9.07,,1.25,28.71,4.86,13.77,7.96,17.25,1.57,,
28/11/2015,8.11,6.54,36.69,9.04,,11.75,,10.73,,,,2.54,,,21.25,19.15,5.89,38.46,11.28,14.28,,,,,,8.99,,1.25,28.7,4.75,13.78,7.95,17.25,1.55,,
29/11/2015,8.11,6.53,36.41,9.06,,11.35,,10.74,,,,2.56,,,21.18,19.2,5.91,38.71,11.31,14.3,,,,,,8.94,,1.25,28.78,4.66,13.82,7.94,17.23,1.58,,
30/11/2015,8.1,6.55,36.19,9.06,,11.29,,10.73,,,,2.57,,,21.13,19.21,5.92,38.45,11.32,14.31,,,,,,8.96,,1.26,28.73,4.63,13.84,7.94,17.22,1.52,,
1/12/2015,8.1,6.7,36.35,9.06,,11.93,,10.72,,,,2.57,,,21.57,19.21,5.93,38.41,11.33,14.33,,,,,,8.99,,1.26,28.73,4.75,13.85,7.94,17.2,1.53,,
2/12/2015,8.12,6.74,36.65,9.07,,12.09,,10.71,,,,2.58,,,21.78,19.24,5.93,38.66,11.35,14.35,,,,,,8.98,,1.21,28.96,4.8,13.87,7.95,17.18,1.57,,
3/12/2015,8.13,6.77,36.53,9.07,,12.16,3.06,10.5,15.34,11.8,,2.58,,,21.88,19.26,5.94,38.59,11.36,14.36,,,,,,8.97,,1.19,29.08,4.84,13.89,7.96,17.17,1.58,,
4/12/2015,8.14,6.8,36.48,9.07,,12.14,3.19,10.49,15.35,11.79,,2.58,,,21.94,19.27,5.97,38.87,11.37,14.37,,,,,,8.99,,1.18,28.8,4.86,13.9,7.96,17.16,1.6,,
5/12/2015,8.14,6.81,36.25,9.07,,11.65,3.08,10.48,15.35,11.72,,2.59,,,21.37,19.29,5.97,39.08,11.38,14.38,,,,,,9.02,,1.2,28.78,4.72,13.93,7.97,17.14,1.57,,
6/12/2015,8.14,6.83,36.17,9.07,,11.29,3.08,10.47,15.32,11.64,,2.59,,,21.25,19.29,5.96,39.04,11.38,14.39,,,,,,9.03,,1.21,28.78,4.64,13.94,7.97,17.13,1.61,,
7/12/2015,8.13,6.83,36.13,9.06,,11.23,3.09,10.45,15.3,11.63,,2.59,,,21.2,19.29,5.97,38.98,11.38,14.4,,,,,,9.03,,1.23,28.73,4.61,13.96,7.99,17.11,1.55,,
8/12/2015,8.12,6.86,35.98,9.05,,11.02,3.05,10.43,15.27,11.59,,2.59,,,21.16,19.29,5.97,38.87,11.38,14.4,,,,,,9.07,,1.25,28.7,4.75,13.97,8,17.09,1.57,,
9/12/2015,8.12,6.87,36.7,9.04,,10.98,3.05,10.42,15.25,11.58,,2.59,,,21.12,19.28,5.97,38.89,11.38,14.41,,,,,,9.08,,1.25,28.7,4.78,13.99,8.02,17.08,1.58,,6.84
10/12/2015,8.13,6.88,37,9.04,,11.66,3.23,10.41,15.27,11.64,,2.6,,,21.28,19.33,5.95,38.71,11.4,14.43,,,,,,9.06,,1.19,28.79,4.83,14.01,8.03,16.9,1.59,13.29,6.84
11/12/2015,8.14,6.82,36.81,9.02,,11.84,3.45,10.39,15.34,11.67,,,,,21.27,19.33,5.95,38.94,11.41,14.44,,,,,,9.06,,1.17,28.7,4.83,14.02,8.05,16.88,1.55,13.27,6.84
12/12/2015,8.15,6.82,36.71,9,,11.38,3.28,10.38,15.33,11.66,,,,,21.16,19.3,6.01,38.74,11.4,14.44,,,,,,9.09,,1.2,29,4.7,14.02,8.06,16.88,1.58,13.25,6.86
13/12/2015,8.15,6.82,36.62,8.99,,11.06,3.15,10.36,15.28,11.55,,,,,21.08,19.34,6.05,38.99,11.4,14.45,,,,,,9.1,,1.23,29.04,4.63,14.03,8.07,16.87,1.55,13.24,6.89
14/12/2015,8.16,6.83,36.55,8.98,,11.03,3.09,10.35,15.3,11.52,,,,,21.07,19.37,5.96,38.85,11.41,14.46,,,,,,9.09,,1.28,28.75,4.68,14.06,8.08,16.87,1.53,13.24,6.95
15/12/2015,8.17,6.85,36.38,8.98,,11.69,3.03,10.35,15.32,11.59,,,,,21.21,19.4,5.96,38.69,11.43,14.47,,,,,,9.07,,1.28,28.71,4.79,14.08,8.09,16.88,1.59,13.24,7
16/12/2015,8.19,6.86,36.21,8.98,,11.83,2.99,10.34,15.35,11.65,,,,,21.33,19.43,5.97,38.92,11.45,14.48,,,,,,9.04,,1.28,29,4.87,14.11,8.1,16.89,1.63,13.24,7.05
17/12/2015,8.2,6.86,36.24,8.97,,11.95,2.97,10.33,15.37,11.68,,,,,21.47,19.45,5.97,38.72,11.46,14.49,,,,,,9.03,,1.28,28.78,4.9,14.12,8.11,16.9,1.61,13.24,7.07
18/12/2015,8.2,6.85,36.31,8.96,,12,2.94,10.32,15.37,11.68,,,,,21.49,19.45,5.97,38.93,11.46,14.49,,,,,,9.05,,1.28,28.72,4.9,14.13,8.11,16.9,1.6,13.23,7.1
19/12/2015,8.2,6.86,36.46,8.95,,11.44,2.91,10.32,15.36,11.61,,,,,21.17,19.46,5.97,38.82,11.47,14.5,,,,,,9.05,,1.28,28.71,4.79,14.14,8.12,16.91,1.6,13.23,7.15
20/12/2015,8.19,6.88,36.21,8.95,,11.11,2.86,10.31,15.34,11.55,,,,,21.11,19.47,5.98,38.95,11.48,14.51,,,,,,9.03,,1.29,28.72,4.7,14.16,8.12,16.92,1.62,13.23,7.21
21/12/2015,8.18,6.89,35.96,8.95,,11.06,2.86,10.31,15.34,11.53,,,,,21.08,19.49,5.99,38.68,11.49,14.52,,,,,,9.03,,1.29,28.71,4.69,14.18,8.13,16.94,1.6,13.23,7.26
22/12/2015,8.19,6.9,35.9,8.95,,11.62,2.9,10.31,15.35,11.6,,,,,21.23,19.49,5.99,38.55,11.5,14.53,,,,,,8.99,,1.29,28.76,4.9,14.21,8.13,16.96,1.58,13.24,7.28
23/12/2015,8.2,6.89,35.92,8.94,,11.73,2.9,10.3,15.35,11.61,,,,,21.43,19.5,6,38.78,11.5,14.53,,,,,,9.02,,1.29,28.74,4.91,14.23,8.14,16.97,1.57,13.23,7.3
24/12/2015,8.18,6.89,35.83,8.93,,11.19,2.86,10.29,15.36,11.53,,,,,21.24,19.5,6,38.51,11.51,14.54,,,,,,9.01,,1.29,28.77,4.86,14.23,8.14,16.99,1.59,13.23,7.33
25/12/2015,8.18,6.91,35.84,8.93,,10.99,2.86,10.29,15.34,11.5,,,,,21.18,19.54,6.01,38.43,11.51,14.53,,,,,,8.98,,1.29,28.76,4.73,14.26,8.15,17.01,1.59,13.24,7.39
26/12/2015,8.16,6.9,35.62,8.92,,10.88,2.88,10.28,15.31,11.45,,,,,21.11,19.53,6.01,38.22,11.52,14.51,,,,,,9,,1.29,28.67,4.69,14.27,8.15,17.03,1.56,13.24,7.4
27/12/2015,8.15,6.91,35.49,8.91,,10.76,2.85,10.27,15.29,11.43,,,,,21.08,19.52,6.01,38.44,11.52,14.5,,,,,,8.99,,1.29,28.65,4.64,14.28,8.15,17.04,1.54,13.23,7.43
28/12/2015,8.15,6.9,35.49,8.9,,10.72,2.89,10.25,15.27,11.4,,,,,21.06,19.54,6.01,38.43,11.53,14.5,,,,,,8.99,,1.29,28.94,4.62,14.3,8.15,17.06,1.54,13.23,7.45
29/12/2015,8.15,6.89,35.34,8.88,,10.88,2.98,10.23,15.26,11.38,,,,,21.04,19.54,6,38.19,11.53,14.49,,,,,,9.02,,1.27,28.93,4.75,14.32,8.15,17.08,1.54,13.22,7.47
30/12/2015,8.15,6.91,35.23,8.88,,10.95,3.03,10.24,15.27,11.44,,,,,21.04,19.56,6,38.29,11.54,14.49,,,,,,8.98,,1.2,28.66,4.81,14.33,8.15,17.09,1.57,13.22,7.51
31/12/2015,8.15,6.9,35.3,8.86,,10.75,3.04,10.23,15.27,11.39,,,,,21.02,19.56,6.01,38.19,11.55,14.5,,,,,,8.99,,1.21,28.65,4.79,14.35,8.15,17.12,1.62,13.22,7.53
1/1/2016,8.14,6.91,35.33,8.85,,10.63,3.12,10.21,15.25,11.34,,,,,21.01,19.57,6.01,38.2,11.55,14.5,,,,,,8.99,,1.25,28.59,4.66,14.37,8.15,17.14,1.7,13.21,7.51
2/1/2016,8.12,6.84,35.12,8.8,,10.54,3.1,10.17,15.18,11.23,,,,,20.93,19.51,6,38.19,11.52,14.5,,,,,,9.01,,1.33,28.56,4.62,14.36,8.14,17.15,1.64,13.15,7.48
3/1/2016,8.11,6.84,35.13,8.77,,10.47,2.98,10.14,15.14,11.21,,,,,20.9,19.16,5.95,38.23,11.51,14.48,,,,,,9.09,,1.37,28.55,4.55,14.36,8.14,17.17,1.58,13.14,7.49
4/1/2016,8.09,6.81,34.99,8.75,,10.46,2.96,10.12,15.12,11.16,,,,,20.85,19.5,5.94,38.19,11.5,14.47,,,,,,9.1,,1.32,28.82,4.53,14.36,8.13,17.18,1.55,13.11,7.53
5/1/2016,8.1,6.85,34.97,8.74,,10.58,2.96,10.12,15.17,11.53,,,,,20.86,19.54,5.97,38.2,11.51,14.46,,,,,,9.05,,1.31,28.88,4.7,14.39,8.15,17.2,1.57,13.11,7.58
6/1/2016,8.09,6.87,35.04,8.73,,10.62,2.88,10.11,15.25,11.69,,,,,20.87,19.53,5.93,38.22,11.52,14.45,,,,,,8.99,,1.31,28.67,4.62,14.42,8.18,17.19,1.53,13.09,7.62
7/1/2016,8.09,6.89,35,8.73,,10.6,2.77,10.13,15.29,11.74,,,,,20.88,19.58,5.93,38.19,11.53,14.45,,,,,,8.94,,1.31,28.55,4.64,14.44,8.16,17.18,1.48,13.09,7.68
8/1/2016,8.1,6.91,35.13,8.73,,11.25,2.71,10.16,15.39,11.82,,,,,20.9,19.61,5.93,38.19,11.56,14.46,,,,,,8.91,,1.31,28.6,4.76,14.48,8.13,17.19,1.51,13.1,7.77
9/1/2016,8.1,6.9,34.92,8.72,,11,2.56,10.19,15.45,11.83,,,,,20.91,19.6,5.94,38.37,11.56,14.46,,,,,,8.91,,1.31,28.57,4.64,14.48,8.11,17.17,1.49,13.09,7.8
10/1/2016,8.09,6.9,34.86,8.71,,10.76,2.49,10.21,15.47,11.81,,,,,20.88,19.6,5.93,38.19,11.56,14.43,,,,,,8.94,,1.31,28.66,4.58,14.48,8.1,17.15,1.5,13.08,7.86
11/1/2016,8.08,6.86,34.84,8.68,,10.72,2.44,10.22,15.46,11.78,,,,,20.85,18.97,5.91,38.19,11.55,14.38,,,,,,8.98,,1.32,28.63,4.63,14.49,8.08,17.12,1.47,13.05,7.89
12/1/2016,8.1,6.91,34.66,8.69,,11.44,2.48,10.24,15.51,11.84,,,,,21.28,19.63,5.92,38.53,11.56,14.36,,,,,,8.93,,1.32,28.48,4.76,14.53,8.07,17.09,1.48,13.06,8.02
13/1/2016,8.13,6.91,34.57,8.72,,11.69,2.5,10.28,15.62,11.96,,,,,21.49,19.69,5.94,39.01,11.6,14.35,,,,,,8.79,,1.32,28.64,4.81,14.57,8.05,17.07,1.49,13.08,8.15
14/1/2016,8.14,6.94,34.42,8.71,,11.9,2.5,10.32,15.67,12.06,,,,,21.58,19.69,5.96,39,11.6,14.35,,,,,,8.79,,1.32,28.66,4.84,14.58,8.04,17.03,1.54,13.07,8.15
15/1/2016,8.13,6.94,34.32,8.7,,11.96,2.42,10.33,15.69,12.05,,,,,21.57,19.66,5.95,38.89,11.6,14.34,,,,,,8.81,,1.32,28.7,4.84,14.58,8.02,17,1.52,13.07,8.21
16/1/2016,8.15,6.95,34.3,8.72,,11.54,2.41,10.35,15.73,12.08,,,,,21.19,19.72,5.95,38.86,11.61,14.36,,,,,,8.77,,1.32,29.03,4.72,14.6,8.01,16.97,1.48,13.07,8.3
17/1/2016,8.14,6.98,34.23,8.73,,11.19,2.48,10.38,15.74,12.01,,,,,21.13,19.73,5.96,38.8,11.62,14.37,,,,,,8.75,,1.33,28.76,4.66,14.64,7.99,16.93,1.54,13.08,8.38
18/1/2016,8.15,6.98,34.22,8.74,,11.19,2.55,10.4,15.76,12.02,,,,,21.1,19.73,5.97,38.59,11.64,14.38,,,,,,8.72,,1.33,28.7,4.64,14.65,7.97,16.9,1.51,13.09,8.42
19/1/2016,8.16,6.97,34.14,8.73,,11.83,2.47,10.41,15.76,12.03,,,,,21.23,19.74,5.97,38.78,11.64,14.4,,,,,,8.75,,1.33,28.7,4.72,14.65,7.95,16.86,1.53,13.07,8.47
20/1/2016,8.15,6.99,34.11,8.73,,12.01,2.68,10.43,15.8,12.08,,,,,21.25,19.25,5.97,39.15,11.65,14.42,,,,,,8.74,,1.33,28.7,4.75,14.69,7.95,16.83,1.56,13.07,8.53
21/1/2016,8.16,7,34.03,8.73,,12.09,2.66,10.44,15.84,12.11,,,,,21.28,19.77,5.98,39.22,11.65,14.44,,,,,,8.71,,1.33,28.75,4.77,14.71,7.96,16.81,1.54,13.07,8.63
22/1/2016,8.18,7.05,34.01,8.76,,12.13,2.67,10.48,15.98,12.17,,,,,21.32,19.83,6,39.16,11.68,14.47,,,,,,8.68,,1.33,28.79,4.8,14.75,7.97,16.79,1.58,13.1,8.74
23/1/2016,8.2,7.03,33.9,8.77,,11.66,2.76,10.5,16.01,12.11,,,,,21.19,19.83,6.01,39.21,11.68,14.49,,,,,,8.69,,1.34,29.09,4.67,14.77,7.99,16.76,1.63,13.1,8.81
24/1/2016,8.2,7.03,33.9,8.77,,11.31,2.79,10.52,15.99,12.05,,,,,21.14,19.42,6.02,39.11,11.68,14.51,,,,,,8.7,,1.34,28.86,4.59,14.79,8.02,16.74,1.65,13.11,8.86
25/1/2016,8.2,7.01,33.94,8.76,,11.25,2.79,10.53,15.98,12.03,,,,,21.1,19.83,6.01,38.82,11.69,14.52,,,,,,8.75,,1.34,28.91,4.57,14.8,8.04,16.71,1.64,13.11,8.88
26/1/2016,8.2,7.01,33.91,8.76,,11.91,2.8,10.53,15.99,12.07,,,,,21.25,19.52,6.01,39.05,11.69,14.53,,,,,,8.81,,1.34,29.22,4.71,14.81,8.06,16.69,1.66,13.1,8.91
27/1/2016,8.21,7.02,34.03,8.75,,12.05,2.82,10.54,16,12.09,,,,,21.57,19.84,6.01,39.3,11.69,14.55,,,,,,8.84,,1.34,29.01,4.76,14.83,8.08,16.68,1.68,13.1,8.97
28/1/2016,8.22,7.02,33.98,8.75,,12.12,3,10.55,16.02,12.09,,,,,21.62,19.85,6.01,39.36,11.69,14.56,,,,,,8.89,,1.34,28.94,4.78,14.85,8.1,16.66,1.65,13.1,9.02
29/1/2016,8.22,7.03,34.11,8.75,,12.18,2.95,10.57,16.03,12.09,,,,,21.63,19.86,6.02,39.27,11.7,14.58,,,,,,8.86,,1.34,29.01,4.77,14.87,8.12,16.65,1.64,13.11,9.09
30/1/2016,8.2,6.97,34.01,8.72,,11.68,2.8,10.57,14.91,11.96,,,,,21.2,19.84,6,39.16,11.7,14.59,,,,,,8.89,,1.34,28.99,4.62,14.89,8.13,16.63,1.63,13.08,9.07
31/1/2016,8.18,6.97,34.14,8.71,,11.32,2.73,10.56,14.81,11.91,,,,,21.12,19.82,6,39.19,11.69,14.59,,,,,,8.6,,1.34,28.99,4.55,14.88,8.15,16.62,1.61,13.07,9.11
1/2/2016,8.18,7.01,33.93,8.71,,11.27,2.65,10.57,14.8,11.93,,,,,21.1,19.86,6,38.93,11.7,14.6,,,,,,8.6,,1.31,29.31,4.54,14.9,8.16,16.61,1.59,13.08,9.23
2/2/2016,8.19,7.02,33.91,8.72,,11.92,2.76,10.57,14.76,12,,,,,21.28,19.89,6.01,39.12,11.73,14.61,,,,,,8.61,,1.3,29.05,4.69,14.94,8.17,16.61,1.63,13.1,9.22
3/2/2016,8.12,6.96,34.83,8.69,,12.05,2.57,10.52,14.75,11.97,,,,,21.25,19.86,5.9,39.3,11.72,14.61,,,,,,8.7,,1.27,29.02,4.74,14.93,8.18,16.59,1.6,13.06,9.22
4/2/2016,8.05,6.95,34.42,8.7,,11.66,2.53,10.42,14.77,12.02,,,,,21.28,19.91,5.88,39.37,11.73,14.63,,2.44,14.27,,13.57,8.68,,1.22,29.1,4.79,14.98,8.19,16.6,1.61,13.07,9.34
5/2/2016,8.21,6.94,34.36,8.7,,11.47,2.64,10.55,14.76,12.04,,,,,21.31,19.92,6,39.35,11.73,14.63,,2.44,14.1,,13.61,8.67,,1.31,29.41,4.78,14.98,8.2,16.6,1.61,13.08,9.42
6/2/2016,8.21,6.92,34.26,8.71,,11.16,2.61,10.55,14.74,11.94,,,,,21.15,19.94,6.02,39.31,11.74,14.65,,2.45,14.09,17.79,13.64,8.66,,1.35,29.17,4.65,15.02,8.21,16.6,1.62,13.1,9.4
7/2/2016,8.19,7,34.25,8.67,,11.03,2.43,10.51,14.66,11.83,,,,,21.04,19.87,5.99,39.15,11.69,14.62,,2.41,14.03,17.76,13.58,8.77,,1.35,29.34,4.56,15,8.22,16.58,1.61,13.06,9.4
8/2/2016,8.19,7.1,34.22,8.67,,10.99,2.45,10.51,14.65,11.82,,,,,21.01,19.91,5.99,39.03,11.64,14.51,,2.41,14.01,17.79,13.61,8.83,,1.35,29.28,4.61,15.03,8.18,16.58,1.58,13.05,9.42
9/2/2016,8.19,7.1,34.24,8.61,,11.83,2.32,10.48,15.8,11.87,,,,,21.15,19.85,5.97,39.29,11.58,14.45,,2.38,13.97,17.75,13.56,8.84,,1.35,29.31,4.71,15.02,8.16,16.55,1.56,13,9.39
10/2/2016,8.17,7.23,34.14,8.57,,12.11,2.3,10.46,15.83,11.85,,,,,21.23,19.85,5.94,39.35,11.58,14.4,,2.37,13.87,17.76,13.54,8.51,,1.3,29.19,4.73,15.03,8.17,16.55,1.5,12.98,9.5
11/2/2016,8.2,7.12,34.03,8.63,,12.26,2.31,10.5,15.95,12.02,,,,,21.19,19.95,5.97,39.31,11.62,14.38,,2.43,13.85,17.76,13.63,8.51,,1.31,29,4.78,15.07,8.18,16.57,1.56,13.02,9.56
12/2/2016,8.15,6.97,33.99,8.59,,12.32,2.26,10.49,15.98,11.92,,,,,21.15,19.92,5.93,39.23,11.61,14.36,,2.41,13.81,17.73,13.59,8.48,,1.32,29.12,4.75,15.11,8.19,16.55,1.55,12.97,9.55
13/2/2016,8.12,6.97,34,8.58,,11.69,2.2,10.49,15.98,11.87,,,,,20.97,19.92,5.91,39.15,11.6,14.34,,2.41,13.73,17.8,13.58,8.47,,1.27,29.14,4.6,15.1,8.17,16.56,1.52,12.97,9.6
14/2/2016,8.13,7.01,33.98,8.56,,11.31,2.23,10.48,15.96,11.8,,,,,20.91,19.92,5.93,38.97,11.58,14.34,,2.41,13.68,17.79,13.58,8.46,,1.3,29.76,4.53,15.15,8.13,16.55,1.5,12.95,9.66
15/2/2016,8.15,6.95,33.97,8.58,,11.26,2.23,10.5,12.49,11.82,,,,,20.89,19.97,5.84,38.89,11.59,14.35,,2.43,13.65,17.77,13.61,8.38,,1.22,29.23,4.57,15.16,8.07,16.56,1.47,12.97,9.47
16/2/2016,8.12,6.86,33.9,8.6,,11.91,2.33,10.5,11.61,11.67,,,,,21.1,20.02,5.82,39.32,11.53,14.34,,2.44,13.63,17.78,13.7,8.34,,1.21,29.3,4.7,15.23,7.93,16.54,1.32,12.96,9.29
17/2/2016,8.11,6.84,33.86,8.57,,11.94,2.29,10.45,10.81,11.44,,,,,21.06,20,5.92,39.32,11.38,14.32,,2.42,13.52,17.79,13.64,8.38,,1.22,29.25,4.67,15.22,7.7,16.46,1.26,12.95,9.09
18/2/2016,8.13,6.84,33.89,8.58,,12.05,2.35,10.38,10.37,11.27,,,,,20.98,19.98,5.89,39.32,11.29,14.3,,2.39,13.36,17.83,13.62,8.47,,1.23,29.17,4.67,15.23,7.57,16.4,1.23,12.93,8.94
19/2/2016,8.12,6.85,33.72,8.58,,12.12,2.37,10.31,10.12,11.25,,,,,20.94,19.83,5.88,39.22,11.26,14.29,,2.39,13.23,17.76,13.62,8.54,,1.36,29.12,4.68,15.21,7.48,16.34,1.21,12.92,8.83
20/2/2016,8.11,6.81,33.78,8.6,,11.42,2.43,10.24,9.87,11.17,,,,,20.83,20.03,5.88,39.17,11.25,14.31,,2.39,13.21,17.71,13.66,8.5,,1.36,29.44,4.54,15.25,7.42,16.28,1.22,12.92,8.66
21/2/2016,8.1,6.8,34.15,8.6,,10.93,2.56,10.14,9.65,11.08,,,,,20.73,20.01,5.86,39.06,11.21,14.3,,2.37,13.14,17.68,13.64,8.55,,1.37,29.21,4.47,15.24,7.39,16.19,1.24,12.9,8.48
22/2/2016,8.08,6.83,34.02,8.59,,10.84,2.57,10.03,9.46,11.03,,,,,20.67,20,5.84,38.87,11.19,14.31,,2.35,13.09,17.7,13.64,8.61,,1.37,29.16,4.45,15.25,7.36,16.08,1.24,12.86,8.3
23/2/2016,8.05,6.89,34.14,8.57,,11.52,2.46,9.92,9.27,11.03,,,,,21.04,19.98,5.82,39.11,11.16,14.31,,2.32,13.04,17.69,13.62,8.69,,1.37,29.09,4.57,15.25,7.35,15.95,1.2,12.82,8.21
24/2/2016,8.05,6.91,35.06,8.58,,11.76,2.47,9.84,9.15,11.05,3.15,2.03,,,21.12,19.99,5.81,39.25,11.16,14.32,,2.33,13.01,17.68,13.65,8.65,,1.37,29.07,4.63,15.26,7.35,15.84,1.21,12.81,8.05
25/2/2016,8.03,6.93,35.68,8.56,,11.7,2.43,9.72,8.99,11.02,3.14,2.02,,,21.14,19.99,5.61,39.22,11.14,14.33,,2.31,12.98,17.65,13.63,8.67,,1.37,29.16,4.65,15.27,7.35,15.72,1.22,12.77,7.93
26/2/2016,8.02,6.95,35.89,8.56,,11.68,2.43,9.63,8.88,11.02,3.13,2.03,,,21.17,20,5.6,39.12,11.13,14.34,,2.32,12.95,17.66,13.63,8.65,,1.37,29,4.69,15.28,7.35,15.6,1.18,12.75,7.79
27/2/2016,8,6.95,35.58,8.53,,10.95,2.42,9.54,8.74,10.96,3.13,2.05,,,20.67,20,5.58,38.98,11.1,14.35,,2.3,12.91,17.68,13.65,8.66,,1.37,29.72,4.51,15.28,7.36,15.49,1.19,12.72,7.61
28/2/2016,7.98,6.99,35.24,8.49,,10.53,2.31,9.44,8.56,10.83,3.1,2.03,,,20.51,19.96,5.57,38.95,10.92,14.26,,2.25,12.86,17.68,13.62,8.65,,1.37,29.12,4.38,15.27,7.33,15.37,1.14,12.66,7.52
29/2/2016,7.95,6.96,34.79,8.47,,10.35,2.21,9.35,8.45,10.8,2.82,1.44,,,20.46,19.93,5.49,38.67,10.63,13.99,,2.22,12.76,17.68,13.64,8.59,,1.27,29.06,4.36,15.27,7.11,15.27,1.08,12.64,7.45
1/3/2016,7.95,6.89,34.71,8.51,,11.11,2.32,9.3,8.52,10.96,2.74,1.42,,,20.9,20,5.46,38.99,10.44,13.74,,2.22,12.62,17.66,13.72,8.54,,1.24,29.57,4.43,15.3,6.9,15.19,1.1,12.66,7.26
2/3/2016,7.91,6.86,34.61,8.48,,11.29,2.37,9.21,8.4,10.82,2.67,1.42,,,20.79,19.91,5.48,39.09,10.28,13.56,,2.19,12.51,17.58,13.63,8.53,,1.24,29.43,4.47,15.22,6.74,15.02,1.1,12.59,7.09
3/3/2016,7.81,6.87,34.49,8.48,,11.27,2.36,9.12,8.26,10.81,2.33,1.06,,,20.73,19.91,5.31,38.96,10.19,13.48,,2.1,12.36,17.47,13.58,8.56,,1.23,28.71,4.44,15.24,6.47,14.93,1.09,12.57,7.04
4/3/2016,7.86,6.82,34.57,8.49,,11.19,2.47,9.08,8.17,10.87,2.29,1,,,20.75,19.96,5.43,38.88,10.11,13.43,,2.06,12.29,17.34,13.64,8.52,,1.23,29.09,4.41,15.24,6.24,14.78,1.05,12.58,6.85
5/3/2016,7.75,6.81,34.57,8.46,,10.53,2.24,9,8.1,10.81,2.18,1.1,,,20.07,19.9,5.25,38.82,9.99,13.3,,2.07,12.16,17.29,13.53,8.57,,1.26,28.49,4.26,15.21,6.19,14.61,1,12.5,6.73
6/3/2016,7.81,6.75,34.46,8.46,,10.09,2.29,8.94,8.08,10.74,2.11,1.03,,,19.84,19.91,5.35,38.58,9.91,13.2,,2.05,12.06,17.26,13.53,8.57,,1.24,28.38,4.19,15.2,6.19,14.43,0.97,12.45,6.62
7/3/2016,7.8,6.68,34.32,8.47,,9.96,2.33,8.9,8.03,10.73,2.11,1.07,,,19.76,19.9,5.33,38.47,9.86,13.16,,2.03,11.98,17.2,13.53,8.55,,1.24,28.25,4.22,15.18,6.23,14.23,0.94,12.42,6.51
8/3/2016,7.73,6.58,34.23,8.48,,10.79,2.38,8.85,8.02,10.78,2.15,1.2,,,19.85,19.9,5.28,38.73,9.83,13.14,,2,11.88,17.17,13.53,8.51,,1.24,28.19,4.33,15.18,6.3,14.03,0.97,12.39,6.32
9/3/2016,7.74,6.54,34.19,8.45,,10.87,2.32,8.77,7.95,10.81,2,1.1,,,19.82,19.88,5.28,38.74,9.73,13.12,,1.95,11.72,17.14,13.53,8.51,,1.24,28.1,4.28,15.16,5.98,13.77,0.95,12.32,6.22
10/3/2016,7.76,6.49,34.15,8.46,,10.93,2.34,8.74,7.87,10.81,2,1.1,,,19.76,19.87,5.26,38.63,9.67,13.1,,1.92,11.58,17.13,13.49,8.5,,1.26,28.02,4.27,15.12,5.7,13.53,0.91,12.3,6.1
11/3/2016,7.74,6.4,34.06,8.48,,11,2.34,8.7,7.8,10.79,2.07,1.17,,,19.89,19.88,5.25,38.57,9.64,13.1,,1.89,11.55,17.07,13.5,8.48,,1.25,27.93,4.25,15.08,5.68,13.27,0.89,12.27,5.93
12/3/2016,7.73,6.38,34.11,8.48,,10.28,2.32,8.65,7.77,10.7,2.18,1.22,,,19.35,19.85,5.23,38.55,9.59,13.11,,1.84,11.45,16.99,13.48,8.48,,1.24,27.85,4.11,15.11,5.69,12.91,0.88,12.23,5.78
13/3/2016,7.72,6.32,34.07,8.48,,9.89,2.31,8.62,7.72,10.67,2.26,1.26,,,19.16,19.83,5.26,38.34,9.57,13.12,,1.74,11.35,16.93,13.51,8.49,,1.25,27.71,4.03,14.91,5.74,12.54,0.9,12.2,5.64
14/3/2016,7.71,6.26,33.91,8.49,,9.81,2.32,8.59,7.69,10.66,2.34,1.31,,,19.1,19.81,5.24,38.23,9.54,13.14,,1.67,11.28,16.86,13.48,8.45,,1.25,27.66,4.03,14.87,5.82,12.22,0.9,12.17,5.45
15/3/2016,7.69,6.23,33.95,8.48,,10.53,2.44,8.53,7.63,10.63,2.39,1.35,,,19.41,19.75,5.21,38.46,9.51,13.16,,1.64,11.22,16.82,13.41,8.45,,1.25,27.57,4.17,14.8,5.9,11.89,0.91,12.12,5.33
16/3/2016,7.69,6.2,34.67,8.48,,10.7,2.45,8.5,7.64,10.64,2.44,1.39,,,19.39,19.75,5.21,38.4,9.5,13.18,,1.56,11.18,16.78,13.41,8.36,,1.39,28.17,4.23,14.78,5.97,11.69,0.92,12.11,5.17
17/3/2016,7.68,6.18,34.39,8.49,,10.77,2.79,8.48,7.64,10.69,2.5,1.45,,,19.41,19.74,5.21,38.37,9.5,13.22,,1.63,11.16,16.72,13.43,8.37,,1.39,27.57,4.25,14.77,6.06,11.49,0.93,12.07,4.97
18/3/2016,7.67,6.18,34.26,8.48,,10.75,2.64,8.48,7.6,10.62,2.54,1.46,,,19.32,19.69,5.19,38.26,9.48,13.23,,1.65,11.09,16.7,13.39,8.36,,1.39,27.49,4.21,14.72,6.13,11.31,0.93,12.03,4.81
19/3/2016,7.66,6.22,34.01,8.47,,10.1,2.63,8.42,7.6,10.56,2.57,1.49,,,18.82,19.68,5.18,38.19,9.47,13.23,,1.64,11.04,16.68,13.38,8.35,,1.39,27.5,4.08,14.69,6.2,11.18,0.96,12.01,4.64
20/3/2016,7.65,6.2,34.21,8.47,,9.7,2.6,8.37,7.6,10.51,2.6,1.53,,,18.69,19.66,5.16,38.19,9.47,13.26,,1.57,10.98,16.64,13.36,8.35,,1.39,27.49,3.99,14.68,6.27,11.07,0.95,11.98,4.49
21/3/2016,7.62,5.98,34.13,8.45,,9.63,2.62,8.33,7.6,10.48,2.62,1.55,,,18.64,19.63,5.15,38.19,9.46,13.27,,1.52,10.94,16.61,13.34,8.34,,1.39,20.98,3.97,14.65,6.35,10.96,0.96,11.93,4.27
22/3/2016,7.61,5.93,33.96,8.43,,10.35,2.63,8.3,7.6,10.45,2.63,1.57,,,19,19.58,5.14,38.19,9.44,13.29,,1.54,10.91,16.6,13.31,8.32,,1.39,27.32,4.11,14.63,6.42,10.84,0.96,11.88,4.08
23/3/2016,7.6,5.91,34.16,8.41,,10.52,2.58,8.34,7.6,10.43,2.64,1.58,,,19,19.56,5.12,38.19,9.42,13.3,,1.55,10.85,16.57,13.3,8.31,,1.39,27.36,4.15,14.6,6.47,10.78,0.93,11.84,4.02
24/3/2016,7.61,5.97,34.17,8.42,,10.66,2.77,8.29,7.6,10.51,2.67,1.62,,,18.82,19.59,5.13,38.19,9.45,13.34,,1.53,10.85,16.53,13.35,8.31,,1.39,27.69,4.19,14.63,6.53,10.78,0.94,11.85,3.93
25/3/2016,7.61,5.98,34.3,8.45,,10.74,2.77,8.25,7.6,10.58,2.71,1.67,,,18.76,19.63,5.14,38.19,9.48,13.38,,1.58,10.81,16.49,13.37,8.32,,1.4,27.44,4.22,14.64,6.59,10.75,0.96,11.85,3.85
26/3/2016,7.61,5.98,34.91,8.45,,9.98,3.06,8.22,7.6,10.5,2.73,1.68,,,18.63,19.63,5.15,,9.49,13.41,,1.58,10.76,16.55,13.37,8.32,,1.4,27.44,4.07,14.64,6.64,10.73,0.97,11.85,3.72
27/3/2016,7.6,5.95,34.51,8.44,,9.6,3.22,8.18,7.6,10.4,2.74,1.7,,,18.54,19.59,5.16,,9.48,13.44,,1.56,10.73,16.58,13.37,8.32,,1.4,27.42,3.97,14.63,6.7,10.68,1.01,11.83,3.6
28/3/2016,7.59,5.94,34.23,8.44,,9.41,3.34,8.15,7.6,10.37,2.75,1.71,,,18.49,19.55,5.15,,9.48,13.46,,1.54,10.68,16.56,13.38,8.31,,1.4,27.37,3.91,14.62,6.74,10.64,0.99,11.81,3.52
29/3/2016,7.59,5.95,34.13,8.44,,9.36,3.3,8.13,7.6,10.36,2.77,1.72,,,18.47,19.54,5.15,,9.49,13.49,,1.5,10.67,16.54,13.34,8.31,,1.4,27.41,3.89,14.61,6.8,10.63,0.98,11.82,3.46
30/3/2016,7.59,5.97,33.96,8.44,,10.3,3.3,8.13,7.6,10.4,2.79,1.75,,,19.19,19.54,5.16,,9.51,13.52,,1.51,10.68,16.51,13.35,8.33,,1.4,27.47,4.06,14.63,6.85,10.61,1.04,11.81,3.36
31/3/2016,7.58,5.95,33.87,8.43,,10.58,3.37,8.22,7.6,10.41,2.81,1.76,,,19.34,19.53,5.16,,9.52,13.55,,1.49,10.63,16.51,13.34,8.34,,1.4,27.43,4.14,14.63,6.89,10.57,1.03,11.79,3.3
1/4/2016,7.57,5.95,33.89,8.42,,10.77,3.74,8.15,7.6,10.4,2.81,1.76,,,19.41,19.53,5.16,,9.52,13.57,,1.55,10.59,16.53,13.31,8.33,,1.4,27.41,4.17,14.61,6.93,10.56,0.99,11.78,3.24
2/4/2016,7.58,5.97,33.81,8.43,,10.08,3.53,8.1,7.6,10.37,2.84,1.78,,,18.77,19.52,5.17,,9.54,13.61,,1.51,10.57,16.52,13.35,8.33,,1.4,27.5,4.11,14.63,6.97,10.56,1.01,11.79,3.15
3/4/2016,7.57,5.95,33.79,8.42,,9.76,3.28,8.08,7.6,10.29,2.85,1.79,,,18.68,19.5,5.17,,9.47,13.63,,1.48,10.53,16.51,13.31,8.33,,1.4,27.47,4.01,14.62,7.01,10.52,1,11.77,3.06
4/4/2016,7.57,5.93,33.92,8.41,,9.69,3.23,8.04,7.6,10.26,2.86,1.79,,,18.61,19.47,5.16,,9.45,13.64,,1.55,10.53,16.55,13.32,8.32,,1.4,27.46,4.06,14.62,7.03,10.49,1,11.75,2.96
5/4/2016,7.56,5.93,33.76,8.4,,10.42,3.34,8.01,7.6,10.25,2.86,1.8,,,19.45,19.45,5.16,,9.44,13.65,,1.56,10.49,16.53,13.27,8.31,,1.4,27.47,4.22,14.6,7.06,10.47,1.02,11.74,2.84
6/4/2016,7.56,5.92,33.69,8.39,,10.6,3.18,7.98,7.6,10.27,2.87,1.81,,,19.55,19.45,5.16,,9.45,13.66,,1.53,10.48,16.51,13.29,8.31,,1.4,27.48,4.26,14.6,7.09,10.45,1.02,11.73,2.71
7/4/2016,7.55,5.91,33.72,8.38,,10.64,3.18,7.97,7.6,10.27,2.88,1.82,,,19.6,19.42,5.15,,9.45,13.64,,1.59,10.47,16.5,13.28,8.31,,1.4,27.4,4.28,14.59,7.12,10.41,1.03,11.71,2.57
8/4/2016,7.55,5.89,33.78,8.37,,10.59,3.28,7.94,7.6,10.24,2.88,1.81,,,19.59,19.41,5.14,,9.46,13.64,,1.65,10.44,16.51,13.26,8.29,,1.4,27.33,4.24,14.58,7.14,10.39,1.01,11.68,2.47
9/4/2016,7.55,5.9,33.7,8.36,,10.01,3.54,7.93,7.6,10.22,2.88,1.82,,,19.04,19.41,5.14,,9.47,13.64,,1.62,10.42,16.51,13.25,8.29,,1.41,27.72,4.12,14.58,7.16,10.38,1,11.68,2.42
10/4/2016,7.56,5.93,33.62,8.37,,9.6,3.56,7.93,7.6,10.2,2.9,1.84,,,18.94,19.44,5.15,,9.51,13.65,,1.46,10.43,16.5,13.27,8.29,,1.41,27.42,4.07,14.61,7.19,10.4,1.03,11.68,2.37
11/4/2016,7.55,5.94,33.8,8.38,,9.52,3.32,7.92,7.6,10.19,2.91,1.86,,,18.91,19.45,5.17,,9.59,13.65,,1.41,10.45,16.51,13.29,8.31,,1.41,27.5,4.13,14.63,7.22,10.43,1.03,11.69,2.28
12/4/2016,7.55,5.94,33.67,8.38,,10.33,3.13,8.42,7.6,10.22,2.91,1.85,,,19.6,19.44,5.18,38.2,9.63,13.66,,1.41,10.48,16.56,13.31,8.31,,1.41,27.43,4.27,14.64,7.24,10.42,1.06,11.68,2.18
13/4/2016,7.55,5.91,33.62,8.37,,10.52,2.9,8.18,7.6,10.23,2.88,1.84,,,19.73,19.41,5.17,,9.64,13.67,,1.45,10.51,16.58,13.3,8.31,,1.41,27.5,4.38,14.64,7.27,10.39,1.07,11.66,2.13
14/4/2016,7.55,5.93,33.53,8.38,,10.66,2.91,8.09,7.6,10.23,2.87,1.85,,,19.76,19.41,5.18,38.2,9.78,13.69,,1.48,10.55,16.58,13.3,8.3,,1.41,27.46,4.43,14.63,7.3,10.4,1.04,11.66,2.07
15/4/2016,7.57,5.95,33.63,8.42,,10.82,2.89,8.05,7.6,10.25,2.86,1.86,,,19.99,19.45,5.19,,9.77,13.72,,1.46,10.57,16.58,13.34,8.31,,1.41,27.83,4.45,14.66,7.34,10.42,1.07,11.67,1.99
16/4/2016,7.63,5.96,33.69,8.43,,10.23,2.93,8.03,7.6,10.19,2.85,1.86,,,19.45,19.44,5.2,,10.39,13.75,,1.48,10.56,16.58,13.3,8.32,,1.41,27.58,4.38,14.67,7.38,10.43,1.05,11.67,1.91
17/4/2016,7.69,5.97,33.72,8.45,,9.85,2.87,8.05,7.6,10.13,2.84,1.86,,,19.26,19.42,5.2,,10.06,13.77,,1.52,10.58,16.63,13.31,8.31,,1.41,27.69,4.29,14.69,7.42,10.43,1.09,11.66,1.85
18/4/2016,7.69,6,33.81,8.52,,9.78,2.81,8.04,7.6,10.13,2.83,1.86,,,19.19,19.43,5.21,,9.99,13.78,,1.5,10.56,16.63,13.31,8.32,,1.41,27.58,4.26,14.69,7.45,10.45,1.06,11.66,1.8
19/4/2016,7.66,6.01,33.59,8.54,,10.49,2.95,8.01,7.6,10.16,2.84,1.87,,,19.9,19.44,5.21,,9.91,13.8,,1.44,10.59,16.63,13.35,8.32,,1.41,28.25,4.43,14.72,7.48,10.46,1.09,11.66,1.78
20/4/2016,7.65,6.05,33.47,8.61,,10.43,2.84,8.06,7.6,10.23,2.84,1.89,,,20.08,19.47,5.23,38.21,9.9,13.79,,1.4,10.59,16.66,13.39,8.35,,1.41,27.67,4.52,14.74,7.51,10.51,1.09,11.69,1.73
21/4/2016,7.63,6.02,33.44,8.6,,10.23,2.8,8.08,7.6,10.22,2.84,1.89,,,20.12,19.45,5.24,,9.93,13.77,,1.4,10.62,16.63,13.38,8.35,,1.41,27.7,4.59,14.76,7.55,10.51,1.11,11.67,1.61
22/4/2016,7.62,5.99,33.51,8.58,,10.77,2.78,8.09,7.6,10.17,2.83,1.87,,,20.08,19.41,5.23,,9.9,13.77,,1.6,10.56,16.61,13.33,8.33,,1.41,27.64,4.56,14.72,7.57,10.48,1.12,11.65,1.49
23/4/2016,7.64,5.96,33.53,8.57,,10.01,2.73,8.08,7.6,10.09,2.8,1.86,,,19.37,19.36,5.21,,9.86,13.76,,1.68,10.55,16.6,13.28,8.31,,1.41,27.63,4.41,14.69,7.6,10.45,1.1,11.62,1.43
24/4/2016,7.58,5.85,33.49,8.56,,9.37,2.69,7.97,7.6,10.03,2.8,1.85,,,19.21,19.35,5.21,,9.84,13.75,,1.58,10.47,16.65,13.27,8.28,,1.41,27.6,4.28,14.68,7.63,10.44,1.09,11.61,1.43
25/4/2016,7.55,5.83,33.6,8.53,,9.2,2.75,7.95,7.6,10.03,2.81,1.88,,,19.11,19.38,5.21,,9.83,13.77,,1.55,10.46,16.7,13.27,8.28,,1.41,27.57,4.21,14.72,7.64,10.48,1.06,11.62,1.24
26/4/2016,7.57,5.81,33.67,8.5,,9.23,2.93,8.01,7.6,10,2.83,1.89,,,19.08,19.35,5.21,,9.82,13.77,,1.63,10.47,16.7,13.28,8.28,,1.41,27.54,4.19,14.72,7.62,10.51,1.05,11.61,1.06
27/4/2016,7.56,5.93,33.5,8.49,,10.06,2.8,7.98,7.6,10.02,2.83,1.88,,,19.72,19.34,5.21,,9.82,13.77,,1.63,10.43,16.68,13.23,8.28,,1.41,27.51,4.35,14.71,7.61,10.51,1.07,11.6,1.03
28/4/2016,7.56,5.97,33.49,8.51,,10.32,2.84,7.97,7.6,10.09,2.87,1.92,,,19.9,19.4,5.22,,9.86,13.8,,1.66,10.5,16.67,13.35,8.29,,1.42,27.9,4.44,14.74,7.61,10.56,1.06,11.61,1.07
29/4/2016,7.56,6.01,33.67,8.55,,10.38,3.2,7.97,7.6,10.1,2.89,1.94,,,19.97,19.41,5.24,,9.88,13.81,,1.68,10.44,16.69,13.34,8.3,,1.42,27.75,4.49,14.77,7.63,10.6,1.1,11.63,1.15
30/4/2016,7.56,6.01,33.67,8.52,,9.81,3.08,7.94,7.6,10.01,2.9,1.93,,,19.32,19.35,5.24,,9.92,13.83,,1.67,10.46,16.66,13.31,8.29,,1.42,27.93,4.43,14.76,7.66,10.62,1.12,11.61,1.13
1/5/2016,7.55,6.04,33.53,8.5,,9.42,2.84,7.92,7.6,9.95,2.8,1.82,,,19.16,19.34,5.22,,9.87,13.81,,1.67,10.44,16.65,13.29,8.28,,1.42,27.66,4.32,14.76,7.68,10.61,1.05,11.59,1.1
2/5/2016,7.54,6.03,33.47,8.47,,9.4,2.8,7.89,7.6,9.91,2.79,1.8,,,19.13,19.35,5.22,,9.86,13.8,,1.67,10.4,16.66,13.27,8.24,,1.42,27.62,4.35,14.77,7.7,10.62,1.03,11.56,1.09
3/5/2016,7.54,6.03,33.42,8.46,,10.13,2.77,7.89,7.6,9.96,2.79,1.8,,,19.8,19.35,5.22,,9.86,13.8,,1.66,10.41,16.66,13.27,8.24,,1.42,27.58,4.39,14.78,7.7,10.65,1,11.57,1.06
4/5/2016,7.54,6.02,33.44,8.45,,10.38,2.76,7.91,7.6,10.01,2.82,1.81,,,19.92,19.38,5.23,,9.87,13.79,,1.66,10.38,16.64,13.31,8.28,,1.42,27.63,4.49,14.8,7.7,10.68,1.1,11.58,1.01
5/5/2016,7.55,6.07,33.86,8.45,,10.49,2.91,7.9,7.6,10.07,2.85,1.85,,,19.99,19.37,5.24,,9.9,13.79,,1.65,10.4,16.64,13.33,8.29,,1.42,27.63,4.5,14.82,7.7,10.73,1.09,11.61,0.97
6/5/2016,7.54,6.04,33.61,8.43,,10.48,2.76,7.88,7.6,10.05,2.86,1.86,,,20.02,19.35,5.24,,9.95,13.78,,1.65,10.37,16.66,13.37,8.3,,1.42,27.62,4.56,14.82,7.71,10.76,1.1,11.61,0.99
7/5/2016,7.54,6.03,33.57,8.41,,10.15,2.84,7.86,7.6,9.97,2.88,1.86,,,19.42,19.35,5.24,,9.95,13.77,,1.71,10.36,16.65,13.39,8.29,,1.42,28.28,4.58,14.81,7.72,10.78,1.17,11.62,1.1
8/5/2016,7.54,6.05,33.51,8.43,,9.81,2.85,7.85,7.6,9.92,2.89,1.88,,,19.3,19.35,5.24,,9.95,13.76,,1.75,10.34,16.67,13.33,8.29,,1.42,27.7,4.5,14.82,7.74,10.82,1.1,11.64,1.19
9/5/2016,7.54,6.07,33.63,8.47,,9.75,2.88,7.84,7.6,9.91,2.89,1.9,,,19.26,19.35,5.24,,9.98,13.75,,1.73,10.33,16.72,13.31,8.3,,1.42,27.71,4.52,14.85,7.77,10.87,1.09,11.66,1.27
10/5/2016,7.53,6.04,33.71,8.44,,10.31,3.53,7.82,7.6,9.95,2.89,1.9,,,19.9,19.32,5.24,,9.98,13.73,,1.74,10.34,16.75,13.29,8.3,,1.42,27.86,4.59,14.84,7.8,10.91,1.09,11.67,1.19
11/5/2016,7.52,6.03,33.54,8.42,,10.49,4.45,7.8,7.6,9.9,2.89,1.86,,,19.95,19.18,5.2,,9.93,13.67,,1.8,10.28,16.72,13.28,8.28,,1.42,27.58,4.65,14.8,7.83,10.93,1.07,11.65,0.88
12/5/2016,7.49,6.01,33.46,8.42,,10.56,5.04,7.79,7.6,9.88,2.63,1.35,,,19.93,19.26,5.18,,9.89,13.55,,1.82,10.24,16.71,13.22,8.27,,1.42,27.58,4.64,14.79,7.85,10.93,1.08,11.63,0.65
13/5/2016,7.49,6.01,33.44,8.45,,10.64,5.5,7.8,7.6,9.9,2.56,1.35,,,19.94,19.27,5.13,,9.87,13.4,,1.75,10.18,16.77,13.23,8.26,,1.42,27.59,4.62,14.8,7.86,10.97,1.06,11.64,0.55
14/5/2016,7.41,6.03,33.29,8.47,,9.76,4.97,7.8,7.6,9.88,2.48,1.35,,,19.92,19.3,5.04,,9.88,13.34,,1.61,10.16,16.8,13.27,8.26,,1.42,27.74,4.43,14.81,7.84,11.03,1.06,11.66,0.47
15/5/2016,7.4,6.02,33.55,8.48,,9.53,4.59,7.81,7.6,9.86,2.38,1.15,,,19.87,19.32,5.04,,9.87,13.3,,1.56,10.15,16.84,13.27,8.26,,1.42,27.71,4.3,14.85,7.83,11.1,1.09,11.69,0.42
16/5/2016,7.48,6.07,33.28,8.46,,9.47,4.46,7.82,7.6,9.86,2.38,1.14,,,19.93,19.34,5.15,,9.89,13.27,,1.52,10.11,16.8,13.3,8.27,,1.42,28.09,4.3,14.89,7.83,11.19,1.06,11.71,0.36
17/5/2016,7.47,6.09,33.41,8.47,,10.25,4.6,7.82,7.6,9.94,2.39,1.32,,,20.1,19.31,5.14,,9.9,13.26,,1.53,10.09,16.76,13.31,8.27,,1.43,27.72,4.43,14.88,7.84,11.24,1.13,11.72,0.33
18/5/2016,7.47,6.07,33.26,8.47,,10.41,4.87,7.8,7.6,9.93,2.44,1.38,,,20.15,19.3,5.12,,9.94,13.24,,1.54,10.07,16.74,13.28,8.27,,1.43,27.8,4.49,14.88,7.86,11.3,1.14,11.7,0.37
19/5/2016,7.46,6.01,33.11,8.45,,10.46,4.57,7.78,7.6,9.88,2.49,1.42,,,20.15,19.29,5.1,,9.85,13.2,,1.51,10.06,16.74,13.23,8.26,,1.43,27.65,4.51,14.86,7.88,11.34,1.13,11.7,0.44
20/5/2016,7.47,6.1,33.05,8.45,,10.41,4.46,7.78,7.6,9.9,2.51,1.46,,,20.17,19.31,5.1,,9.8,13.17,,1.48,10.05,16.75,13.28,8.26,,1.43,27.77,4.47,14.89,7.9,11.39,1.1,11.72,0.67
21/5/2016,7.47,6.11,33.54,8.5,,9.88,4.63,7.79,7.6,9.88,2.57,1.51,,,19.64,19.33,5.1,,9.77,13.17,,1.49,10.01,16.74,13.24,8.27,,1.43,27.84,4.37,14.91,7.92,11.46,1.12,11.73,0.82
22/5/2016,7.46,6.09,33.95,8.51,,9.62,4.75,7.79,7.6,9.78,2.58,1.54,,,19.46,19.3,5.09,,9.76,13.18,,1.53,9.97,16.72,13.23,8.26,,1.43,27.82,4.34,14.9,7.93,11.51,1.14,11.71,0.92
23/5/2016,7.46,6.08,33.67,8.52,,9.59,4.97,7.78,7.6,9.76,2.57,1.55,,,19.37,19.28,5.07,,9.72,13.18,,1.71,9.94,16.69,13.19,8.26,,1.43,27.57,4.36,14.88,7.94,11.54,1.12,11.71,0.98
24/5/2016,7.46,6.09,33.47,8.51,,10.23,5.41,7.78,7.6,9.78,2.58,1.57,,,20.03,19.3,5.07,,9.74,13.21,,1.71,9.9,16.69,13.18,8.26,,1.43,28.16,4.63,14.89,7.95,11.58,1.11,11.73,1.02
25/5/2016,7.47,6.12,33.43,8.51,,10.38,5.63,7.8,7.6,9.8,2.62,1.61,,,20.21,19.32,5.07,,9.76,13.24,,1.72,9.92,16.74,13.23,8.26,,1.43,27.59,4.61,14.91,7.98,11.65,1.15,11.75,1.07
26/5/2016,7.47,6.15,33.99,8.52,,10.55,6.07,7.8,7.6,9.84,2.64,1.63,,,20.3,19.34,,,9.79,13.26,,1.71,9.92,16.74,13.21,8.27,,1.43,28.41,4.61,14.93,8,11.72,1.19,11.77,1.1
27/5/2016,7.48,6.16,33.84,8.57,,10.7,5.93,7.84,7.6,9.86,2.64,1.65,,,20.48,19.35,,,9.88,13.3,,1.68,9.93,16.74,13.23,8.28,,1.43,28.1,4.67,14.96,8.02,11.8,1.2,11.78,1.13
28/5/2016,7.48,6.17,34.29,8.62,,10.1,5.82,7.84,7.6,9.82,2.64,1.66,,,19.84,19.35,,,9.88,13.34,,1.72,9.88,16.74,13.2,8.28,,1.43,27.95,4.64,14.96,8.05,11.87,1.25,11.79,1.18
29/5/2016,7.47,6.15,34.02,8.63,,9.72,5.25,7.91,7.6,9.74,2.55,1.66,,,19.58,19.31,,,9.83,13.35,,1.7,9.84,16.73,13.2,8.28,,1.43,27.63,4.49,14.95,8.07,11.93,1.21,11.78,1.25
30/5/2016,7.47,6.16,33.78,8.62,,9.68,4.89,7.89,7.6,9.72,2.54,1.65,,,19.51,19.3,,,9.83,13.33,,1.7,9.81,16.72,13.19,8.28,,1.43,27.59,4.5,14.94,8.09,12,1.19,11.8,1.35
31/5/2016,7.43,6.18,33.81,8.62,,10.34,5.03,8.37,7.6,10.11,2.58,1.68,,,19.92,19.33,,,9.84,13.29,,1.71,9.81,16.7,13.21,8.29,,1.43,27.51,4.55,14.97,8.1,12.06,1.22,11.81,1.59
1/6/2016,7.48,6.2,33.71,8.66,,10.56,5.18,8.24,8,10.22,2.56,1.7,,,19.98,19.35,,,9.94,13.25,,1.67,9.79,16.69,13.21,8.3,,1.43,27.43,4.66,14.98,8.11,12.11,1.27,11.81,1.66
2/6/2016,7.47,6.21,33.64,8.66,,9.91,5.36,8.13,10.65,10.23,2.47,1.67,,,19.57,19.33,,,9.92,13.2,,1.66,9.77,16.68,13.2,8.3,,1.43,27.4,4.53,14.98,8.12,12.15,1.27,11.81,1.71
3/6/2016,7.45,6.23,33.61,8.67,,9.7,6.01,8.1,11.12,10.24,2.43,1.63,,,19.47,19.31,,,9.9,13.16,,1.66,9.77,16.67,13.17,8.3,,1.43,27.7,4.51,14.98,8.13,12.19,1.29,11.81,1.76
4/6/2016,7.45,6.26,33.69,8.71,,9.52,6.76,8.12,11.34,10.25,2.48,1.64,,,19.4,19.32,,,9.89,13.15,,1.68,9.73,16.65,13.17,8.3,,1.43,27.4,4.57,14.99,8.14,12.24,1.37,11.83,1.81
5/6/2016,7.38,6.26,33.64,8.74,,9.44,6.7,8.2,11.53,10.2,2.53,1.68,,,19.4,19.32,,,9.89,13.12,,1.68,9.72,16.64,13.19,8.31,,1.44,27.57,4.53,15.01,8.14,12.29,1.37,11.85,1.85
6/6/2016,7.43,6.28,33.72,8.75,,9.41,6.24,8.32,11.55,10.19,2.54,1.51,,,19.43,19.33,,,9.9,13.11,,1.67,9.73,16.64,13.2,8.31,,1.44,27.49,4.54,15.03,8.15,12.34,1.36,11.86,1.92
7/6/2016,7.43,6.35,33.9,8.76,,10.2,6.26,8.3,11.64,10.26,2.54,1.51,,,19.83,19.34,,,10.05,13.1,,1.69,9.73,16.61,13.23,8.32,,1.44,27.43,4.63,15.04,8.14,12.41,1.36,11.88,1.97
8/6/2016,7.43,6.29,33.94,8.79,,10.52,7.01,8.32,11.73,10.27,2.54,1.55,,,20.03,19.32,,,10.1,13.08,,1.7,9.76,16.59,13.21,8.33,,1.44,27.36,4.73,15.04,8.13,12.47,1.38,11.88,1.95
9/6/2016,7.41,6.28,33.89,8.76,,10.69,5.98,8.3,11.77,10.25,2.32,1.41,,,19.9,19.31,,,9.99,13.06,,1.71,9.71,16.57,13.2,8.31,,1.44,27.22,4.73,15.04,8.13,12.53,1.31,11.88,1.95
10/6/2016,7.41,6.28,33.85,8.7,,10.17,5.82,8.31,11.82,10.27,2.31,1.41,,,19.86,19.31,,,9.93,13.05,,1.71,9.7,16.58,13.17,8.29,,1.44,27.47,4.73,15.04,8.13,12.58,1.27,11.88,1.96
11/6/2016,7.42,6.27,34.01,8.66,,9.98,5.59,8.32,11.84,10.24,2.35,1.45,,,19.44,19.31,,,9.92,13.03,,1.75,9.73,16.59,13.2,8.29,,1.44,27.75,4.75,15.05,8.13,12.63,1.37,11.89,2.1
12/6/2016,7.41,6.27,34.12,8.6,,9.54,5.48,8.29,11.87,10.15,2.43,1.49,,,19.31,19.28,,,9.87,13.02,,1.73,9.72,16.58,13.17,8.28,,1.44,27.19,4.59,15.06,8.14,12.69,1.28,11.89,2.13
13/6/2016,7.41,6.24,34.27,8.56,,9.52,5.16,8.31,11.8,10.15,2.49,1.51,,,19.27,19.27,,,9.85,13,,1.75,9.71,16.59,13.15,8.28,,1.44,27.05,4.58,15.06,8.14,12.71,1.21,11.88,2.12
14/6/2016,7.4,6.22,34.17,8.52,,10.4,5.1,8.31,11.83,10.16,2.53,1.54,,,19.64,19.27,,,9.84,13,,1.8,9.73,16.6,13.16,8.27,,1.44,27.07,4.68,15.06,8.15,12.74,1.27,11.87,2.15
15/6/2016,7.41,6.26,34.13,8.52,,10.62,5.02,8.3,11.88,10.21,2.55,1.56,,,19.68,19.28,,,9.85,13,,1.8,9.75,16.6,13.13,8.27,,1.44,27.17,4.72,15.07,8.16,12.77,1.28,11.87,2.2
16/6/2016,7.41,6.28,34.11,8.52,,10.75,5.16,8.34,12,10.28,2.58,1.61,,,19.73,19.29,,,9.87,13.01,,1.8,9.77,16.66,13.14,8.26,,1.44,27.03,4.72,15.09,8.17,12.83,1.33,11.89,2.24
17/6/2016,7.41,6.32,34.43,8.53,,10.86,5.79,8.38,12.15,10.31,2.6,1.62,,,20.06,19.31,,,9.88,13.01,,1.73,9.82,16.66,13.15,8.27,,1.44,27.02,4.8,15.11,8.19,,1.32,11.9,2.34
18/6/2016,7.43,6.35,34.58,8.6,,10.37,6.4,8.46,12.23,10.35,2.65,1.68,,,19.77,19.38,,,9.99,12.96,,1.7,9.89,16.66,13.21,8.29,,1.44,27.84,4.89,15.16,8.2,,1.39,11.95,2.36
19/6/2016,7.44,6.36,34.44,8.68,,10.04,6.71,8.62,12.34,10.25,2.66,1.69,,,19.48,19.33,,,9.95,12.94,,1.8,9.9,16.65,13.19,8.3,,1.44,27.87,4.84,15.16,8.22,,1.36,11.96,2.36
20/6/2016,7.45,6.38,35.3,8.69,,10,5.81,8.62,12.24,10.26,2.65,1.69,,,19.43,19.34,,,9.94,12.93,,1.8,9.94,16.44,13.22,8.3,,1.44,27.84,4.83,15.17,8.23,,1.28,11.96,2.4
21/6/2016,7.46,6.42,35.3,8.7,,10.81,5.74,8.65,12.32,10.09,2.64,1.72,,,19.86,19.39,,,9.97,12.94,,1.81,10.02,16.41,13.3,8.33,,1.44,,4.82,15.2,8.24,,1.42,11.99,2.41
22/6/2016,7.47,6.46,35.49,8.75,,11.1,5.71,8.7,12.39,10.01,2.66,1.73,,,20.01,19.28,,,10.6,12.95,,1.83,10.05,16.39,13.35,8.33,,1.45,28.13,4.88,15.22,8.26,,1.56,12.01,2.41
23/6/2016,7.5,6.47,35.58,8.82,,11.33,5.71,8.74,12.43,10,2.64,1.73,,,20.44,19.37,,,10.88,12.97,,1.85,10.11,16.38,13.33,8.34,,1.45,27.64,4.95,15.26,8.27,,1.62,12.02,2.39
24/6/2016,7.51,6.44,35.8,8.86,,11.14,5.7,8.85,12.48,10.35,2.62,1.73,,,20.79,19.25,,,11.04,13,,1.85,10.19,16.36,13.4,8.35,,1.45,27.88,5.04,15.27,8.29,,1.63,12.01,2.38
25/6/2016,7.5,6.47,35.94,8.89,,10.9,5.67,8.86,12.48,10.36,2.62,1.73,,,20.13,19.41,,,11.22,13.04,,1.88,10.29,16.48,13.45,8.34,,1.45,27.83,5.01,15.3,8.3,,1.77,12.03,2.38
26/6/2016,7.51,6.47,36.11,8.95,,10.68,5.72,8.89,12.54,10.28,2.63,1.74,,,19.92,19.36,,,11,13.09,,1.91,10.31,16.54,13.44,8.35,,1.45,27.61,4.95,15.35,8.31,,1.98,12.04,2.41
27/6/2016,7.51,6.49,36.22,9.03,,10.61,5.67,8.94,12.69,10.29,2.64,1.75,,,19.83,19.51,,,10.87,13.13,,1.91,10.42,16.68,13.4,8.36,,1.45,27.86,4.99,15.35,8.31,,1.79,12.07,2.46
28/6/2016,7.52,6.51,36.18,9.11,,11.36,5.66,8.99,12.86,,2.65,1.78,,,20.64,19.53,,,11.58,13.19,,1.91,10.5,16.74,13.44,8.39,,1.45,28.33,5.19,15.42,8.32,,1.98,12.11,2.5
29/6/2016,7.52,6.52,36.26,9.18,,11.75,5.67,9.19,12.9,,2.67,1.79,,,20.81,19.51,,,11.65,13.25,,1.92,10.59,16.75,13.42,8.41,,1.45,28.48,5.39,15.44,8.33,,1.86,12.13,2.55
30/6/2016,7.53,6.53,36.22,9.2,,11.9,5.54,9.22,12.93,,2.69,1.8,,,21.15,19.58,,38.2,11.48,13.33,,1.93,10.68,16.75,13.49,8.45,,1.45,28.7,5.52,15.49,8.34,,1.82,12.15,2.71
1/7/2016,7.54,6.48,36.33,9.25,,12.02,5.57,9.23,12.96,,2.68,1.82,,,21.26,19.65,,38.2,11.45,13.4,,1.95,10.72,16.8,13.55,8.49,,1.45,28.36,5.64,15.67,8.35,,2.4,12.18,2.96
2/7/2016,7.56,6.47,36.5,9.33,,11.72,5.54,9.32,12.95,,2.67,1.82,,,20.59,19.75,,38.23,12.64,13.48,,1.96,10.82,16.84,13.58,8.5,,1.45,28.07,5.72,15.66,8.35,,2.45,12.25,3.13
3/7/2016,7.58,6.57,36.7,9.4,,11.39,5.65,9.36,12.91,,2.65,1.83,,,20.46,19.77,,38.21,12.57,13.55,,1.98,10.82,16.85,13.59,8.53,,1.45,28.67,5.71,15.73,8.36,,2.51,12.31,3.29
4/7/2016,7.58,6.61,36.7,9.52,,11.31,5.75,9.46,12.91,,2.68,1.85,,,20.45,19.81,,,13.55,13.61,,2,10.92,16.89,13.62,8.56,,1.45,28.61,5.78,15.72,8.36,,2.53,12.35,3.44
5/7/2016,7.57,6.62,36.51,9.61,,12.04,5.89,9.48,12.93,,2.67,1.84,,,21.21,19.81,,,15.2,13.65,,2,10.98,16.91,13.67,8.58,,1.45,28.65,6.03,15.73,8.38,,2.47,12.39,3.56
6/7/2016,7.56,6.61,36.45,9.61,,12.34,5.97,9.86,12.85,,2.67,1.84,,,21.33,19.8,,38.2,15.38,13.73,,2.04,11.06,16.89,13.77,8.62,,1.45,28.49,6.35,15.7,8.38,,2.67,12.42,3.63
7/7/2016,7.59,6.65,36.55,9.62,,12.48,5.99,10.55,12.78,,2.67,1.86,,,21.58,19.95,,38.27,16.19,13.79,,2.1,11.14,16.91,13.98,8.64,,1.45,28.96,6.5,15.81,8.38,,2.66,12.47,3.74
8/7/2016,7.6,6.66,36.81,9.66,,12.79,6,10.92,12.75,,2.68,1.87,,,21.59,19.97,,38.19,16.59,13.88,,2.13,11.21,16.96,13.99,8.68,,1.45,28.89,6.57,15.83,8.4,,2.91,12.52,3.83
9/7/2016,7.63,6.64,36.91,9.72,,12.43,6.02,11.09,12.73,,2.68,1.88,,,21.23,19.98,,38.21,17.07,13.94,,2.12,11.3,16.98,14.07,8.69,,1.45,28.99,6.66,15.83,8.41,,2.88,12.55,3.9
10/7/2016,7.66,6.66,37.01,9.78,,12.12,5.97,11.18,12.69,,2.71,1.89,,,21,20.05,,,16.27,14.01,,2.15,11.36,16.97,14.12,8.71,,1.46,29.21,6.58,15.83,8.41,,2.47,12.59,3.96
11/7/2016,7.65,6.64,37.42,9.87,,12.06,5.98,11.35,12.69,,2.7,1.9,,,20.88,20.06,,38.2,16,14.06,,2.18,11.41,16.97,14.07,8.73,,1.45,29.34,6.67,15.85,8.41,,2.84,12.63,3.9
12/7/2016,7.67,6.63,37.68,9.9,,12.71,5.96,11.44,12.62,,2.71,1.91,,,21.96,20.03,,38.26,17.57,14.13,,2.19,11.53,17.03,14.11,8.75,,1.46,29.36,6.68,15.87,8.42,,3.19,12.68,3.87
13/7/2016,7.7,6.63,37.67,9.92,,12.99,5.83,11.46,12.65,,2.72,1.92,,,22.27,19.98,,38.29,17.66,14.18,,2.2,11.58,17.06,14.11,8.75,,1.46,29.53,6.82,15.88,8.42,,3.24,12.72,3.88
14/7/2016,7.73,6.66,37.49,9.95,,12.99,5.81,11.52,12.81,,2.72,1.94,,,22.08,19.94,,38.24,17.45,14.21,,2.19,11.66,17.13,14.09,8.78,,1.46,29.53,6.91,15.91,8.44,,2.58,12.76,3.48
15/7/2016,7.73,6.72,37.55,10,,12.76,5.43,11.58,12.84,,2.74,1.97,,,22.31,19.98,,38.31,18.04,14.25,,2.2,11.76,17.15,14.14,8.8,,1.46,29.35,6.93,15.96,8.43,,2.57,12.79,3.86
16/7/2016,7.71,6.72,37.5,9.96,,11.89,5.49,11.6,12.77,,2.7,1.97,,,21.91,20.02,,38.19,18.36,14.29,,2.22,11.85,16.81,14.18,8.81,,1.46,29.16,6.93,15.96,8.43,,2.49,12.83,3.81
17/7/2016,7.69,6.74,37.65,9.98,,11.44,5.74,11.62,12.68,,2.72,1.99,,,21.68,20.04,,,18.23,14.33,,2.23,11.89,16.8,14.18,8.83,,1.46,28.93,6.75,15.99,8.43,,2.4,12.88,3.78
18/7/2016,7.68,6.72,38.11,9.99,,11.39,5.78,11.63,12.68,,2.75,2,,,21.44,20.06,,38.22,18.37,14.38,,2.24,12,16.84,14.2,8.85,,1.46,29.02,6.8,15.98,8.44,,2.71,12.91,3.77
19/7/2016,7.71,6.75,37.64,10.01,,12.12,5.8,11.65,12.72,,2.76,2.01,,,22.3,20.16,,38.27,19.35,14.44,,2.25,12.07,16.83,14.23,8.86,,1.46,29.43,7,16.06,8.45,,3.03,12.93,3.75
20/7/2016,7.76,6.76,37.52,10.06,,12.34,5.78,11.72,12.51,,2.75,2.02,,,22.85,20.18,,38.4,19.68,14.5,,2.26,12.22,16.85,14.27,8.86,,1.46,29.22,7.26,16.06,8.45,,3.07,12.96,3.75
21/7/2016,7.74,6.72,37.36,10.1,,12.5,5.94,11.73,12.63,,2.77,2.04,,,22.9,20.2,,38.47,19.6,14.55,,2.34,12.32,16.88,14.31,8.87,,1.46,29.6,7.32,16.09,8.45,,3.16,12.99,3.76
22/7/2016,7.74,6.76,37.56,10.22,,12.66,5.96,11.81,13.08,,2.79,2.05,,,22.81,20.32,,38.58,19.53,14.61,,2.38,12.39,16.91,14.4,8.9,,1.46,29.57,7.44,16.09,8.46,,2.95,13.01,3.78
23/7/2016,7.74,6.81,37.61,10.36,,12.35,6.18,11.84,13.18,,2.8,2.07,,,22.18,20.28,,38.58,19.28,14.66,,2.4,12.52,16.93,14.47,8.92,,1.46,29.52,7.3,16.13,8.46,,2.97,13.04,3.8
24/7/2016,7.74,6.79,37.64,10.42,,11.84,6,11.86,13.21,,2.81,2.07,,,21.96,20.29,,38.2,18.56,14.71,,2.38,12.59,16.97,14.44,8.93,,1.46,29.51,7.07,16.14,8.46,,3.11,13.07,3.8
25/7/2016,7.74,6.79,37.72,10.47,,11.78,5.94,11.88,13.2,,2.81,2.07,,,21.76,20.28,,38.21,18.46,14.72,,2.37,12.66,17,14.48,8.93,,1.46,29.25,7.24,16.14,8.46,,2.91,13.09,3.83
26/7/2016,7.77,6.81,37.99,10.51,,12.48,6.05,11.94,13.26,,2.82,2.09,,,22.56,20.27,,38.31,19.61,14.74,,2.38,12.82,17,14.58,8.93,,1.46,29.31,7.28,16.17,8.47,,3.21,13.11,3.86
27/7/2016,7.81,6.82,38.4,10.48,,12.8,6.14,11.99,13.3,,2.83,2.11,,,22.89,20.31,,38.4,20.13,14.78,,2.38,12.89,17,14.61,8.94,,1.46,29.46,7.51,16.2,8.47,,3.37,13.13,3.88
28/7/2016,7.8,6.84,38.27,10.39,,12.98,6.09,11.99,13.31,,2.85,2.13,,,22.96,20.33,,38.46,20.2,14.81,,2.39,12.99,17.01,14.59,8.95,,1.46,29.37,7.42,16.25,8.47,,3.2,13.14,3.92
29/7/2016,7.81,6.85,38.24,10.3,,13.15,6.01,12,13.37,,2.86,2.14,,,23.09,20.36,,38.51,19.7,14.81,,2.4,13.06,17.01,14.67,8.97,,1.46,29.49,7.47,16.26,8.48,,3.38,13.16,3.95
30/7/2016,7.8,6.87,38.61,10.3,,12.84,6.01,12.06,13.41,,2.87,2.15,,,22.72,20.34,,38.61,17.84,14.83,,2.4,13.17,17.02,14.72,8.98,,1.46,29.32,7.61,16.33,8.49,,3.66,13.19,3.97
31/7/2016,7.79,6.88,38.52,10.31,,12.41,6,12.07,12.49,,2.88,2.17,,,22.45,20.31,,38.29,17.01,14.83,,2.4,13.23,17.02,14.74,8.99,,1.46,29.5,7.47,16.47,8.49,,3.46,13.2,3.99
1/8/2016,7.78,6.91,38.51,10.32,,12.37,6.03,12.12,12.41,,2.89,2.18,,,22.27,20.25,,38.31,16.13,14.83,,2.41,13.34,17.05,14.7,9,,1.47,29.45,7.63,16.53,8.5,,3.44,13.22,4.05
2/8/2016,7.8,6.93,38.61,10.29,,12.82,6.06,12.07,12.4,,2.92,2.2,,,23.05,20.31,,38.61,15.85,14.84,,2.43,13.43,17.08,14.72,9,,1.47,29.56,7.58,16.53,8.5,,3.25,13.24,4.09
3/8/2016,7.85,6.92,38.44,10.31,,12.89,6.11,12.06,13.1,,2.93,2.21,,,23.22,20.31,,38.66,16.12,14.85,,2.44,13.56,17.1,14.7,9.01,,1.47,29.62,7.61,16.51,8.53,,3.49,13.27,4.1
4/8/2016,7.87,6.93,38.41,10.37,,12.92,6.22,12.07,13.18,,2.94,2.22,,,23.42,20.3,,38.68,15.74,14.85,,2.45,13.65,17.15,14.67,9.02,,1.47,29.66,7.65,16.58,8.53,,3.76,13.29,4.1
5/8/2016,7.86,6.92,38.71,10.4,,12.7,6.2,12.11,13.37,,2.94,2.23,,,23.33,20.27,,38.48,15.16,14.86,,2.46,13.71,17.17,14.62,9.02,,1.47,29.55,7.34,16.58,8.53,,3.73,13.29,4.14
6/8/2016,7.85,6.88,38.85,10.44,,12.2,6.08,12.14,13.44,,2.96,2.24,,,22.77,20.28,,38.24,14.81,14.85,,2.48,13.77,17.16,14.64,9.04,,1.47,29.8,7.18,16.57,8.56,,3.3,13.32,4.2
7/8/2016,7.86,6.97,38.92,10.42,,12.03,6.19,12.23,13.41,,2.97,2.26,,,22.56,20.35,,38.19,14.56,14.85,,2.49,13.86,17.12,14.65,9.05,,1.47,29.66,7.28,16.59,8.55,,3.41,13.36,4.24
8/8/2016,7.84,6.97,39.26,10.35,,12.08,6.35,12.22,13.4,,2.98,2.27,,,22.53,20.33,,,14.44,14.86,,2.48,13.96,17.1,14.64,9.07,,1.47,29.74,7.37,16.58,8.54,,3.16,13.37,4.27
9/8/2016,7.84,6.93,39.17,10.35,,12.07,6.51,12.3,13.4,,2.99,2.26,,,23.3,20.44,,,14.46,14.89,,2.47,14.05,17.15,14.63,9.08,,1.47,29.82,7.58,16.61,8.53,,3.88,13.37,4.28
10/8/2016,7.87,6.93,39.23,10.37,,12.26,6.33,12.28,13.44,,3,2.27,,,23.36,20.37,,,14.53,14.92,,2.48,14.13,17.15,14.62,9.09,,1.47,29.79,7.51,16.65,8.53,,3.88,13.38,4.31
11/8/2016,7.84,6.98,39.16,10.36,,11.81,6.34,12.3,13.46,,3.01,2.29,,,23.3,20.37,,,14.2,14.93,,2.5,14.19,17.18,14.66,9.1,,1.47,29.77,7.45,16.64,8.52,,3.4,13.4,4.39
12/8/2016,7.86,7.01,39.29,10.31,,11.69,6.45,12.31,13.45,,3.02,2.3,,,23.3,20.42,,,14.02,14.94,,2.52,14.31,17.17,14.67,9.11,,1.47,29.83,7.47,16.69,8.52,,3.57,13.44,4.45
13/8/2016,7.85,7.01,39.45,10.3,,11.56,6.51,12.33,13.51,,3.03,2.31,,,22.81,20.42,,,13.94,14.97,,2.52,14.38,17.14,14.68,9.11,,1.47,29.81,7.49,16.7,8.52,,3.67,13.46,4.47
14/8/2016,7.85,7.02,39.51,10.34,,11.45,6.65,12.33,13.43,,3.04,2.31,,,22.61,20.4,,,13.86,15,,2.53,14.44,17.2,14.67,9.12,,1.47,29.76,7.32,16.73,8.53,,3.6,13.46,4.48
15/8/2016,7.84,7.02,39.62,10.41,,11.34,6.26,12.34,13.41,,3.06,2.31,,,22.54,20.36,,,13.76,15.03,,2.52,14.53,17.22,14.66,9.15,,1.47,29.71,7.18,16.74,8.53,,3.68,13.47,4.49
16/8/2016,7.84,7.02,39.72,10.4,,11.3,5.97,12.34,13.4,,3.07,2.32,,,22.44,20.36,,,13.72,15.05,,2.53,14.6,17.18,14.66,9.15,,1.47,30.13,7.14,16.77,8.53,,3.8,13.48,4.32
17/8/2016,7.86,6.98,39.86,10.4,,11.37,5.88,12.42,13.43,,3.07,2.32,,,23.34,20.45,,,13.76,15.09,,2.53,14.71,17.16,14.67,9.17,,1.47,30.04,7.13,16.81,8.53,,3.81,13.49,4.29
18/8/2016,7.88,7.02,39.76,10.36,,11.27,5.93,12.36,13.45,,3.08,2.33,,,23.34,20.53,,,13.69,15.13,,2.55,14.81,17.15,14.67,9.17,,1.47,29.99,7.16,16.83,8.53,,4.17,13.51,4.41
19/8/2016,7.88,7.05,40.08,10.25,,11.2,6.32,12.38,13.69,,3.04,2.33,,,23.47,20.5,,,13.66,15.16,,2.57,14.87,17.17,14.72,9.17,,1.47,30.18,7.22,16.84,8.54,,4.03,13.53,4.51
20/8/2016,7.83,7.02,40.19,10.2,,11.34,6.34,12.43,13.77,,3,2.33,,,22.83,20.43,,,13.55,15.19,,2.57,14.98,17.24,14.76,9.19,,1.48,30.33,7.2,16.9,8.54,,3.92,13.56,4.56
21/8/2016,7.83,7.01,40.29,10.17,,11.27,6.44,12.41,13.73,,3.02,2.33,,,22.45,20.25,,,13.42,15.2,,2.58,15.03,17.25,14.71,9.21,,1.48,30.26,7,16.95,8.53,,4.01,13.59,4.59
22/8/2016,7.86,6.97,40.37,10.07,,11.24,6.58,12.39,13.72,,2.93,2.35,,,22.38,20.36,,,13.33,15.21,,2.61,15.11,17.27,14.73,9.21,,1.48,30.27,7.07,16.97,8.53,,3.88,13.62,4.69
23/8/2016,7.86,7.06,40.62,9.95,,11.43,6.52,12.43,13.77,,3.12,2.36,,,23.08,20.36,,,13.25,15.24,,2.61,15.19,17.25,14.71,9.22,,1.48,30.23,7.15,16.99,8.54,,3.86,13.66,4.71
24/8/2016,7.86,7.11,40.41,9.85,,11.31,6.43,12.37,13.86,,3.13,2.36,,,23.18,20.35,,38.2,13.17,15.26,,2.62,15.29,17.25,14.7,9.21,,1.48,30.29,7.25,17.02,8.54,,4.18,13.58,4.72
25/8/2016,7.86,7.09,40.59,9.79,,11.27,6.42,12.37,13.84,,3.13,2.36,,,23.31,20.4,,38.31,13.1,15.29,,2.62,15.37,17.29,14.74,9.22,,1.48,30.44,7.32,17.06,8.55,,4.27,13.58,4.74
26/8/2016,7.87,7.13,40.62,9.78,,11.22,6.41,12.39,13.85,,3.14,2.37,,,23.51,20.43,,38.47,13.08,15.32,,2.63,15.47,17.33,14.74,9.23,,1.48,30.52,7.47,17.11,8.55,,4.35,13.6,4.77
27/8/2016,7.88,7.12,40.65,9.78,,11.3,6.44,12.41,13.9,,3.15,2.37,,,22.99,20.44,,38.49,13.05,15.36,,2.63,15.57,17.39,14.8,9.24,,1.48,30.45,7.49,17.09,8.56,,3.92,13.65,5.02
28/8/2016,7.88,7.14,40.88,9.83,,11.21,6.46,12.44,13.86,,3.16,2.38,,,22.84,20.44,,38.35,12.98,15.38,,2.63,15.63,17.41,14.84,9.26,,1.48,30.37,7.46,17.15,8.55,,3.81,13.69,5.13
29/8/2016,7.88,7.13,40.67,9.89,,11.2,6.29,12.45,13.8,,3.17,2.38,,,22.72,20.43,,38.36,12.9,15.41,,2.64,15.73,17.44,14.83,9.27,,1.48,30.84,7.51,17.16,8.55,,3.79,13.73,5.1
30/8/2016,7.89,7.17,40.69,9.89,,11.51,5.55,12.48,13.89,,3.18,2.39,,,23.61,20.43,,38.81,12.85,15.43,,2.65,15.82,17.43,14.85,9.27,,1.48,30.25,7.58,17.17,8.56,,4.26,13.77,5.03
31/8/2016,7.9,7.17,40.67,9.85,,11.59,6.24,12.47,13.95,,3.18,2.4,,,23.54,20.41,,38.82,12.8,15.43,,2.66,15.87,17.41,14.84,9.29,,1.48,30.3,7.45,17.2,8.56,,4.14,13.83,5.04
1/9/2016,7.92,7.19,40.73,9.82,,11.69,6.27,12.48,13.96,,3.19,2.4,,,23.56,20.4,,38.82,12.76,15.44,,2.66,15.97,17.48,14.87,9.29,,1.48,30.5,7.36,17.24,8.56,,3.96,13.87,5.06
2/9/2016,7.95,7.2,40.93,9.84,,11.87,6.34,12.51,14.02,,3.2,2.4,,,23.71,20.46,,38.92,12.72,15.44,,2.67,16.06,17.47,14.88,9.3,,1.48,30.43,7.43,17.29,8.57,,3.95,13.91,5.08
3/9/2016,7.95,7.2,40.93,9.86,,11.74,6.26,12.52,14.07,,3.21,2.41,,,23.06,20.45,,39.08,12.71,15.45,,2.67,16.14,17.47,14.88,9.29,,1.48,30.32,7.46,17.29,8.57,,3.97,13.93,5.08
4/9/2016,7.94,7.18,40.98,9.9,,11.48,6.21,12.52,14,,3.21,2.41,,,22.87,20.44,,38.9,12.65,15.46,,2.66,16.21,17.48,14.91,9.29,,1.48,30.67,7.21,17.29,8.57,,4.2,13.97,5.08
5/9/2016,7.94,7.18,41.12,9.92,,11.45,6.07,12.52,13.98,,3.22,2.41,,,22.82,20.05,,38.92,12.62,15.47,,2.67,16.27,17.5,14.89,9.3,,1.48,30.44,7.19,17.28,8.58,,4.03,13.98,5.03
6/9/2016,7.93,7.19,41.15,9.93,,12.13,5.85,12.53,14.04,,3.22,2.42,,,23.65,20.48,,39.23,12.57,15.49,,2.69,16.36,17.51,14.97,9.3,,1.48,30.41,7.32,17.3,8.58,,3.79,14.02,4.84
7/9/2016,7.94,7.21,41.1,9.89,,12.19,5.79,12.52,14.04,,3.22,2.4,,,23.6,20.46,,39.23,12.52,15.52,,2.69,16.44,17.52,14.92,9.3,,1.48,30.7,7.14,17.32,8.58,,3.46,14.05,4.64
8/9/2016,7.93,7.21,41.49,9.87,,12.26,5.74,12.52,14.02,,3.23,2.4,,,23.59,20.47,,39.12,12.48,15.53,,2.69,16.49,17.55,14.91,9.3,,1.48,30.44,7.12,17.36,8.58,,3.96,14.06,4.47
9/9/2016,7.93,7.22,41.41,9.89,,12.25,5.79,12.52,14.01,,3.24,2.41,,,23.58,20.48,,39.17,12.46,15.55,,2.7,16.56,17.58,14.95,9.3,,1.48,30.67,7.12,17.4,8.58,,4.11,14.08,4.32
10/9/2016,7.94,7.24,41.45,9.91,,11.72,5.72,12.52,14.05,,3.24,2.41,,,23.07,20.5,,39.04,12.43,15.57,,2.7,16.65,17.58,14.97,9.31,,1.49,30.58,7.2,17.46,8.59,,3.96,14.11,4.21
11/9/2016,7.95,7.26,41.78,9.94,,11.4,5.46,12.54,14.05,,3.25,2.42,,,22.88,20.22,,38.78,12.39,15.59,,2.71,16.73,17.6,14.96,9.31,,1.49,30.52,7.21,17.46,8.59,,3.95,14.14,4.1
12/9/2016,7.95,7.28,41.81,9.97,,11.35,4.82,12.53,14.04,,3.26,2.43,,,22.81,20.53,,38.8,12.38,15.61,,2.72,16.77,17.64,14.99,9.32,,1.49,30.76,7.22,17.5,8.59,,3.96,14.15,3.97
13/9/2016,7.96,7.26,42,9.94,,12.06,4.6,12.53,14.04,,3.26,2.43,,,23.6,20.54,,39.11,12.35,15.63,,2.72,16.87,17.65,14.98,9.31,,1.49,30.72,7.15,17.47,8.59,,3.57,14.14,3.87
14/9/2016,7.96,7.28,42.02,9.95,,12.38,4.43,12.54,14.07,,3.26,2.43,,,23.7,20.55,,39.19,12.31,15.65,,2.73,16.97,17.67,15.03,9.32,,1.49,30.75,7.1,17.48,8.59,,3.75,14.15,3.8
15/9/2016,7.97,7.29,42.22,9.94,,12.59,4.36,12.55,14.1,,3.27,2.43,,,23.75,20.31,,39.29,12.28,15.66,,2.74,17.04,17.69,15,9.32,,1.49,30.84,7.06,17.45,8.59,,3.9,14.17,3.62
16/9/2016,7.95,7.27,42.49,9.84,,12.44,4.22,12.53,14.07,,3.27,2.4,,,23.67,20.51,,39.15,12.22,15.61,,2.74,17.07,17.71,14.99,9.29,,1.49,30.56,6.91,17.45,8.59,,3.47,14.19,3.48
17/9/2016,7.94,7.27,42.43,9.78,,11.7,4.11,12.52,14.02,,3.28,2.4,,,22.89,20.54,,39.1,12.15,15.45,,2.74,17.1,17.73,14.96,9.29,,1.49,30.63,6.78,17.43,8.59,,3.35,14.19,3.28
18/9/2016,7.93,7.25,42.48,9.7,,11.3,3.89,12.5,14.02,,3.29,2.41,,,22.71,19.71,,38.81,12.1,15.35,,2.74,17.14,17.74,14.93,9.28,,1.49,30.35,6.58,17.43,8.59,,3.22,14.22,3.18
19/9/2016,7.94,7.29,42.66,9.64,,11.27,3.86,12.49,14,,3.29,2.41,,,22.63,20.55,,38.79,12.08,15.28,,2.74,17.2,17.73,14.91,9.27,,1.49,30.83,6.61,17.43,8.59,,3.15,14.23,3.11
20/9/2016,7.94,7.3,42.52,9.59,,11.94,3.8,12.48,14.02,,3.3,2.43,,,23.07,20.59,,39.15,12.1,15.21,,2.75,17.28,17.74,14.98,9.27,,1.49,30.32,6.64,17.47,8.6,,3.18,14.25,2.99
21/9/2016,7.95,7.32,42.56,9.55,,12.12,3.63,12.47,14.05,,3.17,2.38,,,23.16,20.61,,39.21,12.08,15.17,,2.76,17.34,17.74,15,9.22,,1.49,30.33,6.64,17.48,8.6,,3.19,14.26,2.87
22/9/2016,7.96,7.34,42.55,9.52,,12.14,3.59,12.46,14.07,,3.14,2.38,,,23.17,20.61,,39.23,12.06,15.13,,2.77,17.41,17.75,15.01,9.22,,1.49,30.36,6.62,17.5,8.6,,3.18,14.28,2.77
23/9/2016,7.97,7.35,42.67,9.49,,12.18,3.59,12.45,14.1,,3.13,2.38,,,23.18,20.67,,39.33,12.06,15.1,,2.78,17.48,17.77,15.02,9.23,,1.49,30.29,6.66,17.52,8.61,,3.12,14.3,2.37
24/9/2016,7.98,7.36,42.94,9.47,,11.52,3.58,12.44,14.11,,3.3,2.39,,,22.73,20.67,,39.38,12.03,15.08,,2.78,17.55,17.8,15.04,9.23,,1.49,30.31,6.65,17.53,8.61,,3.23,14.29,1.87
25/9/2016,7.99,7.33,42.91,9.43,,11.21,3.55,12.42,14.05,,3.3,2.39,,,22.61,20.65,,39.06,12.01,15.06,,2.77,17.59,17.81,15.02,9.22,,1.49,30.55,6.64,17.53,8.61,,3.14,14.27,1.55
26/9/2016,8,7.35,42.91,9.4,,11.19,3.49,12.42,14.04,,3.31,2.39,,,22.54,20.65,,39.07,12.01,15.06,,2.78,17.66,17.82,15.02,9.22,,1.49,30.28,6.66,17.6,8.62,,3.08,14.27,1.36
27/9/2016,8.01,7.37,42.9,9.39,,11.97,3.46,12,14.05,,3.32,2.4,,,23.04,20.7,,39.46,12,15.06,,2.8,17.78,17.82,15.01,9.22,,1.5,30.29,6.72,17.59,8.64,,3.1,14.28,1.27
28/9/2016,8.03,7.4,42.88,9.38,,12.1,3.42,11.52,14.1,11.51,3.33,2.41,,,23.26,20.72,,39.49,12.01,15.06,,2.82,17.86,17.82,15.01,9.22,,1.5,30.46,6.71,17.67,8.64,,3.2,14.34,1.17
29/9/2016,8.03,7.37,43.05,9.36,,12.21,3.36,11.22,14.11,11.49,3.33,2.4,,,23.27,20.7,,39.47,11.98,15.06,,2.81,17.95,17.85,14.99,9.21,,1.5,30.36,6.69,17.7,8.64,,3.21,14.39,1.01
30/9/2016,8.04,7.38,43.16,9.34,,12.32,3.32,11.05,14.09,11.47,3.34,2.4,,,23.17,20.71,,39.45,11.96,15.07,,2.81,18,17.85,15.02,9.2,,1.5,30.62,6.7,17.7,8.64,,3.25,14.38,0.9
1/10/2016,8.05,7.36,42.71,9.31,,11.8,3.28,10.93,14.07,11.42,3.34,2.4,,,22.7,20.72,,39.52,11.94,15.08,,2.81,18.08,17.85,14.98,9.19,,1.5,30.69,6.61,17.71,8.65,,3.24,14.35,0.82
2/10/2016,8.05,7.35,42.63,9.3,,11.37,3.22,10.82,14.02,11.37,3.34,2.4,,,22.56,20.73,,39.24,11.91,15.1,,2.81,18.11,17.84,14.94,9.17,,1.5,30.36,6.41,17.68,8.66,,3.07,14.35,0.79
3/10/2016,8.06,7.4,42.59,9.29,,11.36,3.19,10.77,14.01,11.39,3.34,2.4,,,22.5,20.75,,39.26,11.92,15.13,,2.82,18.19,17.85,14.93,9.18,,1.5,,6.44,17.68,8.66,,3.12,14.36,0.75
4/10/2016,8.06,7.41,42.49,9.27,,11.99,3.18,10.71,14.02,11.46,3.35,2.41,,,23.33,20.79,,39.62,11.91,15.16,,2.81,18.28,17.86,15.03,9.18,,1.5,30.37,6.5,17.72,8.66,,3.07,14.37,0.69
5/10/2016,7.97,7.39,42.49,9.25,,12.24,3.12,10.66,13.96,11.46,3.35,2.4,,,23.42,20.79,,39.76,11.89,15.19,,2.8,18.35,17.88,15.01,9.16,,1.5,30.68,6.57,17.71,8.66,,3.13,14.36,0.64
6/10/2016,7.98,7.39,42.56,9.23,,12.27,3.07,10.61,13.92,11.44,3.35,2.4,,,23.46,20.79,,39.72,11.87,15.2,,2.8,18.41,17.91,15.02,9.15,,1.5,30.41,6.49,17.7,8.66,,3.12,14.35,0.59
7/10/2016,8.05,7.4,42.54,9.22,,12.23,3.01,10.56,13.88,11.42,3.35,2.4,,,23.45,20.8,,39.72,11.85,15.23,,2.79,18.48,17.9,14.99,9.14,,1.5,30.56,6.47,17.71,8.65,,3.07,14.35,0.58
8/10/2016,8.06,7.42,42.56,9.21,,11.51,2.97,10.53,13.88,11.39,3.36,2.41,,,22.75,20.83,,39.68,11.85,15.26,,2.8,18.55,17.9,14.99,9.14,,1.5,30.46,6.45,17.72,8.66,,3.04,14.35,0.56
9/10/2016,8.05,7.43,42.49,9.18,,11.07,2.93,10.49,13.83,11.33,3.36,2.41,,,22.59,20.83,,39.33,11.85,15.28,,2.8,18.61,17.91,15.01,9.12,,1.5,30.5,6.38,17.75,8.66,,2.92,14.33,0.52
10/10/2016,8.05,7.42,42.44,9.15,,11.01,2.87,10.42,13.79,11.32,3.36,2.4,,,22.53,20.83,,39.32,11.83,15.31,,2.79,18.66,17.92,14.99,9.1,,1.5,30.74,6.34,17.74,8.66,,2.79,14.29,0.43
11/10/2016,8.05,7.41,42.67,9.12,,11.67,2.79,10.37,13.75,11.35,3.37,2.4,,,22.94,20.83,,39.84,11.82,15.31,,2.78,18.75,17.94,14.95,9.09,,1.51,30.63,6.33,17.73,8.66,,2.69,14.27,0.39
12/10/2016,8.05,7.43,42.89,9.12,,11.85,2.82,10.35,13.76,11.38,3.37,2.41,,,22.97,20.85,,39.87,11.81,15.34,,2.78,18.8,17.93,14.98,9.09,,1.51,30.44,6.32,17.75,8.66,,2.63,14.27,0.46
13/10/2016,8.06,7.45,42.98,9.11,,11.92,2.78,10.32,13.78,11.42,3.38,2.42,,,23.05,20.88,,39.84,11.82,15.37,,2.79,18.89,17.93,14.99,9.08,,1.51,30.77,6.3,17.77,8.66,,2.69,14.27,0.41
14/10/2016,8.06,7.41,43.08,9.05,,11.97,2.6,10.29,13.77,11.39,3.26,2.31,,,23.02,20.85,,39.73,11.76,15.36,,2.76,18.92,17.94,15,9.06,,1.51,30.47,6.25,17.76,8.65,,2.65,14.23,0.4
15/10/2016,8.05,7.42,43.15,9.04,,11.28,2.63,10.25,13.73,11.36,3.25,2.23,,,22.47,20.87,,39.67,11.74,15.25,,2.77,18.93,17.95,14.98,9.05,,1.51,30.36,6.18,17.77,8.61,,2.54,14.23,0.4
16/10/2016,8.06,7.46,43.29,9.05,,10.98,2.71,10.26,13.72,11.34,3.26,2.24,,,22.35,20.9,,39.46,11.73,15.17,,2.79,18.87,17.95,14.98,9.06,,1.51,30.74,6.05,17.8,8.6,,2.52,14.24,0.41
17/10/2016,8.07,7.46,43.4,9.03,,10.93,2.7,10.24,13.69,11.32,3.28,2.25,,,22.35,20.89,,39.46,11.73,15.11,,2.78,18.91,17.95,15.06,9.06,,1.51,30.55,6.08,17.81,8.59,,2.46,14.23,0.38
18/10/2016,8.07,7.44,43.4,9.01,,11.57,2.67,10.19,13.68,11.38,3.3,2.26,,,22.8,20.91,,39.71,11.72,15.07,,2.78,19.05,17.96,15.01,9.05,,1.51,30.49,6.17,17.8,8.58,,2.43,14.2,0.19
19/10/2016,8.07,7.42,43.42,8.98,,11.72,2.67,10.14,13.69,11.41,3.32,2.26,,,22.83,20.9,,39.76,11.69,15.03,,2.77,19.13,17.97,14.95,9.03,,1.51,30.59,6.15,17.81,8.57,,2.44,14.17,0.08
20/10/2016,8.07,7.42,43.53,8.97,,11.82,2.62,10.12,13.67,11.4,3.31,2.22,,,22.82,20.88,,39.76,11.68,14.98,,2.72,19.13,17.98,14.96,9.02,,1.51,30.63,6.13,17.8,8.57,,2.4,14.15,0.12
21/10/2016,8.08,7.44,43.64,8.96,,11.89,2.62,10.11,13.69,11.43,3.3,2.21,,,22.8,20.92,,39.74,11.68,14.96,,2.7,19.22,17.99,15.03,9.01,,1.51,30.58,6.14,17.82,8.55,,2.45,14.14,0.24
22/10/2016,8.09,7.47,43.63,8.96,,11.26,2.63,10.11,13.69,11.42,3.31,2.21,,,22.4,20.94,,39.77,11.68,14.92,,2.67,19.2,17.98,15.06,9.01,,1.51,30.46,6.12,17.84,8.53,,2.5,14.13,0.29
23/10/2016,8.1,7.48,43.81,8.95,,11.01,2.64,10.1,13.68,11.38,3.32,2.22,,,22.29,20.94,,39.57,11.68,14.9,,2.64,19.25,17.98,15.06,9.01,,1.52,30.83,6.08,17.84,8.51,,2.41,14.12,0.32
24/10/2016,8.11,7.49,43.89,8.95,,10.94,2.66,10.1,13.67,11.38,3.34,2.24,,,22.28,20.96,,39.63,11.69,14.89,,2.63,19.28,17.99,15.01,9.01,,1.52,30.52,6.06,17.86,8.5,,2.34,14.12,0.34
25/10/2016,8.11,7.48,43.93,8.94,,11.62,2.61,10.08,13.68,11.42,3.35,2.25,,,23,20.99,,39.8,11.68,14.85,,2.63,19.35,18,15.03,9,,1.52,30.49,6.06,17.87,8.49,,2.45,14.1,0.34
26/10/2016,8.11,7.49,43.79,8.94,,11.76,2.6,10.06,13.68,11.44,3.35,2.26,,,23.12,20.97,,39.98,11.67,14.81,,2.66,19.2,18.02,15.01,9,,1.52,30.46,6.07,17.86,8.48,,2.37,14.09,0.34
27/10/2016,8.11,7.51,43.8,8.94,,11.85,2.58,10.08,13.66,11.47,3.36,2.27,,,23.19,21.01,,39.99,11.68,14.77,,2.61,19.1,18.03,14.98,9,,1.52,30.67,6.07,17.89,8.48,,2.37,14.2,0.36
28/10/2016,8.13,7.52,43.99,8.96,,11.85,2.63,10.08,13.68,11.48,3.38,2.3,,,23.24,20.62,,40.11,11.69,14.74,,2.57,19.11,18.03,15.02,9.01,,1.52,30.72,6.12,17.91,8.46,,2.42,14.26,0.41
29/10/2016,8.12,7.49,43.97,8.94,,11.2,2.61,10.06,13.64,11.37,3.38,2.29,,,22.48,21.02,,39.72,11.67,14.71,,2.57,18.92,18.07,15.04,9,,1.52,30.79,6.04,17.9,8.45,,2.34,14.2,0.62
30/10/2016,8.12,7.5,43.87,8.94,,10.84,2.61,10.06,13.54,11.29,3.38,2.3,,,22.36,20.96,,39.33,11.66,14.69,,2.6,18.84,18.07,15,8.99,,1.52,30.53,5.9,17.89,8.44,,2.36,14.15,0.9
31/10/2016,8.12,7.51,43.9,8.93,,10.8,2.63,10.06,13.52,11.3,3.39,2.31,,,22.28,21.03,,39.34,11.66,14.68,,2.6,18.75,18.07,15.01,8.99,,1.52,30.56,5.92,17.91,8.44,,2.33,14.13,1.12
1/11/2016,8.12,7.51,43.92,8.9,,10.81,2.57,10.04,13.48,11.36,3.39,2.31,,,22.2,21.01,,39.41,11.66,14.66,,2.76,18.71,18.05,15.02,8.98,,1.52,30.54,6,17.91,8.44,,2.31,14.08,1.27
2/11/2016,8.11,7.49,43.88,8.86,,10.75,2.46,10.03,13.44,11.35,3.39,2.3,,,22.13,19.67,,39.37,11.65,14.65,,2.76,18.65,18.08,14.97,8.95,,1.52,30.54,5.97,17.9,8.44,,2.27,14.03,1.36
3/11/2016,8.12,7.49,43.8,8.85,,10.92,2.45,10.58,14.06,11.34,3.4,2.3,,,22.87,20.39,,39.54,11.64,14.65,,2.76,18.65,18.08,15.03,8.95,,1.52,30.53,6.01,17.91,8.44,,2.32,14.02,1.57
4/11/2016,8.13,7.52,43.79,8.84,,11.42,2.45,11.07,14.2,11.4,3.41,2.32,,,23.06,20.99,,39.58,11.66,14.65,,2.79,18.7,18.08,15.08,8.95,,1.52,30.6,6.06,17.95,8.45,,2.34,14.01,1.7
5/11/2016,8.11,7.49,43.84,8.77,,10.95,2.36,11.17,14.2,11.26,3.39,2.29,,,22.35,21.01,,39.42,11.61,14.61,,2.77,18.66,18.1,14.99,8.91,,1.53,30.57,6,17.92,8.45,,2.36,13.94,1.73
6/11/2016,8.11,7.52,43.79,8.74,,10.61,2.25,11.23,14.16,11.15,3.37,2.28,,,22.22,21,,39.13,11.58,14.54,,2.85,18.69,18.12,14.96,8.87,,1.53,30.56,5.93,17.91,8.46,,2.18,13.87,1.79
7/11/2016,8.11,7.54,43.84,8.76,,10.6,2.32,11.3,14.19,11.15,3.38,2.29,,,22.13,21.04,,39.16,11.6,14.51,,2.79,18.55,18.12,15.09,8.87,,1.53,30.78,5.92,17.95,8.45,,2.1,13.88,1.92
8/11/2016,8.12,7.52,43.81,8.76,,11.27,2.3,11.37,14.29,11.24,3.38,2.31,,,22.9,21.08,,39.49,11.61,14.49,,2.74,18.36,18.1,15.05,8.89,,1.53,30.57,5.93,17.97,8.44,,2.43,13.86,2.02
9/11/2016,8.13,7.52,43.7,8.76,,11.45,2.46,11.41,14.35,11.28,3.39,2.32,,,23.03,21.09,,39.59,11.62,14.48,,2.72,18.21,18.13,15.06,8.88,,1.53,30.46,5.95,17.99,8.43,,2.22,13.86,2.1
10/11/2016,8.12,7.55,43.9,8.76,,11.51,2.39,11.43,14.41,11.28,3.4,2.32,,,23.12,21.11,,39.74,11.62,14.47,,2.79,18.04,18.15,15.05,8.87,,1.53,30.51,5.94,18,8.43,,2.15,13.85,2.19
11/11/2016,8.1,7.54,43.9,8.74,,11.48,2.31,11.48,14.39,11.3,3.4,2.32,,,23.13,21.1,,39.78,11.63,14.46,,2.8,17.93,18.17,15.14,8.82,,1.53,31.04,5.93,18,8.43,,2.16,13.8,2.2
12/11/2016,8.09,7.55,43.9,8.73,,10.96,2.27,11.47,14.35,11.31,3.39,2.31,,,22.44,21.12,,39.72,11.63,14.46,,2.8,17.83,18.18,15.1,8.79,,1.53,30.56,5.89,18.01,8.44,,1.93,13.75,2.35
13/11/2016,8.13,7.58,43.95,8.75,,10.63,2.33,11.56,14.44,11.28,3.39,2.31,,,22.32,21.14,,39.52,11.65,14.47,,2.81,17.65,18.19,15.08,8.83,,1.54,30.58,5.8,18.03,8.44,,1.78,13.75,2.42
14/11/2016,8.13,7.59,44.01,8.76,,10.59,2.29,11.6,14.44,11.26,3.4,2.32,,,22.26,21.15,,39.54,11.66,14.47,,2.83,17.63,18.21,15.11,8.83,,1.54,30.53,5.83,18.05,8.44,,1.79,13.74,2.51
15/11/2016,8.13,7.59,43.96,8.76,,11.23,2.38,11.62,14.47,11.31,3.39,2.32,,,23.02,21.17,,39.8,11.67,14.48,,2.83,17.57,18.22,15.18,8.84,,1.54,30.58,5.91,18.06,8.44,,1.78,13.72,2.41
16/11/2016,8.13,7.56,43.77,8.73,,11.36,2.43,11.62,14.44,11.29,3.38,2.3,,,23.12,21.14,,39.85,11.66,14.49,,2.81,17.51,18.23,15.1,8.83,,1.54,30.61,5.93,18.05,8.44,,1.75,13.68,2.22
17/11/2016,8.13,7.55,43.78,8.72,,11.5,2.41,11.64,14.47,11.29,3.38,2.3,,,23.13,21.13,,39.83,11.65,14.5,,2.81,17.46,18.24,15.13,8.82,,1.54,30.81,5.91,18.04,8.45,,1.78,13.65,2.12
18/11/2016,8.13,7.55,43.95,8.69,,11.56,2.36,11.64,14.48,11.28,3.39,2.3,,,23.15,21.14,,39.88,11.65,14.51,,2.81,17.44,18.25,15.12,8.81,,1.54,30.51,5.89,18.05,8.45,,1.8,13.6,2.06
19/11/2016,8.08,7.55,43.97,8.59,,10.99,2.28,11.65,14.47,11.26,3.23,2.05,,,22.36,21.11,,39.79,11.63,14.51,,2.8,17.4,18.25,15.08,8.79,,1.54,30.49,5.86,18.04,8.44,,1.74,13.56,2.07
20/11/2016,8.09,7.56,43.89,8.66,,10.66,2.31,11.67,14.46,11.19,3.21,2.03,,,22.22,21.15,,39.54,11.65,14.53,,2.78,17.35,18.25,15.14,8.78,,1.54,30.52,5.84,18.07,8.43,,1.76,13.56,2.08
21/11/2016,8.11,7.56,43.85,8.69,,10.63,2.31,11.64,14.45,11.16,3.2,2.03,,,22.17,21.15,,39.53,11.65,14.52,,2.8,17.29,18.26,15.11,8.79,,1.54,30.53,5.83,18.07,8.4,,1.72,13.53,2.08
22/11/2016,8.1,7.58,43.87,8.7,,11.29,2.32,11.59,14.48,11.2,3.19,2.04,,,22.89,21.16,,39.83,11.65,14.46,,2.8,17.19,18.27,15.12,8.78,,1.55,30.48,5.83,18.08,8.37,,1.68,13.52,2.12
23/11/2016,8.11,7.59,43.65,8.69,,11.44,2.36,11.64,14.51,11.26,3.19,2.06,,,23.02,21.17,,39.96,11.65,14.38,,2.8,17.09,18.28,15.14,8.79,,1.55,30.43,5.84,18.1,8.34,,1.68,13.5,2.36
24/11/2016,8.11,7.6,43.64,8.65,,11.54,2.35,11.69,14.52,11.24,3.19,2.07,,,23.06,21.15,,39.99,11.65,14.23,,2.83,16.99,18.3,15.12,8.78,,1.55,30.78,5.83,18.1,8.33,,1.77,13.48,2.33
25/11/2016,8.1,7.65,43.73,8.64,,11.58,2.25,11.69,14.52,11.23,3.03,1.94,,,23.17,21.14,,39.89,11.61,14.01,,2.89,16.88,18.3,15.12,8.76,,1.55,30.5,5.82,18.09,8.32,,1.64,13.47,2.32
26/11/2016,8.09,7.68,43.78,8.63,,11.01,2.22,11.71,14.53,11.21,2.9,1.47,,,22.36,21.16,,39.81,11.6,13.59,,2.88,16.8,18.31,15.2,8.76,,1.55,30.53,5.82,18.12,8.31,,1.71,13.45,2.33
27/11/2016,8.1,7.66,44.17,8.6,,10.65,2.15,11.73,14.48,11.11,2.88,1.47,,,22.17,21.15,,39.59,11.57,13.35,,2.85,16.62,18.31,15.12,8.75,,1.55,30.63,5.82,18.12,8.31,,1.63,13.4,2.33
28/11/2016,8.09,7.62,43.84,8.6,,10.63,2.11,11.73,14.47,11.1,2.88,1.53,,,22.1,21.15,,39.58,11.56,13.34,,2.75,16.5,18.32,15.14,8.75,,1.55,30.46,5.81,18.13,8.31,,1.61,13.38,2.4
29/11/2016,8.11,7.4,43.49,8.63,,11.25,2.15,11.78,14.55,11.23,2.89,1.63,,,22.78,21.22,,40.02,11.6,13.39,,2.6,16.44,18.32,15.21,,,1.55,30.45,5.83,18.18,8.31,,1.67,13.4,2.51
30/11/2016,8.11,7.58,43.48,8.62,,11.42,2.23,11.8,14.62,11.29,2.88,1.68,,,23.05,21.2,,40.1,11.61,13.4,,2.57,16.34,18.32,15.19,,,1.55,30.48,5.84,18.19,8.3,,1.7,13.37,2.49
1/12/2016,8.11,7.54,43.31,8.59,,11.49,2.2,11.81,11.97,11.23,2.87,1.7,,,23.06,21.17,,40,11.59,13.39,,2.62,16.2,18.36,15.11,,,1.55,30.51,5.82,18.16,8.3,,1.65,13.31,2.42
2/12/2016,8.1,7.53,43.51,8.57,,11.55,2.17,11.78,11.72,11.2,2.86,1.71,,,23.04,21.15,,39.92,11.57,13.39,,2.8,16.11,18.37,15.18,,,1.55,30.44,5.82,18.14,8.3,,1.59,13.28,2.4
3/12/2016,8.11,7.58,44.37,8.58,,11.14,2.13,11.8,11.6,11.24,2.87,1.76,,,22.37,21.2,,39.82,11.59,13.42,,2.79,16.03,18.36,15.24,,,1.55,30.33,5.83,18.19,8.3,,1.54,13.28,2.37
4/12/2016,8.11,7.61,44.66,8.59,,10.79,2.17,11.78,11.48,11.19,2.89,1.8,,,22.23,21.22,,39.58,11.6,13.46,,2.78,15.95,18.36,15.19,,,1.56,30.48,5.82,18.21,8.31,,1.61,13.28,2.33
5/12/2016,8.11,7.61,44.43,8.59,,10.75,2.19,11.73,11.44,11.17,2.91,1.83,,,22.18,21.23,,39.58,11.6,13.49,,2.77,15.88,18.4,15.15,,,1.56,30.47,5.81,18.22,8.32,,1.58,13.27,2.28
6/12/2016,8.11,7.61,44.34,8.58,,11.31,2.2,11.71,11.4,10.98,2.93,1.85,,,22.91,21.23,,39.81,11.61,13.53,,2.75,15.87,18.4,15.23,,,1.56,30.53,5.82,18.23,8.33,,1.61,13.25,2.17
7/12/2016,8.12,7.63,43.92,8.6,,11.4,2.27,11.68,11.37,10.95,2.94,1.89,,,23.05,21.25,,39.87,11.62,13.57,,2.69,15.88,18.41,15.21,,,1.56,30.53,5.88,18.25,8.34,,1.59,13.25,2.05
8/12/2016,8.12,7.62,43.85,8.59,,10.83,2.33,11.66,11.34,10.89,2.97,1.91,,,22.33,21.25,,39.57,11.63,13.61,,2.86,15.89,18.42,15.22,,,1.56,30.48,5.84,18.26,8.35,,1.59,13.24,1.92
9/12/2016,8.12,7.61,43.73,8.57,,10.72,2.34,11.62,11.28,10.83,2.99,1.92,,,22.19,21.24,,39.51,11.62,13.6,,2.86,15.77,18.44,15.2,,,1.56,30.45,5.83,18.25,8.36,,1.57,13.21,1.8
10/12/2016,8.12,7.59,43.42,8.55,,10.57,2.33,11.61,11.21,10.75,3,1.93,,,22.08,21.23,,39.63,11.61,13.61,,2.84,15.76,18.44,15.24,,,1.56,30.46,5.76,18.25,8.37,,1.53,13.19,1.68
11/12/2016,8.11,7.56,43.41,8.53,,10.36,2.28,11.58,11.14,10.64,3.01,1.94,,,22.01,21.2,,39.4,11.59,13.63,,2.82,15.74,18.43,15.18,,,1.55,30.45,5.66,18.25,8.38,,1.46,13.15,1.64
12/12/2016,8.11,7.57,43.3,8.52,,10.33,2.27,11.56,11.11,10.61,3.01,1.95,,,21.98,21.21,,39.39,11.58,13.65,,2.82,15.77,18.45,15.16,,,1.55,30.51,5.7,18.25,8.39,,1.45,13.13,1.62
13/12/2016,8.11,7.63,43.31,8.53,,10.97,2.29,11.08,10.1,10.69,3.02,1.99,,,22.75,21.26,,39.63,11.62,13.69,,2.85,15.79,18.44,15.23,,,1.54,30.49,5.76,18.29,8.4,,1.5,13.15,1.57
14/12/2016,8.11,7.61,43.13,8.52,,11.12,2.24,10.6,9.78,10.68,3.05,2,,,22.85,21.25,,39.84,11.63,13.72,,2.85,15.77,18.44,15.23,,,1.55,30.48,5.78,18.3,8.41,,1.53,13.13,1.54
15/12/2016,8.12,7.63,43.15,8.52,,11.13,2.24,10.32,9.7,10.68,3.06,2.02,,,22.94,21.26,,39.89,11.64,13.75,,2.85,15.78,18.47,15.27,,,1.52,30.53,5.78,18.31,8.42,,1.5,13.12,1.52
16/12/2016,8.12,7.64,43.22,8.52,,11.19,2.23,10.14,9.74,10.7,3.07,2.03,,,23.02,21.27,,39.84,11.65,13.77,,2.87,15.79,18.47,15.24,,,1.46,30.52,5.81,18.33,8.43,,1.51,13.11,1.51
17/12/2016,8.13,7.65,43.02,8.54,,10.7,2.22,9.99,9.56,10.7,3.08,2.06,,,22.28,21.3,,39.8,11.66,13.81,,2.89,15.86,18.48,15.28,,,1.44,30.51,5.77,18.35,8.44,,1.49,13.12,1.45
18/12/2016,8.12,7.61,42.91,8.51,,10.32,2.21,9.85,9.44,10.56,3.1,2.05,,,22.11,21.26,,39.45,11.64,13.83,,2.87,15.85,18.49,15.23,,,1.45,30.48,5.68,18.34,8.45,,1.5,13.08,1.41
19/12/2016,8.12,7.62,42.92,8.5,,10.27,2.19,9.74,9.33,10.55,3.1,2.05,,,22.08,21.26,,39.45,11.64,13.85,,2.87,15.85,18.51,15.23,,,1.53,30.47,5.71,18.33,8.45,,1.44,13.06,1.37
20/12/2016,8.11,7.61,42.8,8.48,,10.84,2.16,9.64,9.32,10.59,3.11,2.05,,,22.84,21.27,,39.63,11.65,13.87,,2.86,15.89,18.51,15.33,,,1.57,30.49,5.79,18.35,8.46,,1.46,13.04,1.37
21/12/2016,8.1,7.59,42.77,8.47,,10.89,2.16,9.57,9.3,10.59,3.12,2.07,,,22.94,21.29,,39.71,11.65,13.9,,2.88,15.9,18.51,15.33,,,1.58,30.55,5.79,18.38,8.46,,1.42,13.04,1.37
22/12/2016,8.1,7.56,42.72,8.47,,10.99,2.22,9.5,9.11,10.61,3.13,2.08,,,23.01,21.3,,39.74,11.65,13.9,,2.89,15.88,18.52,15.36,,,1.58,30.54,5.8,18.39,8.44,,1.49,13.03,1.36
23/12/2016,8.1,7.56,42.73,8.47,,10.64,2.57,9.45,9.35,10.6,3.13,2.09,,,23.05,21.3,,39.6,11.67,13.89,,2.89,15.81,18.53,15.36,,,1.58,30.52,5.82,18.4,8.41,,1.46,13.02,1.33
24/12/2016,8.1,7.56,42.5,8.45,,10.26,2.78,9.38,9.2,10.49,3.14,2.1,,,22.25,21.28,,39.33,11.68,13.89,,2.89,15.76,18.55,15.31,,,1.58,30.53,5.82,18.4,8.36,,1.43,13,1.3
25/12/2016,8.1,7.6,42.53,8.44,,10.05,2.75,9.34,9.14,10.45,3.14,2.1,,,22.11,21.28,,39.1,11.66,13.89,,2.88,15.67,18.55,15.28,,,1.58,30.51,5.81,18.4,8.31,,1.37,12.98,1.29
26/12/2016,8.1,7.6,42.38,8.43,,9.93,2.82,9.29,9.17,10.42,3.15,2.12,,,22.03,21.3,,38.96,11.67,13.91,,2.89,15.61,18.56,15.3,,,1.58,30.57,5.81,18.42,8.28,,1.37,12.97,1.29
27/12/2016,8.1,7.61,42.37,8.43,,9.89,2.85,9.26,8.99,10.42,3.16,2.12,,,21.99,21.3,,39,11.6,13.92,,2.89,15.59,18.56,15.27,,,1.58,30.5,5.8,18.43,8.27,,1.37,12.97,1.3
28/12/2016,8.1,7.6,42.77,8.43,,9.86,2.88,9.21,8.95,10.42,3.17,2.14,,,21.97,21.32,,39.11,11.7,13.95,,2.9,15.61,18.57,15.33,,,1.58,30.49,5.82,18.46,8.27,,1.42,12.96,1.3
29/12/2016,8.11,7.64,42.75,8.44,,9.79,2.9,9.18,8.84,10.45,3.17,2.15,,,21.94,21.33,,39.02,11.71,13.96,,2.91,15.61,18.57,15.33,,,1.58,30.51,5.83,18.46,8.27,,1.38,12.97,1.31
30/12/2016,8.11,7.63,42.86,8.44,,9.73,3.04,9.13,8.9,10.46,3.19,2.16,,,21.93,21.33,,38.92,11.72,13.98,,2.9,15.6,18.59,15.31,,,1.58,30.58,5.83,18.48,8.27,,1.48,12.96,1.28
31/12/2016,8.11,7.6,43.61,8.41,,9.66,2.99,9.08,8.86,10.36,3.2,2.15,,,21.86,21.31,,38.83,11.7,13.98,,2.89,15.61,18.59,15.27,,,1.59,30.53,5.82,18.48,8.27,,1.42,12.94,1.23
1/1/2017,8.1,7.57,43.3,8.39,,9.63,2.99,9.03,8.79,10.3,3.2,2.15,,,21.8,21.29,,38.78,11.68,13.99,,2.88,15.6,18.6,15.3,,,1.59,30.48,5.8,18.47,8.27,,1.5,12.9,1.2
2/1/2017,8.09,7.56,43.18,8.36,,9.61,2.96,8.97,8.74,10.28,3.2,2.15,,,21.76,21.29,,38.72,11.68,14,,2.87,15.59,18.6,15.26,,,1.59,30.47,5.79,18.48,8.28,,1.42,12.87,1.19
3/1/2017,8.08,7.57,42.96,8.36,,9.63,2.84,8.91,8.78,10.28,3.18,2.15,,,21.74,21.3,,39.12,11.68,14.02,,2.88,15.6,18.6,15.29,,,1.59,30.48,5.8,18.49,8.28,,1.41,12.87,1.17
4/1/2017,8.08,7.52,42.9,8.32,,9.67,2.91,8.89,8.77,10.31,3.19,2.14,,,21.72,21.27,,39.29,11.68,14.03,,2.86,15.61,18.6,15.33,,,1.59,30.5,5.79,18.49,8.29,,1.36,12.81,1.16
5/1/2017,8.09,7.57,42.85,8.33,,9.66,2.78,8.9,8.83,10.33,3.14,2.16,,,21.72,21.31,,39.25,11.69,14.05,,2.88,15.62,18.61,15.3,,,1.59,30.51,5.78,18.52,8.3,,1.38,12.82,1.18
6/1/2017,8.1,7.64,42.72,8.35,,9.53,2.87,8.91,8.91,10.38,3.09,2.2,,,21.79,21.37,,39.17,11.73,14.08,,2.92,15.61,18.62,15.37,,,1.59,30.64,5.8,18.56,8.31,,1.38,12.85,1.24
7/1/2017,8.1,7.62,42.54,8.35,,9.51,2.91,8.9,8.86,10.31,3.1,2.2,,,21.77,21.35,,39.07,11.74,14.1,,2.91,15.73,18.64,15.36,,,1.59,30.85,5.75,18.56,8.32,,1.42,12.85,1.22
8/1/2017,8.1,7.61,42.39,8.34,,9.44,2.98,8.88,8.85,10.26,3.18,2.2,,,21.73,21.34,,39.07,11.74,14.11,,2.9,15.8,18.67,15.3,,,1.59,30.55,5.68,18.56,8.33,,1.4,12.83,1.21
9/1/2017,8.1,7.59,42.29,8.33,,9.44,2.53,8.86,8.85,10.25,3.24,2.2,,,21.72,21.32,,39.21,11.74,14.13,,2.9,15.85,18.67,15.36,,,1.6,30.58,5.71,18.57,8.35,,1.51,12.81,1.17
10/1/2017,8.09,7.58,42.18,8.31,,10.12,2.31,8.83,8.82,10.51,3.25,2.19,,,21.84,21.33,,39.6,11.73,14.13,,2.89,15.74,18.67,15.4,,,1.6,30.85,5.75,18.57,8.35,,1.5,12.77,1.17
11/1/2017,8.1,7.61,42.01,8.31,,10.33,2.21,8.84,8.95,10.63,3.26,2.21,,,22.14,21.37,,39.69,11.74,14.16,,2.91,15.79,18.68,15.43,,,1.6,30.73,5.78,18.6,8.36,,1.58,12.78,1.18
12/1/2017,8.1,7.56,41.91,8.3,,10.46,2.06,9.39,8.94,10.72,3.26,2.2,,,22.61,21.35,,39.61,11.76,14.18,,2.91,15.81,18.68,15.38,,,1.6,30.5,5.78,18.6,8.38,,1.54,12.76,1.12
13/1/2017,8.07,7.52,41.73,8.24,,10.5,1.96,9.11,9.56,10.81,3.24,2.18,,,22.65,21.3,,39.57,11.73,14.17,,2.88,15.78,18.69,15.4,,,1.6,30.47,5.77,18.57,8.38,,1.53,12.7,1.22
14/1/2017,8.09,7.6,41.5,8.27,,10.12,2.06,9.04,10.18,10.86,3.26,2.21,,,22.05,21.37,,39.57,11.75,14.2,,2.91,15.85,18.7,15.45,,,1.6,30.67,5.75,18.62,8.39,,1.49,12.73,1.75
15/1/2017,8.1,7.63,41.48,8.29,,9.86,2.03,9.01,10.28,10.87,3.27,2.23,,,21.96,21.4,,39.4,11.78,14.23,,2.94,15.89,18.7,15.45,,,1.6,30.98,5.68,18.65,8.4,,1.51,12.74,2.01
16/1/2017,8.09,7.61,42.15,8.28,,9.84,1.92,8.98,10.36,10.85,3.28,2.23,,,21.91,21.39,,39.38,11.78,14.24,,2.94,15.91,18.73,15.49,,,1.61,30.86,5.71,18.65,8.42,,1.44,12.72,2.2
17/1/2017,8.1,7.63,41.78,8.29,,10.38,1.86,8.98,10.49,10.91,3.28,2.24,,,22.67,21.4,,39.62,11.8,14.26,,2.95,15.92,18.74,15.45,,,1.61,30.59,5.78,18.66,8.43,,1.55,12.72,2.41
18/1/2017,8.1,7.66,41.68,8.31,,10.41,1.88,9,10.76,11,3.29,2.25,,,22.87,21.42,,39.78,11.85,14.29,,2.96,15.98,18.75,15.49,,,1.61,30.6,5.82,18.69,8.44,,1.48,12.73,2.57
19/1/2017,8.11,7.67,41.4,8.32,,10.6,1.92,9.03,10.82,11.08,3.3,2.25,,,22.96,21.44,,39.83,11.85,14.31,,2.98,15.99,18.77,15.49,,,1.61,30.95,5.82,18.71,8.45,,1.59,12.74,2.75
20/1/2017,8.12,7.67,41.27,8.34,,10.74,2.06,9.07,10.88,11.18,3.31,2.26,,,23.03,21.43,,39.86,11.86,14.33,,2.99,15.98,18.78,15.48,,,1.61,30.89,5.84,18.72,8.46,,1.6,12.75,2.88
21/1/2017,8.13,7.66,41.12,8.33,,10.26,2.08,9.09,10.93,11.15,3.31,2.26,,,22.28,21.44,,39.88,11.85,14.35,,2.98,16.01,18.8,15.49,,,1.61,30.7,5.84,18.73,8.48,,1.7,12.74,2.96
22/1/2017,8.13,7.65,41.09,8.33,,9.99,2.11,9.11,10.9,11.12,3.31,2.26,,,22.14,21.44,,39.76,11.85,14.36,,2.98,16.01,18.81,15.53,,,1.61,30.78,5.83,18.73,8.49,,1.67,12.74,3.02
23/1/2017,8.12,7.63,41.09,8.31,,9.95,2.08,9.11,10.9,11.11,3.32,2.25,,,22.09,21.42,,39.68,11.74,14.37,,2.97,16.02,18.82,15.49,,,1.61,30.89,5.82,18.73,8.49,,1.76,12.72,3.06
24/1/2017,8.13,7.62,41.05,8.3,,10.4,2.14,9.11,10.91,11.11,3.32,2.24,,,22.76,21.41,,39.85,11.84,14.38,,2.97,16.03,18.83,15.44,,,1.61,30.6,5.83,18.72,8.51,,1.67,12.71,3.1
25/1/2017,8.14,7.66,41.06,8.31,,10.56,2.16,9.13,10.95,11.16,3.32,2.26,,,22.95,21.45,,40.01,11.85,14.41,,2.98,16.06,18.83,15.53,,,1.61,30.66,5.87,18.75,8.52,,1.6,12.72,3.21
26/1/2017,8.14,7.67,41.03,8.31,,10.79,2.2,9.15,10.8,11.18,3.33,2.27,,,23.08,21.46,,40.05,11.86,14.43,,2.99,16.1,18.83,15.52,,,1.62,30.91,5.88,18.77,8.52,,1.56,12.73,3.3
27/1/2017,8.15,7.67,40.92,8.31,,10.85,2.15,9.18,10.84,11.18,3.34,2.27,,,23.11,21.47,,39.97,11.89,14.44,,3,16.09,18.85,15.53,,,1.62,30.7,5.87,18.79,8.54,,1.67,12.75,3.35
28/1/2017,8.15,7.66,40.91,8.31,,10.39,2.08,9.19,10.82,11.15,3.34,2.27,,,22.51,21.47,,39.88,11.88,14.46,,3,16.13,18.86,15.52,,,1.62,30.65,5.87,18.79,8.54,,1.58,12.74,3.39
29/1/2017,8.15,7.66,40.78,8.31,,10.1,2.03,9.21,10.83,11.13,3.34,2.27,,,22.88,21.47,,39.49,11.94,14.47,,3,16.14,18.88,15.55,,,1.62,30.69,5.85,18.81,8.55,,1.58,12.73,3.44
30/1/2017,8.16,7.65,40.87,8.3,,10.07,1.99,9.23,10.82,11.12,3.35,2.27,,,22.92,21.47,,39.44,11.92,14.48,,3,16.17,18.88,15.5,,,1.62,30.73,5.85,18.81,8.56,,1.52,12.72,3.47
31/1/2017,8.16,7.66,40.85,8.29,,10.57,1.95,9.26,10.86,11.12,3.35,2.27,,,23.03,21.47,,39.66,11.91,14.49,,3,16.19,18.88,15.52,,,1.62,30.68,5.88,18.82,8.57,,1.51,12.71,3.53
1/2/2017,8.17,7.66,40.86,8.28,,10.76,1.91,9.3,10.88,11.13,3.35,2.27,,,23.15,21.48,,39.81,11.91,14.51,,3.01,16.24,18.89,15.54,,,1.62,30.72,5.93,18.83,8.58,,1.45,12.71,3.65
2/2/2017,8.18,7.65,40.73,8.27,,10.89,1.91,9.34,,11.15,3.35,2.28,,,23.21,21.49,,39.81,11.92,14.49,,3.01,16.27,18.9,15.61,,,1.62,30.72,5.94,18.85,8.58,,1.48,12.7,3.78
3/2/2017,8.17,7.63,40.65,8.25,,10.92,1.99,9.37,,11.14,3.35,2.27,,,23.22,21.46,,39.68,11.9,14.43,,2.99,16.23,18.91,15.55,,,1.62,30.72,5.9,18.84,8.59,,1.47,12.66,3.84
4/2/2017,8.11,7.6,40.53,8.23,,10.33,2.04,9.4,,11.1,3.34,2.26,,,22.39,21.46,,39.67,11.9,14.37,,2.99,16.21,18.92,15.53,,,1.62,30.71,5.8,18.85,8.6,,1.53,12.64,3.94
5/2/2017,8.1,7.59,40.55,8.11,,10.09,1.97,9.49,,11.05,3.21,2.08,,,22.31,21.45,,39.29,11.85,14.29,,2.95,16.1,18.92,15.54,,,1.62,31.26,5.68,18.86,8.6,,1.42,12.61,3.96
6/2/2017,8.18,7.54,40.54,8.11,,10.06,1.81,9.51,,10.98,2.89,1.32,,,22.24,21.45,,39.27,11.8,14.23,,2.95,15.96,18.93,15.53,,,1.56,30.82,5.69,18.86,8.56,,1.36,12.59,4.1
7/2/2017,8.15,7.48,40.53,8.18,,10.54,1.87,9.48,,10.92,2.8,1.21,,,22.6,21.51,,39.63,11.77,14.2,,2.99,15.85,18.93,15.61,,,1.52,30.77,5.72,18.91,8.49,,1.36,12.62,4.29
8/2/2017,8.16,7.44,40.45,8.2,,10.88,1.94,9.7,,10.9,2.77,1.18,,,22.57,21.51,,39.82,11.75,14.18,,2.99,15.72,18.93,15.56,,,1.5,30.8,5.77,18.91,8.37,,1.38,12.62,4.3
9/2/2017,8.16,7.41,40.55,8.22,,11.01,1.89,9.79,,10.91,2.75,1.16,,,23.04,21.52,,39.97,11.76,14.17,,3.01,15.63,18.93,15.59,,,1.5,,5.77,18.93,8.24,,1.33,12.62,4.02
10/2/2017,8.16,7.43,40.67,8.22,,11.1,1.89,9.86,12.08,10.89,2.75,1.47,,,23.08,21.51,,40.08,11.75,14.16,,3.01,15.49,18.92,15.59,,,1.55,,5.77,18.93,8.14,,1.4,12.62,3.6
11/2/2017,8.16,7.43,40.65,8.22,,10.61,1.88,9.91,11.91,10.85,2.76,1.53,,,22.35,21.52,,40.12,11.76,14.15,,3.02,15.45,18.93,15.62,,,1.54,30.96,5.74,18.94,8.07,,1.38,12.62,3.28
12/2/2017,8.16,7.42,40.47,8.23,,10.31,1.88,9.94,11.83,10.84,2.78,1.58,,,22.22,21.52,,39.88,11.73,14.14,,3.03,15.35,18.94,15.63,,,1.52,30.77,5.65,18.96,8,,1.42,12.63,3.06
13/2/2017,8.15,7.42,40.39,8.24,,10.27,1.89,9.96,11.79,10.55,2.8,1.63,,,22.17,21.52,,39.75,11.77,14.14,,3.03,15.28,18.94,15.61,,,1.51,30.75,5.69,18.96,7.94,,1.41,12.63,2.85
14/2/2017,8.15,7.39,40.3,8.25,,10.84,2.07,10.44,11.88,10.5,2.82,1.67,,,22.91,21.54,,39.99,11.78,14.14,,3.03,15.22,18.94,15.63,,,1.5,30.74,5.82,18.98,7.91,,1.39,12.63,2.66
15/2/2017,8.15,7.36,40.44,8.25,,11.01,2.05,10.23,11.73,10.46,2.84,1.7,,,23.05,21.55,,40.16,11.79,14.15,,3.03,15.16,18.94,15.6,,,1.51,30.78,5.85,19,7.89,,1.53,12.63,2.48
16/2/2017,8.15,7.4,40.33,8.24,,11.09,2.05,10.14,11.81,10.44,2.85,1.72,,,23.06,21.54,,40.19,11.78,14.14,,3.03,15.09,18.96,15.6,,,1.63,30.73,5.83,18.99,7.89,,1.49,12.61,2.31
17/2/2017,8.14,7.45,40.22,8.23,,11.15,2.01,10.1,11.77,10.39,2.85,1.74,,,23.07,21.51,,40.25,11.77,14.13,,3.02,15,18.97,15.62,,,1.63,30.9,5.82,18.99,7.89,,1.42,12.58,2.21
18/2/2017,8.14,7.57,40.24,8.23,,10.66,1.97,10.09,11.73,10.39,2.86,1.76,,,22.35,21.53,,40.22,11.77,14.13,,3.03,14.99,18.98,15.61,,,1.63,30.68,5.78,19,7.89,,1.4,12.58,2.11
19/2/2017,8.13,7.57,40.04,8.22,,10.35,2.1,10.08,11.73,10.29,2.88,1.79,,,22.19,21.52,,39.89,11.78,14.14,,3.04,14.91,18.98,15.59,,,1.63,31,5.67,19.01,7.91,,1.36,12.58,2.03
20/2/2017,8.13,7.57,39.96,8.22,,10.29,2.1,10.07,11.72,10.28,2.89,1.81,,,22.14,21.53,,39.86,11.77,14.14,,3.03,14.89,18.99,15.62,,,1.63,30.95,5.7,19.01,7.93,,1.35,12.58,1.93
21/2/2017,8.13,7.55,40.17,8.2,,10.87,2.11,10.32,12.04,10.3,2.9,1.83,,,22.82,21.52,,40.05,11.76,14.15,,3.02,14.83,18.99,15.63,,,1.63,30.65,5.78,19.02,7.94,,1.39,12.56,1.86
22/2/2017,8.13,7.55,40.5,8.2,,11.04,2.1,10.71,11.89,10.42,2.91,1.85,,,22.92,21.54,,40.1,11.77,14.16,,3.03,14.8,18.99,15.67,,,1.63,30.63,5.87,19.04,7.96,,1.42,12.56,1.79
23/2/2017,8.12,7.53,40.42,8.18,,11.15,2.05,10.48,11.83,10.37,2.91,1.87,,,22.96,21.53,,40.2,11.76,14.17,,3.03,14.77,19,15.7,,,1.63,30.63,5.84,19.04,7.97,,1.41,12.55,1.68
24/2/2017,8.07,7.52,40.36,8.16,,11.05,1.92,10.33,11.75,10.31,2.91,1.86,,,22.94,21.51,,40.18,11.75,14.17,,3.01,14.74,19.01,15.64,,,1.63,30.58,5.84,19.05,7.99,,1.36,12.52,1.53
25/2/2017,8.06,7.59,40.26,8.17,,10.69,1.92,10.18,11.65,10.36,2.93,1.9,,,22.19,21.57,,40.11,11.78,14.2,,3.05,14.73,19.02,15.66,,,1.63,30.61,5.86,19.09,8.01,,1.31,12.52,1.66
26/2/2017,8.12,7.55,41.02,8.18,,10.4,2.09,10.24,11.81,10.27,2.95,1.91,,,22.13,21.55,,39.84,11.78,14.21,,3.04,14.7,19.02,15.66,,,1.63,30.61,5.83,19.09,8.03,,1.28,12.52,1.59
27/2/2017,8.11,7.53,41.07,8.16,,10.35,2.06,10.22,11.78,10.23,2.95,1.92,,,22.08,21.54,,39.79,11.78,14.21,,3.03,14.64,19.05,15.62,,,1.64,30.61,5.82,19.09,8.03,,1.26,12.51,1.47
28/2/2017,8.1,7.48,40.77,8.13,,10.92,2.04,10.18,11.73,10.19,2.95,1.9,,,22.74,21.5,,39.89,11.58,14.19,,3.01,14.6,19.04,15.63,,,1.64,30.55,5.81,19.07,8.02,,1.23,12.46,1.44
1/3/2017,8.1,7.51,40.56,8.13,,11.12,2.03,10.18,11.73,10.23,2.95,1.9,,,22.82,21.52,,39.87,11.74,14.16,,3.02,14.57,19.05,15.66,,,1.64,30.6,5.83,19.09,8.01,,1.27,12.47,1.37
2/3/2017,8.12,7.56,40.47,8.16,,11.25,2.14,10.19,11.35,10.38,2.97,1.95,,,22.94,21.58,,40.11,11.79,14.14,,3.05,14.55,19.05,15.66,,,1.64,30.58,5.85,19.12,8.02,,1.29,12.48,1.33
3/3/2017,8.12,7.55,40.42,8.16,,11.28,2.11,10.27,11.73,10.31,2.98,1.94,,,23,21.56,,40.12,11.8,14.14,,3.04,14.5,19.06,15.58,,,1.64,30.61,5.85,19.14,8.03,,1.29,12.47,1.21
4/3/2017,8.1,7.49,40.37,8.14,,10.7,1.98,10.2,11.69,10.23,2.97,1.91,,,22.23,21.51,,40.02,11.77,14.12,,3.03,14.41,19.08,15.52,,,1.64,30.56,5.78,19.12,8.04,,1.24,12.44,1.16
5/3/2017,8.1,7.53,40.3,8.14,,10.4,1.96,10.16,11.64,10.16,2.98,1.92,,,22.09,21.53,,39.75,11.77,14.09,,3.05,14.34,19.09,15.52,,,1.64,30.56,5.69,19.14,8.05,,1.21,12.43,1.09
6/3/2017,8.09,7.48,40.41,8.11,,10.36,2.03,10.14,10.21,10.09,2.98,1.91,,,22.04,21.51,,39.73,11.76,14.07,,3.04,14.27,19.08,15.5,,,1.64,30.59,5.72,19.15,8.06,,1.21,12.38,1.04
7/3/2017,8.09,7.52,40.02,8.08,,10.82,2.01,10.18,9.91,10.1,2.99,1.91,,,22.7,21.53,,40.04,11.77,14.06,,3.05,14.2,19.09,15.5,,,1.64,30.55,5.81,19.15,8.06,,1.19,12.37,1.05
8/3/2017,8.11,7.59,39.76,8.15,,11.06,2.04,10.06,9.78,10.28,3.02,1.96,,,22.91,21.59,,40.15,11.81,14.07,,2.94,14.25,19.09,15.54,,,1.64,30.89,5.89,19.2,8.07,,1.2,12.41,1.03
9/3/2017,8.1,7.55,39.77,8.14,,11.15,2.05,9.96,9.61,10.25,3.02,1.96,,,22.98,21.57,,40.15,11.83,14.07,,2.96,14.23,19.1,15.63,,,1.64,30.57,5.87,19.19,8.06,,1.24,12.4,0.98
10/3/2017,8.1,7.55,39.91,8.14,,11.16,2.02,9.88,9.5,10.22,3.02,1.95,,,22.98,21.56,,40.06,11.81,14.07,,2.95,14.11,19.12,15.6,,,1.64,30.58,5.87,19.19,8.06,,1.22,12.39,0.96
11/3/2017,8.1,7.56,39.89,8.15,,10.59,1.98,9.78,9.36,10.18,3.03,1.98,,,22.27,21.58,,40.23,11.82,14.09,,2.86,14.03,19.12,15.68,,,1.64,30.56,5.92,19.22,8.06,,1.23,12.39,0.91
12/3/2017,8.1,7.54,39.81,8.14,,10.25,1.91,9.68,9.19,10.1,3.03,1.97,,,22.12,21.57,,40.02,11.82,14.1,,2.91,13.94,19.13,15.63,,,1.64,30.51,5.89,19.22,8.07,,1.23,12.37,0.91
13/3/2017,8.1,7.58,39.8,8.16,,10.23,1.94,9.61,9.17,10.11,3.04,1.98,,,22.09,21.6,,39.74,11.84,14.13,,2.87,13.93,19.14,15.7,,,1.64,30.48,5.89,19.24,8.08,,1.25,12.38,0.9
14/3/2017,8.1,7.59,39.74,8.17,,10.77,2.06,9.55,9.09,10.18,3.05,2,,,22.85,21.61,,40.11,11.86,14.15,,3.05,13.9,19.12,15.72,,,1.64,30.49,5.9,19.27,8.09,,1.24,12.39,0.89
15/3/2017,8.1,7.59,39.72,8.17,,10.85,2.06,9.48,9.02,10.15,3.05,2,,,22.98,21.61,,40.38,11.87,14.17,,3.08,13.87,19.13,15.72,,,1.64,30.47,5.9,19.28,8.1,,1.27,12.38,0.89
16/3/2017,8.1,7.56,40.02,8.15,,10.94,2.14,9.38,8.94,10.1,3.05,1.99,,,23.05,21.61,,40.25,11.87,14.19,,3.08,13.87,19.13,15.74,,,1.65,30.47,5.92,19.28,8.11,16.59,1.3,12.36,1.06
17/3/2017,8.09,7.53,39.81,8.14,,10.94,2.14,9.3,8.86,10.05,3.04,1.98,,,23.06,21.58,,40.12,11.87,14.18,,3.07,13.81,19.13,15.71,,,1.65,30.53,5.94,19.28,8.13,16.53,1.28,12.34,1.22
18/3/2017,8.09,7.52,39.75,8.12,,10.41,2.11,9.25,8.77,10.01,3.03,1.97,,,22.25,21.57,,40.15,11.86,14.18,,3.06,13.87,19.12,15.73,,,1.65,30.64,5.9,19.28,8.13,16.49,1.24,12.32,1.25
19/3/2017,8.09,7.54,39.68,8.12,,10.11,2.09,9.2,8.73,9.99,3.04,1.98,,,22.13,21.58,,39.82,11.85,14.19,,3.07,13.77,19.11,15.72,,,1.65,30.56,5.81,19.3,8.15,16.46,1.28,12.32,1.27
20/3/2017,8.09,7.56,39.49,8.14,,10.11,2.09,9.15,8.67,9.99,3.04,1.99,,,22.08,21.6,,39.75,11.9,14.22,,3.08,13.84,19.12,15.8,,,1.65,30.54,5.82,19.32,8.16,16.43,1.27,12.33,1.3
21/3/2017,8.09,7.56,39.46,8.13,,10.59,2.1,9.09,8.66,10.03,3.02,1.98,,,22.79,21.59,,40.28,11.9,14.23,,3.09,13.8,19.11,15.76,,,1.65,30.55,5.89,19.32,8.17,16.4,1.26,12.32,1.05
22/3/2017,8.09,7.57,39.44,8.13,,10.72,2.07,9.06,8.63,10.04,3.02,1.98,,,22.92,21.59,,40.62,11.91,14.25,,3.09,13.75,19.12,15.74,,,1.65,30.6,5.93,19.33,8.18,16.39,1.28,12.31,0.88
23/3/2017,8.11,7.6,39.8,8.13,,10.79,2.19,9.03,8.68,10.08,3.01,1.99,,,23.01,21.61,,40.87,11.92,14.25,,3.1,13.72,19.11,15.78,,,1.65,30.6,5.93,19.36,8.19,16.38,1.3,12.31,0.83
24/3/2017,8.12,7.63,39.72,8.15,,10.85,2.24,9.01,8.65,10.11,3.01,2,,,23.07,21.63,,40.76,11.8,14.26,,3.12,13.74,19.11,15.77,,,1.65,30.66,5.95,19.38,8.21,16.37,1.34,12.33,0.77
25/3/2017,8.12,7.65,40.5,8.14,,10.33,2.18,8.96,8.56,10.01,2.98,1.98,,,22.37,21.6,,40.75,11.93,14.21,,3.09,13.68,19.11,15.73,,,1.65,30.56,5.99,19.39,8.22,16.33,1.34,12.32,0.73
26/3/2017,8.1,7.57,41.07,8.14,,10.16,2.18,8.89,8.39,9.98,2.97,1.97,,,22.21,21.6,,40.49,11.91,14.17,,3.06,13.67,19.13,15.75,,,1.65,30.55,5.98,19.39,8.24,16.32,1.34,12.31,0.73
27/3/2017,8.13,7.52,41.48,8.15,,10.1,2.22,8.81,8.33,10.01,2.98,1.98,,,22.17,21.63,,40.38,11.91,14.13,,2.98,13.63,19.13,15.76,,,1.65,30.74,5.99,19.42,8.25,16.31,1.33,12.33,0.71
28/3/2017,8.13,7.71,41.46,8.15,,10.59,2.27,8.86,8.45,10.02,2.98,1.98,,,22.9,21.63,,40.63,11.93,14.11,,2.95,13.64,19.14,15.78,,,1.65,30.58,6.04,19.42,8.26,16.31,1.32,12.31,0.69
29/3/2017,8.14,7.71,40.85,8.14,,10.79,2.44,8.85,8.44,10.03,2.96,1.98,,,23.03,21.64,,40.85,11.93,14.1,,2.97,13.6,19.15,15.78,,,1.65,30.65,6.07,19.43,8.27,16.3,1.34,12.32,0.68
30/3/2017,8.15,7.72,40.81,8.15,,10.92,2.67,8.83,8.44,10.08,2.95,1.98,,,23.07,21.65,,40.5,11.93,14.1,,3,13.6,19.15,15.85,,,1.65,30.49,6.08,19.45,8.28,16.3,1.38,12.33,0.65
31/3/2017,8.15,7.68,41.43,8.19,,11.01,2.68,8.79,8.44,10.06,2.94,1.96,,,23.14,21.64,,40.37,11.94,14.11,,3.03,13.6,19.15,15.81,,,1.65,30.5,6.14,19.46,8.3,,1.39,12.31,0.62
1/4/2017,8.16,7.68,41.8,8.26,,10.45,4,8.77,8.35,10,2.93,1.96,,,22.44,21.63,,40.19,11.95,14.11,,3.1,13.6,19.16,15.78,,,1.65,30.43,6.13,19.46,8.31,,1.34,12.3,0.61
2/4/2017,8.16,7.69,41.08,8.29,,10.16,4.77,8.82,8.31,9.97,2.93,1.96,,,22.24,21.64,,40.1,11.95,14.12,,3.04,13.57,19.16,15.76,,,1.65,30.42,6.03,19.47,8.32,,1.31,12.3,0.61
3/4/2017,8.16,,40.84,8.3,,10.12,4.98,8.81,8.31,9.97,2.93,1.97,,,22.18,21.66,,40.02,11.95,14.13,,2.99,13.61,19.15,15.86,,,1.65,30.39,6.11,19.5,8.33,,1.31,12.31,0.61
4/4/2017,8.16,,41.37,8.3,,10.73,4.87,8.78,8.32,10.01,2.92,1.96,,,22.92,21.66,,40.33,11.97,14.14,,3.11,13.64,19.14,15.81,,,1.65,30.45,6.14,19.51,8.34,16.22,1.38,12.3,0.59
5/4/2017,8.17,,41.18,8.36,,10.8,4.84,8.82,8.36,10.04,2.92,1.96,,,23.15,21.67,,40.35,11.98,14.14,,3.11,13.65,19.15,15.84,,,1.65,30.37,6.2,19.52,8.36,16.22,1.35,12.31,0.58
6/4/2017,8.17,,41.21,8.44,,10.79,4.67,8.74,8.83,10.13,2.91,1.95,,,23.13,21.67,,40.43,11.95,14.15,,3.12,13.66,19.16,15.82,,,1.65,30.26,6.2,19.52,8.37,16.22,1.35,12.31,0.59
7/4/2017,8.19,,41.42,8.45,,10.9,4.13,8.7,8.95,10.17,2.93,1.96,,,23.19,21.69,,40.29,11.97,14.16,,3.16,13.73,19.17,15.82,,,1.66,30.36,6.33,19.56,8.39,16.22,1.36,12.32,0.6
8/4/2017,8.2,,41.35,8.49,,10.36,4.18,8.69,9.03,10.19,2.93,1.97,,,22.65,21.76,,40.27,12,14.18,,3.17,13.75,19.16,15.84,,,1.66,30.33,6.46,19.56,8.4,16.23,1.39,12.34,0.61
9/4/2017,8.21,,41.28,8.52,,10.13,4.29,8.68,9.05,10.16,2.93,1.98,,,22.44,21.78,,40.09,11.74,14.19,,3.17,13.79,19.16,15.86,,,1.66,30.3,6.41,19.57,8.4,16.23,1.5,12.35,0.61
10/4/2017,8.21,,40.84,8.53,,10.05,4.34,8.67,9.02,10.11,2.93,1.97,,,22.33,21.78,,40.02,12.01,14.2,,3.16,13.84,19.17,15.84,,,1.66,30.25,6.41,19.58,8.42,16.22,1.39,12.33,0.64
11/4/2017,8.2,,40.65,8.57,,10.63,4.45,8.73,8.99,10.13,2.92,1.97,,,23.03,21.8,,40.32,11.94,14.21,,3.13,13.87,19.18,15.87,,,1.66,30.25,6.48,19.6,8.42,16.22,1.5,12.33,0.65
12/4/2017,8.26,,40.53,8.61,,10.56,5.68,8.75,9.03,10.19,2.9,1.96,,,23.07,21.78,,40.56,11.97,14.24,,3.08,13.95,19.24,15.9,,,1.66,30.35,6.53,19.63,8.43,16.22,1.41,12.34,0.77
13/4/2017,8.26,,40.22,8.6,,10.81,5.68,8.68,9.04,10.15,2.9,1.96,,,23.11,21.76,,40.46,11.97,14.26,,3.07,13.96,19.31,15.86,,,1.66,30.36,6.48,19.64,8.45,16.22,1.4,12.31,0.83
14/4/2017,8.25,,40.25,8.6,,10.88,5.64,8.67,9.1,10.21,2.89,1.97,,,23.18,21.79,,40.54,12.12,14.27,,3,14,19.3,15.93,,,1.66,30.47,6.52,19.66,8.52,16.23,1.48,12.34,0.93
15/4/2017,8.25,,40.19,8.58,,10.21,5.51,8.7,9.21,10.22,2.87,1.95,,,22.53,21.79,,40.51,12.07,14.29,,3.05,14.05,19.38,15.93,,,1.66,30.36,6.49,19.67,8.5,16.24,1.48,12.35,1.01
16/4/2017,8.21,,40.15,8.53,,9.86,5.37,8.67,9.09,10.11,2.86,1.94,,,22.29,21.74,,39.99,11.92,14.3,,3.18,14.07,19.4,15.9,,,1.66,30.24,6.39,19.68,8.48,16.23,1.5,12.35,1.06
17/4/2017,8.2,,40.05,8.51,,9.64,5.33,8.66,9.06,10.09,2.86,1.95,,,22.17,21.75,,39.82,11.86,14.3,,3.18,14.11,19.39,15.99,,,1.66,30.22,6.38,19.71,8.46,16.23,1.44,12.35,1.11
18/4/2017,8.11,,39.9,8.47,,9.6,4.15,8.54,8.98,10,2.86,1.94,,,22.12,21.74,,39.89,11.85,14.31,,3.17,14.14,19.36,15.96,,,1.66,30.18,6.35,19.7,8.44,16.22,1.38,12.34,1.14
19/4/2017,8.23,,39.88,8.45,,10.02,3.58,8.53,9.08,10.1,2.86,1.95,,,22.75,21.77,,40.28,11.84,14.34,,3.17,14.22,19.34,15.97,,,1.66,30.2,6.34,19.71,8.41,16.22,1.35,12.35,1.19
20/4/2017,8.24,,39.7,8.43,,10.41,3.49,8.59,9.09,10.17,2.87,1.97,,,22.98,21.79,,40.34,11.82,14.36,,3.17,14.29,19.29,15.95,,,1.66,30.27,6.32,19.73,8.37,16.24,1.41,12.37,1.49
21/4/2017,8.24,,39.63,8.43,,10.52,3.4,8.58,9.13,10.21,2.89,1.98,,,23.13,21.79,,40.4,11.87,14.38,,3.14,14.34,19.24,15.96,,,1.66,30.23,6.31,19.74,8.34,16.24,1.43,12.39,1.29
22/4/2017,8.24,,39.47,8.45,,10.07,3.28,8.55,9.04,10.14,2.89,1.97,,,22.39,21.75,,40.42,11.88,14.36,,3.2,14.38,19.2,15.93,,,1.66,30.53,6.32,19.73,8.31,16.21,1.42,12.36,1.04
23/4/2017,8.25,,39.41,8.45,,9.77,3.1,8.54,9.02,10.1,2.9,1.97,,,22.22,21.76,,40.23,11.98,14.36,,3.2,14.41,19.18,15.94,,,1.66,30.23,6.34,19.75,8.3,16.21,1.45,12.36,0.92
24/4/2017,8.25,,39.57,8.47,,9.78,2.97,8.54,9.02,10.12,2.91,1.98,,,22.14,21.77,,40.05,11.98,14.36,,3.21,14.47,19.23,15.92,,,1.66,30.21,6.36,19.76,8.29,16.22,1.46,12.36,0.68
25/4/2017,8.24,,39.52,8.44,,9.59,2.86,8.51,,10.1,2.91,1.97,,,22.05,21.75,,40.21,12.02,14.36,,3.15,14.51,19.33,15.92,,,1.66,30.31,6.24,19.76,8.28,16.23,1.42,12.33,0.49
26/4/2017,8.22,,39.44,8.42,,9.57,2.84,8.5,,10.1,2.92,1.97,,,21.99,21.73,,40.15,11.94,14.35,,3.15,14.56,19.31,15.93,,,1.66,30.16,6.24,19.77,8.28,16.22,1.46,12.35,0.44
27/4/2017,8.19,,39.22,8.43,,10.07,2.81,9.13,,10.1,2.9,1.95,,,22.73,21.74,,40.3,11.92,14.29,,3.14,14.61,19.36,15.94,,,1.66,30.18,6.22,19.78,8.28,16.22,1.42,12.41,0.51
28/4/2017,8.19,,39.23,8.42,,10.02,2.81,8.84,,10.1,2.9,1.95,,,22.82,21.73,,40.3,11.78,14.27,,3.14,14.57,19.43,15.92,,,1.66,30.2,6.21,19.77,8.28,16.22,1.45,12.5,0.73
29/4/2017,8.23,,39.25,8.44,,9.9,2.88,8.73,,10.19,2.92,1.99,,,22.37,21.79,,40.3,11.91,14.22,,3.11,14.58,19.42,15.96,,,1.66,30.23,6.24,19.81,8.28,16.25,1.41,12.59,1.07
30/4/2017,8.23,,39.16,8.49,,9.68,2.93,8.65,,10.14,2.94,2,,,22.18,21.76,,40.18,11.98,14.17,,3.05,14.53,19.34,15.97,,,1.67,30.15,6.24,19.81,8.29,16.27,1.43,12.66,1.41
1/5/2017,8.23,,39.15,8.52,,9.25,2.95,8.6,,10.09,2.94,1.99,,,22.09,21.75,,39.94,11.89,14.14,,3.12,14.48,19.31,15.94,,,1.67,30.17,6.22,19.81,8.29,16.26,1.37,12.7,1.68
2/5/2017,8.23,,39.32,8.51,,9.18,2.93,8.58,,10.1,2.94,2,,,22.02,21.79,,40.05,11.92,14.11,,3.07,14.44,19.31,15.93,,,1.67,30.19,6.22,19.83,8.3,16.29,1.43,12.76,1.84
3/5/2017,8.24,,39.12,8.51,,10.11,2.86,8.57,,10.47,2.91,1.97,,,22.96,21.8,,40.33,11.91,14.08,,3.11,14.48,19.31,16.04,,,1.67,30.14,6.23,19.84,8.3,16.31,1.42,12.8,1.8
4/5/2017,8.25,,38.91,8.48,,10.22,2.88,8.56,,10.59,2.89,1.93,,,23.05,21.79,,40.32,11.91,14.05,,3.12,14.37,19.28,16,,,1.67,30.14,6.21,19.85,8.3,16.32,1.46,12.83,2.06
5/5/2017,8.25,,38.98,8.44,,10.38,2.75,8.54,,10.66,2.88,1.93,,,23.1,21.78,,40.21,11.9,14.02,,3.12,14.33,19.29,16.04,,,1.67,30.14,6.22,19.85,8.31,16.33,1.46,12.85,2.58
6/5/2017,8.25,,39.13,8.4,,9.93,2.81,8.61,,10.64,2.79,1.85,,,22.41,21.76,,40.24,11.85,13.97,,3.17,14.26,19.3,16.06,,,1.66,30.09,6.11,19.86,8.31,16.33,1.45,12.75,2.59
7/5/2017,8.23,,39.06,8.36,,9.66,2.84,8.56,,10.63,2.73,1.69,,,22.14,21.77,,40.11,11.69,13.91,,3.14,14.17,19.3,16.01,,,1.63,30.07,5.97,19.86,8.28,16.33,1.43,12.71,2.68
8/5/2017,8.25,,38.93,8.34,,9.67,2.7,8.66,,10.61,2.72,1.68,,,22.07,21.78,,40.01,11.64,13.87,,3.13,14.11,19.31,16.05,,,1.61,30.08,6,19.87,8.22,16.35,1.4,12.67,3.02
9/5/2017,8.19,,38.94,8.31,,10.23,2.72,8.68,,10.67,2.68,1.67,,,22.78,21.77,,40.21,11.6,13.85,,3.17,14.02,19.31,16.06,,,1.66,30.04,6.05,19.87,8.13,16.34,1.39,12.61,2.93
10/5/2017,8.22,,38.87,8.28,,10.31,2.74,8.71,,10.49,2.68,1.67,,,22.87,21.77,,40.21,11.58,13.85,,3.16,13.97,19.29,16.01,,,1.67,30.08,6.07,19.89,8.04,16.33,1.36,12.59,2.84
11/5/2017,8.22,,38.82,8.24,,10.4,2.72,8.73,,10.45,2.69,1.67,,,22.91,21.76,,40.19,11.57,13.84,,3.13,13.87,19.28,16.03,,,1.67,30.05,6.06,19.89,7.94,16.31,1.35,12.55,2.84
12/5/2017,8.18,,38.99,8.23,,10.47,2.83,8.75,,10.47,2.7,1.67,,,22.9,21.76,,40.16,11.62,13.84,,3.13,13.8,19.27,16.01,,,1.67,29.97,6.09,19.89,7.87,16.31,1.38,12.54,2.87
13/5/2017,8.22,,38.87,8.23,,10.23,3,8.79,,10.51,2.72,1.71,,,22.28,21.79,,40.12,11.6,13.81,,3.15,13.79,19.27,16.11,,,1.67,29.99,6.09,19.91,7.82,16.32,1.37,12.55,2.92
14/5/2017,8.23,,38.77,8.25,,9.9,3.14,8.84,,10.51,2.75,1.73,,,22.1,21.82,,40.04,11.61,13.78,,3.17,13.74,19.25,16.06,,,1.67,30.02,6.01,19.94,7.8,16.33,1.45,12.55,2.97
15/5/2017,8.19,,38.72,8.29,,9.89,3.13,8.87,,10.5,2.75,1.71,,,22.03,21.83,,39.86,11.61,13.77,,3.17,13.72,19.16,16.06,,,1.67,30.02,6.04,19.95,7.8,16.34,1.44,12.55,3.02
16/5/2017,8.23,,38.76,8.32,,10.48,3.15,8.91,,10.53,2.76,1.73,,,22.78,21.83,,40.21,11.65,13.76,,3.18,13.72,19.09,16.07,,,1.67,30.35,6.13,19.96,7.81,16.34,1.4,12.53,3.19
17/5/2017,8.23,,38.68,8.38,,10.62,5.22,8.93,,10.6,2.76,1.75,,,22.87,21.82,,40.32,11.67,13.75,,3.18,13.67,19.04,16.06,,,1.67,30.01,6.23,19.96,7.83,16.33,1.44,12.52,3.14
18/5/2017,8.23,,38.62,8.44,,10.78,5.52,8.96,,10.64,2.78,1.75,,,23,21.82,,40.33,11.66,13.73,,3.17,13.65,19.02,16.08,,,1.67,30.31,6.3,19.97,7.84,16.32,1.49,12.51,3.12
19/5/2017,8.25,,38.59,8.51,,10.88,6.33,8.97,,10.66,2.78,1.76,,,22.98,21.82,,40.3,11.66,13.72,,3.17,13.6,19.04,16.08,,,1.67,30.22,6.32,19.97,7.86,16.31,1.41,12.51,3.12
20/5/2017,8.25,,38.51,8.59,,10.53,6.41,8.99,,10.67,2.79,1.78,,,22.52,21.83,,40.15,11.82,13.69,,3.17,13.59,19.09,16.1,,,1.67,30.02,6.25,19.99,7.89,16.33,1.49,12.53,3.13
21/5/2017,8.25,,38.5,8.61,,10.19,5.51,9.01,,10.59,2.79,1.8,,,22.35,21.85,,39.99,11.6,13.64,,3.18,13.56,19.07,16.11,,,1.67,30.07,6.14,19.99,7.92,16.33,1.41,12.54,3.14
22/5/2017,8.27,,38.69,8.58,,10.14,5.19,9.03,,10.57,2.78,1.81,,,22.21,21.85,,39.81,11.72,13.62,,3.17,13.55,18.98,16.11,,,1.67,30.03,6.2,20,7.95,16.32,1.45,12.54,3.15
23/5/2017,8.28,,38.9,8.61,,10.8,4.97,9.03,,10.57,2.78,1.81,,,23.12,21.86,,40.22,12.26,13.62,,3.18,13.58,18.96,16.14,,,1.67,30.11,6.33,20.04,7.99,16.32,1.5,12.54,3.14
24/5/2017,8.29,,38.63,8.7,,11.07,4.77,9.06,,10.57,2.79,1.83,,,23.38,21.86,,40.37,13.01,13.62,,3.18,13.56,18.95,16.22,,,1.67,30.15,6.45,20.05,8.02,16.33,1.63,12.56,3.14
25/5/2017,8.29,,38.62,8.78,,11.17,4.77,9.17,,10.56,2.79,1.84,,,23.44,21.95,,40.32,13.01,13.62,,3.19,13.58,18.96,16.21,,,1.67,30.45,6.5,20.08,8.05,16.35,1.58,12.57,3.18
26/5/2017,8.29,,38.6,8.86,,11.24,5.03,9.28,,10.56,2.8,1.86,,,23.45,21.96,,40.25,12.99,13.65,,3.19,13.59,18.98,16.19,,,1.67,30.47,6.56,20.14,8.09,16.35,1.5,12.58,3.21
27/5/2017,8.3,,38.61,8.92,,10.92,6.19,9.26,,10.56,2.79,1.88,,,23.04,22,,40.22,12.8,13.68,,3.21,13.65,18.94,16.23,,,1.67,30.74,6.63,20.14,8.12,16.37,1.56,12.61,3.24
28/5/2017,8.31,,38.4,8.95,,10.66,5.97,9.26,,10.51,2.79,1.88,,,22.8,22.01,,40.05,13.05,13.72,,3.22,13.65,18.92,16.26,,,1.68,30.76,6.54,20.17,8.14,16.39,1.53,12.64,3.25
29/5/2017,8.32,,38.7,8.95,,10.62,5.69,9.27,,10.48,2.79,1.89,,,22.62,22.01,,39.88,13.61,13.75,,3.21,13.71,18.91,16.31,,,1.68,30.88,6.62,20.18,8.16,16.41,1.76,12.62,3.25
30/5/2017,8.32,,38.73,8.97,,11.37,6.26,9.31,,10.52,2.79,1.9,,,23.5,22.03,,40.27,16.08,13.78,,3.22,13.74,18.9,16.33,,,1.68,30.94,6.83,20.21,8.19,16.42,1.84,12.65,3.27
31/5/2017,8.36,,38.58,9.05,,11.61,6.22,9.34,,10.68,2.74,1.92,,,23.62,22.11,,40.48,16.97,13.84,,3.25,13.85,18.92,16.35,,,1.68,31.47,6.98,20.29,8.2,16.45,1.81,12.68,3.32
1/6/2017,8.41,,38.46,9.12,,11.66,6.88,9.39,,10.71,2.77,1.92,,,23.99,22.11,,40.48,15.98,13.89,,3.26,13.92,18.96,16.47,,,1.68,31.6,7.11,20.43,8.22,16.49,2.42,12.69,3.36
2/6/2017,8.42,,38.57,9.13,,11.36,6.7,9.39,,10.75,2.76,1.93,,,23.38,22.15,,40.3,15.9,13.92,,3.25,14,18.99,16.51,,,1.68,32.11,7.25,20.48,8.24,16.52,2.46,12.71,3.34
3/6/2017,8.42,,38.54,9.15,,11.17,6.42,9.41,,10.72,2.71,1.94,,,23.11,22.18,,40.21,16.54,13.97,,3.27,14.06,18.99,16.53,,,1.68,32.36,7.32,20.51,8.29,16.54,2.72,12.73,3.36
4/6/2017,8.41,,38.49,9.19,,10.98,6.49,9.48,,10.65,2.78,1.95,,,23.09,22.17,,40.06,16.45,14.01,,3.27,14.13,19.08,16.61,,,1.68,31.86,7.51,20.49,8.3,16.58,2.72,12.75,3.41
5/6/2017,8.42,,38.71,9.25,,10.93,5.84,9.48,,10.62,2.8,1.96,,,23,22.15,,39.89,15.42,14.07,,3.28,14.24,19.15,16.55,,,1.68,31.48,7.59,20.46,8.31,16.62,2.48,12.77,3.46
6/6/2017,8.42,,39.16,9.24,,11.71,6.08,9.48,,10.69,2.79,1.96,,,23.89,22.18,,40.4,15.27,14.12,,3.28,14.28,19.23,16.52,,,1.68,31.65,7.68,20.48,8.3,16.64,2.25,12.78,3.5
7/6/2017,8.46,,38.9,9.24,,11.97,5.88,9.54,,10.75,2.74,1.98,,,23.96,22.21,,40.48,17.24,14.16,,3.29,14.38,19.27,16.54,,,1.68,31.93,7.8,20.5,8.3,16.67,2.48,12.81,3.58
8/6/2017,8.49,,38.7,9.32,,12.12,8.23,9.57,,11,2.78,2.02,,,24.14,22.27,,40.66,18.51,14.19,,3.34,14.49,19.36,16.64,,,1.68,32.13,7.95,20.56,8.32,16.74,2.46,12.87,3.66
9/6/2017,8.49,,38.64,9.39,,12.27,7.11,9.58,,11.04,2.79,2.01,,,24.04,22.26,,40.6,18.92,14.23,,3.35,14.56,19.36,16.63,,,1.68,32.33,7.97,20.63,8.34,16.79,2.16,12.88,3.68
10/6/2017,8.49,,38.81,9.51,,12.02,7.02,9.77,,11.14,2.79,2.01,,,23.67,22.33,,40.5,18.81,14.28,,3.35,14.66,19.34,16.71,,,1.68,32.64,7.9,20.66,8.35,16.81,2.67,12.9,3.72
11/6/2017,8.49,,38.63,9.58,,11.78,6.76,9.84,,11.07,2.79,2.02,,,23.45,22.36,,40.46,18.78,14.36,,3.38,14.75,19.36,16.78,,,1.68,32.38,7.68,20.75,8.38,16.87,2.83,12.94,3.78
12/6/2017,8.49,,38.69,9.61,,11.79,6.88,9.84,,11.04,2.81,2.02,,,23.43,22.35,,40.29,20.24,14.43,,3.4,14.85,19.4,16.84,,,1.68,32.67,7.8,20.77,8.39,16.92,2.84,12.96,3.79
13/6/2017,8.5,,38.71,9.63,,12.39,5.77,9.86,,11.12,2.83,2.03,,,24.46,22.39,,40.6,20.42,14.49,,3.41,14.94,19.4,16.91,,,1.68,32.9,8.16,20.76,8.41,16.97,3.03,12.98,3.83
14/6/2017,8.52,,38.7,9.72,,12.5,5.42,9.9,,11.22,2.84,2.03,,,24.3,22.41,,40.88,,14.55,,3.45,15.05,19.46,16.96,,,1.67,32.89,8.31,20.81,8.43,17.04,2.84,13,3.87
15/6/2017,8.54,,38.66,9.75,,12.55,5.11,9.91,,11.26,2.82,1.98,,,24.15,22.37,,40.61,16.44,14.61,,3.43,15.12,19.52,17,,,1.65,32.57,7.92,20.72,8.42,17.08,2.96,13.04,3.91
16/6/2017,8.53,,38.68,9.68,,12.45,5.04,9.99,,11.18,2.82,2.03,,,24.07,22.4,,40.51,15.3,14.61,,3.41,15.16,19.5,16.91,,,1.68,32.54,7.93,20.69,8.41,17.12,2.95,13.06,3.93
17/6/2017,8.54,,38.69,9.69,,11.81,5,10.05,,11.21,2.83,2.04,,,23.99,22.44,,40.43,14.71,14.65,,3.41,15.26,19.42,16.85,,,1.68,32.57,8.02,20.69,8.41,17.16,3.16,13.09,4.03
18/6/2017,8.55,,39.2,9.76,,11.57,4.91,10.12,,11.17,2.85,2.06,,,23.89,22.43,,40.2,14.34,14.72,,3.41,15.33,19.4,16.81,,,1.68,32.35,7.95,20.8,8.43,17.24,3.07,13.14,4.15
19/6/2017,8.56,,39.07,9.82,,11.56,4.79,10.2,,11.18,2.81,2.06,,,23.71,22.46,,40.05,14.13,14.77,,3.42,15.41,19.38,16.79,,,1.68,32.11,8.04,20.85,8.45,17.3,3.27,13.18,4.22
20/6/2017,8.57,,38.9,9.85,,12.29,4.84,10.27,,11.26,2.83,2.06,,,24.58,22.5,,40.44,14.06,14.85,,3.43,15.5,19.38,16.89,,,1.68,32.12,8.22,20.87,8.47,17.36,3.46,13.21,4.27
21/6/2017,8.57,,38.85,9.93,,12.78,4.78,10.33,,11.35,2.86,2.06,,,24.71,22.51,,40.69,14.03,14.93,,3.45,15.6,19.38,16.91,,,1.68,32.46,8.41,20.92,8.48,17.42,3.58,13.24,4.33
22/6/2017,8.59,,39,9.98,,13.03,4.7,10.41,,11.71,2.87,2.08,,,25.03,22.58,,40.92,15.7,15.01,,3.48,15.69,19.44,17,,,1.68,32.38,8.39,20.95,8.52,17.49,3.35,13.27,4.41
23/6/2017,8.62,,39.02,10.03,,13.38,4.86,10.65,,11.81,2.86,2.08,,,24.95,22.71,,40.95,17.82,15.09,,3.49,15.8,19.51,17,,,1.68,32.79,8.55,20.99,8.52,17.56,3.7,13.3,4.48
24/6/2017,8.65,,39.36,10.12,,13.37,4.77,10.66,,11.83,2.86,2.08,,,24.74,22.79,,40.79,19.17,15.16,,3.67,16.01,19.49,,,,1.68,32.97,8.55,21.05,8.53,17.64,3.89,13.33,4.54
25/6/2017,8.65,,39.6,10.2,,13.02,4.82,10.7,,11.72,2.87,2.08,,,24.4,22.76,,40.58,18.06,15.24,,3.67,16.09,19.53,,,,1.68,32.79,8.59,21.12,8.54,17.7,3.89,13.37,4.6
26/6/2017,8.65,,39.32,10.27,,12.97,4.84,10.82,,11.71,2.87,2.09,,,24.38,22.77,,40.48,17.59,15.31,,3.67,16.21,20.42,17.03,,,1.69,33.1,8.68,21.07,8.55,17.78,3.56,13.42,4.95
27/6/2017,8.66,,39.09,10.3,,13.58,4.84,10.89,,11.83,2.87,2.09,,,24.95,22.64,,40.62,18.09,15.36,,3.65,16.29,20.32,16.95,,,1.69,32.55,8.61,21,8.53,17.83,3.84,13.46,4.88
28/6/2017,8.65,,39.14,10.22,,13.51,4.59,10.9,,11.85,2.88,2.06,,,24.82,22.53,5.48,40.85,16.3,15.41,,3.62,16.36,20.3,16.96,,,1.66,32.63,8.43,20.94,8.52,17.89,3.73,13.53,4.88
29/6/2017,8.65,,39.16,10.11,,13.39,4.54,11.48,,11.85,2.88,2.07,,,,22.53,5.57,41.41,15.3,15.31,,3.62,16.41,,16.93,,,1.64,32.32,8.15,20.93,8.49,17.94,3.55,13.59,5.08
30/6/2017,8.68,,39.35,9.99,,13.24,4.45,11.87,,11.92,2.91,2.1,,,,22.57,5.58,41.27,14.95,15.24,,3.63,16.44,,16.96,,,1.69,32.38,8.16,20.94,8.49,18,3.69,13.7,5.29
1/7/2017,8.69,,39.32,9.94,,12.7,4.4,12.11,,11.97,2.94,2.11,,,,22.59,5.59,41.24,14.63,15.2,,3.63,16.5,,16.97,,,1.69,32.49,8.24,20.96,8.5,18.05,3.79,13.78,5.47
2/7/2017,8.69,,39.19,9.94,,12.39,4.45,12.28,,11.85,2.94,2.13,,,,22.6,5.61,41.08,14.44,15.17,,3.63,16.57,,16.97,,,1.69,32.61,8.11,21.06,8.52,18.1,3.99,13.8,5.61
3/7/2017,8.7,,39.38,9.94,,12.34,4.56,12.53,,11.92,2.97,2.15,,,,22.61,5.62,40.94,14.4,15.17,,3.63,16.64,,16.96,,,1.69,32.65,8.17,21.1,8.54,18.17,3.97,13.83,5.76
4/7/2017,8.72,,39.96,9.98,,13.15,4.52,12.65,,12.02,2.98,2.16,,,,22.69,5.63,41.4,14.63,15.19,,3.66,16.77,,17.03,,,1.69,32.77,8.4,21.27,8.56,18.26,4.14,13.85,5.86
5/7/2017,8.56,8.23,39.8,10.05,,13.59,4.56,13.01,,12.07,2.99,2.18,,,,22.75,5.64,41.67,15.23,15.21,,3.69,16.84,,17.08,,,1.69,33.36,8.45,21.22,8.57,18.36,4.11,13.86,5.95
6/7/2017,8.59,8.32,40,10.1,,14.14,4.69,13.1,,12.16,2.98,2.18,,,,22.82,5.65,41.75,17.28,15.27,,3.69,16.95,,17.17,,,1.69,33,8.56,21.28,8.58,18.44,4.14,13.9,6.04
7/7/2017,8.62,8.33,39.96,10.13,,14.21,4.54,13.14,,12.15,2.99,2.19,,,,22.88,5.66,41.67,17.19,15.34,,3.69,17.06,,17.32,,,1.69,33.21,8.7,21.36,8.59,18.53,4.18,13.96,6.11
8/7/2017,8.62,8.3,39.89,10.2,,14.15,4.6,13.39,,12.17,2.99,2.21,,,,22.92,5.66,41.63,19.15,15.41,,3.69,17.17,,17.31,,,1.69,33.73,8.83,21.39,8.6,18.67,4.29,14.01,6.19
9/7/2017,8.62,8.3,39.96,10.33,,13.84,4.64,13.44,,12.09,2.99,2.22,,,,22.96,5.67,41.25,20.5,15.48,,3.69,17.25,,17.29,,,1.69,33.7,8.88,21.46,8.61,18.79,4.17,14.08,6.24
10/7/2017,8.62,8.3,39.99,10.4,,13.73,4.61,13.52,,12.04,3,2.23,,,,22.99,5.68,41.09,20.84,15.52,,3.71,17.36,,17.25,,,1.69,33.79,8.99,21.61,8.63,18.86,4.31,14.13,6.34
11/7/2017,8.66,8.29,39.86,10.45,,14.35,4.6,13.52,,12.19,2.99,2.25,,,,23.17,5.68,41.63,20.33,15.56,,3.74,17.48,,17.33,,,1.69,33.63,9.06,21.66,8.62,18.91,4.44,14.2,6.44
12/7/2017,8.7,8.26,39.89,10.56,,14.47,4.64,13.65,,12.21,3,2.26,,,,23.1,5.7,41.81,19,15.55,,3.76,17.59,,17.39,,,1.69,33.59,9.05,21.68,8.61,18.99,4.45,14.26,6.54
13/7/2017,8.7,8.23,39.89,10.64,,14.82,4.61,13.65,,12.26,3.01,2.27,,,,23.09,5.7,41.9,18.45,15.55,,3.78,17.72,,17.43,,,1.69,33.76,9.04,21.68,8.63,19.03,4.52,14.31,6.63
14/7/2017,8.69,8.21,39.86,10.73,,14.7,5.04,13.73,,12.3,3.03,2.28,,,,23.08,5.71,41.84,17.61,15.56,,3.78,17.83,,17.41,,,1.69,33.53,8.96,21.68,8.65,19.11,4.54,14.36,6.71
15/7/2017,8.7,8.22,39.81,10.76,,13.96,4.87,13.79,,12.28,3.02,2.29,,,,23.05,5.72,41.78,16.45,15.55,,3.79,17.9,,17.38,,,1.69,33.56,8.96,21.7,8.65,19.2,4.44,14.42,6.8
16/7/2017,8.7,8.23,39.64,10.8,,13.53,4.85,13.81,,12.23,3.04,2.31,,,,23.07,5.74,41.44,15.9,15.55,,3.83,17.98,,17.43,,,1.69,33.51,9.05,21.73,8.65,19.28,4.76,14.49,6.92
17/7/2017,8.7,8.21,39.93,10.78,,13.43,5.04,14,,12.27,3.06,2.33,,,25.02,23.08,5.75,41.32,15.84,15.55,,3.84,18.06,,17.43,,,1.69,33.74,9.15,21.77,8.64,19.32,4.36,14.56,6.99
18/7/2017,8.72,8.26,40,10.78,,14.17,4.95,13.99,,12.37,3.07,2.33,,,25.92,23.14,5.76,41.84,16.59,15.59,,3.87,18.15,,17.43,,,1.69,33.81,9.23,21.77,8.68,19.37,4.69,14.61,7.06
19/7/2017,8.75,8.24,40.23,10.8,,14.6,4.84,14,,12.37,3.08,2.35,,,26.08,23.28,5.77,42.07,16.8,15.65,,3.89,18.25,,17.53,,,1.69,34.11,9.43,21.84,8.7,19.46,4.78,14.65,7.12
20/7/2017,8.76,8.29,40.43,10.79,,14.97,4.81,14.07,,12.47,3.09,2.36,,,26.38,23.27,5.77,42.24,17.88,15.68,,3.88,18.36,,17.55,,,1.72,34.19,9.45,21.88,8.73,19.55,4.82,14.69,7.2
21/7/2017,8.79,8.3,40.45,10.8,,15.31,4.7,14.11,,12.49,3.1,2.37,,,26.35,23.43,5.78,42.21,17.65,15.72,,3.88,18.44,,17.56,,,1.72,34.14,9.56,21.85,8.74,19.68,4.91,14.77,7.27
22/7/2017,8.84,8.3,40.79,10.82,,15.01,4.89,14.23,,12.49,3.11,2.38,,,26,23.5,5.78,42.16,16.62,15.76,,3.88,18.55,,17.55,,,1.72,34.04,9.53,21.87,8.76,19.8,4.92,14.81,7.34
23/7/2017,8.87,8.29,41,10.91,,14.76,4.94,14.3,,12.36,3.11,2.4,,,25.69,23.43,5.8,41.86,16.36,15.79,,3.88,18.61,,17.52,,,1.72,34.18,9.45,21.88,8.76,19.86,5.08,14.86,7.39
24/7/2017,8.85,8.3,40.77,10.96,,14.9,4.92,14.27,,12.35,3.11,2.39,,,25.55,23.41,5.79,41.74,16.1,15.74,,3.84,18.69,,17.57,,,1.72,33.84,9.43,21.86,8.78,19.92,4.92,14.9,7.41
25/7/2017,8.83,8.29,40.63,10.95,,15.14,4.89,14.29,,12.44,3.1,2.41,,,25.68,23.44,5.8,41.96,16.07,15.68,,3.84,18.79,,17.61,,,1.72,33.96,9.52,21.88,8.79,19.98,5,14.92,7.49
26/7/2017,8.84,8.28,40.29,10.93,,15.35,4.74,14.36,,12.54,3.12,2.42,,,25.7,23.49,5.8,42.44,16.26,15.65,,3.87,18.91,,17.63,,,1.72,34.23,9.51,21.86,8.79,20.02,4.9,14.96,7.58
27/7/2017,8.84,8.29,40.28,10.93,,15.66,4.8,14.42,,12.66,3.13,2.44,,,25.95,23.5,5.81,42.41,16.29,15.65,,3.88,18.98,,17.66,,,1.72,34.17,9.63,21.84,8.79,20.09,4.91,15.01,7.66
28/7/2017,8.85,8.3,40.36,10.93,,15.76,4.78,14.5,,12.69,3.14,2.45,,,26.32,23.58,,42.35,19.08,15.65,,3.89,19.07,20.86,17.65,,,1.72,34.38,9.62,21.91,8.79,20.16,5.11,15.04,7.76
29/7/2017,8.86,8.33,40.44,10.97,,15.52,4.95,14.52,,12.69,3.15,2.47,,,26.5,23.68,,42.16,19.18,15.69,,3.92,19.17,20.79,17.75,,,1.72,34.4,9.66,21.93,8.8,20.24,5.12,15.09,7.86
30/7/2017,8.9,8.33,40.47,11.02,,15.18,5.1,14.6,,12.55,3.16,2.48,,,26.17,23.56,,41.85,17.17,15.64,,3.92,19.24,20.83,17.83,,,1.72,34.35,9.63,21.9,8.81,20.33,5.26,15.13,7.91
31/7/2017,8.9,8.34,40.53,11.1,,15.33,5.01,14.73,,12.61,3.17,2.49,,,25.95,23.56,,41.72,16.63,15.62,,3.93,19.32,20.85,17.76,,,1.72,34.16,9.69,22.11,8.81,20.41,5.1,15.16,8.02
1/8/2017,8.92,8.35,40.64,11.15,,15.81,5.28,14.74,,12.73,3.18,2.51,,,26.72,23.71,,42.05,16.4,15.6,,3.95,19.43,20.88,17.86,,,1.72,34.47,9.69,22.22,8.81,20.49,5.29,15.2,8.11
2/8/2017,8.93,8.33,40.59,11.18,,16.08,5.32,14.83,,12.76,3.19,2.52,,,27.01,23.74,,42.44,16.29,15.58,,4.02,19.51,20.91,17.85,,,1.72,34.64,9.76,22.28,8.82,20.55,5.19,15.24,8.1
3/8/2017,8.94,8.35,40.58,11.29,,16.14,4.98,14.85,17.69,12.7,3.19,2.53,,,27.27,23.75,,42.6,16.2,15.58,,4.09,19.61,20.93,17.85,,,1.73,34.53,9.79,22.31,8.83,20.63,5.54,15.27,8.14
4/8/2017,8.94,8.38,40.47,,,16.38,4.96,14.97,17.75,12.65,3.19,2.54,,,27.03,23.8,,42.49,16.19,15.58,,4.06,19.68,20.94,17.88,,,1.73,34.6,9.92,22.35,8.82,20.67,5.34,15.3,8.25
5/8/2017,8.94,8.35,40.3,,,16.29,4.94,15.03,17.9,12.7,3.2,2.55,,,26.77,23.93,,42.35,16.31,15.61,,4.05,19.77,20.96,17.91,,,1.73,34.67,10.12,22.38,8.83,20.75,5.57,15.34,8.34
6/8/2017,8.85,8.35,40.53,,,15.76,4.93,15.09,17.92,12.62,3.2,2.56,,,26.28,23.84,,41.98,16.2,15.64,,4.05,19.83,20.91,17.92,,,1.73,34.45,10.23,22.35,8.84,20.81,5.47,15.38,8.43
7/8/2017,8.94,8.35,40.57,,,15.59,5.01,15.14,17.91,12.6,3.2,2.57,,,26.16,23.81,,41.91,16.17,15.65,,4.05,19.89,20.88,17.95,,,1.73,34.85,10.21,22.32,8.84,20.89,5.49,15.43,8.54
8/8/2017,8.94,8.33,40.71,,,15.51,4.89,15.19,17.97,12.65,3.21,2.57,,,26.29,23.86,,41.96,16.31,15.68,,4.06,19.96,20.96,17.97,,,1.73,34.89,10.15,22.3,8.84,20.97,5.56,15.46,8.6
9/8/2017,8.95,8.34,40.62,,,15.45,4.74,15.23,18.01,12.69,3.23,2.58,,,26.41,23.86,,42.16,16.93,15.72,,4.13,20.02,20.93,18,,,1.73,34.74,10.24,22.31,8.84,21.06,5.63,15.49,8.66
10/8/2017,8.96,8.34,40.57,,,15.2,4.77,15.29,17.94,12.68,3.25,2.59,,,26.51,24.08,,42.08,17.31,15.77,,4.16,20.09,20.9,18.01,,,1.73,34.72,10.09,22.28,8.85,21.16,5.69,15.54,8.72
11/8/2017,8.97,8.34,40.84,,,14.88,4.7,15.27,18.02,12.66,3.25,2.58,,,26.41,23.97,,41.87,16.67,15.78,,4.18,20.16,20.88,18.04,,,1.73,34.9,10.04,22.27,8.85,21.24,5.62,15.57,8.8
12/8/2017,8.97,8.34,41.38,,,14.83,4.72,15.27,18.01,12.72,3.26,2.6,,,26.31,23.97,,41.85,16.31,15.79,,4.2,20.2,20.86,17.98,,,1.73,34.8,9.94,22.25,8.84,21.3,5.6,15.61,8.89
13/8/2017,8.98,8.35,41.06,,,14.68,4.77,15.31,17.99,12.65,3.28,2.61,,,26.24,23.97,,41.71,16.19,15.8,,4.22,20.24,20.87,18.07,,,1.73,34.73,9.73,22.27,8.85,21.35,5.75,15.66,8.99
14/8/2017,8.99,8.37,41.04,,,14.75,4.9,15.34,18,12.65,3.29,2.62,,,26.3,23.99,,41.85,16.12,15.81,,4.23,20.32,20.88,18.11,,,1.73,34.62,9.7,22.28,8.86,21.41,6.04,15.71,9.1
15/8/2017,9,8.36,41.02,,,14.61,4.98,15.35,18.06,12.71,3.29,2.62,,,26.24,24.03,,41.81,16.04,15.83,,4.26,20.38,20.9,18.15,,,1.73,34.45,9.45,22.3,8.87,21.47,6.02,15.76,9.17
16/8/2017,9.01,8.35,40.95,,,14.68,5,15.38,18.08,12.72,3.3,2.63,,,26.21,24,,41.89,16.01,15.84,,4.26,20.42,20.9,18.15,,,1.73,34.41,9.47,22.29,8.87,21.53,6.28,15.8,9.25
17/8/2017,9.04,8.39,40.98,,,14.83,5.01,15.4,18.11,12.77,3.31,2.63,,,27.15,24.03,,41.94,15.99,15.88,,4.24,20.51,20.9,18.14,,,1.73,34.56,9.69,22.32,8.88,21.58,6.21,15.84,9.33
18/8/2017,9.07,8.4,41.09,,,14.92,4.88,15.48,18.13,12.78,3.33,2.64,,,27.43,24.07,,41.94,15.99,15.9,,4.21,20.58,20.9,18.14,,,1.73,34.58,9.72,22.41,8.89,21.64,6.46,15.89,9.4
19/8/2017,9.06,8.4,41.24,,,14.74,5.03,15.48,18.12,12.8,3.33,2.64,,,26.98,24.06,,41.83,16.98,15.93,,4.22,20.64,20.9,18.18,,,1.73,34.63,9.63,22.51,8.89,21.71,6.34,15.93,9.55
20/8/2017,9.07,8.43,41.23,,,14.32,4.75,15.55,18.1,12.7,3.34,2.65,,,26.79,24.09,,41.85,17.24,15.95,,4.23,20.72,20.92,18.17,,,1.73,34.64,9.47,22.56,8.9,21.76,5.92,15.97,9.77
21/8/2017,9.08,8.43,41.17,,,14.3,4.8,15.55,18.09,12.72,3.34,2.66,,,26.86,24.12,,41.93,17.36,15.97,,4.23,20.8,20.93,18.19,,,1.73,34.62,9.48,22.53,8.9,21.81,5.81,16.04,9.94
22/8/2017,9.07,8.43,41.44,,,14.36,4.87,15.55,18.12,12.81,3.35,2.66,,,26.89,24.22,,42.22,16.8,16,,4.23,20.89,20.94,18.21,,,1.73,35.23,9.53,22.6,8.91,21.86,5.82,16.09,10.06
23/8/2017,9.1,8.42,41.33,,,14.4,4.78,15.59,18.14,12.8,3.36,2.66,,,26.98,24.2,,42.52,16.53,16.02,,4.24,20.94,20.97,18.21,,,1.73,35.05,9.48,22.6,8.92,21.92,6.24,16.13,10.19
24/8/2017,9.15,8.47,41.15,,,14.31,5.09,15.6,18.16,12.89,3.36,2.67,,,27.59,24.27,,42.81,16.49,16.06,,4.31,21.02,20.98,18.23,,,1.73,35.26,9.53,22.66,8.93,21.97,6.09,16.17,10.3
25/8/2017,9.14,8.45,41.26,,,14.35,5.39,15.64,18.19,12.91,3.37,2.67,,,27.67,24.26,,42.9,16.56,16.08,,4.3,21.09,20.99,18.28,,,1.73,35.46,9.53,22.73,8.94,22.07,6.35,16.22,10.4
26/8/2017,9.13,8.44,41.49,,,14.52,5.21,15.65,18.22,12.93,3.37,2.67,,,27.28,24.3,,42.69,18.16,16.1,,4.3,21.17,20.99,18.3,,,1.73,35.6,9.49,22.72,8.94,22.16,6.55,16.26,10.53
27/8/2017,9.12,8.43,41.54,,,14.47,5.31,15.71,18.19,12.81,3.38,2.68,,,27.04,24.28,,42.23,18.76,16.13,,4.3,21.23,21.02,18.35,,,1.73,35.17,9.49,22.73,8.94,22.25,6.28,16.3,10.6
28/8/2017,9.13,8.43,41.94,,,14.44,4.94,15.73,18.21,12.82,3.38,2.68,,,26.85,24.3,,42.18,18.15,16.14,,4.3,21.28,21.03,18.33,,,1.73,35.19,9.59,22.75,8.95,22.31,5.86,16.34,10.71
29/8/2017,9.13,8.47,41.74,,,14.99,4.92,15.8,18.28,12.91,3.38,2.69,,,27.68,24.35,,42.72,17.25,16.16,,4.31,21.37,21.04,18.33,,,1.73,35.06,9.82,22.78,8.96,22.38,6.2,16.38,10.8
30/8/2017,9.14,8.47,41.62,,,15.36,4.94,15.8,18.33,12.92,3.39,2.69,,,27.77,24.34,,43.29,16.97,16.18,,4.31,21.43,21.06,18.37,,,1.74,35.06,9.8,22.76,8.97,22.45,6.33,16.43,10.88
31/8/2017,9.16,8.46,41.62,10.9,,15.41,4.92,15.81,18.33,12.94,3.39,2.69,,,27.6,24.32,,43.25,16.82,16.19,,4.32,21.48,21.07,18.35,,,1.74,34.97,9.88,22.7,8.98,22.52,6.11,16.45,10.93
1/9/2017,9.18,8.44,41.69,10.79,,15.34,4.66,15.82,18.31,12.9,3.4,2.68,,,27.5,24.31,,43.36,16.68,16.2,,4.32,21.53,21.06,18.33,,,1.74,35.03,9.85,22.68,8.95,22.59,6.12,16.49,10.99
2/9/2017,9.16,8.43,41.61,10.68,,14.79,4.45,15.82,18.3,12.89,3.41,2.65,,,26.94,24.26,,43.4,16.58,16.2,,4.33,21.62,21.06,18.35,,,1.74,34.94,9.6,22.68,8.94,22.64,6.15,16.5,10.98
3/9/2017,9.16,8.45,41.51,10.58,,14.27,4.4,15.84,18.3,12.86,3.41,2.68,,,26.8,24.25,,42.96,16.51,16.19,,4.34,21.62,21.06,18.3,,,1.74,34.77,9.22,22.66,8.92,22.69,5.58,16.52,10.99
4/9/2017,9.16,8.47,41.58,10.53,,14.2,4.4,15.84,18.3,12.86,3.42,2.68,,,26.76,24.27,,42.93,16.47,16.18,,4.35,21.67,21.08,18.31,,,1.74,34.73,9.18,22.65,8.92,22.74,5.51,16.57,11.02
5/9/2017,9.16,8.47,41.5,10.54,,15.12,4.51,15.84,18.33,12.94,3.43,2.69,,,27.45,24.33,,43.19,16.45,16.18,,4.41,21.74,21.11,18.33,,,1.74,34.79,9.13,22.66,8.92,22.78,6.07,16.6,11.05
6/9/2017,9.17,8.46,41.49,10.55,,15.38,4.5,15.84,18.4,12.98,3.43,2.69,,,27.82,24.29,,43.7,16.4,16.19,,4.43,21.81,21.13,18.34,,,1.74,34.69,9.2,22.66,8.91,22.85,6.05,16.62,11.04
7/9/2017,9.15,8.46,41.58,10.53,,15.42,4.53,15.79,18.29,13.03,3.44,2.68,,,27.33,24.27,,43.64,16.39,16.19,,4.44,21.87,21.15,18.34,,,1.66,34.75,9.28,22.67,8.91,22.91,5.83,16.65,11.02
8/9/2017,9.14,8.46,41.77,10.43,,15.17,4.43,15.78,18.28,13.02,3.44,2.68,,,27.16,24.27,,43.51,16.36,16.16,,4.45,21.9,21.16,18.32,,,1.63,34.98,9.13,22.68,8.9,22.96,5.68,16.69,11.07
9/9/2017,9.17,8.44,41.85,10.32,,14.21,4.46,15.84,18.18,12.99,3.44,2.67,,,26.9,24.25,,43.43,16.32,16.12,,4.4,21.96,21.18,18.3,,,1.73,34.67,8.92,22.66,8.9,23,5.97,16.69,11.13
10/9/2017,9.13,8.44,41.89,10.2,,13.69,4.06,15.82,18.29,12.89,3.42,2.65,,,26.57,24.25,,43.01,16.25,16.04,,4.36,21.97,21.18,18.32,,,1.74,34.59,8.68,22.66,8.89,23.04,5.7,16.69,11.14
11/9/2017,9.13,8.43,42.09,10.11,,13.65,3.92,15.78,18.1,12.86,3.42,2.64,,,26.5,24.25,,43,16.17,15.97,,4.36,22.01,21.19,18.28,,,1.74,34.8,8.67,22.65,8.89,23.08,5.52,16.68,11.13
12/9/2017,9.13,8.45,42.01,10.07,,14.2,4.07,15.78,18.08,12.93,3.42,2.63,,,27.14,24.27,,43.11,16.16,15.92,,4.36,22.04,21.19,18.28,,,1.74,34.78,8.61,22.66,8.88,23.11,5.47,16.7,11.19
13/9/2017,9.13,8.48,41.95,10.01,,14.31,4.13,15.78,18.13,13.06,3.42,2.64,,,27.33,24.28,,43.55,16.15,15.87,,4.37,22.09,21.2,18.3,,,1.74,34.67,8.58,22.67,8.87,23.16,5.44,16.75,11.18
14/9/2017,9.13,8.44,41.89,9.94,,14.28,4.24,15.78,18.09,13.02,3.42,2.62,,,27.39,24.24,,43.6,16.13,15.82,,4.34,22.12,21.21,18.25,,,1.74,34.68,8.57,22.66,8.87,23.19,5.43,16.72,11.33
15/9/2017,9.14,8.46,41.94,9.89,,14.2,4.46,15.75,18.07,13.03,3.41,2.6,,,27.41,24.26,,43.42,16.11,15.78,,4.34,22.17,21.21,18.23,,,1.74,34.7,8.56,22.65,8.87,23.23,5.49,16.72,11.42
16/9/2017,9.14,8.45,41.97,9.86,,13.61,5.12,15.75,17.99,13.07,3.4,2.59,,,26.68,24.25,,43.47,16.06,15.74,,4.32,22.17,21.23,18.21,,,1.74,34.46,8.4,22.64,8.86,23.26,5.36,16.72,11.51
17/9/2017,9.14,8.47,42.15,9.83,,13.28,4.97,15.77,17.94,13.01,3.4,2.59,,,26.5,24.25,,43.33,16.03,15.71,,4.3,22.09,21.22,18.2,,,1.74,34.73,8.3,22.64,8.86,23.28,5.37,16.73,11.59
18/9/2017,9.14,8.48,42.29,9.78,,13.23,5.08,15.75,17.91,12.99,3.41,2.58,,,26.41,24.27,,43.09,16,15.68,,4.3,22.01,21.24,18.19,,,1.75,34.44,8.33,22.65,8.86,23.31,5.23,16.74,11.44
19/9/2017,9.11,8.46,42.38,9.74,,13.77,4.88,15.75,17.89,13,3.37,2.56,,,27.15,24.25,,43.18,15.98,15.65,,4.27,21.93,21.24,18.24,,,1.75,34.45,8.34,22.63,8.86,23.33,4.93,16.72,11.31
20/9/2017,9.13,8.48,42.34,9.71,,13.83,4.42,15.73,18.82,13.06,3.37,2.55,,,27.21,24.27,,43.58,15.97,15.6,,4.22,21.85,21.25,18.21,,,1.75,34.7,8.32,22.65,8.85,23.34,5.03,16.7,11.21
21/9/2017,9.14,8.49,42.22,9.68,,13.85,4.61,15.74,19.02,13.09,3.39,2.56,,,27.24,24.29,,43.44,15.95,15.53,,4.26,21.77,21.25,18.25,,,1.75,34.44,8.3,22.65,8.85,23.35,4.89,16.72,11.15
22/9/2017,9.14,8.5,42.25,9.66,,13.88,4.41,15.73,18.72,13.11,3.41,2.56,,,27.23,24.29,,43.49,15.92,15.47,,4.27,21.69,21.27,18.24,,,1.75,34.43,8.29,22.65,8.85,23.37,4.72,16.73,11.07
23/9/2017,9.15,8.49,42.42,9.65,,13.34,4.33,15.75,18.66,13.09,3.42,2.56,,,26.47,24.29,,43.63,15.88,15.44,,4.3,21.64,21.27,18.23,,,1.75,34.49,8.25,22.65,8.84,23.38,4.74,16.73,11.02
24/9/2017,9.14,8.49,42.65,9.62,,12.97,4.17,15.76,18.61,13.02,3.42,2.55,,,26.32,24.28,,43.22,15.83,15.41,,4.3,21.56,21.28,18.19,,,1.75,34.42,8.1,22.65,8.84,23.39,4.62,16.72,10.99
25/9/2017,9.15,8.5,42.68,9.6,,12.92,4.12,15.74,18.6,12.99,3.43,2.55,,,26.21,24.29,,42.98,15.8,15.39,,4.3,21.53,21.29,18.32,,,1.75,34.33,8.14,22.65,8.84,23.4,4.57,16.71,11
26/9/2017,9.15,8.5,42.81,9.58,,13.45,4.09,15.75,18.61,13.1,3.43,2.56,,,26.95,24.23,,43.28,15.77,15.38,,4.31,21.56,21.31,18.25,,,1.75,34.37,8.16,22.65,8.84,23.39,4.7,16.71,10.95
27/9/2017,9.16,8.51,42.74,9.57,,13.63,3.84,15.74,18.63,13.17,3.44,2.56,,,27.06,24.29,,43.82,15.74,15.38,,4.32,21.6,21.32,18.24,,,1.75,34.17,8.15,22.67,8.85,23.38,4.68,16.7,10.94
28/9/2017,9.17,8.51,42.7,9.57,,13.68,3.81,15.76,18.66,13.23,3.44,2.56,,,27.13,24.32,,43.76,15.72,15.39,,4.33,21.66,21.33,18.24,,,1.75,34.31,8.15,22.69,8.85,23.35,4.7,16.7,11.14
29/9/2017,9.17,8.5,42.88,9.55,,13.74,3.66,15.76,18.67,13.25,3.44,2.55,,,27.15,24.31,,43.7,15.69,15.4,,4.32,21.73,21.34,18.24,,,1.75,34.29,8.14,22.69,8.85,23.32,4.68,16.69,11.25
30/9/2017,9.17,8.49,43.12,9.53,,13.2,3.54,15.77,18.68,13.18,3.44,2.55,,,26.44,24.32,,43.72,15.65,15.4,,4.31,21.8,21.35,18.22,,,1.75,34.26,8.08,22.68,8.85,23.28,4.72,16.67,11.33
1/10/2017,9.18,8.51,43.06,9.52,,12.88,3.46,15.78,18.66,13.15,3.44,2.55,,,26.25,24.33,,43.47,15.63,15.4,,4.32,21.85,21.36,18.28,,,1.75,34.5,7.97,22.68,8.84,23.24,4.76,16.67,11.43
2/10/2017,9.19,8.51,43.01,9.49,,12.84,3.35,15.76,18.65,13.15,3.45,2.55,,,26.18,24.33,,43.44,15.6,15.41,,4.3,21.91,21.37,18.24,,,1.75,34.28,8.01,22.68,8.84,23.18,4.55,16.67,11.48
3/10/2017,9.19,8.5,42.98,9.47,,13.5,3.24,15.78,18.25,13.21,3.45,2.54,,,26.88,24.33,,43.36,15.59,15.42,,4.3,21.98,21.38,18.23,,,,34.28,8.02,22.67,8.84,23.14,4.58,16.65,11.54
4/10/2017,9.2,8.52,43.03,9.47,,13.71,3.3,15.83,18.07,13.28,3.45,2.55,,,27.07,24.35,,43.81,15.59,15.47,,4.25,22.04,21.39,18.22,,,,34.3,8.06,22.68,8.84,23.09,4.59,16.66,11.55
5/10/2017,9.2,8.48,42.99,9.43,,13.85,3.75,15.81,18.04,13.27,3.44,2.53,,,27.03,24.32,,43.66,15.57,15.49,,4.28,22.1,21.4,18.24,,,,34.18,8.05,22.69,8.84,23.05,4.76,16.62,11.55
6/10/2017,9.2,8.47,43.15,9.39,,13.77,3.5,15.78,17.99,13.26,3.43,2.52,,,27.03,24.31,,43.6,15.55,15.5,,4.25,22.15,21.4,18.2,,,,34.16,8.05,22.67,8.83,23.01,4.64,16.6,11.61
7/10/2017,9.22,8.52,43.35,9.41,,13.34,3.4,15.79,17.97,13.28,3.43,2.53,,,26.33,24.35,,43.68,15.55,15.55,,4.27,22.21,21.4,18.21,,,,34.19,8.03,22.69,8.83,22.98,4.68,16.63,11.64
8/10/2017,9.22,8.51,43.52,9.39,,13.01,3.27,15.77,18.14,13.22,3.43,2.52,,,26.2,24.33,,43.53,15.52,15.58,,4.25,22.24,21.42,18.22,,,,34.16,7.96,22.68,8.83,22.95,4.85,16.61,11.67
9/10/2017,9.23,8.52,43.42,9.37,,12.97,3.29,15.75,18.14,13.22,3.44,2.53,,,26.09,24.35,,43.26,15.51,15.62,,4.24,22.3,21.43,18.2,,,,34.42,7.97,22.69,8.83,22.93,4.71,16.62,11.85
10/10/2017,9.23,8.53,43.41,9.37,,13.53,3.42,15.76,18.19,13.29,3.45,2.53,,,26.83,24.38,,43.5,15.51,15.66,,4.24,22.36,21.43,18.19,,,,34.17,8,22.71,8.84,22.92,4.78,16.63,12.13
11/10/2017,9.28,8.54,43.29,9.36,,13.69,3.4,15.76,17.68,13.42,3.46,2.54,,,26.96,24.4,,43.84,15.51,15.69,,4.24,22.4,21.44,18.23,,,,34.19,8.01,22.72,8.84,22.92,4.7,16.63,12.16
12/10/2017,9.34,8.55,43.22,9.36,,13.79,3.38,15.79,17.61,13.48,3.46,2.54,,,27.01,24.41,,43.7,15.52,15.72,,4.24,22.46,21.45,18.24,,,,34.15,8.04,22.72,8.84,22.91,4.74,16.64,12.21
13/10/2017,9.36,8.55,43.48,9.36,,13.89,3.32,15.84,17.6,13.56,3.45,2.53,,,27.06,24.41,,43.77,15.52,15.76,,4.24,22.51,21.47,18.26,,,,34.1,8.07,22.73,8.85,22.91,4.78,16.64,12.27
14/10/2017,9.37,8.56,43.65,9.36,,13.36,3.2,15.87,17.58,13.56,3.45,2.53,,,26.33,24.43,,43.75,15.52,15.81,,4.24,22.55,21.47,18.27,,,,34.14,8.03,22.75,8.85,22.9,4.91,16.65,12.31
15/10/2017,9.37,8.56,43.68,9.35,,13.11,3.14,15.91,17.54,13.5,3.47,2.54,,,26.16,24.42,,43.29,15.52,15.83,,4.23,22.59,21.48,18.24,,,,34.2,7.94,22.74,8.85,22.9,4.79,16.65,12.32
16/10/2017,9.36,8.56,43.55,9.34,,13.08,3.19,15.92,17.53,13.51,3.48,2.54,,,26.06,24.43,,43.11,15.52,15.86,,4.22,22.63,21.49,18.25,,,,34.13,8.01,22.73,8.86,22.9,4.65,16.65,12.31
17/10/2017,9.38,8.55,43.51,9.31,,13.8,3.27,15.94,17.56,13.59,3.49,2.54,,,26.8,24.41,,43.38,15.52,15.88,,4.21,22.69,21.5,18.23,,,,34.19,8.03,22.75,8.86,22.9,4.66,16.65,12.31
18/10/2017,9.37,8.54,43.74,9.29,,13.98,3.22,15.96,17.43,13.64,3.49,2.54,,,26.95,24.42,,43.75,15.53,15.91,,4.2,22.74,21.51,18.22,,,,34.17,8.05,22.76,8.87,22.91,4.92,16.63,12.14
19/10/2017,9.37,8.55,43.85,9.28,,14.12,3.2,15.98,17.64,13.68,3.5,2.54,,,27,24.42,,43.8,15.54,15.94,,4.2,22.8,21.51,18.2,,,,34.13,8.05,22.76,8.87,22.91,5.12,16.63,12.05
20/10/2017,9.37,8.56,43.84,9.27,,14.19,3.28,16.01,17.83,13.73,3.5,2.55,,,26.98,24.42,,43.71,15.57,15.96,,4.21,22.84,21.52,18.23,,,,34.1,8.03,22.75,8.88,22.92,5.07,16.65,12.02
21/10/2017,9.39,8.56,43.75,9.26,,13.72,3.36,16.04,19.3,13.72,3.51,2.56,,,26.3,24.45,,43.84,15.58,15.99,,4.21,22.88,21.52,18.2,,,,34.09,7.94,22.76,8.88,22.94,5.32,16.65,11.91
22/10/2017,9.38,8.53,43.75,9.22,,13.24,3.14,16.04,18.08,13.61,3.51,2.54,,,26.12,24.41,,43.43,15.52,16.01,,4.19,22.91,21.53,18.18,,,,34.03,7.79,22.75,8.88,22.95,4.87,16.62,11.89
23/10/2017,9.38,8.56,43.71,9.22,,13.18,3.13,16.04,19.39,13.66,3.52,2.55,,,26.02,24.44,,43.24,15.53,16.04,,4.2,22.94,21.54,18.26,,,,34.05,7.81,22.75,8.88,22.96,5,16.62,12.06
24/10/2017,9.4,8.59,43.71,9.22,,13.83,3.11,16.11,19.45,13.75,3.53,2.57,,,26.75,24.47,,43.56,15.58,16.07,,4.21,23,21.55,18.31,,,,34.06,7.85,22.77,8.88,22.98,5.28,16.65,12.11
25/10/2017,9.41,8.6,43.6,9.22,,13.98,2.98,16.13,19.5,13.85,3.54,2.59,,,26.87,24.49,,43.86,15.88,16.1,,4.22,23.04,21.56,18.31,,,,34.19,7.87,22.79,8.89,23,5.51,16.68,12.12
26/10/2017,9.41,8.58,43.69,9.21,,14.02,2.96,16.15,19.47,13.88,3.55,2.59,,,26.9,24.48,,43.93,15.83,16.12,,4.21,23.1,21.57,18.28,,,,34.12,7.88,22.79,8.89,23.01,5.59,16.68,12.07
27/10/2017,9.4,8.54,43.64,9.18,,14.03,3.05,16.12,19.45,13.86,3.54,2.57,,,26.9,24.45,,43.81,15.81,16.14,,4.18,23.12,21.58,18.22,,,,34.1,7.85,22.78,8.89,23.02,5.71,16.66,12.11
28/10/2017,9.43,8.58,43.86,9.16,,13.46,2.96,16.16,19.46,13.87,3.55,2.58,,,26.15,24.47,,43.6,15.8,16.16,,4.2,23.17,21.59,18.24,,,,34.07,7.82,22.8,8.9,23.04,5.47,16.67,12.07
29/10/2017,9.41,8.52,43.9,9.12,,13.15,2.77,16.16,19.4,13.72,3.55,2.56,,,25.97,24.43,,43.44,15.77,16.17,,4.16,23.19,21.58,18.23,,,,34.04,7.71,22.78,8.9,23.05,5.15,16.63,12.13
30/10/2017,9.43,8.6,44.03,9.14,,13.09,2.8,16.18,19.43,13.77,3.56,2.59,,,25.89,24.49,,43.24,15.79,16.19,,4.2,23.24,21.6,18.26,,,,34.07,7.76,22.79,8.9,23.07,5.49,16.67,12.26
31/10/2017,9.45,8.62,44.02,9.16,,13.77,2.88,16.21,19.5,13.94,3.57,2.61,,,26.64,24.52,,43.57,15.82,16.2,,4.21,23.25,21.61,18.28,,,,34.14,7.81,22.81,8.91,23.08,5.6,16.72,12.26
1/11/2017,9.46,8.61,44,9.15,,13.34,2.83,16.2,19.49,13.98,3.57,2.61,,,26.05,24.5,,43.92,15.82,16.22,,4.2,23.28,21.62,18.27,,,,34.07,7.72,22.83,8.91,23.09,5.2,16.73,12.21
2/11/2017,9.46,8.59,44,9.12,,13.19,2.91,16.22,19.55,13.96,3.57,2.6,,,25.91,24.5,,43.7,15.8,16.23,,4.19,23.3,21.62,18.27,,,,34.07,7.74,22.83,8.91,23.1,5.18,16.73,12.23
3/11/2017,9.46,8.6,44.11,9.11,,13.15,2.99,16.2,19.56,13.98,3.58,2.6,,,26.58,24.5,,43.73,15.8,16.25,,4.19,23.32,21.63,18.27,,,,34.06,7.76,22.83,8.91,23.11,5.38,16.72,12.26
4/11/2017,9.47,8.61,44.23,9.1,,13.28,2.82,16.23,19.59,13.99,3.58,2.61,,,25.99,24.52,,43.81,15.78,16.26,,4.2,23.35,21.64,18.27,,,,34.1,7.73,22.83,8.91,23.12,5.44,16.74,12.22
5/11/2017,9.44,8.56,44.3,9.03,,12.98,2.64,16.24,19.51,13.84,3.57,2.58,,,25.78,24.44,,43.68,15.71,16.25,,4.15,23.37,21.63,18.24,,,,34.38,7.58,22.82,8.91,23.13,5.09,16.71,12.22
6/11/2017,9.44,8.59,44.34,9.03,,12.91,2.52,16.23,19.49,13.84,3.57,2.59,,,25.71,24.5,,43.45,15.63,16.2,,4.17,23.4,21.64,18.26,,,,34.07,7.59,22.82,8.91,23.13,5.14,16.72,11.93
7/11/2017,9.37,8.59,44.32,8.97,,13.41,2.53,16.19,20.22,13.92,3.51,2.55,,,26.48,24.51,,43.5,15.43,16.04,,4.16,23.42,21.65,18.24,,,,34.03,7.57,22.83,8.84,23.14,5.21,16.72,12.09
8/11/2017,9.38,8.57,44.32,8.99,,13.67,2.54,16.22,19.72,14.01,3.5,2.53,,,26.5,24.54,,43.74,15.27,15.9,,4.16,23.37,21.62,18.26,,,,34.39,7.57,22.83,8.75,23.15,5.34,16.75,12.16
9/11/2017,9.44,8.62,44.44,8.99,,13.81,2.65,16.25,20.53,14.06,3.48,2.53,,,26.6,24.53,,43.77,15.16,15.78,,4.14,23.16,21.6,18.32,,,,34.25,7.57,22.84,8.62,23.16,5.33,16.78,12.19
10/11/2017,9.44,8.6,44.57,8.97,,13.89,2.64,16.27,20.6,14.01,3.48,2.52,,,26.63,24.55,,43.72,15.04,15.69,,4.15,22.93,21.59,18.27,,,,34.27,7.55,22.85,8.51,23.17,5.35,16.78,12.19
11/11/2017,9.44,8.59,44.52,8.95,,13.4,2.58,16.29,20.6,13.93,3.48,2.51,,,25.86,24.53,,43.55,14.95,15.6,,4.15,22.72,21.6,18.28,,,,34.02,7.48,22.84,8.43,23.17,5.59,16.78,12.16
12/11/2017,9.43,8.53,44.53,8.89,,13.07,2.49,16.3,20.52,13.74,3.49,2.49,,,25.61,24.49,,43.34,14.84,15.51,,4.17,22.51,21.61,18.27,,,,33.93,7.38,22.81,8.38,23.17,4.98,16.74,12.13
13/11/2017,9.16,8.41,44.7,8.83,,12.91,2.24,16.08,19.74,13.72,3.39,2.39,,,25.54,24.49,,43.06,14.79,15.46,,4.1,22.33,21.61,18.29,,,,33.93,7.39,22.8,8.33,23.17,5.24,16.72,12.24
14/11/2017,9.14,8.37,44.67,8.84,,13.34,2.22,16.02,20.31,13.87,3.37,2.36,,,26.27,24.57,,43.37,14.75,15.41,,4.01,22.14,21.61,18.26,,,,34.32,7.41,22.83,8.23,23.17,5.21,16.76,12.61
15/11/2017,9.41,8.58,44.56,8.86,,13.39,2.29,16.29,20.53,14,3.36,2.36,,,26.38,24.56,,43.62,14.74,15.36,,3.95,21.92,21.6,18.26,,,,34.05,7.42,22.83,8.15,23.17,5.17,16.78,12.51
16/11/2017,9.42,8.57,44.44,8.85,,13.5,2.34,16.31,20.41,14.07,3.36,2.35,,,26.36,24.56,,43.58,,15.32,,3.98,21.71,21.6,18.32,,,,34.07,7.43,22.82,8.09,23.15,5.19,16.78,12.45
17/11/2017,9.43,8.57,44.51,8.85,,13.53,2.39,16.31,20.51,14.01,3.36,2.36,,,26.3,24.55,,43.55,,15.3,,3.98,21.51,21.61,18.32,,,,34.28,7.42,22.81,8.05,23.13,5.13,16.77,12.44
18/11/2017,9.44,8.57,45.16,8.84,,13.27,2.44,16.33,20.57,13.94,3.38,2.37,,,25.53,24.57,,43.59,,15.27,,3.97,21.32,21.62,18.34,,,,34.28,7.37,22.8,8.02,23.09,5.28,16.77,12.44
19/11/2017,9.43,8.55,44.82,8.82,,13,2.44,16.35,20.53,13.85,3.39,2.37,,,25.34,24.55,,43.39,,15.25,,4,21.13,21.62,18.29,,,,34.31,7.28,22.79,8.01,23.04,4.99,16.75,12.51
20/11/2017,9.44,8.59,44.84,8.83,,12.96,2.49,16.35,20.58,13.89,3.4,2.39,,,25.23,24.5,,43.11,,15.23,,3.93,20.98,21.63,18.34,,,,34,7.31,22.8,8,22.99,5.1,16.77,12.55
21/11/2017,9.44,8.58,44.92,8.83,,13.52,2.48,16.36,20.6,13.91,3.42,2.4,,,25.92,24.58,,43.35,,15.22,,3.93,20.83,21.64,18.3,,,,34.28,7.37,22.79,7.99,22.92,5.09,16.75,12.58
22/11/2017,9.45,8.59,44.98,8.82,,13.64,2.41,16.37,20.65,14.01,3.43,2.41,,,26.05,24.58,,43.64,14.47,15.21,,3.94,20.69,21.65,18.33,,,,34.2,7.44,22.79,7.99,22.85,4.93,16.75,12.61
23/11/2017,9.46,8.59,45.09,8.82,,13.72,2.4,16.38,20.69,14.11,3.44,2.41,,,26.06,24.52,,43.6,14.44,15.22,,4,20.56,21.67,18.32,,,,33.93,7.45,22.79,8,22.77,5.18,16.73,12.65
24/11/2017,9.47,8.59,45.08,8.81,,13.8,2.47,16.39,20.7,14.15,3.46,2.42,,,26.05,24.49,,43.58,14.41,15.23,,4.04,20.42,21.67,18.32,,,,33.95,7.45,22.8,8.01,22.69,5.03,16.72,12.62
25/11/2017,9.46,8.54,44.94,8.78,,13.34,2.32,16.4,20.64,14.07,3.46,2.41,,,25.25,24.05,,43.51,14.35,15.25,,4.03,20.27,21.67,18.3,,,,33.82,7.42,22.79,8.03,22.61,4.88,16.66,12.63
26/11/2017,9.39,8.53,44.73,8.78,,12.9,2.22,16.41,20.61,14.06,3.44,2.41,,,25.14,24.58,,43.36,14.35,15.22,,3.98,20.1,21.67,18.28,,,,33.85,7.41,22.78,8.05,22.54,4.61,16.66,12.74
27/11/2017,9.47,8.5,44.83,8.78,,12.8,2.24,16.44,20.67,14.08,3.44,2.39,,,25.08,24.01,,43.11,14.33,15.17,,4.01,19.98,21.67,18.3,,,,33.88,7.4,22.8,8.06,22.47,4.8,16.67,12.7
28/11/2017,9.46,8.55,44.65,8.75,,13.56,2.26,16.43,20.64,14.09,3.42,2.37,,,25.75,24.57,,43.4,14.28,15.13,,4.04,19.83,21.65,18.27,,,,33.89,7.39,22.79,8.04,22.38,4.76,16.63,12.67
29/11/2017,9.45,8.54,44.47,8.72,,13.68,2.18,16.39,20.63,14.07,3.39,2.37,,,25.79,24.57,6.14,43.62,14.24,15.11,,4.07,19.66,21.66,18.23,,,,34.01,7.39,22.77,8.02,22.3,4.62,16.58,12.67
30/11/2017,9.45,8.54,44.56,8.71,,13.75,2.16,16.39,20.63,14.07,3.39,,,,25.77,24.5,6.14,43.55,14.23,15.1,,4.01,19.52,21.66,18.24,,,,34.03,7.38,22.76,8.02,22.23,4.66,16.56,12.77
1/12/2017,9.46,8.59,44.58,8.72,,13.84,2.15,16.42,20.71,14.06,3.4,,,,25.85,24.61,6.14,43.6,14.22,15.1,,3.96,19.43,21.67,18.25,,,,34.04,7.4,22.78,8.02,22.17,4.75,16.56,12.81
2/12/2017,9.46,8.6,44.43,8.72,,13.34,2.14,16.44,20.74,14.05,3.42,,,,25.22,24.6,6.15,43.45,14.22,15.09,,3.91,19.34,21.67,18.32,,,,33.72,7.35,22.8,8.03,22.08,4.79,16.54,12.84
3/12/2017,9.47,8.61,44.37,8.73,,13.06,2.18,16.46,20.74,14.05,3.43,,,,25.07,24.61,6.16,43.24,14.2,15.1,,3.81,19.25,21.67,18.26,,,,33.73,7.28,22.8,8.04,21.99,4.45,16.53,12.9
4/12/2017,9.48,8.62,44.32,8.74,,13.02,2.21,16.45,20.74,14.05,3.45,,,,24.97,24.63,6.18,43.18,14.2,15.11,,3.74,19.18,21.68,18.3,,,,33.74,7.31,22.82,8.05,21.91,4.51,16.53,12.96
5/12/2017,9.49,8.64,44.23,8.76,,13.6,2.26,16.48,20.78,14.13,3.46,,,,25.72,24.62,6.19,43.35,14.19,15.13,,3.68,19.12,21.69,18.26,,,,33.74,7.34,22.81,8.06,21.82,4.35,16.53,12.94
6/12/2017,9.49,8.62,44.19,8.75,,13.76,2.33,16.47,20.78,14.18,3.47,,,,25.81,24.62,6.2,43.66,14.17,15.12,,3.67,19.06,21.7,18.28,,,,33.71,7.42,22.81,8.07,21.74,4.56,16.51,12.94
7/12/2017,9.5,8.6,44.22,8.73,,13.82,2.31,16.47,20.73,14.19,3.47,,,,25.83,24.36,6.19,43.57,14.14,15.14,,3.71,18.99,21.66,18.28,,,,33.68,7.4,22.8,8.08,21.64,4.61,16.47,12.86
8/12/2017,9.48,8.54,44.27,8.66,,13.25,2.25,16.41,20.64,14.05,3.46,,,,25.01,24.56,6.16,43.43,14.08,15.13,,3.83,18.88,21.63,18.25,,,,33.92,7.28,22.77,8.09,21.51,4.38,16.4,12.87
9/12/2017,9.48,8.55,44.36,8.66,,12.86,2.05,16.42,20.64,14.04,3.47,,,,24.9,24.59,6.15,43.18,14.07,15.12,,3.85,18.78,21.61,18.21,,,,33.63,7.28,22.77,8.1,21.43,4.15,16.39,12.94
10/12/2017,9.49,8.55,44.82,8.65,,12.83,2.36,16.43,20.62,13.99,3.47,,,,24.8,24.58,6.14,43.26,14.03,15.11,,3.85,18.71,21.63,18.22,,,,33.58,7.19,22.78,8.11,21.32,4.15,16.34,12.92
11/12/2017,9.47,8.53,44.5,8.58,,12.83,2.23,16.38,20.6,13.97,3.47,,,,24.69,24.56,6.12,42.96,13.94,14.98,,3.91,18.56,21.64,18.21,,,,33.52,7.22,22.76,8.12,21.22,4.24,16.31,12.98
12/12/2017,9.47,8.56,44.48,8.61,,13.4,2.15,16.41,20.65,14,3.47,,,,25.43,24.6,6.12,43.33,13.87,14.8,,3.78,18.43,21.62,18.2,,,,33.62,7.24,22.77,8.13,21.16,4.49,16.31,13.09
13/12/2017,9.49,8.6,44.89,8.64,,13.6,2.22,16.43,20.74,14.14,3.49,,,,25.64,24.62,6.14,43.54,13.81,14.73,,3.75,18.26,21.58,18.22,,,,33.58,7.28,22.81,8.11,21.07,4.2,16.3,13
14/12/2017,9.48,8.56,44.81,8.61,,13.68,2.17,16.42,20.7,14.08,3.48,,,,25.66,24.6,6.13,43.53,13.75,14.67,,3.81,18.08,21.56,18.19,,,,33.58,7.27,22.78,8.08,20.94,4.11,16.25,12.97
15/12/2017,9.47,8.55,44.89,8.59,,13.71,2.13,16.4,20.69,14.06,3.47,,,,25.64,24.57,6.12,43.26,13.72,14.63,,3.91,17.89,21.54,18.17,,,,33.56,7.28,22.77,8.06,20.84,4.06,16.21,12.99
16/12/2017,9.46,8.57,44.75,8.6,,13.15,2.13,16.42,20.74,14.1,3.46,,,,25.05,24.6,6.12,43.09,13.71,14.62,,3.78,17.79,21.54,18.23,,,,33.9,7.25,22.77,8.05,20.8,4.35,16.21,13.07
17/12/2017,9.48,8.64,44.71,8.63,,12.98,2.14,16.46,20.81,14.16,3.46,,,,24.91,24.64,6.14,42.95,13.73,14.61,,3.68,17.71,21.54,18.23,,,,33.56,7.16,22.8,8.05,20.73,3.78,16.21,13.09
18/12/2017,9.48,8.64,44.45,8.64,,13.02,2.18,16.48,20.8,14.16,3.47,,,,24.8,24.61,6.16,42.79,13.71,14.6,,3.64,17.63,21.54,18.22,,,,33.77,7.18,22.8,8.04,20.65,3.89,16.21,13.09
19/12/2017,9.48,8.66,44.45,8.66,,13.54,2.25,16.51,20.65,14.22,3.48,,,,25.51,24.62,6.18,42.97,13.7,14.6,,3.61,17.56,21.56,18.32,,,,33.51,7.25,22.8,8.05,20.57,3.93,16.21,13.08
20/12/2017,9.48,8.65,44.35,8.67,,13.76,2.29,16.11,20.84,14.19,3.49,,,,25.59,24.61,6.19,43.23,13.68,14.59,,3.71,17.48,21.57,18.25,,,,33.79,7.28,22.79,8.05,20.49,3.67,16.24,13.05
21/12/2017,9.48,8.65,44.18,8.66,,13.81,2.31,15.48,20.91,14.11,3.5,,,,25.64,24.62,6.2,43.15,13.65,14.59,,3.88,17.4,21.59,18.23,,,,33.6,7.28,22.8,8.05,20.4,3.57,16.32,12.98
22/12/2017,9.47,8.64,44.19,8.65,,13.86,2.32,15.15,19.33,14.07,3.5,,,,25.67,24.61,6.2,42.99,13.63,14.58,,3.91,17.32,21.6,18.28,,,,33.62,7.25,22.78,8.06,20.32,3.47,16.28,12.85
23/12/2017,9.47,8.64,44.18,8.65,,13.22,2.31,14.92,19.03,14.01,3.51,,,,24.97,24.61,6.2,42.85,13.6,14.58,,3.9,17.24,21.6,18.23,,,,33.81,7.14,22.78,8.06,20.24,3.91,16.24,12.73
24/12/2017,9.47,8.63,44.08,8.64,,12.93,2.28,14.72,18.84,13.95,3.51,,,,24.8,24.59,6.19,42.58,13.57,14.57,,3.89,17.15,21.6,18.22,,,,33.78,7.06,22.77,8.08,20.16,3.76,16.2,12.59
25/12/2017,9.47,8.63,44.01,8.62,,12.75,2.21,14.54,18.69,13.9,3.52,,,,24.68,24.58,6.18,42.45,13.53,14.58,,3.88,17.09,21.6,18.2,,,,33.49,7.01,22.77,8.09,20.07,3.53,16.15,12.45
26/12/2017,9.45,8.58,43.94,8.57,,12.61,2.17,14.37,18.52,13.81,3.51,,,,24.56,24.53,6.16,42.46,13.47,14.57,,3.84,16.98,21.59,18.14,,,,33.43,7.04,22.75,8.1,19.96,3.52,16.08,12.24
27/12/2017,9.42,8.52,43.88,8.48,,12.57,1.99,14.2,18.39,13.72,3.49,,,,24.44,24.48,6.12,42.45,13.4,14.51,,3.78,16.86,21.59,18.13,,,,33.37,7.06,22.7,8.1,19.82,3.4,15.98,12.22
28/12/2017,9.42,8.55,44.04,8.48,,12.99,1.87,14.06,18.13,13.73,3.49,,,,24.36,24.5,6.11,42.54,13.39,14.49,,3.77,16.76,21.58,18.13,,,,33.38,7.08,22.71,8.11,19.8,3.3,15.97,12.3
29/12/2017,9.45,8.64,43.92,8.53,,12.78,2.02,14.02,18.36,13.89,3.51,,,,24.41,24.58,6.13,42.63,13.41,14.48,,3.81,16.75,21.59,18.17,,,,33.65,7.11,22.76,8.11,19.78,3.23,15.99,12.25
30/12/2017,9.47,8.64,43.91,8.54,,12.54,2.13,13.96,18.37,13.94,3.52,,,,24.38,24.58,6.15,42.43,13.41,14.47,,3.82,16.68,21.58,18.15,,,,33.42,7.01,22.76,8.09,19.75,3.31,15.98,12.14
31/12/2017,9.47,8.65,43.92,8.55,,12.4,2.26,13.88,18.3,13.88,3.53,,,,24.35,24.56,6.17,42.25,13.4,14.48,,3.82,16.61,21.57,18.15,,,,33.44,6.95,22.78,8.07,19.68,3.32,15.95,12
1/1/2018,9.45,8.61,41.27,8.52,,12.26,2.28,13.78,18.19,13.81,3.52,,,,24.26,24.51,6.15,42.15,13.33,14.45,,3.78,16.52,21.55,18.12,,,,33.32,6.89,22.75,8.04,19.59,3.36,15.89,11.98
2/1/2018,9.45,8.61,41.41,8.52,,12.23,2.33,13.72,18.14,13.78,3.52,,,,24.21,24.51,6.15,42.3,13.31,14.43,,3.77,16.44,21.53,18.1,,,,33.42,6.91,22.75,8.02,19.56,3.23,15.86,11.86
3/1/2018,9.44,8.57,41.09,8.49,,12.27,2.22,13.64,18.11,13.55,3.52,,,,24.19,24.47,6.14,42.36,13.26,14.42,,3.75,16.38,21.51,18.09,,,,33.29,6.99,22.75,8,19.46,3.16,15.8,11.79
4/1/2018,9.44,8.62,41.09,8.5,,12.28,2.18,13.57,15.49,13.43,3.52,,,,24.13,24.51,6.14,42.26,13.24,14.42,,3.75,16.3,20.98,18.07,,,,33.34,7.04,22.75,7.98,19.41,3.05,15.77,11.75
5/1/2018,9.44,8.63,41.07,8.5,,12.23,2.12,13.49,14.82,13.41,3.52,,,,24.1,24.51,6.14,42.56,13.23,14.43,,3.76,16.24,20.65,18.07,,,,33.3,7.03,22.76,7.97,19.37,3.03,15.76,11.69
6/1/2018,9.44,8.65,41.05,8.51,,12.07,2.1,13.38,14.5,13.37,3.53,,,,24.1,24.52,6.15,42.52,13.22,14.45,,3.76,16.22,20.66,18.07,,,,33.28,6.93,22.77,7.96,19.33,3.01,15.73,11.64
7/1/2018,9.44,8.67,41.05,8.52,,11.9,2.17,13.26,14.24,13.35,3.54,,,,24.1,24.53,6.16,42.35,13.2,14.46,,3.77,16.16,20.64,18.06,,,,33.35,6.89,22.77,7.96,19.29,2.91,15.71,11.53
8/1/2018,9.44,8.66,40.92,8.52,,11.88,2.16,13.13,14.07,13.33,3.54,,,,24.09,24.51,6.17,42.34,13.19,14.47,,3.76,16.12,20.64,18.08,,,,33.44,6.93,22.78,7.95,19.23,2.88,15.66,11.43
9/1/2018,9.44,8.65,40.91,8.51,,12.06,2.08,13,13.89,13.32,3.54,,,,24.81,24.49,6.17,42.81,13.15,14.44,,3.74,16.06,20.63,18.07,,,,33.58,6.99,22.77,7.95,19.15,2.89,15.62,11.21
10/1/2018,9.44,8.63,40.78,8.49,,12.54,2.13,12.88,13.76,13.31,3.54,,,,25.06,24.49,6.16,43.13,13.12,14.3,,3.72,16,20.62,18.11,,,,33.49,7.02,22.77,7.95,19.07,2.87,15.57,11.05
11/1/2018,9.44,8.64,40.83,8.48,,12.72,2.15,12.78,13.12,13.3,3.52,,,,25.04,24.48,6.16,43.12,13.09,14.26,,3.72,15.94,20.61,18.1,,,,33.59,7.03,22.77,7.95,19.03,2.81,15.54,10.96
12/1/2018,9.44,8.67,40.87,8.49,,12.79,2.06,12.7,12.97,13.33,3.52,,,,25.15,24.5,6.16,43.07,13.08,14.24,,3.64,15.91,20.62,18.07,,,,33.44,7.04,22.79,7.95,18.99,2.85,15.53,10.82
13/1/2018,9.45,8.67,40.85,8.5,,12.31,2.11,12.6,12.73,13.27,3.52,,,,24.49,24.49,6.17,43.12,13.05,14.23,,3.61,15.87,20.62,18.1,,,,33.42,7.01,22.79,7.95,18.94,2.86,15.49,10.71
14/1/2018,9.46,8.67,40.86,8.49,,11.91,2.05,12.51,12.57,13.23,3.52,,,,24.35,24.48,6.17,42.81,13.03,14.22,,3.65,15.81,20.6,18.11,,,,33.37,6.92,22.78,7.94,18.9,2.83,15.47,10.56
15/1/2018,9.46,8.65,40.68,8.49,,11.86,1.99,12.4,12.48,13.2,3.52,,,,24.27,24.47,6.18,42.78,13,14.23,,3.76,15.77,20.6,18.08,,,,33.31,6.94,22.78,7.94,18.83,2.75,15.41,10.36
16/1/2018,9.44,8.61,40.56,8.44,,12.34,1.98,12.28,12.28,13.13,3.51,,,,24.95,24.42,6.15,43.02,12.93,14.21,,3.73,15.7,20.6,18.15,,,,33.26,6.98,22.76,7.93,18.73,2.73,15.34,10.27
17/1/2018,9.44,8.6,40.53,8.42,,12.49,1.95,12.21,12.26,13.1,3.51,,,,25.01,24.4,6.14,43.17,12.91,14.2,,3.7,15.62,20.6,18.09,,,,33.2,6.99,22.75,7.92,18.71,2.66,15.3,10.22
18/1/2018,9.46,8.65,40.59,8.45,,12.52,2.04,12.14,12.21,13.24,3.53,,,,25.17,24.45,6.15,43.18,12.94,14.24,,3.65,15.65,20.61,18.1,,,,33.26,7.02,22.79,7.93,18.68,2.69,15.31,10.1
19/1/2018,9.46,8.64,40.53,8.44,,12.53,1.99,12.08,12.12,13.21,3.52,,,,25.2,24.43,6.15,43.15,12.91,14.24,,3.71,15.56,20.61,18.03,,,,33.21,7.01,22.77,7.93,18.66,2.68,15.27,9.97
20/1/2018,9.47,8.62,40.63,8.42,,12.02,2.13,11.99,12.05,13.15,3.52,,,,24.47,24.42,6.15,43.14,12.88,14.26,,3.65,15.57,20.62,18.05,,,,33.56,7.01,22.78,7.92,,2.67,15.23,9.9
21/1/2018,9.47,8.62,40.45,8.41,,11.59,2.18,11.95,11.96,13.13,3.52,,,,24.33,24.41,6.14,42.97,12.87,14.26,,3.71,15.51,20.61,18.05,,,,33.47,7,22.77,7.95,,2.63,15.21,9.82
22/1/2018,9.48,8.66,40.58,8.44,,11.52,2.22,11.89,11.86,13.15,3.53,,,,24.29,24.44,6.16,42.72,12.87,14.29,,3.7,15.52,20.63,18.05,,,,33.51,7.01,22.8,7.96,,2.64,15.2,9.79
23/1/2018,9.49,8.69,40.65,8.44,,12.21,2.11,11.85,11.85,13.19,3.53,,,,25.02,24.45,6.17,43.14,12.87,14.32,,3.75,15.52,20.63,18.13,,,,33.28,7.03,22.8,7.99,,2.65,15.2,9.69
24/1/2018,9.51,8.7,40.54,8.47,,12.3,2.12,11.8,11.82,13.21,3.55,,,,25.24,24.45,6.19,43.34,12.89,14.35,,3.76,15.56,20.37,18.15,,,,33.36,7.05,22.82,8.02,,2.68,15.19,9.54
25/1/2018,9.51,8.68,40.42,8.45,,12.31,2.17,11.73,11.81,13.14,3.54,,,,25.25,24.42,6.2,43.29,12.85,14.35,,3.74,15.52,20.37,18.11,,,,33.5,7.03,22.81,8.03,,2.66,15.15,9.43
26/1/2018,9.53,8.67,40.39,8.44,,12.34,2.15,11.69,11.73,13.11,3.54,,,,25.24,24.41,6.19,43.16,12.84,14.36,,3.74,15.48,20.37,18.13,,,,33.22,7.02,22.8,8.05,,2.52,15.14,9.39
27/1/2018,9.55,8.7,40.3,8.45,,11.82,2.17,11.66,11.68,13.1,3.55,,,,24.61,24.43,6.2,43.18,12.84,14.38,,3.75,15.49,20.38,18.09,,,,33.19,7.01,22.82,8.07,,2.56,15.13,9.29
28/1/2018,9.55,8.71,40.55,8.47,,11.49,2.25,11.61,11.61,13.02,3.55,,,,24.46,24.43,6.21,43.12,12.84,14.37,,3.76,15.49,20.38,18.17,,,,33.48,6.93,22.82,8.09,,2.51,15.13,9.15
29/1/2018,9.54,8.69,40.22,8.45,,11.44,2.25,11.55,11.52,12.99,3.55,,,,24.34,24.4,6.21,42.77,12.81,14.35,,3.74,15.45,20.38,18.17,,,,33.47,6.94,22.81,8.1,,2.47,15.09,9.04
30/1/2018,9.54,8.69,40.24,8.44,,11.96,2.26,11.5,11.51,12.99,3.55,,,,25.03,24.39,6.21,43.08,12.8,14.34,,3.73,15.44,20.39,18.11,,,,33.26,6.97,22.81,8.12,,2.56,15.07,8.88
31/1/2018,9.54,8.65,40.13,8.41,,12.14,2.17,11.43,11.41,12.96,3.54,,,,25.13,24.36,6.19,43.22,12.76,14.34,,3.72,15.42,20.4,18.09,,,0.89,33.4,6.97,22.81,8.13,,2.83,15.01,8.7
1/2/2018,9.52,8.62,39.96,8.36,,12.17,2.04,11.36,11.36,12.9,3.53,,,,25.09,24.32,6.16,42.96,12.72,14.31,,3.79,15.35,20.77,18.08,,,0.89,33.16,6.95,22.78,8.14,,2.88,14.95,8.6
2/2/2018,9.48,8.63,40.1,8.33,,12.07,2,11.28,11.33,12.89,3.5,,,,25.1,24.36,6.14,42.87,12.7,14.31,,3.8,15.33,20.78,18.06,,,0.89,33.14,6.95,22.79,8.15,,2.8,14.91,8.48
3/2/2018,9.41,8.55,40.32,8.3,,11.49,0.47,11.15,11.18,12.84,3.4,,,,24.42,24.33,6.12,42.78,12.68,14.3,,3.8,15.27,20.79,18.04,,,,33.1,6.86,22.79,8.13,,2.76,14.86,8.42
4/2/2018,9.39,8.45,40.48,8.32,,11.24,0.35,11.08,11.11,12.89,3.37,,,,24.27,24.37,6.13,42.63,12.7,14.32,,3.67,15.25,20.79,18.1,,,,33.18,6.79,22.82,8.09,,2.73,14.89,8.41
5/2/2018,9.52,8.42,40.42,8.33,,11.18,2.01,11.18,11.19,12.88,3.34,,,,24.2,24.36,6.15,42.47,12.7,14.33,,3.67,15.22,20.79,18.08,,,,33.42,6.83,22.84,8.02,,2.72,14.87,8.22
6/2/2018,9.47,8.55,40.26,8.27,,11.71,1.96,11.1,11.14,12.82,3.33,,,,24.84,24.31,6.12,42.96,12.66,14.34,,3.68,15.14,20.78,18.04,,,,33.39,6.88,22.83,7.93,,2.64,14.8,8.11
7/2/2018,9.49,8.54,40.78,8.27,,11.79,1.82,11.06,11.09,12.81,3.32,,,,24.87,24.3,6.11,42.98,12.64,14.32,,3.72,15.05,20.76,18.03,,,,33.15,6.86,22.81,7.83,,2.56,14.79,8.07
8/2/2018,9.5,8.48,41.08,8.28,,11.74,1.88,11.05,11.1,12.86,3.32,,,,24.88,24.33,6.11,42.89,12.64,14.34,,3.68,15.02,20.76,18.03,,,,33.16,6.9,22.81,7.76,,2.59,14.78,7.97
9/2/2018,9.5,8.45,40.91,8.29,,11.89,1.97,11,11.09,12.89,3.32,,,,24.89,24.32,6.11,42.81,12.63,14.35,,3.68,14.98,20.75,18.05,,,,33.1,6.9,22.82,7.69,,2.61,14.76,7.85
10/2/2018,9.5,8.47,40.67,8.28,,11.42,2.01,10.97,11.04,12.82,3.32,,,,24.14,24.31,6.1,42.84,12.61,14.36,,3.72,14.94,20.75,18.02,,,,33.05,6.84,22.8,7.64,,2.63,14.73,7.74
11/2/2018,9.5,8.45,40.56,8.28,,11.11,1.96,10.93,10.96,12.75,3.32,,,,23.93,24.29,6.09,42.56,12.6,14.36,,3.69,14.88,20.73,18,,,,32.95,6.76,22.8,7.6,,2.65,14.7,7.65
12/2/2018,9.46,8.45,40.42,8.26,,11.03,1.88,10.89,10.93,12.72,3.31,,,,23.83,24.27,6.08,42.36,12.59,14.37,,3.7,14.82,20.72,18.01,,,,32.92,6.78,22.78,7.59,,2.62,14.67,7.56
13/2/2018,9.46,8.43,40.44,8.26,,11.53,0.74,10.86,10.9,12.75,3.3,,,,24.57,24.28,6.08,42.68,12.59,14.38,,3.66,14.79,20.72,18.02,,,,33.26,6.86,22.79,7.58,,2.52,14.65,7.5
14/2/2018,9.49,8.43,40.3,8.26,,11.68,1.89,10.83,10.9,12.78,3.29,,,,24.61,24.27,6.07,42.75,12.58,14.36,,3.63,14.74,20.71,18.03,,,,33.29,6.87,22.78,7.58,,2.59,14.63,7.46
15/2/2018,9.5,,40.3,8.28,,11.75,1.91,10.81,10.91,12.84,3.28,,,,24.72,24.29,6.09,43,12.6,14.37,,3.56,14.73,20.71,18.02,,,,33.3,6.89,22.81,7.6,,2.37,14.63,7.35
16/2/2018,9.5,,40.39,8.28,,11.8,1.89,10.78,10.88,12.87,3.27,,,,24.73,24.25,6.09,42.94,12.6,14.37,,3.59,14.7,20.71,18.01,,,,33.26,6.89,22.81,7.62,,2.52,14.61,7.2
17/2/2018,9.5,,39.76,8.27,,11.32,1.79,10.74,10.81,12.76,3.26,,,,23.93,24.26,6.08,42.71,12.58,14.37,,3.62,14.67,20.71,18,,,,33.14,6.88,22.79,7.64,,2.46,14.56,7.09
18/2/2018,9.46,,39.77,8.25,,10.94,1.69,10.68,10.73,12.69,3.25,,,,23.78,24.26,6.07,42.63,12.56,14.36,,3.64,14.59,20.69,17.98,,,,33.1,6.86,22.77,7.66,,2.34,14.52,6.97
19/2/2018,9.47,,40.21,8.23,,10.9,1.67,10.64,10.71,12.66,3.23,,,,23.67,24.24,6.06,42.42,12.54,14.36,,3.62,14.57,20.68,18,,,,32.79,6.85,22.77,7.67,,2.37,14.5,6.83
20/2/2018,9.48,,39.91,8.22,,11.45,1.74,10.6,10.65,12.65,3.22,,,,24.35,24.22,6.04,42.58,12.52,14.34,,3.66,14.5,20.67,17.95,,,,30.56,6.86,22.75,7.67,,2.33,14.52,6.7
21/2/2018,9.47,,39.84,8.2,,11.58,1.62,10.56,10.63,12.64,3.21,,,,24.44,24.22,6.03,42.69,12.51,14.34,,3.7,14.47,20.67,17.99,,,,32.77,6.9,22.75,7.67,,2.31,14.45,6.6
22/2/2018,9.44,,39.81,8.18,,11.54,1.55,10.51,10.6,12.63,3.19,,,,24.44,24.21,6.02,42.6,12.49,14.34,,3.68,14.43,20.66,17.96,,,,32.93,6.85,22.74,7.67,,2.21,14.4,6.2
23/2/2018,9.4,,39.75,8.16,,11.53,1.46,10.47,10.58,12.59,3.13,,,,24.41,24.2,6,42.54,12.45,14.35,,3.64,14.39,20.65,17.92,,,,32.97,6.8,22.74,7.59,,1.85,14.3,6.21
24/2/2018,9.4,,39.72,8.16,,11.23,1.43,10.44,10.53,12.58,3.06,,,,23.6,24.19,5.99,42.4,12.39,14.35,,3.63,14.35,20.62,17.91,,,,33.24,6.72,22.75,7.43,,1.69,14.29,6.08
25/2/2018,9.44,,40.32,8.18,,10.94,1.54,10.43,10.48,12.53,3.03,,,,23.37,24.19,5.99,42.36,12.35,14.35,,3.56,14.28,20.58,17.95,,,,33.18,6.59,22.75,7.11,,1.67,14.26,5.92
26/2/2018,9.44,,39.9,8.17,,10.89,1.53,10.4,10.45,12.49,3.02,,,,23.23,24.16,5.97,42.36,12.31,14.35,,3.54,14.22,20.55,17.88,,,,27.19,6.59,22.73,6.88,,1.71,14.24,5.81
27/2/2018,9.44,,39.77,8.16,,11.19,1.57,10.37,10.45,12.48,3.02,,,,23.75,24.15,5.96,,12.3,14.34,,3.54,14.17,20.54,17.9,,,,32.65,6.61,22.71,6.83,,1.75,14.21,5.76
28/2/2018,9.44,,39.75,8.18,,11.44,1.65,10.35,10.45,12.49,3.02,,,,23.79,24.16,5.96,42.67,12.29,14.35,,3.48,14.16,20.53,17.95,,,,32.71,6.62,22.71,6.83,,1.8,14.19,5.57
1/3/2018,9.42,,39.58,8.15,,11.57,1.51,10.29,10.36,12.4,3,,,,22.94,24.11,5.93,42.47,12.23,14.35,,3.5,14.14,20.53,17.93,,,,32.66,6.6,22.67,6.86,,1.78,14.1,5.34
2/3/2018,9.4,,39.46,8.11,,11.76,1.46,10.24,10.34,12.33,2.99,,,,22.72,24.07,5.9,42.27,12.17,14.33,,3.6,14.03,20.51,17.91,,,,32.58,6.57,22.63,6.87,,1.78,14.02,5.17
3/3/2018,9.37,,39.44,8.1,,11.2,1.41,10.2,10.27,12.32,2.92,,,,22.51,24.14,5.88,42.24,12.15,14.34,,3.61,14.01,20.5,17.95,,,,32.67,6.51,22.62,6.91,,1.7,13.98,5.04
4/3/2018,9.32,,39.97,8.11,,10.99,1.42,10.19,10.2,12.34,2.84,,,,22.37,24.15,5.88,42.26,12.03,14.35,,3.59,14.02,20.48,17.96,,,,32.63,6.43,22.61,6.97,,1.63,13.95,4.77
5/3/2018,9.38,,39.72,8.07,,10.93,1.4,10.13,10.21,12.26,2.76,,,,22.23,24.05,5.85,42.08,12.09,14.31,,3.6,13.95,20.47,17.96,,,,32.56,6.46,22.59,7.02,,1.64,13.86,4.63
6/3/2018,9.37,,40.22,8.07,,11.18,1.39,10.1,10.15,12.27,2.67,,,,22.85,24.03,5.83,42.45,12,14.27,,3.7,13.88,20.44,17.77,,,,32.45,6.47,22.56,7.05,,1.6,13.83,4.51
7/3/2018,9.36,,40.88,8.07,,11.15,1.43,10.07,10.16,12.31,2.64,,,,22.92,24.05,5.82,42.53,11.93,14.25,,3.64,13.84,20.42,17.7,,,,32.23,6.47,22.56,7,,1.39,13.8,4.41
8/3/2018,9.38,,41.44,8.09,,11.19,1.43,10.07,10.19,12.37,2.64,,,,22.94,24.06,5.83,42.41,11.89,14.22,,3.57,13.81,20.4,17.9,,,,32.55,6.47,22.56,6.91,,1.39,13.79,4.26
9/3/2018,9.39,,41.54,8.12,,11.23,1.43,10.07,10.16,12.43,2.64,,,,22.94,24.04,5.83,42.32,11.84,14.18,,3.58,13.77,20.38,17.85,,,,32.4,6.48,22.54,6.83,,1.43,13.75,4.07
10/3/2018,9.38,,41.3,8.13,,10.74,1.6,10.04,10.11,12.39,2.66,,,,22.08,24.01,5.81,42.28,11.78,14.13,,3.62,13.7,20.34,17.84,,,,32.34,6.43,22.5,6.8,,1.45,13.7,3.82
11/3/2018,9.37,,40.81,8.06,,10.35,1.38,9.98,9.99,12.24,2.59,,,,21.75,23.94,5.77,42.03,11.68,14.02,,3.63,13.6,20.3,17.82,,,,32.27,6.3,22.42,6.78,,1.42,13.61,3.66
12/3/2018,9.35,,41.22,8.05,,10.31,1.41,9.94,9.71,12.26,2.53,,,,21.64,23.94,5.76,41.73,11.6,13.9,,3.64,13.49,20.25,17.77,,,,32.24,6.32,22.4,6.79,,1.37,13.59,3.52
13/3/2018,9.35,,41.81,8.1,,10.76,1.48,9.94,9.48,12.47,2.52,,,,22.25,23.95,5.75,42.1,11.56,13.83,,3.59,13.42,20.23,17.79,,,,32.23,6.38,22.38,6.81,,1.45,13.56,3.37
14/3/2018,9.35,,41.36,8.11,,10.84,1.59,9.92,10.15,12.41,2.51,,,,22.3,23.93,5.75,42.21,11.52,13.79,,3.52,13.34,20.21,17.8,,,,32.17,6.41,22.36,6.84,,1.4,13.53,3.18
15/3/2018,9.33,,40.84,8.09,,10.95,1.54,9.88,10.21,12.31,2.51,,,,22.24,23.88,5.72,42.08,11.41,13.75,,3.47,13.25,20.19,17.73,,,,32.44,6.39,22.29,6.86,,1.45,13.45,3.02
16/3/2018,9.32,,40.85,8.07,,11,1.55,9.85,10.27,12.3,2.51,,,,22.15,23.87,5.71,42.04,11.33,13.66,,3.44,13.15,20.16,17.72,,,,32.12,6.38,22.26,6.88,,1.4,13.42,2.84
17/3/2018,9.3,,41.44,8.06,,10.49,1.55,9.82,10.64,12.22,2.53,,,,21.29,23.82,5.68,42.09,11.15,13.56,,3.49,13.05,20.1,17.69,,,,32.06,6.37,22.2,6.9,,1.43,13.36,2.69
18/3/2018,9.23,,41.18,8.06,,10.14,1.42,9.81,10.57,12.15,2.22,,,,21.1,23.81,5.62,41.92,10.96,13.46,,3.4,12.96,20.07,17.69,,,,32.03,6.33,22.17,6.92,,1.45,13.32,2.61
19/3/2018,9.11,,41.24,8.06,,10.07,1.43,9.8,10.22,12.14,1.92,,,,20.99,23.81,5.57,41.67,10.7,13.32,,3.28,12.88,20.03,17.66,,,,31.99,6.29,22.16,6.71,,1.44,13.31,2.5
20/3/2018,9.27,,41.42,8.08,,10.68,1.53,9.8,10.65,12.19,1.9,,,,21.68,23.8,5.64,41.94,10.48,13.16,,3.22,12.8,19.92,17.65,,,,31.94,6.29,22.13,6.37,,1.45,13.27,2.4
21/3/2018,9.27,,41.35,8.09,,10.67,1.51,9.81,10.65,12.22,1.94,,,,21.74,23.81,5.64,42.12,10.34,13.08,,3.11,12.74,19.87,17.62,,,,31.92,6.3,22.09,6.27,,1.43,13.27,2.25
22/3/2018,9.25,,40.97,8.08,,10.9,1.64,9.77,10.53,12.17,2.03,,,,21.67,23.73,5.6,41.99,10.16,12.98,,3.06,12.68,19.83,17.61,,,,31.93,6.27,21.99,6.23,,1.43,13.19,2.13
23/3/2018,9.24,,40.74,8.08,,10.93,1.65,9.77,10.58,12.1,2.06,,,,21.48,23.7,5.57,41.73,10.06,12.93,,3.16,12.55,19.75,17.55,,,,31.81,6.26,21.94,6.24,,1.37,13.16,2.01
24/3/2018,9.24,,40.59,8.07,,10.47,1.94,9.76,10.56,12.06,2.13,,,,20.65,23.7,5.56,41.78,10,12.91,,3.18,12.47,19.7,17.51,,,,32.02,6.23,21.92,6.29,,1.39,13.15,1.9
25/3/2018,9.23,,40.43,8.09,,10.1,2.36,9.74,10.52,12.02,2.22,,,,20.43,23.68,5.55,41.64,9.94,12.91,,3.14,12.43,19.68,17.54,,,,31.59,6.15,21.87,6.37,,1.37,13.13,1.82
26/3/2018,9.22,,40.22,8.09,,10.05,2.31,9.73,10.51,12.02,2.28,,,,20.36,23.67,5.55,41.56,9.9,12.92,,3.08,12.37,19.65,17.52,,,,31.53,6.15,21.82,6.45,,1.41,13.11,1.72
27/3/2018,9.21,,40.3,8.1,,10.63,2.19,9.72,10.52,12,2.31,,,,20.85,23.64,5.55,41.77,9.87,12.94,,3.07,12.33,19.63,17.5,,,,31.43,6.21,21.78,6.53,,1.4,13.09,1.6
28/3/2018,9.2,,40.16,8.09,,10.77,2.7,9.7,10.5,12.02,2.38,,,,20.73,23.6,5.53,41.78,9.83,12.96,,3.09,12.26,19.6,17.46,,,,31.46,6.22,21.72,6.59,,1.44,13.06,1.55
29/3/2018,9.19,,40.1,8.08,,10.87,2.43,9.68,10.48,12.05,2.42,,,,20.95,23.57,5.52,41.76,9.8,12.98,,3.16,12.19,19.57,17.42,,,,31.5,6.2,21.67,6.64,,1.43,13.03,1.66
30/3/2018,9.18,,39.97,8.08,,10.93,2.28,9.66,10.47,12.02,2.45,,,,20.92,23.55,5.51,41.58,9.77,13.01,,3.13,12.13,19.56,17.44,,,,31.41,6.17,21.64,6.7,,1.42,12.98,2.04
31/3/2018,9.16,,39.88,8.05,,10.38,2.26,9.63,10.41,11.92,2.48,,,,20.08,23.49,5.49,41.5,9.74,13.02,,3.1,12.03,19.53,17.4,,,,31.34,6.03,21.57,6.74,,1.43,12.95,2.24
1/4/2018,9.17,,39.91,8.06,,10.1,2.41,9.64,10.43,11.92,2.5,,,,20.02,23.51,5.49,41.17,9.73,13.05,,3.12,11.98,19.52,17.41,,,,31.34,5.99,21.57,6.77,,1.47,12.96,2.45
2/4/2018,9.17,,39.63,8.09,,9.98,2.45,9.64,10.42,11.91,2.56,,,,19.97,23.5,5.51,40.98,9.76,13.1,,3.11,11.94,19.54,17.38,,,,31.31,6.03,21.57,6.83,,1.48,12.97,2.61
3/4/2018,9.17,,39.64,8.1,,9.94,2.44,9.63,10.4,11.89,2.58,,,,19.93,23.47,5.52,40.94,9.76,13.14,,3.1,11.9,19.52,17.38,,,,31.29,6.08,21.54,6.87,,1.49,12.95,2.31
4/4/2018,9.15,,39.41,8.09,,10.54,2.38,9.59,10.39,11.9,2.61,,,,20.58,23.43,5.51,41.44,9.74,13.17,,3.09,11.86,19.5,17.39,,,,31.35,6.09,21.49,6.9,,1.49,12.92,1.96
5/4/2018,9.14,,39.5,8.08,,10.66,2.3,9.59,10.4,11.91,2.6,,,,20.68,23.42,5.51,41.51,9.72,13.15,,3.07,11.79,19.47,17.36,,,,31.37,6.09,21.47,6.92,,1.48,12.91,1.73
6/4/2018,9.14,,39.54,8.1,,10.76,2.3,9.59,10.19,11.95,2.63,,,,20.75,23.41,5.52,41.49,9.73,13.16,,3.01,11.74,19.48,17.38,,,,31.31,6.09,21.46,6.95,,1.42,12.9,1.53
7/4/2018,9.14,,39.48,8.1,,10.31,2.24,9.57,10.36,11.88,2.64,,,,20.19,23.37,5.52,41.3,9.73,13.17,,3.02,11.7,19.47,17.32,,,,31.28,6.05,21.43,6.97,,1.4,12.88,1.36
8/4/2018,9.13,,39.39,8.09,,9.98,2.16,9.55,10.28,11.78,2.66,,,,20.06,23.33,5.52,41.4,9.71,13.18,,3.05,11.63,19.44,17.26,,,,31.24,5.97,21.4,6.99,,1.42,12.85,1.28
9/4/2018,9.12,,39.22,8.07,,9.96,2.15,9.53,9.81,11.74,2.66,,,,19.99,23.3,5.51,41.28,9.7,13.19,,3.09,11.56,19.41,17.24,,,,31.3,5.99,21.35,7.01,,1.38,12.83,1.2
10/4/2018,9.11,,39.27,8.07,,10.59,2.2,10.25,9.92,11.78,2.66,,,,20.56,23.29,5.5,41.23,9.69,13.2,,3.06,11.61,19.4,17.31,,,,31.25,6.03,21.33,7.02,,1.41,12.81,1.15
11/4/2018,9.1,,39.18,8.05,,10.73,2.42,9.89,10.24,11.78,2.68,,,,20.66,23.25,5.49,41.27,9.68,13.17,,3.03,11.59,19.39,17.24,,,,31.24,6.08,21.28,7.04,,1.37,12.78,1.23
12/4/2018,9.11,,39.15,8.04,,10.76,2.43,9.73,10.23,11.77,2.69,,,,20.66,23.23,5.49,41.13,9.56,13.06,,3.05,11.52,19.36,17.21,,,,31.08,6.06,21.26,7.04,,1.32,12.76,1.31
13/4/2018,9.12,,39.34,8.05,,10.86,2.46,9.68,10.28,11.79,2.7,,,,20.73,23.25,5.49,41.15,9.45,12.96,,2.98,11.49,19.36,17.25,,,,31.34,6.07,21.27,7.06,,1.34,12.77,1.17
14/4/2018,9.13,,39.2,8.07,,10.37,2.49,9.62,10.25,11.76,2.73,,,,20.26,23.22,5.51,41.39,9.5,12.88,,2.92,11.47,19.37,17.24,,,,31.17,6.1,21.26,7.09,,1.36,12.77,1.34
15/4/2018,9.11,,39.06,8.05,,10,2.31,9.56,10.16,11.65,2.72,,,,20.07,23.16,5.5,41.23,9.45,12.84,,3.01,11.39,19.32,17.16,,,,31.09,6.08,21.22,7.09,,1.38,12.72,1.36
16/4/2018,9.11,,38.91,8.06,,9.93,2.42,9.53,9.64,11.64,2.72,,,,20.03,23.15,5.51,41.12,9.44,12.83,,2.99,11.34,19.29,17.12,,,,31.11,6.07,21.19,7.11,,1.38,12.72,1.42
17/4/2018,9.12,,39.17,8.07,,10.58,2.65,9.52,9.62,11.72,2.72,,,,20.66,23.17,5.51,41.16,9.46,12.84,,2.96,11.36,19.32,17.16,,,,31.18,6.11,21.21,7.14,,1.37,12.73,1.17
18/4/2018,9.13,,39.1,8.1,,10.76,3.09,9.5,9.6,11.76,2.67,,,,20.88,23.16,5.53,41.4,9.48,12.86,,2.92,11.36,19.35,17.14,7.01,,,31.16,6.15,21.22,7.18,,1.39,12.72,0.95
19/4/2018,9.13,,38.96,8.1,,10.95,3.08,9.46,9.56,11.72,2.66,,,,20.88,23.12,5.55,41.46,9.48,12.88,,2.89,11.32,19.34,17.11,6.95,,,31.19,6.18,21.19,7.21,,1.42,12.72,0.85
20/4/2018,9.12,,38.93,8.12,,11.04,2.81,9.44,9.53,11.71,2.66,,,,20.88,23.09,5.55,41.5,9.47,12.88,,2.93,11.29,19.32,17.05,8.72,,,31.22,6.2,21.14,7.23,,1.45,12.7,0.75
21/4/2018,9.13,,38.87,8.13,,10.59,2.59,9.43,9.51,11.66,2.67,,,,20.4,23.06,5.54,41.47,9.44,12.88,,2.95,11.26,19.3,17.07,8.35,,,31.23,6.2,21.12,7.24,,1.44,12.69,0.68
22/4/2018,9.13,,38.83,8.14,,10.26,2.5,9.39,9.47,11.6,2.67,,,,20.3,23.05,5.54,41.49,9.44,12.88,,2.94,11.19,19.28,17.01,8.03,,,31.29,6.12,21.1,7.26,,1.43,12.69,0.63
23/4/2018,9.13,,38.82,8.15,,10.24,2.4,9.37,9.37,11.59,2.68,,,,20.24,23.03,5.54,41.24,9.45,12.89,,2.93,11.16,19.28,17.01,8.02,,,31.4,6.14,21.09,7.29,,1.39,12.68,0.59
24/4/2018,9.13,,38.94,8.15,,10.81,2.4,9.36,9.36,11.62,2.68,,,,20.79,23.02,5.54,41.34,9.47,12.89,,2.93,11.16,19.27,17,7.98,,,31.24,6.24,21.08,7.31,,1.5,12.67,0.84
25/4/2018,9.14,,38.81,8.18,,10.37,2.5,9.35,9.3,11.73,2.68,,,,20.95,23,5.54,41.44,9.48,12.9,,2.92,11.15,19.27,16.96,7.87,,,31.17,6.18,21.04,7.34,,1.56,12.67,1.18
26/4/2018,9.14,,38.72,8.22,,10.28,2.57,9.33,9.29,11.71,2.68,,,,20.89,22.98,5.54,41.25,9.47,12.9,,2.92,11.11,19.25,17.06,7.8,,1.93,31.1,6.22,21.02,7.36,,1.35,12.65,1.46
27/4/2018,9.16,,38.76,8.3,,10.92,2.44,9.33,9.29,11.8,2.69,,,,20.99,22.99,5.55,41.28,9.48,12.91,,3.1,11.11,19.26,17.13,7.81,,1.93,31.14,6.28,21.02,7.39,,1.3,12.66,1.65
28/4/2018,9.16,,38.72,8.38,,10.61,2.49,9.32,9.29,11.85,2.68,,,,20.97,22.95,5.55,41.47,9.51,12.92,,3.09,11.08,19.25,17.05,7.84,,1.93,31.12,6.25,21,7.41,,1.29,12.64,1.79
29/4/2018,9.17,,38.62,8.4,,10.19,2.43,9.31,9.25,11.78,2.68,,,,20.96,22.9,5.55,41.21,9.51,12.93,,3.08,11.03,19.24,16.97,7.62,,1.93,31.12,6.17,20.97,7.43,,1.34,12.65,1.9
30/4/2018,9.17,,38.6,8.41,,10.05,2.5,9.32,9.23,11.78,2.68,,,,20.48,22.9,5.55,40.94,9.5,12.93,,3.04,10.99,19.22,16.94,7.69,,1.93,31.13,6.22,20.96,7.45,,1.31,12.66,2.03
1/5/2018,9.17,,38.54,8.42,,9.89,3.31,9.31,9.16,11.79,2.68,,,,20.19,22.87,5.56,41.08,9.54,12.93,,3.03,11.01,19.24,16.94,7.55,,1.93,31.18,6.13,20.96,7.47,,1.34,12.66,2.1
2/5/2018,9.15,,38.5,8.36,,9.85,3.09,9.28,9.05,11.76,2.64,,,,20.12,22.83,5.54,40.92,9.28,12.89,,3.05,10.97,19.21,16.89,7.49,,1.93,31.03,6.14,20.92,7.49,,1.3,12.65,2.14
3/5/2018,9.13,,38.57,8.3,,10.35,2.93,9.24,8.96,11.74,2.64,,,,20.68,22.81,5.54,41.04,9.47,12.87,,3.05,10.91,19.19,16.87,7.51,,1.93,30.99,6.13,20.89,7.48,,1.28,12.63,2.18
4/5/2018,9.14,,38.98,8.26,,10.45,2.99,9.23,8.98,11.77,2.64,,,,20.76,22.81,5.54,40.97,9.44,12.85,,3.04,10.9,19.19,16.9,7.35,,1.93,31.03,6.12,20.9,7.49,,1.28,12.63,2.28
5/5/2018,9.14,,38.78,8.24,,10.21,3.93,9.23,9.15,11.81,2.67,,,,20.27,22.8,5.55,41.01,9.46,12.79,,3.03,10.89,19.21,16.9,7.38,,1.93,31.43,6.07,20.92,7.5,,1.29,12.65,2.34
6/5/2018,9.14,,38.62,8.22,,9.91,4.07,9.21,9.13,11.74,2.68,,,,20.19,22.77,5.55,41.08,9.42,12.73,,3.04,10.86,19.2,16.82,7.26,,1.93,31.14,5.98,20.9,7.5,,1.3,12.64,2.36
7/5/2018,9.13,,38.6,8.19,,9.86,4.1,9.18,9.12,11.73,2.7,,,,20.12,22.75,5.56,40.85,9.41,12.7,,3.07,10.83,19.19,16.83,7.43,,1.93,31.03,6.01,20.88,7.51,,1.27,12.62,2.06
8/5/2018,9.13,,38.68,8.16,,10.49,4.04,9.16,9.11,11.62,2.7,,,,20.65,22.72,5.55,41.08,9.48,12.66,,3.1,10.8,19.17,16.82,7.42,,1.93,31.01,6.06,20.84,7.51,,1.29,12.6,1.52
9/5/2018,9.13,,38.53,8.17,,10.64,4.28,9.16,9.11,11.54,2.68,,,,20.71,22.7,5.55,41.25,9.53,12.63,,3.12,10.77,19.16,16.83,7.38,,1.93,25.39,6.09,20.82,7.52,,1.32,12.6,1.26
10/5/2018,9.13,,38.4,8.19,,10.72,4.16,9.15,9.11,11.55,2.68,,,,20.73,22.7,5.55,41.05,9.52,12.62,,3.09,10.73,19.17,16.79,7.4,,1.93,35.95,6.04,20.81,7.53,,1.27,12.6,1.14
11/5/2018,9.13,,38.85,8.19,,10.89,4.38,9.16,9.15,11.56,2.72,,,,20.79,22.7,5.56,41.01,9.54,12.6,,3.06,10.71,19.19,16.76,7.38,,1.93,35.95,6.03,20.83,7.55,,1.29,12.61,1.23
12/5/2018,9.15,,38.69,8.19,,10.27,4.37,9.17,9.12,11.53,2.69,,,,20.3,22.66,5.57,41.29,9.57,12.59,,3.06,10.68,19.19,16.77,7.37,,1.93,,6.05,20.8,7.57,,1.33,12.6,1.53
13/5/2018,9.16,,38.48,8.19,,9.95,4.89,9.17,9.07,11.43,2.67,,,,20.19,22.64,5.56,40.9,9.56,12.57,,3.1,10.64,19.15,16.73,7.23,,1.93,,6.04,20.77,7.58,,1.3,12.59,1.35
14/5/2018,9.14,,38.46,8.2,,9.89,4.94,9.17,9.05,11.44,2.67,,,,20.14,22.63,5.56,40.63,9.56,12.57,,3.06,10.58,19.11,16.69,7.28,,1.93,,6.04,20.75,7.59,,1.29,12.6,1.01
15/5/2018,9.16,,38.57,8.2,,10.5,5.11,9.16,9.06,11.45,2.68,,,,20.65,22.6,5.56,40.86,9.57,12.55,,3.04,10.57,19.09,16.68,6.96,,1.93,,6.04,20.74,7.61,,1.31,12.6,0.77
16/5/2018,9.15,,38.49,8.22,,10.67,5.07,9.16,9.07,11.45,2.71,,,,20.76,22.59,5.57,41.05,9.58,12.54,,3.07,10.56,19.08,16.7,6.97,,1.93,,6.05,20.75,7.63,,1.31,12.6,0.6
17/5/2018,9.15,,38.71,8.25,,10.81,5.39,9.18,9.09,11.46,2.73,,,,20.78,22.58,5.57,41.05,9.62,12.56,,3.07,10.55,19.08,16.67,7.13,,1.93,,6.09,20.74,7.65,,1.33,12.61,0.53
18/5/2018,9.16,,39.13,8.27,,10.84,5.26,9.18,9.06,11.55,2.74,,,,20.84,22.57,5.57,41.04,9.61,12.57,,3.04,10.53,19.07,16.68,7.32,,1.94,,6.12,20.73,7.67,,1.32,12.62,0.65
19/5/2018,9.16,,39.15,8.26,,10.3,5.1,9.17,9.04,11.41,2.74,,,,20.39,22.54,5.58,40.95,9.62,12.58,,3.06,10.52,19.07,16.68,8.23,,1.94,,6.17,20.72,7.69,,1.42,12.63,0.94
20/5/2018,9.16,,38.74,8.27,,10.01,6.79,9.16,8.99,11.33,2.75,,,,20.35,22.52,5.59,40.73,9.68,12.61,,3.06,10.51,19.05,16.65,8.3,,1.94,,6.1,20.71,7.7,,1.37,12.63,0.96
21/5/2018,9.15,,38.64,8.23,,9.97,7.11,9.15,8.97,11.31,2.76,,,,20.26,22.5,5.59,40.56,9.68,12.62,,3.08,10.47,19.02,16.59,8.32,,1.94,,6.13,20.69,7.72,,1.32,12.63,0.6
22/5/2018,9.12,,38.81,8.22,,10.5,6.57,9.14,8.96,11.37,2.76,,,,20.19,22.48,5.56,40.8,9.45,12.63,,3.05,10.43,18.99,16.63,8.29,,1.94,,6.11,20.67,7.73,,1.32,12.64,0.44
23/5/2018,9.1,,38.68,8.2,,10.48,6.34,9.13,9.27,11.37,2.74,,,,20.15,22.47,5.56,40.76,9.53,12.62,,3.03,10.41,18.99,16.56,8.29,,1.94,,6.07,20.67,7.75,,1.32,12.64,0.31
24/5/2018,9.13,,38.63,8.19,,10.65,6.4,9.12,9.44,11.42,2.74,,,,20.19,22.45,5.56,40.72,9.53,12.6,,3.04,10.38,18.97,16.59,8.3,,1.94,,6.06,20.66,7.77,,1.39,12.63,0.27
25/5/2018,9.13,,38.76,8.18,,10.72,6.44,9.13,8.98,11.54,2.75,,,,20.37,22.44,5.56,40.87,9.59,12.59,,3.07,10.35,18.97,16.54,8.3,,1.94,,6.07,20.64,7.78,,1.48,12.63,0.41
26/5/2018,9.14,,38.71,8.21,,10.18,6.42,9.3,8.96,11.6,2.75,,,,20.29,22.44,5.56,40.78,9.6,12.6,,3.07,10.37,18.99,16.55,8.31,,1.94,,6.1,20.64,7.8,,1.52,12.64,0.68
27/5/2018,9.15,,38.7,8.28,,9.9,6.73,9.3,8.89,11.53,2.76,,,,20.17,22.41,5.56,40.36,9.64,12.61,,3.09,10.34,18.96,16.54,8.31,,1.94,,6.06,20.63,7.81,,1.56,12.64,0.82
28/5/2018,9.15,,38.66,8.32,,9.87,6.79,9.22,8.9,11.54,2.77,,,,20.15,22.4,5.56,40.17,9.51,12.61,,3.08,10.32,18.94,16.56,8.31,,1.94,,6.12,20.61,7.82,,1.56,12.63,0.92
29/5/2018,9.16,,38.68,8.38,,10.52,7.47,9.19,8.89,11.57,2.76,,,,20.67,22.38,5.55,40.77,9.53,12.53,,3.08,10.3,18.93,16.53,8.32,,1.94,,6.14,20.59,7.85,,1.53,12.62,1.01
30/5/2018,9.18,,38.85,8.42,,10.66,7.13,9.19,8.71,11.55,2.73,,,,20.75,22.35,5.55,40.93,9.49,12.46,,3.11,10.27,18.9,16.47,8.31,,1.94,,6.16,20.58,7.86,,1.55,12.64,1.05
31/5/2018,9.19,,39.14,8.41,,10.69,7.93,9.18,8.82,11.64,2.79,,,,20.8,22.34,5.55,40.74,9.52,12.39,,3.1,10.25,18.88,16.53,8.31,,1.94,,6.12,20.58,7.88,,1.65,12.65,1.06
1/6/2018,9.22,,38.99,8.41,,10.44,7.77,9.27,10.57,11.68,2.8,,,,20.82,22.33,5.56,40.75,9.51,12.3,,3.07,10.23,18.86,16.57,8.31,,1.94,,6.11,20.57,7.89,,1.73,12.67,1.08
2/6/2018,9.22,,38.85,8.43,,10.17,7.8,9.25,10.88,11.66,2.79,,,,20.39,22.33,5.56,40.48,9.53,12.27,,3.07,10.22,18.86,16.51,8.32,,1.94,,6.08,20.57,7.9,,1.75,12.67,1.11
3/6/2018,9.22,,39.01,8.49,,10.07,8.33,9.31,11.03,11.6,2.8,,,,20.32,22.3,5.57,40.37,9.54,12.26,,3.08,10.19,18.86,16.44,8.32,,1.94,,6.15,20.55,7.91,,1.98,12.67,1.07
4/6/2018,9.22,,39,8.55,,10.05,8.59,9.31,11.1,11.6,2.65,,,,20.2,22.28,5.48,40.22,9.54,12.24,,3.13,10.15,18.9,16.43,8.32,,1.94,,6.16,20.51,7.92,,2.09,12.69,1.04
5/6/2018,9.26,,39.23,8.61,,10.84,8.66,9.31,11.19,11.88,2.64,,,,20.77,22.27,5.54,40.63,9.54,12.24,,3.11,10.14,18.85,16.37,8.32,,1.94,,6.12,20.5,7.93,,1.86,12.69,1.07
6/6/2018,9.28,,39.54,8.63,,11.04,8.59,9.31,11.25,11.93,2.5,,,,20.96,22.31,5.53,40.84,9.58,12.24,,3.08,10.14,18.84,16.4,8.35,,1.94,,6.12,20.5,7.94,,1.93,12.71,1.14
7/6/2018,9.31,,39.66,8.64,,11.07,7.87,9.4,11.35,12.02,2.43,,,,21.01,22.3,5.53,40.89,9.59,12.24,,3.06,10.14,18.79,16.38,8.35,,1.94,,6.08,20.5,7.96,,2.27,12.73,1.2
8/6/2018,9.27,,39.09,8.59,,10.85,6.73,9.35,11.3,12.03,2.01,,,,20.99,22.26,5.45,40.69,9.56,12.22,,3.05,10.1,18.77,16.33,8.34,,1.94,,6.02,20.45,7.95,,1.93,12.73,1.24
9/6/2018,9.29,,39.14,8.58,,10.52,6.75,9.36,11.27,12.03,2.06,,,,20.4,22.24,5.43,40.48,9.54,12.21,,3.07,10.07,18.77,16.35,8.35,,1.94,,5.97,20.43,7.91,,1.8,12.74,1.31
10/6/2018,9.28,,39.16,8.6,,10.25,6,9.35,11.32,11.95,2.17,,,,20.26,22.22,5.4,40.28,9.54,12.2,,3.07,10.06,18.75,16.31,8.36,,1.94,,5.9,20.39,7.87,,1.89,12.76,1.45
11/6/2018,9.19,,39.33,8.63,,10.21,5.68,9.36,11.32,11.95,2.31,,,,20.23,22.19,5.38,40.08,9.55,12.2,,3.09,10.04,18.75,16.3,8.36,,1.94,,5.96,20.37,7.83,,1.94,12.77,1.53
12/6/2018,9.25,,39.32,8.68,,10.59,5.46,9.37,11.35,11.89,2.31,,,,20.68,22.16,5.35,40.52,9.58,12.22,,3.12,10.04,18.75,16.36,8.37,,1.94,,6.04,20.34,7.8,,2.08,12.78,1.56
13/6/2018,9.19,,39.33,8.7,,10.76,5.25,9.41,11.3,11.86,2.3,,,,20.75,22.15,5.34,40.38,9.57,12.2,,3.1,10.03,18.72,16.32,8.33,,1.94,,6.02,20.32,7.77,,2,12.79,1.57
14/6/2018,9.18,,39.19,8.68,,10.58,4.99,9.34,11.18,11.86,2.33,,,,20.78,22.11,5.34,40.27,9.58,12.18,,3.05,10.03,18.67,16.27,8.31,,1.94,,5.99,20.31,7.7,,1.87,12.8,1.65
15/6/2018,9.21,,40.02,8.63,,10.81,5.01,9.35,11.2,11.88,2.38,,,,20.82,22.15,5.34,40.22,9.58,12.17,,2.98,10.04,18.64,16.23,8.32,,1.94,,5.99,20.29,7.58,10.98,2.04,12.82,1.69
16/6/2018,9.3,,39.8,8.59,,10.37,5.07,9.34,11.39,11.85,2.43,,,,20.3,22.12,5.34,40.33,9.62,12.19,,2.95,10.04,18.62,16.29,8.54,,1.94,,6.01,20.27,7.47,11.04,2.04,12.84,1.73
17/6/2018,9.3,,39.98,8.59,,10.13,5.12,9.34,11.35,11.76,2.46,,,,20.25,22.11,5.34,40.24,9.86,12.22,,2.95,10.04,18.62,16.22,8.56,,1.94,,5.96,20.25,7.37,11.14,2.22,12.85,1.78
18/6/2018,9.3,,40.16,8.61,,10.12,5.23,9.35,11.34,11.76,2.49,,,,20.18,22.11,5.34,40.21,9.91,12.26,,2.99,10.07,18.61,16.19,8.56,,1.95,,6.02,20.25,7.32,11.24,2.35,12.87,1.85
19/6/2018,9.32,,39.89,8.63,,10.83,5.2,9.35,11.39,11.84,2.5,,,,20.69,22.11,5.35,40.63,9.97,12.31,,2.97,10.1,18.6,16.29,8.57,,1.95,,6.15,20.28,7.31,11.39,2.18,12.89,1.89
20/6/2018,9.34,,39.94,8.66,,11.11,5.22,9.37,11.43,11.93,2.53,,,,20.86,22.11,5.36,40.79,10,12.36,,2.98,10.13,18.62,16.29,8.6,,1.95,,6.23,20.25,7.31,11.51,2.15,12.91,1.9
21/6/2018,9.37,,39.99,8.73,,11.18,5.2,9.39,11.47,11.95,2.53,,,,20.91,22.08,5.36,40.6,10.22,12.4,,3.03,10.27,18.66,16.26,8.6,,1.95,,6.23,20.22,7.34,11.62,2.36,12.92,1.75
22/6/2018,9.39,,39.86,8.76,,11.28,4.88,9.41,11.52,11.94,2.54,,,,20.99,22.07,5.36,40.54,10.12,12.42,,3.03,10.24,18.73,16.27,8.61,,1.95,,6.29,20.17,7.37,11.72,2.76,12.92,1.74
23/6/2018,9.39,,39.89,8.85,,10.91,4.91,9.5,11.61,11.93,2.56,,,,20.6,22.08,5.38,40.57,10.12,12.49,,2.99,10.32,18.78,16.29,8.61,,1.95,,6.29,20.22,7.43,11.85,2.25,12.94,1.91
24/6/2018,9.38,,39.9,8.93,,10.52,4.87,9.54,11.62,11.81,2.56,,,,20.52,22.05,5.39,40.35,10.56,12.55,,3.02,10.37,18.78,16.32,8.62,,1.95,,6.36,20.21,7.48,11.93,2.19,12.95,1.92
25/6/2018,9.37,,39.89,8.94,,10.46,4.8,9.57,11.61,11.78,2.57,,,,20.41,22.06,5.39,40.16,10.49,12.6,,3.02,10.42,18.84,16.26,8.64,,1.95,,6.5,20.17,7.53,12,2.23,12.95,1.92
26/6/2018,9.37,,39.86,8.89,,11.11,4.75,9.61,11.67,12.1,2.58,,,,20.91,22.05,5.41,40.57,10.98,12.67,,3,10.48,18.83,16.29,8.63,,1.95,,6.66,20.19,7.58,12.09,2.1,12.96,1.93
27/6/2018,9.38,,39.64,8.81,,11.39,4.71,9.65,10.98,12.22,2.51,,,,21.12,22.05,5.41,40.59,11.49,12.71,,3.04,10.53,18.89,16.33,8.63,,1.95,,6.81,20.18,7.63,12.17,2.24,12.96,1.93
28/6/2018,9.39,,39.8,8.77,,11.52,4.75,9.68,11.5,12.21,2.51,,,,21.25,22.02,5.41,40.45,11.63,12.76,,3.08,10.57,18.93,16.34,8.66,,1.95,,6.9,20.16,7.68,12.25,2.24,12.96,1.95
29/6/2018,9.4,,39.93,8.8,,11.67,4.91,9.71,11.53,12.28,2.56,,,,21.29,22.04,5.41,40.32,11.89,12.82,,3.1,10.64,18.96,16.36,8.65,,1.95,,7.13,20.14,7.73,12.33,2.49,12.97,1.97
30/6/2018,9.43,,40,8.86,,11.36,5.01,9.74,11.6,12.34,2.57,,,,21.06,22.09,5.42,40.22,12.9,12.89,,3.14,10.73,18.97,16.38,8.67,,1.95,,7.29,20.15,7.78,12.44,2.71,12.97,2.05
1/7/2018,9.48,,40.6,8.93,,11.08,5.16,9.78,11.61,12.35,2.57,,,,20.95,22.12,5.43,40.19,12.68,12.95,,3.15,10.79,18.99,16.53,8.71,,1.95,,7.26,20.27,7.83,12.54,2.93,12.99,2.15
2/7/2018,9.48,,40.43,9.03,,11.03,5.05,9.95,11.62,12.39,2.57,,,,20.83,22.12,5.45,40.1,12.52,13.02,,3.15,10.85,19.07,16.55,8.71,,1.95,,7.4,20.37,7.88,12.65,2.45,13.02,2.25
3/7/2018,9.51,,40.72,9.05,,11.92,5.08,9.95,14.1,12.47,2.57,,,,21.34,22.15,5.46,40.41,13.6,13.09,,3.13,10.94,19.2,16.58,8.72,,1.89,,7.58,20.45,7.92,12.77,2.61,13.02,2.43
4/7/2018,9.54,,40.91,9.08,,12.26,4.99,9.96,15.09,12.57,2.59,,,,21.47,22.13,5.47,40.46,12.98,13.14,,3.11,10.98,19.13,16.53,8.75,,1.88,,7.56,20.34,7.95,12.94,2.66,13.06,2.65
5/7/2018,9.55,,40.81,9.06,,12.29,4.91,10.01,15.49,12.49,2.59,,,,21.72,22.1,5.48,40.26,12.88,13.15,,3.13,11.04,19.11,16.49,8.75,,1.95,,7.59,20.27,7.98,13.04,2.75,13.07,2.79
6/7/2018,9.6,,40.64,9.07,,12.26,4.89,10.08,15.72,12.59,2.59,,,,21.71,22.11,5.49,40.3,13.4,13.16,,3.14,11.09,19.14,16.54,8.75,,1.95,,7.41,20.25,7.99,13.1,3.04,13.09,2.94
7/7/2018,9.59,,40.47,9.13,,11.7,5.08,10.16,15.88,12.6,2.6,,,,21.02,22.12,5.5,40.18,13.3,13.19,,3.12,11.18,19.14,16.56,8.76,,1.95,,7.34,20.25,8,13.2,3.09,13.11,3.06
8/7/2018,9.56,,40.28,9.21,,11.51,5.15,10.23,15.97,12.51,2.61,,,,20.85,22.08,5.52,40.03,13.55,13.22,,3.12,11.29,19.09,16.58,8.79,,1.95,,7.24,20.24,8.02,13.34,3.24,13.13,3.17
9/7/2018,9.56,,40.36,9.36,,11.51,5.17,10.44,15.98,12.48,2.62,,,,20.81,22.1,5.53,39.85,15.73,13.26,,3.15,11.38,19.03,16.57,8.81,,1.95,,7.34,20.24,8.03,13.42,2.79,13.14,3.27
10/7/2018,9.57,,40.44,9.4,,12.23,5.1,10.44,,12.55,2.62,,,,21.37,22.07,5.54,40.56,16.61,13.29,,3.18,11.45,19.08,16.55,8.85,,1.95,,7.33,20.23,8.05,13.53,3.41,13.16,3.32
11/7/2018,9.59,,40.51,9.42,,12.48,4.98,10.52,,12.53,2.63,,,,21.46,22.08,5.55,40.63,14.1,13.31,,3.17,11.48,18.97,16.69,8.85,,1.95,,7.18,20.22,8.07,13.62,3.07,13.18,3.39
12/7/2018,9.62,,40.47,9.49,,12.56,5.08,10.53,,12.6,2.64,,,,21.47,22.1,5.56,40.77,13.81,13.33,,3.15,11.55,18.9,16.6,8.86,,1.95,,7.05,20.21,8.09,13.76,2.99,13.2,3.46
13/7/2018,9.62,,40.61,9.53,,12.67,5.36,10.57,,12.62,2.65,,,,21.85,22.13,5.57,40.62,16.93,13.34,,3.15,11.6,18.97,16.6,8.9,,1.95,,7.03,20.21,8.11,13.85,3.07,13.23,3.53
14/7/2018,9.61,,40.69,9.59,,12.23,5.44,10.6,,12.62,2.67,,,,21.53,22.09,5.58,40.6,16.43,13.37,,3.16,11.68,19.01,16.67,8.9,,1.95,,7.01,20.22,8.13,13.96,3.22,13.26,3.59
15/7/2018,9.59,,40.58,9.66,,11.89,5.45,10.73,,12.47,2.64,,,,21.18,22.09,5.59,40.12,15.27,13.39,,3.19,11.71,18.97,16.62,8.94,,1.95,,6.89,20.19,8.15,14.05,3.32,13.28,3.53
16/7/2018,9.58,,40.59,9.65,,11.88,5.28,10.72,,12.42,2.61,,,,21.14,22.04,5.59,39.99,13.95,13.39,,3.18,11.76,18.9,16.64,8.93,,1.95,,7.05,20.16,8.16,14.16,3.15,13.3,3.53
17/7/2018,9.6,,40.3,9.61,,12.36,5.18,10.72,,12.46,2.61,,,,21.44,22.07,5.59,40.38,12.91,13.35,,3.15,11.74,18.85,16.61,8.94,,1.95,,6.93,20.15,8.18,14.25,2.81,13.31,3.69
18/7/2018,9.62,,40.38,9.61,,12.7,5.01,10.72,,12.52,2.59,,,,21.47,22.07,5.6,40.6,12.85,13.35,,3.16,11.8,18.79,16.6,8.96,,1.95,,6.99,20.16,8.2,14.33,2.63,13.36,3.73
19/7/2018,9.68,,40.57,9.67,,12.91,5.29,10.83,,12.6,2.64,,,,21.44,22.11,5.61,40.53,15.39,13.35,,3.18,11.85,18.74,16.59,8.96,,1.95,,7.05,20.19,8.23,14.42,3.14,13.37,3.77
20/7/2018,9.73,,40.6,9.77,,13.11,5.41,10.86,,12.6,2.69,,,,21.48,22.2,5.61,40.4,15.82,13.37,,3.21,11.92,18.8,16.61,8.97,,1.95,,7.16,20.22,8.26,14.52,3.05,13.39,3.79
21/7/2018,9.73,,40.69,9.82,,12.73,5.34,10.93,,12.59,2.72,,,,20.89,22.16,5.62,40.52,14.42,13.4,,3.21,11.93,18.82,16.74,9.01,,1.95,,7.14,20.2,8.28,14.6,3.01,13.41,3.81
22/7/2018,9.7,,40.57,9.87,,12.2,5.36,10.92,,12.49,2.73,,,,20.81,22.1,5.63,40.03,14.23,13.42,,3.2,11.96,18.75,16.61,9.01,,1.96,,7.07,20.18,8.28,14.69,2.94,13.44,3.83
23/7/2018,9.69,,40.75,9.78,,12.15,5.13,10.92,,12.45,2.75,,,,20.76,22.11,5.64,39.99,15.64,13.45,,3.18,12.01,18.69,16.57,9.02,,1.96,,7.2,20.2,8.29,14.77,2.97,13.45,3.87
24/7/2018,9.72,,41.03,9.77,,12.76,5.24,10.93,,12.52,2.76,,,,21.37,22.16,5.65,40.41,16.82,13.48,,3.17,12.1,18.69,16.66,9.04,,1.96,,7.38,20.23,8.32,14.86,2.77,13.5,3.9
25/7/2018,9.76,,41.26,9.8,,13.05,5.25,10.99,,12.55,2.77,,,,21.61,22.18,5.66,40.67,17.2,13.51,,3.19,12.16,18.7,16.71,9.04,,1.96,,7.53,20.22,8.34,14.94,3.26,13.65,3.93
26/7/2018,9.79,,41.04,9.9,,13.33,5.26,11.05,,12.59,2.78,,,,21.66,22.18,5.67,40.73,17.62,13.55,,3.21,12.23,18.73,16.7,9.07,,1.96,,7.7,20.25,8.35,15.01,3.36,13.81,3.97
27/7/2018,9.85,,41.02,9.97,,13.39,5.38,11.06,,12.59,2.76,,,,21.76,22.18,5.68,40.62,17.99,13.59,,3.21,12.3,18.8,16.7,9.08,,1.96,,7.83,20.25,8.36,15.1,3.42,13.95,4
28/7/2018,9.87,,40.95,9.99,,12.89,5.5,11.09,,12.57,2.78,,,,21.53,22.17,5.69,40.49,16.22,13.62,,3.24,12.34,18.86,16.76,9.11,,1.96,,7.99,20.26,8.37,15.18,3.47,14.04,4.02
29/7/2018,9.84,,40.98,10.02,,12.59,5.52,11.2,,12.55,2.79,,,,21.39,22.18,5.7,40.13,14.9,13.62,,3.23,12.4,18.91,16.78,9.13,,1.96,,7.96,20.36,8.39,15.29,3.27,14.11,4.07
30/7/2018,9.83,,41.02,10.13,,12.55,5.46,11.23,,12.53,2.8,,,,21.28,22.18,5.72,40.12,14.02,13.63,,3.24,12.48,18.86,16.77,9.17,,1.96,,8.12,20.44,8.4,15.36,3.55,14.19,4.11
31/7/2018,9.9,,41.24,10.19,,13.39,5.49,11.23,,12.62,2.82,,,,22.05,22.27,5.73,40.47,13.51,13.65,,3.28,12.55,18.97,16.74,9.18,,1.96,,8.27,20.49,8.41,15.45,3.96,14.26,4.14
1/8/2018,9.97,,41.23,10.36,,13.79,5.49,11.32,16.95,12.71,2.81,,,,22.17,22.34,5.74,40.53,13.39,13.68,,3.33,12.63,19.09,16.79,9.22,,1.96,,8.39,20.5,8.43,15.54,3.55,14.3,4.18
2/8/2018,9.95,,41.17,10.45,,13.97,5.68,11.32,16.95,12.98,2.82,,,,22.33,22.35,5.75,40.52,13.76,13.71,,3.32,12.71,19.09,16.83,9.23,,1.96,,8.56,20.47,8.44,15.63,3.49,14.28,4.22
3/8/2018,9.94,,41.26,10.5,,13.97,5.7,11.37,16.89,13.09,2.81,,,,22.36,22.24,5.77,40.45,13.86,13.76,,3.32,12.78,19.11,16.87,9.27,,1.96,,8.53,20.47,8.44,15.73,3.2,14.27,4.25
4/8/2018,9.99,,41.33,10.57,,13.63,5.67,11.4,16.85,13.11,2.83,,,,21.92,22.36,5.78,40.27,14.46,13.8,,3.35,12.84,19.12,16.89,9.27,,1.96,,8.55,20.48,8.45,15.84,3.35,14.27,4.28
5/8/2018,10.01,,41.15,10.61,,13.41,5.68,11.44,16.97,13.07,2.84,,,,21.76,22.35,5.79,40.15,13.31,13.82,,3.37,12.85,19.04,16.91,9.32,,1.96,,8.49,20.47,8.45,15.93,3.39,14.28,4.3
6/8/2018,10.02,,41.17,10.68,,13.22,5.74,11.49,16.99,12.99,2.86,,,,21.79,22.34,5.8,40.09,13.21,13.85,,3.38,12.95,18.97,16.92,9.33,,1.96,,8.62,20.48,8.46,16.02,3.66,14.3,4.34
7/8/2018,10.03,,41.28,10.63,,13.13,5.82,11.48,17.01,12.99,2.86,,,,22.57,22.41,5.81,40.32,13.51,13.89,,3.41,13.04,19.02,17.05,9.38,,1.96,,8.81,20.49,8.47,16.1,3.99,14.31,4.37
8/8/2018,10,,41.54,10.62,,13.13,5.89,11.5,17.03,12.98,2.87,,,,22.49,22.48,5.82,40.18,13.01,13.93,,3.4,13.13,19.06,17.05,9.38,,1.96,,8.74,20.55,8.48,16.2,3.72,14.32,
9/8/2018,10,,41.74,10.62,,13.15,5.74,11.5,17.08,13.18,2.87,,,,22.52,22.44,5.83,40.13,12.76,13.98,,3.38,13.19,19.1,17.01,9.12,,1.96,,8.73,20.55,8.5,16.3,3.82,14.35,4.45
10/8/2018,10,,41.74,10.6,,13.42,5.91,11.54,17.12,13.13,2.87,,,,22.66,22.49,5.84,40.01,12.62,13.99,,3.35,13.23,19.09,17.02,4.91,,1.96,,8.69,20.58,8.5,16.4,3.95,14.39,4.47
11/8/2018,9.97,,41.62,10.62,,13.56,6.28,11.55,17.17,13.08,2.88,,,,22.79,22.45,5.85,39.76,12.59,14,,3.35,13.29,19.08,17.07,9.44,,1.96,,8.52,20.62,8.51,16.5,4.07,14.4,4.48
12/8/2018,9.94,,41.62,10.66,,13.64,6.35,11.6,17.16,13.18,2.9,,,,22.37,22.35,5.86,39.58,12.44,14.01,,3.36,13.35,19.04,17.07,9.46,,1.96,,8.3,20.65,8.51,16.59,4.3,14.41,4.49
13/8/2018,9.94,,41.66,10.7,,13.6,6.42,11.64,17.14,13.15,2.9,,,,21.99,21.79,5.86,39.5,12.37,14.01,,3.38,13.41,19.03,17.01,9.49,,1.96,,8.28,20.67,8.52,16.68,4.19,14.42,4.5
14/8/2018,9.93,,41.61,10.57,,13.32,6.09,11.65,17.03,13.12,2.91,,,,21.66,22.3,5.86,39.55,12.26,14.01,,3.37,13.46,19.11,17,9.49,,1.96,,8.1,20.64,8.54,16.77,4,14.44,4.54
15/8/2018,9.92,,41.51,10.41,,12.94,5.8,11.65,16.98,13.01,2.91,,,,21.51,22.29,5.87,39.39,12.12,14.02,,3.35,13.49,19.03,16.99,9.47,,1.96,,7.87,20.64,8.54,16.87,3.82,14.45,4.58
16/8/2018,9.91,,41.58,10.21,,12.89,5.8,11.62,17.14,13.09,2.94,,,,21.42,22.29,5.88,39.36,12.02,14.03,,3.39,13.58,18.96,16.98,9.47,,1.96,,7.89,20.63,8.55,16.94,3.88,14.47,4.63
17/8/2018,9.94,,41.5,10.05,,12.84,5.94,11.61,17.17,13.03,2.93,,,,21.39,22.4,5.89,39.35,11.95,14.04,,3.38,13.67,18.98,16.92,9.49,,1.96,,7.93,20.64,8.55,17.01,3.86,14.48,4.66
18/8/2018,9.95,,41.49,9.95,,12.84,6,11.7,17.18,13.03,2.95,,,,21.45,22.46,5.89,39.38,11.88,14.06,,3.34,13.76,18.98,16.95,9.49,,1.96,,7.94,20.68,8.56,17.09,4.08,14.51,4.7
19/8/2018,9.94,,41.58,9.85,,12.82,6.02,11.73,17.21,13.11,2.96,,,,21.41,22.46,5.91,39.4,11.82,14.09,,3.38,13.84,18.99,16.98,9.51,,1.96,,7.83,20.7,8.56,17.16,4.06,14.53,4.72
20/8/2018,9.93,,41.77,9.79,,12.79,5.98,11.79,17.19,12.98,2.97,,,,21.36,22.43,5.91,39.39,11.77,14.11,,3.43,13.92,18.94,16.96,9.51,,1.96,,8.04,20.69,8.58,17.23,4.06,14.55,4.75
21/8/2018,9.95,,41.79,9.73,,12.85,5.99,11.83,17.18,13.08,2.98,,,,22.3,22.51,5.92,39.78,11.74,14.14,,3.44,13.99,19.04,17.02,9.54,,1.96,,8.05,20.69,8.6,17.32,4.15,14.56,4.79
22/8/2018,9.97,,41.85,9.71,,12.9,6.01,11.86,17.19,13.12,2.98,,,,22.58,22.49,5.93,39.88,11.72,14.18,,3.41,14.07,19.08,17.1,9.54,,1.96,,8.11,20.71,8.62,17.41,4.39,14.6,4.85
23/8/2018,9.99,,42.1,9.72,,12.91,6.06,11.9,17.2,13.19,2.99,,,,22.59,22.45,5.94,39.72,11.66,14.21,,3.4,14.14,19.13,17.03,9.56,,1.96,,8.2,20.71,8.63,17.49,4.47,14.61,4.86
24/8/2018,10.08,,42.04,9.72,,12.86,6.09,11.91,17.27,13.12,3,,,,22.49,22.43,5.93,39.69,11.61,14.23,,3.4,14.2,19.06,17.11,9.56,,1.96,,8.22,20.69,8.62,17.57,4.4,14.63,4.77
25/8/2018,10.07,,41.95,9.69,,12.64,5.64,11.93,17.25,13.14,3.01,,,,21.81,22.32,5.93,39.8,11.53,14.26,,3.46,14.26,19.03,17,9.55,,1.96,,8.14,20.7,8.61,17.65,4.23,14.65,4.74
26/8/2018,10.04,,41.89,9.63,,12.45,5.34,11.96,17.23,13.15,3.01,,,,21.7,22.29,5.93,39.58,11.5,14.26,,3.47,14.31,19,16.98,9.55,,1.96,,7.9,20.7,8.61,17.72,3.99,14.67,4.78
27/8/2018,10.01,,41.91,9.53,,12.42,5.38,11.95,17.24,13.03,3.03,,,,21.71,22.29,5.95,39.46,11.48,14.28,,3.49,14.4,19.01,17.04,9.55,,1.97,,7.91,20.75,8.6,17.8,3.66,14.71,4.87
28/8/2018,10,,41.96,9.48,,13.07,5.33,11.95,13.84,13.07,3.05,,,,22.22,22.34,5.96,39.94,11.45,14.3,,3.54,14.49,19.03,17.03,9.56,,1.97,,7.96,20.76,8.6,17.86,3.64,14.73,4.98
29/8/2018,9.98,,42.15,9.43,,13.4,5.34,11.97,17.18,13.12,3.05,,,,22.28,22.33,5.97,40.24,11.41,14.33,,3.58,14.58,19.12,17.04,9.56,,1.97,,7.95,20.76,8.62,17.92,4.07,14.75,5.13
30/8/2018,9.98,,42.15,9.4,,13.46,5.41,11.99,17.36,13.21,3.06,,,,22.33,22.32,5.97,40.47,11.38,14.35,,3.59,14.64,19.14,17.02,9.56,,1.97,,7.94,20.78,8.65,17.99,4.13,14.77,5.03
31/8/2018,9.98,,42.34,9.37,,13.68,5.43,12.03,17.41,13.13,3.02,,,,22.36,22.32,5.98,40.26,11.32,14.37,,3.61,14.73,19.15,17.02,9.56,,1.97,,7.86,20.8,8.65,18.06,4.01,14.8,5.01
1/9/2018,9.97,,42.37,9.34,,13.05,5.19,12.05,17.44,13.18,2.98,,,,21.81,22.28,5.98,40.19,11.27,14.3,,3.62,,19.14,17.01,9.56,,1.97,,7.67,20.8,8.64,,4.09,14.82,4.84
2/9/2018,9.94,,42.3,9.27,,12.62,5.09,11.98,17.24,13.15,2.96,,,,21.72,22.23,5.98,40.15,11.22,14.27,,3.64,,19.14,17.01,9.53,,1.97,,7.5,20.8,8.63,,3.77,14.83,4.6
3/9/2018,9.94,,42.22,9.22,,12.52,4.95,11.98,17.49,13.06,2.97,,,,21.63,22.21,5.98,39.99,11.19,14.24,,3.6,,19.14,17,9.52,,1.97,,7.51,20.77,8.62,,3.88,14.83,4.53
4/9/2018,9.96,,42.41,9.17,,13.04,5.02,11.99,17.79,13.07,3.08,,,,22.27,22.21,5.98,40.43,11.17,14.22,,3.58,,19.15,16.99,9.51,,1.97,,7.48,20.77,8.62,,3.95,14.84,4.44
5/9/2018,10,,42.51,9.14,,13.34,4.95,11.99,15.41,13.18,3.09,,,,22.39,22.21,5.98,40.58,11.15,14.21,,3.57,,19.14,16.93,9.51,,1.97,,7.49,20.78,8.61,,4.04,14.86,4.33
6/9/2018,10.01,,42.65,9.1,,13.43,4.85,11.98,15.33,13.15,3.09,,,,22.5,22.18,5.98,40.67,11.12,14.19,,3.56,,19.14,16.96,9.51,,1.97,,7.48,20.8,8.61,,4.05,14.86,4.24
7/9/2018,10.01,,42.79,9.07,,13.4,4.67,11.89,14.89,13.05,3.07,,,,22.54,22.22,5.99,40.54,11.11,14.19,,3.57,,19.2,16.94,9.5,,1.97,,7.52,20.81,8.61,18.47,4.09,14.87,4.14
8/9/2018,10,,42.92,9.06,,12.73,4.63,11.87,14.79,12.91,3.07,,,,22.08,22.22,6,40.44,11.1,14.19,,3.59,15.35,19.24,17.05,9.48,,1.97,,7.51,20.82,8.61,18.5,4.05,14.89,4.02
9/9/2018,10,,42.7,9.03,,12.33,4.75,11.92,14.74,12.81,3.09,,,,22.02,22.22,6.01,40.36,11.09,14.2,,3.6,15.36,19.3,17.02,9.49,,1.97,,7.47,20.84,8.61,18.54,3.79,14.9,3.93
10/9/2018,10,,42.86,9.01,,12.3,4.83,11.9,14.69,12.79,3.1,,,,21.96,22.21,6.02,40.31,11.08,14.21,,3.61,15.45,19.28,16.99,9.49,,1.97,,7.56,20.83,8.61,18.59,4.04,14.9,3.89
11/9/2018,10.04,,43.07,9,,12.42,4.88,11.89,14.66,12.83,3.1,,,,22.62,22.27,6.03,40.72,11.08,14.21,,3.62,15.54,19.32,17,9.49,,1.97,,7.73,20.88,8.61,18.64,3.72,14.92,3.86
12/9/2018,10.06,,43.06,8.98,,12.48,4.93,11.86,14.59,12.84,3.11,,,,22.81,22.22,6.04,40.92,11.06,14.22,,3.63,15.62,19.33,16.99,9.49,,1.97,,7.91,20.91,8.63,18.69,3.83,14.91,3.8
13/9/2018,10.06,,43.01,8.96,,12.86,5.02,11.84,14.53,12.83,3.11,,,,22.74,22.21,6.03,40.82,11.03,14.22,,3.63,15.67,19.33,17.1,9.48,,1.97,,8.03,20.87,8.67,18.73,3.81,14.9,3.72
14/9/2018,10.05,,42.98,8.97,,13.02,5.11,11.84,14.5,12.82,3.11,,,,22.75,22.23,6.04,40.86,11.03,14.23,,3.63,15.74,19.34,17.11,9.49,,1.97,,8.1,20.9,8.67,18.77,3.67,14.89,3.69
15/9/2018,10.05,,43.08,8.97,,12.63,4.82,11.85,14.51,12.82,3.12,,,,22.4,22.23,6.04,40.68,11.02,14.25,,3.69,15.83,19.39,17.14,9.49,,1.97,,8.09,20.91,8.69,18.83,4.05,14.92,3.63
16/9/2018,10.05,,42.99,8.95,,12.32,4.45,11.85,14.47,12.75,3.12,,,,22.23,22.21,6.05,40.33,11.01,14.27,,3.73,15.9,19.42,17.11,9.48,,1.97,,8.04,20.94,8.72,18.88,3.78,14.94,3.57
17/9/2018,10.05,,43.13,8.94,,12.29,4.17,11.81,14.44,12.73,3.12,,,,22.16,22.21,6.05,40.27,11,14.28,,3.74,15.98,19.42,17.07,9.48,,1.97,,8.12,20.95,8.74,18.93,3.58,14.94,3.53
18/9/2018,10.07,,43.25,8.92,,12.81,4.52,11.82,14.44,12.78,3.13,,,,22.76,22.21,6.05,40.8,10.99,14.27,,3.74,16.03,19.43,17.08,9.47,,1.97,,8.11,20.94,8.76,18.98,3.52,14.94,3.51
19/9/2018,10.07,,43.48,8.91,,13.02,4.27,11.82,14.45,12.82,3.14,,,,22.78,22.21,6.06,40.97,10.97,14.27,,3.72,16.1,19.45,17.1,9.47,,1.97,,8.13,20.94,8.75,19.03,3.58,14.94,3.45
20/9/2018,10.07,,43.42,8.9,,12.97,4.45,11.81,14.46,12.9,3.14,,,,22.87,22.22,6.06,41.03,10.95,14.29,,3.69,16.18,19.47,17.13,9.46,,1.97,,8.16,20.96,8.75,19.08,3.66,14.94,3.52
21/9/2018,10.09,,43.46,8.89,,13.05,4.4,11.81,14.45,12.89,3.15,,,,22.91,22.22,6.05,40.92,10.94,14.3,,3.67,16.25,19.48,17.12,9.46,,1.97,,8.19,20.97,8.78,19.14,3.78,14.94,3.65
22/9/2018,10.09,,43.29,8.89,,12.6,4.45,11.81,14.44,12.87,3.15,,,,22.5,22.21,6.06,40.89,10.93,14.32,,3.67,16.32,19.51,17.16,9.45,,1.97,,8.17,20.95,8.79,19.19,3.61,14.94,3.58
23/9/2018,10.08,,43.22,8.93,,12.26,3.94,11.82,14.39,12.78,3.16,,,,22.33,22.19,6.06,40.75,10.9,14.35,,3.66,16.38,19.53,17.09,9.45,,1.97,,8.06,20.98,8.8,19.25,3.75,14.95,3.48
24/9/2018,10.07,,43.27,8.93,,12.2,4.73,11.81,14.36,12.75,3.16,,,,22.25,22.19,6.06,40.65,10.9,14.36,,3.66,16.43,19.52,17.08,9.44,,1.97,,8.03,20.96,8.78,19.3,3.53,14.94,3.44
25/9/2018,10.1,,43.54,8.98,,12.86,5.7,12.53,14.45,12.92,3.18,,,,22.94,22.27,6.09,40.89,10.94,14.41,,3.7,16.56,19.59,17.13,9.47,,1.97,,8.04,21.08,8.77,19.37,3.44,15,3.44
26/9/2018,10.11,,43.68,9.02,,13,5.28,12.18,12.1,12.98,3.19,,,,23.17,22.27,6.11,40.99,10.93,14.44,,3.69,16.65,19.62,17.18,9.48,,1.98,,7.98,21.08,8.76,19.43,3.4,15.02,3.37
27/9/2018,10.11,,43.65,9.05,,12.98,4.85,11.98,14.2,12.97,3.18,,,,23.1,22.22,6.11,41.01,10.91,14.45,,3.66,16.7,19.61,17.14,9.47,,1.98,,7.92,21.04,8.77,19.48,3.36,15.01,3.35
28/9/2018,10.1,,43.51,9.06,,13.12,4.2,11.87,14.31,12.89,3.18,,,,23.16,22.2,6.09,41.01,10.89,14.47,,3.64,16.75,19.6,17.14,9.44,,1.98,,7.82,20.99,8.79,19.53,3.36,14.98,3.37
29/9/2018,10.1,,43.53,9.08,,12.68,4.14,11.82,14.35,12.88,3.18,,,,22.6,22.21,6.09,40.97,10.89,14.51,,3.65,16.8,19.61,17.11,9.44,,1.98,,7.78,21,8.81,19.58,3.33,15,3.39
30/9/2018,10.1,,43.85,9.06,,12.31,4.11,11.76,14.34,12.78,3.19,,,,22.33,22.19,6.09,40.71,10.85,14.55,,3.64,16.87,19.63,17.13,9.44,,1.98,,7.66,21.04,8.83,19.64,3.27,15.01,3.4
1/10/2018,10.08,,43.84,8.99,,12.28,3.98,11.71,14.27,12.72,3.1,,,,22.24,22.15,6.05,40.62,10.83,14.57,,3.62,16.92,19.62,17.13,9.42,,1.98,,7.61,21.01,8.81,19.69,3.25,14.99,3.37
2/10/2018,10.08,,43.75,8.96,,12.56,4.45,11.64,14.21,12.8,3.06,,,,22.89,22.18,6.05,41.05,10.83,14.6,,3.63,16.97,19.65,17.11,9.38,,1.98,,7.56,21.04,8.79,19.74,3.35,15.01,3.34
3/10/2018,10.08,,43.77,8.93,,12.71,4.6,11.62,14.3,12.8,3.18,,,,23.02,22.19,6.09,41.05,10.83,14.62,,3.64,17.03,19.67,17.12,9.39,,1.98,,7.52,21.07,8.77,19.81,3.45,15.03,3.35
4/10/2018,10.08,,43.72,8.91,,12.71,4.3,11.59,14.29,12.83,3.2,,,,23.05,22.21,6.09,41.05,10.84,14.64,,3.65,17.09,19.69,17.11,9.39,,1.98,,7.49,21.08,8.76,19.87,3.27,15.05,3.39
5/10/2018,10.08,,43.71,8.89,,12.79,3.86,11.55,14.24,12.87,3.2,,,,23.09,22.19,6.11,40.93,10.83,14.65,,3.64,17.19,19.69,17.09,9.38,,1.98,,7.46,21.07,8.75,19.93,3.45,15.04,3.42
6/10/2018,10.06,,43.71,8.85,,12.19,3.6,11.51,14.2,12.73,3.2,,,,22.34,21.76,6.09,40.81,10.8,14.68,,3.62,17.24,19.69,17.11,9.36,,1.98,,7.35,21.05,8.73,19.98,3.58,15.03,3.44
7/10/2018,10.06,,43.6,8.84,,11.84,3.33,11.49,14.16,12.69,3.2,,,,22.22,22.14,6.09,40.32,10.78,14.69,,3.62,17.26,19.69,17.07,9.35,,1.98,,7.24,21.02,8.71,20.02,3.53,15.02,3.47
8/10/2018,10.06,,43.64,8.82,,11.77,3.32,11.47,14.15,12.7,3.22,,,,22.17,22.16,6.09,40.28,10.79,14.72,,3.63,17.32,19.72,17.08,9.35,,1.98,,7.26,21.06,8.7,20.08,3.55,15.04,3.75
9/10/2018,10.07,,43.71,8.8,,12.32,3.23,11.45,15.67,12.79,3.23,,,,22.85,22.18,6.09,40.71,10.79,14.76,,3.65,17.39,19.75,17.08,9.35,,1.98,,7.28,21.07,8.69,20.13,3.63,15.05,3.92
10/10/2018,10.1,,43.9,8.79,,12.41,3.12,11.43,15.68,12.85,3.23,,,,22.97,22.15,6.1,40.9,10.8,14.78,,3.64,17.46,19.77,17.18,9.34,,1.98,,7.3,21.07,8.69,20.18,3.46,15.07,3.99
11/10/2018,10.1,,43.97,8.77,,12.46,3.07,11.42,15.71,12.86,3.24,,,,23.05,22.17,6.11,40.86,10.8,14.8,,3.64,17.51,19.77,17.19,9.34,,1.98,,7.3,21.06,8.69,20.24,3.58,15.09,3.95
12/10/2018,10.1,,44.03,8.78,,12.52,2.95,11.42,14.27,12.91,3.24,,,,23.12,22.2,6.11,40.86,10.79,14.81,,3.66,17.58,19.81,17.15,9.34,,1.98,,7.29,21.09,8.69,20.28,3.6,15.09,3.95
13/10/2018,10.12,,44.02,8.78,,12.15,2.88,11.4,14.21,12.88,3.26,,,,22.43,22.19,6.12,40.6,10.78,14.77,,3.65,17.63,19.82,17.13,9.33,,1.98,,7.25,21.09,8.71,20.34,3.6,15.1,3.99
14/10/2018,10.12,,44,8.77,,11.81,2.9,11.38,14.16,12.78,3.27,,,,22.26,22.17,6.11,40.35,10.76,14.76,,3.64,17.68,19.81,17.15,9.32,,1.98,,7.17,21.08,8.72,20.39,3.57,15.1,4.02
15/10/2018,10.12,,44.1,8.7,,11.78,2.77,11.36,14.12,12.78,3.27,,,,22.22,22.16,6.11,40.4,10.77,14.76,,3.64,17.72,19.82,17.09,9.32,,1.98,,7.2,21.07,8.76,20.44,3.55,15.1,4.03
16/10/2018,10.12,,44.2,8.69,,11.98,2.86,11.33,14.06,12.92,3.28,,,,22.92,22.18,6.12,40.85,10.77,14.77,,3.65,17.78,19.84,17.1,9.31,,1.98,,7.22,21.09,8.77,20.49,3.63,15.07,4.08
17/10/2018,10.13,,44.23,8.66,,11.87,2.92,11.31,14.04,12.96,3.29,,,,22.99,21.35,6.12,41.14,10.76,14.78,,3.64,17.82,19.86,17.2,9.28,,1.98,,7.21,21.09,8.77,20.01,3.6,15.07,4.07
18/10/2018,10.12,,44.35,8.63,,11.84,2.96,11.28,14.07,12.94,3.29,,,,23.03,22.17,6.11,41.05,10.76,14.8,,3.65,17.87,19.88,17.22,9.27,,1.98,,7.19,21.09,8.76,19.96,3.59,15.06,4.24
19/10/2018,10.12,,44.34,8.62,,11.86,2.84,11.27,14.07,12.98,3.3,,,,23.07,22.18,6.12,40.94,10.77,14.82,,3.67,17.94,19.91,17.15,9.26,,1.98,,7.18,21.1,8.76,19.86,3.58,15.07,4.15
20/10/2018,10.13,,44.32,8.62,,11.65,2.91,11.26,14.05,13.01,3.31,,,,22.41,22.19,6.13,40.88,10.78,14.84,,3.67,18.01,19.92,17.15,9.27,,1.99,,7.14,21.12,8.76,19.74,3.61,15.09,4.16
21/10/2018,10.12,,44.44,8.6,,11.16,2.8,11.2,13.94,12.93,3.32,,,,22.29,22.16,6.13,40.32,10.76,14.86,,3.66,18.05,19.91,17.14,9.25,,1.99,,7.05,21.11,8.77,19.59,3.55,15.08,4.24
22/10/2018,10.12,,44.54,8.58,,11.19,2.75,11.2,13.93,12.95,3.33,,,,22.24,22.18,6.14,40.28,10.78,14.88,,3.67,18.12,19.93,17.14,9.25,,1.99,,7.06,21.12,8.79,19.45,3.53,15.07,4.29
23/10/2018,10.13,,44.57,8.56,,11.98,2.81,11.2,14,13.03,3.33,,,,22.95,22.17,6.14,40.6,10.78,14.9,,3.66,18.19,19.98,17.13,9.24,,1.99,,7.12,21.13,8.8,19.28,3.48,15.07,4.31
24/10/2018,10.11,,44.52,8.52,,12.1,2.74,11.16,13.96,13.01,3.33,,,,22.99,22.14,6.12,40.75,10.76,14.92,,3.64,18.21,19.99,17.13,9.22,,1.99,,7.12,21.09,8.82,19.15,3.46,15.05,4.31
25/10/2018,10.12,,44.64,8.53,,12.18,2.71,11.17,14,13.07,3.35,,,,23.09,22.17,6.14,40.83,10.77,14.94,,3.66,18.29,20.03,17.14,9.19,,1.99,,7.21,21.12,8.84,19.04,3.48,15.06,4.48
26/10/2018,10.12,,44.67,8.5,,12.23,2.51,11.15,13.99,13.08,3.35,,,,22.89,22.17,6.13,40.64,10.77,14.96,,3.66,18.34,20.05,17.14,9.21,,1.99,,7.17,21.13,8.85,18.92,3.51,15.05,4.6
27/10/2018,10.11,,44.68,8.46,,11.76,2.49,11.12,13.94,12.95,3.35,,,,22.34,22.13,6.11,40.53,10.72,14.97,,3.64,18.23,20.04,17.11,9.19,,1.99,,7.08,21.1,8.86,18.8,3.49,15.03,4.68
28/10/2018,10.11,,44.53,8.44,,11.27,2.41,11.05,13.88,12.91,3.36,,,,22.25,22.12,6.11,40.3,10.69,14.8,,3.63,18.23,20.04,17.09,9.18,,1.99,,6.99,21.08,8.87,18.73,3.43,15.01,5.02
29/10/2018,10.07,,44.44,8.38,,11.31,2.17,11.03,13.81,12.91,3.37,,,,22.19,22.08,6.09,40.37,10.58,14.53,,3.54,18.26,20.04,17.06,9.14,,1.99,,6.98,21.08,8.86,18.64,3.43,14.98,4.97
30/10/2018,10.09,,44.85,8.39,,11.91,2.36,11.07,13.86,12.99,3.13,,,,22.87,22.16,6.1,40.72,10.57,14.28,,3.59,18.21,20.02,17.1,9.16,,1.99,,7.02,21.13,8.85,18.64,3.48,15.02,4.99
31/10/2018,10.11,,45.05,8.43,,12.11,2.4,11.09,13.93,13.15,3.11,,,,23.14,22.23,6.13,40.83,10.61,14.03,,3.63,18.05,20.05,17.17,9.18,,1.99,,7.02,21.23,8.83,18.6,3.47,15.06,5.01
1/11/2018,10.1,,44.82,8.4,,11.53,2.27,11.07,13.91,13.11,3.27,,,,22.42,22.18,6.13,40.38,10.52,13.83,,3.6,17.85,20.03,17.11,9.16,,1.98,,6.9,21.19,8.81,18.57,3.41,15.04,5.05
2/11/2018,10.1,,44.92,8.39,,11.31,2.28,11.06,13.89,13.14,3.25,,,,22.3,22.19,6.13,40.26,10.47,13.54,,3.6,17.68,20.01,17.16,9.15,,1.99,,6.84,21.21,8.78,18.53,3.43,15.04,5.12
3/11/2018,10.1,,44.92,8.39,,11.13,2.26,11.05,13.88,13.1,3.22,,,,22.21,22.19,6.14,,10.43,13.39,,3.59,17.5,20,17.15,9.15,,1.99,,6.79,,8.7,18.5,3.41,15.05,5.18
4/11/2018,10.04,,45.2,8.37,,10.98,2.22,11.02,13.82,12.98,3.26,,,,22.13,22.16,6.12,,10.38,13.26,,3.56,17.33,19.96,17.11,9.14,,1.99,,6.74,,8.6,18.47,3.4,15.03,5.28
5/11/2018,10.02,,45.09,8.35,,10.96,2.12,11.01,13.78,12.97,3.21,,,,22.09,22.14,6.11,40.36,10.33,13.15,,3.54,17.19,19.94,17.08,9.14,,1.98,,6.76,21.2,8.51,18.46,3.4,15.02,5.33
6/11/2018,10.06,,45.03,8.34,,11.64,2.1,11.01,16.61,13.16,3.19,,,,22.81,22.16,6.11,40.71,10.3,12.98,,3.54,17.03,19.92,17.13,9.13,,1.99,,6.84,21.18,8.44,18.46,3.37,15.03,5.39
7/11/2018,10.06,,44.76,8.34,,11.88,2.14,11.02,16.8,13.28,3.14,,,,22.93,22.16,6.11,40.71,10.28,12.74,,3.54,16.88,19.92,17.07,9.13,,1.99,,6.87,21.19,8.4,18.46,3.36,15.03,5.46
8/11/2018,10.07,,44.73,8.34,,11.99,2.21,11.06,16.99,13.34,3.1,,,,23.04,22.18,6.11,40.71,10.29,12.49,,3.54,16.76,19.92,17.08,9.13,,1.99,,6.9,21.22,8.37,18.47,3.38,15.05,5.58
9/11/2018,10.08,,44.84,8.33,,12.09,2.16,11.08,17.07,13.33,3.09,,,,23.07,22.18,6.11,40.88,10.27,12.43,,3.53,16.63,19.92,17.12,9.13,,1.99,,6.91,21.19,8.35,18.46,3.45,15.05,5.67
10/11/2018,10.08,,44.62,8.32,,11.68,2.13,11.1,17.13,13.31,3.11,,,,22.39,22.17,6.11,40.67,10.26,12.36,,3.53,16.51,19.92,17.08,9.12,,1.99,,6.83,21.18,8.34,18.46,3.4,15.05,5.76
11/11/2018,10.09,,44.47,8.32,,11.36,2.17,11.13,17.14,13.27,3.06,,,,22.3,22.17,6.11,40.57,10.26,12.34,,3.53,16.38,19.92,17.09,9.12,,1.99,,6.77,21.19,8.34,18.47,3.37,15.06,5.82
12/11/2018,10.1,,44.58,8.33,,11.31,2.18,11.16,17.16,13.21,3.03,,,,22.26,22.2,6.12,40.6,10.28,12.32,,3.54,16.3,19.94,17.11,9.12,,1.99,,6.8,21.23,8.35,18.5,3.35,15.09,5.9
13/11/2018,10.1,,44.47,8.32,,11.92,2.26,11.18,17.18,13.43,3.01,,,,22.99,22.2,6.13,40.78,10.29,12.3,,3.53,16.21,19.95,17.09,9.12,,1.99,,6.84,21.23,8.35,18.52,3.34,15.09,5.96
14/11/2018,10.11,,44.4,8.31,,12.03,2.29,11.19,17.19,13.41,3.01,,,,23.1,22.21,6.14,40.97,10.28,12.31,,3.53,16.13,19.96,17.07,9.12,,1.99,,6.84,21.23,8.36,18.53,3.33,15.1,6.02
15/11/2018,10.11,,44.37,8.3,,12.07,2.36,11.2,16.56,13.61,3.01,,,,23.17,22.2,6.13,40.88,10.28,12.32,,3.52,16.03,19.96,17.1,9.11,,2,,6.84,21.22,8.37,18.54,3.3,15.09,6.02
16/11/2018,10.11,,44.32,8.3,,12.13,2.26,11.21,17.27,13.53,2.98,,,,23.21,22.2,6.13,40.74,10.28,12.35,,3.53,15.95,19.96,17.15,9.1,,1.99,,6.84,21.22,8.38,18.55,3.3,15.1,6.07
17/11/2018,10.11,,44.19,8.29,,11.73,2.19,11.23,17.31,13.45,2.98,,,,22.49,22.2,6.13,40.74,10.28,12.4,,3.52,15.86,19.97,17.07,9.1,,2,,6.8,21.22,8.39,18.56,3.31,15.09,6.19
18/11/2018,10.1,,44.19,8.27,,11.4,2.26,11.25,17.3,13.27,2.97,,,,22.3,22.16,6.12,40.55,10.25,12.44,,3.5,15.77,19.97,17.07,9.09,,2,,6.7,21.2,8.4,18.56,3.29,15.06,6.34
19/11/2018,10.09,,44.32,8.23,,11.36,2.03,11.25,17.28,13.2,3.06,,,,22.24,22.14,6.1,40.4,10.24,12.46,,3.48,15.66,19.94,17.03,9.05,,2,,6.71,21.16,8.4,18.54,3.25,15.03,6.43
20/11/2018,10.08,,44.27,8.19,,11.75,1.99,11.19,17.21,13.13,3.04,,,,22.86,22.13,6.09,40.72,10.23,12.52,,3.47,15.61,19.94,17.02,9,,2,,6.74,21.15,8.41,18.54,3.15,15,6.44
21/11/2018,10.09,,44.52,8.2,,11.92,2.41,11.19,17.23,13.28,3,,,,23.07,22.17,6.09,40.85,10.25,12.59,,3.49,15.58,19.96,17.03,9.02,,2,,6.76,21.19,8.42,18.58,3.15,15.02,6.45
22/11/2018,10.1,,44.99,8.21,,12.06,2.34,11.31,17.46,13.33,2.97,,,,23.17,22.19,6.1,40.86,10.28,12.67,,3.5,15.54,19.98,17.04,9.02,,2,,6.78,21.22,8.41,18.58,3.14,15.03,6.48
23/11/2018,10.09,,44.48,8.2,,12.09,2.47,11.35,17.39,13.4,2.95,,,,23.23,22.19,6.1,40.73,10.27,12.74,,3.49,15.49,19.99,16.99,9.02,,2,,6.8,21.23,8.4,18.54,3.14,15.04,6.57
24/11/2018,10.08,,44.65,8.17,,11.65,2.33,11.35,17.55,13.38,3.02,,,,22.47,22.15,6.09,40.46,10.12,12.78,,3.45,15.4,19.96,16.95,9,,2,,6.75,21.2,8.38,18.5,3.11,15.02,6.7
25/11/2018,10.07,,44.85,8.14,,11.4,2.37,11.35,17.52,13.27,3.03,,,,22.24,22.12,6.06,40.12,10.01,12.77,,3.43,15.27,19.88,17,8.97,,2,,6.71,21.17,8.34,18.41,3.07,14.96,6.86
26/11/2018,10.07,,44.81,8.12,,11.41,2.31,11.35,17.49,13.18,3.07,,,,22.18,22.1,6.05,40.13,9.98,12.76,,3.42,15.15,19.83,16.91,8.95,,2,,6.7,21.15,8.31,18.34,3,14.95,6.86
27/11/2018,10.07,,44.89,8.13,,11.83,2.22,11.38,17.57,13.5,2.97,,,,22.88,22.14,6.06,40.66,9.98,12.81,,3.44,15.1,19.83,16.92,8.95,,2,,6.71,21.19,8.28,18.3,2.98,14.96,6.9
28/11/2018,10.09,,44.74,8.15,,11.99,2.31,11.41,17.65,13.65,2.82,,,,23.07,22.19,6.07,40.9,10,12.87,,3.46,15.06,19.86,16.96,8.96,,2,,6.73,21.24,8.26,18.25,2.98,14.99,6.95
29/11/2018,10.1,,44.57,8.17,,12.09,2.45,11.45,17.71,13.65,2.78,,,,23.14,22.22,6.09,40.88,9.99,12.93,,3.46,15.03,19.87,16.97,8.98,,2,,6.71,21.26,8.25,18.14,2.82,15,7.11
30/11/2018,10.09,,44.45,8.16,,12.11,2.43,11.46,17.68,13.62,2.81,,,,23.15,22.18,6.09,40.83,9.98,12.96,,3.44,14.93,19.85,16.9,8.98,,2,,6.71,21.24,8.24,18.01,2.99,14.97,7.14
1/12/2018,10.1,,44.45,8.16,,11.71,2.41,11.47,17.64,13.64,2.83,,,,22.45,22.18,6.09,40.67,9.97,12.99,,3.44,14.86,19.84,16.92,8.96,,2.01,,6.71,21.22,8.24,17.88,2.94,14.97,7.2
2/12/2018,10.1,,44.27,8.15,,11.4,2.39,11.48,17.53,13.57,2.83,,,,22.28,22.17,6.08,40.19,9.96,13.04,,3.43,14.8,19.84,16.89,8.96,,2.01,,6.69,21.23,8.24,17.72,3.01,14.95,7.24
3/12/2018,10.09,,44.18,8.14,,11.35,2.22,11.48,17.55,13.41,2.9,,,,22.24,22.16,6.08,40.12,9.95,13.07,,3.42,14.73,19.82,16.86,8.95,,2.01,,6.67,21.21,8.25,17.56,2.99,14.93,7.24
4/12/2018,10.09,,44.18,8.13,,11.89,2.17,11.48,17.56,13.59,2.87,,,,22.89,22.16,6.07,40.78,9.94,13.1,,3.41,14.69,19.82,16.88,8.94,,2.01,,6.7,21.2,8.26,17.45,2.97,14.92,7.27
5/12/2018,10.1,,44.11,8.15,,12.08,2.26,11.5,17.66,13.75,2.81,,,,23.04,22.21,6.09,41.03,9.98,13.17,,3.43,14.67,19.85,16.91,8.95,,2.01,,6.7,21.26,8.27,17.33,2.98,14.94,7.29
6/12/2018,10.1,,44.06,8.14,,12.16,2.33,11.5,17.68,13.76,2.86,,,,23.11,22.19,6.09,40.92,9.98,13.21,,3.42,14.63,19.85,16.84,8.95,,2.01,,6.69,21.25,8.28,17.21,2.98,14.93,7.41
7/12/2018,10.1,,43.94,8.12,,12.24,2.24,11.52,17.94,13.73,2.87,,,,23.09,22.18,6.08,40.79,9.97,13.25,,3.4,14.58,19.85,16.88,8.94,,2.01,,6.65,21.22,8.3,17.05,2.97,14.9,7.5
8/12/2018,10.1,,43.94,8.1,,11.77,2.08,11.5,17.93,13.66,2.97,,,,22.39,22.14,6.07,40.36,9.95,13.27,,3.39,14.49,19.83,16.84,8.91,,2.01,,6.55,21.21,8.3,16.97,2.95,14.86,7.57
9/12/2018,10.1,,43.88,8.09,,11.49,1.95,11.53,17.98,13.56,2.97,,,,22.24,22.14,6.06,39.96,9.95,13.3,,3.38,14.43,19.82,16.77,8.9,,2.01,,6.5,21.2,8.31,16.85,2.98,14.86,7.59
10/12/2018,10.1,,43.92,8.1,,11.43,1.96,11.56,18.01,13.59,2.95,,,,22.2,22.17,6.07,39.94,9.97,13.35,,3.4,14.4,19.83,16.81,8.91,,2.01,,6.53,21.23,8.32,16.8,2.75,14.86,7.63
11/12/2018,10.11,,43.91,8.11,,12.03,1.9,11.59,18.04,13.65,2.91,,,,22.87,22.19,6.08,40.46,10,13.4,,3.4,14.38,19.84,16.81,8.91,,2.01,,6.58,21.25,8.32,16.73,2.96,14.87,7.71
12/12/2018,10.12,,43.95,8.1,,12.18,1.92,11.6,18.05,13.68,2.88,,,,23.01,22.2,6.08,40.79,10.01,13.45,,3.4,14.38,19.85,16.84,8.91,,2.01,,6.6,21.26,8.33,16.66,2.91,14.87,7.76
13/12/2018,10.11,,43.88,8.09,,12.25,1.84,11.56,17.99,13.68,2.91,,,,23.04,22.18,6.08,40.67,10.01,13.48,,3.39,14.35,19.84,16.83,8.88,,2.02,,6.6,21.25,8.34,16.58,2.76,14.84,7.8
14/12/2018,10.12,,43.69,8.09,,12.27,1.78,11.55,17.98,13.7,2.91,,,,23.09,22.19,6.08,40.63,10.01,13.51,,3.4,14.32,19.85,16.8,8.88,,2.02,,6.6,21.25,8.34,16.54,2.79,14.83,7.93
15/12/2018,10.13,,43.77,8.09,,11.8,1.87,11.57,18.02,13.73,2.88,,,,22.57,22.21,6.09,40.56,10.03,13.56,,3.41,14.31,19.86,16.78,8.87,,2.02,,6.56,21.28,8.35,16.5,2.9,14.83,7.96
16/12/2018,10.12,,43.79,8.08,,11.48,1.86,11.54,17.95,13.65,2.88,,,,22.33,22.2,6.09,40.39,10.03,13.59,,3.4,14.27,19.86,16.83,8.88,,2.02,,6.49,21.28,8.36,16.45,2.88,14.82,8.02
17/12/2018,10.12,,43.67,8.06,,11.42,1.82,11.53,17.93,13.64,2.82,,,,22.29,22.19,6.08,40.35,10.04,13.62,,3.4,14.25,19.85,16.81,8.85,,2.02,,6.5,21.27,8.37,16.43,2.85,14.8,8.08
18/12/2018,10.13,,43.64,8.08,,11.94,1.88,11.54,17.99,13.74,2.79,,,,23.01,22.23,6.09,40.74,10.06,13.66,,3.41,14.27,19.89,16.79,8.86,,2.02,,6.58,21.32,8.38,16.39,2.83,14.83,8.1
19/12/2018,10.13,,43.55,8.06,,12.09,1.88,11.52,18,13.73,2.84,,,,23.06,22.21,6.09,40.76,10.07,13.69,,3.4,14.24,19.88,16.76,8.86,,2.02,,6.58,21.29,8.39,16.33,2.85,14.81,8.15
20/12/2018,10.12,,43.61,8.06,,12.13,1.84,11.51,18.03,13.73,2.86,,,,23.11,22.2,6.09,40.56,10.06,13.72,,3.4,14.21,19.88,16.74,8.85,,2.02,,6.58,21.29,8.39,16.31,2.85,14.79,8.17
21/12/2018,10.13,,43.71,8.06,,12.17,1.88,11.52,18.07,13.78,2.85,,,,23.16,22.23,6.09,40.34,10.08,13.74,,3.41,14.2,19.9,16.87,8.85,,2.02,,6.59,21.31,8.39,16.25,2.85,14.81,8.3
22/12/2018,10.13,,43.58,8.04,,11.57,1.81,11.5,18.03,13.75,2.91,,,,22.46,22.2,6.09,40.14,10.1,13.75,,3.4,14.17,19.88,16.84,8.84,,2.02,,6.51,21.29,8.38,16.22,2.77,14.78,8.37
23/12/2018,10.13,,43.62,8.04,,11.32,1.79,11.5,18.02,13.69,2.89,,,,22.32,22.21,6.09,40.08,10.13,13.77,,3.4,14.15,19.89,16.81,8.84,,2.03,,6.45,21.31,8.36,16.17,2.79,14.79,8.41
24/12/2018,10.13,,43.5,8.02,,11.2,1.75,11.48,17.97,13.63,2.91,,,,22.22,22.17,6.07,40.11,10.08,13.77,,3.38,14.09,19.87,16.75,8.82,,1.93,,6.41,21.27,8.34,16.13,2.73,14.75,8.44
25/12/2018,10.14,,43.23,8.05,,11.12,1.83,11.51,18.02,13.7,2.88,,,,22.23,22.24,6.09,40.14,10.12,13.82,,3.41,14.11,19.9,16.81,8.84,,1.92,,6.4,21.33,8.31,16.14,2.78,14.8,8.5
26/12/2018,10.14,,43.08,8.04,,11.02,1.88,11.51,18,13.66,2.86,,,,22.15,22.23,6.1,40.08,10.13,13.84,,3.4,14.06,19.9,16.8,8.84,,1.91,,6.37,21.34,8.3,16.09,2.74,14.8,8.54
27/12/2018,10.14,,42.95,8.04,,11.02,1.89,11.5,17.99,13.66,2.89,,,,22.12,22.22,6.1,39.89,10.13,13.85,,3.4,14.02,19.88,16.76,8.84,,1.95,,6.35,21.33,8.28,16.03,2.68,14.78,8.6
28/12/2018,10.13,,42.92,8.02,,11.01,1.84,11.49,17.97,13.68,2.93,,,,22.08,22.21,6.09,39.77,10.13,13.87,,3.38,13.98,19.88,16.74,8.82,,1.98,,6.38,21.32,8.27,15.98,2.75,14.77,8.63
29/12/2018,10.14,,43.06,8.02,,10.93,1.84,11.49,17.98,13.73,2.91,,,,22.06,22.22,6.09,39.7,10.14,13.89,,3.39,13.97,19.89,16.74,8.82,,2.03,,6.48,21.33,8.26,15.92,2.79,14.77,8.67
30/12/2018,10.13,,42.95,8.01,,10.88,1.82,11.48,17.97,13.69,2.92,,,,22.01,22.2,6.09,39.65,10.13,13.91,,3.38,13.92,19.88,16.73,8.81,,2.03,,,21.31,8.26,15.87,2.82,14.75,8.78
31/12/2018,10.14,,43.09,8.01,,10.84,1.89,11.48,17.95,13.68,2.9,,,,22,22.22,6.09,39.64,10.15,13.94,,3.38,13.92,19.88,16.71,8.81,,2.03,,,21.33,8.26,15.83,2.82,14.76,8.84
1/1/2019,10.13,,42.82,8,,10.8,1.94,11.47,17.89,13.62,2.87,,,,21.95,22.19,6.09,39.9,10.15,13.97,,3.37,13.92,19.9,16.67,8.81,,2.02,,,21.32,8.26,15.73,2.84,14.74,8.84
2/1/2019,10.13,,42.78,7.98,,10.78,1.87,11.45,17.86,13.6,2.97,,,,21.91,22.17,6.08,39.91,10.14,13.96,,3.36,13.84,19.86,16.66,8.78,,1.95,,,21.3,8.26,15.69,2.77,14.72,8.88
3/1/2019,10.14,,42.92,7.99,,10.88,1.85,11.46,17.86,13.69,2.9,,,,21.94,22.22,6.09,40.05,10.17,14,,3.38,13.87,19.89,16.72,8.79,,2.03,,,21.35,8.27,15.66,2.75,14.74,8.98
4/1/2019,10.14,,42.91,7.99,,10.91,1.85,11.47,17.83,13.77,2.86,,,,21.94,22.24,6.1,40,10.2,14.02,,3.39,13.87,19.9,16.69,8.78,,2.03,,,21.36,8.28,15.61,2.82,14.75,8.84
5/1/2019,10.13,,42.92,7.96,,10.97,1.78,11.44,17.87,13.74,2.91,,,,21.89,22.2,6.09,39.92,10.18,14.04,,3.36,13.85,19.9,16.69,8.77,,2.03,,,21.34,8.29,15.55,2.82,14.72,8.87
6/1/2019,10.13,,42.81,7.96,,10.93,1.74,11.44,17.83,13.71,2.95,,,,21.86,22.21,6.08,39.92,10.18,14.05,,3.37,13.83,19.88,16.76,8.76,,2.03,,,21.33,8.3,15.52,2.83,14.72,8.99
7/1/2019,10.14,,42.95,7.97,,10.91,1.74,11.45,17.87,13.73,2.89,,,,21.9,22.25,6.09,39.99,10.19,14.08,,3.38,13.86,19.9,16.7,8.76,,2.03,,,21.37,8.31,15.5,2.84,14.73,9.11
8/1/2019,10.13,,42.81,7.93,,11.45,1.64,11.42,17.54,13.72,2.92,,,,22.6,22.2,6.07,40.59,10.19,14.1,,3.35,13.86,19.91,16.65,8.74,,2.04,,,21.33,8.32,15.41,2.82,14.68,9.16
9/1/2019,10.12,,42.72,7.91,,11.68,1.6,11.4,17.4,13.73,3.08,,,,22.69,22.19,6.06,40.74,10.18,14.1,,3.35,13.82,19.89,16.65,8.72,,2.04,,,21.32,8.33,15.38,2.81,14.65,9.14
10/1/2019,10.13,,42.81,7.92,,11.67,1.6,11.42,17.42,13.84,3.02,,,,22.81,22.06,6.06,40.78,10.2,14.13,,3.37,13.81,19.91,16.65,8.73,,2.04,,,21.34,8.34,15.38,2.83,14.67,9.19
11/1/2019,10.14,,42.86,7.93,,11.83,1.61,11.44,17.43,13.85,2.96,,,,22.93,22.26,6.08,40.74,10.23,14.16,,3.4,13.86,19.94,16.65,8.73,,2.04,,,21.39,8.36,15.4,2.88,14.69,9.36
12/1/2019,10.14,,42.86,7.93,,11.45,1.65,11.42,17.41,13.85,2.98,,,,22.25,22.25,6.09,40.55,10.26,14.18,,3.4,13.9,19.95,16.68,8.72,,2.04,,,21.4,8.37,15.36,2.88,14.67,9.32
13/1/2019,10.13,,42.7,7.9,,11.14,1.55,11.39,17.35,13.76,3.05,,,,22.08,22.2,6.07,40.14,10.24,14.18,,3.37,13.89,19.93,16.61,8.71,,2.04,,,21.36,8.38,15.31,2.92,14.63,8.83
14/1/2019,10.13,,42.6,7.88,,11.08,1.45,11.39,17.3,13.74,3.1,,,,22.03,22.18,6.06,40.13,10.23,14.19,,3.37,13.88,19.91,16.58,8.68,,2.04,,,21.33,8.39,15.3,2.87,14.62,8.92
15/1/2019,10.14,,42.95,7.9,,11.69,1.51,11.41,17.39,13.87,3.02,,,,22.81,22.28,6.08,40.58,10.27,14.23,,3.41,14.01,19.96,16.65,8.69,,2.04,,,21.42,8.4,15.36,2.85,14.65,9.22
16/1/2019,10.15,,42.92,7.92,,11.86,1.53,11.43,17.42,13.92,2.99,,,,22.96,22.28,6.09,40.98,10.29,14.25,,3.42,14.06,19.98,16.66,8.7,,2.04,,,21.43,8.42,15.38,2.89,14.66,9.34
17/1/2019,10.14,,42.94,7.9,,11.92,1.49,11.42,17.42,13.9,3.05,,,,23.01,22.26,6.09,41.05,10.3,14.26,,3.41,14.08,19.98,16.61,8.69,,2.04,,,21.41,8.43,15.35,2.89,14.64,9.44
18/1/2019,10.14,,42.92,7.89,,12.02,1.48,11.41,17.41,13.88,3.09,,,,23.02,22.25,6.07,40.95,10.3,14.26,,3.41,14.1,19.97,16.59,8.68,,2.04,,,21.39,8.44,15.35,2.83,14.62,9.43
19/1/2019,10.14,,42.87,7.89,,11.46,1.51,11.42,17.41,13.78,3.08,,,,22.42,22.29,6.08,40.85,10.32,14.27,,3.43,14.16,20,16.74,8.67,,2.04,,,21.43,8.45,15.39,2.86,14.63,9.47
20/1/2019,10.15,,42.79,7.89,,11.23,1.52,11.42,17.39,13.69,3.08,,,,22.3,22.27,6.08,40.55,10.32,14.26,,3.43,14.16,19.99,16.65,8.67,,2.04,,,21.43,8.46,15.39,2.92,14.62,9.54
21/1/2019,10.15,,42.72,7.89,,11.23,1.48,11.42,17.37,13.67,3.06,,,,22.25,22.29,6.08,40.67,10.34,14.26,,3.44,14.18,19.99,16.61,8.66,,2.05,,,21.45,8.46,15.41,2.72,14.62,9.63
22/1/2019,10.14,,42.47,7.85,,,1.38,11.39,15.82,13.85,3.1,,,,22.93,22.25,6.07,40.95,10.34,14.26,,3.41,14.17,19.99,16.59,8.64,,2.05,,,21.43,8.45,15.36,2.6,14.57,9.7
23/1/2019,10.14,,42.51,7.83,,,1.37,11.37,17.35,13.84,3.22,,,,22.95,22.23,6.05,41.09,10.33,14.25,,3.4,14.13,19.97,16.66,8.61,,2.05,,,21.4,8.44,15.34,2.74,14.54,9.66
24/1/2019,10.14,,42.53,7.82,,,1.33,11.37,17.3,13.74,3.2,,,,23.01,22.13,6.05,41.15,10.33,14.27,,3.42,14.13,19.98,16.68,8.6,,2.05,,,21.42,8.43,15.34,2.67,14.53,
25/1/2019,10.15,,42.6,7.84,,,1.3,11.39,17.32,13.72,3.13,,,,23.1,22.29,6.06,41.03,10.37,14.29,,3.44,14.14,20,16.65,8.6,,2.05,,,21.47,8.42,15.36,2.6,14.55,
26/1/2019,10.16,,42.57,7.85,,,1.34,11.4,17.32,13.7,3.1,,,,22.46,22.31,6.07,40.92,10.4,14.31,,3.45,14.15,20.02,16.66,8.61,,2.05,,,21.49,8.4,15.36,2.69,14.55,
27/1/2019,10.15,,42.47,7.82,,,1.29,11.37,17.22,13.58,3.14,,,,22.27,22.26,6.05,40.54,10.38,14.3,,3.43,14.1,20.01,16.59,8.59,,2.05,,,21.44,8.37,15.3,2.63,14.5,
28/1/2019,10.15,,42.65,7.81,,,1.19,11.36,14.98,13.58,3.21,,,,22.23,22.25,6.05,40.55,10.37,14.3,,3.42,14.07,19.98,16.57,8.58,,2.05,,,21.43,8.33,15.29,2.55,14.49,
29/1/2019,10.16,,42.98,7.82,,,1.26,11.31,17.21,13.64,3.15,,,,22.96,22.32,6.05,40.99,10.42,14.34,,3.45,14.11,20.02,16.64,8.57,,2.05,,,21.5,8.28,15.29,2.51,14.51,
30/1/2019,10.15,,42.7,7.81,,,1.29,11.35,17.24,13.64,3.2,,,,23.06,22.29,6.05,41.24,10.43,14.34,,3.44,14.08,20.02,16.62,8.56,,2.05,,,21.47,8.24,15.23,2.49,14.48,
31/1/2019,10.15,,42.63,7.81,,,1.27,11.35,17.26,13.66,3.14,,,,23.15,22.31,6.04,41.23,10.43,14.35,,3.44,14.06,20.03,16.6,8.56,,2.05,,,21.49,8.21,15.19,2.51,14.47,
1/2/2019,10.15,,42.63,7.78,,,1.15,11.33,17.24,13.86,3.14,,,,23.16,22.3,6.03,41.15,10.42,14.35,,3.42,14.04,20.04,16.65,8.54,,2.05,,,21.49,8.18,15.1,2.45,14.44,
2/2/2019,10.14,,43.24,7.7,,,1.09,11.3,17.26,13.84,3.06,,,,22.44,22.28,6.01,40.94,10.31,14.19,,3.39,13.96,20,16.64,8.49,,2.05,,,21.48,8.14,15.04,2.4,14.41,
3/2/2019,10.15,,43.78,7.75,,,1.11,11.32,17.16,13.87,2.79,,,,22.38,22.31,6.01,40.69,10.24,14.13,,3.4,13.85,19.95,16.6,8.49,,2.05,,,21.51,8.1,15.02,2.3,14.41,10.13
4/2/2019,10.18,,44.19,7.81,,,1.32,11.35,17.37,13.96,2.64,,,,22.37,22.39,6.04,40.7,10.22,14.09,,3.45,13.81,19.95,16.73,8.56,,2.06,,,21.58,8.03,15,2.26,14.46,10.14
5/2/2019,10.18,,43.72,7.84,,,1.37,11.42,17.37,13.98,2.61,,,,23.02,22.37,6.05,41.26,10.17,14.06,,3.43,13.72,19.93,16.66,8.57,,2.06,,,21.58,7.96,14.91,2.19,14.44,10.14
6/2/2019,10.18,,43.63,7.85,,,1.37,11.44,17.39,13.99,2.58,,,,23.12,22.37,6.05,41.43,10.15,14.03,,3.43,13.64,19.91,16.68,8.57,,2.06,,,21.56,7.91,14.83,2.15,14.42,10.15
7/2/2019,10.16,,43.51,7.83,,,1.42,11.45,17.41,13.71,2.61,,,,23.16,22.35,6.03,41.29,10.12,14,,3.41,13.55,19.89,16.6,8.57,,2.06,,,21.55,7.87,14.72,2.11,14.38,10.25
8/2/2019,10.16,,43.4,7.84,,,1.53,11.47,17.45,13.52,2.63,,,,23.17,22.35,6.03,41.24,10.11,13.98,,3.41,13.48,19.87,16.57,8.56,,2.06,,,21.53,7.85,14.63,2.09,14.36,9.91
9/2/2019,10.15,,43.35,7.84,,,1.51,11.48,17.44,13.4,2.64,,,,22.47,22.36,6.03,41.19,10.1,13.97,,3.41,13.43,19.87,16.59,8.56,,2.06,,,21.53,7.84,14.52,2.1,14.33,9.66
10/2/2019,10.12,,43.21,7.81,,,1.5,11.45,17.34,13.23,2.68,,,,22.26,22.3,6,40.68,10.06,13.95,,3.37,13.35,19.85,16.57,8.53,,2.06,,,21.5,7.83,14.34,2.02,14.25,9.59
11/2/2019,10.12,,43.2,7.8,,,1.44,11.44,17.26,13.23,2.71,,,,22.22,22.31,5.99,40.68,10.05,13.94,,3.37,13.26,19.82,16.51,8.53,,2.06,,,21.48,7.83,14.3,1.97,14.25,9.55
12/2/2019,10.13,,43.2,7.83,,,1.57,11.47,17.35,13.33,2.62,,,,23,22.39,6.01,41.11,10.11,13.96,,3.4,13.26,19.86,16.6,8.56,,2.06,,,21.56,7.85,14.25,2,14.27,9.52
13/2/2019,10.13,,43.16,7.85,,,1.53,11.47,17.41,13.4,2.55,,,,23.15,22.42,6.02,41.44,10.14,13.97,,3.41,13.23,19.87,16.63,8.57,,2.06,,,21.58,7.86,14.2,2.01,14.28,9.39
14/2/2019,10.12,,43.05,7.86,,,1.61,11.45,17.39,13.36,2.56,,,,23.22,22.39,6.03,41.4,10.16,13.98,,3.4,13.19,19.87,16.57,8.58,,2.06,,,21.58,7.87,14.11,1.92,14.24,9.25
15/2/2019,10.11,,42.99,7.86,,,1.59,11.44,17.36,13.36,2.58,,,,23.2,22.39,6.03,41.26,10.15,13.98,,3.39,13.12,19.85,16.59,8.57,,2.06,,,21.55,7.88,14.04,1.96,14.22,9.13
16/2/2019,10.1,,42.98,7.86,,,1.57,11.42,17.31,13.28,2.59,,,,22.49,22.39,6.03,41.19,10.14,13.99,,3.38,13.07,19.85,16.55,8.57,,2.06,,,21.55,7.89,13.96,1.89,14.19,9.02
17/2/2019,10.09,,42.82,7.85,,,1.5,11.4,17.26,13.2,2.63,,,,22.32,22.36,6.01,40.91,10.12,13.99,,3.37,13,19.83,16.53,8.56,,2.06,,,21.53,7.91,13.89,1.93,14.15,8.89
18/2/2019,10.08,,42.73,7.84,,,1.47,11.39,17.24,13.17,2.68,,,,22.27,22.36,6,40.82,10.11,13.99,,3.35,13.13,19.81,16.49,8.55,,2.06,,,21.51,7.93,13.83,1.87,14.11,8.82
19/2/2019,10.07,,42.72,7.83,,,1.46,11.37,17.25,13.18,2.71,,,,22.94,22.36,6,41.21,10.12,14.01,,3.35,13.05,19.81,16.5,8.54,,2.06,,,21.51,7.95,13.79,1.88,14.09,8.77
20/2/2019,10.07,,42.71,7.84,,,1.47,11.37,17.27,13.19,2.73,,,,23.07,22.37,6,41.49,10.13,14.02,,3.35,13.03,19.81,16.5,8.54,,2.07,,,21.52,7.97,13.77,1.84,14.07,8.7
21/2/2019,10.07,,42.65,7.84,,,1.47,11.36,17.29,13.23,2.69,,,,23.12,22.39,6,41.41,10.16,14.05,,3.36,13.01,19.82,16.49,8.54,,2.07,,,21.53,8,13.74,1.84,14.05,8.66
22/2/2019,10.06,,42.66,7.84,,,1.45,11.36,17.28,13.22,2.74,,,,23.12,22.37,6,41.28,10.16,14.04,,3.35,12.85,19.81,16.49,8.54,,2.07,,,21.52,8.02,13.71,1.82,14.03,8.62
23/2/2019,10.06,,42.65,7.84,,,1.47,11.38,17.32,13.27,2.65,,,,22.5,22.4,6.01,41.2,10.18,14.06,,3.37,12.82,19.82,16.55,8.54,,2.07,,,21.54,8.04,13.73,1.91,14.03,8.56
24/2/2019,10.06,,42.49,7.87,,,1.43,11.37,17.29,13.19,2.6,,,,22.35,22.41,6.02,40.74,10.19,14.1,,3.37,12.78,19.83,16.52,8.54,,2.07,,,21.57,8.06,13.72,1.84,14.02,8.51
25/2/2019,10.06,,42.44,7.86,,,1.53,11.35,17.24,13.14,2.63,,,,22.32,22.39,6.02,40.75,10.19,14.11,,3.36,12.74,19.82,16.51,8.54,,2.07,,,21.55,8.08,13.68,1.79,13.99,8.67
26/2/2019,10.05,,42.39,7.84,,,1.52,11.34,17.22,13.12,2.71,,,,22.97,22.38,6.01,41.24,10.2,14.12,,3.34,12.71,19.81,16.51,8.54,,2.07,,,21.52,8.1,13.65,1.86,13.95,8.94
27/2/2019,10.05,,42.37,7.83,,,1.59,11.33,17.25,13.31,2.77,,,,22.95,22.37,6,41.49,10.19,14.13,,3.34,12.78,19.79,16.45,8.53,,2.07,,,21.51,8.12,13.64,1.9,13.93,9.12
28/2/2019,10.05,,42.3,7.8,,,1.51,11.33,17.27,13.42,2.82,,,,22.94,22.36,5.99,41.56,10.2,14.15,,3.33,12.65,19.78,16.46,8.51,,2.07,,,21.5,8.14,13.6,1.83,13.89,9.22
1/3/2019,10.04,,42.24,7.79,,,1.44,11.33,17.3,13.49,2.88,,,,22.95,22.35,5.98,41.44,10.19,14.15,,3.32,12.6,19.77,16.44,8.49,,2.07,,,21.49,8.15,13.56,1.88,13.87,9.34
2/3/2019,10.05,,42.23,7.8,,,1.46,11.35,17.35,13.55,2.86,,,,22.39,22.37,5.98,41.31,10.19,14.17,,3.33,12.69,19.78,16.44,8.49,,2.07,,,21.5,8.16,13.58,1.85,13.86,9.47
3/3/2019,10.05,,42.2,7.8,,,1.46,11.39,17.37,13.5,2.84,,,,22.25,22.39,5.98,40.97,10.19,14.19,,3.33,12.67,19.78,16.5,8.49,,2.07,,,21.52,8.18,13.59,1.81,13.85,9.58
4/3/2019,10.04,,42.15,7.77,,,1.35,11.39,17.35,13.47,2.91,,,,22.2,22.35,5.97,40.78,10.19,14.19,,3.3,12.65,19.76,16.43,8.48,,2.07,,,21.49,8.2,13.56,1.71,13.8,9.62
5/3/2019,10.04,,42.12,7.78,,,1.38,11.41,17.39,13.64,2.97,,,,22.93,22.38,5.97,41.32,10.19,14.2,,3.32,12.72,19.76,16.42,8.48,,2.07,,,21.5,8.22,13.57,1.73,13.8,9.75
6/3/2019,10.06,,42.21,7.79,,,1.45,11.45,17.44,13.77,3.01,,,,23.08,22.41,5.98,41.63,10.08,14.21,,3.33,12.74,19.78,16.49,8.48,,2.07,,,21.54,8.25,13.62,1.69,13.78,9.84
7/3/2019,10.07,,42.08,7.77,,,1.45,11.47,13.94,13.8,2.99,,,,23.13,22.37,5.97,41.63,10.22,14.18,,3.31,12.63,19.76,16.39,8.48,,2.07,,,21.51,8.26,13.61,1.65,13.76,9.89
8/3/2019,10.08,,42.14,7.78,,,1.47,11.5,17.27,13.85,3,,,,23.16,22.41,5.98,41.56,10.24,14.19,,3.34,12.52,19.77,16.42,8.48,,2.07,,,21.53,8.26,13.65,1.67,13.78,10.01
9/3/2019,10.1,,42.1,7.8,,,1.58,11.54,17.55,13.87,3.01,,,,22.52,22.43,6,41.54,10.26,14.2,,3.35,12.51,19.8,16.46,8.49,,2.07,,,21.56,8.27,13.7,1.66,13.77,10.08
10/3/2019,10.1,,42.03,7.78,,,1.49,11.56,17.61,13.77,3.01,,,,22.31,22.39,5.99,41.41,10.26,14.19,,3.33,12.48,19.78,16.42,8.48,,2.07,,,21.54,8.28,13.7,1.68,13.73,10.09
11/3/2019,10.1,,41.97,7.78,,,1.47,11.57,17.61,13.75,3,,,,22.27,22.39,5.99,41.21,10.25,14.18,,3.33,12.47,19.76,16.38,8.48,,2.07,,,21.52,8.3,13.7,1.66,13.72,10.19
12/3/2019,10.11,,41.9,7.79,,,1.64,11.61,17.71,13.82,3.02,,,,23.09,22.42,6,41.69,10.3,14.21,,3.34,12.5,19.8,16.42,8.49,,2.07,,,21.58,8.32,13.77,1.67,13.73,10.26
13/3/2019,10.11,,41.85,7.78,,,1.66,11.62,17.69,13.84,3.01,,,,23.18,22.4,5.99,41.83,10.28,14.2,,3.33,12.46,19.78,16.38,8.48,,2.07,,,21.53,8.32,13.76,1.65,13.7,10.28
14/3/2019,10.11,,41.77,7.77,,,1.67,11.64,17.69,13.87,3.02,,,,23.24,22.4,5.99,41.81,10.29,14.21,,3.33,12.45,19.79,16.37,8.47,,2.07,,,21.54,8.32,13.79,1.61,13.67,10.32
15/3/2019,10.11,,41.9,7.77,,,1.63,12.29,17.69,13.92,3.02,,,,23.27,22.4,5.99,41.62,10.29,14.21,,3.33,12.43,19.78,16.33,8.47,,2.07,,,21.52,8.33,13.79,1.74,13.67,10.4
16/3/2019,10.13,,41.94,7.78,,,1.61,12.83,17.77,13.94,3,,,,22.56,22.43,5.99,41.56,10.31,14.22,,3.35,12.46,19.81,16.35,8.47,,2.07,,,21.55,8.34,13.85,1.7,13.67,10.48
17/3/2019,10.13,,41.94,7.78,,,1.51,13.12,17.73,13.9,2.99,,,,22.37,22.43,5.99,41.22,10.32,14.23,,3.35,12.48,19.81,16.34,8.46,,2.07,,,21.57,8.36,13.9,1.75,13.66,10.5
18/3/2019,10.12,,41.88,7.78,,,1.54,13.29,17.71,13.87,2.96,,,,22.32,22.41,5.98,41.04,10.3,14.23,,3.34,12.47,19.8,16.32,8.45,,2.07,,,21.54,8.38,13.91,1.66,13.64,10.58
19/3/2019,10.13,,41.87,,,,1.6,13.32,17.74,13.93,2.9,,,,23.06,22.46,6,41.6,10.29,14.24,,3.37,12.53,19.83,16.36,8.46,,2.08,,,21.6,8.39,13.99,1.77,13.66,11.08
20/3/2019,10.14,,41.83,,,,1.67,13.41,17.86,14.02,2.85,,,,23.27,22.48,6.02,41.76,10.38,14.25,,3.39,12.56,19.85,16.4,8.48,,2.08,,,21.61,8.4,14.06,1.77,13.67,11.35
21/3/2019,10.14,,41.83,7.81,,,1.69,13.6,17.91,14.07,2.84,,,,23.41,22.48,6.03,41.82,10.4,14.26,,3.39,12.57,19.87,16.41,8.48,,2.08,,,21.62,8.4,14.11,2.15,13.67,11.36
22/3/2019,10.14,,41.77,7.8,,,2,13.71,17.93,14.12,2.9,,,,23.47,22.48,6.03,41.76,10.43,14.26,,3.38,12.56,19.87,16.36,8.48,,2.08,,,21.61,8.41,14.14,2.05,13.65,
23/3/2019,10.14,,41.73,7.8,,,2,13.77,17.91,14.08,3.02,,,,22.84,22.47,6.03,41.45,10.43,14.25,,3.38,12.54,19.87,16.36,8.48,,2.08,,,21.59,8.43,14.17,1.9,13.63,
24/3/2019,10.14,,41.71,7.79,,,2.09,13.85,17.85,13.98,3.02,,,,,22.45,6.01,41.1,10.41,14.25,,3.37,12.53,19.87,16.36,8.47,,2.08,,,21.58,8.45,14.2,1.78,13.6,
25/3/2019,10.14,,41.61,7.76,,,2.09,13.9,17.8,13.95,3.01,,,,,22.43,6,41,10.4,14.25,,3.36,12.53,19.85,16.32,8.45,,2.08,,,21.56,8.46,14.19,1.82,13.57,
26/3/2019,10.15,,41.86,7.78,,,2.24,13.94,17.85,14.06,2.97,,,,,22.48,6.01,41.66,10.43,14.27,,3.38,12.58,19.88,16.4,8.45,,2.08,,,21.59,8.46,14.25,1.87,13.59,
27/3/2019,10.16,,41.92,7.8,,,2.29,14.01,18.03,14.14,2.92,,,,,22.5,6.02,41.87,10.46,14.3,,3.41,12.63,19.89,16.39,8.47,,2.08,,,21.61,8.46,14.32,1.86,13.61,
28/3/2019,10.17,,41.84,7.82,,,2.45,14.07,18.05,14.17,2.88,,,,,22.33,6.03,41.87,10.48,14.32,,3.42,12.64,19.91,16.41,8.48,,2.08,,,21.62,8.46,14.37,1.78,13.61,
29/3/2019,10.17,,41.91,7.83,,,2.65,14.11,18.43,14.19,2.89,,,,,22.54,5.96,41.72,10.5,14.33,,3.43,12.67,19.92,16.38,8.48,,2.08,,,21.63,8.48,14.41,2.1,13.61,
30/3/2019,10.17,,41.8,7.83,,,2.52,14.16,18.58,14.15,3,,,,,22.5,6.03,41.44,10.5,14.33,,3.42,12.67,19.92,16.35,8.47,,2.08,,,21.61,8.46,14.45,1.95,13.58,
31/3/2019,10.17,,41.91,7.85,,,2.35,14.31,18.62,14.06,2.99,,,,,22.49,6.02,41.22,10.49,14.33,,3.4,12.67,19.9,16.37,8.46,,2.08,,,21.59,8.46,14.47,1.96,13.56,
1/4/2019,10.16,,41.8,7.83,,,2.36,14.37,18.62,14.06,2.98,,,,,22.5,5.96,41.1,10.48,14.34,,3.41,12.67,19.89,16.35,8.45,,2.08,,,21.59,8.45,14.49,1.86,13.55,
2/4/2019,10.17,,41.85,7.83,,,2.55,14.41,18.69,14.1,2.98,,,,,22.48,6.01,41.72,10.53,14.34,,3.4,12.7,19.9,16.4,8.45,,2.08,,,21.6,8.45,14.54,1.99,13.53,
3/4/2019,10.17,,41.85,7.81,,,2.41,14.38,18.75,14.12,2.99,,,,,22.47,6,41.95,10.51,14.35,,3.39,12.71,19.89,16.32,8.44,,2.08,,,21.58,8.45,14.57,1.8,13.51,
4/4/2019,10.15,,41.67,7.77,,,2.23,14.26,14.49,14.06,2.91,,,,,22.43,5.89,41.9,10.47,14.35,,3.36,12.69,19.87,16.29,8.4,,2.08,,,21.55,8.44,14.58,1.93,13.44,
5/4/2019,10.15,,41.73,7.77,,,2.12,14.25,18.32,14.08,2.82,,,,,22.45,5.91,41.79,10.46,14.32,,3.37,12.67,19.87,16.3,8.38,,2.08,,,21.56,8.44,14.6,1.84,13.44,
6/4/2019,10.17,,41.79,7.78,,,2.09,14.38,18.81,14.07,2.79,,,,,22.48,5.97,41.74,10.47,14.28,,3.4,12.65,19.88,16.36,8.4,,2.08,,,21.59,8.43,14.66,1.77,13.44,
7/4/2019,10.17,,41.62,7.79,,,2.13,14.41,18.87,14.02,2.82,,,,,22.47,5.97,41.21,10.46,14.27,,3.39,12.59,19.87,16.28,8.4,,2.08,,,21.59,8.4,14.69,1.75,13.44,
8/4/2019,10.17,,41.58,7.78,,,2.18,14.43,18.91,14.01,2.81,,,,,22.48,5.97,41.14,10.47,14.26,,3.4,12.57,19.87,16.29,8.4,,2.08,,,21.6,8.37,14.74,1.71,13.43,
9/4/2019,10.17,,41.56,7.77,,,2.21,14.44,15.52,14.04,2.97,,,,,22.46,5.97,41.78,10.49,14.26,,3.37,12.56,19.87,16.33,8.4,,2.08,,,21.6,8.32,14.77,1.75,13.42,
10/4/2019,10.17,,41.54,7.77,,,2.47,14.5,18.81,14.05,2.97,,,,,22.47,5.97,41.92,10.49,14.26,,3.37,12.52,19.87,16.3,8.4,,2.08,,,21.59,8.28,14.8,1.75,13.42,
11/4/2019,10.17,,41.71,7.81,,,2.44,14.62,19.06,14.1,2.93,,,,,22.48,5.96,41.87,10.5,14.25,,3.35,12.5,19.88,16.29,8.41,,2.08,,,21.6,8.26,14.84,1.71,13.45,
12/4/2019,10.18,,42.05,7.83,,,2.35,14.73,19.12,14.12,2.9,,,,,22.49,5.97,41.76,10.49,14.24,,3.34,12.45,19.96,16.3,8.41,,2.08,,,21.61,8.21,14.89,1.73,13.45,
13/4/2019,10.18,,42.07,7.81,,,2.29,14.82,19.14,14.15,2.88,,,,,22.51,5.97,41.53,10.47,14.22,,3.33,12.42,19.9,16.32,8.41,,2.08,,,21.61,8.14,14.93,1.8,13.44,
14/4/2019,10.18,,42.36,7.79,,,2.17,14.89,19.08,14.13,2.86,,,,,22.49,5.97,41.03,10.45,14.21,,3.35,12.35,19.88,16.28,8.41,,2.08,,,21.6,8.09,14.95,1.79,13.42,
15/4/2019,10.19,,42.47,7.8,,,2.25,14.96,19.08,14.16,2.81,,,,,22.5,5.97,40.93,10.44,14.21,,3.42,12.33,19.88,16.28,8.41,,2.08,,,21.63,8.01,14.99,1.75,13.43,
16/4/2019,10.19,,42.49,7.79,,,2.32,15.02,19.35,14.22,2.84,,,,,22.5,5.98,41.54,10.45,14.2,,3.42,12.3,19.87,16.28,8.42,,2.08,,,21.62,7.95,15.04,1.72,13.41,
17/4/2019,10.19,,42.22,7.83,,,2.32,15.07,19.47,14.25,2.98,,,,,22.5,5.98,41.76,10.45,14.19,,3.42,12.26,19.88,16.33,8.42,,2.09,,,21.62,7.9,15.08,1.77,13.41,
18/4/2019,10.2,,42.07,7.92,,,2.4,15.14,19.56,14.3,2.99,,,,,22.52,5.99,41.79,10.5,14.18,,3.45,12.24,19.89,16.45,8.44,,2.09,,,21.62,7.86,15.13,2.08,13.43,
19/4/2019,10.21,,41.89,7.96,,,3.55,15.19,19.63,14.5,2.97,,,,,22.52,6,41.65,10.52,14.18,,3.46,12.23,19.91,16.44,8.44,,2.09,,,21.64,7.84,15.18,2,13.43,
20/4/2019,10.22,,41.85,7.98,,,3.7,15.15,19.64,14.47,2.96,,,,,22.5,6,41.33,10.53,14.16,,3.45,12.18,19.91,16.53,8.45,,2.09,,,21.63,7.82,15.22,1.98,13.42,
21/4/2019,10.22,,41.64,8.01,,,3.73,15.13,19.65,14.21,2.96,,,,,22.46,5.99,40.81,10.49,14.13,,3.44,12.12,19.89,16.45,8.44,,2.09,,,21.6,7.81,15.25,1.99,13.41,
22/4/2019,10.2,,41.28,8.01,,,3.6,15.19,19.63,14.07,2.95,,,,,22.41,5.97,40.76,10.47,14.11,,3.41,12.04,19.87,16.37,8.42,,2.09,,,21.57,7.8,15.26,1.88,13.37,
23/4/2019,10.19,,41.24,7.96,,,3.37,15.12,19.6,14.2,2.92,,,,,22.39,5.95,40.73,10.45,14.09,,3.4,11.97,19.84,16.44,8.41,,2.09,,,21.55,7.8,15.26,1.69,13.36,
24/4/2019,10.2,,41.34,7.93,,,3.41,15.09,19.67,14.41,2.89,,,,,22.42,5.95,41.3,10.44,14.03,,3.41,11.95,19.85,16.42,8.42,,2.09,,,21.58,7.82,15.31,1.78,13.38,
25/4/2019,10.21,,41.64,7.93,,,3.39,15.07,19.72,14.55,2.92,,,,,22.45,5.96,40.97,10.42,13.9,,3.42,11.92,19.85,16.41,8.43,,2.09,,,21.61,7.82,15.35,1.92,13.39,
26/4/2019,10.2,,41.49,7.96,,,2.82,15.06,19.69,14.54,2.93,,,,,22.43,5.96,40.9,10.41,13.8,,3.42,11.84,19.83,16.37,8.43,,2.09,,,21.58,7.82,15.38,1.9,13.39,
27/4/2019,10.2,,41.91,7.93,,,2.64,15.06,19.72,14.58,2.94,,,,,22.44,5.96,41.08,10.41,13.69,,3.41,11.82,19.83,16.36,8.43,,2.09,,,21.59,7.83,15.41,1.85,13.38,
28/4/2019,10.19,,42.08,7.93,,,2.47,15.05,19.72,14.56,2.94,,,,,22.43,5.95,40.98,10.4,13.61,,3.41,11.76,19.82,16.34,8.42,,2.09,,,21.58,7.83,15.44,1.87,13.36,
29/4/2019,10.19,,42.17,7.93,,,2.31,15.05,19.73,14.56,2.93,,,,,22.44,5.95,40.89,10.42,13.56,,3.41,11.73,19.82,16.39,8.42,,2.09,,,21.58,7.85,15.46,1.79,13.36,
30/4/2019,10.18,,42.06,7.93,,,2.39,15.05,19.77,14.59,2.92,,,,,22.42,5.94,41.31,10.43,13.53,,3.4,,,16.34,8.42,,2.09,,,21.57,7.87,15.49,1.88,13.35,
1/5/2019,10.18,,41.77,7.97,,,2.6,15.05,19.78,14.62,2.92,,,,,22.43,5.94,41.15,10.43,13.51,,3.41,,,16.33,8.42,,2.09,,,21.57,7.88,15.52,1.93,13.35,
2/5/2019,10.18,,41.71,7.97,,,2.62,15.06,19.8,14.67,2.93,,,,,22.43,5.94,40.95,10.42,13.48,,3.41,,,16.36,8.42,,2.09,,,21.57,7.9,15.55,2.02,13.34,
3/5/2019,10.18,,41.64,7.93,,,2.42,15.03,19.82,14.69,2.93,,,,,22.43,5.93,41.2,10.43,13.47,,3.4,,,16.35,8.42,,2.09,,,21.56,7.91,15.56,1.84,13.33,
4/5/2019,10.16,,41.53,7.9,,,2.01,15.04,19.79,14.69,2.91,,,,,22.39,5.91,41.16,10.41,13.44,,3.39,,,16.32,8.4,,2.09,,,21.52,7.93,15.58,1.98,13.3,
5/5/2019,10.15,,41.47,7.86,,,1.7,14.88,16.44,14.62,2.87,,,,,22.38,5.85,40.87,10.36,13.36,,3.38,,,16.33,8.38,,2.02,,,21.51,7.88,15.58,1.88,13.29,
6/5/2019,10.15,,42.17,7.89,,,1.79,14.82,16.96,14.62,2.82,,,,,22.42,5.83,40.7,10.34,13.31,,3.39,,,16.34,8.36,,1.99,,,21.56,7.52,15.63,1.7,13.3,
7/5/2019,10.16,,42.27,7.9,,,,14.97,15.56,14.48,2.8,,,,,22.43,5.92,41.22,10.35,13.26,,3.4,,,16.32,8.38,,2.09,,,21.56,7.11,15.66,1.7,13.31,
8/5/2019,10.15,,42.15,7.85,,,,14.88,15.49,13.9,2.78,,,,,22.37,5.9,41.41,10.32,13.19,,3.38,,,16.34,8.4,,2.09,,,21.51,6.93,15.64,1.49,13.31,
9/5/2019,10.14,,,7.81,,,,14.76,15.2,13.77,2.75,,,,,22.35,5.88,41.35,10.29,13.15,,3.37,,,16.26,8.57,,2.09,,,21.47,6.9,15.62,1.38,13.33,10.62
10/5/2019,10.14,,,7.8,,,,14.69,15.07,13.74,2.75,,,,,22.25,5.88,41.26,10.29,13.14,,3.38,,,16.27,7.92,,2.09,,,21.47,6.9,15.64,1.4,13.36,10.41
11/5/2019,10.15,,,7.79,,,,14.61,14.87,13.67,2.73,,,,,22.38,5.83,41.18,10.31,13.12,,3.39,,,16.3,3.29,,2.09,,,21.44,6.92,15.63,1.43,13.37,10.1
12/5/2019,10.11,,,7.74,,,,14.44,14.61,13.53,2.62,,,,,22.37,5.85,40.62,10.29,13.11,,3.39,,,16.26,7.47,,2.08,,,21.44,6.94,15.62,1.28,13.31,9.97
13/5/2019,10.1,,,7.68,,,,14.03,13.27,13.44,2.58,,,,,22.37,5.84,40.45,10.29,13.12,,3.38,,,16.23,8.26,,2.07,,,21.43,6.76,15.49,1.16,13.3,9.75
14/5/2019,10.12,,,7.73,,,,14.1,13.07,13.35,2.58,,,,,22.35,5.85,41.01,10.28,13.12,,3.37,,,16.3,8.27,,2.09,,,21.4,6.56,15.38,1.09,13.28,9.53
15/5/2019,10.11,,,7.71,,,,14.1,12.94,13.23,2.59,,,,,22.33,5.83,41.19,10.28,13.13,,3.36,,,16.24,8.34,,2.09,,,21.36,6.5,15.24,1.15,13.23,9.45
16/5/2019,10.1,,,7.7,,,,13.47,12.47,13.13,2.6,,,,,22.31,5.81,41.25,10.28,13.13,,3.35,,,16.25,8.35,,2.09,,,21.32,6.5,15.06,1.13,13.2,9.26
17/5/2019,10.1,,,7.69,,,,12.91,12.25,13.09,2.61,,,,,22.3,5.8,41.09,10.29,13.13,,3.34,,,16.2,8.36,,2.09,,,21.28,6.54,14.87,1.16,13.17,9.06
18/5/2019,10.07,,,7.66,,,,12.56,12.05,13.03,2.61,,,,,22.24,5.78,40.88,10.22,13.14,,3.32,,,16.17,8.32,,2.09,,,21.24,6.59,14.68,1.16,13.13,8.84
19/5/2019,10.06,,,7.64,,,,12.32,11.86,12.92,2.59,,,,,22.25,5.74,40.46,10.11,13.09,,3.28,,,16.13,8.3,,2.09,,,21.19,6.36,14.49,1.13,13.09,8.74
20/5/2019,10.06,,42.91,7.64,,,,12.15,11.72,12.89,2.56,,,,,22.23,5.73,40.25,10.06,13.07,,3.27,,,16.12,8.3,,2.09,,,21.15,6.17,14.35,1.16,13.09,8.62
21/5/2019,10.06,,42.77,7.65,,,,12.01,11.66,12.88,2.55,,,,,22.23,5.68,40.51,10.05,13.05,,3.26,,,16.08,8.33,,2.1,,,21.1,6.13,14.22,1.23,13.07,8.47
22/5/2019,10.05,,42.42,7.66,,,,11.88,11.56,12.91,2.53,,,,,22.24,5.68,40.81,10.05,13.05,,3.25,,,16.14,8.33,,2.1,,,21.03,6.14,14.1,1.25,13.06,8.3
23/5/2019,10.04,,42.2,7.66,,,,11.76,11.44,12.88,2.5,,,,,22.23,5.71,40.53,10.05,13.04,,3.23,,,16.08,8.34,,2.1,,,20.95,6.18,13.98,1.23,13.04,8.12
24/5/2019,10.03,,42.4,7.66,,,3.45,11.66,11.38,12.82,2.49,,,,,22.42,5.78,40.44,10.09,13.03,,3.21,,,16.05,8.34,,2.1,,,20.88,6.25,13.86,1.23,13.02,7.95
25/5/2019,10.03,,42.03,7.66,,,3.43,11.57,11.28,12.76,2.5,,,,,22.4,5.76,40.28,10,13.02,,3.19,,,16.06,8.35,,2.1,,,20.85,6.34,13.76,1.22,13,7.72
26/5/2019,10.01,,41.91,7.66,,,3.8,11.47,11.11,12.66,2.49,,,,,22.35,5.74,39.63,9.83,13.01,,3.17,,,16.02,8.34,,2.1,,,20.77,6.43,13.64,1.18,12.96,7.57
27/5/2019,9.99,,42.12,7.63,,,4.15,11.36,10.99,12.59,2.49,,,,,22.32,5.72,39.49,9.72,12.98,,3.13,,,15.98,8.3,,2.1,,,20.71,6.49,13.5,1.15,12.93,7.29
28/5/2019,9.98,,42.7,7.62,,,4.11,11.29,10.96,12.58,2.48,,,,,22.29,5.7,39.79,9.62,12.94,,3.12,,,15.92,8.3,,2.1,,,20.65,6.34,13.4,1.08,12.9,7.19
29/5/2019,9.98,,42.76,7.63,,,3.63,11.23,11.03,12.61,2.05,,,,,22.31,5.64,39.97,9.47,12.88,,3.11,,,15.94,8.31,,2.1,,,20.64,6.2,13.36,1,12.9,7.22
30/5/2019,9.98,,42.78,7.64,,,3.63,11.18,11.01,12.63,2.07,,,,,22.32,5.69,39.93,9.38,12.84,,3.12,,,15.95,8.31,,2.1,,,20.6,6.12,13.3,1.04,12.9,7.36
31/5/2019,9.98,,42.4,7.66,,,3.6,11.12,10.97,12.92,2.14,,,,,22.29,5.67,39.97,9.34,12.8,,3.09,,,15.92,8.32,,2.1,,,20.51,6.1,13.2,1.05,12.88,7.37
1/6/2019,9.98,,42.57,7.66,,,3.72,11.06,10.88,13,2.19,,,,,22.26,5.66,39.66,9.3,12.77,,3.07,,,15.99,8.33,,2.1,,,20.41,6.11,13.09,1.18,12.85,7.32
2/6/2019,9.97,,42.2,7.65,,,4,11.01,10.77,12.94,2.24,,,,,22.24,5.64,39.23,9.28,12.75,,3.04,,,15.89,8.33,,2.1,,,20.33,6.17,13.01,1.2,12.83,7.26
3/6/2019,9.97,,42.06,7.64,,,4.42,10.96,10.7,12.94,2.3,,,,,22.21,5.63,39.1,9.29,12.74,,3.02,,,15.85,8.32,,2.1,,,20.25,6.25,12.91,1.21,12.81,7.19
4/6/2019,9.97,,42.02,7.64,,,4.57,10.91,10.74,12.98,2.35,,,,,22.21,5.62,39.71,9.34,12.74,,3,,,15.84,8.32,,2.1,,,20.2,6.34,12.83,1.16,12.78,7.11
5/6/2019,9.97,,41.91,7.64,,,4.62,10.87,10.68,12.98,2.38,,,,,22.2,5.61,39.95,9.33,12.74,,2.98,,,15.84,8.32,,2.1,,,20.2,6.44,12.77,1.23,12.77,7.11
6/6/2019,9.98,,41.95,7.67,,,4.63,10.84,10.66,13.01,2.41,,,,,22.21,5.61,40.02,9.36,12.75,,2.99,,,15.87,8.33,,2.1,,,20.18,6.56,12.73,1.26,12.78,7.09
7/6/2019,9.99,,42.06,7.75,,,4.55,10.82,10.69,13.05,2.43,,,,,22.24,5.62,39.96,9.44,12.77,,2.99,,,15.86,8.36,,2.1,,,20.14,6.68,12.71,1.25,12.76,7.07
8/6/2019,10,,42.06,7.83,,,4.73,10.81,10.64,13.07,2.46,,,,,22.25,5.63,40.01,9.48,12.79,,2.99,,,15.84,8.38,,2.1,,,20.11,6.79,12.69,1.26,12.77,7.03
9/6/2019,10.01,,41.9,7.91,,,4.52,10.9,10.54,12.97,2.48,,,,,22.2,5.64,40.02,9.48,12.81,,2.96,,,15.9,8.39,,2.1,,,20.06,6.9,12.61,1.34,12.78,6.96
10/6/2019,10.02,,42.01,7.96,,,3.79,10.81,10.5,12.91,2.48,,,,,22.17,5.63,39.97,9.46,12.81,,2.94,,,15.89,8.38,,2.1,,,19.99,6.97,12.53,1.36,12.75,6.92
11/6/2019,10.02,,42.23,7.97,,,4.02,10.75,10.53,12.93,2.49,,,,,22.16,5.63,,9.52,12.82,,2.93,,,15.84,8.38,,2.1,,,19.96,7.03,12.49,1.39,12.74,6.91
12/6/2019,10.03,,42.36,8.02,,,5.66,10.73,10.51,13.49,2.51,,,,,22.15,5.59,,9.55,12.83,,2.94,,,15.83,8.39,,2.1,,,19.94,7.09,12.48,1.52,12.76,6.93
13/6/2019,10.05,,42.22,8.06,,,5.46,10.72,10.51,13.63,2.54,,,,,22.19,5.63,,9.66,12.84,,2.95,,,15.89,8.39,,2.1,,,19.94,7.16,12.48,1.51,12.78,6.93
14/6/2019,10.07,,42.74,8.07,,,4.79,10.71,10.48,13.75,2.55,,,,,22.19,5.65,,9.8,12.85,,2.95,,,15.89,8.39,,2.1,,,19.99,7.22,12.47,1.42,12.8,6.9
15/6/2019,10.07,,42.47,8.08,,,4.39,10.8,10.47,13.75,2.55,,,,,22.19,5.66,,9.79,12.85,,2.94,,,15.82,8.43,,2.1,,,19.95,7.27,12.44,1.54,12.79,6.9
16/6/2019,10.07,,42.22,8.15,,,4.33,10.81,10.36,13.72,2.52,,,,,22.18,5.66,,9.87,12.87,,2.95,,,15.87,8.43,,2.1,,,19.96,7.32,12.42,1.66,12.81,6.9
17/6/2019,10.08,,42.28,8.27,,,4.4,10.76,10.35,13.71,2.53,,,,,22.19,5.67,,9.83,12.86,,2.95,,,15.87,8.44,,2.1,,,19.92,7.37,12.42,1.68,12.83,6.86
18/6/2019,10.1,,42.36,8.33,,,4.02,10.73,10.34,13.78,2.51,,,,,22.2,5.68,,10.06,12.87,,2.96,,,15.89,8.46,,2.1,,,19.93,7.42,12.42,1.77,12.83,6.83
19/6/2019,10.16,,42.28,8.35,,,4.06,10.72,10.37,13.89,2.51,,,,,22.2,5.69,,11.09,12.9,,2.96,,,15.86,8.47,,2.1,,,19.94,7.46,12.41,1.67,12.85,6.82
20/6/2019,10.16,,42.41,8.45,,,4.51,10.71,10.4,13.93,2.52,,,,,22.21,5.7,,11.29,12.92,,2.97,,,15.84,8.47,,2.1,,,19.99,7.51,12.4,1.68,12.86,6.82
21/6/2019,10.19,,42.44,8.56,,12.62,21.28,10.69,10.37,14.02,2.54,,,,,22.24,5.71,,12.29,12.97,,2.99,,,15.93,8.52,,2.1,,,20.01,7.56,12.42,1.73,12.87,6.78
22/6/2019,10.2,,42.46,8.63,,11.94,,10.62,10.32,13.99,2.53,,,,,22.21,5.72,,11.21,13.02,,2.99,,,15.92,8.51,,2.1,,,19.93,7.62,12.44,1.71,12.88,6.74
23/6/2019,10.19,,42.27,8.67,,11.49,,10.59,10.23,13.88,2.54,,,,,22.22,5.73,,10.88,13.04,,2.98,,,15.85,8.51,,2.1,,,19.9,7.66,12.41,1.62,12.88,6.78
24/6/2019,10.18,,42.33,8.66,,11.43,,10.56,10.27,13.9,2.55,,,,,22.23,5.74,,10.85,13.06,,2.98,,,15.82,8.52,,2.1,,,19.88,7.7,12.4,1.54,12.91,6.79
25/6/2019,10.18,,42.42,8.65,,12.07,,10.55,10.28,14,2.58,,,,,22.25,5.76,,11.75,13.11,,3,,,15.88,8.54,,2.1,,,19.87,7.74,12.4,1.63,12.94,6.8
26/6/2019,10.21,,42.5,8.65,,12.37,,10.55,10.31,14.15,2.59,,,,,22.01,5.78,,14.74,13.16,,3.01,,,15.82,8.55,,2.11,,,19.86,7.78,12.39,1.66,12.95,6.82
27/6/2019,10.22,,42.47,8.68,22.49,12.65,,10.54,10.33,14.07,2.59,,,,,22.27,5.79,,15.32,13.2,,3.01,,,15.88,8.59,,2.11,,,19.83,7.81,12.38,1.66,12.96,6.91
28/6/2019,10.26,,42.72,8.71,22.45,12.63,,10.57,10.31,14.05,2.57,,,,,22.27,5.79,,15.84,13.24,,3.02,,,15.85,8.58,,2.11,,,19.83,7.84,12.38,1.71,12.96,7.08
29/6/2019,10.29,,42.87,8.77,22.3,12.64,,10.69,10.31,13.84,2.6,,,,,22.32,5.8,,15.73,13.3,,3.04,,,15.97,8.6,,2.11,,,19.86,7.88,,1.86,12.99,7.21
30/6/2019,10.3,,42.65,8.87,22.08,12.26,,10.68,10.27,13.8,2.61,,,,,22.28,5.82,,15.48,13.36,,3.06,,,15.99,8.67,,2.11,,,19.83,7.91,,1.82,13.02,7.28
1/7/2019,10.29,,42.81,8.96,22.17,12.16,,10.64,10.25,13.81,2.62,,,,,22.27,5.83,,14.12,13.4,,3.06,,,15.88,8.67,,2.11,,,19.81,7.94,,1.82,13.03,7.31
2/7/2019,10.32,,42.95,9,22.22,12.88,,10.63,10.29,13.72,2.62,,,,,22.24,5.84,,12.47,13.43,,3.03,,,15.81,8.7,,2.11,,,19.75,7.97,,1.87,13.05,7.35
3/7/2019,10.35,,42.98,9.03,22.23,13.16,,10.71,10.27,13.81,2.28,,,,,22.26,5.85,,12.26,13.46,,3.03,,,15.79,8.74,,1.89,,,19.73,8,,1.9,13.06,7.42
4/7/2019,10.38,,43.1,9.1,22.34,13.17,,10.73,10.25,13.8,2.28,,,,,21.92,5.85,,12.53,13.49,,3.05,,,15.74,8.74,,2.11,,,,8.02,,,,7.45
5/7/2019,10.36,,42.91,9.11,22.38,13.09,,10.68,10.24,13.8,2.46,,,,,22.4,5.86,,14.66,13.49,,3.05,,,15.72,8.74,,2.11,,,,8.05,,,,7.47
6/7/2019,10.35,,42.92,9.11,22.35,12.9,,10.68,10.19,13.79,2.48,,,,,22.36,5.86,,15.63,13.51,,3.06,,,15.74,8.75,,2.11,,,,8.08,,,,7.49
7/7/2019,10.34,,42.88,9.18,22.14,12.52,,10.79,10.17,13.77,2.49,,,,,22.33,5.86,,16.14,13.54,,3.06,,,15.7,8.78,,2.11,,,,8.11,,,,7.52
8/7/2019,10.34,,43.12,9.23,22.11,12.49,,10.75,10.12,13.64,2.51,,,,,22.34,5.87,,16.37,13.58,,3.07,,,15.71,8.8,,2.11,,,19.66,8.13,,2.23,13.14,7.53
9/7/2019,10.34,,43.22,9.2,22.28,12.99,,10.71,10.17,13.75,2.53,,,,,22.01,5.88,,14.88,13.62,,3.05,,,15.74,8.82,,2.11,,,19.66,8.14,,1.94,13.15,7.45
10/7/2019,10.32,,43.42,9.12,22.35,12.94,,10.7,15.66,13.76,2.54,,,,,22.27,5.88,,14.31,13.64,,3.04,,,15.73,8.8,,2.11,,,19.64,8.15,,1.82,13.15,7.51
11/7/2019,10.31,,43.79,9.02,22.36,12.87,,10.72,16.52,13.77,2.6,,,,,22.27,5.89,,15.04,13.66,,3.05,,,15.71,8.8,,2.11,,,19.64,8.16,,1.68,13.17,7.63
12/7/2019,10.29,,43.53,8.99,22.25,12.92,,10.75,16.68,13.76,2.62,,,,,22.22,5.9,,15.6,13.68,,3.04,,,15.72,8.8,,2.11,,,19.6,8.17,,1.84,13.18,7.63
13/7/2019,10.28,,43.41,8.98,22.1,12.85,,10.81,16.5,13.72,2.63,,,,,22.19,5.9,,15.93,13.72,,3.04,,,15.69,8.8,,2.11,,,19.58,8.19,,1.84,13.18,7.66
14/7/2019,10.27,,43.19,9.02,21.97,12.44,,11.02,16.45,13.71,2.65,,,,,22.11,5.91,,16.69,13.77,,3.07,,,15.69,8.8,,2.11,,,19.57,8.22,,1.87,13.19,7.58
15/7/2019,10.26,,43.14,9.1,21.83,12.46,,11,16.45,13.6,2.61,,,,,22.1,5.89,,13.55,13.75,,3.04,,,15.65,8.76,,2.11,,,19.55,8.23,,1.9,13.2,7.58
16/7/2019,10.26,,43.1,9.01,21.93,12.99,,11.02,12.87,13.61,2.59,,,,,22.12,5.92,,12.67,13.71,,3.03,,,15.63,8.77,,2.11,,,19.56,8.24,,1.78,13.21,7.45
17/7/2019,10.27,,43.25,8.97,22.05,12.97,,11.02,16.43,13.69,2.66,,,,,22.13,5.92,,12.27,13.68,,3.02,,,15.61,8.77,,2.11,,,19.57,8.24,,1.91,13.22,7.34
18/7/2019,10.33,,43.1,8.98,22.14,13.11,,11.03,16.56,13.71,2.67,,,,,22.15,5.92,,11.99,13.67,,3.02,,,15.61,8.77,,2.11,,,19.65,8.26,,1.98,13.22,7.27
19/7/2019,10.37,,43.24,9.06,22.23,13.31,,11.07,16.63,13.78,2.69,,,,,22.19,5.93,,11.93,13.69,,3.04,,,15.6,8.78,,2.11,,,19.7,8.27,13.12,1.96,13.24,7.19
20/7/2019,10.4,,43.59,9.1,22.21,12.89,,11.11,16.7,13.79,2.7,,,,,22.19,5.95,,11.87,13.72,,3.06,,,15.66,8.79,,2.11,,,19.69,8.28,13.14,2.03,13.26,7.11
21/7/2019,10.39,,43.63,9.21,22.08,12.71,,11.25,16.72,13.81,2.72,,,,,22.2,5.96,,11.74,13.77,,3.07,,,15.69,8.82,,2.11,,,19.69,8.28,13.21,2.12,13.27,7.09
22/7/2019,10.39,,43.81,9.38,22,12.7,,11.31,16.71,13.76,2.74,,,,,22.24,5.97,,11.77,13.83,,3.09,,,15.73,8.83,,2.11,,,19.67,8.31,13.28,2.15,13.3,7.01
23/7/2019,10.39,,43.78,9.45,22.13,13.53,,11.34,16.75,13.78,2.75,,,,,22.3,5.98,,13.93,13.88,,3.09,,,15.82,8.86,,2.11,,,19.68,8.33,13.35,2.38,13.32,6.98
24/7/2019,10.43,,43.88,9.55,22.25,13.8,,11.38,13.45,13.82,2.74,,,,,22.35,5.99,,15.43,13.93,,3.1,,,15.81,8.86,,2.11,,,19.7,8.33,13.4,2.36,13.32,7.03
25/7/2019,10.45,,44.11,9.64,22.25,14.22,,11.42,16.56,13.83,2.74,,,,,22.37,6,,16.1,13.97,,3.12,,,15.83,8.86,,2.11,,,19.66,8.35,13.48,2.32,13.35,7.11
26/7/2019,10.45,,44.45,9.62,22.34,14.41,,11.42,16.33,13.86,2.73,,,,,22.42,5.99,,15.6,14,,3.13,,,15.86,8.89,,2.11,,,19.64,8.36,13.54,2.31,13.35,7.08
27/7/2019,10.35,,44.23,9.62,,13.72,,11.48,16.31,13.81,2.74,,,,,22.33,5.99,,13.45,13.99,,3.11,,,15.8,8.88,,2.07,,,19.56,8.38,13.6,2.39,13.35,6.97
28/7/2019,10.43,,44.09,9.55,,12.97,,11.43,16.37,13.68,2.75,,,,,22.24,5.96,,12.57,13.94,,3.09,,,15.76,8.89,,2.09,,,19.52,8.38,13.62,2.23,13.33,7.02
29/7/2019,10.42,,44.29,9.48,,12.93,,11.42,16.36,13.64,2.78,,,,,22.26,5.97,,12.28,13.92,,3.09,,,15.78,8.89,,2.11,,,19.53,8.38,13.67,2.14,13.36,7.18
30/7/2019,10.41,,44.3,9.46,,13.39,,11.42,16.44,13.73,2.81,,,,,22.34,5.97,,12.53,13.92,,3.09,,,15.78,8.89,,2.11,,,19.55,8.39,13.75,2.17,13.4,7.21
31/7/2019,10.43,,44.21,9.49,,13.75,,11.49,16.44,13.78,2.82,,,,,22.31,5.98,,14.82,13.92,,3.1,,,15.81,8.94,,2.12,,,19.53,8.41,13.81,2.24,13.41,7.24
1/8/2019,10.44,,44.25,9.54,,13.92,,11.5,16.42,13.83,2.82,,,,,22.29,5.99,,14.81,13.93,,3.09,,,15.91,8.94,,2.12,,,19.53,8.43,13.88,2.19,13.43,7.17
2/8/2019,10.44,,44.27,9.56,,14.02,,11.53,16.52,13.82,2.81,,,,,22.27,5.99,,13.97,13.95,,3.08,,,15.87,8.94,,2.11,,,19.5,8.44,13.94,2.21,13.44,7.16
3/8/2019,10.45,,44.34,9.57,,13.31,,11.53,16.56,13.77,2.81,,,,,22.31,6,,13.29,14,,3.07,,,15.85,8.94,,2.12,,,19.53,8.45,14,2.2,13.45,7.24
4/8/2019,10.48,,44.32,9.6,,12.79,,11.56,16.54,13.73,2.84,,,,,22.27,6,,12.69,14.03,,3.07,,,15.83,8.94,,2.12,,,19.51,8.47,14.07,2.25,13.48,7.26
5/8/2019,10.47,,44.42,9.68,,12.72,,11.57,16.53,13.7,2.86,,,,,22.29,6.01,,12.31,14.06,,3.06,,,15.82,8.94,,2.12,,,19.5,8.48,14.14,2.22,13.49,7.18
6/8/2019,10.46,,44.56,9.71,,12.7,,11.65,16.55,13.78,2.87,,,,,21.38,6.02,,12.15,14.09,,3.05,,,15.82,8.96,,2.12,,,19.49,8.51,14.2,2.28,13.5,7.03
7/8/2019,10.46,,44.3,9.8,,12.69,,11.67,16.57,13.83,2.87,,,,,22.35,6.02,,12.01,14.11,,3.05,,,15.81,8.96,,2.12,,,19.48,8.52,14.26,2.3,13.51,6.96
8/8/2019,10.46,,44.44,9.87,,12.63,,11.7,16.61,13.85,2.88,,,,,21.99,6.02,,11.98,14.14,,3.06,,,15.8,8.96,,2.12,,,19.48,8.52,14.32,2.29,13.52,6.95
9/8/2019,10.47,,44.51,9.94,,12.76,,11.73,16.64,14.3,2.9,,,,,22.35,6.03,,12.02,14.16,,3.07,,,15.87,8.99,,2.12,,,19.51,8.53,14.42,2.37,13.55,7.04
10/8/2019,10.47,,44.35,10.03,,12.87,,11.79,16.65,14.41,2.91,,,,,22.39,6.04,,11.89,14.2,,3.08,,,15.87,8.99,,2.12,,,19.53,8.53,14.49,2.54,13.57,7.13
11/8/2019,10.47,,44.22,10.17,,12.98,,11.8,16.65,14.34,2.92,,,,,22.36,6.05,,11.8,14.23,,3.1,,,15.88,8.99,,2.12,,,19.56,8.53,14.57,2.63,13.58,7
12/8/2019,10.48,,44.39,10.24,,12.94,,11.84,16.65,14.31,2.93,,,,,22.34,6.06,,11.72,14.26,,3.1,,,15.82,9,,2.12,,,19.57,8.56,14.64,2.49,13.6,6.91
13/8/2019,10.53,,44.16,10.25,,13.04,,11.86,16.67,14.39,2.93,,,,,22.36,5.99,,11.69,14.3,,3.12,,,15.82,9.02,,2.12,,,19.59,8.55,14.72,2.83,13.62,6.91
14/8/2019,10.58,,44.38,10.25,,13.13,,11.88,16.67,14.41,2.93,,,,,22.41,6.06,,11.67,14.33,,3.13,,,15.83,9.03,,2.12,,,19.57,8.55,14.79,2.71,13.65,6.88
15/8/2019,10.58,,44.49,10.14,,12.76,,11.9,16.68,14.39,2.95,,,,,22.34,6.08,,11.6,14.36,,3.16,,,15.89,9.02,,2.12,,,19.6,8.57,14.88,2.62,13.73,6.88
16/8/2019,10.56,,44.41,10.04,,12.72,,11.91,16.67,14.4,2.96,,,,,22.34,6.08,,11.55,14.38,,3.17,,,15.87,9.02,,2.12,,,19.61,8.57,14.94,2.79,13.78,6.87
17/8/2019,10.54,,44.44,10.01,,12.82,,11.96,16.69,14.47,2.96,,,,,22.36,6.09,,11.55,14.43,,3.18,,,15.9,9.02,,2.12,,,19.61,8.58,15.03,2.82,13.83,6.86
18/8/2019,10.53,,44.49,9.99,,12.7,,11.96,16.69,14.37,2.96,,,,,22.36,6.1,,11.49,14.45,,3.19,,,15.92,9.05,,2.12,,,19.61,8.58,15.12,2.74,13.87,6.86
19/8/2019,10.53,,44.57,9.95,,12.66,,11.98,16.68,14.36,2.96,,,,,22.34,6.11,,11.47,14.48,,3.21,,,15.94,9.05,,2.12,,,19.65,8.61,15.19,2.76,13.91,6.88
20/8/2019,10.54,,44.74,9.93,,12.69,,12,16.72,14.42,2.96,,,,,22.4,6.12,,12.66,14.51,,3.23,,,15.97,9.06,,2.12,,,19.62,8.63,15.28,2.77,13.95,6.88
21/8/2019,10.59,,44.8,9.91,,12.85,,12.05,16.74,14.52,2.97,,,,,22.49,6.12,,12.15,14.54,,3.25,,,15.97,9.1,,2.12,,,19.61,8.64,15.36,2.87,13.99,7.04
22/8/2019,10.57,,44.58,9.87,,12.84,,12.06,16.76,14.54,2.98,,,,,22.47,6.14,,12.03,14.59,,3.28,,,15.98,9.09,,2.12,,,19.61,8.65,15.45,2.99,14.04,7.14
23/8/2019,10.55,,44.53,9.79,,12.77,,12.06,13.44,14.52,2.99,,,,,22.43,6.15,,11.76,14.62,,3.29,,,15.97,9.08,,2.12,,,19.58,8.63,15.55,2.82,14.07,7.3
24/8/2019,10.53,,44.57,9.75,,12.76,,12.06,16.75,14.53,2.96,,,,,22.37,6.05,,11.63,14.64,,3.3,,,15.95,9.08,,2.12,,,19.55,8.62,15.62,2.66,14.11,7.43
25/8/2019,10.52,,44.51,9.69,,12.74,,12.09,16.82,14.48,2.96,,,,,22.15,6.07,,11.56,14.66,,3.3,,,15.94,9.1,,2.12,,,19.54,8.63,15.69,2.75,14.15,7.52
26/8/2019,10.51,,44.51,9.59,,12.69,,12.09,16.83,14.47,2.99,,,,,22.27,6.14,,11.54,14.68,,3.31,,,15.94,9.1,,2.12,,,19.52,8.65,15.76,2.78,14.19,7.55
27/8/2019,10.51,,44.51,9.48,,13.81,,12.12,16.88,14.49,3.01,,,,,22.28,6.14,,12.73,14.71,,3.32,,,15.97,9.1,,2.12,,,19.52,8.68,15.84,2.82,14.22,7.67
28/8/2019,10.51,,44.54,9.4,,14.08,,12.14,16.93,14.55,3.02,,,,,22.25,6.14,,12.3,14.73,,3.32,,,15.98,9.12,,2.12,,,19.53,8.69,15.92,2.82,14.25,7.68
29/8/2019,10.51,,44.5,9.33,,14.39,,12.14,16.97,14.6,3.01,,,,,22.24,6.14,,12.12,14.74,,3.33,,,15.97,9.16,,2.12,,,19.51,8.7,16.01,2.81,14.28,7.71
30/8/2019,10.53,,44.69,9.27,,14.28,,12.2,17,14.62,3.02,,,,,22.25,6.15,,12.64,14.75,,3.33,,,15.98,9.16,,2.12,,,19.54,8.71,16.1,2.87,14.31,
31/8/2019,10.55,,44.69,9.25,,13.66,,12.2,17.04,14.62,2.86,,,,,22.23,6.04,,12.26,14.76,,3.32,,,15.98,9.16,,2.12,,,19.52,8.72,16.18,2.86,14.33,
1/9/2019,10.54,,44.56,9.25,,13.18,,12.21,16.98,14.55,2.86,,,,,22.2,6.13,,11.89,14.77,,3.31,,,15.96,9.18,,2.13,,,19.5,8.73,16.25,2.79,14.35,
2/9/2019,10.54,,44.65,9.24,,13.12,,12.2,16.97,14.31,2.98,,,,,22.08,6.13,,11.79,14.78,,3.32,,,15.97,9.18,,2.13,,,19.49,8.74,16.33,2.82,14.38,
3/9/2019,10.55,,44.77,9.23,,13.66,,12.18,16.91,14.26,3.02,,,,,22.27,6.14,,11.71,14.81,,3.34,,,16.01,9.19,,2.13,,,19.54,8.75,16.42,2.74,14.41,
4/9/2019,10.55,,45.08,9.2,,13.78,,12.15,16.87,14.22,3.04,,,,,21.36,6.14,,11.61,14.82,,3.33,,,16.02,9.2,,2.13,,,19.53,8.77,16.5,2.66,14.41,
5/9/2019,10.55,,45.07,9.19,,13.83,,12.14,16.86,14.21,3.05,,,,,22.22,6.14,,11.55,14.82,,3.33,,,15.99,9.2,,2.13,,,19.52,8.77,16.56,2.68,14.41,
6/9/2019,10.56,,45.04,9.18,,13.93,,12.13,16.86,14.22,2.89,,,,,22.17,6.14,,11.46,14.83,,3.35,,,16.01,9.19,,2.12,,,19.52,8.77,16.64,2.71,14.41,
7/9/2019,10.55,,44.97,9.18,,13.4,,12.12,16.85,14.21,2.88,,,,,22.15,6.14,,11.4,14.81,,3.34,,,16,9.2,,,,,19.5,8.75,16.71,2.71,14.42,
8/9/2019,10.53,,44.89,9.15,,13.07,,12.11,16.79,14.12,2.95,,,,,22.12,6.13,,11.32,14.76,,3.33,,,15.94,9.2,,,,,19.47,8.73,16.79,2.68,14.4,
9/9/2019,10.52,,44.87,9.09,,13.02,,12.11,16.77,14.12,2.99,,,,,22.11,6.13,,11.28,14.73,,3.33,,,15.92,9.2,,2.13,,,19.46,8.69,16.86,2.65,14.43,
10/9/2019,10.52,,45.17,9.03,,13.57,,12.11,16.79,14.14,3.02,,,,,22.12,6.14,,11.26,14.71,,3.34,,,15.94,9.2,,2.13,,,19.47,8.67,16.94,2.61,14.45,
11/9/2019,10.53,,45.12,8.99,,13.83,,12.14,16.29,14.18,3.03,,,,,21.76,6.15,,11.24,14.69,,3.35,,,15.96,9.2,,2.13,,,19.49,8.69,17.02,2.65,14.47,
12/9/2019,10.53,,45.04,8.95,,13.83,,12.14,16.22,14.27,3.04,,,,,22.17,6.16,,11.23,14.68,,3.36,,,15.97,9.21,,2.13,,,19.5,8.73,17.1,2.58,14.51,
13/9/2019,10.54,,45.08,8.92,,13.85,,12.14,16.18,14.29,3.05,,,,,22.18,6.17,,11.21,14.68,,3.36,,,15.97,9.24,,2.13,,,19.51,8.74,17.18,2.52,14.52,
14/9/2019,10.56,,45.03,8.92,,13.34,,12.13,16.07,14.3,3.06,,,,,22.17,6.18,,11.18,14.67,,3.36,,,15.95,9.23,,2.13,,,19.5,8.76,17.26,2.69,14.54,
15/9/2019,10.56,,44.92,8.97,,12.94,,12.11,15.96,14.2,3.07,,,,,22.12,6.18,,11.14,14.67,,3.36,,,15.94,9.23,,2.13,,,19.46,8.77,17.35,2.7,14.54,
16/9/2019,10.55,,44.98,9.03,,12.93,,12.06,15.94,14.17,3.07,,,,,22.1,6.17,,11.12,14.66,,3.35,,,15.91,9.22,,2.13,,,19.43,8.78,17.41,2.66,14.54,
17/9/2019,10.56,,45.19,9.03,,13.52,,12.02,15.91,14.19,3.07,,,,,22.1,6.16,,11.09,14.67,,3.36,,,15.91,9.21,,2.13,,,19.41,8.8,17.49,2.73,14.54,
18/9/2019,10.57,,45.07,9.03,,13.68,,12.01,15.9,14.24,2.96,,,,,22.12,6.17,,11.08,14.68,,3.37,,,15.92,9.23,,2.11,,,19.41,8.8,17.56,2.7,14.55,
19/9/2019,10.57,,45.26,8.98,,13.62,,12.02,15.88,14.3,2.45,,,,,22.09,6.17,,11.07,14.67,,3.38,,,15.93,9.21,,2.13,,,19.44,8.8,17.64,2.65,14.55,
20/9/2019,10.58,,45.3,8.93,,13.61,,12.01,15.95,14.31,2.44,,,,,22.1,6.23,,11.05,14.63,,3.39,,,15.95,9.22,,2.13,,,19.47,8.79,17.7,2.58,14.58,
21/9/2019,10.57,,45.19,8.88,,13.01,,11.98,15.89,14.26,2.64,,,,,22.07,6.22,,11.02,14.6,,3.39,,,15.93,9.21,,2.13,,,19.42,8.79,17.77,2.59,14.58,
22/9/2019,10.56,,45.21,8.82,,12.54,,11.96,15.82,14.15,2.68,,,,,22,6.2,,10.98,14.57,,3.38,,,15.9,9.19,,2.13,,,19.39,8.78,17.84,2.57,14.56,
23/9/2019,10.55,,45.21,8.76,,12.48,,11.92,15.79,14.12,2.72,,,,,22.02,6.19,,10.96,14.56,,3.37,,,15.87,9.17,,2.13,,,19.37,8.76,17.89,2.53,14.54,
24/9/2019,10.55,,45.1,8.72,,12.97,,11.89,15.76,14.17,2.75,,,,,22.02,6.18,,10.94,14.55,,3.37,,,15.88,9.16,,2.13,,,19.37,8.69,17.94,2.49,14.54,
25/9/2019,10.55,,45.16,8.67,,13.14,,11.85,15.74,14.2,2.78,,,,,22.01,6.17,,10.93,14.54,,3.36,,,15.9,9.15,,2.13,,,19.35,8.66,17.99,2.49,14.52,
26/9/2019,10.55,,45.24,8.66,,13.15,,11.83,15.74,14.27,2.8,,,,,22,6.18,,10.93,14.54,,3.37,,,15.89,9.16,,2.13,,,19.36,8.64,18.04,2.45,14.54,
27/9/2019,10.56,,45.39,8.63,,13.12,,11.8,15.75,14.28,2.83,,,,,22.01,6.18,,10.93,14.54,,3.38,,,15.9,9.16,,2.13,,,19.39,8.62,18.09,2.46,14.53,
28/9/2019,10.56,,45.47,8.6,,12.68,,11.78,15.72,14.28,2.85,,,,,21.58,6.18,,10.92,14.54,,3.38,,,15.89,9.15,,2.13,,,19.36,8.61,18.14,2.46,14.52,
29/9/2019,10.57,,,8.58,,12.26,,11.76,15.68,14.19,2.87,,,,,21.99,6.18,,10.9,14.55,,3.38,,,15.89,9.15,,2.13,,,19.35,8.6,18.19,2.49,14.5,
30/9/2019,10.57,,45.67,8.56,,12.21,,11.74,15.64,14.17,2.88,,,,,21.98,6.17,,10.89,14.56,,3.37,,,15.87,9.14,,2.13,,,19.33,8.59,18.23,2.46,14.48,
1/10/2019,10.58,,45.61,8.56,,12.81,,11.75,15.66,14.25,2.9,,,,,21.99,6.17,,10.89,14.59,,3.37,,,15.88,9.13,,2.13,,,19.33,8.58,18.28,2.54,14.46,
2/10/2019,10.57,,45.63,8.54,,12.9,,11.75,15.63,14.28,2.91,,,,,21.95,6.16,,10.87,14.59,,3.36,,,15.84,9.12,,2.13,,,19.29,8.58,18.32,2.46,14.44,
3/10/2019,10.55,,45.54,8.54,,12.95,,11.66,15.58,14.3,2.8,,,,,21.98,6.07,,10.87,14.62,,3.38,,,15.87,9.1,,2.13,,,19.32,8.58,18.36,2.42,14.44,
4/10/2019,10.56,,45.38,8.53,,12.96,,11.69,15.65,14.3,2.82,,,,,21.98,6.15,,10.87,14.65,,3.38,,,15.89,9.1,,2.13,,,19.34,8.57,18.41,2.47,14.42,
5/10/2019,10.56,,45.37,8.52,,12.52,,11.67,15.61,14.3,2.94,,,,,21.96,6.15,,10.86,14.66,,3.38,,,15.86,9.09,,2.13,,,19.32,8.57,18.45,2.52,14.41,
6/10/2019,10.56,,45.35,8.5,,12.15,,11.65,15.58,14.24,2.97,,,,,21.94,6.15,,10.85,14.69,,3.38,,,15.88,9.09,,2.13,,,19.33,8.58,18.5,2.44,14.4,
7/10/2019,10.55,,45.47,8.49,,12.11,,11.64,15.55,14.22,2.9,,,,,21.93,6.12,,10.84,14.7,,3.37,,,15.86,9.08,,2.1,,,19.3,8.57,18.53,2.42,14.39,
8/10/2019,10.56,,45.74,8.49,,12.67,,11.62,15.6,14.34,2.86,,,,,21.97,6.15,,10.85,14.7,,3.39,,,15.88,9.09,,2.13,,,19.37,8.56,18.59,2.44,14.41,
9/10/2019,10.56,,45.78,8.46,,12.9,,11.6,15.59,14.35,2.96,,,,,21.9,6.15,,10.83,14.7,,3.37,,,15.9,9.08,,2.14,,,19.33,8.56,18.62,2.42,14.4,
10/10/2019,10.56,,45.86,8.46,,12.98,,11.6,15.59,14.29,2.98,,,,,21.94,6.15,,10.83,14.69,,3.38,,,15.87,9.08,,2.14,,,19.31,8.56,18.67,2.53,14.4,
11/10/2019,10.57,,46,8.47,,13.06,,11.6,15.66,14.39,2.98,,,,,21.97,6.16,,10.84,14.7,,3.39,,,15.94,9.09,,2.14,,,19.36,8.55,18.72,2.55,14.41,
12/10/2019,10.58,,46.06,8.47,,12.56,,11.59,15.66,14.39,3.02,,,,,21.94,6.16,,10.84,14.7,,3.39,,,15.91,9.09,,2.14,,,19.35,8.55,18.77,2.56,14.4,
13/10/2019,10.58,,46,8.45,,12.2,,11.59,15.6,14.29,3.04,,,,,21.92,6.17,,10.84,14.7,,3.38,,,15.9,9.09,,2.14,,,19.34,8.55,18.82,2.54,14.39,
14/10/2019,10.58,,46.03,8.44,,12.17,,11.56,15.56,14.27,3.06,,,,,21.91,6.16,,10.83,14.71,,3.38,,,15.88,9.08,,2.14,,,19.32,8.55,18.87,2.45,14.37,
15/10/2019,10.52,,46.15,8.4,,12.73,,11.53,15.48,14.28,3.01,,,,,21.87,6.05,,10.77,14.7,,3.34,,,15.85,9.06,,2.14,,,19.27,8.55,18.92,2.43,14.34,
16/10/2019,10.57,,46.27,8.4,,12.86,,11.54,15.55,14.52,2.92,,,,,21.89,6.03,,10.76,14.66,,3.27,,,15.88,9.06,,2.14,,,19.28,8.55,18.96,2.48,14.34,
17/10/2019,10.57,,46.13,8.39,,12.86,,11.53,15.57,14.62,2.9,,,,,21.89,6.11,,10.77,14.57,,3.24,,,15.89,9.07,,2.14,,,19.32,8.55,19.02,2.5,14.34,
18/10/2019,10.57,,46.06,8.37,,12.98,,11.52,15.56,14.67,2.95,,,,,21.88,6.1,,10.77,14.52,,3.25,,,15.87,9.06,,2.14,,,19.3,8.55,19.07,2.45,14.33,
19/10/2019,10.57,,45.94,8.36,,12.63,,11.51,15.56,14.88,2.97,,,,,21.86,6.1,,10.76,14.48,,3.28,,,15.85,9.06,,2.14,,,19.27,8.55,,2.41,14.32,
20/10/2019,10.57,,46,8.35,,12.29,,11.51,15.53,14.87,3.05,,,,,21.89,6.1,,10.77,14.41,,3.24,,,15.86,9.06,,2.14,,,19.29,8.55,,2.41,14.32,
21/10/2019,10.57,,,8.36,,12.26,,11.5,15.52,14.87,3.07,,,,,21.86,6.1,,10.75,14.29,,3.25,,,15.87,9.06,,2.14,,,19.29,8.55,19.26,2.4,14.33,
22/10/2019,10.58,,,8.35,23.25,12.79,,11.49,15.54,14.96,3.09,,,,,21.9,6.11,,10.66,14.06,,3.25,,,15.88,9.05,,2.14,,,19.32,8.56,19.29,2.49,14.33,
23/10/2019,10.58,,,8.33,23.47,12.98,,11.48,16.49,15.07,3.1,,,,,21.9,6.1,,10.73,13.86,,3.27,,,15.88,9.05,,2.14,,,19.28,8.56,19.34,2.56,14.32,
24/10/2019,10.58,,,8.31,23.54,13.04,,11.48,16.65,15.13,3.11,,,,,21.88,6.06,,10.68,13.75,,3.26,,,15.87,9.04,,2.14,,,19.26,8.56,19.39,2.59,14.31,
25/10/2019,10.58,,,8.31,23.55,13.06,,11.49,16.72,15.15,3.06,,,,,21.88,6.06,,10.67,13.55,,3.22,,,15.88,9.04,,2.09,,,19.26,8.56,19.43,2.61,14.32,
26/10/2019,10.6,,,8.31,23.59,12.7,,11.51,16.82,15.22,3.06,,,,,21.89,6.11,,10.66,13.41,,3.18,,,15.9,9.04,,2.14,,,19.3,8.56,19.49,2.56,14.34,
27/10/2019,10.6,,,8.29,23.35,12.36,,11.5,16.8,15.11,3.12,,,,,21.33,6.11,,10.64,13.37,,3.19,,,15.87,9.03,,2.14,,,19.26,8.55,19.53,2.6,14.34,
28/10/2019,10.6,,,8.28,23.36,12.32,,11.49,16.76,15.1,3.13,,,,,21.85,6.1,,10.63,13.34,,3.22,,,15.85,9.03,,2.14,,,19.23,8.55,19.58,2.63,14.32,
29/10/2019,10.6,,,8.27,23.57,12.84,,11.49,16.79,15.19,3.13,,,,,21.84,6.1,,10.64,13.32,,3.25,,,15.86,9.02,,2.14,,,19.23,8.55,19.64,2.67,14.32,
30/10/2019,10.61,,,8.26,23.71,12.97,,11.49,16.81,15.28,3.1,,,,,21.87,6.1,,10.65,13.31,,3.17,,,15.88,9.02,,2.14,,,19.26,8.55,19.69,2.66,14.34,
31/10/2019,10.61,,,8.25,23.73,13.02,,11.48,16.81,15.3,3.08,,,,,21.63,6.11,,10.66,13.29,,3.14,,,15.85,9.01,,2.15,,,19.25,8.55,19.75,2.7,14.35,
1/11/2019,10.6,,,8.22,23.73,12.4,,11.45,16.78,15.31,3.08,,,,,21.82,6.1,,10.65,13.28,,3.14,,,15.85,9,,2.14,,,19.22,8.55,19.8,2.63,14.34,
2/11/2019,10.59,,,8.18,23.51,12.13,,11.42,16.74,15.22,3.16,,,,,21.78,6.09,,10.62,13.27,,3.21,,,15.82,8.98,,2.15,,,19.17,8.54,19.85,2.62,14.31,
3/11/2019,10.57,,,8.13,23.3,11.91,,11.38,16.68,15.1,3.24,,,,,21.73,6.05,,10.54,13.18,,3.25,,,15.76,8.94,,2.06,,,19.11,8.54,19.89,2.59,14.27,
4/11/2019,10.58,,,8.13,23.35,11.9,,11.39,16.69,15.12,3.25,,,,,21.77,6.06,,10.52,13.13,,3.21,,,15.79,8.94,,2.05,,,19.13,8.54,19.93,2.64,14.28,
5/11/2019,10.58,,,8.11,23.54,12.55,,11.35,16.7,15.23,3.24,,,,,20.9,6.05,,10.51,13.09,,3.24,,,15.84,8.92,,2.15,,,19.16,8.53,19.98,2.72,14.29,
6/11/2019,10.59,,,8.12,23.52,12.69,,11.37,16.75,15.15,3.13,,,,,21.8,6.06,,10.5,13.07,,3.15,,,15.86,8.91,,2.15,,,19.18,8.53,20.03,2.7,14.32,
7/11/2019,10.59,,,8.12,23.7,12.83,,11.38,16.79,15.32,3.1,,,,,21.68,6.07,,10.51,13.06,,3.11,,,15.89,8.92,,2.15,,,19.22,8.52,20.07,2.66,14.33,
8/11/2019,10.58,,,8.1,23.72,12.86,,11.37,16.77,15.33,3.09,,,,,21.77,6.06,,10.41,12.97,,3.15,,,15.87,8.9,,2.15,,,19.17,8.51,20.11,2.67,14.32,
9/11/2019,10.59,,,8.09,23.62,12.39,,11.36,16.8,15.35,3.01,,,,,21.8,6.05,,10.35,12.91,,3.1,,,15.91,8.9,,2.15,,,19.2,8.51,20.15,2.61,14.32,
10/11/2019,10.59,,,8.1,23.46,12.07,,11.38,16.77,15.29,2.93,,,,,21.52,6.07,,10.33,12.87,,3.05,,,15.9,8.9,,2.15,,,19.21,8.5,20.19,2.57,14.32,
11/11/2019,10.59,,,8.09,23.4,12.02,,11.38,16.76,15.25,2.92,,,,,21.79,6.07,,10.31,12.83,,3.03,,,15.92,8.9,,2.15,,,19.2,8.49,20.23,2.58,14.34,
12/11/2019,10.56,,,8.03,23.51,12.49,,11.34,16.72,15.23,2.95,,,,,21.73,6.03,,10.24,12.75,,3.07,,,15.85,8.84,,2.19,,,19.12,8.48,20.26,2.53,14.26,
13/11/2019,10.54,,,8.01,23.52,12.56,,11.32,16.74,15.26,2.6,,,,,21.72,6,,10.24,12.73,,3.06,,,15.84,8.83,,2.15,,,19.11,8.46,20.29,2.48,14.25,
14/11/2019,10.56,,,8.04,23.59,12.75,,11.34,16.76,15.35,2.52,,,,,21.74,6.02,,10.24,12.74,,2.98,,,15.87,8.86,,2.15,,,19.18,8.44,20.32,2.48,14.28,
15/11/2019,10.5,,,8.01,23.64,12.76,,11.27,16.61,15.34,2.41,,,,,21.73,5.88,,10.19,12.68,,3.03,,,15.83,8.83,,2.05,,,19.11,8.41,20.34,2.43,14.25,
16/11/2019,10.45,,,8.01,23.68,12.25,,11.27,16.53,15.38,2.26,,,,,21.75,5.82,,10.13,12.6,,2.95,,,15.9,8.81,,1.98,,,19.19,8.36,20.36,2.38,14.21,
17/11/2019,10.43,,,7.76,23.45,11.88,,11.2,16.66,15.28,1.51,,,,,21.68,5.28,,9.92,12.47,,2.92,,,15.8,8.71,,2.16,,,19.12,8.17,20.26,2.14,14.17,
18/11/2019,10.48,,,7.88,23.43,11.85,,11.26,16.66,15.31,1.36,,,,,21.73,5.76,,9.71,12.34,,2.91,,,15.84,8.74,,2.16,,,19.15,7.98,20.22,2.09,14.2,
19/11/2019,10.47,,,7.92,23.44,12.43,,11.27,16.67,15.31,1.34,,,,,21.71,5.74,,9.44,12.03,,2.95,,,15.8,8.8,,2.16,,,19.14,7.71,20.17,2.05,14.19,
20/11/2019,10.47,,,7.93,23.49,12.56,,11.26,16.67,15.27,1.42,,,,,,5.7,,9.27,11.62,,2.95,,,15.77,8.8,,2.16,,,19.08,7.47,20.1,2.02,14.25,
21/11/2019,10.46,,,7.93,23.08,12.67,,11.26,16.67,14.74,1.61,,,,,,5.67,,9.15,11.4,,2.93,,,15.73,8.79,,2.16,,,19.04,7.3,20.03,2.06,14.3,
22/11/2019,10.45,,47.16,7.93,22.84,12.69,,11.26,16.68,14.53,1.72,,,,,,5.65,,9.06,11.3,,2.91,,,15.7,8.79,,2.16,,,18.99,7.22,19.93,1.98,14.25,
23/11/2019,10.44,,46.82,7.92,22.59,12.21,,11.25,16.65,14.4,1.84,,,,,,5.61,,8.95,11.08,,2.92,,,15.66,8.77,,2.16,,,18.92,7.17,19.83,1.89,14.19,
24/11/2019,10.43,,47.02,7.91,22.32,11.86,,11.25,16.61,14.26,1.8,,,,,,5.57,,8.87,10.76,,2.91,,,15.63,8.77,,2.16,,,18.9,7.16,19.72,1.86,14.15,
25/11/2019,10.41,,47.07,7.91,22.28,11.78,,11.24,14.34,14.23,1.74,,,,,,5.56,,8.76,10.29,,2.86,,,15.64,8.76,,2.16,,,18.91,7.09,19.62,1.84,14.12,
26/11/2019,10.41,,46.85,7.91,22.3,12.35,,11.24,13.07,14.22,1.79,,,,,,5.55,,8.7,10.02,,2.81,,,15.61,8.76,,2.16,,,18.88,7.02,19.51,1.82,14.08,
27/11/2019,10.39,,46.69,7.89,22.26,12.45,,12.04,12.44,14.17,1.84,,,,,,5.52,,8.6,9.89,,2.8,,,15.56,8.75,,2.16,,,18.83,6.95,19.4,1.77,14.02,
28/11/2019,10.38,,46.76,7.89,22.28,12.46,,12.62,12.14,14.18,1.93,,,,,,5.51,,8.51,9.82,,2.76,,,15.56,8.75,,2.16,,,18.81,6.92,19.3,1.75,13.99,
29/11/2019,10.37,,46.68,7.9,22.37,12.44,,12.82,12.08,14.21,1.89,,,,,,5.5,,8.47,9.81,,2.66,,,15.55,8.75,,2.16,,,18.81,6.92,19.21,1.69,13.96,
30/11/2019,10.37,,46.72,7.92,22.43,11.9,,12.92,11.97,14.26,1.85,,,,,,5.51,,8.44,9.82,,2.55,,,15.56,8.76,,2.16,,,18.83,6.94,19.12,1.71,13.96,
1/12/2019,10.36,,46.54,7.92,22.13,11.48,,12.99,11.81,14.11,1.85,,,,,,5.5,,8.38,9.87,,2.54,,,15.54,8.77,,2.16,,,18.78,6.97,19.01,1.68,13.91,
2/12/2019,10.33,,46.61,7.81,22.01,11.42,,12.96,11.68,14.02,1.91,,,,,,5.47,,8.3,9.86,,2.48,,,15.49,8.69,,2.14,,,18.74,6.99,18.91,1.51,13.89,
3/12/2019,10.33,,47.06,7.85,22.03,11.87,,12.96,11.62,14.02,1.83,,,,,,5.49,,8.25,9.86,,2.38,,,15.51,8.67,,2.08,,,18.77,7.03,18.77,1.47,13.9,
4/12/2019,10.32,,46.77,7.89,22.14,12.04,,13,11.05,14.06,1.81,,,,,,5.49,,8.2,9.9,,2.34,,,15.48,8.74,,2.16,,,18.74,7.05,18.63,1.47,13.87,
5/12/2019,10.32,,46.62,7.89,22.1,12.06,,12.99,10.88,14.04,1.81,,,,,,5.48,,8.17,9.97,,2.28,,,15.45,8.74,,2.16,,,18.72,7.07,18.5,1.45,13.84,
6/12/2019,10.3,,46.4,7.88,22.07,12.01,,12.95,10.87,13.99,1.84,,,,,,5.47,,8.14,10.06,,2.28,,,15.42,8.74,,2.16,,,18.67,7.09,18.34,1.43,13.78,
7/12/2019,10.29,,46.3,7.86,21.89,11.49,,12.91,10.68,13.93,1.93,,,,,,5.45,,8.13,10.12,,2.33,,,15.37,8.73,,2.16,,,18.63,7.1,18.2,1.4,13.75,
8/12/2019,10.28,,46.09,7.86,21.64,11.11,,12.86,10.52,13.79,1.95,,,,,,5.44,,8.11,10.2,,2.31,,,15.37,8.73,,2.16,,,18.58,7.14,18.03,1.39,13.7,
9/12/2019,10.26,,45.91,7.82,21.55,11.01,,12.27,10.38,13.73,2.06,,,,,,5.42,,8.09,10.27,,2.39,,,15.28,8.7,,2.16,,,18.51,7.16,17.86,1.37,13.65,
10/12/2019,10.26,,46.06,7.83,21.61,11.53,,11.61,10.32,13.75,2.02,,,,,,5.42,,8.1,10.36,,2.31,,,15.33,8.7,,2.16,,,18.53,7.2,17.74,1.45,13.65,
11/12/2019,10.24,,45.97,7.81,21.65,11.63,,11.21,10.16,13.74,2.02,,,,,,5.41,,8.13,10.49,,2.33,,,15.3,8.7,,2.16,,,18.49,7.25,17.55,1.46,13.59,
12/12/2019,10.22,,45.72,7.79,21.57,11.66,,10.95,10.1,13.69,2.16,,,,,,5.39,,8.1,10.56,,2.49,,,15.22,8.68,,2.16,,,18.45,7.27,17.4,1.43,13.55,
13/12/2019,10.19,,45.66,7.72,21.52,11.58,,10.69,9.98,13.59,2.2,,,,,,5.35,,8.07,10.63,,2.53,,,15.14,8.62,,2.1,,,18.34,7.3,17.24,1.35,13.44,
14/12/2019,10.2,,45.88,7.74,21.63,11.23,,10.64,10.13,13.7,2,,,,,,5.36,,8.09,10.71,,2.44,,,15.21,8.63,,2.12,,,18.38,7.34,17.18,1.34,13.48,
15/12/2019,10.21,,45.87,7.78,21.48,10.92,,10.55,10.11,13.69,1.93,,,,,,5.38,,8.14,10.83,,2.36,,,15.26,8.66,,2.16,,,18.49,7.4,17.09,1.32,13.48,
16/12/2019,10.2,,45.84,7.79,21.45,10.87,,10.46,9.87,13.65,1.91,,,,,,5.39,,8.14,10.94,,2.34,,,15.24,8.66,,2.17,,,18.51,7.44,16.99,1.3,13.47,
17/12/2019,10.2,,45.79,7.78,21.55,11.24,,10.38,9.94,13.66,1.96,,,,,,5.39,,8.18,11.03,,2.36,,,15.19,8.66,,2.17,,,18.47,7.47,16.89,1.3,13.44,
18/12/2019,10.2,,45.62,7.79,21.72,11.36,,10.31,9.93,13.71,2.02,,,,,,5.38,,8.19,11.12,,2.34,,,15.19,8.66,,2.17,,,18.47,7.51,16.81,1.38,13.42,
19/12/2019,10.19,,45.56,7.77,21.75,11.41,,10.23,9.57,13.69,2.06,,,,,,5.37,,8.19,11.17,,2.36,,,15.13,8.66,,2.17,,,18.41,7.54,16.7,1.31,13.38,
20/12/2019,10.16,,45.32,7.73,21.66,11.32,,10.13,9.44,13.61,2.16,,,,,,5.33,,7.98,11.18,,2.42,,,15.06,8.64,,2.17,,,18.29,7.56,16.57,1.27,13.31,
21/12/2019,10.15,,45.31,7.67,21.55,10.74,,10.05,9.57,13.56,2.22,,,,,,5.3,,7.99,10.97,,2.54,,,15.02,8.56,,2.09,,,18.25,7.57,16.47,1.23,13.25,
22/12/2019,10.09,,46.17,7.62,21.37,10.4,,9.91,9.49,13.45,1.45,,,,,,4.85,,8,10.78,,2.51,,,14.95,8.51,,0.41,,,18.2,7.55,16.39,1.16,13.2,
23/12/2019,10.14,,46.01,7.67,21.38,10.04,,9.97,9.56,13.49,1.34,,,,,,5.23,,7.98,10.74,,2.34,,,15.05,8.53,,0.49,,,18.29,7.49,16.4,1.16,13.23,
24/12/2019,10.15,,45.65,7.71,21.38,9.94,,,,,1.37,,,,,,5.22,,,10.7,,2.26,,,,8.6,,0.5,,,18.36,7.36,16.33,1.19,13.25,
25/12/2019,10.14,,45.62,7.71,21.32,9.78,,9.9,,13.47,1.53,,,,,,5.19,,7.89,10.69,,2.17,,,14.99,8.6,,0.5,,,18.33,7.27,16.28,1.2,13.23,
26/12/2019,10.15,,45.45,7.72,21.32,9.68,,9.86,,13.46,1.58,,,,,,5.18,,7.89,10.69,,2.08,,,14.96,8.61,,0.5,,,18.33,7.21,16.23,1.19,13.23,
27/12/2019,10.14,,45.35,7.72,21.3,9.63,,9.82,,13.44,1.67,,,,,,5.17,,7.88,10.72,,2,,,14.9,8.61,,0.5,,,18.29,7.18,16.19,1.19,13.2,
28/12/2019,10.15,,45.52,7.74,21.36,9.55,,9.79,,13.48,1.64,,,,,,5.17,,7.9,10.78,,1.91,,,14.93,8.62,,0.5,,,18.31,7.18,16.16,1.2,13.21,
29/12/2019,10.15,,45.47,7.74,21.18,9.48,,9.76,,13.4,1.63,,,,,,5.16,,7.91,10.86,,1.88,,,14.9,8.63,,0.5,,,18.29,7.19,16.1,1.21,13.2,
30/12/2019,10.14,,45.35,7.74,21.13,9.46,,9.71,9.32,13.36,1.64,,,,,,5.16,,7.93,10.93,,1.83,,,14.86,8.63,,0.5,,,18.25,7.21,16.05,1.21,13.19,
31/12/2019,10.14,,45.32,7.72,21.03,9.43,,9.67,9.27,13.3,1.7,,,,,,5.14,,7.94,11,,1.84,,,14.81,8.62,,0.5,,,18.19,7.22,15.99,1.21,13.15,
1/1/2020,10.14,,45.22,7.72,20.98,9.38,,9.64,9.22,13.28,1.76,,,,,,5.14,,7.95,11.06,,2,,,14.8,8.61,,0.5,,,18.18,7.23,15.95,1.24,13.14,
2/1/2020,10.13,,45.04,7.71,20.97,9.37,,9.59,9.19,13.27,1.79,,,,,,5.13,,7.97,11.15,,2.03,,,14.77,8.61,,0.5,,,18.15,7.26,15.9,1.21,13.13,
3/1/2020,10.12,,44.81,7.69,21.17,9.35,,9.54,9.16,13.3,1.87,,,,,,5.12,,7.98,11.22,,2.08,,,14.73,8.6,,0.5,,,18.11,7.28,15.83,1.24,13.09,
4/1/2020,10.12,,44.69,7.68,21.2,9.27,,9.51,9.09,13.31,1.95,,,,,,5.1,,7.99,11.29,,2.08,,,14.7,8.59,,0.5,,,18.07,7.3,15.78,1.21,13.07,
5/1/2020,10.12,,44.66,7.68,21.05,9.29,,9.5,9.11,13.28,1.95,,,,,,5.11,,8.01,11.37,,2.03,,,14.71,8.58,,0.5,,,18.06,7.32,15.78,1.19,13.07,
6/1/2020,10.12,,44.51,7.68,20.92,9.25,,9.46,9.06,13.19,1.94,,,,,,5.11,,8.06,11.47,,2.03,,,14.71,8.59,,0.5,,,18.08,7.35,15.73,1.19,13.08,
7/1/2020,10.11,,44.47,7.67,20.88,9.24,,9.43,9.03,13.16,1.99,,,,,,5.09,,8.06,11.54,,2.04,,,14.65,8.58,,0.5,,,18.04,7.37,15.69,1.18,13.05,
8/1/2020,10.11,,44.38,7.67,21,9.86,,9.41,9.02,13.19,2,,,,,,5.09,,8.1,11.63,,2.02,,,14.67,8.58,,0.5,,,18.06,7.39,15.67,1.24,13.06,
9/1/2020,10.11,,44.33,7.65,21.15,10.1,,9.38,8.71,13.23,2.04,,,,,,5.1,,8.12,11.71,,2.03,,,14.63,8.57,,0.51,,,18,7.41,15.62,1.2,13.03,
10/1/2020,10.1,,44.28,7.64,21.17,10.19,,9.35,8.62,13.22,2.09,,,,,,5.1,,8.14,11.77,,2.04,,,14.6,8.56,,0.51,,,17.97,7.43,15.6,1.24,13.01,
11/1/2020,10.1,,44.26,7.64,21.05,9.84,,9.34,8.83,13.21,2.08,,,,,,5.1,,8.18,11.85,,2.02,,,14.59,8.56,,0.51,,,17.99,7.46,15.59,1.27,13.01,
12/1/2020,10.1,,44.15,7.63,20.87,9.55,,9.31,8.79,13.11,2.09,,,,,,5.1,,8.2,11.92,,1.99,,,14.56,8.56,,0.51,,,17.97,7.48,15.56,1.26,13,
13/1/2020,10.1,,44.02,7.63,20.83,9.52,,9.28,8.77,13.08,2.13,,,,,,5.1,,8.21,11.98,,2,,,14.51,8.55,,0.51,,,17.95,7.5,15.54,1.25,12.98,
14/1/2020,10.1,,43.97,7.62,20.86,10.09,,9.26,8.77,13.08,2.16,,,,,,5.1,,8.24,12.05,,2.03,,,14.51,8.55,,0.51,,,17.93,7.52,15.53,1.22,12.98,
15/1/2020,10.1,,44,7.63,20.96,10.27,,9.24,8.75,13.12,2.18,,,,,,5.11,,8.27,12.12,,2.03,,,14.49,8.55,,0.51,,,17.94,7.55,15.53,1.2,12.98,
16/1/2020,10.1,,43.96,7.62,20.96,10.34,,9.23,8.76,13.1,2.19,,,,,,5.11,,8.3,12.18,,2.03,,,14.48,8.55,,0.51,,,17.94,7.57,15.52,1.2,12.96,
17/1/2020,10.09,,43.9,7.61,20.86,10.38,,9.19,8.7,13.05,2.22,,,,,,5.11,,8.31,12.23,,2.04,,,14.44,8.54,,0.51,,,17.89,7.6,15.49,1.32,12.93,
18/1/2020,10.08,,43.94,7.59,20.79,9.92,,9.17,8.64,13.02,2.29,,,,,,5.08,,8.32,12.27,,2.03,,,14.43,8.52,,0.5,,,17.86,7.61,15.48,1.35,12.92,
19/1/2020,10.08,,44.14,7.59,20.72,9.56,,9.17,8.63,13,2.17,,,,,,5.1,,8.32,12.27,,1.92,,,14.42,8.51,,0.45,,,17.88,7.64,15.5,1.34,12.92,
20/1/2020,10.09,,44.06,7.62,20.74,9.49,,9.17,8.67,13.02,2.07,,,,,,5.12,,8.36,12.31,,1.83,,,14.47,8.52,,0.51,,,17.95,7.65,15.55,1.36,12.95,
21/1/2020,10.09,,43.88,7.63,20.8,10.07,,9.15,8.66,13.02,2.05,,,,,,5.14,,8.39,12.37,,1.81,,,14.43,8.54,,0.51,,,17.93,7.63,15.56,1.36,12.95,
22/1/2020,10.09,,43.96,7.61,20.83,10.2,,9.1,8.64,12.99,2.12,,,,,,5.12,,8.4,12.4,,1.86,,,14.38,8.52,,0.51,,,17.86,7.62,15.53,1.35,12.91,
23/1/2020,10.09,,43.96,7.6,20.72,10.33,,9.09,8.81,12.95,2.15,,,,,,5.12,,8.4,12.42,,1.88,,,14.39,8.52,,0.51,,,17.84,7.61,15.53,1.33,12.9,
24/1/2020,10.09,,43.88,7.59,20.69,10.36,,9.07,8.8,12.92,2.2,,,,,,5.11,,8.42,12.46,,1.91,,,14.36,8.51,,0.51,,,17.82,7.61,15.55,1.31,12.87,
25/1/2020,10.08,,43.74,7.58,20.59,9.88,,9.06,8.7,12.87,2.27,,,,,,5.09,,8.44,12.5,,1.98,,,14.33,8.49,,0.51,,,17.81,7.62,15.55,1.3,12.85,
26/1/2020,10.08,,43.65,7.57,20.49,9.54,,9.03,8.64,12.8,2.32,,,,,,5.09,,8.45,12.53,,2.03,,,14.28,8.48,,0.51,,,17.78,7.62,15.55,1.29,12.83,
27/1/2020,10.07,,43.59,7.55,20.47,9.48,,9.01,8.63,12.78,2.33,,,,,,5.07,,8.47,12.56,,2.01,,,14.26,8.48,,0.51,,,17.76,7.62,15.56,1.26,12.8,
28/1/2020,10.06,,43.51,7.52,20.43,10.03,,8.97,8.59,12.72,2.43,,,,,,5.05,,8.48,12.58,,2.13,,,14.2,8.45,,0.51,,,17.7,7.61,15.53,1.21,12.76,
29/1/2020,10.07,,43.53,7.53,20.45,10.19,,8.97,8.6,12.74,2.44,,,,,,5.05,,8.49,12.61,,2.09,,,14.2,8.45,,0.51,,,17.71,7.61,15.56,1.16,12.77,
30/1/2020,10.07,,43.38,7.54,20.53,10.23,,8.98,8.64,12.8,2.37,,,,,,5.07,,8.54,12.66,,2.03,,,14.24,8.45,,0.52,,,17.77,7.63,15.62,1.14,12.78,
31/1/2020,10.08,,43.35,7.55,20.6,10.26,,8.97,8.65,12.8,2.41,,,,,,5.07,,8.57,12.69,,2.06,,,14.21,8.46,,0.52,,,17.77,7.63,15.65,1.16,12.77,
1/2/2020,10.08,,43.34,7.55,20.53,9.8,,8.95,8.73,12.77,2.45,,,,,,5.08,,8.59,12.73,,2.11,,,14.19,8.45,,0.52,,,17.76,7.63,15.69,1.15,12.75,
2/2/2020,10.08,,43.3,7.55,20.42,9.49,,8.94,8.69,12.71,2.52,,,,,,5.08,,8.59,12.75,,2.1,,,14.17,8.45,,0.52,,,17.74,7.64,15.71,1.16,12.74,
3/2/2020,10.08,,43.14,7.54,20.38,9.42,,8.92,8.65,12.68,2.6,,,,,,5.08,,8.62,12.77,,2.12,,,14.16,8.44,,0.52,,,17.73,7.64,15.72,1.14,12.72,
4/2/2020,10.06,,42.99,7.51,20.39,9.36,,8.88,8.58,12.62,2.68,,,,,,5.06,,8.62,12.78,,2.12,,,14.07,8.41,,0.52,,,17.65,7.64,15.71,1.19,12.66,
5/2/2020,9.98,,43.28,7.54,20.5,9.33,,8.9,8.61,12.71,2.68,,,,,,5.07,,8.67,12.83,,2.01,,,14.16,8.43,,0.52,,,17.74,7.66,15.79,1.17,12.69,
6/2/2020,9.99,,43.17,7.57,20.54,10.37,,8.9,8.65,12.76,2.77,,,,,,5.1,,8.71,12.88,,1.94,,,14.18,8.44,,0.52,,,17.8,7.69,15.87,1.24,12.73,
7/2/2020,9.98,,43.11,7.56,20.47,10.29,,8.88,8.66,12.72,2.77,,,,,,5.11,,8.65,12.9,,1.95,,,14.14,8.43,,0.52,,,17.77,7.71,15.9,1.21,12.7,
8/2/2020,9.99,,43.17,7.57,20.41,9.77,,8.87,8.68,12.68,2.78,,,,,,5.12,,8.52,,,1.93,,,14.13,8.44,,0.53,,,17.79,7.73,15.93,1.17,12.7,
9/2/2020,9.99,,43.23,7.57,20.31,9.44,,8.87,8.61,12.61,2.79,,,,,,5.12,,8.77,,,1.93,,,14.13,8.43,,0.53,,,17.76,7.76,15.98,1.17,12.69,
10/2/2020,9.97,,42.86,7.53,20.21,9.39,,8.81,8.54,12.51,2.78,,,,,,5.1,,8.76,12.98,,2.06,,,14.03,8.4,,0.53,,,17.64,7.78,15.96,1.15,12.62,
11/2/2020,9.97,,42.88,7.52,20.2,9.9,,8.79,8.51,12.49,2.78,,,,,,5.09,,8.68,12.98,,2.14,,,13.99,8.4,,0.53,,,17.61,7.8,15.96,1.2,12.6,
12/2/2020,9.98,,42.94,7.54,20.28,10.07,,8.81,8.59,12.57,2.8,,,,,,5.1,,8.8,13.02,,2.07,,,14.07,8.4,,0.36,,5.17,17.68,7.83,,1.23,12.63,
13/2/2020,9.98,,42.84,7.54,20.44,10.12,,8.78,8.57,12.61,2.77,,,,,,5.11,,8.84,13.05,,2.03,,,14.05,8.39,,0.36,,5.16,17.65,7.84,,1.22,12.61,
14/2/2020,9.98,,42.83,7.54,20.44,10.16,,8.78,8.54,12.6,2.77,,,,,,5.11,,8.84,13.06,,2.07,,,14.03,8.39,,0.36,,5.16,17.65,7.86,,1.17,12.6,
15/2/2020,10,,42.77,7.57,20.44,9.72,,8.79,8.59,12.64,2.79,,,,,,5.13,,8.89,13.11,,2.06,,,14.08,8.41,,0.37,,5.18,17.73,7.89,,1.24,12.64,
16/2/2020,10,,42.71,7.57,20.3,9.38,,8.77,8.57,12.56,2.8,,,,,,5.14,,8.91,13.13,,2.1,,,14.05,8.41,,0.37,,,17.74,7.91,,1.24,12.63,
17/2/2020,10,,42.56,7.56,20.26,9.33,,8.75,8.29,12.53,2.79,,,,,,5.14,,8.89,13.15,,2.15,,,14.02,8.41,,0.37,,5.1,17.69,7.93,,1.23,12.61,
18/2/2020,10,,42.55,7.56,20.34,9.92,,8.74,8.41,12.55,2.79,,,,,,5.14,,8.94,13.17,,2.13,,,14,8.41,,0.37,,,17.68,7.94,,1.22,12.6,
19/2/2020,9.99,,42.55,7.55,20.46,10.03,,8.71,8.35,12.58,2.79,,,,,,5.14,,8.96,13.19,,2.12,,,13.98,8.39,,0.37,,,17.66,7.96,,1.18,12.59,
20/2/2020,10,,,7.56,20.53,10.06,,8.71,8.43,12.61,2.79,,,,,20.58,5.08,38.53,8.98,13.21,,2.1,,,13.99,8.4,,0.37,,,17.69,7.97,,1.25,12.6,
21/2/2020,10,,42.46,7.55,20.49,10.12,,8.7,8.4,12.6,2.79,,,,,19.41,5.08,38.53,9.02,13.22,,2.13,,,13.98,8.39,,0.37,,,17.68,7.99,,1.2,12.59,
22/2/2020,10.01,,42.45,7.57,20.56,9.75,,8.7,8.44,12.65,2.81,,,,,20.59,5.09,38.38,9.04,13.26,,2.15,,,14.01,8.4,,0.38,,,17.73,8,,1.2,12.61,
23/2/2020,10.01,,42.31,7.55,20.28,9.4,,8.67,8.36,12.49,2.81,,,,,20.55,5.09,38.07,9.05,13.27,,2.17,,,13.97,8.39,,0.38,,,17.66,8.02,,1.19,12.58,
24/2/2020,10.01,,42.35,7.54,20.23,9.35,,8.67,8.31,12.46,2.81,,,,,20.51,5.09,37.83,9.04,13.27,,2.14,,,13.92,8.38,,0.38,,,17.64,8.02,,1.17,12.56,
25/2/2020,10,,42.44,7.5,20.35,9.87,,8.63,8.31,12.48,2.8,,,,,20.42,5.07,38.24,9.27,13.29,,2.14,,,13.89,8.35,,0.38,,,17.56,8.03,,1.17,12.52,1.23
26/2/2020,9.99,,42.31,7.49,20.43,9.98,,8.6,8.27,12.48,2.8,,,,,19.77,5.05,38.14,9.19,13.28,,2.12,,,13.84,8.34,,0.38,,,17.54,8.04,16.38,1.21,12.42,1.23
27/2/2020,10,,42.21,7.5,20.56,10.08,,8.59,8.24,12.55,2.81,,,,,20.48,5.06,38.36,9.14,13.33,,2.15,,,13.91,8.34,,0.38,,,17.6,8.05,16.44,1.28,12.42,1.23
28/2/2020,10.01,,42.22,7.5,20.56,10.14,,8.6,8.33,12.55,2.82,,,,,20.51,5.07,38.8,9.14,13.34,,2.17,,,13.93,8.33,,0.38,,,17.62,8.06,16.46,1.27,12.42,1.25
29/2/2020,10.02,,42.07,7.52,20.53,9.78,,8.6,8.32,12.56,2.83,,,,,20.51,5.09,38.6,9.09,13.37,,2.19,,,13.92,8.35,,0.39,,,17.64,8.07,16.53,1.3,12.43,1.21
1/3/2020,10.01,,41.89,7.48,20.22,9.42,,8.58,8.24,12.41,2.81,,,,,20.08,5.07,38.33,9.06,13.38,,2.17,,,13.87,8.33,,0.39,,,17.59,8.07,16.54,1.28,12.4,1.16
2/3/2020,9.99,,42.05,7.44,20.19,9.39,,8.54,8.15,12.34,2.79,,,,,20.42,5.06,38.13,9.04,13.34,,2.15,,,13.78,8.31,,0.39,,,17.52,8.08,16.55,1.26,12.36,1.12
3/3/2020,9.99,,42.62,7.39,20.3,9.78,,8.51,8.16,12.36,2.79,,,,,20.44,5.06,38.53,9.03,13.28,,2.04,,,13.83,8.26,,0.39,,,17.54,8.08,16.58,1.23,12.35,1.14
4/3/2020,10.01,,42.92,7.47,20.5,9.9,,8.54,8.19,12.49,2.82,,,,,20.39,5.06,38.46,9.05,13.27,,1.98,,,13.91,8.32,,0.4,,,17.64,8.09,16.65,1.19,12.39,1.16
5/3/2020,9.99,,42.32,7.46,20.44,10,,8.5,8.19,12.43,2.82,,,,,20.43,5.09,38.48,9.05,13.24,,1.98,,,13.81,8.31,,0.4,,,17.57,8.07,16.69,1.2,12.35,1.1
6/3/2020,9.98,,42.29,7.44,20.39,10.03,,8.49,8.14,12.4,2.8,,,,,19.78,5.08,38.48,8.99,13.19,,2.07,,,13.77,8.3,,0.4,,,17.57,8.06,16.68,1.15,12.33,1.05
7/3/2020,9.99,,42.56,7.47,20.42,9.54,,8.5,8.16,12.49,2.81,,,,,20.48,5.09,38.31,8.98,13.19,,1.99,,,13.87,8.3,,0.4,,,17.63,8.05,16.75,1.15,12.35,1.13
8/3/2020,9.99,,42.26,7.5,20.21,9.19,,8.51,8.19,12.4,2.84,,,,,20.4,5.12,38.32,8.98,13.18,,1.92,,,13.89,8.32,,0.4,,,17.69,8.03,16.83,1.16,12.37,1.12
9/3/2020,9.98,,42.14,7.48,20.14,9.14,,8.49,8.12,12.34,2.84,,,,,20.28,5.12,38.18,8.96,13.17,,1.98,,,13.79,8.31,,0.41,,,17.66,8,16.84,1.14,12.35,1.11
10/3/2020,9.98,,42.03,7.49,20.28,9.66,,8.48,8.13,12.38,2.85,,,,,19.54,5.13,38.55,8.97,13.18,,1.92,,,13.83,8.32,,0.41,,,17.68,7.98,16.88,1.15,12.35,1.1
11/3/2020,9.97,,42.01,7.5,20.39,9.79,,8.48,8.11,12.41,2.86,,,,,20.49,5.14,38.52,8.98,13.18,,1.95,,,13.81,8.32,,0.41,,,17.67,7.97,16.91,1.16,12.34,1.1
12/3/2020,9.97,,42,7.5,20.5,9.89,,8.47,8.11,12.46,2.87,,,,,19.44,5.15,38.64,9,13.19,,1.96,,,13.82,8.32,,0.41,,,,7.96,16.95,1.17,12.33,1.07
13/3/2020,9.96,,41.92,7.5,20.47,9.9,,8.46,8.08,12.44,2.87,,,,,20.46,5.14,38.71,8.99,13.18,,2.05,,,13.77,8.32,,0.41,,,17.66,7.95,16.98,1.21,12.32,
14/3/2020,9.96,,41.91,7.5,20.41,9.58,,8.46,8.16,12.44,2.87,,,,,19.81,5.15,38.29,9.01,13.19,,2,,,13.77,8.32,,0.41,,,17.66,7.94,17.01,1.18,12.32,
15/3/2020,9.96,,41.86,7.51,20.22,9.24,,8.47,8.14,12.39,2.88,,,,,20.5,5.16,38.14,9.02,13.21,,1.94,,,13.82,8.33,,0.41,,,17.7,7.93,17.06,1.16,12.32,
16/3/2020,9.96,,41.85,7.52,20.17,9.21,,8.47,8.13,12.35,2.88,,,,,20.5,5.17,38.02,9.03,13.23,,1.91,,,13.8,8.33,,0.42,,,17.71,7.93,17.1,1.17,12.33,
17/3/2020,9.97,,41.71,7.54,20.37,,,8.53,8.14,12.39,2.89,,,,,20.51,5.18,38.43,9.06,13.25,,1.88,,,13.83,8.34,,0.42,,,17.74,7.93,17.15,1.16,12.34,
18/3/2020,9.97,,41.69,7.54,20.46,,,8.55,8.09,12.44,2.89,,,,,20.15,5.19,38.36,9.07,13.26,,1.9,,,13.79,8.33,,0.42,,,17.71,7.93,17.18,1.14,12.33,
19/3/2020,,,41.61,7.54,20.5,,,8.5,8.04,12.44,2.89,,,,,20.48,5.19,38.35,9.08,13.27,,1.95,,,13.78,8.33,,0.42,,,17.68,7.93,17.21,1.13,12.32,
20/3/2020,9.97,,41.57,7.53,20.52,,,8.47,8.04,12.43,2.88,,,,,20.47,5.18,38.42,9.08,13.28,,2.01,,,13.74,8.32,,0.42,,,17.66,7.93,17.23,1.12,12.3,
21/3/2020,9.96,,42.08,7.52,20.27,,,8.44,,12.34,2.87,,,,,19.98,5.18,38.18,9.07,13.29,,2.05,,,13.7,8.32,,0.42,,,17.63,7.94,17.25,1.12,12.28,
22/3/2020,9.96,,43,7.53,20.14,,,8.43,,12.3,2.87,,,,,20.38,5.18,37.9,9.09,13.3,,2.04,,,13.74,8.32,,0.43,,,17.64,7.96,17.28,1.13,12.29,
23/3/2020,9.97,,42.31,7.56,20.14,,,8.43,,12.31,2.88,,,,,20.49,5.2,37.7,9.11,13.33,,2.01,,,13.78,8.34,,0.43,,,17.71,7.97,17.34,1.14,12.32,
24/3/2020,9.96,,42.47,7.56,20.33,,,8.42,,12.34,2.88,,,,,20.47,5.2,37.83,9.13,13.35,,2.21,,,13.75,8.33,,0.43,,,17.7,7.99,17.37,1.13,12.3,
25/3/2020,9.95,,42.64,7.54,20.38,,,8.39,,12.33,2.88,,,,,19.76,5.2,37.6,9.13,13.36,,2.21,,,13.7,8.32,,0.44,,,17.66,8.01,17.39,1.12,12.27,
26/3/2020,9.93,,43.2,7.51,20.35,,,8.37,,12.35,2.87,,,,,20.42,5.19,37.55,9.13,13.37,,2.2,,,13.68,8.3,,0.44,,,17.64,8.02,17.41,1.1,12.24,
27/3/2020,9.93,,43.61,7.51,20.19,,,8.36,,12.28,2.87,,,,,20.38,5.19,37.54,9.15,13.39,,2.21,,,13.67,8.3,,0.44,,,17.64,8.03,17.43,1.08,12.24,
28/3/2020,9.92,,43.49,7.5,20.05,,,8.34,,12.2,2.87,,,,,20.4,5.19,37.37,9.16,13.41,,2.21,,,13.67,8.29,,0.44,,,17.64,8.04,17.46,1.07,12.23,
29/3/2020,9.92,,43.52,7.49,19.91,,,8.32,,12.13,2.86,,,,,20.4,5.18,37.27,9.17,13.43,,2.21,,,13.65,8.28,,0.44,,,17.63,8.03,17.48,1.06,12.22,
30/3/2020,9.92,,43.47,7.49,19.89,,,8.31,,12.12,2.86,,,,,20.13,5.18,37.25,9.18,13.44,,2.21,,,13.67,8.27,,0.44,,,17.62,8.02,17.5,1.03,12.22,
31/3/2020,9.92,,43.66,7.5,20.14,,,8.31,,12.21,2.86,,,,,20.43,5.19,37.49,9.21,13.47,,2.24,,,13.7,8.28,,0.45,,,17.69,8.02,17.54,1.02,12.23,
1/4/2020,9.92,,43.78,7.49,20.25,,,8.31,,12.25,2.86,,,,,20.4,5.2,37.34,9.23,13.49,,2.22,,,13.69,8.29,,0.45,,,17.68,8,17.56,0.98,12.22,
2/4/2020,9.91,,,7.48,20.25,,,8.31,,12.22,2.84,,,,,20.38,5.19,37.37,9.23,,,2.18,,,13.63,8.29,,0.45,,,17.64,7.99,17.57,0.97,12.2,
3/4/2020,9.91,,43.82,7.48,20.19,,,8.31,,12.22,2.84,,,,,20.22,5.19,37.38,9.24,13.53,,2.12,,,13.63,8.29,,0.46,,,17.63,7.98,17.58,0.97,12.19,
4/4/2020,9.91,,43.81,7.5,20.05,,,8.31,,12.19,2.83,,,,,20.41,5.2,37.25,9.29,13.55,,2.09,,,,8.29,,0.46,,,17.68,7.98,17.62,0.97,12.21,
5/4/2020,9.92,,43.87,7.52,19.92,,,8.32,,12.12,2.83,,,,,20.42,5.21,37.25,9.31,13.57,,2.07,,,,8.3,,0.46,,,17.72,7.98,17.65,0.97,12.22,
6/4/2020,9.93,,43.81,7.53,19.91,,,8.33,,12.11,2.82,,,,,20.42,5.22,37.31,9.31,13.59,,2.07,,,,8.31,,0.46,,,17.74,7.98,17.67,0.98,12.22,
7/4/2020,9.93,,41.42,7.54,20.11,,,8.32,,12.17,2.82,,,,,20.31,5.23,37.52,9.34,13.62,,2.07,,,,8.31,,0.46,,,17.75,7.98,17.7,0.99,12.23,
8/4/2020,9.93,,41.13,7.57,20.23,,,8.3,,12.21,2.83,,,,,20.43,5.24,37.38,9.36,13.64,,2.09,,,,8.32,,0.47,,,17.73,7.98,17.73,0.99,12.21,
9/4/2020,9.93,,43.05,7.6,20.23,,,8.3,,12.2,2.82,,,,,20.41,5.24,37.38,9.42,13.66,,2.13,,,,8.31,,0.47,,,17.71,7.99,17.74,1,12.21,
10/4/2020,9.94,,43.21,7.61,20.17,,,8.42,,12.18,2.81,,,,,19.75,5.24,37.42,9.49,13.68,,2.16,,,,8.31,,0.47,,,17.71,8,17.77,1.08,12.21,
11/4/2020,9.94,,43.95,7.62,20.03,,,8.37,,12.15,2.81,,,,,20.41,5.24,37.35,9.64,13.68,,2.2,,,,8.34,,0.47,,,17.71,8.01,17.79,1.08,12.2,
12/4/2020,9.95,,44.33,7.61,19.93,,,8.34,,12.07,2.79,,,,,20.42,5.24,37.42,9.55,13.69,,2.23,,,,8.33,,0.47,,,17.7,8.03,17.82,1.03,12.21,
13/4/2020,9.95,,44.55,7.61,19.88,,,8.31,,12.06,2.77,,,,,20.08,5.24,37.33,9.55,13.68,,2.31,,,,8.32,,0.47,,,17.68,8.05,17.83,1.01,12.19,
14/4/2020,9.95,,44.65,7.61,19.84,,,8.3,,12.04,2.76,,,,,19.71,5.24,37.48,9.62,13.69,,2.28,,,,8.32,,0.47,,,17.67,8.06,17.85,1.06,12.19,
15/4/2020,9.97,,44.97,7.65,20.16,,,8.31,,12.15,2.77,,,,,20.45,5.26,37.39,9.67,13.72,,2.19,,,,8.33,,0.48,,,17.78,8.08,17.9,1.08,12.24,
16/4/2020,9.97,,44.97,7.65,20.24,,,8.3,,12.18,2.76,,,,,20.42,5.26,37.4,9.65,13.74,,2.2,,,,8.34,,0.48,,,17.76,8.1,17.93,1.05,12.22,
17/4/2020,9.97,,44.98,7.65,20.3,,,8.34,,12.19,2.76,,,,,19.99,5.26,37.41,9.7,13.75,,2.26,,,,8.33,,0.48,,,17.75,8.11,17.94,1.02,12.23,
18/4/2020,9.98,,45.03,7.64,20.2,,,8.36,,12.15,2.76,,,,,19.94,5.26,37.32,9.72,13.77,,2.31,,,,8.35,,0.48,,,17.75,8.13,17.96,1.02,12.23,
19/4/2020,9.98,,45.07,7.63,19.93,,,8.35,,12.04,2.75,,,,,20.39,5.26,37.34,9.68,13.78,,2.36,,,,8.33,,0.48,,,17.74,8.15,17.99,1.01,12.22,
20/4/2020,9.97,,45.19,7.62,19.89,,,8.31,,12.02,2.73,,,,,20.38,5.24,37.3,9.64,13.78,,2.32,,,,8.33,,0.49,,,17.72,8.17,18,1.02,12.22,
21/4/2020,9.97,,45.16,7.6,20.07,,,8.29,,12.08,2.72,,,,,20.37,5.25,37.41,9.61,13.78,,2.3,,,,8.32,,0.49,,,17.73,8.17,18.02,0.98,12.21,
22/4/2020,9.97,,45.21,7.6,20.17,,,8.29,,12.13,2.73,,,,,20.33,5.25,37.26,9.6,13.73,,2.26,,,,8.32,,0.49,,,17.77,8.15,18.04,0.97,12.21,
23/4/2020,9.97,,45.22,7.59,20.19,,,8.29,,12.13,2.74,,,,,20.36,5.26,37.3,9.61,13.69,,2.26,,,,8.32,,0.49,,,17.77,8.11,18.06,1.01,12.22,
24/4/2020,9.96,,45.18,7.57,20.15,,,8.26,,12.08,2.75,,,,,20.36,5.25,37.37,9.61,13.66,,2.3,,,,8.32,,0.49,,,17.73,8.07,18.07,1.03,12.19,
25/4/2020,9.97,,45.29,7.55,19.97,,,8.26,,12.07,2.74,,,,,20.31,5.24,37.24,9.6,13.65,,2.4,,,,8.34,,0.49,,,17.72,8.04,18.08,1.05,12.17,
26/4/2020,9.97,,45.44,7.55,19.91,,,8.25,,12.02,2.74,,,,,19.76,5.24,37.26,9.63,13.64,,2.41,,,,8.34,,0.5,,,17.72,8.02,18.09,1.05,12.19,
27/4/2020,9.98,,45.35,7.56,19.88,,,8.25,,12.02,2.75,,,,,20.4,5.25,37.26,9.67,13.65,,2.4,,,,8.35,,0.5,,,17.75,8.01,18.11,1.08,12.2,
28/4/2020,9.97,,44.88,7.56,20.07,,,8.24,,12.04,2.77,,,,,20.15,5.25,37.74,9.68,13.64,,2.46,,,,8.35,,0.5,,,17.74,8,18.14,1.06,12.18,
29/4/2020,9.97,,44.79,7.56,20.09,,,8.24,,12.05,2.76,,,,,19.14,5.24,37.72,9.67,13.63,,2.52,,,,8.34,,0.5,,,17.73,8,18.14,1,12.18,
30/4/2020,9.97,,44.62,7.56,20.14,,,8.28,,12.06,2.78,,,,,20.36,5.25,37.99,9.68,13.61,,2.27,,,,8.35,,0.5,,,17.75,8,18.16,0.98,12.19,
1/5/2020,9.97,,44.48,7.55,20.16,,,8.29,,12.06,2.76,,,,,20.36,5.25,38.05,9.69,13.61,,2.26,,,,7.8,,0.5,,,17.74,8,18.18,0.98,12.18,
2/5/2020,9.96,,44.45,7.56,20.13,,,8.29,,12.06,2.75,,,,,20.17,5.25,37.84,9.69,13.61,,2.26,,,,6.67,,0.5,,,17.74,8.02,18.2,0.99,12.17,
3/5/2020,9.97,,44.4,7.58,20.05,,,8.29,,12.06,2.76,,,,,19.28,5.25,37.84,9.84,13.61,,2.28,,,,6.34,,0.5,,,17.77,8.04,18.21,0.98,12.18,
4/5/2020,9.98,,44.32,7.61,20.13,,,8.3,,12.09,2.75,,,,,20.08,5.27,37.7,10.01,13.63,,2.29,,,,6.35,,0.51,,,17.84,8.06,18.25,1.02,12.2,
5/5/2020,9.98,,44.3,7.63,20.2,,,8.89,,12.07,2.74,,,,,20.4,5.28,38.05,9.95,13.64,,2.25,,,,6.25,,0.51,,,17.81,8.08,18.25,1,12.19,
6/5/2020,9.99,,44.28,7.65,20.24,,,8.67,,12.09,2.74,,,,,20.39,5.28,37.88,9.99,13.64,,2.26,,,,6.19,,0.51,,,17.81,8.1,18.26,1.01,12.19,
7/5/2020,10.02,,44.15,7.67,20.31,,,8.59,,12.15,2.76,,,,,19.88,5.3,38.04,10.02,13.65,,2.29,,,,5.1,,0.51,,,17.87,8.12,18.29,1,12.22,
8/5/2020,10.07,,43.89,7.68,20.34,,,8.57,,12.15,2.75,,,,,20.01,5.3,38.08,9.99,13.65,,2.29,,,,8.42,,0.51,,,17.85,8.14,18.31,1.01,12.19,
9/5/2020,10.11,,43.42,7.69,20.28,,,8.48,,12.14,2.74,,,,,20.43,5.3,37.96,10.04,13.65,,2.29,,,,8.43,,0.51,,,17.83,8.16,18.32,1.03,12.18,
10/5/2020,10.13,,43.35,7.7,20.12,,,8.43,,12.06,2.74,,,,,20.4,5.3,37.68,9.98,13.64,,2.28,,,,8.42,,0.52,,,17.79,8.19,18.33,1.02,12.17,
11/5/2020,10.11,,42.96,7.7,20.18,,,8.39,,12.05,2.72,,,,,20.39,5.29,37.56,9.96,13.63,,2.27,,,,8.41,,0.52,,,17.78,8.2,18.33,1.03,12.18,
12/5/2020,10.1,,42.94,7.7,20.5,,,8.39,,12.29,2.73,,,,,19.83,5.29,37.98,9.97,13.54,,2.28,,,,8.41,,0.52,,,17.79,8.23,18.35,1.02,12.19,
13/5/2020,10.09,,43.04,7.74,20.59,,,8.4,,12.27,2.73,,,,,19.3,5.3,37.85,10.01,13.45,,2.3,,,,8.43,,0.52,,,17.84,8.25,18.39,1.12,12.19,
14/5/2020,10.08,,42.08,7.75,20.61,,,8.4,,12.3,2.72,,,,,19.32,5.3,38.03,9.99,13.4,,2.3,,,,8.43,,0.52,,,17.81,8.27,18.41,1.11,12.19,
15/5/2020,10.07,,41.77,7.79,20.68,,,8.41,,12.33,2.72,,,,,20.43,5.3,38.15,10,13.33,,2.29,,,,8.44,,0.52,,,17.8,8.29,18.44,1.07,12.2,
16/5/2020,10.08,,41.33,7.83,20.55,,,8.54,,12.33,2.77,,,,,20.52,5.32,38.04,10,13.21,,2.25,,,,8.46,,0.52,,,17.88,8.3,18.48,1.09,12.24,
17/5/2020,10.07,,41.35,7.83,20.44,,,8.52,,12.29,2.8,,,,,19.59,5.33,37.59,10.01,13.15,,2.24,,,,8.47,,0.53,,,17.87,8.31,18.49,1.07,12.24,
18/5/2020,10.07,,41.33,7.88,20.42,,,8.5,,12.27,2.8,,,,,18.92,5.34,37.45,9.99,13.06,,2.23,,,,8.48,,0.53,,,17.88,8.33,18.51,1.1,12.26,
19/5/2020,10.06,,41.06,7.86,20.6,,,8.48,,12.28,2.79,,,,,20.49,5.34,38.03,9.99,13,,2.26,,,,8.47,,0.53,,,17.86,8.34,18.52,1.11,12.24,
20/5/2020,10.06,,41.11,7.83,20.59,,,8.47,,12.29,2.78,,,,,19.99,5.34,37.98,9.98,12.98,,2.25,,,,8.47,,0.53,,,17.84,8.35,18.53,1.07,12.23,
21/5/2020,10.06,,41.41,7.81,20.63,,,8.48,,12.34,2.78,,,,,19.74,5.35,38.05,10,12.97,,2.2,,,,8.51,,0.53,,,17.88,8.36,18.55,1.06,12.25,
22/5/2020,10.09,,41.22,7.8,20.83,,,8.49,,12.46,2.78,,,,,20.38,5.36,38.26,10.04,12.96,,2.17,,,,8.52,,0.53,,,17.92,8.37,18.58,1.1,12.26,
23/5/2020,10.14,,41.17,7.78,20.81,,,8.5,,12.47,2.74,,,,,20.51,5.38,38,10.09,12.97,,2.19,,,,8.53,,0.54,,,17.92,8.39,18.6,1.09,12.27,
24/5/2020,10.14,,41.26,7.8,20.63,,,8.51,,12.44,2.74,,,,,19.8,5.39,37.68,10.11,12.97,,2.19,,,,8.58,,0.54,,,17.91,8.41,18.63,1.11,12.27,
25/5/2020,10.13,,41.29,7.81,20.59,,,8.54,,12.4,2.75,,,,,20.58,5.4,37.55,10.12,12.99,,2.21,,,,8.59,,0.54,,,17.95,8.44,18.67,1.12,12.28,
26/5/2020,10.14,,41.14,7.82,20.79,,,8.69,,12.45,2.74,,,,,18.76,5.41,38.4,10.18,13,,2.27,,,,8.6,,0.54,,,17.94,8.46,18.71,1.13,12.3,
27/5/2020,10.16,,41.04,7.86,20.82,,,8.66,,12.53,2.74,,,,,20.5,5.43,38.28,10.27,13.02,,2.28,,,,8.63,,0.54,,,17.98,8.48,18.75,1.3,12.31,
28/5/2020,10.16,,40.91,7.9,20.89,,,8.67,,12.66,2.74,,,,,20.65,5.43,38.53,10.83,13.05,,2.27,,,,8.66,,0.54,,,17.95,8.49,18.77,1.31,12.31,
29/5/2020,10.18,,40.97,7.87,21.02,,,8.69,,12.77,2.72,,,,,20.62,5.43,38.32,10.73,13.08,,2.18,,,,8.64,,0.54,,,17.94,8.5,18.8,1.3,12.31,
30/5/2020,10.19,,40.96,7.84,20.89,,,8.68,,12.75,2.71,,,,,20.66,5.42,38.15,10.49,13.12,,2.18,,,,8.64,,0.55,,,17.92,8.48,18.81,1.36,12.31,
31/5/2020,10.17,,40.81,7.81,20.76,,,8.67,,12.7,2.72,,,,,19.75,5.42,37.69,10.4,13.15,,2.22,,,,8.64,,0.55,,,17.95,8.48,18.82,1.44,12.31,
1/6/2020,10.16,,40.74,7.79,20.89,,,8.67,,12.75,2.71,,,,,20.61,5.42,37.62,10.38,13.19,,2.23,,,,8.65,,0.55,,,17.95,8.47,18.83,1.46,12.32,
2/6/2020,10.14,,40.69,7.76,21.01,,,8.67,,12.79,2.7,,,,,19.66,5.42,37.97,10.66,13.23,,2.27,,,,8.65,,0.51,,,17.97,8.47,18.85,1.43,12.31,
3/6/2020,10.13,,40.63,7.73,21.04,,,8.78,,12.8,2.68,,,,,19.28,5.41,37.87,10.66,13.26,,2.28,,,,8.66,,0.55,,,17.94,8.47,18.87,1.42,12.3,
4/6/2020,10.09,,40.47,7.7,21.16,,,8.69,,12.9,2.59,,,,,20.35,5.39,38.24,10.45,13.27,,2.24,,,,8.65,,0.55,,,17.87,8.5,18.89,1.41,12.28,
5/6/2020,10.09,,40.46,7.7,21.16,,,8.67,,12.9,2.59,,,,,18.76,5.38,38.16,10.4,13.25,,2.23,,,,8.64,,0.55,,,17.87,8.48,18.89,1.44,12.28,
6/6/2020,10.1,,41.01,7.7,21.44,,,8.66,,13.2,2.66,,,,,20.36,5.39,38.09,10.37,13.19,,2.18,,,,8.65,,0.56,,,17.94,8.48,18.91,1.42,12.31,
7/6/2020,10.1,,40.76,7.68,21.3,,,8.66,,13.2,2.7,,,,,19.61,5.39,37.81,10.36,13.18,,2.22,,,,8.66,,0.56,,,17.95,8.5,18.92,1.4,12.31,
8/6/2020,10.05,,40.65,7.68,21.37,,,8.64,,13.22,2.63,,,,,20.54,5.39,37.73,10.35,13.14,,2.17,,,,8.67,,0.56,,,17.95,8.48,18.93,1.4,12.31,
9/6/2020,10.05,,40.48,7.68,21.5,,,8.64,,13.29,2.63,,,,,19.32,5.34,38.52,10.32,13.07,,2.15,,,,8.67,,0.56,,,17.96,8.47,18.94,1.45,12.31,
10/6/2020,10.05,,40.49,7.67,21.57,,,8.65,,13.24,2.65,,,,,18.69,5.4,38.55,10.31,13.02,,2.16,,,,8.68,,0.56,,,17.97,8.47,18.94,1.41,12.32,
11/6/2020,10.03,,40.66,7.66,21.61,,,8.65,,13.26,2.65,,,,,19.14,5.4,38.62,10.3,12.99,,2.15,,,,8.68,,0.56,,,17.96,8.46,18.94,1.39,12.32,
12/6/2020,10.03,,40.56,7.67,21.73,,,8.66,,13.34,2.65,,,,,19.75,5.4,38.62,10.3,12.98,,2.12,,,,8.68,,0.56,,,17.98,8.46,18.94,1.4,12.33,
13/6/2020,10.02,,40.45,7.67,21.74,,,8.68,,13.37,2.65,,,,,20.55,5.41,38.35,10.28,12.95,,2.16,,,,8.69,,0.56,,,17.96,8.46,18.93,1.4,12.33,
14/6/2020,10.02,,40.43,7.67,21.58,,,8.72,,13.31,2.64,,,,,20.11,5.4,37.95,10.25,12.91,,2.18,,,,8.69,,0.57,,,17.95,8.44,18.93,1.46,12.31,
15/6/2020,10.02,,40.67,7.66,21.67,,,8.73,,13.34,2.65,,,,,20.2,5.41,37.95,10.24,12.89,,2.19,,,,8.69,,0.57,,,17.95,8.44,18.93,1.49,12.34,
16/6/2020,10.02,,40.79,7.66,21.86,,,8.76,,13.4,2.67,,,,,20.52,5.41,38.48,10.29,12.88,,2.19,,,,8.7,,0.57,,,17.94,8.43,18.92,1.44,12.33,
17/6/2020,10.01,,40.69,7.66,21.87,,,8.78,,13.44,2.67,,,,,19.63,5.41,38.35,10.31,12.88,,2.22,,,,8.72,,0.57,,,17.92,8.41,18.91,1.45,12.33,
18/6/2020,10.01,,40.48,7.68,22.01,,,8.81,,13.51,2.68,,,,,19.55,5.41,38.31,10.32,12.88,,2.19,,,,8.72,,0.57,,,17.93,8.4,18.91,1.43,12.33,
19/6/2020,10.02,,40.38,7.7,22.11,,,8.85,,13.57,2.7,,,,,19.44,5.42,38.51,10.33,12.89,,2.18,,,,8.72,,0.57,,,17.95,8.39,18.91,1.53,12.35,
20/6/2020,10.02,,40.24,7.73,22.11,,,8.98,,13.63,2.68,,,,,20.56,5.43,38.31,10.33,12.9,,2.17,,,,8.73,,0.57,,,17.95,8.38,18.92,1.49,12.35,
21/6/2020,10.02,,40.16,7.78,21.94,,,9.02,,13.54,2.67,,,,,19.7,5.43,37.63,10.26,12.92,,2.21,,,,8.73,,0.58,,,17.94,8.38,18.92,1.48,12.37,
22/6/2020,10.03,,40.18,7.82,22.01,,,9.03,,13.56,2.67,,,,,20.59,5.44,37.5,10.37,12.95,,2.34,,,,8.76,,0.58,,,17.95,8.4,18.93,1.5,12.38,
23/6/2020,10.04,,40.21,7.87,22.22,,,9.05,,13.65,2.67,,,,,20.61,5.45,38.51,11.78,13,,2.35,,,,8.76,,0.58,,,17.97,8.42,18.96,1.59,12.38,
24/6/2020,10.05,,40.47,7.92,22.4,,,9.16,,13.8,2.68,,,,,20.65,5.47,38.48,13.73,13.04,,2.37,,,,8.76,,0.58,,,17.97,8.43,18.99,1.7,12.4,
25/6/2020,10.07,,40.66,8.04,22.46,,,9.16,,13.81,2.65,,,,,20.69,5.48,38.62,14.78,13.09,,2.37,,,,8.8,,0.58,,,17.99,8.45,19,1.71,12.4,
26/6/2020,10.1,,40.68,8.1,22.55,,,9.18,,13.89,2.65,,,,,20.73,5.49,38.76,15.14,13.14,,2.38,,,,8.79,,0.58,,,18.01,8.47,19.02,1.69,12.41,
27/6/2020,10.14,,40.9,8.14,22.55,,,9.26,,13.95,2.66,,,,,20.76,5.49,38.71,15.63,13.2,,2.39,,,,8.8,,0.58,,,18,8.49,19.04,1.81,12.41,
28/6/2020,10.13,,40.86,8.21,22.37,,,9.3,,13.83,2.65,,,,,20.73,5.5,38.15,15.39,13.25,,2.39,,,,8.82,,0.58,,,18.01,8.51,19.07,1.83,12.44,
29/6/2020,10.13,,41.03,8.27,22.45,,,9.3,,13.85,2.65,,,,,20.73,5.51,38.1,13.73,13.28,,2.38,,,,8.82,,0.58,,,18.01,8.53,19.09,1.85,12.44,
30/6/2020,10.14,,41.23,8.31,22.63,,,9.31,,13.97,2.65,,,,,20.8,5.51,38.79,13.43,13.33,,2.38,,,,8.82,,0.59,,,18.04,8.55,19.11,1.91,12.45,
1/7/2020,10.17,,41.54,8.38,22.76,,,9.45,,14.11,2.66,,,,,20.77,5.53,39.05,13.19,13.38,,2.39,,,,8.85,,0.59,,,18.1,8.57,19.14,1.97,12.47,
2/7/2020,10.17,,41.75,8.43,22.87,,,9.48,,14.17,2.65,,,,,20.85,5.52,39.32,12.31,13.43,,2.4,,,,8.85,,0.59,,,18.15,8.58,19.17,1.97,12.49,
3/7/2020,10.19,,41.42,8.47,22.9,,,9.5,,14.18,2.58,,,,,20.83,5.43,39.38,12.03,13.44,,2.42,,,,8.85,,0.59,,,18.16,8.6,19.19,2.01,12.51,
4/7/2020,10.19,,41.49,8.49,22.84,,,9.5,,14.19,2.62,,,,,20.81,5.52,38.95,11.71,13.43,,2.4,,,,8.9,,0.59,,,18.2,8.56,19.22,1.88,12.53,
5/7/2020,10.19,,41.73,8.51,22.63,,,9.51,,14.05,2.66,,,,,20.77,5.52,38.49,11.53,13.4,,2.4,,,,8.9,,0.59,,,18.16,8.54,19.24,1.93,12.57,
6/7/2020,10.18,,41.6,8.56,22.69,,,9.51,,14.08,2.64,,,,,20.77,5.51,38.42,11.43,13.4,,2.39,,,,8.91,,0.59,,,18.13,8.56,19.28,2.03,12.57,
7/7/2020,10.19,,41.47,8.58,22.86,,,9.61,,14.19,2.66,,,,,20.81,5.51,38.8,11.4,,,2.4,,,,8.94,,0.6,,,18.13,8.57,19.31,2.03,12.58,
8/7/2020,10.19,,41.4,8.63,22.98,,,9.61,,14.25,2.67,,,,,20.84,5.53,38.75,11.37,,,2.42,,,,8.94,,0.6,,,18.22,8.54,19.34,2.01,12.63,
9/7/2020,10.19,,41.45,8.63,23.04,,,9.62,,14.32,2.66,,,,,20.83,5.53,38.73,11.41,,,2.44,,,,8.95,,0.6,,,18.24,8.56,19.38,2.15,12.66,
10/7/2020,10.22,,41.61,8.64,23.13,,,9.65,,14.34,2.66,,,,,20.81,5.54,38.99,11.42,,,2.44,,,,8.98,,0.6,,,18.26,8.58,19.42,2.17,12.69,
11/7/2020,10.27,,41.6,8.71,22.99,,,9.75,,14.36,2.68,,,,,,5.55,38.48,11.88,,,2.45,,,,8.97,,0.56,,,18.28,8.6,19.47,2.16,12.71,
12/7/2020,10.27,,41.39,8.77,22.78,,,9.81,,14.25,2.69,,,,,,5.56,38.37,11.64,,,2.48,,,,8.97,,0.59,,,18.32,8.61,19.53,2.16,12.76,
13/7/2020,10.25,,41.39,8.73,22.75,,,9.85,,14.27,2.71,,,,,20.66,5.57,38.36,11.67,,,2.48,,,,8.98,,0.6,,,18.32,8.62,19.57,2.16,12.8,
14/7/2020,10.24,,41.32,8.73,23.01,,,9.85,,14.34,2.72,,,,,20.66,5.57,39.13,15.62,,,2.47,,,,8.98,,0.6,,,18.29,8.63,19.61,2.21,12.81,
15/7/2020,10.24,,41.53,8.73,23.16,,,9.9,,14.46,2.74,,,,,20.71,5.57,39.57,16.31,,,2.48,,,,8.99,,0.61,,,18.27,8.64,19.66,2.18,12.89,
16/7/2020,10.24,,41.53,8.73,23.19,,,10.03,,14.44,2.76,,,,,20.67,5.58,39.73,16.96,,,2.48,,,,8.99,,0.61,,,18.33,8.65,19.7,2.2,12.98,
17/7/2020,10.25,,41.56,8.74,23.02,,,10.08,,14.39,2.78,,,,,20.66,5.58,39.66,17.53,,,2.5,,,,9,,0.61,,,18.33,8.66,19.73,2.22,13,
18/7/2020,10.26,,41.63,8.73,22.88,,,10.1,,14.36,2.8,,,,,20.68,5.59,39.63,17.26,,,2.53,,,,9.01,,0.61,,,18.38,8.68,19.75,2.17,13.03,
19/7/2020,10.26,,41.46,8.71,22.74,,,10.13,,14.28,2.81,,,,,20.65,5.61,38.92,17.46,,,2.54,,,,9.02,,0.61,,,18.38,8.69,19.78,2.27,13.06,
20/7/2020,10.26,,41.44,8.71,22.71,,,10.16,,14.3,2.82,,,,,20.69,5.61,38.9,16.61,,,2.55,,,,9.02,,0.61,,,18.43,8.7,19.81,2.37,13.08,
21/7/2020,10.28,,41.77,8.73,22.94,,,10.21,,14.42,2.85,,,,,20.71,5.62,39.4,17.62,,,2.57,,,,9.03,,0.61,,,18.46,8.71,19.85,2.35,13.11,
22/7/2020,10.31,,42.2,8.8,22.99,,,10.3,,14.43,2.85,,,,,20.74,5.55,39.32,18.33,,,2.58,,,,9.07,,0.52,,,18.48,8.73,19.89,2.33,13.15,
23/7/2020,10.34,,42.33,8.84,22.97,,,10.32,,14.42,2.82,,,,,20.77,5.56,39.21,18.26,,,2.59,,,,9.06,,0.52,,,18.48,8.71,19.94,2.28,13.18,
24/7/2020,10.39,,42.25,8.88,22.95,,,10.34,,14.41,2.79,,,,,20.76,5.57,39.13,14.74,,,2.59,,,,9.04,,0.61,,,18.5,8.71,19.98,2.38,13.21,
25/7/2020,10.42,,42.13,8.82,22.89,,,10.36,,14.44,2.8,,,,,20.75,5.58,38.64,13.71,,,2.6,,,,9.05,,0.62,,,18.49,8.66,20.01,2.29,13.24,
26/7/2020,10.44,,42.22,8.76,22.75,,,10.38,,14.36,2.85,,,,,20.76,5.58,38.28,13.35,,,2.63,,,,9.06,,0.62,,,18.51,8.64,20.04,2.38,13.29,
27/7/2020,10.42,,42.46,8.72,22.74,,,10.45,,14.38,2.89,,,,,20.82,5.58,38.28,13.25,,,2.66,,,,9.06,,0.62,,,18.54,8.66,20.08,2.4,13.34,
28/7/2020,10.4,,42.41,8.72,22.94,,,10.47,,14.48,2.89,,,,,21.04,5.58,38.95,13.12,,,2.66,,,,9.07,,0.62,,,18.56,8.7,20.12,2.46,13.39,
29/7/2020,10.4,,42.49,8.76,23.06,,,10.49,,14.54,2.88,,,,,21.06,5.58,39.48,13.04,,,2.7,,,,9.1,,0.62,,,18.56,8.73,20.17,2.36,13.43,
30/7/2020,10.42,,42.58,8.87,23.14,,,10.59,,14.58,2.88,,,,,21.08,5.59,39.6,13.26,,,2.78,,,,9.1,,0.62,,,18.64,8.75,20.22,2.45,13.47,
31/7/2020,10.42,,42.69,8.98,23.21,,,10.61,,14.6,2.88,,,,,21.07,5.6,39.52,14.89,,,2.81,,,,9.11,,0.62,,,18.69,8.76,20.27,2.54,13.49,
1/8/2020,10.44,,43.01,9.07,23.1,,,10.65,,14.6,2.89,,,,,21.05,5.6,39.13,13.91,,,2.83,,,,9.13,,0.62,,,18.72,8.77,20.32,2.56,13.52,
2/8/2020,10.35,,42.71,9.13,22.96,,,10.67,,14.52,2.89,,,,,20.99,5.6,38.53,13.24,,,2.79,,,,9.11,,0.57,,,18.67,8.76,20.36,2.6,13.55,
3/8/2020,10.37,,42.56,9.1,22.92,,,10.72,,14.51,2.81,,,,,20.9,5.55,38.49,12.83,,,2.76,,,,9.1,,0.62,,,18.64,8.74,20.4,2.56,13.56,
4/8/2020,10.37,,42.48,9,23.1,,,10.72,,14.56,2.82,,,,,20.86,5.39,39.01,12.68,,,2.68,,,,9.09,,0.63,,,18.62,8.66,20.44,2.62,13.59,
5/8/2020,10.37,,42.65,8.88,23.11,,,10.75,,14.63,2.87,,,,,20.85,5.52,39.22,12.57,,,2.64,,,,9.08,,0.63,,,18.67,8.65,20.47,2.48,13.62,
6/8/2020,10.37,,42.64,8.79,23.1,,,10.75,,14.62,2.91,,,,,20.85,5.53,39.23,12.44,,,2.62,,,,9.09,,0.63,,,18.7,8.64,20.5,2.53,13.66,
7/8/2020,10.37,,42.97,8.73,23.18,,,10.75,,14.66,2.92,,,,,20.84,5.54,39.04,12.33,,,2.66,,,,9.09,,0.63,,,18.71,8.63,20.53,2.54,13.69,
8/8/2020,10.37,,43,8.71,23.26,,,10.76,,14.83,2.92,,,,,20.86,5.53,38.73,12.31,,,2.8,,,,9.1,,0.63,,,18.73,8.62,20.58,2.63,13.73,
9/8/2020,10.38,,42.97,8.69,23.02,,,10.8,,14.67,2.92,,,,,20.84,5.53,38.63,12.26,,,2.81,,,,9.12,,0.63,,,18.74,8.62,20.62,2.68,13.74,
10/8/2020,10.39,,43.03,8.69,23,,,10.81,,14.68,2.93,,,,,20.86,5.53,38.66,12.17,,,2.81,,,,9.11,,0.63,,,18.74,8.64,20.66,2.73,13.75,
11/8/2020,10.39,,43.26,8.71,23.1,,,10.85,,14.73,2.94,,,,,20.92,5.54,38.86,12.14,,,2.83,,,,9.12,,0.63,,,18.78,8.72,20.7,2.87,13.77,
12/8/2020,10.4,,43.32,8.81,23.19,,,10.85,,14.84,2.94,,,,,20.95,5.55,38.88,12.2,,,2.84,,,,9.14,,0.63,,,18.84,8.74,20.75,2.94,13.82,
13/8/2020,10.4,,43.31,8.87,23.34,,,10.9,,14.83,2.95,,,,,21.03,5.55,38.81,12.26,,,2.84,,,,9.13,,0.63,,,18.9,8.76,20.79,2.99,13.87,
14/8/2020,10.41,,43.37,8.94,23.33,,,10.95,,14.84,2.95,,,,,21.03,5.56,38.63,12.17,,,2.85,,,,9.13,,0.64,,,18.95,8.78,20.83,2.98,13.89,
15/8/2020,10.41,,43.33,9,23.18,,,10.97,,14.81,2.95,,,,,21.01,5.56,38.34,12.18,,,2.86,,,,9.15,,0.64,,,19.02,8.79,20.86,3,13.92,
16/8/2020,10.4,,43.37,9.01,23.09,,,11,,14.75,2.95,,,,,21,5.57,38.18,12.19,,,2.86,,,,9.15,,0.64,,,19.02,8.81,20.91,3.06,13.96,
17/8/2020,10.4,,43.42,8.99,23.09,,,11.06,,14.76,2.95,,,,,21.01,5.57,38.17,12.48,,,2.87,,,,9.15,,0.64,,,19.02,8.82,20.96,3.1,14.01,
18/8/2020,10.4,,43.57,8.98,23.25,,,11.08,,14.82,2.96,,,,,21.06,5.58,38.61,12.37,,,2.88,,,,9.16,,0.64,,,19,8.79,21.02,3.19,14.05,
19/8/2020,10.4,,43.58,8.99,23.39,,,11.09,,14.96,2.97,,,,,21.11,5.59,38.88,13.63,,,2.89,,,,9.15,,0.64,,,19,8.77,21.09,3.14,14.1,
20/8/2020,10.4,,43.74,9.01,23.46,,,11.15,,14.94,2.98,,,,,21.1,5.59,38.85,13.54,,,2.9,,,,9.17,,0.64,,,19.01,8.78,21.14,3.17,14.14,
21/8/2020,10.42,,43.79,9.05,23.55,,,11.21,,15.03,2.99,,,,,21.14,5.61,38.76,14.23,,,2.92,,,,9.18,,0.64,,,19.06,8.8,21.19,3.3,14.19,
22/8/2020,10.47,,44.04,9.13,23.63,,,11.23,,15.21,2.99,,,,,21.17,5.62,38.58,14.42,,,2.93,,,,9.19,,0.64,,,19.08,8.83,21.25,3.25,14.22,
23/8/2020,10.45,,44.07,9.16,23.51,,,11.23,,15.15,2.95,,,,,21.11,5.49,38.32,13.35,,,2.93,,,,9.19,,0.61,,,19.09,8.84,21.33,3.31,14.23,
24/8/2020,10.44,,44.37,9.14,23.42,,,11.27,,15.06,2.94,,,,,21.02,5.5,38.31,13.13,,,2.94,,,,9.19,,0.61,,,19.09,8.8,21.39,3.34,14.26,
25/8/2020,10.44,,44.5,9.16,23.47,,,11.28,,15.07,2.97,,,,,21.02,5.59,38.89,13.01,,,2.95,,,,9.19,,0.65,,,19.09,8.77,21.45,3.3,14.29,
26/8/2020,10.43,,44.92,9.22,23.55,,,11.31,,15.17,2.99,,,,,21.02,5.58,39.38,12.68,,,2.96,,,,9.21,,0.65,,,19.08,8.76,21.51,3.36,14.35,
27/8/2020,10.43,,44.77,9.27,23.65,,,11.35,,15.15,3,,,,,21.01,5.58,39.48,12.51,,,2.97,,,,9.21,,0.65,,,19.08,8.76,21.58,3.33,14.39,
28/8/2020,10.43,,44.89,9.27,23.69,,,11.35,,15.17,3,,,,,20.98,5.57,39.37,12.16,,,2.96,,,,9.2,,0.65,,,19.07,8.79,21.65,3.36,14.43,
29/8/2020,10.46,,44.92,9.27,23.66,,,11.37,,15.28,3,,,,,20.96,5.53,38.94,12.27,,,2.87,,,,9.2,,0.65,,,19.05,8.81,21.72,3.4,14.45,
30/8/2020,10.45,,45.06,9.33,23.53,,,11.39,,15.19,3,,,,,20.94,5.51,38.61,12.21,,,2.82,,,,9.23,,0.65,,,19.05,8.77,21.79,3.37,14.48,
31/8/2020,10.45,,45.01,9.24,23.48,,,11.41,,15.11,3.02,,,,,20.95,5.56,38.6,12.17,,,2.73,,,,9.22,,0.65,,,19.1,8.75,21.85,3.37,14.55,
1/9/2020,10.44,,45.02,9.16,23.36,,,11.39,,14.98,3.02,,,,,20.97,5.56,39.29,12.13,,,2.7,,,,9.22,,0.65,,,19.09,8.68,21.92,3.42,14.6,
2/9/2020,10.45,,45.25,9.13,23.46,,,11.39,,15.2,3.03,,,,,20.94,5.56,39.54,12.07,,,2.7,,,,9.22,,0.66,,,19.1,8.65,21.97,3.38,14.64,
3/9/2020,10.45,,45.42,9.1,23.55,,,11.4,,15.17,3.03,,,,,20.95,5.57,39.5,12.05,,,2.65,,,,9.23,,0.66,,,19.15,8.61,22.02,3.3,14.68,
4/9/2020,10.46,,45.42,9.08,23.69,,,11.4,,15.24,3.05,,,,,20.99,5.59,39.48,11.99,,,2.64,,,,9.24,,0.66,,,19.15,8.58,22.08,3.33,14.73,
5/9/2020,10.45,,45.46,9.03,23.69,,,11.41,,15.35,3.05,,,,,20.97,5.59,39.23,11.96,,,2.7,,,,9.23,,0.66,,,19.12,8.54,22.13,3.38,14.75,
6/9/2020,10.45,,45.4,9.01,23.53,,,11.43,,15.24,3.05,,,,,20.94,5.58,38.65,11.86,,,2.78,,,,9.23,,0.66,,,19.1,8.49,22.19,3.41,14.77,
7/9/2020,10.38,,45.64,9.01,23.47,,,11.46,,15.18,3.05,,,,,20.94,5.58,38.62,11.91,,,2.89,,,,9.27,,0.66,,,19.1,8.47,22.25,3.43,14.8,
8/9/2020,10.45,,45.8,9.03,23.67,,,11.49,,15.3,3.07,,,,,20.92,5.58,39.31,11.9,,,2.92,,,,9.28,,0.66,,,19.18,8.45,22.31,3.45,14.87,
9/9/2020,10.45,,46.13,9.02,23.75,,,11.48,,15.43,3.07,,,,,20.97,5.61,39.72,11.61,,,2.9,,,,9.28,,0.67,,,19.15,8.44,22.37,3.51,14.92,
10/9/2020,10.45,,45.92,9.02,23.79,,,11.49,,15.36,3.06,,,,,20.96,5.6,39.68,11.79,,,3.03,,,,9.28,,0.67,,,19.13,8.43,22.43,3.53,14.91,
11/9/2020,10.45,,45.96,9.03,23.83,,,11.5,,15.37,3.05,,,,,20.96,5.6,39.59,11.85,,,3.03,,,,9.28,,0.67,,,19.13,8.42,22.49,3.56,14.94,
12/9/2020,10.45,,45.99,9.04,23.78,,,11.51,,15.46,3.05,,,,,20.99,5.61,39.27,11.89,,,3.05,,,,9.28,,0.67,,,19.17,8.42,22.55,3.63,14.97,
13/9/2020,10.47,,46.11,9.07,23.73,,,11.53,,15.4,3.06,,,,,21,5.62,38.85,11.65,,,3.07,,,,9.3,,0.67,,,19.2,8.42,22.61,3.65,15.02,
14/9/2020,10.47,,46.1,9.07,23.67,,,11.55,,15.3,3.07,,,,,21.02,5.64,38.84,11.88,,,3.08,,,,9.3,,0.67,,,19.22,8.43,22.67,3.67,15.08,
15/9/2020,10.47,,46.12,9.09,23.66,,,11.56,,15.22,3.08,,,,,21.01,5.65,39.53,11.83,,,3.08,,,,9.3,,0.67,,,19.2,8.43,22.73,3.68,15.11,
16/9/2020,10.47,,46.19,9.1,23.66,,,11.55,,15.24,3.07,,,,,21,5.64,39.83,11.86,,,3.08,,,,9.3,,0.67,,,19.19,8.43,22.78,3.64,15.14,
17/9/2020,10.48,,46.15,9.1,23.67,,,11.55,,15.24,3.07,,,,,21.02,5.65,39.84,11.65,,,3.03,,,,9.3,,0.67,,,19.19,8.44,22.84,3.67,15.15,
18/9/2020,10.51,,46.31,9.13,23.77,,,11.57,,15.29,3.08,,,,,21.03,5.66,39.65,11.87,,,3.01,,,,9.32,,0.68,,,19.23,8.44,22.9,3.78,15.18,
19/9/2020,10.52,,46.23,9.16,23.72,,,11.59,,15.33,3.08,,,,,21.04,5.67,39.28,11.57,,,2.96,,,,9.32,,0.68,,,19.24,8.47,22.95,3.84,15.18,
20/9/2020,10.52,,46.21,9.12,23.52,,,11.59,,15.19,3.09,,,,,21,5.67,38.81,11.73,,,3.07,,,,9.32,,0.68,,,19.22,8.48,23.01,3.84,15.19,
21/9/2020,10.46,,46.37,9.03,23.49,,,11.59,,15.17,3.09,,,,,21.02,5.64,38.79,11.78,,,3.08,,,,9.32,,0.68,,,19.23,8.48,23.06,3.75,15.2,
22/9/2020,10.47,,46.58,8.93,23.75,,,11.58,,15.25,3.08,,,,,21.01,5.61,39.48,11.72,,,3.06,,,,9.32,,0.68,,,19.22,8.49,23.1,3.68,15.2,
23/9/2020,10.49,,46.77,8.87,23.86,,,11.58,,15.3,3.07,,,,,21,5.62,39.64,11.36,,,3.04,,,,9.32,,0.68,,,19.21,8.49,23.15,3.7,15.2,
24/9/2020,10.48,,46.74,8.81,23.91,,,11.57,,15.35,3.08,,,,,20.99,5.63,39.74,,,,3.05,,,,9.3,,0.68,,,19.18,8.49,23.19,3.69,15.2,
25/9/2020,10.46,,46.6,8.75,23.84,,,11.54,,15.28,3.07,,,,,20.07,5.59,39.56,,,,3.11,,,,9.28,,0.68,,,19.12,8.49,23.23,3.62,15.14,
26/9/2020,10.47,,46.57,8.72,23.67,,,11.54,,15.29,3.09,,,,,20.97,5.59,39.39,,,,3.06,,,,9.27,,0.68,,,19.15,8.5,23.25,3.56,15.15,
27/9/2020,10.48,,46.53,8.67,23.49,,,11.52,,15.2,3.12,,,,,21.01,5.6,38.91,,,,2.98,,,,9.25,,0.69,,,19.22,8.5,23.28,3.44,15.14,
28/9/2020,10.47,,46.56,8.64,23.45,,,11.52,,15.2,3.13,,,,,21.01,5.61,38.79,,,,2.93,,,,9.25,,0.69,,,19.22,8.51,23.3,3.38,15.14,
29/9/2020,10.49,,46.67,8.61,23.62,,,11.51,,15.14,3.14,,,,,21.05,5.62,39.37,,,,2.87,,,,9.26,,0.69,,,19.29,8.51,23.32,3.3,15.17,
30/9/2020,10.49,,46.63,8.57,23.8,,,11.48,,15.3,3.15,,,,,21.04,5.63,39.68,,,,2.89,,,,9.26,,0.69,,,19.27,8.52,23.36,3.31,15.16,
1/10/2020,10.49,,46.56,8.52,23.93,,,11.46,,15.36,3.14,,,,,21.02,5.62,39.7,,,,2.96,,,,9.25,,0.69,,,19.24,8.52,23.39,3.22,15.14,
2/10/2020,10.48,,46.47,8.49,23.94,,,11.44,,15.38,3.13,,,,,20.99,5.61,39.66,,,,2.98,,,,9.24,,0.69,,,19.2,8.52,23.4,3.19,15.12,
3/10/2020,10.48,,46.46,8.46,23.83,,,11.43,,15.38,3.13,,,,,20.98,5.6,39.39,,,,3.01,,,,9.22,,0.69,,,19.18,8.52,23.41,3.24,15.1,
4/10/2020,10.49,,46.54,8.46,23.58,,,11.44,,15.3,3.13,,,,,21.02,5.61,38.94,,,,2.95,,,,9.23,,0.69,,,19.24,8.53,23.41,3.25,15.12,
5/10/2020,10.48,,46.53,8.44,23.55,,,11.42,,15.28,3.13,,,,,21.02,5.57,38.77,,,,2.89,,,,9.22,,0.7,,,19.26,8.53,23.41,3.22,15.11,
6/10/2020,10.5,,47.03,8.42,23.77,,,11.72,,15.38,3.14,,,,,21.06,5.63,39.24,,,,2.83,,,,9.22,,0.7,,,19.3,8.53,23.4,3.18,15.13,
7/10/2020,10.53,,46.77,8.41,23.85,,,11.67,,15.37,3.14,,,,,21.04,5.63,39.47,,,,2.86,,,,9.21,,0.7,,,19.28,8.53,23.4,3.15,15.11,
8/10/2020,10.55,,46.51,8.41,23.99,,,11.6,,15.48,3.15,,,,,21.1,5.65,39.73,,,,2.78,,,,9.23,,0.7,,,19.36,8.53,23.39,3.21,15.16,
9/10/2020,10.55,,46.51,8.4,24.03,,,11.55,,15.52,3.15,,,,,21.09,5.66,39.65,,,,2.78,,,,9.23,,0.7,,,19.35,8.53,23.38,3.23,15.13,
10/10/2020,10.54,,46.51,8.37,23.87,,,11.52,,15.46,3.15,,,,,21.07,5.66,39.23,,,,2.82,,,,9.22,,0.7,,,19.32,8.53,23.37,3.17,15.1,
11/10/2020,10.56,,46.55,8.33,23.54,,,11.48,,15.33,3.14,,,,,21.05,5.6,38.89,,,,2.78,,,,9.19,,0.68,,,19.3,8.53,23.36,3.08,15.05,
12/10/2020,10.56,,46.39,8.31,23.5,,,11.42,,15.31,3.14,,,,,21.05,5.63,38.78,,,,2.77,,,,9.16,,0.7,,,19.3,8.51,23.34,3.01,15.01,
13/10/2020,10.56,,46.25,8.28,23.66,,,11.41,,15.35,3.14,,,,,21.05,5.64,39.49,,,,2.77,,,,9.16,,0.71,,,19.3,8.5,23.32,2.94,14.99,
14/10/2020,10.55,,46.1,8.26,23.9,,,11.39,,15.43,3.15,,,,,21.05,5.64,39.65,,,,2.79,,,,9.15,,0.71,,,19.3,8.49,23.31,2.89,14.96,
15/10/2020,10.46,,46.1,8.23,23.88,,,11.36,,15.45,3.09,,,,,21.01,5.51,39.61,,,,2.76,,,,9.13,,0.64,,,19.28,8.45,23.3,2.84,14.93,
16/10/2020,10.53,,46.45,8.23,23.79,,,11.35,,15.46,3.08,,,,,21.07,5.48,39.71,,,,2.73,,,,9.14,,0.63,,,19.34,8.42,23.27,2.8,14.93,
17/10/2020,10.54,,46.24,8.23,23.79,,,11.36,,15.46,3.08,,,,,21.07,5.56,39.52,,,,2.69,,,,9.14,,0.71,,,19.34,8.38,23.25,2.78,14.92,
18/10/2020,10.55,,46.13,8.23,23.63,,,11.36,,15.43,3.11,,,,,21.1,5.56,39.01,,,,2.66,,,,9.15,,0.71,,,19.35,8.34,23.23,2.76,14.92,
19/10/2020,10.55,,46.07,8.23,23.59,,,11.35,,15.4,3.13,,,,,21.1,5.56,38.87,,,,2.64,,,,9.15,,0.72,,,19.37,8.3,,2.77,14.92,
20/10/2020,10.55,,46.13,8.21,23.86,,,11.34,,15.48,3.15,,,,,21.11,5.56,39.52,,,,2.62,,,,9.15,,0.71,,,19.37,8.27,,2.83,14.9,
21/10/2020,10.55,,45.98,8.21,23.99,,,11.33,,15.55,3.15,,,,,21.1,5.55,39.71,,,,2.62,,,,9.14,,0.72,,,19.35,8.26,,2.82,14.89,
22/10/2020,10.55,,45.91,8.2,24.07,,,11.33,,15.58,3.15,,,,,21.11,5.55,39.75,,,,2.65,,,,9.14,,0.72,,,19.36,8.24,,2.77,14.88,
23/10/2020,10.55,,45.94,8.18,24.11,,,11.32,,15.61,3.16,,,,,21.1,5.54,39.62,,,,2.69,,,,9.13,,0.72,,,19.33,8.23,,2.77,14.84,
24/10/2020,10.55,,46.01,8.16,23.96,,,11.31,,15.59,3.17,,,,,21.09,5.53,39.42,,,,2.73,,,,9.12,,0.72,,,19.32,8.23,,2.74,14.81,
25/10/2020,10.56,,45.84,8.14,23.69,,,11.3,,15.47,3.17,,,,,21.08,5.52,39,,,,2.73,,,,9.11,,0.72,,,19.32,8.23,,2.73,14.8,
26/10/2020,10.55,,45.74,8.11,23.62,,,11.27,,15.43,3.18,,,,,21.05,5.5,38.88,,,,2.82,,,,9.09,,0.72,,,19.28,8.22,,2.67,14.76,
27/10/2020,10.54,,45.73,8.1,23.79,,,11.25,,15.45,3.18,,,,,21.06,5.43,39.43,,,,2.74,,,,9.08,,0.72,,,19.29,8.23,,2.75,14.76,
28/10/2020,10.56,,45.74,8.11,24.04,,,11.34,,15.6,3.2,,,,,21.12,5.52,39.49,,,,2.68,,,,9.09,,0.72,,,19.37,8.24,,2.78,14.78,
29/10/2020,10.57,,45.66,8.11,24.11,,,11.34,,15.64,3.2,,,,,21.12,5.52,39.58,,,,2.68,,,,9.09,,0.72,,,19.38,8.24,,2.74,14.77,
30/10/2020,10.57,,45.59,8.11,24.23,,,11.35,,15.71,3.21,,,,,21.13,5.53,39.81,,,,2.64,,,,9.09,,0.73,,,19.4,8.25,,2.73,14.77,
31/10/2020,10.58,,45.55,8.1,24.14,,,11.36,,15.72,3.19,,,,,21.14,5.54,39.63,,,,2.64,,,,9.09,,0.73,,,19.41,8.27,,2.71,14.77,
1/11/2020,10.58,,45.53,8.09,23.81,,,11.37,,15.6,3.19,,,,,21.13,5.53,39.14,,,,2.65,,,,9.08,,0.73,,,19.4,8.27,,2.69,14.76,
2/11/2020,10.59,,45.61,8.09,23.77,,,11.39,,15.57,3.19,,,,,21.13,5.54,39.02,,,,2.64,,,,9.08,,0.73,,,19.4,8.28,,2.7,14.75,
3/11/2020,10.59,,45.63,8.08,24.08,,,11.39,,15.76,3.19,,,,,21.13,5.55,39.72,,,,2.66,,,,9.08,,0.73,,,19.41,8.29,,2.71,14.75,
4/11/2020,10.59,,45.71,8.07,24.22,,,11.4,,15.81,3.21,,,,,21.13,5.55,39.65,,,,2.68,,,,9.07,,0.73,,,19.4,8.3,,2.67,14.74,
5/11/2020,10.6,,46.4,8.08,24.35,,,11.42,,15.9,3.22,,,,,21.16,5.56,39.98,,,,2.64,,,,9.07,,0.74,,,19.49,8.32,,2.73,14.76,
6/11/2020,10.61,,46.22,8.08,24.4,,,11.43,,15.95,3.23,,,,,21.17,5.57,39.87,,,,2.61,,,,9.08,,0.74,,,19.47,8.33,,2.67,14.75,
7/11/2020,10.61,,46.09,8.07,24.17,,,11.43,,15.89,3.23,,,,,21.17,5.57,39.57,,,,2.61,,,,9.07,,0.74,,,19.45,8.34,,2.71,14.74,
8/11/2020,10.61,,46.01,8.05,23.92,,,11.43,,15.78,3.23,,,,,21.16,5.57,39.22,,,,2.63,,,,9.06,,0.74,,,19.44,8.35,,2.69,14.73,
9/11/2020,10.61,,46.13,8.04,23.87,,,11.41,,15.75,3.23,,,,,21.16,5.57,39.06,,,,2.66,,,,9.06,,0.74,,,19.43,8.36,,2.69,14.7,
10/11/2020,10.62,,45.88,8.03,23.87,,,11.4,,15.74,3.24,,,,,21.16,5.57,39.66,,,,2.66,,,,9.05,,0.74,,,19.44,8.37,,2.68,14.72,
11/11/2020,10.64,,45.96,8.02,23.94,,,11.39,,15.78,3.25,,,,,21.16,5.57,39.63,,,,2.65,,,,9.04,,0.74,,,19.46,8.38,,2.74,14.72,
12/11/2020,10.64,,45.78,8.02,24.03,,,11.4,,15.82,3.25,,,,,21.16,5.58,39.67,,,,2.67,,,,9.03,,0.74,,,19.46,8.38,,2.87,14.71,
13/11/2020,10.64,,45.78,8.01,24.14,,,11.43,,15.86,3.26,,,,,21.17,5.58,39.86,,,,2.67,,,,9.03,,0.75,,,19.47,8.39,,2.9,14.71,
14/11/2020,10.64,,45.59,8,24.08,,,11.45,,15.87,3.27,,,,,21.17,5.59,39.62,,,,2.67,,,,9.02,,0.75,,,19.48,8.4,,2.84,14.71,
15/11/2020,10.64,,45.58,7.99,23.67,,,11.47,,15.69,3.27,,,,,21.16,5.58,39.2,,,,2.7,,,,9.01,,0.75,,,19.47,8.41,,2.81,14.7,
16/11/2020,10.64,,45.84,7.96,23.58,,,11.46,,15.62,3.27,,,,,21.14,5.56,38.98,,,,2.72,,,,8.99,,0.75,,,19.44,8.42,,2.78,14.67,
17/11/2020,10.65,,45.7,7.98,23.87,,,11.49,,15.75,3.28,,,,,21.18,5.58,39.78,,,,2.63,,,,8.99,,0.75,,,19.5,8.42,,2.6,14.75,
18/11/2020,10.65,,45.51,7.97,24.1,,,11.53,,15.88,3.28,,,,,21.2,5.59,39.84,,,,2.6,,,,9,,0.75,,,19.52,8.43,,2.57,14.96,
19/11/2020,10.65,,45.37,7.95,24.07,,,11.52,,15.84,3.29,,,,,21.16,5.59,39.72,,,,2.61,,,,8.98,,0.75,,,19.48,8.44,,2.53,15.01,
20/11/2020,10.63,,45.35,7.94,24.15,,,11.52,,15.8,3.29,,,,,21.17,5.58,39.51,,,,2.59,,,,8.97,,0.74,,,19.47,8.44,,2.43,14.97,
21/11/2020,10.65,,45.71,7.96,24.2,,,11.54,,15.97,3.3,,,,,21.17,5.59,39.41,,,,2.51,,,,8.98,,0.75,,,19.56,8.45,,2.38,14.95,
22/11/2020,10.66,,45.84,7.95,23.97,,,11.56,,15.87,3.3,,,,,21.2,5.61,39.01,,,,2.48,,,,8.98,,0.76,,,19.55,8.45,,2.36,14.9,
23/11/2020,10.65,,45.85,7.94,23.92,,,11.56,,15.84,3.3,,,,,21.19,5.6,38.97,,,,2.5,,,,8.98,,0.76,,,19.53,8.45,,2.34,14.87,
24/11/2020,10.65,,45.64,7.93,24.14,,,11.57,,15.85,3.31,,,,,21.19,5.6,39.85,,,,2.51,,,,8.97,,0.76,,,19.54,8.45,,2.4,14.83,
25/11/2020,10.65,,45.6,7.91,24.03,,,11.57,,15.69,3.31,,,,,21.19,5.6,39.83,,,,2.54,,,,8.96,,0.76,,,19.53,8.44,,2.36,14.81,
26/11/2020,10.66,,45.74,7.91,24.07,,,11.58,,15.68,3.32,,,,,21.21,5.6,39.99,,,,2.53,,,,8.95,,0.77,,,19.55,8.44,,2.35,14.78,
27/11/2020,10.66,,45.62,7.9,24.09,,,11.58,,15.67,3.32,,,,,21.2,5.6,39.83,,,,2.56,,,,8.94,,0.77,,,19.55,8.44,,2.34,14.75,
28/11/2020,10.65,,45.45,7.88,24.3,,,11.58,,16.07,3.32,,,,,21.19,5.59,39.63,,,,2.61,,,,8.94,,0.77,,,19.55,8.43,,2.3,14.71,
29/11/2020,10.66,,45.79,7.87,24.14,,,11.58,,16.07,3.32,,,,,21.18,5.59,39.26,,,,2.69,,,,8.92,,0.77,,,19.55,8.43,,2.27,14.69,
30/11/2020,10.66,,46.15,7.88,24.12,,,11.6,,16.07,3.33,,,,,21.22,5.6,39.2,,,,2.62,,,,8.92,,0.77,,,19.59,8.44,,2.3,14.69,
1/12/2020,10.66,,45.87,7.85,24.21,,,11.59,,16.07,3.33,,,,,21.19,5.59,39.8,,,,2.65,,,,8.88,,0.77,,,19.57,8.44,,2.27,14.63,
2/12/2020,10.56,,45.75,7.8,24.26,,,11.57,,16.08,3.31,,,,,21.15,5.55,39.96,,,,2.61,,,,8.85,,0.78,,,19.56,8.44,,2.22,14.58,
3/12/2020,10.57,,46.11,7.78,24.29,,,11.57,,16.13,3.31,,,,,21.21,5.56,39.92,,,,2.66,,,,8.83,,0.78,,,19.56,8.42,,2.23,14.55,
4/12/2020,10.61,,46.36,7.75,24.23,,,11.56,,16.1,3.33,,,,,21.27,5.54,39.82,,,,2.73,,,,8.82,,0.76,,,19.53,8.41,,2.18,14.51,
5/12/2020,10.6,,46.43,7.7,24.16,,,11.54,,16.11,3.31,,,,,21.31,5,39.49,,,,2.71,,,,8.75,,0.31,,,19.54,8.35,,2.16,14.49,
6/12/2020,10.58,,46.94,7.72,24.07,,,11.52,,16.06,3.21,,,,,21.3,5.31,39.11,,,,2.71,,,,8.75,,0.28,,,19.54,8.21,,2.03,14.44,
7/12/2020,10.58,,47.2,7.72,24.07,,,11.52,,16.07,3.11,,,,,21.27,5.33,39.08,,,,2.64,,,,8.78,,0.27,,,19.55,8.06,,2.03,14.45,
8/12/2020,10.6,,46.96,7.71,24.11,,,11.58,,16.09,3.05,,,,,21.27,5.47,39.69,,,,2.64,,,,8.77,,0.31,,,19.52,7.86,,1.96,14.39,
9/12/2020,10.58,,47.31,7.7,24.12,,,11.57,,16.02,2.77,,,,,21.27,5.3,39.8,,,,2.57,,,,8.76,,0.3,,,19.5,7.65,,1.91,14.37,
10/12/2020,10.59,,46.96,7.72,23.91,,,11.58,,15.73,2.71,,,,,21.25,5.35,39.85,,,,2.51,,,,8.76,,0.31,,,19.47,7.42,,1.96,14.36,
11/12/2020,10.59,,46.75,7.71,23.73,,,11.58,,15.57,2.7,,,,,21.23,5.31,39.74,,,,2.47,,,,8.76,,0.32,,,19.39,7.23,,1.9,14.35,
12/12/2020,10.58,,46.59,7.7,23.59,,,11.54,,15.52,2.64,,,,,21.25,5.23,39.37,,,,2.41,,,,8.74,,0.33,,,19.35,7.16,,1.87,14.32,
13/12/2020,10.58,,46.56,7.72,23.49,,,11.51,,15.49,2.64,,,,,21.15,5.19,38.98,,,,2.26,,,,8.76,,0.33,,,19.37,7.15,,1.87,14.31,
14/12/2020,10.58,,46.47,7.74,23.5,,,11.48,,15.48,2.67,,,,,21.09,5.24,38.94,,,,2.17,,,,8.76,,0.33,,,19.37,7.15,,1.86,14.31,
15/12/2020,10.58,,46.44,7.74,23.57,,,11.42,,15.48,2.68,,,,,21.16,5.24,39.51,,,,2.14,,,,8.76,,0.33,,,19.34,7.16,,1.8,14.28,
16/12/2020,10.58,,46.33,7.75,23.62,,,11.38,,15.5,2.71,,,,,21.15,5.24,39.69,,,,2.13,,,,8.76,,0.33,,,19.33,7.19,,1.79,14.25,
17/12/2020,10.58,,46.27,7.76,23.78,,,11.34,,15.55,2.73,,,,,20.15,5.24,39.59,,,,2.12,,,,8.76,,0.33,,,19.31,7.23,,1.88,14.22,
18/12/2020,10.57,,46.15,7.76,23.79,,,11.31,,15.56,2.76,,,,,21.12,5.23,39.54,,,,2.1,,,,8.77,,0.33,,,19.29,7.26,,1.84,14.19,
19/12/2020,10.57,,46.13,7.75,23.64,,,11.27,,15.5,2.78,,,,,21.12,5.22,39.25,,,,2.08,,,,8.76,,0.33,,,19.26,7.29,,1.8,14.15,
20/12/2020,10.56,,45.93,7.74,23.47,,,11.24,,15.43,2.8,,,,,20.65,5.21,38.66,,,,2.09,,,,8.76,,0.33,,,19.24,7.31,,1.78,14.13,
21/12/2020,10.56,,45.76,7.74,23.44,,,11.21,,15.41,2.81,,,,,21.11,5.21,38.65,,,,2.05,,,,8.75,,0.33,,,19.23,7.33,,1.77,14.1,
22/12/2020,10.55,,45.95,7.74,23.5,,,11.19,,15.42,2.83,,,,,21.1,5.2,39.11,,,,2.08,,,,8.75,,0.33,,,19.21,7.34,,1.75,14.07,
23/12/2020,10.55,,45.91,7.73,23.53,,,11.16,,15.41,2.85,,,,,20.96,5.19,38.97,,,,2.08,,,,8.74,,0.33,,,19.18,7.35,,1.7,14.02,
24/12/2020,10.53,,45.76,7.69,23.3,,,11.12,,15.3,2.85,,,,,20.08,5.18,38.66,,,,2.13,,,,8.72,,0.33,,,19.12,7.35,,1.66,13.97,
25/12/2020,10.53,,45.76,7.67,23.23,,,11.1,,15.27,2.85,,,,,19.32,5.15,38.4,,,,2.08,,,,8.7,,0.2,,,19.1,7.36,,1.65,13.94,
26/12/2020,10.53,,45.84,7.67,23.23,,,11.09,,15.27,2.87,,,,,20.91,5.16,38.28,,,,1.99,,,,8.68,,0.31,,,19.15,7.38,,1.54,13.9,
27/12/2020,10.52,,45.65,7.64,23.12,,,11.03,,15.17,2.87,,,,,20.9,5.14,38.12,,,,1.97,,,,8.68,,0.32,,,19.05,7.4,,1.5,13.83,
28/12/2020,10.49,,45.42,7.55,23.04,,,10.97,,15.11,2.84,,,,,21.04,5.09,38.07,,12.5,,2.09,,,,8.6,,0.28,,,18.97,7.39,,1.42,13.75,
29/12/2020,10.5,,46.13,7.59,23.17,,,10.97,,15.13,2.84,,,,,21.02,5.1,38.29,,12.46,,2,,,,8.59,,0.32,,,19.04,7.41,,1.41,13.76,
30/12/2020,10.51,,46.56,7.6,23.1,,,11,,15.11,2.83,,,,,17.91,5.07,38.38,,12.44,,1.92,,,,8.63,,0.32,,,19.11,7.39,,1.4,13.74,
31/12/2020,10.51,,46.23,7.61,22.93,,,11.01,,15.02,2.82,,,,,20.93,5.11,38.34,,12.43,,1.86,,,,8.64,,0.32,,,19.13,7.36,,1.39,13.72,
1/1/2021,10.5,,46.17,7.59,22.82,,,10.99,,14.95,2.77,,,,,20.23,5.1,38.17,,12.43,,1.83,,,,8.64,,0.3,,,19.1,7.34,,1.4,13.68,
2/1/2021,10.49,,46.17,7.58,22.73,,,10.96,,14.89,2.67,,,,,20.95,5.1,38.02,,12.35,,1.83,,,,8.62,,0.31,,,19.05,7.28,,1.37,13.63,
3/1/2021,10.49,,46.08,7.59,22.72,,,10.96,,14.9,2.62,,,,,20.91,5.07,37.97,,12.19,,1.8,,,,8.62,,0.32,,,19.05,7.21,,1.36,13.62,
4/1/2021,10.48,,45.9,7.59,22.73,,,10.94,,14.89,2.6,,,,,19.86,5.06,38,,11.95,,1.78,,,,8.63,,0.32,,,19.03,7.12,,1.36,13.59,
5/1/2021,10.47,,45.86,7.57,22.8,,,10.92,,14.86,2.58,,,,,20.41,5.05,38.28,,11.75,,1.75,,,,8.6,,0.32,,,18.98,7.05,,1.28,13.55,
6/1/2021,10.48,,45.92,7.57,22.8,,,10.91,,14.86,2.57,,,,,20.29,5.01,38.44,,11.51,,1.67,,,,8.6,,0.32,,,18.97,7.03,,1.25,13.55,
7/1/2021,10.47,,45.72,7.59,22.77,,,10.88,,14.85,2.56,,,,,20.84,5.02,38.39,,11.3,,1.62,,,,8.6,,0.32,,,18.95,7.03,,1.25,13.52,
8/1/2021,10.46,,45.66,7.58,22.79,,,10.85,,14.84,2.57,,,,,20.83,5.01,38.54,,11.2,,1.51,,,,8.6,,0.32,,,18.92,7.04,,1.23,13.51,
9/1/2021,10.47,,45.54,7.59,22.77,,,10.79,,14.85,2.59,,,,,20.91,5,38.32,,11.15,,1.46,,,,8.6,,0.32,,,18.92,7.08,,1.23,13.49,
10/1/2021,10.46,,45.39,7.58,22.71,,,10.73,,14.81,2.61,,,,,20.89,4.99,38.01,,11.14,,1.41,,,,8.59,,0.33,,,18.88,7.12,,1.23,13.45,
11/1/2021,10.45,,45.34,7.58,22.7,,,10.67,,14.81,2.63,,,,,20.88,4.98,37.97,,11.13,,1.33,,,,8.59,,0.33,,,18.85,7.16,,1.22,13.44,
12/1/2021,10.44,,45.32,7.57,22.68,,,10.59,,14.77,2.66,,,,,20.86,4.97,38.65,,11.15,,1.3,,,,8.58,,0.33,,,18.78,7.21,,1.22,13.4,
13/1/2021,10.44,,45.3,7.56,22.67,,,10.52,,14.76,2.67,,,,,20.84,4.96,39.04,,11.17,,1.31,,,,8.58,,0.33,,,18.77,7.24,,1.2,13.38,
14/1/2021,10.44,,45.32,7.55,22.65,,,10.47,,14.74,2.69,,,,,20.82,4.95,39.09,,11.21,,1.33,,,,8.56,,0.33,,,18.71,7.29,,1.19,13.35,
15/1/2021,10.44,,45.16,7.56,22.69,,,10.42,,14.77,2.72,,,,,20.85,4.95,38.99,,11.27,,1.28,,,,8.57,,0.33,,,18.75,7.33,,1.2,13.35,
16/1/2021,10.44,,45.17,7.57,22.61,,,10.36,,14.73,2.75,,,,,20.85,4.96,38.71,,11.35,,1.22,,,,8.58,,0.33,,,18.72,7.38,,1.25,13.34,
17/1/2021,10.44,,45.03,7.56,22.51,,,10.32,,14.68,2.76,,,,,20.81,4.95,38.33,,11.4,,1.24,,,,8.57,,0.33,,,18.68,7.42,,1.2,13.31,
18/1/2021,10.44,,45.09,7.58,22.52,,,10.28,,14.7,2.79,,,,,20.84,4.96,38.29,,11.47,,1.17,,,,8.57,,0.33,,,18.72,7.46,16.72,1.2,13.32,
19/1/2021,10.44,,45.02,7.58,22.59,,,10.23,,14.71,2.81,,,,,20.82,4.97,39.08,,11.54,,1.14,,,,8.58,,0.33,,,18.69,7.5,16.61,1.2,13.29,
20/1/2021,10.44,,44.94,7.57,22.58,,,10.18,,14.69,2.82,,,,,20.8,4.96,39.3,,11.6,,1.18,,,,8.57,,0.33,,,18.65,7.53,16.5,1.19,13.26,
21/1/2021,10.43,,44.89,7.55,22.51,,,10.13,,14.62,2.83,,,,,20.76,4.95,39.28,,11.65,,1.23,,,,8.56,,0.33,,,18.58,7.55,16.38,1.18,13.23,
22/1/2021,10.41,,44.87,7.5,22.42,,,10.06,,14.55,2.81,,,,,20.69,4.93,39.04,,11.51,,1.31,,,,8.52,,0.33,,,18.47,7.57,16.23,1.15,13.17,
23/1/2021,10.4,,45.54,7.47,22.39,,,10.03,,14.53,2.81,,,,,20.68,4.85,38.69,,11.4,,1.39,,,,8.49,,0.3,,,18.46,7.59,16.16,1.11,13.15,
24/1/2021,10.4,,46.1,7.47,22.33,,,9.98,,14.53,2.81,,,,,20.71,4.83,38.34,,11.35,,1.34,,,,8.47,,0.33,,,18.5,7.61,16.11,1.09,13.14,
25/1/2021,10.4,,45.75,7.48,22.22,,,9.97,,14.5,2.81,,,,,20.7,4.91,38.23,,11.33,,1.27,,,,8.48,,0.33,,,18.5,7.61,16.05,1.07,13.13,
26/1/2021,10.4,,45.75,7.51,22.22,,,9.96,,14.5,2.82,,,,,20.76,4.92,38.65,,11.33,,1.17,,,,8.49,,0.33,,,18.57,7.63,16.02,1.07,13.15,
27/1/2021,10.4,,45.53,7.52,22.16,,,9.93,,14.44,2.83,,,,,20.75,4.94,38.97,,11.33,,1.13,,,,8.52,,0.34,,,18.56,7.64,15.94,1.08,13.15,
28/1/2021,10.38,,45.45,7.51,22.1,,,9.89,,14.39,2.83,,,,,20.71,4.94,39.01,,11.33,,1.16,,,,8.51,,0.33,,,18.5,7.65,15.85,1.07,13.11,
29/1/2021,10.37,,45.3,7.49,22.04,,,9.84,,14.33,2.85,,,,,20.68,4.93,38.97,,11.34,,1.22,,,,8.49,,0.33,,,18.45,7.66,15.76,1.07,13.07,
30/1/2021,10.35,,45.28,7.47,21.93,,,9.8,,14.26,2.86,,,,,20.66,4.92,38.84,,11.36,,1.26,,,,8.47,,0.34,,,18.4,7.66,15.65,1.08,13.03,
31/1/2021,10.28,,45.18,7.46,21.88,,,9.77,,14.24,2.62,,,,,20.63,4.83,38.34,,11.37,,1.35,,,,8.47,,0.26,,,18.38,7.67,15.63,1.06,13.01,
1/2/2021,10.25,,45.46,7.47,21.86,,,9.76,,14.23,2.48,,,,,20.59,4.8,38.25,,11.39,,1.29,,,13.98,8.47,,0.24,,,18.39,7.65,15.59,1.06,13.01,
2/2/2021,10.33,,45.25,7.49,22.02,,,9.76,,14.3,2.38,,,,,20.53,4.91,38.85,,11.43,,1.21,,,14.01,8.48,,0.32,,,18.45,7.61,15.59,1.07,13.03,
3/2/2021,10.33,,45.14,7.51,22.1,,,9.73,,14.32,2.37,,,,,20.68,4.92,39.15,,11.49,,1.2,,,13.98,8.48,,0.33,,,18.44,7.56,15.54,1.08,13.01,
4/2/2021,10.33,,45.09,7.51,22.12,,,9.72,,14.32,2.38,,,,,20.67,4.93,39.11,,11.53,,1.2,,,14,8.48,,0.32,,,18.43,7.52,15.52,1.07,13.01,
5/2/2021,10.32,,45.06,7.51,22.17,,,9.7,,14.33,2.39,,,,,20.67,4.93,39.09,,11.57,,1.21,,,13.95,8.49,,0.33,,,18.4,7.48,15.47,1.07,12.99,
6/2/2021,10.31,,44.84,7.5,22,,,9.66,,14.24,2.55,,,,,20.62,4.92,38.87,,11.6,,1.24,,,13.88,8.48,,0.33,,,18.32,7.44,15.39,1.04,12.95,
7/2/2021,10.28,,44.59,7.45,21.82,,,9.61,,14.14,2.6,,,,,20.55,4.88,38.3,,11.6,,1.32,,,13.79,8.44,,0.33,,,18.22,7.41,15.29,1.02,12.89,
8/2/2021,10.27,,44.92,7.44,21.78,,,9.59,,14.12,2.6,,,,,20.55,4.87,38.32,,11.59,,1.39,,,13.77,8.42,,0.33,,,18.21,7.4,15.27,1,12.87,
9/2/2021,10.27,,45.03,7.44,21.95,,,9.57,,14.17,2.62,,,,,20.58,4.85,38.92,,,,1.37,,,13.82,8.42,,0.33,,,18.24,7.4,15.26,1,12.86,
10/2/2021,10.27,,45.12,7.44,22.06,,,9.55,,14.21,2.63,,,,,20.57,4.81,38.95,,11.6,,1.31,,,13.78,8.41,,0.33,,,18.22,7.4,15.21,0.98,12.84,
11/2/2021,10.28,,45.13,7.47,22.1,,,9.56,,14.26,2.62,,,,,20.6,4.71,38.9,,11.59,,1.2,,,13.85,8.42,,0.33,,,18.27,7.42,15.24,0.97,12.85,
12/2/2021,10.28,,44.95,7.51,22.09,,,9.58,,14.29,2.61,,,,,20.64,4.89,39.01,,11.65,,1.04,,,13.93,8.46,,0.33,,,18.33,7.45,15.26,0.99,12.88,
13/2/2021,10.28,,44.96,7.51,22.02,,,,,14.28,2.6,,,,,20.63,4.9,38.78,,11.69,,0.91,,,13.86,8.47,,0.33,,,18.33,7.47,15.26,0.99,12.87,
14/2/2021,10.29,,44.84,7.54,21.89,,,,,14.28,2.61,,,,,20.65,4.92,38.53,,11.76,,0.85,,,13.88,8.48,,0.33,,,18.34,7.5,15.26,1,12.88,
15/2/2021,10.28,,44.69,7.54,21.82,,,,,14.19,2.6,,,,,20.61,4.91,38.45,,11.81,,0.84,,,13.75,8.49,,0.33,,,18.26,7.52,15.21,1.03,12.85,
16/2/2021,10.26,,44.6,7.52,21.89,,,,,14.13,2.6,,,,,20.57,4.89,38.92,,11.85,,0.94,,,13.69,8.47,,0.33,,,18.19,7.53,15.15,1.01,12.81,
17/2/2021,10.25,,44.68,7.51,21.96,,,,,14.11,2.62,,,,,20.55,4.88,39.03,,11.88,,1.07,,,13.66,8.47,,0.33,,,18.17,7.55,15.13,0.99,12.8,
18/2/2021,10.25,,44.64,7.52,21.95,,,,,14.13,2.65,,,,,20.57,4.88,39.1,,11.93,,1.07,,,13.71,8.45,,0.33,,,18.16,7.57,15.1,0.98,12.78,
19/2/2021,10.25,,44.52,7.51,22.01,,,,,14.14,2.68,,,,,20.57,4.88,38.96,,11.97,,1.1,,,13.69,8.45,,0.33,,,18.15,7.59,15.09,0.98,12.77,
20/2/2021,10.25,,44.46,7.52,21.95,,,,,14.15,2.68,,,,,20.57,4.87,38.86,,12.02,,1.1,,,13.66,8.45,,0.33,,,18.14,7.6,15.09,0.98,12.77,
21/2/2021,10.25,,44.35,7.51,21.83,,,,,14.11,2.68,,,,,20.56,4.88,38.51,,12.07,,1.1,,,13.63,8.45,,0.33,,,18.13,7.62,15.08,0.98,12.77,
22/2/2021,10.24,,44.34,7.52,21.8,,,,,14.09,2.69,,,,,20.56,4.88,38.41,,12.13,,1.06,,,13.65,8.46,,0.33,,,18.13,7.63,15.09,0.99,12.76,
23/2/2021,10.24,,44.28,7.53,21.8,,,,,14.09,2.71,,,,,20.58,4.89,38.88,,12.19,,1.01,,,13.8,8.46,,0.33,,,18.14,7.65,,0.99,12.77,
24/2/2021,10.24,,44.19,7.53,21.92,,,,,14.11,2.72,,,,,20.57,4.89,39.09,,12.24,,1.01,,,13.66,8.46,,0.33,,,18.1,7.66,,0.99,12.75,
25/2/2021,10.23,,44.07,7.52,21.95,,,,,14.1,2.73,,,,,20.55,4.89,38.99,,12.29,,1.05,,,13.61,8.46,,0.33,,,18.07,7.67,,0.98,12.73,
26/2/2021,10.23,,44.08,7.5,21.87,,,,,14.05,2.74,,,,,20.52,4.88,38.85,,12.33,,1.09,,,13.57,8.45,,0.33,,,18.02,7.68,15.03,0.99,12.71,
27/2/2021,10.23,,44.08,7.49,21.78,,,,,14.03,2.74,,,,,20.5,4.87,38.76,,,,1.14,,,13.53,8.45,,0.33,,,18,7.69,15.02,0.98,12.69,
28/2/2021,10.23,,44.08,7.51,21.74,,,,,14.04,2.77,,,,,20.54,4.89,38.59,,,,1.07,,,13.6,8.45,,0.33,,,18.04,7.7,15.07,1,12.71,
1/3/2021,10.23,,43.99,7.51,21.68,,,,,13.99,2.77,,,,,20.52,4.89,38.43,,,,1.04,,,13.54,8.45,,0.33,,,18.02,7.72,15.06,0.99,12.7,
2/3/2021,10.23,,43.94,7.51,21.79,,,,,14.02,2.78,,,,,20.52,4.89,38.88,,,,1.02,,,13.55,8.45,,0.33,,,18.02,7.74,,0.99,12.7,
3/3/2021,10.23,,43.71,7.5,21.91,,,,,14.03,2.78,,,,,20.5,4.89,39.06,,,,1.05,,,13.51,8.44,,0.34,,,17.97,7.75,15.05,0.99,12.67,
4/3/2021,10.22,,43.55,7.47,21.88,,,,,13.99,2.78,,,,,20.47,4.88,38.98,,,,1.12,,,13.45,8.42,,0.34,,,17.9,7.77,15.02,0.98,12.64,
5/3/2021,10.22,,43.64,7.47,21.71,,,,,13.95,2.78,,,,,20.46,4.85,38.85,,,,1.24,,,13.41,8.41,,0.33,,,17.89,7.77,15.01,0.97,12.63,
6/3/2021,10.23,,43.62,7.48,21.65,,,,,13.95,2.79,,,,,20.5,4.83,38.72,,,,1.13,,,13.46,8.41,,0.33,,,17.92,7.79,15.04,0.98,12.64,
7/3/2021,10.23,,43.62,7.47,21.58,,,,,13.9,2.8,,,,,20.47,4.89,38.35,,,,1.1,,,13.42,8.41,,0.34,,,17.9,7.81,15.04,0.98,12.62,
8/3/2021,10.22,,43.39,7.46,21.57,,,,,13.83,2.8,,,,,20.45,4.88,38.19,,,,1.18,,,13.37,8.4,,0.34,,,17.86,7.82,15.03,0.96,12.6,
9/3/2021,10.21,,43.56,7.45,21.7,,,,,13.84,2.8,,,,,20.45,4.88,38.68,,,,1.25,,,13.4,8.39,,0.34,,,17.86,7.83,15.03,0.96,12.59,
10/3/2021,10.22,,43.51,7.45,21.64,,,,,13.85,2.81,,,,,20.47,4.88,38.9,,,,1.22,,,13.36,8.39,,0.34,,,17.86,7.84,15.04,0.97,12.58,
11/3/2021,10.22,,43.63,7.45,21.6,,,,,13.81,2.8,,,,,20.47,4.89,38.95,,,,1.22,,,13.36,8.39,,0.34,,,17.83,7.85,15.06,0.97,12.58,
12/3/2021,10.22,,43.56,7.43,21.63,,,,,13.78,2.78,,,,,20.44,4.88,38.79,,,,1.3,,,13.32,8.38,,0.34,,,17.82,7.86,15.05,0.96,12.55,
13/3/2021,10.22,,43.53,7.44,21.66,,,,,13.8,2.77,,,,,20.43,4.88,38.72,,,,1.3,,,13.26,8.37,,0.34,,,17.78,7.87,15.08,0.97,12.54,
14/3/2021,10.22,,43.6,7.43,21.56,,,,,13.76,2.76,,,,,20.4,4.88,38.36,,,,1.35,,,13.21,8.36,,0.33,,,17.75,7.88,15.06,0.96,12.52,
15/3/2021,10.21,,43.63,7.43,21.47,,,,,13.72,2.77,,,,,20.42,4.89,38.31,,,,1.29,,,13.27,8.36,,0.34,,,17.81,7.89,15.1,0.97,12.52,
16/3/2021,10.22,,43.52,7.44,21.4,,,,,13.72,2.77,,,,,20.44,4.89,38.78,,,,1.31,,,13.26,8.37,,0.34,,,17.82,7.89,15.11,0.97,12.53,
17/3/2021,10.22,,43.67,7.44,21.36,,,,,13.73,2.79,,,,,20.44,4.91,39,,,,1.32,,,13.23,8.37,,0.34,,,17.82,7.91,15.17,0.98,12.52,
18/3/2021,10.23,,43.58,7.44,21.34,,,,,13.69,2.79,,,,,20.43,4.92,39.02,,,,1.35,,,13.25,8.37,,0.34,,,17.8,7.92,15.19,0.98,12.52,
19/3/2021,10.23,,43.34,7.44,21.31,,,,,13.68,2.79,,,,,20.42,4.92,38.87,,,,1.35,,,13.22,8.37,,0.34,,,17.79,7.93,15.2,0.97,12.51,
20/3/2021,10.24,,43.29,7.45,21.34,,,,,13.68,2.79,,,,,20.43,4.93,38.72,,,,1.29,,,13.23,8.38,,0.34,,,17.79,,15.24,1.04,12.51,
21/3/2021,10.24,,43.07,7.46,21.31,,,,,13.66,2.78,,,,,20.39,4.93,38.36,,,,1.3,,,13.2,8.36,,0.34,,,17.75,,15.25,1.05,12.48,
22/3/2021,10.23,,43.03,7.46,21.25,,,,,13.63,2.78,,,,,20.39,4.93,38.23,,,,1.34,,,13.19,8.36,,0.34,,,17.74,,15.26,1.02,12.48,
23/3/2021,10.24,,43.01,7.48,21.39,,,,,13.71,2.8,,,,,20.44,4.95,38.75,,,,1.3,,,13.23,8.37,,0.34,,,17.79,,15.33,1,12.5,
24/3/2021,10.25,,42.9,7.5,21.47,,,,,13.71,2.8,,,,,20.44,4.96,38.97,,,,1.3,,,13.2,8.38,,0.34,,,17.8,7.99,15.38,0.99,12.5,
25/3/2021,10.25,,42.96,7.5,21.49,,,,,13.7,2.8,,,,,20.43,4.97,39.06,,,,1.4,,,13.17,8.38,,0.34,,,17.78,8,15.4,0.99,12.49,
26/3/2021,10.26,,42.95,7.53,21.59,,,,,13.73,2.79,,,,,20.44,4.97,39.01,,,,1.41,,,13.17,8.39,,0.34,,,17.79,8.01,15.43,0.99,12.48,
27/3/2021,10.27,,42.91,7.59,21.59,,,,,13.74,2.79,,,,,20.43,4.99,38.9,,,,1.42,,,13.15,8.39,,0.34,,,17.79,8.02,15.47,0.99,12.49,
28/3/2021,10.28,,42.96,7.64,21.51,,,,,13.75,2.79,,,,,20.46,5,38.57,,,,1.45,,,13.2,8.4,,0.34,,,17.82,8.03,15.52,1.01,12.51,
29/3/2021,10.29,,43.15,7.69,21.43,,,,,13.73,2.8,,,,,20.45,5.01,38.79,,,,1.45,,,13.18,8.41,,0.34,,,17.84,8.04,15.58,1.01,12.5,
30/3/2021,10.29,,43.01,7.69,21.59,,,,,13.73,2.79,,,,,20.45,5.02,39.13,,,,1.45,,,13.16,8.41,,0.34,,,17.82,8.04,15.6,1.02,12.5,
31/3/2021,10.29,,42.85,7.68,21.61,,,,,13.72,2.78,,,,,20.44,5.01,39.3,,,,1.44,,,13.13,8.4,,0.34,,,17.78,8.05,15.63,1.01,12.47,
1/4/2021,10.28,,42.69,7.68,21.6,,,,,13.73,2.78,,,,,20.44,5.01,39.16,,,,1.45,,,13.08,8.4,,0.34,,,17.74,8.05,15.64,1,12.45,
2/4/2021,10.28,,42.5,7.71,21.6,,,,,13.69,2.77,,,,,20.44,5,39,,,,1.45,,,13.06,8.39,,0.34,,,17.72,8.05,15.66,0.99,12.43,
3/4/2021,10.28,,42.46,7.75,21.56,,,,,13.66,2.77,,,,,20.43,5,38.76,,,,1.45,,,13.06,8.39,,0.34,,,17.7,8.06,15.67,0.99,12.44,
4/4/2021,10.29,,42.38,7.76,21.47,,,,,13.69,2.78,,,,,20.45,5.01,38.14,,,,1.49,,,13.1,8.41,,0.34,,,17.76,8.06,15.75,1,12.47,
5/4/2021,10.28,,42.15,7.7,21.23,,,,,13.54,2.77,,,,,20.37,5.01,38.08,,,,1.47,,,13.05,8.4,,0.34,,,17.67,8.07,15.77,0.99,12.44,
6/4/2021,10.27,,42.14,7.68,21.19,,,,,13.49,2.77,,,,,20.35,5,38.51,,,,1.46,,,12.99,8.39,,0.34,,,17.63,8.07,15.76,0.97,12.42,
7/4/2021,10.28,,42.16,7.67,21.33,,,,,13.6,2.78,,,,,20.41,5.01,38.83,,,,1.49,,,13.07,8.4,,0.34,,,17.7,8.08,15.84,0.97,12.43,
8/4/2021,10.29,,42.1,7.67,21.72,,,,,13.96,2.8,,,,,20.45,5.04,39.03,,,,1.5,,,13.17,8.4,,0.34,,,17.8,8.09,15.91,1.09,12.47,
9/4/2021,10.3,,42.02,7.66,21.88,,,,,13.99,2.8,,,,,19.78,5.05,39.01,,,,1.49,,,13.13,8.4,,0.34,,,17.78,8.1,15.95,1.08,12.46,
10/4/2021,10.29,,41.95,7.65,21.99,,,,,13.99,2.8,,,,,20.41,5.05,38.75,,,,1.53,,,13.06,8.4,,0.34,,,17.72,8.11,15.97,1.04,12.44,
11/4/2021,10.28,,42.16,7.63,21.86,,,,,13.94,2.78,,,,,20.38,5.05,38.3,,,,1.59,,,13.02,8.39,,0.34,,,17.68,8.11,15.97,1.03,12.43,
12/4/2021,10.27,,42.53,7.59,21.82,,,,,13.9,2.7,,,,,20.36,5.04,38.18,,,,1.59,,,13,8.38,,0.33,,,17.67,8.11,16.01,1.03,12.4,
13/4/2021,10.21,,42.93,7.58,21.67,,,,,13.79,2.54,,,,,20.35,4.97,38.74,,,,1.52,,,13.02,8.36,,0.32,,,17.68,8.09,16.03,1.04,12.4,
14/4/2021,10.27,,42.47,7.57,21.62,,,,,13.73,2.52,,,,,20.32,5.03,39.08,,,,1.48,,,13,8.37,,0.33,,,17.69,8.06,16.09,1.04,12.43,
15/4/2021,10.27,,42.24,7.56,21.62,,,,,13.71,2.61,,,,,20.38,5.03,39.04,,,,1.52,,,13.01,8.36,,0.33,,,17.68,8.03,16.11,1.03,12.43,
16/4/2021,10.27,,42.04,7.55,21.63,,,,,13.66,2.61,,,,,20.37,5.02,38.84,,,,1.51,,,12.98,8.36,,0.33,,,17.66,8,16.13,1.03,12.42,
17/4/2021,10.26,,41.94,7.53,21.62,,,,,13.64,2.62,,,,,20.35,5.01,38.51,,,,1.53,,,12.97,8.36,,0.33,,,17.63,7.98,16.15,1.08,12.4,
18/4/2021,10.26,,41.89,7.53,21.44,,,,,13.62,2.63,,,,,20.33,5.01,38.17,,,,1.59,,,12.95,8.36,,0.33,,,17.63,7.97,16.17,1.08,12.4,
19/4/2021,10.26,,41.85,7.52,21.38,,,,,13.53,2.65,,,,,20.32,5.01,38.15,,,,1.57,,,12.94,8.36,,0.33,,,17.63,7.96,16.21,1.08,12.39,
20/4/2021,10.26,,41.78,7.51,21.37,,,,,13.52,2.66,,,,,20.36,5,38.71,,,,1.56,,,12.94,8.36,,0.33,,,17.62,7.95,16.24,1.09,12.38,
21/4/2021,10.26,,41.65,7.52,21.47,,,,,13.56,2.67,,,,,20.38,5.01,38.94,,,,1.57,,,12.94,8.36,,0.32,,,17.63,7.95,16.27,1.08,12.38,
22/4/2021,10.26,,41.55,7.52,21.54,,,,,13.61,2.67,,,,,20.37,5.01,39.01,,,,1.59,,,12.95,8.36,,0.33,,,17.64,7.94,16.31,1.1,12.38,
23/4/2021,10.26,,41.49,7.53,21.5,,,,,13.61,2.69,,,,,20.4,5.01,38.9,,,,1.6,,,12.95,8.37,,0.33,,,17.65,7.94,16.36,1.1,12.39,
24/4/2021,10.26,,41.46,7.53,21.45,,,,,13.6,2.7,,,,,20.38,5.02,38.68,,,,1.61,,,12.95,8.37,,0.33,,,17.65,7.93,16.39,1.11,12.37,
25/4/2021,10.26,,41.38,7.53,21.37,,,,,13.52,2.69,,,,,20.35,5.01,38.38,,,,1.6,,,12.91,8.36,,0.32,,,17.62,7.93,16.41,1.1,12.36,
26/4/2021,10.25,,41.38,7.52,21.32,,,,,13.48,2.69,,,,,20.35,5.01,38.29,,,,1.61,,,12.9,8.36,,0.33,,,17.59,7.93,16.43,1.1,12.35,
27/4/2021,10.24,,41.53,7.51,21.47,,,,,13.46,2.69,,,,,20.31,5,38.77,,,,1.6,,,12.87,8.35,,0.33,,,17.57,7.93,16.45,1.09,12.33,
28/4/2021,10.25,,41.48,7.5,21.51,,,,,13.49,2.7,,,,,20.3,5,38.87,,,,1.61,,,12.86,8.35,,0.33,,,17.57,7.94,16.48,1.08,12.32,
29/4/2021,10.24,,41.34,7.49,21.5,,,,,13.51,2.72,,,,,20.34,5,38.93,,,,1.62,,,12.86,8.34,,0.33,,,17.58,7.93,16.5,1.06,12.33,
30/4/2021,10.24,,41.24,7.49,21.48,,,,,13.49,2.73,,,,,20.34,5.01,38.81,,,,1.63,,,12.87,8.34,,0.33,,,17.58,7.93,16.54,1.03,12.32,
1/5/2021,10.23,,41.08,7.46,21.35,,,,,13.44,2.72,,,,,20.3,4.98,38.56,,,,1.62,,,12.85,8.32,,0.33,,,17.56,7.93,16.56,1,12.3,
2/5/2021,10.24,,41.08,7.46,21.25,,,,,13.42,2.72,,,,,20.31,4.91,38.1,,,,1.62,,,12.82,8.32,,0.33,,,17.56,7.93,16.58,0.99,12.3,
3/5/2021,10.25,,41.04,7.48,21.13,,,,,13.46,2.75,,,,,20.38,5.02,38.04,,,,1.66,,,12.9,8.33,,0.33,,,17.63,7.93,16.65,1.01,12.33,
4/5/2021,10.24,,40.84,7.48,21.31,,,,,13.44,2.77,,,,,20.34,5.03,38.54,,,,1.65,,,12.86,8.34,,0.33,,,17.6,7.94,16.68,1.07,12.32,
5/5/2021,10.23,,40.78,7.47,21.47,,,,,13.44,2.77,,,,,20.33,5.02,38.88,,,,1.64,,,12.82,8.33,,0.33,,,17.56,7.94,16.69,1.08,12.3,
6/5/2021,10.25,,40.9,7.48,21.54,,,,,13.52,2.76,,,,,20.35,5.03,38.96,,,,1.66,,,12.84,8.33,,0.33,,,17.57,7.95,16.73,1.09,12.31,
7/5/2021,10.27,,41.03,7.52,21.5,,,,,13.48,2.75,,,,,20.35,5.03,38.79,,,,1.66,,,12.87,8.33,,0.33,,,17.55,7.97,16.75,1.05,12.3,
8/5/2021,10.28,,40.87,7.57,21.47,,,,,13.52,2.78,,,,,20.44,5.05,38.56,,,,1.7,,,12.91,8.34,,0.33,,,17.63,7.99,16.82,1.06,12.32,
9/5/2021,10.27,,40.71,7.64,21.35,,,,,13.53,2.78,,,,,20.4,5.06,38.19,,,,1.7,,,12.88,8.34,,0.33,,,17.63,8.02,16.86,1.05,12.33,
10/5/2021,10.27,,40.67,7.65,21.43,,,,,13.5,2.78,,,,,20.41,5.07,38.15,,,,1.7,,,12.86,8.35,,0.33,,,17.61,8.05,16.89,1.05,12.32,
11/5/2021,10.26,,40.54,7.64,21.52,,,,,13.49,2.74,,,,,20.39,5.01,38.55,,,,1.69,,,12.84,8.34,,0.33,,,17.57,8.07,16.92,1.03,12.29,
12/5/2021,10.25,,40.52,7.63,21.6,,,,,13.47,2.73,,,,,20.35,5,38.62,,,,1.69,,,12.81,8.32,,0.33,,,17.55,8.09,16.95,1.02,12.31,
13/5/2021,10.24,,40.86,7.64,21.61,,,,,13.5,2.75,,,,,20.37,5.01,38.58,,,,1.7,,,12.79,8.32,,0.32,,,17.54,8.11,16.99,1.03,12.31,
14/5/2021,10.24,,40.67,7.67,21.61,,,,,13.52,2.74,,,,,20.34,5.04,38.57,,,,1.72,,,12.8,8.33,,0.33,,,17.55,8.13,17.03,1.06,12.32,
15/5/2021,10.24,,40.51,7.73,21.63,,,,,13.56,2.76,,,,,20.36,5.05,38.44,,,,1.72,,,12.81,8.35,,0.33,,,17.57,8.15,17.08,1.08,12.31,
16/5/2021,10.23,,40.38,7.75,21.52,,,,,13.51,2.77,,,,,20.34,5.05,38.1,,,,1.72,,,12.76,8.34,,0.33,,,17.53,8.16,17.11,1.09,12.32,
17/5/2021,10.22,,40.36,7.77,21.56,,,,,13.53,2.77,,,,,20.34,5.05,38.06,,,,1.72,,,12.77,8.34,,0.33,,,17.52,8.17,17.14,1.07,12.31,
18/5/2021,10.23,,40.54,7.81,21.53,,,,,13.52,2.79,,,,,20.46,5.07,38.56,,,,1.75,,,12.84,8.35,,0.33,,,17.58,8.19,17.21,1.1,12.33,
19/5/2021,10.23,,40.67,7.8,21.54,,,,,13.52,2.8,,,,,20.48,5.06,38.73,,,,1.75,,,12.82,8.37,,0.33,,,17.58,8.2,17.25,1.2,12.34,
20/5/2021,10.24,,40.5,7.8,21.56,,,,,13.57,2.81,,,,,20.48,5.09,38.82,,,,1.78,,,12.87,8.37,,0.33,,,17.61,8.22,17.3,1.19,12.36,
21/5/2021,10.24,,40.36,7.78,21.64,,,,,13.54,2.82,,,,,20.53,5.1,38.67,,,,1.78,,,12.83,8.37,,0.33,,,17.6,8.23,17.36,1.2,12.36,
22/5/2021,10.24,,40.27,7.77,21.64,,,,,13.55,2.82,,,,,20.51,5.1,38.42,,,,1.78,,,12.82,8.37,,0.33,,,17.57,8.24,17.38,1.27,12.36,
23/5/2021,10.24,,40.24,7.78,21.54,,,,,13.56,2.84,,,,,20.49,5.11,38.26,,,,1.79,,,12.81,8.38,,0.33,,,17.61,8.26,17.42,1.25,12.36,
24/5/2021,10.19,,40.13,7.81,21.55,,,,,13.5,2.65,,,,,20.44,5.12,38.19,,,,1.78,,,12.83,8.38,,0.31,,,17.63,8.27,17.46,1.24,12.35,
25/5/2021,10.19,,40.12,7.81,21.52,,,,,13.52,2.62,,,,,20.48,5.09,38.62,,,,1.79,,,12.81,8.38,,0.32,,,,8.29,17.49,1.24,12.37,
26/5/2021,10.24,,40.39,7.81,21.59,,,,,13.54,2.62,,,,,20.44,5.1,38.87,,,,1.8,,,12.83,8.39,,0.33,,,17.61,8.29,17.54,1.28,12.36,
27/5/2021,10.23,,40.23,7.82,21.63,,,,,13.53,2.64,,,,,20.43,5.09,38.78,,,,1.8,,,12.83,8.39,,0.33,,,17.59,8.3,17.56,1.28,12.37,
28/5/2021,10.24,,40.16,7.83,21.61,,,,,13.62,2.67,,,,,20.45,5.09,38.79,,,,1.82,,,12.87,8.4,,0.33,,,17.62,8.3,17.63,1.3,12.38,
29/5/2021,10.24,,40.09,7.9,21.7,,,,,13.62,2.68,,,,,20.45,5.09,38.54,,,,1.84,,,12.88,8.41,,0.33,,,17.62,8.3,17.67,1.31,12.41,
30/5/2021,10.24,,40.04,7.94,21.58,,,,,13.61,2.69,,,,,20.45,5.1,38.29,,,,1.85,,,12.88,8.41,,0.33,,,17.64,8.31,17.7,1.28,12.43,
31/5/2021,10.24,,39.94,7.95,21.61,,,,,13.61,2.7,,,,,20.45,5.1,38.27,,,,1.85,,,12.87,8.42,,0.33,,,17.64,8.31,17.73,1.29,12.42,
1/6/2021,10.23,,39.87,7.96,21.68,,,,,13.61,2.71,,,,,20.46,5.1,38.64,,,,1.85,,,12.87,8.42,,0.33,,,17.64,8.32,17.76,1.3,12.43,
2/6/2021,10.24,,39.88,8.02,22.01,,,,,13.9,2.72,,,,,20.47,5.1,38.78,,,,1.86,,,12.91,8.45,,0.33,,,17.65,8.33,17.79,1.32,12.44,
3/6/2021,10.25,,39.91,8.05,22.17,,,,,13.87,2.74,,,,,19.51,5.11,38.79,,,,1.88,,,12.9,8.45,,0.33,,,17.69,8.34,17.83,1.34,12.47,
4/6/2021,10.26,,39.88,8.08,22.28,,,,,13.99,2.75,,,,,20.52,5.12,38.54,,,,1.89,,,12.91,8.47,,0.33,,,17.72,8.35,17.87,1.4,12.48,
5/6/2021,10.27,,39.83,8.1,22.26,,,,,13.98,2.75,,,,,20.51,5.13,38.19,,,,1.89,,,12.9,8.47,,0.33,,,17.72,8.37,17.9,1.38,12.47,
6/6/2021,10.22,,39.89,8.11,22.13,,,,,13.88,2.73,,,,,20.47,5.13,38.05,,,,1.89,,,12.89,8.47,,0.33,,,17.72,8.38,17.91,1.44,12.48,
7/6/2021,10.26,,39.86,8.07,22.07,,,,,13.93,2.69,,,,,20.47,5.13,38.07,,,,1.9,,,12.89,8.47,,0.33,,,17.72,8.39,17.94,1.44,12.48,
8/6/2021,10.2,,39.8,8.03,22.1,,,,,13.94,2.72,,,,,20.47,5.08,38.67,,,,1.9,,,12.9,8.47,,0.26,,,17.7,8.4,17.97,1.43,12.5,
9/6/2021,10.25,,39.99,8.03,22.16,,,,,14.01,2.76,,,,,20.46,5.13,38.82,,,,1.9,,,12.91,8.47,,0.32,,,17.69,8.41,18,1.56,12.52,
10/6/2021,10.25,,39.9,8.05,22.21,,,,,14.02,2.76,,,,,20.49,5.14,38.82,,,,1.91,,,12.93,8.47,,0.33,,,17.69,8.42,18.03,1.5,12.51,
11/6/2021,10.25,,40.23,8.07,22.25,,,,,14.1,2.77,,,,,20.49,5.14,38.76,,,,1.92,,,13.01,8.48,,0.32,,,17.72,8.43,18.05,1.53,12.55,
12/6/2021,10.26,,40.12,8.08,22.29,,,,,14.13,2.78,,,,,20.5,5.15,38.58,,,,1.92,,,13,8.48,,0.33,,,17.77,8.44,18.09,1.5,12.56,
13/6/2021,10.29,,40.12,8.1,22.22,,,,,14.2,2.76,,,,,20.51,5.16,38.27,,,,1.94,,,13.02,8.49,,0.32,,,17.77,8.45,18.12,1.5,12.57,
14/6/2021,10.29,,40.28,8.15,22.26,,,,,14.03,2.77,,,,,20.53,5.16,38.21,,,,1.95,,,13.06,8.51,,0.32,,,17.82,8.46,18.15,1.55,12.62,
15/6/2021,10.29,,40.26,8.25,22.25,,,,,13.99,2.77,,,,,20.61,5.18,38.65,,,,1.95,,,13.13,8.52,,0.33,,,17.81,8.49,18.19,1.8,12.64,
16/6/2021,10.3,,40.12,8.31,22.26,,,,,14.05,2.77,,,,,20.62,5.18,39.1,,,,1.95,,,13.17,8.56,,0.33,,,17.82,8.52,18.22,1.74,12.66,
17/6/2021,10.33,,40.48,8.34,22.3,,,,,14,2.76,,,,,20.67,5.19,39.05,,,,1.97,,,13.17,8.55,,0.33,,,17.89,8.54,18.26,1.68,12.69,
18/6/2021,10.38,,40.67,8.39,22.74,,,,,14.35,2.76,,,,,20.74,5.2,38.97,,,,1.97,,,13.21,8.56,,0.33,,,17.93,8.56,18.3,1.71,12.71,
19/6/2021,10.41,,40.56,8.42,22.82,,,,,14.39,2.75,,,,,20.74,5.21,38.78,,,,1.98,,,13.21,8.58,,0.33,,,17.98,8.57,18.33,1.84,12.75,
20/6/2021,10.43,,40.27,8.48,22.66,,,,,14.28,2.74,,,,,20.71,5.22,38.41,,,,1.99,,,13.24,8.62,,0.33,,,17.96,8.58,,1.86,12.77,
21/6/2021,10.41,,40.28,8.51,22.7,,,,,14.36,2.74,,,,,20.74,5.22,38.39,,,,1.99,,,13.35,8.61,,0.33,,,17.92,8.59,,1.87,12.8,
22/6/2021,10.4,,40.77,8.55,22.91,,,,,14.44,2.74,,,,,20.82,5.23,38.74,,,,2.01,,,13.36,8.63,,0.33,,,17.97,8.6,,1.98,12.84,
23/6/2021,10.42,,40.93,8.63,23,,,,,14.53,2.75,,,,,20.87,5.24,38.88,,,,2.02,,,13.44,8.64,,0.33,,,18.05,8.61,,1.99,12.89,
24/6/2021,10.46,,41.19,8.71,23.14,,,,,14.56,2.75,,,,,20.92,5.26,38.93,,,,2.05,,,13.47,8.68,,0.33,,,18.12,8.61,,2.05,12.93,
25/6/2021,10.49,,41.36,8.81,23.29,,,,,14.66,2.77,,,,,20.96,5.27,38.72,,,,2.07,,,13.5,8.68,,0.33,,,18.15,8.59,,2.07,12.97,
26/6/2021,10.47,,41.53,8.88,23.24,,,,,14.67,2.76,,,,,20.94,5.28,38.72,,,,2.09,,,13.56,8.69,,0.33,,,18.23,8.62,,2.04,13.01,
27/6/2021,10.46,,41.56,8.93,23.11,,,,,14.65,2.76,,,,,20.91,5.29,38.38,,,,2.11,,,13.63,8.73,,0.33,,,18.26,8.64,,2.1,13.05,
28/6/2021,10.46,,41.72,9,23.1,,,,,14.62,2.77,,,,,20.93,5.3,38.29,,,,2.13,,,13.73,8.74,,0.33,,,18.3,8.65,,2.12,13.08,
29/6/2021,10.45,,41.85,9.04,23.29,,,,,14.69,2.77,,,,,20.99,5.31,38.78,,,,2.13,,,13.73,8.74,,0.33,,,18.33,8.66,,2.12,13.11,
30/6/2021,10.45,,42.1,9.09,23.69,,,,,15.17,2.77,,,,,21.01,5.32,39.14,,,,2.14,,,13.76,8.77,,0.33,,,18.4,8.68,,2.16,13.15,
1/7/2021,10.49,,42.55,9.19,23.82,,,,,15.2,2.76,,,,,21.05,5.33,39.12,,,,2.16,,,13.76,8.79,,0.33,,,18.45,8.69,,2.14,13.19,
2/7/2021,10.51,,42.54,9.27,23.94,,,,,15.35,2.78,,,,,21.16,5.34,39.13,,,,2.19,,,13.78,8.8,,0.33,,,18.49,8.7,,2.19,13.23,
3/7/2021,10.49,,42.36,9.32,23.76,,,,,15.31,2.76,,,,,21.19,5.34,38.92,,,,2.21,,,13.84,8.82,,0.27,,,18.57,8.71,,2.23,13.28,
4/7/2021,10.49,,42.23,9.4,23.6,,,,,15.24,2.7,,,,,21.07,5.34,38.58,,,,2.21,,,13.82,8.86,,0.27,,,18.51,8.72,,2.28,13.33,
5/7/2021,10.48,,42.24,9.46,23.59,,,,,15.33,2.76,,,,,20.64,5.36,38.58,,,,2.21,,,13.79,8.87,,0.32,,,18.5,8.73,,2.28,13.35,
6/7/2021,10.48,,42.63,9.47,23.91,,,,,15.38,2.78,,,,,21.19,5.37,38.97,,,,2.21,,,13.83,8.89,,0.32,,,18.5,8.74,,2.33,13.41,
7/7/2021,10.51,,42.77,9.48,24.05,,,,,15.46,2.79,,,,,21.33,5.37,39.29,,,,2.24,,,13.87,8.9,,0.32,,,18.52,8.76,,2.37,13.45,
8/7/2021,10.56,,42.85,9.52,24.11,,,,,15.46,2.8,,,,,21.44,5.33,39.28,,,,2.27,,,13.92,8.94,,0.32,,,18.55,8.77,,2.54,13.49,
9/7/2021,10.57,,43.16,9.6,24.18,,,,,15.59,2.79,,,,,21.43,5.39,39.4,,,,2.29,,,13.94,8.95,,0.33,,,18.56,8.77,,2.37,13.54,
10/7/2021,10.56,,43.14,9.69,24.13,,,,,15.53,2.79,,,,,21.39,5.4,39.1,,,,2.31,,,14.07,8.96,,0.33,,,18.56,8.77,,2.85,13.59,
11/7/2021,10.55,,43.1,9.74,23.89,,,,,15.42,2.79,,,,,21.26,5.4,38.65,,,,2.31,,,14.01,9,,0.32,,,18.6,8.78,,2.66,13.62,
12/7/2021,10.54,,43.27,9.83,23.88,,,,,15.47,2.79,,,,,21.3,5.41,38.56,,,,2.32,,,14.02,9.01,,0.32,,,18.62,8.78,,2.65,13.67,
13/7/2021,10.54,,43.47,9.85,24.09,,,,,15.5,2.77,,,,,21.47,5.41,39.16,,,,2.26,,,14.05,9.01,,0.32,,,18.59,8.81,,2.51,13.71,
14/7/2021,10.53,,43.43,9.74,24.08,,,,,15.52,2.8,,,,,21.5,5.42,39.37,,,,2.21,,,14.03,9.02,,0.32,,,18.63,8.81,,2.43,13.74,
15/7/2021,10.56,,43.55,9.63,23.96,,,,,15.36,2.84,,,,,21.5,5.43,39.36,,,,2.21,,,14.08,9.04,,0.33,,,18.68,8.81,,2.45,13.79,
16/7/2021,10.57,,43.41,9.51,24.01,,,,,15.54,2.85,,,,,21.25,5.44,39.25,,,,2.28,,,14.11,9.06,,0.32,,,18.65,8.82,,2.46,13.82,
17/7/2021,10.62,,43.35,9.36,23.82,,,,,15.46,2.84,,,,,21.17,5.45,39,,,,2.28,,,14.07,9.06,,0.33,,,18.65,8.78,,2.43,13.85,
18/7/2021,10.59,,43.35,9.25,23.74,,,,,15.41,2.85,,,,,21.14,5.45,38.66,,,,2.29,,,14.03,9.07,,0.33,,,18.64,8.76,,2.43,13.87,
19/7/2021,10.58,,43.56,9.21,23.73,,,,,15.44,2.88,,,,,21.19,5.47,38.58,,,,2.3,,,14.03,9.08,,0.33,,,18.67,8.77,,2.46,13.9,
20/7/2021,10.59,,43.77,9.21,23.83,,,,,15.49,2.9,,,,,21.38,5.48,38.91,,,,2.32,,,14.14,9.09,,0.33,,,18.75,8.79,,2.53,13.95,5.39
21/7/2021,10.63,,44.12,9.24,23.86,,,,,15.58,2.91,,,,,21.44,5.49,39.15,,,,2.33,,,14.14,9.11,,0.33,,,18.77,8.82,20.4,2.72,13.99,5.43
22/7/2021,10.62,,44.08,9.35,23.99,,,,,15.59,2.91,,,,,21.51,5.51,39.28,,,,2.36,,,14.16,9.13,,0.33,,,18.83,8.82,20.43,2.61,14.11,5.49
23/7/2021,10.62,,44.1,9.44,24.11,,,,,15.73,2.92,,,,,21.57,5.51,39.24,,,,2.37,,,14.3,9.16,,0.33,,,18.83,8.84,20.52,2.62,14.14,5.54
24/7/2021,10.61,,44,9.56,24.16,,,,,15.69,2.92,,,,,21.63,5.52,38.97,,,,2.38,,,14.24,9.16,,0.33,,,18.89,8.84,20.58,2.73,14.17,5.57
25/7/2021,10.66,,44.03,9.64,24,,,,,15.59,2.93,,,,,21.58,5.52,38.61,,,,2.41,,,14.23,9.16,,0.33,,,18.93,8.85,20.64,2.8,14.2,5.61
26/7/2021,10.67,,44.42,9.72,23.95,,,,,15.68,2.83,,,,,21.6,5.53,38.62,,,,2.42,,,14.24,9.18,,0.33,,,18.96,8.86,20.72,2.79,14.24,5.72
27/7/2021,10.66,,44.53,9.78,24.08,,,,,15.7,2.81,,,,,21.59,5.55,39.09,,,,2.43,,,14.24,9.2,,0.33,,,19.04,8.82,20.8,2.86,14.31,5.8
28/7/2021,10.65,,44.53,9.79,24.11,15.07,,14.37,17.92,15.73,2.95,,,,,21.64,5.55,39.04,,,,2.43,,,14.25,9.23,,0.33,,,19.03,8.8,20.9,3.16,14.35,5.86
29/7/2021,10.67,,44.52,9.79,24.17,15.2,,14.42,,16.17,2.94,,,,,21.63,5.56,39.04,,,,2.44,,,14.25,9.23,,0.33,,,19.03,8.77,21.01,3.01,14.38,5.91
30/7/2021,10.73,,44.76,9.8,24.22,15.51,,14.46,17.99,16.31,2.96,,,,,21.67,5.57,38.97,,,,2.44,,,14.31,9.25,,0.33,,,19.06,8.78,21.11,3.08,14.41,6.1
31/7/2021,10.77,,44.76,9.9,24.3,15.26,,14.5,17.99,16.29,2.98,,,,,21.66,5.57,38.76,,,,2.44,,,14.3,9.25,,0.33,,,19.06,8.8,21.2,3.15,14.44,6.19
1/8/2021,10.74,,44.79,9.98,24.11,14.57,,14.56,17.97,16.19,2.99,,,,,21.51,5.57,38.45,,,,2.46,,,14.32,9.3,,0.33,,,19.04,8.82,21.32,3.2,14.47,6.29
2/8/2021,10.73,,44.86,10.03,24.07,14.48,,14.57,18,16.24,2.98,,,,,21.53,5.59,38.43,,,,2.49,,,14.36,9.31,,0.33,,,19.13,8.8,21.38,3.17,14.52,6.43
3/8/2021,10.73,,44.93,10.02,24.19,15.03,,14.63,18.08,16.32,2.99,,,,,21.56,5.6,39.24,,,,2.5,,,14.34,9.32,,0.33,,,19.11,8.78,21.46,3.22,14.58,6.41
4/8/2021,10.7,,45.1,9.99,24.4,15.19,,14.64,18.12,16.42,3.02,,,,,21.1,5.61,39.35,,,,2.51,,,14.31,9.34,,0.33,,,19.1,8.76,21.54,3.64,14.62,6.41
5/8/2021,10.69,,45.17,9.98,24.47,15.16,,14.71,18.15,16.39,3.02,,,,,21.59,5.61,39.29,,,,2.52,,,14.32,9.38,,0.33,,,19.09,8.73,21.61,3.42,14.64,6.56
6/8/2021,10.69,,45.26,9.99,24.4,15.19,,14.73,18.18,16.48,3.02,,,,,21.62,5.61,39.05,,,,2.53,,,14.42,9.38,,0.33,,,19.11,8.72,21.68,3.61,14.68,6.66
7/8/2021,10.7,,45.36,10.01,24.39,14.82,,14.83,18.19,16.43,3.04,,,,,21.62,5.63,38.91,,,,2.58,,,14.45,9.4,,0.33,,,19.17,8.7,21.77,3.76,14.72,6.74
8/8/2021,10.73,,45.45,10.04,24.22,14.73,,14.87,18.2,16.41,3.05,,,,,21.61,5.64,38.49,,,,2.59,,,14.41,9.42,,0.33,,,19.22,8.67,21.87,3.53,14.77,6.84
9/8/2021,10.76,,45.48,10.15,24.21,14.63,,14.92,18.24,16.41,3.06,,,,,21.66,5.66,38.44,,,,2.61,,,14.4,9.47,,0.34,,,19.26,8.75,21.97,3.58,14.84,6.97
10/8/2021,10.78,,45.56,10.21,24.32,14.67,,14.38,18.22,16.47,3.07,,,,,21.81,5.68,38.62,,,,2.65,,,14.44,9.47,,0.33,,,19.31,8.79,22.06,3.91,14.9,7.06
11/8/2021,10.84,,45.58,10.32,24.43,14.45,,13.99,18.23,16.52,3.08,,,,,21.79,5.68,38.62,,,,2.66,,,14.47,9.48,,0.33,,,19.33,8.8,22.15,3.88,14.95,7.14
12/8/2021,10.89,,45.65,10.4,24.47,14.32,,14.26,18.26,16.5,3.09,,,,,21.85,5.7,38.59,,,,2.7,,,14.49,9.51,,0.34,,,19.45,8.82,22.26,3.91,15.02,7.24
13/8/2021,10.9,,45.75,10.35,24.55,14.34,,14.68,18.3,16.71,3.07,,,,,21.85,5.71,38.52,,,,2.72,,,14.51,9.55,,0.33,,,19.48,8.84,22.35,3.86,15.09,7.34
14/8/2021,10.88,,45.74,10.34,24.6,14.26,,14.95,18.3,16.79,3.09,,,,,21.97,5.72,38.44,,,,2.73,,,14.57,9.55,,0.34,,,19.49,8.86,22.45,3.91,15.15,7.54
15/8/2021,10.85,,45.78,10.32,24.59,14.21,,15.01,18.31,16.71,3.1,,,,,21.81,5.72,38.33,,,,2.73,,,14.55,9.55,,0.34,,,19.52,8.88,22.54,3.94,15.2,7.71
16/8/2021,10.83,,45.84,10.29,24.64,14.18,,15.01,17.37,16.74,3.09,,,,,21.83,5.72,38.32,,,,2.74,,,14.53,9.56,,0.33,,,19.54,8.9,22.62,3.94,15.25,7.62
17/8/2021,10.84,,45.93,10.29,24.68,14.07,,15.06,18.34,16.82,3.08,,,,,21.8,5.72,38.5,,,,2.76,,,14.59,9.59,,0.34,,,19.55,8.9,22.7,4.01,15.3,7.92
18/8/2021,10.86,,46.18,10.32,24.72,14,,15.1,18.42,16.89,3.11,,,,,21.8,5.74,38.77,,,,2.8,,,14.63,9.6,,0.33,,,19.6,8.92,22.8,4.07,15.36,8.06
19/8/2021,10.86,,46.19,10.33,24.77,13.95,,15.15,18.45,16.86,3.13,,,,,21.95,5.75,38.79,,,,2.84,,,14.72,9.61,,0.34,,,19.67,8.92,22.88,4.16,15.42,8.15
20/8/2021,10.85,,46.25,10.31,24.86,13.99,,15.21,18.48,16.92,3.14,,,,,22.09,5.76,38.68,,,,2.86,,,14.69,9.62,,0.34,,,19.68,8.93,22.97,4.28,15.48,8.24
21/8/2021,10.84,,,10.29,24.89,13.94,,15.26,18.52,16.95,3.15,,,,,22,5.77,38.6,,,,2.88,,,14.74,9.66,,0.34,,,19.71,8.95,23.05,4.27,15.54,8.33
22/8/2021,10.82,,,10.24,24.84,13.85,,15.3,18.51,16.87,3.15,,,,,21.93,5.78,38.44,,,,2.9,,,14.68,9.66,,0.34,,,19.7,8.95,23.12,4.26,15.6,8.4
23/8/2021,10.81,,46.52,10.21,24.81,13.79,,15.31,17.99,16.91,3.11,,,,,21.85,5.72,38.44,,,,2.91,,,14.68,9.66,,0.34,,,19.72,8.96,23.2,4.24,15.65,8.48
24/8/2021,10.81,,46.72,10.06,24.86,13.89,,15.32,17.86,16.95,3.09,,,,,21.85,5.75,39.18,,,,2.93,,,14.71,9.68,,0.34,,,19.73,8.92,23.26,4.33,15.72,8.49
25/8/2021,10.8,,46.74,9.89,24.93,13.76,,15.32,18.4,16.99,3.16,,,,,21.88,5.75,39.6,,,,2.92,,,14.71,9.68,,0.34,,,19.74,8.88,23.31,4.3,15.78,8.59
26/8/2021,10.79,,46.79,9.75,24.93,13.7,,15.33,18.49,16.99,3.18,,,,,21.88,5.74,39.61,,,,2.91,,,14.69,9.68,,0.34,,,19.75,8.86,23.35,4.29,15.83,8.61
27/8/2021,10.79,,46.85,9.67,24.95,13.64,,15.38,18.52,16.98,3.18,,,,,21.91,5.74,39.62,,,,2.92,,,14.7,9.69,,0.34,,,19.76,8.84,23.4,4.26,15.86,8.73
28/8/2021,10.79,,46.77,9.56,24.9,13.44,,15.38,18.49,17.01,3.2,,,,,21.92,5.75,39.46,,,,2.93,,,14.7,9.69,,0.34,,,19.78,8.82,23.43,4.19,15.91,8.78
29/8/2021,10.78,,46.74,9.49,24.81,13.2,,15.4,18.48,16.98,3.21,,,,,21.96,5.75,39.13,,,,2.93,,,14.71,9.7,,0.34,,,19.8,8.8,23.46,4.16,15.95,8.87
30/8/2021,10.78,,46.87,9.43,24.79,13.16,,15.4,18.48,16.97,3.21,,,,,21.97,5.76,39.12,,15.37,,2.93,,,14.71,9.7,,0.34,,,19.84,8.79,23.47,4.18,15.98,8.87
31/8/2021,10.78,,47.02,9.37,24.74,13.93,,15.41,18.04,17.02,3.22,,,,,22.01,5.76,39.68,,15.39,,2.94,,,14.74,9.69,,0.34,,,19.85,8.78,23.48,4.16,16,8.83
1/9/2021,10.8,,47.16,9.34,24.72,14.21,,15.41,17.82,16.99,3.23,,,,,22.03,5.78,39.98,,15.41,,2.94,,,14.82,9.69,,0.34,,,19.88,8.77,23.48,4.07,16.03,8.93
2/9/2021,10.8,,47.17,9.28,24.72,14.31,,15.43,17.73,17.01,3.24,,,,,22.06,5.79,40.08,,,,2.94,,,14.84,9.7,,0.34,,,19.89,8.77,23.49,4.11,16.06,8.91
3/9/2021,10.8,,47.47,9.23,24.69,14.34,,15.43,17.69,16.98,3.25,,,,,22.08,5.79,39.91,,15.48,,2.93,,,14.79,9.7,,0.34,,,19.92,8.76,23.49,4.16,16.07,8.9
4/9/2021,10.8,,47.53,9.19,24.65,13.92,,15.43,17.62,16.97,3.25,,,,,22.06,5.79,39.71,,15.49,,2.93,,,14.77,9.7,,0.34,,,19.91,8.74,23.49,4.15,16.07,8.92
5/9/2021,10.81,,47.6,9.18,24.61,13.56,,15.45,17.61,16.96,3.25,,,,,22.08,5.8,39.38,,15.51,,2.94,,,14.79,9.7,,0.34,,,19.93,8.73,23.49,4.19,16.09,8.96
6/9/2021,10.82,,47.73,9.15,24.59,13.51,,15.46,17.61,16.96,3.26,,,,,22.12,5.81,39.36,,15.53,,2.95,,,14.79,9.72,,0.34,,,19.98,8.72,23.49,4.19,16.12,8.98
7/9/2021,10.82,,47.81,9.15,24.73,14.15,,15.48,17.58,17.03,3.26,,,,,22.22,5.82,39.98,,15.56,,2.95,,,14.8,9.74,,0.34,,,19.99,8.71,23.49,4.22,16.14,8.94
8/9/2021,10.82,,47.74,9.18,24.8,14.31,,15.48,17.56,17.08,3.27,,,,,22.26,5.82,40.19,,15.59,,2.96,,,14.82,9.73,,0.29,,,19.48,8.68,23.49,4.18,16.16,8.91
9/9/2021,10.83,,47.85,9.23,24.81,14.4,,15.47,17.57,17.11,3.27,,,,,22.18,5.82,40.17,,,,2.96,,,14.81,9.73,,0.29,,,19.45,8.73,23.49,4.2,16.17,8.9
10/9/2021,10.88,,47.91,9.28,24.8,14.46,,15.49,17.56,17.16,3.28,,,,,22.22,5.83,40.18,,15.65,,2.97,,,14.84,9.72,,0.29,,8.25,19.46,8.79,23.49,4.26,16.19,8.87
11/9/2021,10.93,,48,9.31,24.76,13.99,,15.49,17.57,17.14,3.28,,,,,22.17,5.83,40.14,,15.67,,2.98,,,14.84,9.72,,0.29,,8.14,19.48,8.81,23.49,4.26,16.22,8.84
12/9/2021,10.93,,48.11,9.29,24.67,13.7,,15.52,17.54,17.04,3.29,,,,,22.15,5.84,39.77,,15.69,,2.99,,,14.82,9.74,,0.29,,7.98,19.5,8.83,23.49,4.24,16.21,8.83
13/9/2021,10.92,,48.21,9.29,24.68,13.64,,15.53,17.53,17.08,3.29,,,,,22.19,5.84,39.76,,15.71,,3,,,14.82,9.73,,0.29,,8.09,19.53,8.86,23.49,4.28,16.25,8.81
14/9/2021,10.94,,48.4,9.29,24.86,14.27,,15.53,17.56,17.18,3.29,,,,,22.18,5.85,40.12,,,,3.01,,,14.86,9.73,,0.29,,8.21,19.55,8.88,23.5,4.3,16.27,8.77
15/9/2021,10.93,,48.49,9.32,25.03,14.44,,15.54,17.54,17.23,3.29,,,,,22.23,5.86,40.35,,15.76,,3.02,,,14.87,9.75,,0.29,,8.36,19.58,8.91,23.5,4.34,16.29,8.72
16/9/2021,10.93,,48.38,9.25,25.1,14.45,,15.52,13.55,17.23,3.29,,,,,22.18,5.84,40.34,,15.77,,3.02,,,14.87,9.74,,0.29,,,19.58,8.93,23.5,4.24,16.31,8.67
17/9/2021,10.91,,48.02,9.18,25.09,14.31,,15.47,13.32,17.22,3.29,,,,,22.18,5.85,40.3,,15.78,,3.03,,,14.88,9.73,,0.29,,,19.57,8.91,23.5,4.19,16.31,8.67
18/9/2021,10.91,,48.02,9.11,24.95,13.77,,15.44,17.79,17.2,3.29,,,,,22.17,5.85,40.28,,,,3.04,,,14.89,9.72,,0.29,,,19.58,8.89,23.5,4.17,16.32,8.63
19/9/2021,10.9,,47.97,9.04,24.8,13.4,,15.43,18.27,17.12,3.26,,,,,22.14,5.84,39.86,,,,3.04,,,14.87,9.72,,0.28,,,19.58,8.84,23.5,4.2,16.34,8.61
20/9/2021,10.89,,48.03,9,24.71,13.34,,15.39,18.45,17.12,3.22,,,,,22.19,5.85,39.77,,15.78,,3.06,,,14.87,9.72,,0.21,,,19.59,8.83,23.5,4.18,16.36,8.59
21/9/2021,10.85,,48.08,8.98,24.97,13.97,,15.35,18.62,17.22,3.12,,,,,22.24,5.86,40.36,,,,3.08,,,14.92,9.68,,0.19,,,19.63,8.82,23.5,4.15,16.39,8.65
22/9/2021,10.9,,48.07,8.93,24.81,14.12,,15.46,16.99,16.91,3.17,,,,,22.25,5.88,40.47,,15.73,,3.08,,,14.91,9.69,,0.27,,,19.64,8.81,23.5,4.09,16.41,8.62
23/9/2021,10.89,,48.28,8.9,24.72,14.18,,15.46,16.7,16.82,3.24,,,,,22.25,5.88,40.49,,15.71,,3.08,,,14.93,9.69,,0.27,,,19.64,8.8,23.5,4.11,16.42,8.59
24/9/2021,10.89,,48.34,8.86,24.71,14.13,,15.45,16.59,16.8,3.25,,,,,22.23,5.88,40.33,,15.7,,3.08,,,14.91,9.68,,0.27,,,19.63,8.8,23.5,4.11,16.42,8.59
25/9/2021,10.9,,48.44,8.85,24.62,13.64,,15.45,16.5,16.8,3.26,,,,,22.24,5.88,40.22,,,,3.09,,,14.94,9.69,,0.27,,,19.67,8.79,23.5,4.12,16.44,8.47
26/9/2021,10.75,,48.35,8.8,24.33,13.23,,15.33,16.42,16.67,3.21,,,,,22.2,5.85,40.12,,,,3.07,,,14.91,9.65,,0.25,,,19.68,8.78,23.49,4.09,16.44,8.46
27/9/2021,10.77,,48.46,8.78,24.31,13.2,,15.15,16.39,16.64,3.2,,,,,22.2,5.86,40.06,,15.55,,3.07,,,14.92,9.65,,0.26,,,19.67,8.77,23.49,4.08,16.46,8.56
28/9/2021,10.85,,48.5,8.76,24.39,13.74,,15.23,16.35,16.68,3.21,,,,,22.22,5.87,40.36,,15.48,,3.08,,,14.9,9.65,,0.27,,,19.7,8.76,23.49,4.06,16.48,8.54
29/9/2021,10.84,,48.34,8.73,24.59,13.77,,15.31,16.33,16.72,3.23,,,,,22.22,5.86,40.63,,15.46,,3.08,,,15.04,9.65,,0.27,,,19.69,8.76,23.49,4.08,16.48,8.52
30/9/2021,10.85,,48.31,8.71,24.71,13.73,,15.3,16.3,16.81,3.25,,,,,22.25,5.87,40.56,,,,3.09,,,14.99,9.64,,0.27,,,19.72,8.76,23.49,4.09,16.5,8.07
1/10/2021,10.85,,48.12,8.68,24.71,13.8,,15.29,16.27,16.81,3.27,,,,,22.22,5.88,40.56,,15.33,,3.09,,,14.95,9.65,,0.27,,,19.73,8.76,23.48,4.1,16.52,7.61
2/10/2021,10.85,,48.08,8.65,24.58,13.16,,15.27,16.23,16.76,3.27,,,,,22.2,5.88,40.52,,15.28,,3.09,,,14.92,9.64,,0.27,,,19.73,8.75,23.48,4.1,16.52,7.36
3/10/2021,10.85,,48.02,8.63,24.34,12.81,,15.25,16.2,16.67,3.28,,,,,22.21,5.87,40.11,,15.24,,3.08,,,14.93,9.64,,0.27,,,19.75,8.75,23.47,4.1,16.52,7.18
4/10/2021,10.83,,48.08,8.61,24.31,12.77,,15.21,14.84,16.65,3.29,,,,,22.21,5.86,40.07,,15.22,,3.08,,,14.94,9.63,,0.27,,,19.75,8.74,23.46,4.11,16.53,7.06
5/10/2021,10.83,,47.99,8.59,24.53,13.28,,15.2,14.68,16.67,3.28,,,,,22.2,5.86,40.55,,,,3.07,,,14.9,9.62,,0.27,,,19.74,8.72,23.45,4.13,16.52,6.82
6/10/2021,10.81,,47.97,8.57,24.52,13.39,,15.13,14.58,16.74,3.19,,,,,22.22,5.85,40.69,,14.84,,3.07,,,14.9,9.6,,0.27,,,19.76,8.68,23.44,4.14,16.52,6.72
7/10/2021,10.84,,,8.56,24.47,13.38,,15,14.52,16.77,3.19,,,,,22.23,5.86,40.56,,14.75,,3.07,,,14.94,9.57,,0.27,,,19.78,8.65,23.42,4.05,16.5,6.55
8/10/2021,10.85,,,8.55,24.34,13.35,,15.02,14.48,16.75,3.3,,,,,22.24,5.87,40.78,,14.72,,3.08,,,14.97,9.57,,0.27,,,19.81,8.64,23.4,3.99,16.51,6.43
9/10/2021,10.85,,,8.55,24.18,12.82,,15.03,14.44,16.7,3.3,,,,,22.24,5.88,40.99,,,,3.07,,,14.98,9.58,,0.27,,,19.83,8.63,23.38,3.93,16.52,6.3
10/10/2021,10.86,,,8.53,24.15,12.48,,15.01,14.38,16.63,3.31,,,,,22.22,5.88,40.92,,,,3.05,,,14.95,9.58,,0.27,,,19.83,8.63,23.37,3.86,16.51,6.23
11/10/2021,10.85,,,8.52,24.17,12.43,,14.96,14.35,16.62,3.32,,,,,22.23,5.88,40.93,,14.55,,3.05,,,14.94,9.57,,0.27,,,19.83,8.63,23.35,3.8,16.5,6.14
12/10/2021,10.85,,,8.5,24.43,13.11,,14.94,14.32,16.7,3.31,,,,,22.22,5.87,41.15,,14.52,,3.04,,,14.95,9.56,,0.27,,,19.83,8.62,23.34,3.77,16.48,5.97
13/10/2021,10.85,,,8.5,24.58,13.27,,14.91,14.31,16.75,3.31,,,,,22.23,5.88,41.21,,14.51,,3,,,14.93,9.56,,0.27,,,19.84,8.62,23.32,3.76,16.48,6.04
14/10/2021,10.86,,,8.5,24.66,13.23,,14.9,14.33,16.86,3.31,,,,,22.28,5.89,40.98,,,,2.94,,,14.98,9.57,,0.27,,,19.89,8.63,23.31,3.75,16.49,5.93
15/10/2021,10.86,,,8.48,24.63,13.27,,14.88,14.3,16.81,3.57,,,,,22.33,5.94,41.02,,14.46,,2.95,,,14.9,9.56,,0.28,,,19.88,8.63,23.29,3.7,16.45,5.86
16/10/2021,10.87,,,8.48,24.46,12.69,,14.87,14.28,16.77,3.57,,,,,22.34,5.94,40.81,,14.45,,2.97,,,14.91,9.56,,0.28,,,19.88,8.63,23.27,3.7,16.45,5.82
17/10/2021,10.87,,,8.47,24.37,12.36,,14.86,14.26,16.71,3.58,,,,,22.34,5.95,40.63,,14.44,,2.96,,,14.85,9.55,,0.28,,,19.9,8.64,23.25,3.69,16.44,5.79
18/10/2021,10.88,,,8.47,24.37,12.31,,14.84,14.23,16.72,3.59,,,,,22.37,5.95,40.56,,14.44,,2.94,,,14.82,9.55,,0.28,,,19.92,8.64,23.22,3.71,16.44,5.78
19/10/2021,10.88,,,8.47,24.53,12.88,,14.89,14.14,16.8,3.6,,,,,22.37,5.97,40.74,,,,2.9,,,14.8,9.55,,0.28,,,19.95,8.65,23.19,3.72,16.43,6
20/10/2021,10.88,,,8.45,24.64,13.06,,14.91,14.22,16.82,3.6,,,,,22.36,5.97,40.85,,14.44,,2.93,,,14.86,9.54,,0.28,,,19.93,8.66,23.17,3.71,16.42,6.11
21/10/2021,10.87,,,8.43,24.56,13.08,,14.33,14.18,16.79,3.6,,,,,22.33,5.95,40.78,12.06,14.43,,3.06,,,14.9,9.52,,0.28,,,19.91,8.66,23.14,3.75,16.41,6.43
22/10/2021,10.88,,,8.43,24.55,13.12,,13.79,14.2,16.79,3.61,,,,,22.36,5.96,40.91,12.07,14.59,,3.13,,,,9.52,,0.28,,,19.96,8.67,23.11,3.78,16.41,6.78
23/10/2021,10.89,,,8.44,24.49,12.66,,13.5,14.21,16.81,3.62,,,,,22.31,5.97,40.64,12.07,14.61,,3.14,,,,9.53,,0.28,,,19.99,8.68,23.09,3.76,16.41,7
24/10/2021,10.9,,,8.45,24.29,12.31,,13.28,14.17,16.71,3.63,,,,,22.39,5.98,40.41,12.07,14.61,,3.15,,,,9.53,,0.28,,,20.01,8.7,23.07,3.76,16.42,7.11
25/10/2021,10.9,,,8.43,24.25,12.26,,13.12,14.13,16.69,3.63,,,,,22.37,5.98,40.4,12.03,14.6,,3.14,,,,9.52,,0.28,,,20,8.71,23.05,3.76,16.4,7.11
26/10/2021,10.9,,,8.43,24.5,12.84,,13.02,14.1,16.74,3.63,,,,,22.4,5.99,40.55,12.08,14.6,,3.14,,,,9.52,,0.28,,,20,8.72,23.03,3.78,16.39,7.16
27/10/2021,10.91,,,8.43,24.67,12.97,,12.91,14.13,16.84,3.64,,,,,22.41,5.99,40.77,12.09,14.62,,3.15,,,,9.51,,0.28,,,20.03,8.73,23.03,3.77,16.41,7.21
28/10/2021,10.91,,,8.41,24.76,13.1,,12.83,14.14,16.9,3.64,,,,,22.39,5.99,40.89,12.11,14.61,,3.15,,,,9.5,,0.28,,,20.03,8.73,23.02,3.79,16.41,7.24
29/10/2021,10.91,,,8.4,24.78,13.13,,12.76,14.11,16.9,3.64,,,,,22.4,5.99,40.91,12.11,14.62,,3.14,,,,9.49,,0.28,,,20.04,8.74,23.01,3.81,16.4,7.27
30/10/2021,10.95,,,8.4,24.59,12.61,,12.7,14.1,16.86,3.64,,,,,22.4,5.99,40.69,12.12,14.63,,3.15,,,,9.49,,0.28,,,20.04,8.74,23,3.81,16.39,7.32
31/10/2021,10.96,,,8.38,24.32,12.26,,12.63,14.04,16.72,3.65,,,,,22.38,5.99,40.55,12.11,14.65,,3.15,,,,9.48,,0.28,,,20.06,8.74,23,3.79,16.37,7.23
1/11/2021,10.88,,,8.32,24.17,12.03,,12.52,13.95,16.62,3.62,,,,,22.33,5.94,40.54,12.08,14.65,,3.11,,,,9.43,,0.26,,,20.02,8.74,22.99,3.77,16.31,7.17
2/11/2021,10.93,,,8.32,24.21,11.97,,12.45,13.92,16.64,3.62,,,,,22.34,5.95,40.62,12.07,14.61,,3.11,,,,9.44,,0.26,,,20.02,8.74,22.99,3.75,16.31,7.31
3/11/2021,10.92,,,8.3,24.71,11.92,,12.45,15.49,16.93,3.62,,,,,22.36,5.93,40.73,12.1,14.56,,3.11,,,,9.41,,0.26,,,20.05,8.73,22.99,3.77,16.29,7.32
4/11/2021,10.9,,49.04,8.29,25.03,12.61,,12.45,15.65,17.25,3.55,,,,,22.35,5.93,40.88,,14.49,,3.03,,,,9.42,,0.26,,,20.05,8.7,22.99,3.85,16.29,7.43
5/11/2021,10.94,,48.95,8.32,25.3,12.93,,12.47,15.82,17.47,3.51,,,,,22.43,5.96,40.99,,14.45,,3.15,,,,9.43,,0.26,,,20.13,8.65,23,3.94,16.33,7.49
6/11/2021,10.95,,48.84,8.34,25.23,12.5,,12.47,15.9,17.51,3.65,,,,,22.44,5.98,40.95,,14.41,,3.16,,,,9.43,,0.26,,,20.16,8.64,23.01,3.84,16.34,7.51
7/11/2021,10.95,,48.57,8.32,25,12.17,,12.44,15.86,17.4,3.65,,,,,22.4,5.98,40.83,,14.38,,3.14,,,,9.43,,0.26,,,20.12,8.64,23.01,3.71,16.31,7.5
8/11/2021,10.94,,48.52,8.31,24.96,12.12,,12.39,15.84,17.38,3.66,,,,,22.39,5.98,40.74,,14.37,,3.14,,,,9.42,,0.27,,,20.11,8.63,23,3.65,16.29,7.48
9/11/2021,10.95,,48.47,8.32,25.16,12.74,,12.39,15.88,17.46,3.67,,,,,22.09,5.99,40.89,,14.37,,3.16,,,,9.42,,0.27,,,20.17,8.64,23,3.63,16.3,7.62
10/11/2021,10.96,,48.42,8.32,25.42,12.95,,12.42,15.91,17.59,3.67,,,,,22.44,6.01,41.04,,14.36,,3.16,,,,9.43,,0.27,,,20.18,8.64,22.99,3.6,16.28,7.71
11/11/2021,10.97,,48.29,8.31,25.46,13.01,,12.39,13.87,17.62,3.67,,,,,22.42,6,41.04,,14.35,,3.16,,,,9.42,,0.27,,,20.17,8.65,22.98,3.5,16.25,7.84
12/11/2021,10.97,,48.22,8.3,25.47,13.09,,12.37,15.81,17.62,3.68,,,,,22.42,6,40.99,,14.34,,3.15,,,,9.41,,0.27,,,20.16,8.64,22.96,3.44,16.22,7.91
13/11/2021,10.98,,48.19,8.29,25.31,12.56,,12.36,17.61,17.59,3.68,,,,,22.41,5.99,40.88,,14.31,,3.15,,,,9.4,,0.27,,,20.17,8.64,22.93,3.36,16.19,8.02
14/11/2021,10.97,,48.24,8.28,25.12,12.28,,12.37,17.58,17.53,3.67,,,,,22.4,5.92,40.91,,14.27,,3.14,,,,9.38,,0.26,,,20.16,8.65,22.9,3.32,16.17,8.1
15/11/2021,10.96,,48.55,8.27,25.08,12.22,,12.38,17.55,17.51,3.66,,,,,22.41,5.92,40.77,,14.17,,3.11,,,,9.37,,0.26,,,20.19,8.61,22.88,3.29,16.15,8.06
16/11/2021,10.97,,48.69,8.26,25.25,12.89,,12.4,17.79,17.57,3.66,,,,,22.42,5.97,40.85,,14.11,,3.11,,,,9.37,,0.26,,,20.2,8.58,22.84,3.26,16.11,8.07
17/11/2021,10.97,,48.84,8.25,25.38,13.07,,12.42,17.9,17.63,3.66,,,,,22.41,5.97,41.15,,14.03,,3.13,,,,9.35,,0.26,,,20.19,8.56,22.81,3.2,16.09,8.19
18/11/2021,10.98,,48.77,8.26,25.35,13.17,,12.48,18.01,17.67,3.67,,,,,22.43,5.97,41.28,,14,,3.14,,,,9.22,,0.26,,,20.22,8.53,22.78,3.18,16.08,8.29
19/11/2021,10.99,,48.63,8.27,25.31,13.19,,12.55,18.12,17.67,3.68,,,,,22.45,5.99,41.2,,13.97,,3.14,,,,9.21,,0.26,,,20.23,8.51,22.73,3.15,16.06,8.35
20/11/2021,10.99,,48.45,8.25,25.28,12.75,,12.6,18.15,17.61,3.68,,,,,22.4,5.98,41.07,,13.93,,3.13,,,,9.2,,0.26,,,20.18,8.48,22.68,3.12,16,8.35
21/11/2021,10.98,,48.28,8.22,25.21,12.44,,12.64,18.14,17.54,3.68,,,,,22.38,5.96,40.75,,13.9,,3.11,,,,9.18,,0.27,,,20.16,8.47,22.61,3.06,15.95,8.38
22/11/2021,10.97,,48.29,8.21,25.21,12.41,,12.67,18.16,17.53,3.68,,,,,22.4,5.95,40.71,,13.9,,3.11,,,,9.17,,0.27,,,20.16,8.46,22.57,3.04,15.93,8.47
23/11/2021,10.99,,48.38,8.23,25.27,12.98,,12.72,18.25,17.6,3.69,,,,,22.44,5.96,40.94,,13.9,,3.13,,,,9.18,,0.27,,,20.21,8.46,22.53,3.01,15.93,8.61
24/11/2021,10.99,,48.36,8.23,25.43,13.19,,12.77,18.32,17.7,3.69,,,,,22.43,5.97,41.06,,13.87,,3.12,,,,9.17,,0.27,,,20.2,8.45,22.47,3,15.89,8.64
25/11/2021,10.98,,,8.19,25.46,13.25,,12.79,18.32,17.65,3.69,,,,,22.4,5.94,41,,13.84,,3.1,,,,9.14,,0.27,,,20.16,8.44,22.4,3,15.82,8.63
26/11/2021,10.97,,,8.14,25.47,13.29,,12.78,18.31,17.63,3.68,,,,,22.36,5.91,40.99,,13.8,,3.07,,,,9.11,,0.27,,,20.13,8.42,22.33,2.89,15.76,8.65
27/11/2021,10.97,,,8.14,25.54,12.87,,12.8,18.35,17.64,3.68,,,,,22.38,5.91,40.78,,13.79,,3.08,,,,9.1,,0.27,,,20.13,8.41,22.27,2.85,15.73,8.7
28/11/2021,10.97,,,8.13,25.29,12.5,,12.8,18.38,17.63,3.68,,,,,22.39,5.89,40.65,,13.77,,3.08,,,,9.08,,0.27,,,20.16,8.4,22.22,2.81,15.7,8.69
29/11/2021,10.98,,,8.13,25.26,12.52,,12.78,18.39,17.63,3.69,,,,,22.41,5.9,40.69,,13.77,,3.09,,,,9.08,,0.27,,,20.18,8.39,22.18,2.77,15.69,8.87
30/11/2021,11,,,8.17,25.27,13.13,,12.91,18.49,17.73,3.7,,,,,22.47,5.93,40.92,,13.79,,3.13,,,,9.1,,0.27,,,20.26,8.39,22.14,2.85,15.71,9.04
1/12/2021,11,,47.84,8.15,25.31,13.25,,12.93,18.5,17.69,3.7,,,,,22.43,5.94,41.24,,13.77,,3.11,,,,9.08,,0.27,,,20.2,8.38,22.05,2.83,15.65,8.96
2/12/2021,10.99,,47.8,8.11,25.41,13.35,,12.92,18.47,17.67,3.68,,,,,22.39,5.9,40.84,,13.76,,3.08,,,,9.05,,0.26,,,20.18,8.38,21.98,2.72,15.59,8.97
3/12/2021,10.95,,48.25,8.12,25.51,13.36,,12.8,18.52,17.74,3.68,,,,,22.44,5.84,40.88,,13.77,,3.11,,,,9.03,,0.26,,,20.22,8.37,21.93,2.66,15.58,9.19
4/12/2021,11,,48.03,8.13,25.48,12.89,,12.94,18.52,17.77,3.69,,,,,22.44,5.93,40.73,,13.78,,3.11,,,,9.04,,0.27,,,20.22,8.36,21.83,2.63,15.53,9.19
5/12/2021,10.99,,47.83,8.11,25.31,12.58,,12.92,18.48,17.72,3.68,,,,,22.42,5.91,40.43,,13.77,,3.1,,,,9.03,,0.27,,,20.2,8.34,21.75,2.57,15.5,9.25
6/12/2021,11,,47.86,8.12,25.29,12.53,,12.94,18.48,17.72,3.69,,,,,22.45,5.92,40.42,,13.79,,3.11,,,,9.03,,0.27,,,20.23,8.32,21.68,2.56,15.48,9.35
7/12/2021,11.01,,47.84,8.14,25.29,13.12,,12.95,18.52,17.76,3.7,,,,,22.45,5.93,40.67,,13.81,,3.12,,,,9.03,,0.27,,,20.24,8.3,21.61,2.59,15.46,9.34
8/12/2021,11,,47.68,8.09,25.34,12.67,,12.91,18.49,17.69,3.68,,,,,22.41,5.9,40.78,,13.81,,3.08,,,,9,,0.27,,,20.2,8.27,21.49,2.54,15.38,9.31
9/12/2021,10.99,,47.89,8.09,25.36,12.61,,12.9,18.5,17.71,3.68,,,,,22.42,5.9,40.76,,13.81,,3.09,,,,8.99,,0.27,,,20.19,8.26,21.42,2.47,15.36,9.4
10/12/2021,10.96,,47.94,8.08,25.35,13.14,,12.89,18.52,17.75,3.67,,,,,22.44,5.9,40.95,,13.81,,3.09,,,,8.98,,0.27,,,20.22,8.24,21.31,2.48,15.31,9.44
11/12/2021,10.96,,47.94,8.08,25.22,13.24,,12.85,18.54,17.75,3.67,,,,,22.46,5.9,40.85,,13.82,,3.1,,,,8.97,,0.27,,,20.23,8.23,21.26,2.43,15.29,9.6
12/12/2021,10.99,,47.94,8.12,25.17,13.21,,12.96,18.6,17.83,3.69,,,,,22.51,5.92,40.73,,13.85,,3.14,,,,9,,0.27,,,20.29,8.22,21.2,2.42,15.32,9.7
13/12/2021,10.99,,47.87,8.14,25.15,13.19,,12.98,15.68,17.82,3.69,,,,,22.48,5.94,40.65,,13.87,,3.14,,,,9.01,,0.27,,,20.28,8.2,21.11,2.42,15.3,9.73
14/12/2021,10.99,,47.76,8.14,25.2,13.39,,12.94,14.76,17.83,3.7,,,,,22.5,5.95,40.75,,13.89,,3.13,,,,9.01,,0.27,,,20.28,8.19,21.01,2.41,15.27,9.43
15/12/2021,10.99,,47.71,8.14,25.06,13.36,,12.87,14.39,17.63,3.7,,,,,22.51,5.95,41.16,,13.9,,3.14,,,,9.01,,0.27,,,20.27,8.18,20.92,2.39,15.26,9.07
16/12/2021,10.99,,47.69,8.15,24.77,13.32,,12.76,14.15,17.34,3.71,,,,,22.51,5.96,41.35,,13.91,,3.14,,,,9.01,,0.28,,,20.28,8.18,20.82,2.38,15.23,8.67
17/12/2021,10.99,,47.61,8.15,24.65,13.3,,12.65,13.92,17.22,3.71,,,,,22.5,5.97,41.69,,13.93,,3.14,,,,9.01,,0.27,,,20.26,8.17,20.74,2.35,15.2,8.44
18/12/2021,10.99,,47.61,8.15,24.64,12.68,,12.55,13.73,17.17,3.71,,,,,22.51,5.97,41.15,,13.93,,3.14,,,,9,,0.27,,,20.26,8.17,,2.32,15.18,8.18
19/12/2021,10.98,,47.41,8.11,24.43,12.28,,12.42,13.49,17.03,3.7,,,,,22.47,5.95,40.7,,13.93,,3.12,,,,8.99,,0.26,,,20.22,8.17,,2.26,15.1,8.04
20/12/2021,10.97,,47.42,8.1,24.39,12.19,,12.34,13.41,17,3.7,,,,,22.45,5.94,40.56,,13.92,,3.11,,,,8.97,,0.27,,,20.19,8.17,,2.2,15.07,7.93
21/12/2021,10.98,,47.51,8.11,24.44,12.71,,12.25,13.31,17.02,3.71,,,,,22.52,5.94,40.9,,13.95,,3.14,,,,8.98,,0.27,,,20.25,8.19,,2.28,15.06,7.82
22/12/2021,10.98,,47.38,8.11,24.34,12.79,,12.18,13.22,16.97,3.71,,,,,22.52,5.94,40.77,,13.96,,3.14,,,,8.98,,0.27,,,20.25,8.19,,2.32,15.05,7.68
23/12/2021,10.98,,47.21,8.09,24.2,12.51,,12.08,13.11,16.85,3.72,,,,,22.52,5.88,40.44,,13.97,,3.13,,,,8.97,,0.27,,,20.25,8.21,,2.29,15,7.52
24/12/2021,10.97,,47.11,8.07,24.02,11.98,,12,12.96,16.78,3.71,,,,,22.5,5.86,40.16,,13.97,,3.12,,,,8.95,,0.27,,,20.21,8.21,,2.25,14.94,7.4
25/12/2021,10.95,,46.92,8.04,23.92,11.74,,11.91,12.85,16.73,3.7,,,,,22.49,5.83,39.87,,13.93,,3.1,,,,8.93,,0.27,,,20.2,8.22,,2.12,14.9,7.33
26/12/2021,10.94,,46.95,8.03,23.89,11.55,,11.84,12.77,16.71,3.7,,,,,22.5,5.82,39.8,,13.9,,3.1,,,,8.9,,0.27,,,20.2,8.23,,2.12,14.88,7.22
27/12/2021,10.95,,47.25,8.03,23.88,11.5,,11.78,12.72,16.69,3.69,,,,,22.5,5.84,39.82,,13.89,,3.09,,,,8.9,,0.27,,,20.22,8.24,,2.09,14.85,7.13
28/12/2021,10.95,,47.08,8.02,23.87,11.44,,11.73,12.62,16.67,3.69,,,,,22.51,5.83,39.87,,13.88,,3.08,,,,8.89,,0.27,,,20.23,8.24,,2.06,14.82,7.07
29/12/2021,10.96,,46.99,8.01,23.86,11.39,,11.7,12.59,16.66,3.69,,,,,22.51,5.83,40.03,,13.88,,3.08,,,,8.88,,0.27,,,20.23,8.24,,2.05,14.8,7.05
30/12/2021,10.97,,46.96,8.03,23.9,11.4,,11.67,12.58,16.68,3.69,,,,,22.55,5.84,39.9,,13.9,,3.1,,,,8.89,,0.27,,,20.27,8.24,,2.05,14.8,6.96
31/12/2021,10.97,,46.91,8.05,23.85,11.29,,11.63,12.5,16.67,3.7,,,,,22.54,5.85,39.96,,13.92,,3.1,,,,8.9,,0.26,,,20.28,8.23,,2.07,14.79,6.88
1/1/2022,10.98,,46.7,8.05,23.82,11.2,,11.58,12.43,16.64,3.71,,,,,22.55,5.87,39.85,,13.92,,3.09,,,,8.9,,0.26,,,20.27,8.22,,2.05,14.76,6.78
2/1/2022,10.97,,46.53,8.04,23.75,11.1,,11.53,12.35,16.6,3.71,,,,,22.52,5.86,39.79,,13.93,,3.07,,,,8.9,,0.25,,,20.27,8.22,,2.04,14.73,6.68
3/1/2022,10.96,,46.42,8.03,23.72,11.08,,11.48,12.31,16.56,3.7,,,,,22.52,5.97,39.79,,13.93,,3.06,,,,8.88,,0.26,,,20.25,8.21,,1.98,14.68,6.56
4/1/2022,10.95,,46.19,8,23.68,11.07,,11.41,12.23,16.51,3.69,,,,,22.48,5.81,39.72,,13.93,,3.04,,,,8.85,,0.27,,,20.22,8.21,,1.94,14.63,6.39
5/1/2022,10.81,,46.15,7.96,23.64,10.93,,11.28,12.17,16.48,3.69,,,,,22.47,5.72,39.8,,13.92,,3.01,,,,8.81,,0.25,,,20.19,8.21,,1.92,14.56,6.31
6/1/2022,10.74,,46.23,7.93,23.53,10.72,,11.07,12.17,16.54,3.67,,,,,22.51,5.61,39.72,,13.91,,3.03,,,,8.81,,0.22,,,20.25,8.21,,1.83,14.55,6.4
7/1/2022,10.94,,46.47,7.97,23.51,10.85,,11.04,12.12,16.52,3.65,,,,,22.54,5.8,39.83,,13.9,,3.04,,,,8.83,,0.26,,,20.27,8.19,,1.79,14.52,6.31
8/1/2022,10.93,,46.29,7.95,23.52,10.78,,11.24,12.04,16.48,3.64,,,,,22.51,5.79,39.85,,13.88,,3.02,,,,8.82,,0.26,,,20.24,8.18,,1.8,14.48,6.15
9/1/2022,10.92,,46.19,7.93,23.57,10.71,,11.17,11.98,16.42,3.64,,,,,22.49,5.78,39.8,,13.87,,3.01,,,,8.79,,0.26,,,20.22,8.16,,1.75,14.43,6.11
10/1/2022,10.92,,46.22,7.93,23.56,10.69,,11.15,11.97,16.43,3.64,,,,,22.52,5.78,39.82,,13.88,,3.02,,,,8.78,,0.26,,,20.24,8.15,,1.74,14.42,6.13
11/1/2022,10.93,,46.35,7.95,23.5,11.35,,11.18,12.06,16.38,3.65,,,,,22.57,5.8,40.33,,13.92,,3.04,,,,8.79,,0.27,,,20.3,8.15,,1.73,14.44,6.08
12/1/2022,10.94,,46.34,7.98,23.39,11.61,,11.17,12.09,16.35,3.66,,,,,22.59,5.81,40.49,,13.95,,3.05,,,,8.8,,0.27,,,20.32,8.15,,1.73,14.44,6
13/1/2022,10.95,,46.24,7.99,23.35,11.75,,11.15,12.1,16.31,3.67,,,,,22.59,5.83,40.57,,13.98,,3.06,,,,8.82,,0.27,,,20.33,8.15,,1.73,14.43,5.84
14/1/2022,10.94,,46.21,7.98,23.38,11.88,,11.12,12.04,16.23,3.67,,,,,22.56,5.83,40.61,,13.98,,3.03,,,,8.81,,0.27,,,20.27,8.14,,1.72,14.38,5.72
15/1/2022,10.94,,46.11,7.96,23.39,11.41,,,12.01,16.2,3.67,,,,,22.55,5.82,40.33,,13.98,,3.02,,,,8.8,,0.27,,,20.26,8.14,,1.7,14.36,5.62
16/1/2022,10.94,,46.04,7.96,23.31,11.12,,,11.95,16.15,3.67,,,,,22.56,5.81,40.03,,13.99,,3.03,,,,8.79,,0.27,,,20.27,8.14,,1.68,14.33,5.52
17/1/2022,10.94,,45.9,7.95,23.26,11.05,,,11.95,16.13,3.68,,,,,22.58,5.82,39.99,,14.01,,3.03,,,,8.79,,0.27,,,20.27,8.15,,1.68,14.31,5.47
18/1/2022,10.94,,45.85,7.97,23.25,11.62,,,11.99,16.14,3.68,,,,,22.61,5.82,40.17,,14.02,,3.05,,,,8.79,,0.27,,,20.29,8.15,,1.68,14.31,5.33
19/1/2022,10.94,,45.61,7.95,23.27,11.77,,,11.9,16.12,3.69,,,,,22.59,5.82,40.6,,14.05,,3.04,,,,8.78,,0.27,,,20.27,8.16,,1.68,14.27,5.18
20/1/2022,10.93,,45.56,7.93,23.36,11.84,,,11.89,16.09,3.69,,,,,22.58,5.81,40.41,,14.04,,3.03,,,,8.77,,0.27,,,20.25,8.16,,1.65,14.23,5.12
21/1/2022,10.93,,45.59,7.93,23.36,11.9,,,11.9,16.1,3.69,,,,,22.59,5.81,40.49,,14.06,,3.04,,,,8.77,,0.27,,,20.25,8.17,,1.65,14.23,5.03
22/1/2022,10.93,,45.46,7.94,23.26,11.41,,,11.86,16.08,3.7,,,,,22.62,5.82,40.31,,14.08,,3.06,,,,8.77,,0.27,,,20.29,8.18,,1.66,14.22,4.95
23/1/2022,10.94,,45.39,7.95,23.14,11.09,,,11.84,16.03,3.71,,,,,22.63,5.82,40.03,,14.1,,3.07,,,,8.77,,0.27,,,20.3,8.18,,1.66,14.21,4.9
24/1/2022,10.94,,45.29,7.95,23.11,11.02,,,11.82,16.02,3.72,,,,,22.64,5.82,39.99,,14.11,,3.07,,,,8.77,,0.27,,,20.31,8.19,,1.66,14.21,
25/1/2022,10.94,,45.15,7.95,23.21,11.59,,,11.8,16.03,3.72,,,,,22.65,5.83,40.24,,14.13,,3.07,,,,8.77,,0.28,,,20.3,8.2,,1.74,14.18,4.65
26/1/2022,10.94,,45.07,7.94,23.23,11.76,,,11.76,16,3.73,,,,,22.62,5.83,40.42,,14.14,,3.06,,,,8.76,,0.28,,,20.29,8.21,,1.72,14.16,4.55
27/1/2022,10.94,,45.01,7.93,23.24,11.82,,,11.73,15.97,3.73,,,,,22.64,5.83,40.43,10.44,14.15,,3.05,,,,8.75,,0.28,,6.73,20.29,8.22,,1.66,14.14,4.48
28/1/2022,10.94,,44.94,7.92,23.19,11.87,,,11.72,15.95,3.73,,,,,21.83,5.82,40.49,10.43,14.15,,3.08,,,,8.74,,0.28,,6.73,20.28,8.23,,1.69,14.11,4.39
29/1/2022,10.95,,44.81,7.93,23.17,11.44,,,11.71,15.93,3.73,,,,,22.66,5.83,40.39,10.43,14.17,,3.09,,,,8.74,,0.28,,6.6,20.31,8.23,,1.66,14.11,4.26
30/1/2022,10.94,,44.63,7.9,23.08,11.06,,,11.64,15.85,3.73,,,,,22.63,5.82,40.08,10.4,14.16,,3.07,,,,8.72,,0.28,,6.51,20.26,8.24,,1.63,14.07,4.12
31/1/2022,10.92,,44.48,7.86,23.04,11.01,,,11.58,15.78,3.73,,,,,22.6,5.8,40.04,10.38,14.16,,3.05,,,,8.7,,0.28,,6.56,20.23,8.25,,1.62,14.01,4.09
1/2/2022,10.93,,44.49,7.87,23,11.59,,,11.59,15.82,3.73,,,,,22.64,5.8,40.29,10.39,14.17,,3.08,,,,8.7,,0.28,,6.65,20.27,8.25,,1.62,14.02,4.03
2/2/2022,10.93,,44.48,7.87,23.02,11.73,,,11.59,15.83,3.74,,,,,22.62,5.8,40.72,10.39,14.18,,3.08,,,,8.69,,0.28,,6.69,20.27,8.26,,1.61,14,4
3/2/2022,10.94,,44.45,7.89,23.05,11.85,,,11.65,15.85,3.74,,,,,22.66,5.81,40.72,10.43,14.21,,3.12,,,,8.69,,0.28,,6.74,20.32,8.27,,1.63,14.01,3.9
4/2/2022,10.94,,44.31,7.89,23.02,11.35,,,11.61,15.81,3.75,,,,,22.68,5.82,40.83,10.42,14.23,,3.11,,,,8.68,,0.28,,6.71,20.31,8.28,,1.63,13.98,3.87
5/2/2022,10.95,,44.28,7.89,22.98,11.02,,,11.6,15.81,3.75,,,,,22.35,5.82,40.6,10.42,14.24,,3.12,,,,8.68,,0.28,,6.58,20.31,8.28,,1.68,13.98,3.77
6/2/2022,10.94,,44.08,7.89,22.85,10.8,,,11.51,15.72,3.75,,,,,22.54,5.82,40.47,10.41,14.27,,3.11,,,,8.67,,0.28,,6.51,20.3,8.3,,1.7,13.94,3.71
7/2/2022,10.94,,44.01,7.86,22.78,10.75,,,11.13,15.66,3.75,,,,,22.64,5.8,40.35,10.4,14.25,,3.09,,,,8.66,,0.28,,6.53,20.27,8.3,,1.67,13.91,3.74
8/2/2022,,,44.14,7.91,23.01,11.48,,,11.57,15.81,3.77,,,,,22.76,5.84,40.61,10.46,14.3,,3.15,,,,8.68,,0.28,,6.69,20.38,8.31,,1.75,13.97,3.67
9/2/2022,10.97,,44.04,7.92,23.08,11.7,,,11.58,15.81,3.77,,,,,22.73,5.86,40.91,10.48,14.32,,3.15,,,,8.69,,0.28,,6.75,20.38,8.32,,1.78,13.95,3.57
10/2/2022,10.96,,43.95,7.91,23.07,11.79,,,11.55,15.79,3.77,,,,,22.73,5.85,40.83,10.47,14.34,,3.14,,,,8.68,,0.28,,6.77,20.36,8.33,,1.74,13.93,3.5
11/2/2022,10.96,,43.85,7.9,23.09,11.82,,,11.54,15.78,3.78,,,,,21.69,5.85,40.75,10.46,14.35,,3.14,,,,8.67,,0.28,,6.77,20.35,8.34,,1.74,13.91,3.48
12/2/2022,10.97,,43.79,7.91,23,11.34,,,11.55,15.76,3.77,,,,,22.5,5.86,40.69,10.47,14.37,,3.17,,,,8.67,,0.28,,6.62,20.39,8.35,,1.76,13.92,3.4
13/2/2022,10.97,,43.66,7.9,22.84,11.02,,,11.47,15.67,3.76,,,,,22.74,5.86,40.65,10.45,14.38,,3.15,,,,8.67,,0.28,,6.54,20.36,8.35,,1.75,13.89,3.29
14/2/2022,10.96,,43.61,7.88,22.81,10.95,,,11.44,15.63,3.73,,,,,22.73,5.85,40.55,10.44,14.38,,3.14,,,,8.65,,0.28,,6.57,20.35,8.36,,1.71,13.86,3.23
15/2/2022,10.93,,43.56,7.86,22.82,11.53,,,11.43,15.6,3.68,,,,,22.71,5.8,40.7,10.41,14.39,,3.13,,,,8.63,,0.28,,6.66,20.33,8.36,,1.63,13.82,3.19
16/2/2022,10.96,,43.84,7.87,22.94,11.69,,,11.45,15.67,3.66,,,,,22.67,5.84,40.78,10.42,14.39,,3.14,,,,8.64,,0.28,,6.69,20.38,8.37,,1.69,13.83,3.12
17/2/2022,10.96,,43.79,7.86,22.92,11.77,,,11.44,15.65,3.65,,,,,21.89,5.83,40.88,10.41,14.38,,3.14,,,,8.62,,0.28,,6.7,20.36,8.37,,1.69,13.81,3.09
18/2/2022,10.97,,43.74,7.86,22.88,11.84,,,11.45,15.65,3.64,,,,,22.78,5.84,40.9,10.41,14.39,,3.16,,,,8.62,,0.28,,6.72,20.39,8.36,,1.71,13.81,3.05
19/2/2022,10.97,,43.57,7.86,22.8,11.29,,,11.43,15.62,3.63,,,,,22.77,5.84,40.76,10.41,14.38,,3.16,,,,8.61,,0.28,,,20.39,8.34,,1.63,13.8,3
20/2/2022,10.98,,43.51,7.86,22.71,10.93,,,11.38,15.56,3.63,,,,,22.78,5.85,40.97,10.41,14.37,,3.17,,,,8.61,,0.28,,,20.41,8.31,,1.63,13.78,2.89
21/2/2022,10.96,,43.33,7.83,22.63,10.87,,,11.34,15.48,3.62,,,,,22.29,5.83,40.71,10.4,14.35,,3.15,,,,8.59,,0.28,,6.57,20.37,8.29,,1.6,13.74,2.9
22/2/2022,10.97,,43.37,7.84,22.68,11.49,,,11.38,15.53,3.62,,,,,22.8,5.84,40.76,10.41,14.36,,3.17,,,,8.6,,0.28,,6.64,20.42,8.28,,1.7,13.76,2.92
23/2/2022,10.98,,43.29,7.87,22.75,11.65,,,11.42,15.58,3.62,,,,,22.67,5.86,41.09,10.44,14.38,,3.19,,,,8.61,,0.28,,6.7,20.45,8.27,,1.73,13.78,2.86
24/2/2022,10.98,,43.19,7.86,22.71,11.72,,,11.41,15.51,3.62,,,,,22.82,5.87,41.06,10.44,14.38,,3.18,,,,8.6,,0.28,,6.74,20.44,8.27,,1.72,13.75,2.69
25/2/2022,10.98,,43.15,7.86,22.63,11.73,,,11.39,15.5,3.61,,,,,22.81,5.86,,10.44,14.38,,3.17,,,,8.57,,0.28,,6.73,20.43,8.26,,1.7,13.74,2.66
26/2/2022,10.99,,43.23,7.86,22.6,11.21,,,11.37,15.49,3.62,,,,,22.85,,,10.46,14.39,,3.19,,,,8.58,,0.29,,6.57,20.48,8.26,,1.62,13.73,2.73
27/2/2022,10.99,,43.19,7.86,22.56,10.91,,,11.33,15.47,3.62,,,,,22.84,,,10.47,14.39,,3.2,,,,8.6,,0.29,,6.51,20.47,8.25,,1.64,13.71,2.71
28/2/2022,10.99,,43.12,7.86,22.51,10.82,,,11.32,15.45,3.62,,,,,22.84,5.89,,10.47,14.39,,3.19,,,,8.6,,0.29,,6.54,20.48,8.23,,1.64,13.71,2.67
1/3/2022,10.99,,43.03,7.87,22.56,11.43,,,11.32,15.46,3.6,,,,,22.85,5.9,,10.36,14.4,,3.2,,,,8.6,,0.29,,6.67,20.49,8.21,,1.65,13.71,2.6
2/3/2022,10.99,,42.9,7.85,22.55,11.57,,,11.28,15.42,3.59,,,,,22.85,5.89,,10.48,14.4,,3.18,,,,8.59,,0.29,,6.71,20.47,8.19,,1.59,13.68,2.53
3/3/2022,10.98,,42.81,7.83,22.67,11.64,,,11.26,15.4,3.58,,,,,22.84,5.88,,10.47,14.4,,3.18,,,,8.57,,0.29,,6.73,20.46,8.16,,1.57,13.65,2.5
4/3/2022,10.99,,42.77,7.83,22.73,11.71,,,11.26,15.4,3.57,,,,,22.85,5.88,,10.48,14.4,,3.19,,,,8.57,,0.29,,6.73,20.46,8.15,,1.54,13.64,2.64
5/3/2022,10.99,,42.71,7.83,22.63,11.2,,,11.27,15.42,3.56,,,,,22.87,5.89,,10.45,14.42,,3.2,,,,8.56,,0.29,,6.58,20.49,8.14,,1.55,13.64,2.53
6/3/2022,10.99,,42.63,7.83,22.57,10.88,,,11.22,15.36,3.56,,,,,22.87,5.89,,10.49,14.43,,3.21,,,,8.56,,0.29,,6.5,20.5,8.13,,1.55,13.63,2.51
7/3/2022,10.99,,42.59,7.84,22.52,10.8,,,11.22,15.36,3.55,,,,,22.88,5.89,,10.51,14.43,,3.21,,,,8.56,,0.29,,6.47,20.51,8.12,,1.54,13.63,2.49
8/3/2022,11,,42.66,7.84,22.5,11.36,,,11.24,15.38,3.55,,,,,22.91,5.9,,10.52,14.45,,3.22,,,,8.55,,0.29,,6.46,20.52,8.13,,1.56,13.63,2.47
9/3/2022,11,,42.58,7.85,22.5,11.56,,,11.24,15.37,3.54,,,,,22.91,5.91,,10.54,14.46,,3.23,,,,8.55,,0.29,,6.51,20.53,8.13,,1.57,13.63,2.44
10/3/2022,11,,42.54,7.85,22.52,11.65,,,11.24,15.36,3.54,,,,,22.92,5.91,,,14.47,,3.23,,,,8.55,,0.3,,6.52,20.54,8.14,,1.59,13.62,2.39
11/3/2022,11.01,,42.5,7.86,22.5,11.71,,,11.27,15.35,3.53,,,,,22.93,5.92,,10.37,14.47,,3.24,,,,8.55,,0.3,,6.51,20.55,8.15,,1.61,13.61,2.33
12/3/2022,11.01,,42.41,7.87,22.46,11.24,,,11.22,15.31,3.53,,,,,22.93,5.92,,10.56,14.48,,3.24,,,,8.55,,0.3,,6.51,20.55,8.16,,1.62,13.61,2.28
13/3/2022,11.01,,42.35,7.86,22.43,10.93,,,11.19,15.28,3.52,,,,,22.93,5.93,,10.57,14.48,,3.24,,,,8.55,,0.3,,6.49,20.55,8.17,,1.63,13.6,2.28
14/3/2022,11.01,,42.35,7.87,22.44,10.88,,,11.19,15.28,3.52,,,,,22.94,5.93,,10.58,14.5,,3.25,,,,8.55,,0.3,,6.48,20.58,8.18,,1.63,13.61,2.22
15/3/2022,11.01,,42.25,7.88,22.46,11.47,,,11.18,15.28,3.52,,,,,22.96,5.94,,10.61,14.51,,3.25,,,,8.56,,0.3,,6.52,20.58,8.2,,1.65,13.61,2.15
16/3/2022,11,,42.06,7.85,22.43,11.61,,,11.17,15.25,3.52,,,,,22.94,5.93,,10.6,14.51,,3.24,,,,8.54,,0.3,,6.51,20.57,8.21,,1.66,13.59,2.13
17/3/2022,11,,42.15,7.86,22.43,11.73,,,11.17,15.26,3.51,,,,,22.96,5.93,,10.61,14.53,,3.25,,,,8.55,,0.31,,6.59,20.58,8.23,,1.64,13.59,2.12
18/3/2022,11.01,,42.08,7.87,22.42,11.75,,,11.21,15.26,3.51,,,,,22.99,5.94,,10.64,14.56,,3.27,,,,8.56,,0.31,,6.66,20.6,8.24,,1.64,13.6,2.1
19/3/2022,11.01,,42.09,7.87,22.38,11.31,,,11.19,15.22,3.5,,,,,22.99,5.95,,10.65,14.57,,3.27,,,,8.55,,0.31,,6.61,20.61,8.26,,1.64,13.6,2.08
20/3/2022,11.02,,42.04,7.88,22.35,11.03,,,11.15,15.2,3.49,,,,,23,5.95,,10.66,14.58,,3.28,,,,8.56,,0.31,,6.59,20.62,8.27,,1.64,13.6,2.06
21/3/2022,11.02,,42.05,7.88,22.34,10.96,,,11.14,15.2,3.49,,,,,23.01,5.95,,10.68,14.59,,3.29,,,,8.56,,0.31,,6.59,20.64,8.28,,1.64,13.6,2.03
22/3/2022,11.02,,42.03,7.89,22.45,11.57,,,11.15,15.22,3.48,,,,,23.03,5.95,,10.8,14.6,,3.29,,,,8.56,,0.31,,6.58,20.64,8.3,,1.74,13.59,1.97
23/3/2022,11.01,,41.92,7.89,22.43,11.81,,,11.15,15.21,3.47,,,,,22.54,5.95,,10.79,14.61,,3.3,,,,8.55,,0.31,,6.59,20.64,8.31,,1.72,13.57,1.96
24/3/2022,11.01,,41.92,7.91,22.65,11.86,,,12.11,15.49,3.47,,,,,23.02,5.94,,11.36,14.62,,3.3,,,,8.55,,0.31,,6.61,20.63,8.32,,1.65,13.56,2.58
25/3/2022,11.01,,42.03,7.96,22.79,11.93,,,12.3,15.55,3.46,,,,,23.05,5.94,,11.32,14.63,,3.3,,,,8.54,,0.31,,6.64,20.64,8.33,,1.66,13.56,3.19
26/3/2022,11.02,,42,7.98,22.83,11.52,,,12.43,15.65,3.46,,,,,23.08,5.94,,11.03,14.65,,3.31,,,,8.54,,0.31,,6.63,20.66,8.34,,1.66,13.56,3.63
27/3/2022,11.03,,41.92,8,22.75,11.23,,,12.51,15.59,3.46,,,,,23.08,5.94,,10.95,14.65,,3.32,,,,8.55,,0.31,,6.67,20.68,8.35,,1.75,13.57,3.95
28/3/2022,11.02,,41.98,7.97,22.72,11.2,,,12.59,15.58,3.44,,,,,23.07,5.94,,10.74,14.65,,3.3,,,,8.54,,0.32,,6.68,20.67,8.36,,1.74,13.56,4.17
29/3/2022,11.02,,41.99,7.93,22.85,11.93,,,12.61,15.58,3.43,,,,,23.05,5.92,,10.86,14.65,,3.28,,,,8.51,,0.32,,6.69,20.64,8.36,,1.75,13.52,4.34
30/3/2022,11.01,,41.8,7.89,22.9,12.06,,,12.63,15.59,3.42,,,,,23.03,5.89,,10.73,14.65,,3.27,,,,8.49,,0.32,,6.65,20.63,8.37,,1.79,13.49,4.48
31/3/2022,10.97,,41.84,7.82,22.92,12.1,,,12.66,15.55,3.41,,,,,23.02,5.86,,10.77,14.65,,3.24,,,,8.44,,0.28,,6.62,20.62,8.38,,1.78,13.44,4.59
1/4/2022,10.97,,42.45,7.82,22.92,12.07,,,12.7,15.58,3.41,,,,,23.03,5.82,,10.76,14.64,,3.25,,,,8.42,,0.28,,6.62,20.61,8.38,,1.73,13.44,4.7
2/4/2022,10.98,,42.2,7.83,23.25,11.53,,,12.79,15.85,3.41,,,,,23.08,5.86,,10.78,14.64,,3.28,,,,8.45,,0.28,,6.62,20.65,8.36,,1.74,13.46,4.87
3/4/2022,10.98,,42.18,7.87,23.24,11.23,,,12.84,15.93,3.44,,,,,23.11,5.88,,10.8,14.65,,3.32,,,,8.46,,0.29,,6.61,20.69,8.34,,1.75,13.48,5.05
4/4/2022,11,,41.96,7.87,23.3,11.2,,,12.85,15.95,3.45,,,,,23.1,5.9,,10.81,14.65,,3.31,,,,8.47,,0.29,,6.6,20.7,8.29,,1.75,13.49,5.32
5/4/2022,10.99,,41.75,7.85,23.45,11.78,,,12.87,16,3.45,,,,,23.1,5.89,,10.8,14.64,,3.3,,,,8.46,,0.29,,6.62,20.69,8.25,,1.75,13.48,5.45
6/4/2022,10.99,,41.74,7.82,23.51,11.98,,,12.91,16.03,3.44,,,,,23.09,5.89,,10.79,14.64,,3.29,,,,8.46,,0.29,,6.64,20.67,8.21,,1.75,13.45,5.29
7/4/2022,10.99,,41.78,7.82,23.48,12.07,,,12.96,16.02,3.44,,,,,23.09,5.88,,10.79,14.63,,3.29,,,,8.45,,0.29,,6.68,20.67,8.18,,1.73,13.44,5.28
8/4/2022,10.99,,41.67,7.81,23.56,12.15,,,12.98,16.06,3.43,,,,,23.1,5.87,,10.78,14.64,,3.29,,,,8.45,,0.29,,6.8,20.66,8.16,,1.67,13.42,5.56
9/4/2022,10.97,,41.65,7.8,23.55,11.59,,,13.02,16.06,3.43,,,,,23.1,5.85,,10.66,14.63,,3.28,,,,8.44,,0.29,,6.8,20.66,8.16,,1.64,13.42,5.59
10/4/2022,10.94,,41.48,7.84,23.42,11.28,,,13.04,16.1,3.44,,,,,23.15,5.83,,10.83,14.66,,3.33,,,,8.46,,0.29,,6.77,20.73,8.16,,1.66,13.45,5.6
11/4/2022,10.99,,41.43,7.86,23.45,11.25,,,13.04,16.11,3.45,,,,,23.16,5.91,,10.84,14.66,,3.33,,,,8.47,,0.29,,6.77,20.73,8.16,,1.65,13.46,5.42
12/4/2022,10.99,,41.7,7.86,23.59,11.77,,,13.01,16.14,3.45,,,,,23.15,5.92,,10.74,14.66,,3.33,,,,8.47,,0.29,,6.87,20.73,8.16,,1.68,13.45,5.34
13/4/2022,11,,41.65,7.87,23.66,12.01,,,13,16.16,3.45,,,,,23.16,5.92,,10.85,14.66,,3.33,,,,8.47,,0.29,,6.92,20.72,8.17,,1.71,13.44,5.3
14/4/2022,11,,41.6,7.88,23.66,11.99,,,13.05,16.19,3.45,,,,,23.21,5.92,,10.86,14.66,,3.33,,,,8.47,,0.29,,7.04,20.74,8.18,,1.77,13.43,5.22
15/4/2022,11.01,,41.56,7.89,23.75,12.12,,,13.04,16.22,3.45,,,,,23.19,5.92,,10.87,14.66,,3.33,,,,8.47,,0.29,,7.13,20.74,8.19,,1.74,13.42,5.16
16/4/2022,11.01,,41.53,7.92,23.66,11.69,,,13.01,16.2,3.45,,,,,23.18,5.92,,10.88,14.66,,3.33,,,,8.48,,0.29,,7.06,20.74,8.2,,1.68,13.41,5.1
17/4/2022,11.01,,41.43,7.95,23.45,11.37,,,12.96,16.12,3.45,,,,,23.17,5.93,,10.88,14.66,,3.33,,,,8.48,,0.29,,7,20.75,8.22,,1.71,13.4,5.04
18/4/2022,11.01,,41.35,7.92,23.42,11.3,,,12.94,16.07,3.45,,,,,23.15,5.92,,10.85,14.67,,3.32,,,,8.47,,0.29,,6.99,20.74,8.23,,1.67,13.39,4.95
19/4/2022,11.01,,41.33,7.9,23.41,11.26,,,12.96,16.05,3.44,,,,,23.16,5.91,,10.86,14.68,,3.31,,,,8.46,,0.29,,6.98,20.73,8.25,,1.67,13.37,4.92
20/4/2022,11.01,,41.34,7.91,23.6,11.9,,,12.99,16.11,3.44,,,,,23.19,5.92,,10.84,14.69,,3.32,,,,8.47,,0.29,,7,20.75,8.26,,1.71,13.37,4.74
21/4/2022,10.99,,41.24,7.87,23.67,12.01,,,11.81,16.13,3.43,,,,,23.16,5.9,,10.82,14.7,,3.31,,,,8.44,,0.29,,6.95,20.71,8.28,,1.66,13.31,4.24
22/4/2022,10.94,,41.23,7.8,23.75,11.93,,,12.87,16.12,3.39,,,,,23.15,5.87,,10.79,14.69,,3.29,,,,8.39,,0.26,,6.83,20.69,8.28,,1.59,13.29,4.13
23/4/2022,10.91,,41.99,7.81,23.72,11.46,,,12.88,16.22,3.38,,,,,23.17,5.85,,10.8,14.69,,3.31,,,,,,0.26,,6.74,20.72,8.24,,1.55,13.3,3.87
24/4/2022,10.89,,41.84,7.79,23.6,11.12,,,12.86,16.18,3.38,,,,,23.14,5.8,,10.79,14.68,,3.3,,,,,,0.26,,6.66,20.72,8.18,,1.55,13.29,3.79
25/4/2022,10.94,,41.92,7.79,23.6,11.02,,,12.89,16.2,3.38,,,,,23.2,5.86,,10.79,14.63,,3.3,,,,,,0.26,,6.64,20.72,8.1,,1.5,13.29,3.71
26/4/2022,10.94,,41.8,7.79,23.5,10.99,,,12.16,16.05,3.39,,,,,23.2,5.87,,10.8,14.59,,3.31,,,,,,0.26,,6.62,20.73,8.04,,1.4,13.29,3.62
27/4/2022,10.94,,41.7,7.8,23.33,11.61,,,12.02,16.01,3.4,,,,,23.22,5.88,,10.8,14.57,,3.32,,,,,,0.26,,6.67,20.73,7.97,,1.36,13.29,3.53
28/4/2022,10.95,,41.68,7.83,23.31,11.77,,,11.99,15.98,3.41,,,,,23.24,5.89,,10.82,14.56,,3.33,,,,,,0.26,,6.71,20.74,7.91,,1.36,13.3,3.41
29/4/2022,10.95,,41.67,7.84,23.28,11.91,,,11.92,15.96,3.41,,,,,23.24,5.89,,10.83,14.54,,3.33,,,,,,0.27,,6.8,20.74,7.87,,1.35,13.29,3.29
30/4/2022,10.95,,41.61,7.83,23.29,11.51,,,11.85,15.89,3.41,,,,,23.21,5.88,,10.82,14.53,,3.32,,,,,,0.27,,6.77,20.71,7.84,,1.34,13.26,3.16
1/5/2022,10.94,,41.53,7.82,23.2,11.13,,,11.75,15.81,3.41,,,,,23.2,5.88,,10.84,14.52,,3.32,,,,,,0.27,,6.74,20.71,7.84,,1.32,13.27,2.95
2/5/2022,10.94,,41.44,7.8,23.2,11.08,,,11.74,15.82,3.41,,,,,23.21,5.87,,10.84,14.52,,3.32,,,,,,0.27,,6.75,20.7,7.84,,1.31,13.26,2.63
3/5/2022,10.94,,41.38,7.8,23.28,11.68,,,11.72,15.85,3.42,,,,,23.22,5.87,,10.85,14.52,,3.32,,,,,,0.27,,6.75,20.7,7.86,,1.36,13.27,2.37
4/5/2022,10.94,,41.36,7.8,23.27,11.87,,,11.48,15.87,3.43,,,,,23.24,5.87,,10.9,14.52,,3.33,,,,,,0.27,,6.82,20.72,7.88,,1.33,13.29,2.08
5/5/2022,10.93,,41.31,7.81,23.3,11.91,,,11.72,15.88,3.42,,,,,23.24,5.84,,10.88,14.52,,3.33,,,,,,0.27,,6.78,20.72,7.9,,1.32,13.32,1.87
6/5/2022,10.91,,41.29,7.78,23.32,11.9,,,11.73,15.85,3.36,,,,,23.23,5.82,,10.82,14.5,,3.31,,,,,,0.26,,6.72,20.7,7.92,,1.43,13.3,1.74
7/5/2022,10.91,,41.67,7.78,23.24,11.33,,,11.74,15.84,3.35,,,,,23.22,5.84,,10.78,14.48,,3.3,,,,,,0.26,,6.68,20.7,7.85,,1.62,13.29,1.59
8/5/2022,10.87,,41.93,7.77,23.03,11.03,,,11.75,15.77,3.35,,,,,23.22,5.83,,10.76,14.45,,3.3,,,,,,0.26,,6.63,20.69,7.77,,1.68,13.29,1.52
9/5/2022,10.9,,41.73,7.78,23,10.98,,,10.82,15.75,3.36,,,,,23.23,5.83,,10.75,14.44,,3.3,,,,,,0.26,,6.61,20.69,7.69,,1.7,13.29,1.58
10/5/2022,10.89,,41.68,7.77,23.14,11.49,,,10.58,15.79,3.37,,,,,23.22,5.82,,10.75,14.42,,3.29,,,,,,0.27,,6.64,20.67,7.63,,1.68,13.27,1.75
11/5/2022,10.89,,41.49,7.77,23.22,11.57,,,10.53,15.8,3.38,,,,,23.23,5.82,,10.95,14.41,,3.29,,,,,,0.27,,6.7,20.67,7.58,,1.68,13.26,1.92
12/5/2022,10.89,,41.4,7.77,23.2,11.65,,,11.13,15.82,3.37,,,,,23.23,5.81,,10.87,14.4,,3.28,,,,,,0.27,,6.79,20.66,7.55,,1.71,13.26,2.57
13/5/2022,10.9,,41.34,7.77,23.2,11.75,,,11.12,15.68,3.37,,,,,23.24,5.81,,10.86,14.4,,3.28,,,,,,0.27,,6.84,20.65,7.54,,1.73,13.24,2.84
14/5/2022,10.91,,41.28,7.78,23.19,11.38,,,11.12,15.63,3.38,,,,,23.24,5.81,,10.85,14.4,,3.28,,,,,,0.27,,6.92,20.65,7.54,,1.75,13.24,2.91
15/5/2022,10.91,,41.27,7.79,23.06,11.1,,,11.11,15.55,3.35,,,,,23.25,5.81,,10.84,14.39,,3.28,,,,,,0.27,,6.87,20.67,7.55,,1.76,13.24,2.45
16/5/2022,10.91,,41.26,7.8,23.1,11.08,,,11.14,15.56,3.36,,,,,23.28,5.81,,10.85,14.39,,3.28,,,,,,0.27,,6.9,20.66,7.58,,1.58,13.24,2.17
17/5/2022,10.91,,41.25,7.82,23.23,11.74,,,11.15,15.59,3.38,,,,,23.28,5.82,,11.35,14.4,,3.28,,,,,,0.27,,7.02,20.66,7.61,17.18,1.51,13.22,2.06
18/5/2022,10.92,,41.22,7.86,23.29,11.93,,,11.2,15.64,3.38,,,,,23.3,5.82,,11.22,14.41,,3.29,,,,,,0.27,,7.13,20.66,7.65,17.19,1.49,13.25,2.04
19/5/2022,10.93,,41.34,7.93,23.37,12,,,11.24,15.69,3.39,,,,,23.35,5.84,,11.18,14.43,,3.31,,,,,,0.27,,7.24,20.68,7.69,17.23,1.49,13.27,2.29
20/5/2022,10.94,,41.37,7.97,23.4,12.19,,,11.26,15.68,3.4,,,,,23.33,5.84,,11.74,14.44,,3.3,,,,,,0.27,,7.3,20.72,7.73,17.24,1.49,13.27,1.92
21/5/2022,10.94,,41.2,8,23.18,11.76,,,11.25,15.6,3.4,,,,,23.31,5.84,,11.62,14.45,,3.3,,,,,,0.27,,7.3,20.67,7.77,17.24,1.49,13.23,1.73
22/5/2022,10.94,,41.17,8.02,23.02,11.44,,,11.21,15.5,3.39,,,,,23.32,5.83,,11.47,14.45,,3.29,,,,,,0.27,,7.23,20.67,7.8,17.23,1.5,13.24,1.62
23/5/2022,10.93,,41.16,8.03,22.98,11.4,,,11.23,15.48,3.39,,,,,23.33,5.82,,11.4,14.45,,3.29,,,,,,0.27,,7.24,20.66,7.84,17.23,1.73,13.23,1.55
24/5/2022,10.93,,41.13,8.05,23.14,12.05,,,11.26,15.56,3.4,,,,,23.37,5.82,,11.9,14.47,,3.28,,,,,,0.27,,7.39,20.66,7.88,17.25,1.79,13.24,1.51
25/5/2022,10.89,,41.27,8.09,23.25,12.22,,,11.31,15.57,3.41,,,,,23.38,5.83,,11.56,14.53,,3.3,,,,,,0.27,,7.71,20.69,7.92,17.3,1.82,13.26,1.52
26/5/2022,10.95,,41.22,8.15,23.38,12.34,,,11.37,15.64,3.43,,,,,23.43,5.85,,11.53,14.59,,3.33,,,,,,0.27,,7.89,20.75,7.96,17.34,1.89,13.29,1.84
27/5/2022,10.98,,41.23,8.17,23.41,12.4,,,11.37,15.63,3.44,,,,,23.42,5.86,,12.01,14.59,,3.32,,,,,,0.27,,7.73,20.77,7.99,17.35,1.89,13.3,2.15
28/5/2022,11.04,,41.15,8.18,23.28,11.9,,,11.34,15.58,3.44,,,,,23.36,5.86,,11.97,14.6,,3.31,,,,,,0.27,,7.61,20.76,8.03,17.35,1.8,13.28,2.35
29/5/2022,11.01,,40.97,8.21,23.07,11.52,,,11.29,15.49,3.41,,,,,23.33,5.85,,11.53,14.65,,3.3,,,,,,0.26,,7.35,20.72,8.06,17.36,1.73,13.28,2.49
30/5/2022,11.02,,40.91,8.19,23.04,11.45,,,11.31,15.48,3.4,,,,,23.33,5.85,,11.46,14.62,,3.31,,,,,,0.27,,7.28,20.71,8.08,17.37,1.72,13.29,2.66
31/5/2022,11.02,,40.94,8.15,23.25,12.12,,,11.31,15.56,3.44,,,,,23.33,5.86,,11.33,14.61,,3.31,,,,,,0.27,,7.34,20.71,8.09,17.42,1.73,13.29,2.78
1/6/2022,11.02,,40.92,8.15,23.46,12.35,,,11.35,15.79,3.45,,,,,23.34,5.86,,11.29,14.6,,3.32,,,,,,0.27,,7.31,20.7,8.11,17.42,1.76,13.31,2.87
2/6/2022,11.03,,40.88,8.19,23.54,11.93,,,11.37,15.85,3.47,,,,,23.37,5.87,,11.28,14.62,,3.32,,,,,,0.27,,7.34,20.7,8.12,17.44,1.82,13.32,2.95
3/6/2022,11.03,,40.82,8.27,23.62,11.69,,,11.34,15.92,3.49,,,,,23.35,5.88,,11.4,14.65,,3.33,,,,,,0.27,,7.41,20.7,8.14,17.46,1.89,13.33,3.03
4/6/2022,11.06,,40.74,8.3,23.9,11.68,,,11.31,16.24,3.49,,,,,23.36,5.88,,12.07,14.69,,3.32,,,,,,0.27,,7.4,20.71,8.15,17.49,2.07,13.34,3.07
5/6/2022,11.06,,40.72,8.36,23.78,11.65,,,11.27,16.17,3.5,,,,,23.35,5.88,,12.2,14.73,,3.32,,,,,,0.27,,7.35,20.73,8.17,17.5,2.21,13.34,3.1
6/6/2022,11.05,,40.73,8.37,23.76,11.67,,,11.29,16.19,3.51,,,,,23.38,5.89,,12.02,14.8,,3.32,,,,,,0.27,,7.41,20.76,8.18,17.51,2.19,13.35,3.14
7/6/2022,11.06,,40.79,8.41,23.95,12.32,,,11.3,16.28,3.44,,,,,23.42,5.89,,11.98,14.88,,3.31,,,,,,0.27,,7.61,20.76,8.2,17.53,2.18,13.34,3.16
8/6/2022,11.05,,41.32,8.37,24.02,12.52,,,11.3,16.28,3.44,,,,,23.4,5.89,,12.49,14.93,,3.3,,,,,,0.27,,7.76,20.76,8.21,17.55,2.21,13.35,3.07
9/6/2022,11.01,,41.62,8.33,24.05,12.47,,,11.31,16.31,3.49,,,,,23.4,5.89,,12.21,15,,3.29,,,,,,0.27,,8.01,20.75,8.23,17.57,2.14,13.34,3.16
10/6/2022,11.03,,41.3,8.29,24.12,12.43,,,11.36,16.35,3.5,,,,,23.41,5.9,,13.52,15.06,,3.31,,,,,,0.27,,7.98,20.75,8.25,17.6,2.11,13.36,3.22
11/6/2022,11.03,,41.21,8.27,24.14,11.92,,,11.37,16.42,3.51,,,,,23.42,5.91,,13.48,15.13,,3.32,,,,,,0.27,,8,20.77,8.26,17.64,2.16,13.39,3.23
12/6/2022,11.03,,41.16,8.24,24.06,11.62,,,11.32,16.44,3.53,,,,,23.43,5.93,,14.52,15.23,,3.31,,,,,,0.27,,8,20.78,8.28,,2.2,13.4,3.23
13/6/2022,11.03,,41.18,8.23,24.11,11.59,,,11.33,16.39,3.52,,,,,23.43,5.93,,14.78,15.29,,3.3,,,,,,0.27,,8.16,20.77,8.29,,2.18,13.38,3.25
14/6/2022,11.05,,41.25,8.25,24.2,12.21,,,11.38,16.5,3.53,,,,,23.49,5.93,,16.84,15.37,,3.32,,,,,,0.27,,8.25,20.79,8.31,,2.2,13.41,3.26
15/6/2022,11.08,,41.31,8.34,24.35,12.48,,,11.41,16.59,3.53,,,,,23.5,5.95,,17.8,15.45,,3.32,,,,,,0.27,,8.31,20.78,8.32,,2.34,13.43,3.28
16/6/2022,11.13,,41.4,8.39,24.43,12.54,,,11.45,16.64,3.54,,,,,23.57,5.95,,18.54,15.52,,3.33,,,,,,0.27,,8.38,20.8,8.33,,2.32,13.43,3.28
17/6/2022,11.16,,41.53,8.45,24.49,12.81,,,11.47,16.73,3.54,,,,,23.65,5.96,,18.62,15.6,,3.34,,,,,,0.27,,8.4,20.84,8.36,,2.11,13.44,3.31
18/6/2022,11.2,,41.43,8.51,24.55,12.32,,,11.46,16.75,3.54,,,,,23.83,5.98,,17.87,15.68,,3.36,,,,,,0.27,,8.27,20.83,8.4,,2.23,13.48,3.3
19/6/2022,11.17,,41.33,8.62,24.38,12.07,,,11.42,16.66,3.53,,,,,23.8,5.98,,18.09,15.74,,3.36,,,,,,0.27,,8.16,20.81,8.43,,2.27,13.46,3.29
20/6/2022,11.15,,41.39,8.67,24.42,12.01,,,11.44,16.67,3.53,,,,,23.79,5.99,,17.65,15.81,,3.37,,,,,,0.27,,8.22,20.84,8.45,,2.27,13.48,3.3
21/6/2022,11.14,,41.62,8.74,24.58,12.73,,,13.04,16.74,3.53,,,,,23.9,5.99,,19.48,15.86,,3.39,,,,,,0.27,,8.48,20.85,8.48,,2.33,13.5,3.32
22/6/2022,11.15,,41.97,8.84,24.7,13.04,,,13.35,16.78,3.53,,,,,23.9,6,,18.23,15.91,,3.43,,,,,,0.27,,8.63,20.88,8.5,,2.34,13.53,3.32
23/6/2022,11.18,,42.22,8.98,24.77,13.19,,,13.47,16.81,3.52,,,,,23.82,6,,17.33,15.97,,3.46,,,,,,0.28,,8.71,20.88,8.52,,2.31,13.56,3.31
24/6/2022,11.22,,42.26,9.06,24.78,13.28,,,13.59,16.89,3.52,,,,,23.89,6.01,,16.45,16.03,,3.47,,,,,,0.27,,8.85,20.89,8.54,,2.34,13.59,3.33
25/6/2022,11.21,,42.44,9.1,24.84,12.77,,,13.73,16.92,3.51,,,,,23.92,6.02,,16.19,16.06,,3.49,,,,,,0.28,,8.75,20.92,8.56,,2.46,13.62,3.33
26/6/2022,11.2,,42.46,9.16,24.69,12.57,,,13.76,16.81,3.5,,,,,23.94,6.03,,17.28,16.1,,3.51,,,,,,0.28,,8.76,20.98,8.59,,2.54,13.66,3.35
27/6/2022,11.19,,42.61,9.25,24.68,12.53,,,13.78,16.89,3.49,,,,,23.92,6.04,,18.99,16.14,,3.52,,,,,,0.28,,8.82,21.03,8.6,,2.53,13.7,3.36
28/6/2022,11.19,,42.91,9.31,24.95,13.2,,,15.52,17.16,3.47,,,,,24.05,6.04,,20.3,16.19,,3.53,,,,,,0.28,,8.91,21.08,8.62,,2.62,13.73,3.35
29/6/2022,11.18,,42.86,9.33,25.08,13.37,,,15.78,17.19,3.46,,,,,23.98,6.05,,18.29,16.17,,3.52,,,,,,0.27,,8.85,21.06,8.6,,2.6,13.76,3.36
30/6/2022,11.21,,43.09,9.34,25.13,13.53,,,16.01,17.26,3.46,,,,,24.14,6.05,,17.96,16.15,,3.53,,,,,,0.28,,9.01,21.05,8.58,,2.72,13.8,3.36
1/7/2022,11.25,,43.17,9.36,25.19,13.64,,,15.3,17.3,3.46,,,,,24.07,6.06,,18.67,16.16,,3.56,,,16.52,,,0.28,,9.16,21.13,8.61,,2.74,13.84,3.37
2/7/2022,11.27,,43.24,9.4,25.42,13.51,,,16.22,17.39,3.47,,,,,24.16,6.07,,20.59,16.25,,3.6,,,16.58,,,0.28,,9.02,21.16,8.64,,2.75,13.88,3.38
3/7/2022,11.31,,43.29,9.47,25.33,13.35,,,16.24,17.4,3.48,,,,,24.25,6.09,,20.59,16.3,,3.61,,,16.54,,,0.28,,8.9,21.18,8.67,,2.79,13.93,3.37
4/7/2022,11.23,,43.44,9.5,25.35,13.32,,,16.23,17.49,3.47,,,,,24.29,6.09,,19.83,16.33,,3.63,,,16.54,,,0.27,,8.97,21.22,8.67,,2.75,13.96,3.38
5/7/2022,11.36,,43.64,9.54,25.57,13.95,,,16.3,17.6,3.48,,,,,24.32,6.09,,17.61,16.33,,3.65,,,16.58,,,0.28,,9.16,21.3,8.69,,2.79,14.01,3.39
6/7/2022,11.34,,43.74,9.57,25.75,14.3,,,16.48,17.66,3.48,,,,,24.3,6.1,,17.13,16.36,,3.66,,,16.63,,,0.28,,9.55,21.35,8.7,,2.79,14.05,3.41
7/7/2022,11.32,,43.86,9.58,25.83,14.31,,,16.52,17.62,3.48,,,,,24.46,6.11,,18.09,16.41,,3.66,,,16.64,,,0.28,,9.54,21.37,8.71,,2.79,14.1,3.45
8/7/2022,11.31,,44,9.62,25.91,14.31,,,16.54,17.71,3.48,,,,,24.4,6.11,,20.56,16.46,,3.68,,,16.69,,,0.28,,9.61,21.36,8.72,,2.81,14.15,3.46
9/7/2022,11.31,,44.01,9.6,25.86,13.99,,,16.6,17.71,3.51,,,,,24.38,6.12,,20.59,16.5,,3.7,,,16.75,,,0.28,,9.49,21.34,8.74,,2.85,14.21,3.43
10/7/2022,11.3,,44.01,9.61,25.58,13.72,,,16.58,17.56,3.52,,,,,24.38,6.12,,20.6,16.54,,3.7,,,16.73,,,0.28,,9.25,21.41,8.75,,2.86,14.23,3.45
11/7/2022,11.3,,44.07,9.63,25.56,13.58,,,16.59,17.69,3.54,,,,,24.44,6.13,,20.59,16.58,,3.73,,,16.75,,,0.28,,9.28,21.42,8.76,,2.83,14.27,3.48
12/7/2022,11.32,,44.32,9.68,25.81,14.2,,,16.66,17.73,3.55,,,,,24.54,6.14,,20.59,16.63,,3.73,,,16.81,,,0.28,,9.52,21.45,8.77,,2.87,14.33,3.5
13/7/2022,11.36,,44.47,9.73,25.94,14.34,,,16.7,17.79,3.55,,,,,24.5,6.15,,20.59,16.66,,3.74,,,16.87,,,0.28,,9.63,21.49,8.77,,2.99,14.39,3.5
14/7/2022,11.35,,44.41,9.78,21.32,14.47,,,16.73,17.78,3.55,,,,,24.63,6.15,,20.59,16.7,,3.75,,,16.89,,,0.28,,9.76,21.52,8.78,,3.02,14.43,3.49
15/7/2022,11.35,,44.48,9.82,21.32,14.73,,,16.77,17.89,3.55,,,,,24.64,6.15,,20.59,16.75,,3.77,,,16.97,,,0.28,,9.83,21.56,8.8,,3,14.45,3.49
16/7/2022,11.35,,44.67,9.89,21.32,14.51,,,16.85,17.93,3.56,,,,,24.72,6.16,,20.59,16.8,,3.79,,,17,,,0.28,,9.8,21.56,8.8,,3.07,14.5,3.53
17/7/2022,11.35,,44.67,9.99,21.15,14.24,,,16.82,17.84,3.57,,,,,24.71,6.17,,20.59,16.84,,3.83,,,17.05,,,0.28,,9.58,21.58,8.81,,3.14,14.56,3.57
18/7/2022,11.35,,44.74,10.02,21.13,14.18,,,16.86,17.85,3.57,,,,,24.66,6.18,,20.56,16.87,,3.88,,,17.01,,,0.28,,9.62,21.62,8.82,,3.16,14.62,3.61
19/7/2022,11.41,,44.88,10.03,21.22,14.72,,,16.89,17.88,3.57,,,,,24.79,6.19,,20.59,16.93,,3.89,,,17.2,,,0.28,,9.66,21.6,8.84,,3.19,14.66,3.85
20/7/2022,11.5,,44.93,10.06,21.34,14.96,,,16.91,17.92,3.58,,,,,24.89,6.2,,20.59,16.97,,3.92,,,17.29,,,0.28,,9.67,21.66,8.85,,3.23,14.7,3.88
21/7/2022,11.53,,45.08,10.13,21.34,15.38,,,16.87,17.93,3.59,,,,,24.99,6.2,,20.59,17.01,,3.96,,,17.38,,,0.28,,9.83,21.68,8.85,,3.28,14.73,3.96
22/7/2022,11.55,,45.19,10.19,21.34,15.49,,,16.98,18.01,3.59,,,,,25.05,6.2,,20.59,17.06,,4,,,17.47,,,0.28,,9.86,21.67,8.86,,3.35,14.78,3.98
23/7/2022,11.52,,45.32,10.22,21.3,15.12,,,17.02,17.98,3.6,,,,,25.03,6.21,,20.59,17.1,,4.02,,,17.47,,,0.28,,9.74,21.75,8.87,,3.41,14.82,3.99
24/7/2022,11.5,,45.26,10.27,21.21,14.71,,,17.05,17.96,3.61,,,,,24.85,6.22,,20.59,17.12,,4.03,,,17.47,,,0.28,,9.61,21.76,8.88,,3.47,14.88,3.84
25/7/2022,11.5,,45.38,10.31,21.19,14.6,,,17.04,17.94,3.61,,,,,24.91,6.22,,20.59,17.15,,4.02,,,17.44,,,0.28,,9.68,21.81,8.89,,3.48,14.93,3.84
26/7/2022,11.52,,45.58,10.37,21.23,15.24,,,17.06,18.01,3.62,,,,,24.97,6.23,,20.59,17.18,,4.03,,,17.53,,,0.28,,9.83,21.83,8.9,,3.56,14.97,3.88
27/7/2022,11.55,,45.67,10.4,21.38,15.47,,,17.13,18.1,3.61,,,,,24.88,6.21,,19.13,17.15,,4.02,,,17.48,,,0.26,,9.62,21.81,8.9,,3.87,15.02,3.92
28/7/2022,11.61,,45.68,10.42,21.47,15.74,,,,18.12,3.62,,,,,25.01,6.23,,18.13,17.14,,4.03,,,17.46,,,0.27,,9.58,21.81,8.91,,3.67,15.07,3.87
29/7/2022,11.61,,45.79,10.47,21.5,16,,,,18.14,3.61,,,,,25.02,6.24,,17.26,17.14,,4.03,,,17.44,,,0.27,,9.53,21.8,8.91,,3.67,15.13,3.87
30/7/2022,11.6,,45.87,10.38,21.51,15.2,,,,18.17,3.58,,,,,24.89,6.25,,16.67,17.13,,4.04,,,17.4,,,0.27,,9.43,21.84,8.9,,3.64,15.18,4.07
31/7/2022,11.57,,46.02,10.35,21.39,14.81,,,,18.11,3.63,,,,,24.83,6.26,,16.32,17.14,,4.05,,,17.4,,,0.27,,9.34,21.89,8.9,,3.67,15.23,4.16
1/8/2022,11.56,,46.09,10.34,21.37,14.77,,,17.24,18.13,3.64,,,,,24.86,6.26,,16.3,17.16,,4.06,,,17.38,,,0.27,,9.4,21.88,8.91,,3.69,15.29,4.21
2/8/2022,11.6,,46.12,,21.54,15.22,,,17.45,18.2,3.65,,,,,24.99,6.26,,16.49,17.19,,4.07,,,17.38,,,0.27,,9.54,21.9,8.93,,3.81,15.33,4.25
3/8/2022,11.6,,46.18,,21.56,15.48,,,17.59,18.26,3.66,,,,,25.06,6.28,,16.35,17.19,,4.09,,,17.4,,,0.27,,9.85,21.9,8.94,,3.88,15.39,4.18
4/8/2022,11.6,,46.34,,21.57,15.58,,,15.23,18.29,3.67,,,,,24.69,6.28,,16.99,17.22,,4.1,,,17.49,,,0.27,,9.78,21.92,8.95,,3.92,15.43,4.17
5/8/2022,11.6,,46.33,10.52,21.55,15.25,,,17.59,18.31,3.67,,,,,25.04,6.29,,16.95,17.24,,4.11,,,17.57,,,0.28,,9.8,21.93,8.96,,3.89,15.48,4.17
6/8/2022,11.64,,46.35,10.55,21.69,14.78,,,17.78,18.38,3.68,,,,,25.04,6.29,,16.44,17.26,,4.12,,,17.51,,,0.28,,9.59,21.94,8.96,,3.94,15.52,4.38
7/8/2022,11.68,,46.31,10.53,21.55,14.58,,,17.82,18.33,3.67,,,,,24.92,6.29,,15.72,17.21,,4.13,,,17.49,,,0.28,,9.4,21.96,8.96,,3.99,15.58,4.46
8/8/2022,11.69,,46.28,10.51,21.53,14.55,,,17.86,18.35,3.67,,,,,24.98,6.3,,15.61,17.2,,4.14,,,17.48,,,0.28,,9.4,21.95,8.97,,3.94,15.63,4.5
9/8/2022,11.66,,46.31,10.53,21.59,14.52,,,17.63,18.36,3.69,,,,,25.14,6.3,,16.22,17.24,,4.16,,,17.51,,,0.28,,9.84,21.97,8.94,,3.98,15.68,4.57
10/8/2022,11.64,,46.35,10.59,21.67,14.43,,,16.39,18.43,3.7,,,,,25.14,6.31,,15.97,17.24,,4.18,,,17.55,,,0.28,,9.85,21.98,8.9,,4.01,15.72,4.61
11/8/2022,11.63,,46.4,10.61,21.72,14.34,,,17.66,18.41,3.71,,,,,25.18,6.32,,15.51,17.25,,4.2,,,17.53,,,0.28,,10.03,22.01,8.87,,4.08,15.76,4.63
12/8/2022,11.57,,46.58,10.63,21.72,14.35,,,18,18.41,3.71,,,,,25.22,6.31,,15.29,17.26,,4.2,,,17.57,,,0.28,,10.02,22.01,8.84,,4.38,15.8,4.67
13/8/2022,11.65,,46.42,10.61,21.67,14.23,,,18.03,18.45,3.72,,,,,25.22,6.31,,15.1,17.25,,4.21,,,17.51,,,0.28,,9.84,22.02,8.82,,4.07,15.84,4.68
14/8/2022,11.62,,46.36,10.57,21.53,14.15,,,18.01,18.34,3.73,,,,,25.05,6.31,,14.94,17.24,,4.21,,,17.49,,,0.28,,9.56,22.02,8.79,,4.15,15.88,4.77
15/8/2022,11.6,,46.39,10.53,21.5,14.15,,,18.03,18.35,3.73,,,,,25.01,6.31,,14.83,17.24,,4.22,,,17.48,,,0.28,,9.48,22.02,8.78,,4.21,15.91,4.88
16/8/2022,11.61,,46.5,10.48,21.5,14.18,,,18.05,18.42,3.74,,,,,25.06,6.31,,14.79,17.24,,4.23,,,17.51,,,0.28,,9.52,22.04,8.76,,4.43,15.95,5.03
17/8/2022,11.55,,46.7,10.46,21.65,14.23,,,18.09,18.47,3.53,,,,,25.05,6.24,,14.71,17.25,,4.24,,,17.54,,,0.19,,9.48,22.06,8.75,,4.35,16,5.15
18/8/2022,11.62,,46.55,10.42,21.7,14.08,,,18.07,18.45,3.49,,,,,24.93,6.29,,14.47,17.15,,4.22,,,17.54,,,0.2,,9.32,22.05,8.74,,4.38,16.03,5.19
19/8/2022,11.53,,46.78,10.24,21.68,13.99,,,18.04,18.45,3.31,,,,,24.9,6.21,,14.26,17.04,,4.19,,,17.54,,,0.22,,9.11,22.04,8.64,,4.28,16.03,5.33
20/8/2022,11.57,,47.19,10.07,21.66,13.81,,,18.04,18.47,3.3,,,,,24.89,6.22,,14.12,16.96,,4.19,,,17.51,,,0.27,,8.91,22.03,8.61,,4.29,16.06,5.44
21/8/2022,11.55,,47.11,9.92,21.53,13.67,,,18.02,18.42,3.43,,,,,24.89,6.21,,14.01,16.92,,4.17,,,17.5,,,0.27,,8.77,22.01,8.6,,4.28,16.09,5.51
22/8/2022,11.54,,47.15,9.8,21.51,13.64,,,18.04,18.43,3.55,,,,,24.89,6.2,,13.93,16.87,,4.16,,,17.5,,,0.27,,8.82,22,8.6,,4.24,16.1,5.62
23/8/2022,11.54,,47.1,9.75,21.64,13.68,,,18.06,18.52,3.56,,,,,24.91,6.21,,13.87,16.84,,4.16,,,17.52,,,0.27,,8.92,21.99,8.59,,4.29,16.13,5.73
24/8/2022,11.54,,47.1,9.69,21.76,13.69,,,18.1,18.56,3.57,,,,,25.01,6.21,,13.8,16.82,,4.16,,,17.52,,,0.27,,8.94,22,8.59,,4.3,16.16,5.8
25/8/2022,11.54,,47.19,9.67,21.79,13.66,,,18.09,18.58,3.57,,,,,24.92,6.2,,13.73,16.8,,4.15,,,17.5,,,0.27,,8.99,21.99,8.59,,4.36,16.18,5.89
26/8/2022,11.54,,47.21,9.64,21.77,13.6,,,18.08,18.58,3.58,,,,,24.92,6.2,,13.67,16.78,,4.15,,,17.52,,,0.27,,9,21.98,8.58,,4.45,16.21,5.96
27/8/2022,11.54,,47.4,9.6,21.71,13.5,,,18.07,18.58,3.58,,,,,25,6.2,,13.61,16.77,,4.15,,,17.53,,,0.27,,8.86,21.97,8.58,,4.43,16.25,6.05
28/8/2022,11.55,,47.67,9.56,21.6,13.38,,,18.05,18.52,3.6,,,,,25.02,6.2,,13.56,16.77,,4.16,,,17.54,,,0.28,,8.74,21.98,8.57,,4.36,16.29,6.15
29/8/2022,11.55,,47.54,9.49,21.56,13.35,,,18.06,18.52,3.61,,,,,25.14,6.21,,13.52,16.78,,4.17,,,17.54,,,0.28,,8.75,21.99,8.57,,4.35,16.33,6.26
30/8/2022,11.54,,47.77,9.45,21.63,14.08,,,18.09,18.57,3.62,,,,,24.98,6.21,,13.47,16.78,,4.17,,,17.56,,,0.28,,8.81,21.98,8.57,,4.45,16.37,6.34
31/8/2022,11.55,,47.98,9.4,21.7,14.2,,,18.11,18.58,3.62,,,,,24.95,6.2,,13.4,16.76,,4.17,,,17.53,,,0.28,,8.74,21.97,8.56,,4.51,16.4,6.4
1/9/2022,11.52,,48.2,9.35,21.7,14.23,,,18.08,18.59,3.63,,,,,24.94,6.2,,13.37,16.74,,4.17,,,17.55,,,0.28,,8.74,21.97,8.56,,4.43,16.42,6.48
2/9/2022,11.54,,48.04,9.3,21.69,14.24,,,18.14,18.6,3.64,,,,,24.93,6.21,,13.32,16.74,,4.18,,,17.53,,,0.28,,8.77,21.97,8.56,,4.4,16.45,6.57
3/9/2022,11.54,,48.01,9.24,21.7,13.73,,,18.14,18.64,3.65,,,,,24.9,6.21,,13.28,16.73,,4.18,,,17.53,,,0.28,,8.7,21.95,8.56,,4.34,16.48,6.65
4/9/2022,11.54,,48.12,9.2,21.61,13.5,,,18.14,18.61,3.66,,,,,24.92,6.21,,13.25,16.72,,4.18,,,17.54,,,0.28,,8.61,21.96,8.56,,4.3,16.5,6.74
5/9/2022,11.53,,48.16,9.15,21.59,13.43,,,18.13,18.59,3.67,,,,,24.94,6.22,,13.22,16.73,,4.18,,,17.55,,,0.28,,8.6,21.97,8.56,,4.32,16.54,6.83
6/9/2022,11.53,,48.23,9.11,21.62,14.04,,,18.15,18.57,3.67,,,,,24.92,6.22,,13.17,16.73,,4.17,,,17.56,,,0.28,,8.67,21.96,8.56,,4.33,16.56,6.89
7/9/2022,11.48,,48.27,9.08,21.64,14.22,,,18.18,18.58,3.68,,,,,24.92,6.18,,13.14,16.73,,4.17,,,17.58,,,0.28,,8.73,21.96,8.56,23.17,4.35,16.58,6.72
8/9/2022,11.52,,48.27,9.06,21.64,14.31,,,18.18,18.57,3.68,,,,,24.91,6.21,,13.1,16.72,,4.17,,,17.55,,,0.28,,8.81,21.95,8.56,23.18,4.35,16.59,6.73
9/9/2022,11.52,,48.33,9.07,21.67,14.36,,,18.22,18.6,3.68,,,,,24.92,6.21,,13.06,16.71,,4.18,,,17.59,,,0.28,,8.81,21.95,8.56,23.18,4.36,16.61,6.88
10/9/2022,11.53,,48.4,9.04,21.54,13.89,,,18.24,18.6,3.69,,,,,24.92,6.58,,13.04,16.69,,4.19,,,17.59,,,0.28,,8.76,21.96,8.56,23.18,4.38,16.65,6.97
11/9/2022,11.53,,48.34,9.02,21.39,13.61,,,18.23,18.54,3.7,,,,,24.92,6.59,,13.01,16.68,,4.19,,,17.59,,,0.28,,8.63,21.96,8.56,23.19,4.38,16.69,7.03
12/9/2022,11.53,,48.41,8.99,21.37,13.57,,,18.23,18.54,3.7,,,,,24.92,6.59,,13.01,16.68,,4.19,,,17.59,,,0.28,,8.65,21.96,8.56,23.19,4.32,16.73,7.23
13/9/2022,11.54,,48.42,8.97,21.49,14.19,,,18.23,18.59,3.71,,,,,24.95,,,13,16.68,,4.19,,,17.59,,,0.28,,8.71,21.96,8.57,23.19,4.32,16.76,7.35
14/9/2022,11.56,,48.55,8.95,21.59,14.3,,,18.27,18.61,3.72,,,,,24.99,6.22,,12.96,16.67,,4.18,,,17.65,,,0.28,,8.75,21.95,8.57,23.2,4.37,16.77,7.4
15/9/2022,11.49,,48.51,8.92,21.62,14.22,,,18.24,18.58,3.72,,,,,24.96,6.22,,12.94,16.67,,4.18,,,17.65,,,0.28,,8.71,21.95,8.57,23.2,4.35,16.78,7.39
16/9/2022,11.57,,48.63,8.91,21.63,14.23,,,18.23,18.55,3.72,,,,,24.95,6.21,,12.93,16.66,,4.18,,,17.63,,,0.28,,8.73,21.94,8.57,23.2,4.32,16.79,7.22
17/9/2022,11.51,,48.64,8.9,21.5,13.69,,,18.23,18.6,3.7,,,,,24.95,6.12,,12.91,16.66,,4.18,,,17.65,,,0.25,,8.62,,8.57,23.2,4.39,16.8,7.5
18/9/2022,11.56,,48.92,8.88,21.35,13.34,,,18.23,18.55,3.7,,,,,24.93,6.22,,12.89,16.66,,4.19,,,17.62,,,0.28,,8.47,,8.56,23.2,4.36,16.83,7.52
19/9/2022,11.56,,48.99,8.87,21.32,13.32,,,18.21,18.53,3.7,,,,,24.93,6.22,,12.88,16.66,,4.19,,,17.62,,,0.28,,8.48,21.95,8.56,23.2,4.33,16.84,7.67
20/9/2022,11.56,,48.82,8.85,21.5,14.1,,,18.24,18.63,3.72,,,,,24.94,6.24,,12.86,16.67,,4.18,,,17.62,,,0.28,,8.45,21.95,8.56,23.19,4.35,16.86,7.76
21/9/2022,11.56,,48.87,8.85,21.59,14.1,,,18.27,18.67,3.73,,,,,24.96,6.24,,12.84,16.67,,4.19,,,17.62,,,0.28,,8.49,21.96,8.56,23.19,4.33,16.88,7.82
22/9/2022,11.56,,48.82,8.83,21.72,14.19,,,18.27,18.72,3.74,,,,,24.94,6.25,,12.82,16.68,,4.18,,,17.6,,,0.28,,8.48,21.95,8.57,23.19,4.26,16.9,7.83
23/9/2022,11.56,,48.92,8.83,21.78,14.2,,,18.29,18.74,3.74,,,,,24.94,6.25,,12.8,16.68,,4.19,,,17.63,,,0.28,,8.5,21.94,8.57,23.18,4.3,16.9,7.84
24/9/2022,11.56,,48.91,8.81,21.66,13.67,,,18.25,18.72,3.75,,,,,24.93,6.24,,12.76,16.68,,4.19,,,17.6,,,0.29,,8.36,21.94,8.57,23.18,4.28,16.89,7.85
25/9/2022,11.55,,48.79,8.79,21.42,13.4,,,18.23,18.61,3.75,,,,,24.92,6.23,,12.73,16.68,,4.18,,,17.57,,,0.28,,8.23,21.93,8.57,23.17,4.2,16.88,7.89
26/9/2022,11.54,,48.74,8.75,21.39,13.35,,,17.6,18.59,3.75,,,,,24.91,6.22,,12.69,16.67,,4.2,,,17.57,,,0.28,,8.22,21.91,8.57,23.17,4.2,16.86,7.92
27/9/2022,11.53,,48.74,8.72,21.57,13.88,,,17.57,18.63,3.75,,,,,24.9,6.21,,12.68,16.67,,4.22,,,17.57,,,0.28,,8.28,21.9,8.57,23.16,4.12,16.84,7.97
28/9/2022,11.53,,48.72,8.71,21.67,14.01,,,17.57,18.72,3.76,,,,,24.93,6.21,,12.66,16.67,,4.16,,,17.56,,,0.29,,8.46,21.91,8.57,23.15,4.17,16.86,7.95
29/9/2022,11.53,,48.87,8.71,21.74,14.04,,,17.58,18.74,3.76,,,,,24.93,6.21,,12.65,16.67,,4.14,,,17.57,,,0.29,,8.48,21.9,8.57,23.14,4.15,16.86,7.91
30/9/2022,11.53,,49,8.72,21.74,14.03,,,17.6,18.78,3.76,,,,,24.96,6.16,,12.64,16.68,,3.99,,,17.56,,,0.28,,8.42,21.92,8.57,23.13,4.1,16.87,7.92
1/10/2022,11.59,,48.9,8.77,21.64,13.5,,,17.61,18.82,3.76,,,,,24.96,6.11,,12.64,16.68,,3.94,,,17.61,,,0.27,,8.25,21.93,8.58,23.11,4.07,16.87,8.22
2/10/2022,11.59,,48.83,8.76,21.42,13.16,,,17.57,18.72,3.77,,,,,24.94,6.24,,12.62,16.68,,3.93,,,17.61,,,0.28,,8.15,21.93,8.58,23.09,4.03,16.86,8.26
3/10/2022,11.58,,48.87,8.75,21.41,13.16,,,16.6,18.71,3.78,,,,,24.89,6.24,,12.61,16.68,,4,,,17.58,,,0.28,,8.14,21.92,8.58,23.06,3.97,16.86,8.34
4/10/2022,11.59,,48.9,8.75,21.56,13.67,,,16.36,18.76,3.79,,,,,24.86,6.24,,12.6,16.69,,4.13,,,17.6,,,0.28,,8.2,21.92,8.58,23.04,3.99,16.85,8.4
5/10/2022,11.59,,48.9,8.75,21.68,13.77,,,16.23,18.84,3.8,,,,,24.98,6.26,,12.6,16.69,,4.13,,,17.64,,,0.28,,8.2,21.93,8.59,23.01,3.94,16.86,8.56
6/10/2022,11.59,,48.96,8.75,21.76,13.79,,,16.13,18.85,3.81,,,,,24.97,6.26,,12.59,16.69,,4.13,,,17.61,,,0.28,,8.21,21.92,8.59,22.98,3.93,16.84,8.63
7/10/2022,11.58,,48.9,8.75,21.83,13.82,,,16.05,18.86,3.81,,,,,24.97,6.26,,12.59,16.68,,4.11,,,17.61,,,0.28,,8.23,21.92,8.59,22.96,3.92,16.83,8.46
8/10/2022,11.58,,48.94,8.74,21.83,13.27,,,15.95,18.86,3.82,,,,,24.53,6.25,,12.57,16.68,,4.1,,,17.58,,,0.28,,8.15,21.91,8.59,22.94,3.97,,8.39
9/10/2022,11.58,,48.93,8.73,21.58,12.94,,,15.89,18.78,3.83,,,,,24.97,6.25,,12.55,16.68,,4.11,,,17.59,,,0.28,,8.07,21.92,8.59,22.92,3.93,,8.39
10/10/2022,11.58,,48.98,8.72,21.53,12.91,,,15.85,18.75,3.83,,,,,24.97,6.26,,12.53,16.69,,4.1,,,17.59,,,0.28,,8.06,21.91,8.59,22.9,3.94,16.77,8.83
11/10/2022,11.58,,48.97,8.71,21.77,13.41,,,15.83,18.82,3.83,,,,,24.99,6.26,,12.52,16.7,,4.1,,,17.57,,,0.28,,8.07,21.91,8.6,22.88,3.93,16.77,9
12/10/2022,11.58,,49.03,8.7,21.9,13.54,,,15.82,18.89,3.84,,,,,25,6.26,,12.53,16.68,,4.09,,,17.58,,,0.28,,8.11,21.92,8.6,22.86,3.94,16.76,9.1
13/10/2022,11.57,,49.04,8.69,21.92,13.59,,,15.79,18.9,3.85,,,,,24.98,6.26,,12.52,16.67,,4.09,,,17.57,,,0.28,,8.11,21.92,8.6,22.84,3.98,16.74,9.16
14/10/2022,11.58,,49.01,8.69,21.97,13.63,,,15.77,18.92,3.85,,,,,24.29,6.26,,12.51,16.67,,4.08,,,17.56,,,0.28,,8.14,21.91,8.6,22.83,3.98,16.73,9.22
15/10/2022,11.6,,49.05,8.69,21.93,13.15,,,15.76,18.94,3.86,,,,,25,6.26,,12.5,16.67,,4.09,,,17.54,,,0.28,,8.05,21.91,8.6,22.81,3.98,16.73,9.32
16/10/2022,11.6,,49.1,8.69,21.76,12.89,,,15.73,18.89,3.87,,,,,24.96,6.27,,12.5,16.67,,4.1,,,17.57,,,0.28,,8,21.93,8.61,22.81,4.01,16.74,9.42
17/10/2022,11.61,,49.14,8.69,21.77,12.85,,,15.72,18.88,3.88,,,,,24.99,6.28,,12.51,16.68,,4.1,,,17.62,,,0.28,,7.98,21.94,8.61,22.8,4.01,16.75,9.5
18/10/2022,11.6,,49.09,8.69,22.01,13.33,,,16.5,18.91,3.88,,,,,24.99,6.29,,12.5,16.69,,4.09,,,17.59,,,0.28,,8.03,21.93,8.62,22.79,4.07,16.74,9.43
19/10/2022,11.6,,49.16,8.66,22.2,13.47,,,16.71,18.94,3.89,,,,,25,6.28,,12.49,16.7,,4.08,,,17.56,,,0.28,,8.19,21.92,8.62,22.79,4.08,16.73,9.43
20/10/2022,11.61,,49.21,8.66,33.21,13.52,,,16.8,18.97,3.89,,,,,25.01,6.29,,12.48,16.71,,4.08,,,17.53,,,0.28,,8.21,21.93,8.62,22.78,4.12,16.73,9.48
21/10/2022,11.61,,49.18,8.65,33.19,13.52,,,16.86,19,3.89,,,,,25.01,6.28,,12.49,16.72,,4.08,,,17.56,,,0.28,,8.2,21.92,8.63,22.78,4.15,16.73,9.36
22/10/2022,11.61,,49.39,8.65,33.18,13.09,,,16.9,19.02,3.9,,,,,25,6.28,,12.47,16.72,,4.07,,,17.53,,,0.28,,8.05,21.92,8.63,22.78,4.16,16.73,9.33
23/10/2022,11.61,,49.4,8.65,33.18,12.84,,,16.93,18.94,3.9,,,,,25.02,6.29,,12.48,16.69,,4.09,,,17.57,,,0.28,,7.95,21.93,8.64,22.78,4.15,16.74,9.33
24/10/2022,11.61,,49.39,8.63,33.19,12.82,,,16.93,18.91,3.91,,,,,25.01,6.29,,12.47,16.56,,4.07,,,17.57,,,0.29,,7.92,21.93,8.65,22.78,4.16,16.74,9.36
25/10/2022,11.62,,49.53,8.63,33.16,13.33,,,16.94,18.97,3.91,,,,,25.03,6.58,,12.5,16.45,,4.08,,,17.57,,,0.28,,7.98,21.94,8.65,22.78,4.19,16.74,9.42
26/10/2022,11.63,,49.69,8.63,33.15,13.46,,,16.98,19.06,3.92,,,,,25.03,6.6,,12.51,16.36,,4.08,,,17.59,,,0.28,,8.08,21.95,8.66,22.79,4.22,16.75,9.49
27/10/2022,11.65,,49.75,8.64,33.15,13.59,,,17.02,19.13,3.93,,,,,25.05,6.7,,12.51,16.28,,4.1,,,17.61,,,0.28,,8.24,21.96,8.68,22.8,4.2,16.77,9.55
28/10/2022,11.65,,49.66,8.64,33.15,13.52,,,17.04,19.13,3.93,,,,,25.05,6.71,,12.51,16.21,,4.1,,,17.6,,,0.29,,8.17,21.97,8.69,22.8,4.22,16.79,9.6
29/10/2022,11.66,,49.69,8.64,33.18,13.07,,,16.99,19.12,3.93,,,,,25.04,6.71,,12.52,16.15,,4.09,,,17.59,,,0.29,,8.09,21.97,8.7,22.8,4.2,16.8,9.64
30/10/2022,11.65,,49.56,8.62,33.19,12.86,,,16.95,19.03,3.93,,,,,25.04,6.7,,12.51,16.1,,4.09,,,17.58,,,0.29,,7.99,21.97,8.7,22.81,4.22,16.8,9.69
31/10/2022,11.65,,49.57,8.6,33.17,12.77,,,16.94,19.01,3.93,,,,,24.35,6.7,,12.51,16.08,,4.08,,,17.57,,,0.29,,7.96,21.98,8.71,22.81,4.24,16.82,9.75
1/11/2022,11.66,,49.64,8.6,33.15,12.7,,,17.12,19.15,3.93,,,,,25.05,6.7,,12.51,16.06,,4.08,,,17.6,,,0.29,,7.97,21.98,8.72,22.81,4.24,16.83,9.82
2/11/2022,11.66,,49.69,8.59,33.17,12.68,,,17.17,19.27,3.94,,,,,25.04,6.71,,12.5,16.05,,4.08,,,17.58,,,0.29,,7.93,21.98,8.73,22.82,4.23,16.84,9.89
3/11/2022,11.69,,49.62,8.55,33.18,12.73,,,17.17,19.27,3.93,,,,,25.06,6.69,,12.46,16.02,,4.04,,,17.59,,,0.29,,7.96,21.97,8.73,22.81,4.27,16.96,9.84
4/11/2022,11.67,,49.64,8.51,33.18,13.3,,,17.15,19.25,3.92,,,,,25.16,6.67,,12.44,15.96,,4.03,,,17.55,,,0.27,,7.95,21.96,8.71,22.81,4.24,17.17,9.88
5/11/2022,11.68,,49.7,8.51,33.14,13.03,,,17.2,19.33,3.93,,,,,25.08,6.68,,12.44,15.88,,4.06,,,17.58,,,0.28,,7.91,21.99,8.73,22.81,4.26,17.3,10.03
6/11/2022,11.68,,49.56,8.53,33.17,12.81,,,17.23,19.27,3.94,,,,,25.04,6.69,,12.45,15.82,,4.08,,,17.59,,,0.29,,7.84,22,8.74,22.82,4.26,17.3,10.11
7/11/2022,11.68,,49.52,8.54,33.16,12.78,,,17.23,19.26,3.95,,,,,25.02,6.7,,12.45,15.77,,4.07,,,17.61,,,0.29,,7.82,22,8.75,22.83,4.27,17.28,10.18
8/11/2022,11.68,,49.63,8.52,33.17,13.34,,,17.24,19.32,3.95,,,,,23.67,6.71,,12.45,15.72,,4.08,,,17.69,,,0.29,,7.84,22,8.75,22.83,4.29,17.25,10.22
9/11/2022,11.68,,49.7,8.51,33.17,13.54,,,17.24,19.36,3.95,,,,,25.08,6.71,,12.45,15.69,,4.08,,,17.64,,,0.29,,7.86,22,8.75,22.83,4.34,17.17,10.45
10/11/2022,11.69,,49.81,8.51,33.16,13.59,,,17.25,19.4,3.96,,,,,25.06,6.71,,12.45,15.63,,4.08,,,17.64,,,0.29,,7.86,22.01,8.75,22.83,4.38,17.14,10.45
11/11/2022,11.72,,49.8,8.52,33.15,13.65,,,17.31,19.5,3.97,,,,,25,6.73,,12.48,15.58,,4.1,,,17.66,,,0.29,,7.93,22.03,8.76,,4.39,17.15,10.46
12/11/2022,11.71,,49.74,8.5,33.17,13.17,,,17.3,19.49,3.97,,,,,24.98,6.73,,12.45,15.53,,4.09,,,17.65,,,0.29,,7.84,22.03,8.76,,4.39,17.12,10.46
13/11/2022,11.71,,49.73,8.48,33.18,12.88,,,17.29,19.41,3.97,,,,,25.03,6.72,,12.43,15.5,,4.08,,,17.63,,,0.29,,7.78,22.02,8.76,,4.38,17.09,10.43
14/11/2022,11.7,,49.73,8.47,33.17,12.82,,,17.3,19.32,3.97,,,,,24.72,6.72,,12.43,15.48,,4.07,,,17.61,,,0.29,,7.76,22.02,8.76,,4.37,17.08,10.5
15/11/2022,11.69,,49.74,8.43,33.18,13.38,,,18.19,19.39,3.97,,,,,25.09,6.69,,12.4,15.44,,4.06,,,17.62,,,0.3,,7.78,,8.76,,4.37,17.05,10.58
16/11/2022,11.68,,49.74,8.4,33.31,13.55,,,18.32,19.37,3.96,,,,,25.21,6.67,,12.37,15.39,,4.04,,,17.61,,,0.29,,7.8,22.03,8.76,,4.37,17.02,10.63
17/11/2022,11.68,,49.77,8.39,33.3,13.58,,,18.42,19.44,3.96,,,,,,6.66,,12.37,15.33,,4.04,,,17.61,,,0.29,,7.82,22.01,8.76,,4.41,17.02,10.69
18/11/2022,11.67,,49.81,8.37,33.26,13.63,,,18.49,19.48,3.96,,,,,25.29,6.66,,12.36,15.31,,4.05,,,17.62,,,0.29,,7.81,22.02,8.75,,4.4,17.01,10.79
19/11/2022,11.66,,49.84,8.37,33.22,13.1,,,18.57,19.54,3.98,,,,,25.25,6.66,,12.38,15.3,,4.05,,,17.64,,,0.29,,7.74,22.04,8.76,,4.4,17.02,10.77
20/11/2022,11.61,,49.88,8.37,33.15,12.9,,,18.6,19.48,3.98,,,,,25.18,6.67,,12.38,15.28,,4.05,,,17.64,,,0.29,,7.69,22.04,8.76,,4.37,17.01,10.92
21/11/2022,11.68,,49.72,8.36,33.13,12.88,,,18.6,19.44,3.98,,,,,25.17,6.67,,12.36,15.25,,4.05,,,17.61,,,0.29,,7.66,22.04,8.75,,4.34,16.99,10.93
22/11/2022,11.53,,49.9,8.29,33.25,13.42,,,18.53,19.49,3.82,,,,,25.29,6.55,,12.27,15.17,,3.99,,,17.59,,,0.26,,7.65,22.02,8.7,,4.3,16.92,10.94
23/11/2022,11.49,,50.13,8.3,33.12,13.37,,,18.65,19.64,3.78,,,,,25.22,6.48,,12.25,15.15,,3.98,,,17.61,,,0.26,,7.65,22.05,8.61,,4.27,16.95,11.1
24/11/2022,11.65,,50.1,8.33,33.06,13.63,,,18.73,19.73,3.77,,,,,25.14,6.61,,12.26,15.13,,3.98,,,17.64,,,0.27,,7.68,22.06,8.58,,4.23,16.98,11.19
25/11/2022,11.65,,50.12,8.35,33.06,13.68,,,18.77,19.75,3.77,,,,,25.1,6.62,,12.26,15.1,,4.02,,,17.65,,,0.27,,7.65,22.07,8.57,,4.21,16.99,11.21
26/11/2022,11.67,,50.16,8.35,33,13.15,,,18.81,19.78,3.77,,,,,25.03,6.63,,12.27,15.08,,4.02,,,17.67,,,0.27,,7.65,22.07,,,4.21,16.99,11.29
27/11/2022,11.68,,50.06,8.36,33,12.91,,,18.79,19.67,3.78,,,,,24.99,6.63,,12.26,15.04,,4.03,,,17.64,,,0.28,,7.59,22.07,,,4.18,16.98,11.31
28/11/2022,11.67,,49.99,8.34,33.09,12.88,,,18.77,19.63,3.78,,,,,25.06,6.61,,12.23,15.02,,4.05,,,17.61,,,0.28,,7.57,22.06,8.5,,4.16,16.95,11.34
29/11/2022,11.66,,50.09,8.33,33.17,13.43,,,18.77,19.66,3.79,,,,,25.12,6.61,,12.23,15.01,,4.03,,,17.6,,,0.28,,7.59,22.06,8.49,,4.15,16.93,11.39
30/11/2022,11.67,,50.12,8.33,33.16,13.52,,,18.8,19.72,3.79,,,,,25.1,6.6,,12.23,15.01,,4.02,,,17.63,,,0.28,,7.57,22.07,8.48,,4.12,16.93,11.46
1/12/2022,11.67,,50.11,8.32,33.19,13.66,,,18.83,19.74,3.8,,,,,25.12,6.6,,12.24,14.99,,4.02,,,17.65,,,0.28,,7.56,22.07,8.47,,4.13,16.92,11.52
2/12/2022,11.68,,49.95,8.32,33.16,13.72,,,18.87,19.75,3.8,,,,,25.12,6.6,,12.23,14.98,,4.02,,,17.64,,,0.28,,7.57,22.07,8.47,,4.12,16.92,11.56
3/12/2022,11.68,,49.97,8.3,33.18,13.25,,,18.86,19.76,3.79,,,,,25.13,6.58,,12.19,14.96,,4.03,,,17.65,,,0.27,,7.53,22.06,8.46,,4.1,16.9,11.54
4/12/2022,11.66,,49.95,8.29,33.16,12.97,,,18.84,19.73,3.76,,,,,25.15,6.6,,12.13,14.89,,4.03,,,17.62,,,0.26,,7.46,22.05,8.44,,4.07,16.87,11.63
5/12/2022,11.66,,50.17,8.29,33.17,12.96,,,18.26,19.72,3.72,,,,,25.14,6.56,,12.07,14.85,,4.01,,,17.62,,,0.26,,7.43,22.06,8.42,,4.07,16.88,11.65
6/12/2022,11.67,,50.04,8.28,33.17,13.44,,,16.71,19.76,3.71,,,,,25.12,6.55,,12.05,14.8,,3.99,,,17.63,,,0.27,,7.45,22.06,8.39,,4.09,16.87,11.69
7/12/2022,11.67,,50.02,8.28,33.19,13.62,,,18.82,19.81,3.7,,,,,25.15,6.54,,12.02,14.76,,4,,,17.64,,,0.27,,7.47,22.05,8.36,,4.06,16.84,11.7
8/12/2022,11.67,,49.9,8.27,33.19,13.14,,,18.92,19.85,3.7,,,,,25.15,6.53,,12.01,14.73,,4,,,17.62,,,0.27,,7.45,22.05,8.35,,4.03,16.84,11.69
9/12/2022,11.66,,49.82,8.2,33.24,12.92,,,18.88,19.83,3.62,,,,,25.19,6.48,,11.93,14.68,,4.03,,,17.61,,,0.26,,7.37,22.02,8.33,,4,16.8,11.68
10/12/2022,11.65,,50.15,8.18,33.28,12.84,,,18.9,19.8,3.56,,,,,25.23,6.46,,11.87,14.63,,4.06,,,17.59,,,0.27,,7.35,22.02,8.3,,3.94,16.76,11.72
11/12/2022,11.62,,50.27,8.21,33.15,12.66,,,18.85,19.78,3.53,,,,,25.19,6.46,,11.86,14.62,,3.98,,,17.6,,,0.27,,7.32,22.02,8.27,,3.86,16.75,11.81
12/12/2022,11.66,,50.15,8.23,14.4,12.73,,,18.94,19.78,3.49,,,,,25.13,6.46,,11.86,14.61,,3.91,,,17.61,,,0.27,,7.31,22.01,8.25,,3.8,16.76,11.83
13/12/2022,11.66,,50.12,8.22,14.42,13.34,,,18.96,19.81,3.46,,,,,25.12,6.45,,11.84,14.59,,3.89,,,17.64,,,0.28,,7.36,22.01,8.23,,3.75,16.74,11.83
14/12/2022,11.66,,50.08,8.21,14.44,13.53,,,18.99,19.8,3.45,,,,,25.14,6.44,,11.82,14.57,,3.91,,,17.61,,,0.28,,7.4,22,8.23,,3.76,16.7,11.84
15/12/2022,11.66,,50.11,8.18,14.55,13.66,,,19.01,19.8,3.41,,,,,25.16,6.41,,11.77,14.54,,3.92,,,17.62,,,0.27,,7.55,21.99,8.22,,3.69,16.65,11.83
16/12/2022,11.65,,50.28,8.13,14.53,13.65,,,18.99,19.81,3.36,,,,,25.16,6.41,,11.71,14.49,,3.9,,,17.64,,,0.27,,7.43,21.98,8.22,,3.6,16.64,11.77
17/12/2022,11.66,,50.23,8.19,14.46,13.19,,,18.97,19.87,3.34,,,,,25.06,6.41,,11.69,14.48,,3.76,,,17.65,,,0.27,,7.39,22,8.21,,3.55,16.64,11.96
18/12/2022,11.68,,50.1,8.24,14.35,12.98,,,19.11,19.9,3.33,,,,,24.93,6.43,,11.68,14.48,,3.69,,,17.65,,,0.27,,7.35,22,8.21,,3.48,16.67,11.97
19/12/2022,11.68,,49.92,8.26,14.34,12.94,,,19.07,19.87,3.32,,,,,24.92,6.43,,11.65,14.46,,3.68,,,17.62,,,0.27,,7.34,21.98,8.2,,3.43,16.63,11.93
20/12/2022,11.67,,49.78,8.24,14.49,13.48,,,19.06,19.88,3.31,,,,,24.95,6.42,,11.6,14.44,,3.72,,,17.67,,,0.28,,7.42,21.96,8.19,,3.41,16.59,11.9
21/12/2022,11.66,,49.61,8.23,14.7,13.66,,,19.06,19.9,3.3,,,,,25.01,6.4,,11.56,14.42,,3.78,,,17.63,,,0.28,,7.41,21.94,8.19,,3.35,16.54,11.9
22/12/2022,11.65,,49.6,8.21,14.72,13.74,,,19.08,19.72,3.3,,,,,25.05,6.38,,11.53,14.39,,3.83,,,17.61,,,0.28,,7.43,21.93,8.19,,3.32,16.5,11.91
23/12/2022,11.65,,49.48,8.21,14.69,13.34,,,19.09,19.9,3.31,,,,,25.07,6.37,,11.5,14.37,,3.84,,,17.59,,,0.28,,7.37,21.92,8.18,,3.26,16.46,11.93
24/12/2022,11.65,,49.44,8.2,14.56,13.03,,,19.1,19.88,3.32,,,,,25.08,6.36,,11.48,14.36,,3.86,,,17.59,,,0.28,,7.33,21.91,8.19,,3.23,16.43,11.97
25/12/2022,11.66,,49.45,8.22,14.48,12.88,,,19.11,19.86,3.33,,,,,25.01,6.37,,11.39,14.37,,3.83,,,17.62,,,0.28,,7.29,21.91,8.19,,3.15,16.42,11.99
26/12/2022,11.65,,49.45,8.22,14.46,12.78,,,19.09,19.85,3.35,,,,,24.97,6.37,,11.45,14.37,,3.84,,,17.6,,,0.28,,7.27,21.91,8.2,,3.11,16.38,11.99
27/12/2022,11.65,,49.31,8.22,14.46,12.75,,,19.08,19.85,3.36,,,,,24.97,6.37,,11.44,14.37,,3.83,,,17.59,,,0.28,,7.27,21.89,8.2,,3.1,16.35,12.01
28/12/2022,11.65,,49.21,8.21,14.48,12.72,,,19.09,19.86,3.37,,,,,24.98,6.36,,11.41,14.36,,3.84,,,17.6,,,0.28,,7.27,21.88,8.21,,3.09,16.31,11.99
29/12/2022,11.64,,49.07,8.2,14.52,12.64,,,19.08,19.85,3.38,,,,,25.01,6.35,,11.39,14.36,,3.85,,,17.58,,,0.28,,7.32,21.87,8.22,,3.06,16.27,11.99
30/12/2022,11.64,,48.98,8.2,14.53,12.6,,,19.07,19.85,3.38,,,,,25,6.35,,11.37,14.37,,3.8,,,17.58,,,0.28,,7.36,21.86,8.22,,3.06,16.25,12.03
31/12/2022,11.65,,48.98,8.21,14.47,12.57,,,19.11,19.89,3.39,,,,,24.92,6.35,,11.37,14.37,,3.77,,,17.58,,,0.28,,7.3,21.87,8.23,,3.06,16.24,