job_id,name,status,request_time,credit_cost,granule_1,granule_2,ref_date,sec_date,job_type,looks,include_dem,include_look_vectors,include_displacement_maps,include_los_displacement,include_wrapped_phase,apply_water_mask,phase_filter_parameter,zip_filename,zip_file_size_MB,interferogram_name,zip_size_MB
9bce27bf-49ca-47b1-8d14-9eae4dd45856,aoi_3_bologna,SUCCEEDED,2025-07-15 11:23:10+00:00,10,S1A_IW_SLC__1SDV_20201021T052743_20201021T052810_034890_041162_AF7D,S1A_IW_SLC__1SDV_20201114T052743_20201114T052810_035240_041D81_B6F4,20201021,20201114,INSAR_GAMMA,20x4,True,True,False,False,False,False,0.6,S1AA_20201021T052743_20201114T052743_VVP024_INT80_G_ueF_71CF.zip,207.64,20201021_20201114,
3640ade9-65b0-4deb-a655-57566ae0b682,aoi_3_bologna,SUCCEEDED,2025-07-15 11:23:08+00:00,10,S1B_IW_SLC__1SDV_20210928T052710_20210928T052737_028894_0372C3_C44A,S1A_IW_SLC__1SDV_20211004T052749_20211004T052816_039965_04BAE4_3486,20210928,20211004,INSAR_GAMMA,20x4,True,True,False,False,False,False,0.6,S1BA_20210928T052710_20211004T052749_VVP006_INT80_G_ueF_64E8.zip,185.73,20210928_20211004,
08f64cf4-cce6-4e7a-bf35-5cdfc442ee8f,aoi_3_bologna,SUCCEEDED,2025-07-15 11:23:07+00:00,10,S1B_IW_SLC__1SDV_20171206T052627_20171206T052655_008594_00F425_4A68,S1A_IW_SLC__1SDV_20171212T052723_20171212T052750_019665_0216A4_A5B7,20171206,20171212,INSAR_GAMMA,20x4,True,True,False,False,False,False,0.6,S1BA_20171206T052627_20171212T052723_VVP006_INT80_G_ueF_E151.zip,112.28,20171206_20171212,
73e64f2b-4288-401b-acb1-95c57786aea3,aoi_3_bologna,SUCCEEDED,2025-07-15 11:23:07+00:00,10,S1B_IW_SLC__1SDV_20200617T052659_20200617T052726_022069_029E24_9AED,S1B_IW_SLC__1SDV_20200711T052700_20200711T052727_022419_02A8D0_4DF9,20200617,20200711,INSAR_GAMMA,20x4,True,True,False,False,False,False,0.6,S1BB_20200617T052659_20200711T052700_VVP024_INT80_G_ueF_FE7F.zip,209.34,20200617_20200711,
f2c5e547-4761-4b93-a914-904c1820871a,aoi_3_bologna,SUCCEEDED,2025-07-15 11:23:05+00:00,10,S1A_IW_SLC__1SDV_20181219T052729_20181219T052756_025090_02C4ED_AE9B,S1B_IW_SLC__1SDV_20181225T052634_20181225T052701_014194_01A61A_23EE,20181219,20181225,INSAR_GAMMA,20x4,True,True,False,False,False,False,0.6,S1AB_20181219T052729_20181225T052634_VVP006_INT80_G_ueF_FBF9.zip,112.84,20181219_20181225,
a0bff3f5-c7b7-4893-866e-c2806d6f3b8d,aoi_3_bologna,SUCCEEDED,2025-07-15 11:23:04+00:00,10,S1A_IW_SLC__1SDV_20191120T052737_20191120T052804_029990_036C61_A237,S1A_IW_SLC__1SDV_20191202T052736_20191202T052803_030165_037270_3899,20191120,20191202,INSAR_GAMMA,20x4,True,True,False,False,False,False,0.6,S1AA_20191120T052737_20191202T052736_VVP012_INT80_G_ueF_7D6A.zip,206.62,20191120_20191202,
bc0bbc71-e6ae-4a0b-8f41-8f10767a299f,aoi_3_bologna,SUCCEEDED,2025-07-15 11:23:04+00:00,10,S1A_IW_SLC__1SDV_20190804T052734_20190804T052801_028415_033604_65D4,S1B_IW_SLC__1SDV_20190822T052656_20190822T052723_017694_02149F_2D88,20190804,20190822,INSAR_GAMMA,20x4,True,True,False,False,False,False,0.6,S1AB_20190804T052734_20190822T052656_VVP018_INT80_G_ueF_CBB0.zip,187.59,20190804_20190822,
6ddac901-3ca8-4d11-b779-c21504b534f6,aoi_3_bologna,SUCCEEDED,2025-07-15 11:23:03+00:00,10,S1B_IW_SLC__1SDV_20190623T052652_20190623T052719_016819_01FA6A_10DC,S1A_IW_SLC__1SDV_20190711T052732_20190711T052759_028065_032B64_EB78,20190623,20190711,INSAR_GAMMA,20x4,True,True,False,False,False,False,0.6,S1BA_20190623T052652_20190711T052732_VVP018_INT80_G_ueF_D4C4.zip,187.1,20190623_20190711,
3f6f64ca-cac4-4ad6-8726-be1adf1917f7,aoi_3_bologna,SUCCEEDED,2025-07-15 11:23:02+00:00,10,S1A_IW_SLC__1SDV_20180210T052721_20180210T052748_020540_023244_7026,S1A_IW_SLC__1SDV_20180306T052721_20180306T052748_020890_023D5E_E7E3,20180210,20180306,INSAR_GAMMA,20x4,True,True,False,False,False,False,0.6,S1AA_20180210T052721_20180306T052721_VVP024_INT80_G_ueF_A35F.zip,208.12,20180210_20180306,
3f3eeac3-752a-4368-85a3-264c8dd279d0,aoi_3_bologna,SUCCEEDED,2025-07-15 11:23:01+00:00,10,S1B_IW_SLC__1SDV_20210718T052706_20210718T052733_027844_035293_52FD,S1A_IW_SLC__1SDV_20210805T052747_20210805T052814_039090_049CCC_BF6A,20210718,20210805,INSAR_GAMMA,20x4,True,True,False,False,False,False,0.6,S1BA_20210718T052706_20210805T052747_VVP018_INT80_G_ueF_E09B.zip,187.26,20210718_20210805,
3b37c6b0-4eb9-475b-ae22-bb9513abb7b7,aoi_3_bologna,SUCCEEDED,2025-07-15 11:23:00+00:00,10,S1B_IW_SLC__1SDV_20201015T052704_20201015T052731_023819_02D439_18DB,S1B_IW_SLC__1SDV_20201027T052704_20201027T052731_023994_02D9B8_3011,20201015,20201027,INSAR_GAMMA,20x4,True,True,False,False,False,False,0.6,S1BB_20201015T052704_20201027T052704_VVP012_INT80_G_ueF_DEE6.zip,207.61,20201015_20201027,
13507d5b-62f8-46ab-a1e8-b303d9ba5b5a,aoi_3_bologna,SUCCEEDED,2025-07-15 11:23:00+00:00,10,S1A_IW_SLC__1SDV_20190112T052728_20190112T052755_025440_02D18B_2790,S1A_IW_SLC__1SDV_20190205T052727_20190205T052754_025790_02DE47_911F,20190112,20190205,INSAR_GAMMA,20x4,True,True,False,False,False,False,0.6,S1AA_20190112T052728_20190205T052727_VVP024_INT80_G_ueF_2361.zip,207.75,20190112_20190205,
6d596cdd-3dc4-477b-8802-b9173bf2b928,aoi_3_bologna,SUCCEEDED,2025-07-15 11:22:59+00:00,10,S1B_IW_SLC__1SDV_20201027T052704_20201027T052731_023994_02D9B8_3011,S1B_IW_SLC__1SDV_20201108T052704_20201108T052731_024169_02DF1E_457C,20201027,20201108,INSAR_GAMMA,20x4,True,True,False,False,False,False,0.6,S1BB_20201027T052704_20201108T052704_VVP012_INT80_G_ueF_3243.zip,205.79,20201027_20201108,
98063e73-b827-4887-b5e7-eff9942bff65,aoi_3_bologna,SUCCEEDED,2025-07-15 11:22:58+00:00,10,S1B_IW_SLC__1SDV_20210413T052648_20210413T052715_026444_032830_BCEB,S1B_IW_SLC__1SDV_20210507T052649_20210507T052716_026794_033365_E539,20210413,20210507,INSAR_GAMMA,20x4,True,True,False,False,False,False,0.6,S1BB_20210413T052648_20210507T052649_VVP024_INT80_G_ueF_5049.zip,208.81,20210413_20210507,
7fe1ff9b-2523-4f4a-b5f1-7997ca9800fe,aoi_3_bologna,SUCCEEDED,2025-07-15 11:22:57+00:00,10,S1B_IW_SLC__1SDV_20190915T052657_20190915T052724_018044_021F7F_4F9E,S1B_IW_SLC__1SDV_20191009T052658_20191009T052725_018394_022A67_7584,20190915,20191009,INSAR_GAMMA,20x4,True,True,False,False,False,False,0.6,S1BB_20190915T052657_20191009T052658_VVP024_INT80_G_ueF_4149.zip,206.59,20190915_20191009,
882f8964-4289-4542-b69e-cd5888beca39,aoi_3_bologna,SUCCEEDED,2025-07-15 11:22:57+00:00,10,S1A_IW_SLC__1SDV_20250128T052750_20250128T052817_057640_071A53_5C66,S1A_IW_SLC__1SDV_20250209T052750_20250209T052817_057815_07213A_1AF0,20250128,20250209,INSAR_GAMMA,20x4,True,True,False,False,False,False,0.6,S1AA_20250128T052750_20250209T052750_VVP012_INT80_G_ueF_EDD8.zip,207.48,20250128_20250209,
e6884ca4-ea1c-41d4-8b1c-36ef8a78bdf7,aoi_3_bologna,SUCCEEDED,2025-07-15 11:22:56+00:00,10,S1A_IW_SLC__1SDV_20190325T052728_20190325T052755_026490_02F791_061C,S1B_IW_SLC__1SDV_20190412T052632_20190412T052700_015769_01D98F_9BE6,20190325,20190412,INSAR_GAMMA,20x4,True,True,False,False,False,False,0.6,S1AB_20190325T052728_20190412T052632_VVP018_INT80_G_ueF_9271.zip,114.9,20190325_20190412,
6b12649d-c9d6-45e0-af08-37f341a1e8e2,aoi_3_bologna,SUCCEEDED,2025-07-15 11:22:55+00:00,10,S1B_IW_SLC__1SDV_20171112T052650_20171112T052717_008244_00E948_A489,S1B_IW_SLC__1SDV_20171206T052627_20171206T052655_008594_00F425_4A68,20171112,20171206,INSAR_GAMMA,20x4,True,True,False,False,False,False,0.6,S1BB_20171112T052650_20171206T052627_VVP024_INT80_G_ueF_EFBA.zip,55.25,20171112_20171206,
192121c4-78c4-4125-a284-d3c990b73576,aoi_3_bologna,SUCCEEDED,2025-07-15 11:22:54+00:00,10,S1A_IW_SLC__1SDV_20250504T052750_20250504T052817_059040_0752C4_8948,S1C_IW_SLC__1SDV_20250522T052648_20250522T052715_002439_0051B0_6A61,20250504,20250522,INSAR_GAMMA,20x4,True,True,False,False,False,False,0.6,S1AC_20250504T052750_20250522T052648_VVP018_INT80_G_ueF_DE2E.zip,126.8,20250504_20250522,
e0507369-28df-405e-a883-1aa7d8a5ad77,aoi_3_bologna,SUCCEEDED,2025-07-15 11:22:53+00:00,10,S1A_IW_SLC__1SDV_20221011T052755_20221011T052822_045390_056D69_82CF,S1A_IW_SLC__1SDV_20221104T052755_20221104T052822_045740_057878_0C52,20221011,20221104,INSAR_GAMMA,20x4,True,True,False,False,False,False,0.6,S1AA_20221011T052755_20221104T052755_VVP024_INT80_G_ueF_10BF.zip,209.34,20221011_20221104,
f13d92bf-add4-4b66-acca-9748944f4337,aoi_3_bologna,SUCCEEDED,2025-07-15 11:22:52+00:00,10,S1B_IW_SLC__1SDV_20190412T052632_20190412T052700_015769_01D98F_9BE6,S1B_IW_SLC__1SDV_20190424T052633_20190424T052701_015944_01DF5C_1C3C,20190412,20190424,INSAR_GAMMA,20x4,True,True,False,False,False,False,0.6,S1BB_20190412T052632_20190424T052633_VVP012_INT80_G_ueF_C24C.zip,215.35,20190412_20190424,
c3e23b05-7c8a-4097-82d8-251897b429d2,aoi_3_bologna,SUCCEEDED,2025-07-15 11:22:51+00:00,10,S1B_IW_SLC__1SDV_20210224T052659_20210224T052727_025744_0311BA_395D,S1A_IW_SLC__1SDV_20210314T052739_20210314T052806_036990_045A45_0F92,20210224,20210314,INSAR_GAMMA,20x4,True,True,False,False,False,False,0.6,S1BA_20210224T052659_20210314T052739_VVP018_INT80_G_ueF_0957.zip,191.23,20210224_20210314,
a841e507-6b9f-40e2-8799-e64aabe96b87,aoi_3_bologna,SUCCEEDED,2025-07-15 11:22:50+00:00,10,S1B_IW_SLC__1SDV_20190106T052633_20190106T052701_014369_01ABD6_5EEF,S1A_IW_SLC__1SDV_20190112T052728_20190112T052755_025440_02D18B_2790,20190106,20190112,INSAR_GAMMA,20x4,True,True,False,False,False,False,0.6,S1BA_20190106T052633_20190112T052728_VVP006_INT80_G_ueF_340B.zip,111.29,20190106_20190112,
484d9de5-7db2-4baf-8993-8d1aa4a30f37,aoi_3_bologna,SUCCEEDED,2025-07-15 11:22:50+00:00,10,S1B_IW_SLC__1SDV_20201015T052704_20201015T052731_023819_02D439_18DB,S1A_IW_SLC__1SDV_20201021T052743_20201021T052810_034890_041162_AF7D,20201015,20201021,INSAR_GAMMA,20x4,True,True,False,False,False,False,0.6,S1BA_20201015T052704_20201021T052743_VVP006_INT80_G_ueF_6478.zip,186.27,20201015_20201021,
22a639c9-19fd-499a-9439-cd15096a0abe,aoi_3_bologna,SUCCEEDED,2025-07-15 11:22:48+00:00,10,S1A_IW_SLC__1SDV_20190430T052729_20190430T052756_027015_030ABC_7509,S1B_IW_SLC__1SDV_20190506T052633_20190506T052701_016119_01E53A_17A0,20190430,20190506,INSAR_GAMMA,20x4,True,True,False,False,False,False,0.6,S1AB_20190430T052729_20190506T052633_VVP006_INT80_G_ueF_7AD8.zip,113.77,20190430_20190506,
42dba897-c61c-4712-b7f1-d85bc3203033,aoi_3_bologna,SUCCEEDED,2025-07-15 11:22:46+00:00,10,S1A_IW_SLC__1SDV_20191108T052737_20191108T052804_029815_036652_DAA7,S1B_IW_SLC__1SDV_20191126T052655_20191126T052723_019094_02408F_E307,20191108,20191126,INSAR_GAMMA,20x4,True,True,False,False,False,False,0.6,S1AB_20191108T052737_20191126T052655_VVP018_INT80_G_ueF_629E.zip,209.44,20191108_20191126,
14e015cb-eeab-4501-9fa2-3d45ad111c74,aoi_3_bologna,SUCCEEDED,2025-07-15 11:22:45+00:00,10,S1A_IW_SLC__1SDV_20230726T052757_20230726T052824_049590_05F68C_E633,S1A_IW_SLC__1SDV_20230819T052759_20230819T052826_049940_0601E9_17C6,20230726,20230819,INSAR_GAMMA,20x4,True,True,False,False,False,False,0.6,S1AA_20230726T052757_20230819T052759_VVP024_INT80_G_ueF_2BD3.zip,208.6,20230726_20230819,
44702a76-27ca-4c8a-8249-b7af83c51b7f,aoi_3_bologna,SUCCEEDED,2025-07-15 11:22:44+00:00,10,S1B_IW_SLC__1SDV_20210107T052703_20210107T052730_025044_02FB1E_53A0,S1A_IW_SLC__1SDV_20210113T052742_20210113T052810_036115_043BDA_AEFF,20210107,20210113,INSAR_GAMMA,20x4,True,True,False,False,False,False,0.6,S1BA_20210107T052703_20210113T052742_VVP006_INT80_G_ueF_56EA.zip,198.58,20210107_20210113,
35f74187-5259-49a6-b110-fd660ab3c871,aoi_3_bologna,SUCCEEDED,2025-07-15 11:22:42+00:00,10,S1B_IW_SLC__1SDV_20190822T052656_20190822T052723_017694_02149F_2D88,S1B_IW_SLC__1SDV_20190903T052657_20190903T052724_017869_021A0C_DC54,20190822,20190903,INSAR_GAMMA,20x4,True,True,False,False,False,False,0.6,S1BB_20190822T052656_20190903T052657_VVP012_INT80_G_ueF_CF1A.zip,206.9,20190822_20190903,
edff9a83-cc8f-4c7c-895f-9216c68d6651,aoi_3_bologna,SUCCEEDED,2025-07-15 11:22:41+00:00,10,S1A_IW_SLC__1SDV_20241223T052753_20241223T052820_057115_070590_ACCD,S1A_IW_SLC__1SDV_20250104T052751_20250104T052818_057290_070C6E_F0DC,20241223,20250104,INSAR_GAMMA,20x4,True,True,False,False,False,False,0.6,S1AA_20241223T052753_20250104T052751_VVP012_INT80_G_ueF_079D.zip,206.79,20241223_20250104,
f70581f3-8c08-4459-8fcf-c96153e9147e,aoi_3_bologna,SUCCEEDED,2025-07-15 11:22:41+00:00,10,S1A_IW_SLC__1SDV_20171025T052724_20171025T052751_018965_0200D3_66D3,S1B_IW_SLC__1SDV_20171031T052650_20171031T052717_008069_00E421_5C2B,20171025,20171031,INSAR_GAMMA,20x4,True,True,False,False,False,False,0.6,S1AB_20171025T052724_20171031T052650_VVP006_INT80_G_ueF_7974.zip,145.5,20171025_20171031,
e48b5811-78d4-470d-9f13-3082feaabed6,aoi_3_bologna,SUCCEEDED,2025-07-15 11:22:40+00:00,10,S1B_IW_SLC__1SDV_20170305T052626_20170305T052655_004569_007F6C_E7BB,S1A_IW_SLC__1SDV_20170323T052703_20170323T052730_015815_01A0CD_C04F,20170305,20170323,INSAR_GAMMA,20x4,True,True,False,False,False,False,0.6,S1BA_20170305T052626_20170323T052703_VVP018_INT80_G_ueF_0057.zip,172.25,20170305_20170323,
3abf84e8-828c-4b2f-902f-3cd77373d738,aoi_3_bologna,SUCCEEDED,2025-07-15 11:22:38+00:00,10,S1A_IW_SLC__1SDV_20211215T052748_20211215T052815_041015_04DF48_0FF8,S1A_IW_SLC__1SDV_20211227T052747_20211227T052814_041190_04E503_4ED7,20211215,20211227,INSAR_GAMMA,20x4,True,True,False,False,False,False,0.6,S1AA_20211215T052748_20211227T052747_VVP012_INT80_G_ueF_1FB2.zip,206.61,20211215_20211227,
e40daa70-3a8a-460b-8ad5-15dc5087e1cd,aoi_3_bologna,SUCCEEDED,2025-07-15 11:22:38+00:00,10,S1B_IW_SLC__1SDV_20210811T052708_20210811T052735_028194_035D14_25ED,S1B_IW_SLC__1SDV_20210904T052709_20210904T052736_028544_036806_5330,20210811,20210904,INSAR_GAMMA,20x4,True,True,False,False,False,False,0.6,S1BB_20210811T052708_20210904T052709_VVP024_INT80_G_ueF_5609.zip,207.07,20210811_20210904,
2b99d4c8-3e63-45c2-ba00-a90dec02ad23,aoi_3_bologna,SUCCEEDED,2025-07-15 11:22:37+00:00,10,S1A_IW_SLC__1SDV_20250410T052749_20250410T052816_058690_074497_D8B1,S1C_IW_SLC__1SDV_20250416T052645_20250416T052712_001914_003B88_BA68,20250410,20250416,INSAR_GAMMA,20x4,True,True,False,False,False,False,0.6,S1AC_20250410T052749_20250416T052645_VVP006_INT80_G_ueF_3E67.zip,127.02,20250410_20250416,
366ea321-280d-477c-8c03-bbd2f6a70933,aoi_3_bologna,SUCCEEDED,2025-07-15 11:22:36+00:00,10,S1B_IW_SLC__1SDV_20200524T052657_20200524T052724_021719_029398_A4C9,S1A_IW_SLC__1SDV_20200530T052737_20200530T052804_032790_03CC56_8071,20200524,20200530,INSAR_GAMMA,20x4,True,True,False,False,False,False,0.6,S1BA_20200524T052657_20200530T052737_VVP006_INT80_G_ueF_A9F4.zip,185.88,20200524_20200530,
c26c92a0-a3bc-4ff8-b807-137917804871,aoi_3_bologna,SUCCEEDED,2025-07-15 11:22:35+00:00,10,S1A_IW_SLC__1SDV_20170919T052724_20170919T052751_018440_01F0C7_981A,S1B_IW_SLC__1SDV_20170925T052650_20170925T052717_007544_00D51A_3D7B,20170919,20170925,INSAR_GAMMA,20x4,True,True,False,False,False,False,0.6,S1AB_20170919T052724_20170925T052650_VVP006_INT80_G_ueF_CAA2.zip,146.64,20170919_20170925,
9552d539-8222-48f6-8aab-f0ca0fdae5d3,aoi_3_bologna,SUCCEEDED,2025-07-15 11:22:34+00:00,10,S1A_IW_SLC__1SDV_20181020T052731_20181020T052758_024215_02A631_80DE,S1B_IW_SLC__1SDV_20181026T052649_20181026T052716_013319_018A02_6B1E,20181020,20181026,INSAR_GAMMA,20x4,True,True,False,False,False,False,0.6,S1AB_20181020T052731_20181026T052649_VVP006_INT80_G_ueF_A44C.zip,206.82,20181020_20181026,
8f7fecd2-b318-4237-baba-d52c63914e7b,aoi_3_bologna,SUCCEEDED,2025-07-15 11:22:33+00:00,10,S1A_IW_SLC__1SDV_20210910T052748_20210910T052815_039615_04AEE1_8C96,S1A_IW_SLC__1SDV_20211004T052749_20211004T052816_039965_04BAE4_3486,20210910,20211004,INSAR_GAMMA,20x4,True,True,False,False,False,False,0.6,S1AA_20210910T052748_20211004T052749_VVP024_INT80_G_ueF_7623.zip,207.6,20210910_20211004,
b06f5c20-3dec-4612-a760-d6a4f67bbf49,aoi_3_bologna,SUCCEEDED,2025-07-15 11:22:33+00:00,10,S1A_IW_SLC__1SDV_20201009T052743_20201009T052810_034715_040B45_2877,S1A_IW_SLC__1SDV_20201102T052743_20201102T052810_035065_04175E_207B,20201009,20201102,INSAR_GAMMA,20x4,True,True,False,False,False,False,0.6,S1AA_20201009T052743_20201102T052743_VVP024_INT80_G_ueF_0242.zip,208.98,20201009_20201102,
ea6e5d81-c0e0-488b-96e0-6c744714ed8d,aoi_3_bologna,SUCCEEDED,2025-07-15 11:22:32+00:00,10,S1B_IW_SLC__1SDV_20200711T052700_20200711T052727_022419_02A8D0_4DF9,S1B_IW_SLC__1SDV_20200804T052702_20200804T052729_022769_02B36C_3763,20200711,20200804,INSAR_GAMMA,20x4,True,True,False,False,False,False,0.6,S1BB_20200711T052700_20200804T052702_VVP024_INT80_G_ueF_FB24.zip,207.91,20200711_20200804,
6bec7674-33fe-4d39-98ce-a661b4c76665,aoi_3_bologna,SUCCEEDED,2025-07-15 11:22:31+00:00,10,S1B_IW_SLC__1SDV_20201108T052704_20201108T052731_024169_02DF1E_457C,S1A_IW_SLC__1SDV_20201114T052743_20201114T052810_035240_041D81_B6F4,20201108,20201114,INSAR_GAMMA,20x4,True,True,False,False,False,False,0.6,S1BA_20201108T052704_20201114T052743_VVP006_INT80_G_ueF_3472.zip,183.71,20201108_20201114,
0e0fba43-a5ad-45aa-a441-eb833c07f4b0,aoi_3_bologna,SUCCEEDED,2025-07-15 11:22:30+00:00,10,S1B_IW_SLC__1SDV_20200418T052659_20200418T052726_021194_02837E_0816,S1B_IW_SLC__1SDV_20200512T052700_20200512T052727_021544_028E77_8519,20200418,20200512,INSAR_GAMMA,20x4,True,True,False,False,False,False,0.6,S1BB_20200418T052659_20200512T052700_VVP024_INT80_G_ueF_61A5.zip,206.49,20200418_20200512,
c1b76c9f-9dd5-4f9f-955f-fc620fa278eb,aoi_3_bologna,SUCCEEDED,2025-07-15 11:22:30+00:00,10,S1A_IW_SLC__1SDV_20210113T052742_20210113T052810_036115_043BDA_AEFF,S1B_IW_SLC__1SDV_20210131T052648_20210131T052715_025394_030647_1EED,20210113,20210131,INSAR_GAMMA,20x4,True,True,False,False,False,False,0.6,S1AB_20210113T052742_20210131T052648_VVP018_INT80_G_ueF_EC0A.zip,119.32,20210113_20210131,
375ef2ec-3a43-444a-85fb-8ca3ff841801,aoi_3_bologna,SUCCEEDED,2025-07-15 11:22:29+00:00,10,S1A_IW_SLC__1SDV_20170603T052718_20170603T052745_016865_01C0C1_9BC4,S1A_IW_SLC__1SDV_20170627T052719_20170627T052746_017215_01CB7E_54FF,20170603,20170627,INSAR_GAMMA,20x4,True,True,False,False,False,False,0.6,S1AA_20170603T052718_20170627T052719_VVP024_INT80_G_ueF_CE9F.zip,209.63,20170603_20170627,
0a2a5f20-4eac-479c-bab9-5d19120b6612,aoi_3_bologna,SUCCEEDED,2025-07-15 11:22:28+00:00,10,S1B_IW_SLC__1SDV_20211127T052658_20211127T052726_029769_038D9E_E246,S1B_IW_SLC__1SDV_20211209T052658_20211209T052726_029944_039327_E855,20211127,20211209,INSAR_GAMMA,20x4,True,True,False,False,False,False,0.6,S1BB_20211127T052658_20211209T052658_VVP012_INT80_G_ueF_9E5C.zip,214.04,20211127_20211209,
8ae1069c-c6ea-442f-bde4-a853af6a0606,aoi_3_bologna,SUCCEEDED,2025-07-15 11:22:27+00:00,10,S1A_IW_SLC__1SDV_20230912T052800_20230912T052827_050290_060DE1_B2BF,S1A_IW_SLC__1SDV_20230924T052800_20230924T052827_050465_0613D4_8221,20230912,20230924,INSAR_GAMMA,20x4,True,True,False,False,False,False,0.6,S1AA_20230912T052800_20230924T052800_VVP012_INT80_G_ueF_4D1E.zip,207.12,20230912_20230924,
33f0b1be-cc5c-4bc0-ab98-2d98608f5952,aoi_3_bologna,SUCCEEDED,2025-07-15 11:22:26+00:00,10,S1B_IW_SLC__1SDV_20171206T052627_20171206T052655_008594_00F425_4A68,S1A_IW_SLC__1SDV_20171224T052722_20171224T052749_019840_021C04_082B,20171206,20171224,INSAR_GAMMA,20x4,True,True,False,False,False,False,0.6,S1BA_20171206T052627_20171224T052722_VVP018_INT80_G_ueF_5C2E.zip,112.59,20171206_20171224,
fa21beae-d969-4c05-9106-8069c9369f09,aoi_3_bologna,SUCCEEDED,2025-07-15 11:22:24+00:00,10,S1A_IW_SLC__1SDV_20241129T052755_20241129T052822_056765_06F7AD_4280,S1A_IW_SLC__1SDV_20241211T052754_20241211T052821_056940_06FE85_C7DA,20241129,20241211,INSAR_GAMMA,20x4,True,True,False,False,False,False,0.6,S1AA_20241129T052755_20241211T052754_VVP012_INT80_G_ueF_FD01.zip,206.58,20241129_20241211,
1c77e62e-3bb8-444d-a689-48413f3f52f1,aoi_3_bologna,SUCCEEDED,2025-07-15 11:22:22+00:00,10,S1B_IW_SLC__1SDV_20181002T052649_20181002T052716_012969_017F41_1AF9,S1B_IW_SLC__1SDV_20181014T052649_20181014T052716_013144_018497_7619,20181002,20181014,INSAR_GAMMA,20x4,True,True,False,False,False,False,0.6,S1BB_20181002T052649_20181014T052649_VVP012_INT80_G_ueF_84AB.zip,207.11,20181002_20181014,
f55eea7a-9e81-49ca-83c5-70d8544f674f,aoi_3_bologna,SUCCEEDED,2025-07-15 11:22:21+00:00,10,S1C_IW_SLC__1SDV_20250510T052622_20250510T052649_002264_004CDC_A592,S1A_IW_SLC__1SDV_20250516T052749_20250516T052816_059215_075912_0083,20250510,20250516,INSAR_GAMMA,20x4,True,True,False,False,False,False,0.6,S1CA_20250510T052622_20250516T052749_VVP006_INT80_G_ueF_98FD.zip,108.0,20250510_20250516,
ea132d62-5c93-499a-8667-0f4090493332,aoi_3_bologna,SUCCEEDED,2025-07-15 11:22:20+00:00,10,S1B_IW_SLC__1SDV_20211127T052658_20211127T052726_029769_038D9E_E246,S1A_IW_SLC__1SDV_20211215T052748_20211215T052815_041015_04DF48_0FF8,20211127,20211215,INSAR_GAMMA,20x4,True,True,False,False,False,False,0.6,S1BA_20211127T052658_20211215T052748_VVP018_INT80_G_ueF_148B.zip,153.59,20211127_20211215,
29a1775c-13bb-4381-9998-c59ff0a7026e,aoi_3_bologna,SUCCEEDED,2025-07-15 11:22:19+00:00,10,S1A_IW_SLC__1SDV_20170323T052703_20170323T052730_015815_01A0CD_C04F,S1B_IW_SLC__1SDV_20170329T052619_20170329T052647_004919_008992_9B81,20170323,20170329,INSAR_GAMMA,20x4,True,True,False,False,False,False,0.6,S1AB_20170323T052703_20170329T052619_VVP006_INT80_G_ueF_38CC.zip,195.4,20170323_20170329,
e41b4e4c-bffa-4a30-aa62-5e85a92b690e,aoi_3_bologna,SUCCEEDED,2025-07-15 11:22:18+00:00,10,S1B_IW_SLC__1SDV_20200629T052659_20200629T052726_022244_02A37D_A349,S1A_IW_SLC__1SDV_20200705T052739_20200705T052806_033315_03DC22_2E9B,20200629,20200705,INSAR_GAMMA,20x4,True,True,False,False,False,False,0.6,S1BA_20200629T052659_20200705T052739_VVP006_INT80_G_ueF_CB23.zip,186.56,20200629_20200705,
27d41a7d-a4b5-4158-9b21-495d4f6f5432,aoi_3_bologna,SUCCEEDED,2025-07-15 11:22:17+00:00,10,S1B_IW_SLC__1SDV_20211010T052710_20211010T052737_029069_037802_2AE0,S1A_IW_SLC__1SDV_20211016T052749_20211016T052816_040140_04C0F0_6664,20211010,20211016,INSAR_GAMMA,20x4,True,True,False,False,False,False,0.6,S1BA_20211010T052710_20211016T052749_VVP006_INT80_G_ueF_00D7.zip,184.85,20211010_20211016,
d6cec894-90ab-4eba-a24d-26e154d8b92c,aoi_3_bologna,SUCCEEDED,2025-07-15 11:22:16+00:00,10,S1A_IW_SLC__1SDV_20181008T052731_20181008T052758_024040_02A081_9F83,S1A_IW_SLC__1SDV_20181020T052731_20181020T052758_024215_02A631_80DE,20181008,20181020,INSAR_GAMMA,20x4,True,True,False,False,False,False,0.6,S1AA_20181008T052731_20181020T052731_VVP012_INT80_G_ueF_30BB.zip,205.99,20181008_20181020,
064a0c30-4a61-4d3f-b081-dcbc8e2ff73f,aoi_3_bologna,SUCCEEDED,2025-07-15 11:22:15+00:00,10,S1A_IW_SLC__1SDV_20170627T052719_20170627T052746_017215_01CB7E_54FF,S1A_IW_SLC__1SDV_20170721T052721_20170721T052748_017565_01D614_ACBE,20170627,20170721,INSAR_GAMMA,20x4,True,True,False,False,False,False,0.6,S1AA_20170627T052719_20170721T052721_VVP024_INT80_G_ueF_BD04.zip,208.36,20170627_20170721,
ea8bf1eb-714d-4665-97d4-dcffe6307912,aoi_3_bologna,SUCCEEDED,2025-07-15 11:22:14+00:00,10,S1A_IW_SLC__1SDV_20190124T052728_20190124T052755_025615_02D7ED_F0A7,S1B_IW_SLC__1SDV_20190211T052632_20190211T052700_014894_01BCD7_2231,20190124,20190211,INSAR_GAMMA,20x4,True,True,False,False,False,False,0.6,S1AB_20190124T052728_20190211T052632_VVP018_INT80_G_ueF_9F7B.zip,114.43,20190124_20190211,
5b46f96c-299d-4a6a-96c6-b3cd54d01c89,aoi_3_bologna,SUCCEEDED,2025-07-15 11:22:13+00:00,10,S1B_IW_SLC__1SDV_20170621T052645_20170621T052712_006144_00ACB6_D4C6,S1B_IW_SLC__1SDV_20170715T052647_20170715T052714_006494_00B6B9_959C,20170621,20170715,INSAR_GAMMA,20x4,True,True,False,False,False,False,0.6,S1BB_20170621T052645_20170715T052647_VVP024_INT80_G_ueF_FD34.zip,206.92,20170621_20170715,
18602ee4-4803-4495-a507-71f91fe52716,aoi_3_bologna,SUCCEEDED,2025-07-15 11:22:13+00:00,10,S1B_IW_SLC__1SDV_20190915T052657_20190915T052724_018044_021F7F_4F9E,S1B_IW_SLC__1SDV_20190927T052658_20190927T052725_018219_0224E4_B9B7,20190915,20190927,INSAR_GAMMA,20x4,True,True,False,False,False,False,0.6,S1BB_20190915T052657_20190927T052658_VVP012_INT80_G_ueF_278A.zip,207.03,20190915_20190927,
8a644e51-78dd-493a-840e-0d4545bb67d3,aoi_3_bologna,SUCCEEDED,2025-07-15 11:22:12+00:00,10,S1A_IW_SLC__1SDV_20190723T052733_20190723T052800_028240_0330AD_C0B7,S1B_IW_SLC__1SDV_20190729T052655_20190729T052722_017344_0209DE_A100,20190723,20190729,INSAR_GAMMA,20x4,True,True,False,False,False,False,0.6,S1AB_20190723T052733_20190729T052655_VVP006_INT80_G_ueF_FFD0.zip,186.33,20190723_20190729,
9287da28-5694-4e2c-844e-bb07e6080f32,aoi_3_bologna,SUCCEEDED,2025-07-15 11:22:11+00:00,10,S1A_IW_SLC__1SDV_20221210T052754_20221210T052821_046265_058A4F_B53E,S1A_IW_SLC__1SDV_20230103T052753_20230103T052819_046615_059639_4587,20221210,20230103,INSAR_GAMMA,20x4,True,True,False,False,False,False,0.6,S1AA_20221210T052754_20230103T052753_VVP024_INT80_G_ueF_A833.zip,206.18,20221210_20230103,
8c06a1b4-37a6-4595-993e-4b50936f3d70,aoi_3_bologna,SUCCEEDED,2025-07-15 11:22:09+00:00,10,S1A_IW_SLC__1SDV_20230328T052751_20230328T052818_047840_05BF83_097A,S1A_IW_SLC__1SDV_20230421T052751_20230421T052818_048190_05CB44_D258,20230328,20230421,INSAR_GAMMA,20x4,True,True,False,False,False,False,0.6,S1AA_20230328T052751_20230421T052751_VVP024_INT80_G_ueF_6BD7.zip,209.29,20230328_20230421,
73350c0c-680f-4836-b57e-aa72f2547bf0,aoi_3_bologna,SUCCEEDED,2025-07-15 11:22:08+00:00,10,S1B_IW_SLC__1SDV_20180511T052627_20180511T052655_010869_013E1D_DAA5,S1A_IW_SLC__1SDV_20180529T052724_20180529T052751_022115_026419_F53B,20180511,20180529,INSAR_GAMMA,20x4,True,True,False,False,False,False,0.6,S1BA_20180511T052627_20180529T052724_VVP018_INT80_G_ueF_0B48.zip,113.61,20180511_20180529,
64051ac6-5e70-41a0-86b3-efd8a0e50e37,aoi_3_bologna,SUCCEEDED,2025-07-15 11:22:07+00:00,10,S1A_IW_SLC__1SDV_20201208T052742_20201208T052809_035590_042995_4806,S1A_IW_SLC__1SDV_20201220T052742_20201220T052809_035765_042F95_D318,20201208,20201220,INSAR_GAMMA,20x4,True,True,False,False,False,False,0.6,S1AA_20201208T052742_20201220T052742_VVP012_INT80_G_ueF_FAED.zip,206.78,20201208_20201220,
c3c3aa9e-23db-49a7-b594-972ea73b4c07,aoi_3_bologna,SUCCEEDED,2025-07-15 11:22:06+00:00,10,S1A_IW_SLC__1SDV_20240918T052756_20240918T052823_055715_06CE01_D195,S1A_IW_SLC__1SDV_20240930T052756_20240930T052823_055890_06D4F1_5BCD,20240918,20240930,INSAR_GAMMA,20x4,True,True,False,False,False,False,0.6,S1AA_20240918T052756_20240930T052756_VVP012_INT80_G_ueF_4D02.zip,207.7,20240918_20240930,
1446c112-2f57-4334-a74b-d9be42595d69,aoi_3_bologna,SUCCEEDED,2025-07-15 11:22:04+00:00,10,S1A_IW_SLC__1SDV_20220120T052746_20220120T052813_041540_04F0B2_0E27,S1A_IW_SLC__1SDV_20220201T052745_20220201T052812_041715_04F6B0_93F0,20220120,20220201,INSAR_GAMMA,20x4,True,True,False,False,False,False,0.6,S1AA_20220120T052746_20220201T052745_VVP012_INT80_G_ueF_867F.zip,206.83,20220120_20220201,
7482c304-64e6-46fd-9e7e-c239aee9d5e1,aoi_3_bologna,SUCCEEDED,2025-07-15 11:22:03+00:00,10,S1A_IW_SLC__1SDV_20191027T052737_20191027T052804_029640_03601E_59ED,S1A_IW_SLC__1SDV_20191108T052737_20191108T052804_029815_036652_DAA7,20191027,20191108,INSAR_GAMMA,20x4,True,True,False,False,False,False,0.6,S1AA_20191027T052737_20191108T052737_VVP012_INT80_G_ueF_73F6.zip,206.73,20191027_20191108,
3e8bb219-8450-4e26-ae95-e1cd15cf7182,aoi_3_bologna,SUCCEEDED,2025-07-15 11:22:03+00:00,10,S1A_IW_SLC__1SDV_20181113T052730_20181113T052757_024565_02B24A_6AD5,S1B_IW_SLC__1SDV_20181119T052651_20181119T052718_013669_019505_C2E0,20181113,20181119,INSAR_GAMMA,20x4,True,True,False,False,False,False,0.6,S1AB_20181113T052730_20181119T052651_VVP006_INT80_G_ueF_83D7.zip,186.59,20181113_20181119,
c9c04a73-99df-4074-a275-724d72e3f942,aoi_3_bologna,SUCCEEDED,2025-07-15 11:22:01+00:00,10,S1B_IW_SLC__1SDV_20200921T052704_20200921T052731_023469_02C94E_F6FB,S1B_IW_SLC__1SDV_20201003T052704_20201003T052731_023644_02CEC7_8541,20200921,20201003,INSAR_GAMMA,20x4,True,True,False,False,False,False,0.6,S1BB_20200921T052704_20201003T052704_VVP012_INT80_G_ueF_428B.zip,207.84,20200921_20201003,
bf364bcc-e80a-4cd8-9ca0-9a0fe8a8bb3f,aoi_3_bologna,SUCCEEDED,2025-07-15 11:22:00+00:00,10,S1B_IW_SLC__1SDV_20191021T052658_20191021T052725_018569_022FC8_F324,S1B_IW_SLC__1SDV_20191102T052658_20191102T052725_018744_023546_0C18,20191021,20191102,INSAR_GAMMA,20x4,True,True,False,False,False,False,0.6,S1BB_20191021T052658_20191102T052658_VVP012_INT80_G_ueF_3661.zip,206.37,20191021_20191102,
90c97891-16b0-4dd6-b1e8-b31af7563d00,aoi_3_bologna,SUCCEEDED,2025-07-15 11:21:59+00:00,10,S1A_IW_SLC__1SDV_20180902T052730_20180902T052757_023515_028F75_0BF8,S1B_IW_SLC__1SDV_20180908T052648_20180908T052715_012619_01748C_8F2F,20180902,20180908,INSAR_GAMMA,20x4,True,True,False,False,False,False,0.6,S1AB_20180902T052730_20180908T052648_VVP006_INT80_G_ueF_5FF1.zip,205.76,20180902_20180908,
e980ee5a-1069-4545-a7b5-a79cf0622074,aoi_3_bologna,SUCCEEDED,2025-07-15 11:21:58+00:00,10,S1B_IW_SLC__1SDV_20210624T052705_20210624T052732_027494_034848_474E,S1B_IW_SLC__1SDV_20210706T052705_20210706T052732_027669_034D60_B1C7,20210624,20210706,INSAR_GAMMA,20x4,True,True,False,False,False,False,0.6,S1BB_20210624T052705_20210706T052705_VVP012_INT80_G_ueF_9A86.zip,206.88,20210624_20210706,
c0a6bd6e-b3cc-46af-883e-069d95514d68,aoi_3_bologna,SUCCEEDED,2025-07-15 11:21:57+00:00,10,S1A_IW_SLC__1SDV_20240215T052756_20240215T052823_052565_065BBA_BFC6,S1A_IW_SLC__1SDV_20240310T052756_20240310T052823_052915_0667A2_4638,20240215,20240310,INSAR_GAMMA,20x4,True,True,False,False,False,False,0.6,S1AA_20240215T052756_20240310T052756_VVP024_INT80_G_ueF_D39D.zip,208.26,20240215_20240310,
c63db055-2657-449a-8b4e-dac20ccc8316,aoi_3_bologna,SUCCEEDED,2025-07-15 11:21:56+00:00,10,S1B_IW_SLC__1SDV_20181225T052634_20181225T052701_014194_01A61A_23EE,S1A_IW_SLC__1SDV_20181231T052729_20181231T052756_025265_02CB42_9A6C,20181225,20181231,INSAR_GAMMA,20x4,True,True,False,False,False,False,0.6,S1BA_20181225T052634_20181231T052729_VVP006_INT80_G_ueF_750A.zip,111.92,20181225_20181231,
3d07de9e-4d14-46e9-9c57-ac6c16d010fe,aoi_3_bologna,SUCCEEDED,2025-07-15 11:21:54+00:00,10,S1B_IW_SLC__1SDV_20180429T052627_20180429T052655_010694_013876_7C8F,S1A_IW_SLC__1SDV_20180505T052723_20180505T052750_021765_0258EB_7AA2,20180429,20180505,INSAR_GAMMA,20x4,True,True,False,False,False,False,0.6,S1BA_20180429T052627_20180505T052723_VVP006_INT80_G_ueF_624B.zip,113.25,20180429_20180505,
f8fead44-adf2-4c4b-81f4-77d09ab7e2b7,aoi_3_bologna,SUCCEEDED,2025-07-15 11:21:53+00:00,10,S1A_IW_SLC__1SDV_20181231T052729_20181231T052756_025265_02CB42_9A6C,S1A_IW_SLC__1SDV_20190124T052728_20190124T052755_025615_02D7ED_F0A7,20181231,20190124,INSAR_GAMMA,20x4,True,True,False,False,False,False,0.6,S1AA_20181231T052729_20190124T052728_VVP024_INT80_G_ueF_4D9A.zip,207.49,20181231_20190124,
44f1f32d-cb16-4834-9ccd-d56bb246c23d,aoi_3_bologna,SUCCEEDED,2025-07-15 11:21:52+00:00,10,S1A_IW_SLC__1SDV_20230714T052756_20230714T052823_049415_05F130_0F19,S1A_IW_SLC__1SDV_20230726T052757_20230726T052824_049590_05F68C_E633,20230714,20230726,INSAR_GAMMA,20x4,True,True,False,False,False,False,0.6,S1AA_20230714T052756_20230726T052757_VVP012_INT80_G_ueF_60CD.zip,208.67,20230714_20230726,
da463c61-3869-4f56-b7df-3863a25270d6,aoi_3_bologna,SUCCEEDED,2025-07-15 11:21:51+00:00,10,S1A_IW_SLC__1SDV_20201208T052742_20201208T052809_035590_042995_4806,S1B_IW_SLC__1SDV_20201214T052652_20201214T052720_024694_02EFD8_1E0E,20201208,20201214,INSAR_GAMMA,20x4,True,True,False,False,False,False,0.6,S1AB_20201208T052742_20201214T052652_VVP006_INT80_G_ueF_C238.zip,153.93,20201208_20201214,
d677fb54-9e2f-4ea7-a09c-72993186d615,aoi_3_bologna,SUCCEEDED,2025-07-15 11:21:50+00:00,10,S1A_IW_SLC__1SDV_20180306T052721_20180306T052748_020890_023D5E_E7E3,S1A_IW_SLC__1SDV_20180330T052721_20180330T052748_021240_024878_63B9,20180306,20180330,INSAR_GAMMA,20x4,True,True,False,False,False,False,0.6,S1AA_20180306T052721_20180330T052721_VVP024_INT80_G_ueF_E264.zip,208.79,20180306_20180330,
a854bef9-62cf-452d-8dce-b394a0134ce0,aoi_3_bologna,SUCCEEDED,2025-07-15 11:21:49+00:00,10,S1A_IW_SLC__1SDV_20171118T052724_20171118T052751_019315_020BAB_D077,S1B_IW_SLC__1SDV_20171124T052650_20171124T052717_008419_00EE92_47DD,20171118,20171124,INSAR_GAMMA,20x4,True,True,False,False,False,False,0.6,S1AB_20171118T052724_20171124T052650_VVP006_INT80_G_ueF_3E7E.zip,145.43,20171118_20171124,
f376fefb-055b-4613-aace-0acda2d9d437,aoi_3_bologna,SUCCEEDED,2025-07-15 11:21:47+00:00,10,S1A_IW_SLC__1SDV_20171224T052722_20171224T052749_019840_021C04_082B,S1B_IW_SLC__1SDV_20171230T052627_20171230T052655_008944_00FF51_7648,20171224,20171230,INSAR_GAMMA,20x4,True,True,False,False,False,False,0.6,S1AB_20171224T052722_20171230T052627_VVP006_INT80_G_ueF_1B6C.zip,113.06,20171224_20171230,
4f7f3e42-db35-4532-9a9a-7aafb8da391c,aoi_3_bologna,SUCCEEDED,2025-07-15 11:21:44+00:00,10,S1B_IW_SLC__1SDV_20210401T052648_20210401T052715_026269_032297_AD70,S1A_IW_SLC__1SDV_20210407T052740_20210407T052807_037340_04665D_0CA9,20210401,20210407,INSAR_GAMMA,20x4,True,True,False,False,False,False,0.6,S1BA_20210401T052648_20210407T052740_VVP006_INT80_G_ueF_76D0.zip,131.94,20210401_20210407,
89020506-e78f-4e56-af4b-76bf92573241,aoi_3_bologna,SUCCEEDED,2025-07-15 11:21:42+00:00,10,S1B_IW_SLC__1SDV_20180312T052625_20180312T052653_009994_0121E9_7C6D,S1B_IW_SLC__1SDV_20180324T052625_20180324T052653_010169_012793_901B,20180312,20180324,INSAR_GAMMA,20x4,True,True,False,False,False,False,0.6,S1BB_20180312T052625_20180324T052625_VVP012_INT80_G_ueF_480E.zip,214.95,20180312_20180324,
c037bc8f-0ce7-44d5-96ac-cbad84e077fb,aoi_3_bologna,SUCCEEDED,2025-07-15 11:21:37+00:00,10,S1B_IW_SLC__1SDV_20190106T052633_20190106T052701_014369_01ABD6_5EEF,S1B_IW_SLC__1SDV_20190130T052632_20190130T052700_014719_01B71A_E4CB,20190106,20190130,INSAR_GAMMA,20x4,True,True,False,False,False,False,0.6,S1BB_20190106T052633_20190130T052632_VVP024_INT80_G_ueF_561F.zip,214.6,20190106_20190130,
2f7307ca-a820-4964-bb0e-6357613f5973,aoi_3_bologna,SUCCEEDED,2025-07-15 11:21:36+00:00,10,S1A_IW_SLC__1SDV_20180411T052722_20180411T052749_021415_024DEE_8429,S1A_IW_SLC__1SDV_20180423T052722_20180423T052749_021590_025363_B564,20180411,20180423,INSAR_GAMMA,20x4,True,True,False,False,False,False,0.6,S1AA_20180411T052722_20180423T052722_VVP012_INT80_G_ueF_ADC4.zip,207.95,20180411_20180423,
04261632-7397-44b2-beaf-546dc41cb863,aoi_3_bologna,SUCCEEDED,2025-07-15 11:21:34+00:00,10,S1B_IW_SLC__1SDV_20200909T052703_20200909T052730_023294_02C3D5_38DB,S1A_IW_SLC__1SDV_20200915T052743_20200915T052810_034365_03FEFD_519E,20200909,20200915,INSAR_GAMMA,20x4,True,True,False,False,False,False,0.6,S1BA_20200909T052703_20200915T052743_VVP006_INT80_G_ueF_F16A.zip,184.67,20200909_20200915,
96f33aee-c334-4e6a-bb69-a47dad17f058,aoi_3_bologna,SUCCEEDED,2025-07-15 11:21:32+00:00,10,S1B_IW_SLC__1SDV_20180815T052647_20180815T052714_012269_0169B5_C097,S1A_IW_SLC__1SDV_20180821T052729_20180821T052756_023340_0289E6_9F43,20180815,20180821,INSAR_GAMMA,20x4,True,True,False,False,False,False,0.6,S1BA_20180815T052647_20180821T052729_VVP006_INT80_G_ueF_A6C0.zip,205.19,20180815_20180821,
09799e71-23b8-4616-8e71-c9303f97cfd4,aoi_3_bologna,SUCCEEDED,2025-07-15 11:21:31+00:00,10,S1B_IW_SLC__1SDV_20171007T052650_20171007T052717_007719_00DA22_EDAB,S1A_IW_SLC__1SDV_20171025T052724_20171025T052751_018965_0200D3_66D3,20171007,20171025,INSAR_GAMMA,20x4,True,True,False,False,False,False,0.6,S1BA_20171007T052650_20171025T052724_VVP018_INT80_G_ueF_1DAF.zip,145.0,20171007_20171025,
36455722-3255-480f-ac2f-e57fbb5a0a64,aoi_3_bologna,SUCCEEDED,2025-07-15 11:21:29+00:00,10,S1B_IW_SLC__1SDV_20210107T052703_20210107T052730_025044_02FB1E_53A0,S1B_IW_SLC__1SDV_20210131T052648_20210131T052715_025394_030647_1EED,20210107,20210131,INSAR_GAMMA,20x4,True,True,False,False,False,False,0.6,S1BB_20210107T052703_20210131T052648_VVP024_INT80_G_ueF_0DBF.zip,106.28,20210107_20210131,
d8150ade-5683-49b1-b613-98c671a24f38,aoi_3_bologna,SUCCEEDED,2025-07-15 11:21:28+00:00,10,S1A_IW_SLC__1SDV_20220601T052749_20220601T052816_043465_0530A1_A235,S1A_IW_SLC__1SDV_20220613T052750_20220613T052816_043640_0535D2_E355,20220601,20220613,INSAR_GAMMA,20x4,True,True,False,False,False,False,0.6,S1AA_20220601T052749_20220613T052750_VVP012_INT80_G_ueF_FAA9.zip,208.32,20220601_20220613,
a9858ab1-f054-46b4-9e4b-2b46d31d7a72,aoi_3_bologna,SUCCEEDED,2025-07-15 11:21:27+00:00,10,S1A_IW_SLC__1SDV_20221222T052753_20221222T052820_046440_059046_DE19,S1A_IW_SLC__1SDV_20230115T052752_20230115T052819_046790_059C18_D107,20221222,20230115,INSAR_GAMMA,20x4,True,True,False,False,False,False,0.6,S1AA_20221222T052753_20230115T052752_VVP024_INT80_G_ueF_FEEB.zip,207.56,20221222_20230115,
cf185a48-e998-4a59-b891-a4fc173cb9e3,aoi_3_bologna,SUCCEEDED,2025-07-15 11:21:25+00:00,10,S1A_IW_SLC__1SDV_20200212T052734_20200212T052801_031215_0396EC_9486,S1B_IW_SLC__1SDV_20200218T052652_20200218T052720_020319_0267BB_ABA7,20200212,20200218,INSAR_GAMMA,20x4,True,True,False,False,False,False,0.6,S1AB_20200212T052734_20200218T052652_VVP006_INT80_G_ueF_5342.zip,206.38,20200212_20200218,
c18c98fc-b785-4519-b71d-872d7c8309ee,aoi_3_bologna,SUCCEEDED,2025-07-15 11:21:24+00:00,10,S1B_IW_SLC__1SDV_20210718T052706_20210718T052733_027844_035293_52FD,S1B_IW_SLC__1SDV_20210730T052707_20210730T052734_028019_0357B2_11EE,20210718,20210730,INSAR_GAMMA,20x4,True,True,False,False,False,False,0.6,S1BB_20210718T052706_20210730T052707_VVP012_INT80_G_ueF_367A.zip,206.81,20210718_20210730,
5d21ee9a-0061-4a3d-8160-e093ee942219,aoi_3_bologna,SUCCEEDED,2025-07-15 11:21:22+00:00,10,S1A_IW_SLC__1SDV_20170110T052704_20170110T052731_014765_0180A8_38EC,S1A_IW_SLC__1SDV_20170203T052703_20170203T052730_015115_018B6D_8504,20170110,20170203,INSAR_GAMMA,20x4,True,True,False,False,False,False,0.6,S1AA_20170110T052704_20170203T052703_VVP024_INT80_G_ueF_7568.zip,208.68,20170110_20170203,
3d0a04e3-a4f3-4810-b224-377f9e140160,aoi_3_bologna,SUCCEEDED,2025-07-15 11:21:22+00:00,10,S1A_IW_SLC__1SDV_20211004T052749_20211004T052816_039965_04BAE4_3486,S1A_IW_SLC__1SDV_20211016T052749_20211016T052816_040140_04C0F0_6664,20211004,20211016,INSAR_GAMMA,20x4,True,True,False,False,False,False,0.6,S1AA_20211004T052749_20211016T052749_VVP012_INT80_G_ueF_352A.zip,207.31,20211004_20211016,
590fd5db-b2e6-4517-8738-9260dc8b0360,aoi_3_bologna,SUCCEEDED,2025-07-15 11:21:21+00:00,10,S1A_IW_SLC__1SDV_20250528T052749_20250528T052816_059390_075F2B_7C91,S1A_IW_SLC__1SDV_20250621T052748_20250621T052815_059740_076B2D_5242,20250528,20250621,INSAR_GAMMA,20x4,True,True,False,False,False,False,0.6,S1AA_20250528T052749_20250621T052748_VVP024_INT80_G_ueF_5E27.zip,209.02,20250528_20250621,
b9619c3b-d9bd-405f-b993-a2cf13fde684,aoi_3_bologna,SUCCEEDED,2025-07-15 11:21:20+00:00,10,S1C_IW_SLC__1SDV_20250522T052648_20250522T052715_002439_0051B0_6A61,S1C_IW_SLC__1SDV_20250603T052649_20250603T052716_002614_0056AB_FBD0,20250522,20250603,INSAR_GAMMA,20x4,True,True,False,False,False,False,0.6,S1CC_20250522T052648_20250603T052649_VVP012_INT80_G_ueF_5B87.zip,207.62,20250522_20250603,
a7d17952-e4b8-47f8-a80a-c101bb702a30,aoi_3_bologna,SUCCEEDED,2025-07-15 11:21:19+00:00,10,S1A_IW_SLC__1SDV_20240614T052756_20240614T052823_054315_069B7A_62E6,S1A_IW_SLC__1SDV_20240708T052755_20240708T052822_054665_06A7A7_47A9,20240614,20240708,INSAR_GAMMA,20x4,True,True,False,False,False,False,0.6,S1AA_20240614T052756_20240708T052755_VVP024_INT80_G_ueF_ED54.zip,209.18,20240614_20240708,
54bd89dc-84c1-42a7-8680-be4d2bfe600a,aoi_3_bologna,SUCCEEDED,2025-07-15 11:21:17+00:00,10,S1B_IW_SLC__1SDV_20190810T052656_20190810T052722_017519_020F28_AE33,S1A_IW_SLC__1SDV_20190828T052735_20190828T052802_028765_0341F8_5329,20190810,20190828,INSAR_GAMMA,20x4,True,True,False,False,False,False,0.6,S1BA_20190810T052656_20190828T052735_VVP018_INT80_G_ueF_9275.zip,187.28,20190810_20190828,
4876c217-afd0-4571-b583-5ba303917870,aoi_3_bologna,SUCCEEDED,2025-07-15 11:21:16+00:00,10,S1A_IW_SLC__1SDV_20240322T052756_20240322T052823_053090_066E23_CB50,S1A_IW_SLC__1SDV_20240403T052757_20240403T052824_053265_0674B9_97E5,20240322,20240403,INSAR_GAMMA,20x4,True,True,False,False,False,False,0.6,S1AA_20240322T052756_20240403T052757_VVP012_INT80_G_ueF_A800.zip,207.52,20240322_20240403,
79680853-8763-428f-943b-5d1194527583,aoi_3_bologna,SUCCEEDED,2025-07-15 11:21:15+00:00,10,S1B_IW_SLC__1SDV_20200101T052653_20200101T052721_019619_025146_CC04,S1B_IW_SLC__1SDV_20200125T052652_20200125T052720_019969_025C63_A3FE,20200101,20200125,INSAR_GAMMA,20x4,True,True,False,False,False,False,0.6,S1BB_20200101T052653_20200125T052652_VVP024_INT80_G_ueF_AC9F.zip,212.49,20200101_20200125,
ac590c6b-e70b-414a-ade4-6e1d4c06083a,aoi_3_bologna,SUCCEEDED,2025-07-15 11:21:14+00:00,10,S1A_IW_SLC__1SDV_20250609T052748_20250609T052815_059565_076523_2F2F,S1C_IW_SLC__1SDV_20250615T052650_20250615T052717_002789_005BB9_453C,20250609,20250615,INSAR_GAMMA,20x4,True,True,False,False,False,False,0.6,S1AC_20250609T052748_20250615T052650_VVP006_INT80_G_ueF_8611.zip,126.39,20250609_20250615,
77b5ed67-dd16-445d-9549-8568b4ad1681,aoi_3_bologna,SUCCEEDED,2025-07-15 11:21:12+00:00,10,S1A_IW_SLC__1SDV_20190711T052732_20190711T052759_028065_032B64_EB78,S1B_IW_SLC__1SDV_20190717T052654_20190717T052721_017169_0204BF_30D7,20190711,20190717,INSAR_GAMMA,20x4,True,True,False,False,False,False,0.6,S1AB_20190711T052732_20190717T052654_VVP006_INT80_G_ueF_4499.zip,186.5,20190711_20190717,
f4afb002-c69b-47d2-9888-bf373e3de8c9,aoi_3_bologna,SUCCEEDED,2025-07-15 11:21:11+00:00,10,S1A_IW_SLC__1SDV_20170416T052704_20170416T052731_016165_01AB5A_CF0A,S1A_IW_SLC__1SDV_20170428T052705_20170428T052732_016340_01B0AA_3663,20170416,20170428,INSAR_GAMMA,20x4,True,True,False,False,False,False,0.6,S1AA_20170416T052704_20170428T052705_VVP012_INT80_G_ueF_F40E.zip,208.93,20170416_20170428,
f512f200-7411-4ad4-99cc-43eb427738bb,aoi_3_bologna,SUCCEEDED,2025-07-15 11:21:10+00:00,10,S1A_IW_SLC__1SDV_20241211T052754_20241211T052821_056940_06FE85_C7DA,S1A_IW_SLC__1SDV_20250104T052751_20250104T052818_057290_070C6E_F0DC,20241211,20250104,INSAR_GAMMA,20x4,True,True,False,False,False,False,0.6,S1AA_20241211T052754_20250104T052751_VVP024_INT80_G_ueF_CEA4.zip,206.86,20241211_20250104,
6e8e2f89-0abf-4f74-bf58-519b4966dd3b,aoi_3_bologna,SUCCEEDED,2025-07-15 11:21:09+00:00,10,S1B_IW_SLC__1SDV_20190118T052633_20190118T052701_014544_01B17A_6797,S1A_IW_SLC__1SDV_20190124T052728_20190124T052755_025615_02D7ED_F0A7,20190118,20190124,INSAR_GAMMA,20x4,True,True,False,False,False,False,0.6,S1BA_20190118T052633_20190124T052728_VVP006_INT80_G_ueF_8FE4.zip,112.24,20190118_20190124,
1d7f96e4-3a0e-4a7b-aa44-64d9927cbf2f,aoi_3_bologna,SUCCEEDED,2025-07-15 11:21:07+00:00,10,S1A_IW_SLC__1SDV_20181113T052730_20181113T052757_024565_02B24A_6AD5,S1A_IW_SLC__1SDV_20181125T052730_20181125T052757_024740_02B8BA_8B12,20181113,20181125,INSAR_GAMMA,20x4,True,True,False,False,False,False,0.6,S1AA_20181113T052730_20181125T052730_VVP012_INT80_G_ueF_6E9F.zip,205.15,20181113_20181125,
64f26ffa-564f-4a1d-bef4-332d8fd62ad9,aoi_3_bologna,SUCCEEDED,2025-07-15 11:21:06+00:00,10,S1A_IW_SLC__1SDV_20200927T052743_20200927T052810_034540_040528_FA21,S1A_IW_SLC__1SDV_20201021T052743_20201021T052810_034890_041162_AF7D,20200927,20201021,INSAR_GAMMA,20x4,True,True,False,False,False,False,0.6,S1AA_20200927T052743_20201021T052743_VVP024_INT80_G_ueF_0A04.zip,207.26,20200927_20201021,
04b236ac-c58f-4a82-bdfa-2523adce06f8,aoi_3_bologna,SUCCEEDED,2025-07-15 11:21:05+00:00,10,S1B_IW_SLC__1SDV_20210131T052648_20210131T052715_025394_030647_1EED,S1B_IW_SLC__1SDV_20210212T052700_20210212T052728_025569_030C04_1B7F,20210131,20210212,INSAR_GAMMA,20x4,True,True,False,False,False,False,0.6,S1BB_20210131T052648_20210212T052700_VVP012_INT80_G_ueF_2B0E.zip,118.76,20210131_20210212,
e70a545e-e171-4500-a105-d91961781950,aoi_3_bologna,SUCCEEDED,2025-07-15 11:21:04+00:00,10,S1A_IW_SLC__1SDV_20211109T052749_20211109T052816_040490_04CD29_8A6F,S1A_IW_SLC__1SDV_20211121T052749_20211121T052816_040665_04D32B_16C9,20211109,20211121,INSAR_GAMMA,20x4,True,True,False,False,False,False,0.6,S1AA_20211109T052749_20211121T052749_VVP012_INT80_G_ueF_2F79.zip,207.69,20211109_20211121,
1f375899-c61e-4830-9bf2-fb2bbb07408a,aoi_3_bologna,SUCCEEDED,2025-07-15 11:21:02+00:00,10,S1B_IW_SLC__1SDV_20190506T052633_20190506T052701_016119_01E53A_17A0,S1B_IW_SLC__1SDV_20190518T052634_20190518T052702_016294_01EAAB_FD01,20190506,20190518,INSAR_GAMMA,20x4,True,True,False,False,False,False,0.6,S1BB_20190506T052633_20190518T052634_VVP012_INT80_G_ueF_58AB.zip,215.75,20190506_20190518,
602cb2f4-9b74-4204-b9c1-d163fa529a04,aoi_3_bologna,SUCCEEDED,2025-07-15 11:21:01+00:00,10,S1A_IW_SLC__1SDV_20240614T052756_20240614T052823_054315_069B7A_62E6,S1A_IW_SLC__1SDV_20240626T052756_20240626T052823_054490_06A192_EDDB,20240614,20240626,INSAR_GAMMA,20x4,True,True,False,False,False,False,0.6,S1AA_20240614T052756_20240626T052756_VVP012_INT80_G_ueF_B1EF.zip,208.44,20240614_20240626,
5718c9da-1e80-4812-a843-c1e0008f4881,aoi_3_bologna,SUCCEEDED,2025-07-15 11:21:00+00:00,10,S1B_IW_SLC__1SDV_20190530T052651_20190530T052718_016469_01F003_ECE1,S1B_IW_SLC__1SDV_20190611T052654_20190611T052721_016644_01F53A_8203,20190530,20190611,INSAR_GAMMA,20x4,True,True,False,False,False,False,0.6,S1BB_20190530T052651_20190611T052654_VVP012_INT80_G_ueF_90FB.zip,194.4,20190530_20190611,
aa505328-fbcc-4ab6-b68a-4ada2ae37211,aoi_3_bologna,SUCCEEDED,2025-07-15 11:20:59+00:00,10,S1B_IW_SLC__1SDV_20210916T052709_20210916T052736_028719_036D65_946D,S1A_IW_SLC__1SDV_20210922T052749_20210922T052816_039790_04B4CC_9EFE,20210916,20210922,INSAR_GAMMA,20x4,True,True,False,False,False,False,0.6,S1BA_20210916T052709_20210922T052749_VVP006_INT80_G_ueF_34B3.zip,186.45,20210916_20210922,
cf312f27-dec4-40c2-9c3d-118e731392fe,aoi_3_bologna,SUCCEEDED,2025-07-15 11:20:58+00:00,10,S1B_IW_SLC__1SDV_20180216T052625_20180216T052653_009644_01163F_F38B,S1A_IW_SLC__1SDV_20180222T052721_20180222T052748_020715_0237D7_6CFE,20180216,20180222,INSAR_GAMMA,20x4,True,True,False,False,False,False,0.6,S1BA_20180216T052625_20180222T052721_VVP006_INT80_G_ueF_3719.zip,111.83,20180216_20180222,
64fc200f-9955-4bb4-be59-4a78e773ac73,aoi_3_bologna,SUCCEEDED,2025-07-15 11:20:57+00:00,10,S1B_IW_SLC__1SDV_20210212T052700_20210212T052728_025569_030C04_1B7F,S1B_IW_SLC__1SDV_20210224T052659_20210224T052727_025744_0311BA_395D,20210212,20210224,INSAR_GAMMA,20x4,True,True,False,False,False,False,0.6,S1BB_20210212T052700_20210224T052659_VVP012_INT80_G_ueF_2F93.zip,210.7,20210212_20210224,
a0f638ab-906f-4ad5-96a9-39d3648bf458,aoi_3_bologna,SUCCEEDED,2025-07-15 11:20:56+00:00,10,S1A_IW_SLC__1SDV_20250116T052750_20250116T052817_057465_071357_3DA9,S1A_IW_SLC__1SDV_20250128T052750_20250128T052817_057640_071A53_5C66,20250116,20250128,INSAR_GAMMA,20x4,True,True,False,False,False,False,0.6,S1AA_20250116T052750_20250128T052750_VVP012_INT80_G_ueF_6877.zip,208.13,20250116_20250128,
330f88b4-e6e8-4831-b2d2-1a682041ef8d,aoi_3_bologna,SUCCEEDED,2025-07-15 11:20:55+00:00,10,S1A_IW_SLC__1SDV_20241117T052756_20241117T052823_056590_06F0B1_44C3,S1A_IW_SLC__1SDV_20241129T052755_20241129T052822_056765_06F7AD_4280,20241117,20241129,INSAR_GAMMA,20x4,True,True,False,False,False,False,0.6,S1AA_20241117T052756_20241129T052755_VVP012_INT80_G_ueF_BDBE.zip,207.35,20241117_20241129,
bde4aa40-7424-4a15-9a3b-6095af5cdc30,aoi_3_bologna,SUCCEEDED,2025-07-15 11:20:54+00:00,10,S1A_IW_SLC__1SDV_20190816T052735_20190816T052802_028590_033BDA_5B30,S1B_IW_SLC__1SDV_20190822T052656_20190822T052723_017694_02149F_2D88,20190816,20190822,INSAR_GAMMA,20x4,True,True,False,False,False,False,0.6,S1AB_20190816T052735_20190822T052656_VVP006_INT80_G_ueF_E6A7.zip,187.03,20190816_20190822,
54ceb7a5-d037-4e21-b1db-bcefdba967f5,aoi_3_bologna,SUCCEEDED,2025-07-15 11:20:53+00:00,10,S1B_IW_SLC__1SDV_20171007T052650_20171007T052717_007719_00DA22_EDAB,S1B_IW_SLC__1SDV_20171031T052650_20171031T052717_008069_00E421_5C2B,20171007,20171031,INSAR_GAMMA,20x4,True,True,False,False,False,False,0.6,S1BB_20171007T052650_20171031T052650_VVP024_INT80_G_ueF_2968.zip,206.14,20171007_20171031,
374d8a46-06bb-403b-9207-f396fb2098bc,aoi_3_bologna,SUCCEEDED,2025-07-15 11:20:51+00:00,10,S1A_IW_SLC__1SDV_20201021T052743_20201021T052810_034890_041162_AF7D,S1B_IW_SLC__1SDV_20201027T052704_20201027T052731_023994_02D9B8_3011,20201021,20201027,INSAR_GAMMA,20x4,True,True,False,False,False,False,0.6,S1AB_20201021T052743_20201027T052704_VVP006_INT80_G_ueF_E20A.zip,186.52,20201021_20201027,
89dc82bb-d999-427b-baa1-05e7a6579688,aoi_3_bologna,SUCCEEDED,2025-07-15 11:20:50+00:00,10,S1A_IW_SLC__1SDV_20220213T052745_20220213T052812_041890_04FCC8_2C51,S1A_IW_SLC__1SDV_20220225T052745_20220225T052812_042065_0502D5_ECDA,20220213,20220225,INSAR_GAMMA,20x4,True,True,False,False,False,False,0.6,S1AA_20220213T052745_20220225T052745_VVP012_INT80_G_ueF_2993.zip,205.85,20220213_20220225,
2286f248-3036-4cb8-b194-1cdc3dec5641,aoi_3_bologna,SUCCEEDED,2025-07-15 11:20:50+00:00,10,S1A_IW_SLC__1SDV_20180423T052722_20180423T052749_021590_025363_B564,S1B_IW_SLC__1SDV_20180511T052627_20180511T052655_010869_013E1D_DAA5,20180423,20180511,INSAR_GAMMA,20x4,True,True,False,False,False,False,0.6,S1AB_20180423T052722_20180511T052627_VVP018_INT80_G_ueF_84D2.zip,115.56,20180423_20180511,
6e4ff710-9a48-4c72-9e3f-6383f3d8c614,aoi_3_bologna,SUCCEEDED,2025-07-15 11:20:49+00:00,10,S1A_IW_SLC__1SDV_20211016T052749_20211016T052816_040140_04C0F0_6664,S1B_IW_SLC__1SDV_20211103T052710_20211103T052737_029419_0382D5_1A28,20211016,20211103,INSAR_GAMMA,20x4,True,True,False,False,False,False,0.6,S1AB_20211016T052749_20211103T052710_VVP018_INT80_G_ueF_0DF3.zip,187.43,20211016_20211103,
2aa8d4db-39e0-4d79-bf34-2690d022044f,aoi_3_bologna,SUCCEEDED,2025-07-15 11:20:47+00:00,10,S1B_IW_SLC__1SDV_20200406T052652_20200406T052720_021019_027DF4_AB54,S1A_IW_SLC__1SDV_20200424T052735_20200424T052802_032265_03BB90_D577,20200406,20200424,INSAR_GAMMA,20x4,True,True,False,False,False,False,0.6,S1BA_20200406T052652_20200424T052735_VVP018_INT80_G_ueF_6735.zip,205.63,20200406_20200424,
92cac4ca-d227-43f6-a24e-b40585149821,aoi_3_bologna,SUCCEEDED,2025-07-15 11:20:46+00:00,10,S1A_IW_SLC__1SDV_20210206T052742_20210206T052810_036465_0447F6_596F,S1A_IW_SLC__1SDV_20210302T052739_20210302T052806_036815_045422_DB18,20210206,20210302,INSAR_GAMMA,20x4,True,True,False,False,False,False,0.6,S1AA_20210206T052742_20210302T052739_VVP024_INT80_G_ueF_6045.zip,192.53,20210206_20210302,
4e70c3d3-ed4e-4e90-878e-48a6e6a7c28f,aoi_3_bologna,SUCCEEDED,2025-07-15 11:20:45+00:00,10,S1A_IW_SLC__1SDV_20221116T052754_20221116T052821_045915_057E6A_4613,S1A_IW_SLC__1SDV_20221128T052754_20221128T052821_046090_058452_126C,20221116,20221128,INSAR_GAMMA,20x4,True,True,False,False,False,False,0.6,S1AA_20221116T052754_20221128T052754_VVP012_INT80_G_ueF_8AC5.zip,207.56,20221116_20221128,
6018b80a-e495-4d18-ad1d-6f319c747a22,aoi_3_bologna,SUCCEEDED,2025-07-15 11:20:45+00:00,10,S1A_IW_SLC__1SDV_20180222T052721_20180222T052748_020715_0237D7_6CFE,S1A_IW_SLC__1SDV_20180318T052721_20180318T052748_021065_0242E8_980B,20180222,20180318,INSAR_GAMMA,20x4,True,True,False,False,False,False,0.6,S1AA_20180222T052721_20180318T052721_VVP024_INT80_G_ueF_599F.zip,208.17,20180222_20180318,
fc1161eb-3f3b-4be0-86bb-9aab6e92457c,aoi_3_bologna,SUCCEEDED,2025-07-15 11:20:44+00:00,10,S1B_IW_SLC__1SDV_20180722T052646_20180722T052713_011919_015F08_7539,S1B_IW_SLC__1SDV_20180803T052646_20180803T052713_012094_01644D_5E68,20180722,20180803,INSAR_GAMMA,20x4,True,True,False,False,False,False,0.6,S1BB_20180722T052646_20180803T052646_VVP012_INT80_G_ueF_4560.zip,206.57,20180722_20180803,
3748312d-0e24-49ea-a473-7f4ff2fda936,aoi_3_bologna,SUCCEEDED,2025-07-15 11:20:42+00:00,10,S1A_IW_SLC__1SDV_20170203T052703_20170203T052730_015115_018B6D_8504,S1B_IW_SLC__1SDV_20170221T052626_20170221T052656_004394_007A54_D883,20170203,20170221,INSAR_GAMMA,20x4,True,True,False,False,False,False,0.6,S1AB_20170203T052703_20170221T052626_VVP018_INT80_G_ueF_0FA4.zip,172.96,20170203_20170221,
3ee4560d-7d4a-426a-b4fc-f8aca19e82af,aoi_3_bologna,SUCCEEDED,2025-07-15 11:20:41+00:00,10,S1B_IW_SLC__1SDV_20200325T052652_20200325T052720_020844_02786B_7CF7,S1B_IW_SLC__1SDV_20200406T052652_20200406T052720_021019_027DF4_AB54,20200325,20200406,INSAR_GAMMA,20x4,True,True,False,False,False,False,0.6,S1BB_20200325T052652_20200406T052652_VVP012_INT80_G_ueF_9760.zip,211.47,20200325_20200406,
d8ac1046-9ec1-44e9-a667-7b11e8c80518,aoi_3_bologna,SUCCEEDED,2025-07-15 11:20:40+00:00,10,S1B_IW_SLC__1SDV_20190307T052632_20190307T052700_015244_01C85A_A3F6,S1B_IW_SLC__1SDV_20190331T052632_20190331T052700_015594_01D3BB_E08C,20190307,20190331,INSAR_GAMMA,20x4,True,True,False,False,False,False,0.6,S1BB_20190307T052632_20190331T052632_VVP024_INT80_G_ueF_9378.zip,214.32,20190307_20190331,
49801636-f6bf-404b-b257-66951941b462,aoi_3_bologna,SUCCEEDED,2025-07-15 11:20:39+00:00,10,S1A_IW_SLC__1SDV_20250422T052750_20250422T052817_058865_074BC1_EE23,S1C_IW_SLC__1SDV_20250510T052622_20250510T052649_002264_004CDC_A592,20250422,20250510,INSAR_GAMMA,20x4,True,True,False,False,False,False,0.6,S1AC_20250422T052750_20250510T052622_VVP018_INT80_G_ueF_4B9F.zip,107.6,20250422_20250510,
45ac1928-c124-4dec-aed1-44b5b3cf8e85,aoi_3_bologna,SUCCEEDED,2025-07-15 11:20:38+00:00,10,S1B_IW_SLC__1SDV_20210308T052659_20210308T052727_025919_031775_A250,S1A_IW_SLC__1SDV_20210314T052739_20210314T052806_036990_045A45_0F92,20210308,20210314,INSAR_GAMMA,20x4,True,True,False,False,False,False,0.6,S1BA_20210308T052659_20210314T052739_VVP006_INT80_G_ueF_04BE.zip,191.29,20210308_20210314,
7854584b-1045-4fb9-8444-3c5144da6260,aoi_3_bologna,SUCCEEDED,2025-07-15 11:20:37+00:00,10,S1B_IW_SLC__1SDV_20170913T052649_20170913T052716_007369_00D00E_7D46,S1B_IW_SLC__1SDV_20171007T052650_20171007T052717_007719_00DA22_EDAB,20170913,20171007,INSAR_GAMMA,20x4,True,True,False,False,False,False,0.6,S1BB_20170913T052649_20171007T052650_VVP024_INT80_G_ueF_1D20.zip,205.55,20170913_20171007,
4c11d955-5d74-44e3-8b50-1f422ebd93c9,aoi_3_bologna,SUCCEEDED,2025-07-15 11:20:36+00:00,10,S1A_IW_SLC__1SDV_20191108T052737_20191108T052804_029815_036652_DAA7,S1A_IW_SLC__1SDV_20191120T052737_20191120T052804_029990_036C61_A237,20191108,20191120,INSAR_GAMMA,20x4,True,True,False,False,False,False,0.6,S1AA_20191108T052737_20191120T052737_VVP012_INT80_G_ueF_ABE5.zip,207.26,20191108_20191120,
a01879b3-3a6e-41d1-8cb6-4548c636407c,aoi_3_bologna,SUCCEEDED,2025-07-15 11:20:35+00:00,10,S1B_IW_SLC__1SDV_20191009T052658_20191009T052725_018394_022A67_7584,S1A_IW_SLC__1SDV_20191015T052737_20191015T052804_029465_035A1F_54EB,20191009,20191015,INSAR_GAMMA,20x4,True,True,False,False,False,False,0.6,S1BA_20191009T052658_20191015T052737_VVP006_INT80_G_ueF_496E.zip,185.71,20191009_20191015,
62181f60-ab5f-4115-a252-b9b3b28d4e32,aoi_3_bologna,SUCCEEDED,2025-07-15 11:20:34+00:00,10,S1A_IW_SLC__1SDV_20220426T052746_20220426T052813_042940_05204A_A45F,S1A_IW_SLC__1SDV_20220520T052748_20220520T052815_043290_052B73_9189,20220426,20220520,INSAR_GAMMA,20x4,True,True,False,False,False,False,0.6,S1AA_20220426T052746_20220520T052748_VVP024_INT80_G_ueF_089D.zip,209.43,20220426_20220520,
83c4b4e8-0664-454a-9206-47f62597886e,aoi_3_bologna,SUCCEEDED,2025-07-15 11:20:34+00:00,10,S1A_IW_SLC__1SDV_20240509T052758_20240509T052825_053790_06895D_AB4D,S1A_IW_SLC__1SDV_20240602T052757_20240602T052824_054140_06956E_D3DA,20240509,20240602,INSAR_GAMMA,20x4,True,True,False,False,False,False,0.6,S1AA_20240509T052758_20240602T052757_VVP024_INT80_G_ueF_43D0.zip,208.82,20240509_20240602,
bd852e4d-b63a-46ea-9dc3-44ee7afac343,aoi_3_bologna,SUCCEEDED,2025-07-15 11:20:33+00:00,10,S1B_IW_SLC__1SDV_20191126T052655_20191126T052723_019094_02408F_E307,S1A_IW_SLC__1SDV_20191214T052736_20191214T052803_030340_03787B_41FA,20191126,20191214,INSAR_GAMMA,20x4,True,True,False,False,False,False,0.6,S1BA_20191126T052655_20191214T052736_VVP018_INT80_G_ueF_2799.zip,206.08,20191126_20191214,
0651fe7d-5f10-451f-8aa6-b319acf1df56,aoi_3_bologna,SUCCEEDED,2025-07-15 11:20:31+00:00,10,S1B_IW_SLC__1SDV_20181026T052649_20181026T052716_013319_018A02_6B1E,S1B_IW_SLC__1SDV_20181119T052651_20181119T052718_013669_019505_C2E0,20181026,20181119,INSAR_GAMMA,20x4,True,True,False,False,False,False,0.6,S1BB_20181026T052649_20181119T052651_VVP024_INT80_G_ueF_6291.zip,186.73,20181026_20181119,
2a91568e-e7e7-4029-8ec4-4661d029a2e1,aoi_3_bologna,SUCCEEDED,2025-07-15 11:20:30+00:00,10,S1A_IW_SLC__1SDV_20240227T052756_20240227T052823_052740_0661B3_D2A7,S1A_IW_SLC__1SDV_20240310T052756_20240310T052823_052915_0667A2_4638,20240227,20240310,INSAR_GAMMA,20x4,True,True,False,False,False,False,0.6,S1AA_20240227T052756_20240310T052756_VVP012_INT80_G_ueF_ADC1.zip,208.56,20240227_20240310,
4c0e3ba1-77f4-4749-a4b1-64f672b96c4e,aoi_3_bologna,SUCCEEDED,2025-07-15 11:20:29+00:00,10,S1A_IW_SLC__1SDV_20210218T052739_20210218T052806_036640_044E13_C75B,S1B_IW_SLC__1SDV_20210224T052659_20210224T052727_025744_0311BA_395D,20210218,20210224,INSAR_GAMMA,20x4,True,True,False,False,False,False,0.6,S1AB_20210218T052739_20210224T052659_VVP006_INT80_G_ueF_FDDB.zip,192.57,20210218_20210224,
94cab4a0-4193-4eae-b019-2b0fa4739dda,aoi_3_bologna,SUCCEEDED,2025-07-15 11:20:28+00:00,10,S1A_IW_SLC__1SDV_20220108T052746_20220108T052813_041365_04EB00_C211,S1A_IW_SLC__1SDV_20220120T052746_20220120T052813_041540_04F0B2_0E27,20220108,20220120,INSAR_GAMMA,20x4,True,True,False,False,False,False,0.6,S1AA_20220108T052746_20220120T052746_VVP012_INT80_G_ueF_9FD3.zip,208.04,20220108_20220120,
386b5f9b-b657-4af6-a2b6-518c9bc03d0b,aoi_3_bologna,SUCCEEDED,2025-07-15 11:20:27+00:00,10,S1A_IW_SLC__1SDV_20190406T052728_20190406T052755_026665_02FE08_6CC6,S1A_IW_SLC__1SDV_20190430T052729_20190430T052756_027015_030ABC_7509,20190406,20190430,INSAR_GAMMA,20x4,True,True,False,False,False,False,0.6,S1AA_20190406T052728_20190430T052729_VVP024_INT80_G_ueF_7CEC.zip,206.8,20190406_20190430,
83c01818-5d8d-4ad0-966c-0bf8e148d387,aoi_3_bologna,SUCCEEDED,2025-07-15 11:20:26+00:00,10,S1A_IW_SLC__1SDV_20241117T052756_20241117T052823_056590_06F0B1_44C3,S1A_IW_SLC__1SDV_20241211T052754_20241211T052821_056940_06FE85_C7DA,20241117,20241211,INSAR_GAMMA,20x4,True,True,False,False,False,False,0.6,S1AA_20241117T052756_20241211T052754_VVP024_INT80_G_ueF_D76D.zip,207.59,20241117_20241211,
58e648d2-98d6-4658-acbe-d5e7a05c418f,aoi_3_bologna,SUCCEEDED,2025-07-15 11:20:25+00:00,10,S1A_IW_SLC__1SDV_20210513T052742_20210513T052809_037865_047810_42D3,S1A_IW_SLC__1SDV_20210606T052743_20210606T052810_038215_04828D_F1C8,20210513,20210606,INSAR_GAMMA,20x4,True,True,False,False,False,False,0.6,S1AA_20210513T052742_20210606T052743_VVP024_INT80_G_ueF_6D53.zip,209.1,20210513_20210606,
0cd87ad2-28fb-4b85-b91b-cddfd4ece900,aoi_3_bologna,SUCCEEDED,2025-07-15 11:20:24+00:00,10,S1B_IW_SLC__1SDV_20180722T052646_20180722T052713_011919_015F08_7539,S1B_IW_SLC__1SDV_20180815T052647_20180815T052714_012269_0169B5_C097,20180722,20180815,INSAR_GAMMA,20x4,True,True,False,False,False,False,0.6,S1BB_20180722T052646_20180815T052647_VVP024_INT80_G_ueF_C2A3.zip,207.3,20180722_20180815,
9544f0f1-7fa3-47d6-ae0d-b0461c0b3560,aoi_3_bologna,SUCCEEDED,2025-07-15 11:20:23+00:00,10,S1A_IW_SLC__1SDV_20200506T052735_20200506T052802_032440_03C1BA_22D3,S1A_IW_SLC__1SDV_20200518T052736_20200518T052803_032615_03C710_982B,20200506,20200518,INSAR_GAMMA,20x4,True,True,False,False,False,False,0.6,S1AA_20200506T052735_20200518T052736_VVP012_INT80_G_ueF_6D60.zip,208.03,20200506_20200518,
a0e9e825-1ea8-47b5-b1e5-248fd90e1750,aoi_3_bologna,SUCCEEDED,2025-07-15 11:20:21+00:00,10,S1B_IW_SLC__1SDV_20170410T052619_20170410T052647_005094_008E9F_187B,S1B_IW_SLC__1SDV_20170504T052621_20170504T052648_005444_0098B2_F1F0,20170410,20170504,INSAR_GAMMA,20x4,True,True,False,False,False,False,0.6,S1BB_20170410T052619_20170504T052621_VVP024_INT80_G_ueF_7EB7.zip,215.87,20170410_20170504,
f5e5c17b-fc23-4bdb-97fe-bac3ea50b1d9,aoi_3_bologna,SUCCEEDED,2025-07-15 11:20:20+00:00,10,S1B_IW_SLC__1SDV_20190331T052632_20190331T052700_015594_01D3BB_E08C,S1A_IW_SLC__1SDV_20190406T052728_20190406T052755_026665_02FE08_6CC6,20190331,20190406,INSAR_GAMMA,20x4,True,True,False,False,False,False,0.6,S1BA_20190331T052632_20190406T052728_VVP006_INT80_G_ueF_5098.zip,112.33,20190331_20190406,
3344b833-4181-44ab-96e9-eb6e0a38511b,aoi_3_bologna,SUCCEEDED,2025-07-15 11:20:19+00:00,10,S1B_IW_SLC__1SDV_20200430T052700_20200430T052727_021369_028901_0728,S1A_IW_SLC__1SDV_20200506T052735_20200506T052802_032440_03C1BA_22D3,20200430,20200506,INSAR_GAMMA,20x4,True,True,False,False,False,False,0.6,S1BA_20200430T052700_20200506T052735_VVP006_INT80_G_ueF_AC17.zip,158.25,20200430_20200506,
78f3972c-8879-4e16-8edd-ed8ff7a45227,aoi_3_bologna,SUCCEEDED,2025-07-15 11:20:16+00:00,10,S1A_IW_SLC__1SDV_20190313T052727_20190313T052754_026315_02F11A_9B61,S1B_IW_SLC__1SDV_20190331T052632_20190331T052700_015594_01D3BB_E08C,20190313,20190331,INSAR_GAMMA,20x4,True,True,False,False,False,False,0.6,S1AB_20190313T052727_20190331T052632_VVP018_INT80_G_ueF_465B.zip,113.62,20190313_20190331,
163c90ba-8b46-4616-bcff-89d6928dea0b,aoi_3_bologna,SUCCEEDED,2025-07-15 11:20:14+00:00,10,S1B_IW_SLC__1SDV_20210916T052709_20210916T052736_028719_036D65_946D,S1A_IW_SLC__1SDV_20211004T052749_20211004T052816_039965_04BAE4_3486,20210916,20211004,INSAR_GAMMA,20x4,True,True,False,False,False,False,0.6,S1BA_20210916T052709_20211004T052749_VVP018_INT80_G_ueF_7BE2.zip,187.97,20210916_20211004,
c648fd7d-dc5e-49f1-af98-48742d0ebf23,aoi_3_bologna,SUCCEEDED,2025-07-15 11:20:13+00:00,10,S1A_IW_SLC__1SDV_20170603T052718_20170603T052745_016865_01C0C1_9BC4,S1B_IW_SLC__1SDV_20170621T052645_20170621T052712_006144_00ACB6_D4C6,20170603,20170621,INSAR_GAMMA,20x4,True,True,False,False,False,False,0.6,S1AB_20170603T052718_20170621T052645_VVP018_INT80_G_ueF_C6A8.zip,147.23,20170603_20170621,
80ed981f-162b-480e-8266-ff58f0635fb7,aoi_3_bologna,SUCCEEDED,2025-07-15 11:20:12+00:00,10,S1A_IW_SLC__1SDV_20170907T052723_20170907T052750_018265_01EB5E_D8F0,S1B_IW_SLC__1SDV_20170925T052650_20170925T052717_007544_00D51A_3D7B,20170907,20170925,INSAR_GAMMA,20x4,True,True,False,False,False,False,0.6,S1AB_20170907T052723_20170925T052650_VVP018_INT80_G_ueF_AC47.zip,146.01,20170907_20170925,
898e1bd7-ee44-45b5-a401-930473f57476,aoi_3_bologna,SUCCEEDED,2025-07-15 11:20:11+00:00,10,S1B_IW_SLC__1SDV_20180216T052625_20180216T052653_009644_01163F_F38B,S1B_IW_SLC__1SDV_20180312T052625_20180312T052653_009994_0121E9_7C6D,20180216,20180312,INSAR_GAMMA,20x4,True,True,False,False,False,False,0.6,S1BB_20180216T052625_20180312T052625_VVP024_INT80_G_ueF_EDBE.zip,213.72,20180216_20180312,
1e6de249-d3c0-45d1-8592-d7a7ad008bc3,aoi_3_bologna,SUCCEEDED,2025-07-15 11:20:10+00:00,10,S1A_IW_SLC__1SDV_20170814T052722_20170814T052749_017915_01E0C1_5791,S1A_IW_SLC__1SDV_20170907T052723_20170907T052750_018265_01EB5E_D8F0,20170814,20170907,INSAR_GAMMA,20x4,True,True,False,False,False,False,0.6,S1AA_20170814T052722_20170907T052723_VVP024_INT80_G_ueF_089E.zip,208.02,20170814_20170907,
1c517a27-b560-4a58-b9b3-1f2081ea709c,aoi_3_bologna,SUCCEEDED,2025-07-15 11:20:08+00:00,10,S1B_IW_SLC__1SDV_20170925T052650_20170925T052717_007544_00D51A_3D7B,S1B_IW_SLC__1SDV_20171007T052650_20171007T052717_007719_00DA22_EDAB,20170925,20171007,INSAR_GAMMA,20x4,True,True,False,False,False,False,0.6,S1BB_20170925T052650_20171007T052650_VVP012_INT80_G_ueF_E767.zip,205.12,20170925_20171007,
83ca43c3-68b6-4ae9-a3a4-2294d98ae916,aoi_3_bologna,SUCCEEDED,2025-07-15 11:20:03+00:00,10,S1A_IW_SLC__1SDV_20221128T052754_20221128T052821_046090_058452_126C,S1A_IW_SLC__1SDV_20221222T052753_20221222T052820_046440_059046_DE19,20221128,20221222,INSAR_GAMMA,20x4,True,True,False,False,False,False,0.6,S1AA_20221128T052754_20221222T052753_VVP024_INT80_G_ueF_6D7C.zip,207.8,20221128_20221222,
750f3ab4-37b5-4fd8-9191-683d0e78691a,aoi_3_bologna,SUCCEEDED,2025-07-15 11:19:59+00:00,10,S1A_IW_SLC__1SDV_20190325T052728_20190325T052755_026490_02F791_061C,S1A_IW_SLC__1SDV_20190406T052728_20190406T052755_026665_02FE08_6CC6,20190325,20190406,INSAR_GAMMA,20x4,True,True,False,False,False,False,0.6,S1AA_20190325T052728_20190406T052728_VVP012_INT80_G_ueF_7BCB.zip,206.67,20190325_20190406,
6cdc0de0-90c3-4171-8b12-5d497f32b9ed,aoi_3_bologna,SUCCEEDED,2025-07-15 11:19:58+00:00,10,S1B_IW_SLC__1SDV_20200605T052658_20200605T052725_021894_0298D7_EB1B,S1B_IW_SLC__1SDV_20200629T052659_20200629T052726_022244_02A37D_A349,20200605,20200629,INSAR_GAMMA,20x4,True,True,False,False,False,False,0.6,S1BB_20200605T052658_20200629T052659_VVP024_INT80_G_ueF_36AE.zip,206.67,20200605_20200629,
a7a31075-b194-4db7-bf9f-779a541f0c78,aoi_3_bologna,SUCCEEDED,2025-07-15 11:19:57+00:00,10,S1B_IW_SLC__1SDV_20181014T052649_20181014T052716_013144_018497_7619,S1B_IW_SLC__1SDV_20181026T052649_20181026T052716_013319_018A02_6B1E,20181014,20181026,INSAR_GAMMA,20x4,True,True,False,False,False,False,0.6,S1BB_20181014T052649_20181026T052649_VVP012_INT80_G_ueF_7A7A.zip,207.06,20181014_20181026,
72294336-fce7-4d3a-8419-64127ce20ee3,aoi_3_bologna,SUCCEEDED,2025-07-15 11:19:56+00:00,10,S1B_IW_SLC__1SDV_20190530T052651_20190530T052718_016469_01F003_ECE1,S1A_IW_SLC__1SDV_20190617T052731_20190617T052758_027715_0320DB_11E5,20190530,20190617,INSAR_GAMMA,20x4,True,True,False,False,False,False,0.6,S1BA_20190530T052651_20190617T052731_VVP018_INT80_G_ueF_5E79.zip,187.75,20190530_20190617,
69f3282a-1147-473e-98ae-c845d9898401,aoi_3_bologna,SUCCEEDED,2025-07-15 11:19:55+00:00,10,S1B_IW_SLC__1SDV_20181107T052651_20181107T052718_013494_018F83_3656,S1B_IW_SLC__1SDV_20181201T052634_20181201T052702_013844_019AA0_551A,20181107,20181201,INSAR_GAMMA,20x4,True,True,False,False,False,False,0.6,S1BB_20181107T052651_20181201T052634_VVP024_INT80_G_ueF_4C6C.zip,93.59,20181107_20181201,
a84864a0-e664-46fe-a337-55429b540cb8,aoi_3_bologna,SUCCEEDED,2025-07-15 11:19:54+00:00,10,S1A_IW_SLC__1SDV_20200131T052734_20200131T052801_031040_0390D4_29FD,S1B_IW_SLC__1SDV_20200206T052652_20200206T052720_020144_026219_B0FF,20200131,20200206,INSAR_GAMMA,20x4,True,True,False,False,False,False,0.6,S1AB_20200131T052734_20200206T052652_VVP006_INT80_G_ueF_3663.zip,206.2,20200131_20200206,
ec1534b3-61f1-4ef0-9d96-0768f85fa140,aoi_3_bologna,SUCCEEDED,2025-07-15 11:19:53+00:00,10,S1B_IW_SLC__1SDV_20200524T052657_20200524T052724_021719_029398_A4C9,S1B_IW_SLC__1SDV_20200605T052658_20200605T052725_021894_0298D7_EB1B,20200524,20200605,INSAR_GAMMA,20x4,True,True,False,False,False,False,0.6,S1BB_20200524T052657_20200605T052658_VVP012_INT80_G_ueF_F68A.zip,208.23,20200524_20200605,
5573d801-2825-4ffd-a818-eafb745d9461,aoi_3_bologna,SUCCEEDED,2025-07-15 11:19:52+00:00,10,S1A_IW_SLC__1SDV_20210501T052741_20210501T052808_037690_04727A_4318,S1B_IW_SLC__1SDV_20210519T052650_20210519T052717_026969_0338DC_11C3,20210501,20210519,INSAR_GAMMA,20x4,True,True,False,False,False,False,0.6,S1AB_20210501T052741_20210519T052650_VVP018_INT80_G_ueF_6F06.zip,134.73,20210501_20210519,
9cb4fdf9-1216-4a2b-8b80-8ac10431907d,aoi_3_bologna,SUCCEEDED,2025-07-15 11:13:45+00:00,10,S1A_IW_SLC__1SDV_20210630T052744_20210630T052811_038565_048CFD_FB70,S1A_IW_SLC__1SDV_20210724T052746_20210724T052813_038915_049781_33FF,20210630,20210724,INSAR_GAMMA,20x4,True,True,False,False,False,False,0.6,S1AA_20210630T052744_20210724T052746_VVP024_INT80_G_ueF_C7C8.zip,207.76,20210630_20210724,
9e754006-ec20-4335-9ceb-8c7bdfa6ea4c,aoi_3_bologna,SUCCEEDED,2025-07-15 11:13:43+00:00,10,S1A_IW_SLC__1SDV_20180821T052729_20180821T052756_023340_0289E6_9F43,S1B_IW_SLC__1SDV_20180827T052647_20180827T052714_012444_016F26_38C1,20180821,20180827,INSAR_GAMMA,20x4,True,True,False,False,False,False,0.6,S1AB_20180821T052729_20180827T052647_VVP006_INT80_G_ueF_BCA5.zip,206.46,20180821_20180827,
261bd30a-17c2-4635-96bc-f348f543a559,aoi_3_bologna,SUCCEEDED,2025-07-15 11:13:42+00:00,10,S1B_IW_SLC__1SDV_20170727T052647_20170727T052714_006669_00BBB5_B933,S1A_IW_SLC__1SDV_20170802T052721_20170802T052748_017740_01DB70_C804,20170727,20170802,INSAR_GAMMA,20x4,True,True,False,False,False,False,0.6,S1BA_20170727T052647_20170802T052721_VVP006_INT80_G_ueF_18EC.zip,145.44,20170727_20170802,
5627af75-6d4c-41b2-96bc-7260527a7786,aoi_3_bologna,SUCCEEDED,2025-07-15 11:13:41+00:00,10,S1B_IW_SLC__1SDV_20190424T052633_20190424T052701_015944_01DF5C_1C3C,S1B_IW_SLC__1SDV_20190518T052634_20190518T052702_016294_01EAAB_FD01,20190424,20190518,INSAR_GAMMA,20x4,True,True,False,False,False,False,0.6,S1BB_20190424T052633_20190518T052634_VVP024_INT80_G_ueF_C7AA.zip,216.18,20190424_20190518,
b669db2c-8402-4311-8ed9-27f9d4c5165e,aoi_3_bologna,SUCCEEDED,2025-07-15 11:13:38+00:00,10,S1A_IW_SLC__1SDV_20250516T052749_20250516T052816_059215_075912_0083,S1A_IW_SLC__1SDV_20250528T052749_20250528T052816_059390_075F2B_7C91,20250516,20250528,INSAR_GAMMA,20x4,True,True,False,False,False,False,0.6,S1AA_20250516T052749_20250528T052749_VVP012_INT80_G_ueF_90AA.zip,209.69,20250516_20250528,
4b8e442c-8028-4f4d-8c18-92348694c404,aoi_3_bologna,SUCCEEDED,2025-07-15 11:13:36+00:00,10,S1A_IW_SLC__1SDV_20211203T052748_20211203T052815_040840_04D945_ACAF,S1A_IW_SLC__1SDV_20211215T052748_20211215T052815_041015_04DF48_0FF8,20211203,20211215,INSAR_GAMMA,20x4,True,True,False,False,False,False,0.6,S1AA_20211203T052748_20211215T052748_VVP012_INT80_G_ueF_D2EE.zip,208.36,20211203_20211215,
d1332801-d9ee-47ec-b92d-fb8679b26adb,aoi_3_bologna,SUCCEEDED,2025-07-15 11:13:34+00:00,10,S1A_IW_SLC__1SDV_20230220T052751_20230220T052818_047315_05ADC6_6AC4,S1A_IW_SLC__1SDV_20230304T052751_20230304T052818_047490_05B3B1_333C,20230220,20230304,INSAR_GAMMA,20x4,True,True,False,False,False,False,0.6,S1AA_20230220T052751_20230304T052751_VVP012_INT80_G_ueF_70B6.zip,206.09,20230220_20230304,
b5055cad-2a53-4ef6-a0aa-d79f01131555,aoi_3_bologna,SUCCEEDED,2025-07-15 11:13:32+00:00,10,S1B_IW_SLC__1SDV_20170913T052649_20170913T052716_007369_00D00E_7D46,S1A_IW_SLC__1SDV_20170919T052724_20170919T052751_018440_01F0C7_981A,20170913,20170919,INSAR_GAMMA,20x4,True,True,False,False,False,False,0.6,S1BA_20170913T052649_20170919T052724_VVP006_INT80_G_ueF_9802.zip,145.27,20170913_20170919,
73f55364-19af-46d9-9024-d7dcd9b7f6d0,aoi_3_bologna,SUCCEEDED,2025-07-15 11:13:31+00:00,10,S1B_IW_SLC__1SDV_20170329T052619_20170329T052647_004919_008992_9B81,S1A_IW_SLC__1SDV_20170404T052704_20170404T052731_015990_01A5FE_0277,20170329,20170404,INSAR_GAMMA,20x4,True,True,False,False,False,False,0.6,S1BA_20170329T052619_20170404T052704_VVP006_INT80_G_ueF_B7A8.zip,192.32,20170329_20170404,
92b1f61a-ccb3-4ee7-89c7-455590da371f,aoi_3_bologna,SUCCEEDED,2025-07-15 11:13:30+00:00,10,S1A_IW_SLC__1SDV_20200224T052733_20200224T052800_031390_039CF2_FE0E,S1B_IW_SLC__1SDV_20200301T052652_20200301T052719_020494_026D59_5C7E,20200224,20200301,INSAR_GAMMA,20x4,True,True,False,False,False,False,0.6,S1AB_20200224T052733_20200301T052652_VVP006_INT80_G_ueF_131B.zip,205.92,20200224_20200301,
6e43c60a-c2ac-4f9b-83dd-efa4d2677603,aoi_3_bologna,SUCCEEDED,2025-07-15 11:13:29+00:00,10,S1A_IW_SLC__1SDV_20180423T052722_20180423T052749_021590_025363_B564,S1A_IW_SLC__1SDV_20180505T052723_20180505T052750_021765_0258EB_7AA2,20180423,20180505,INSAR_GAMMA,20x4,True,True,False,False,False,False,0.6,S1AA_20180423T052722_20180505T052723_VVP012_INT80_G_ueF_0392.zip,208.16,20180423_20180505,
4215d056-e38d-4082-808e-8b5a38cf3070,aoi_3_bologna,SUCCEEDED,2025-07-15 11:13:27+00:00,10,S1A_IW_SLC__1SDV_20171106T052724_20171106T052751_019140_020636_06A7,S1A_IW_SLC__1SDV_20171118T052724_20171118T052751_019315_020BAB_D077,20171106,20171118,INSAR_GAMMA,20x4,True,True,False,False,False,False,0.6,S1AA_20171106T052724_20171118T052724_VVP012_INT80_G_ueF_B337.zip,208.34,20171106_20171118,
96c517b1-f4ac-4e07-968f-e1ad2350f3e0,aoi_3_bologna,SUCCEEDED,2025-07-15 11:13:25+00:00,10,S1A_IW_SLC__1SDV_20231006T052800_20231006T052827_050640_0619D2_8AF2,S1A_IW_SLC__1SDV_20231030T052800_20231030T052827_050990_0625CB_9D51,20231006,20231030,INSAR_GAMMA,20x4,True,True,False,False,False,False,0.6,S1AA_20231006T052800_20231030T052800_VVP024_INT80_G_ueF_96CD.zip,208.31,20231006_20231030,
e64bdfff-6a04-4fa5-ac90-bb6f3b51422a,aoi_3_bologna,SUCCEEDED,2025-07-15 11:13:24+00:00,10,S1A_IW_SLC__1SDV_20250422T052750_20250422T052817_058865_074BC1_EE23,S1C_IW_SLC__1SDV_20250510T052647_20250510T052714_002264_004CDC_B596,20250422,20250510,INSAR_GAMMA,20x4,True,True,False,False,False,False,0.6,S1AC_20250422T052750_20250510T052647_VVP018_INT80_G_ueF_9CD8.zip,126.8,20250422_20250510,
6e00b672-9701-434d-8f18-1ace628ebcc2,aoi_3_bologna,SUCCEEDED,2025-07-15 11:13:23+00:00,10,S1B_IW_SLC__1SDV_20191102T052658_20191102T052725_018744_023546_0C18,S1A_IW_SLC__1SDV_20191120T052737_20191120T052804_029990_036C61_A237,20191102,20191120,INSAR_GAMMA,20x4,True,True,False,False,False,False,0.6,S1BA_20191102T052658_20191120T052737_VVP018_INT80_G_ueF_04AE.zip,187.18,20191102_20191120,
ae917212-022e-4b23-9f04-7b2ab2c758ce,aoi_3_bologna,SUCCEEDED,2025-07-15 11:13:22+00:00,10,S1A_IW_SLC__1SDV_20210618T052744_20210618T052811_038390_0487C0_C64E,S1A_IW_SLC__1SDV_20210712T052745_20210712T052812_038740_049246_9206,20210618,20210712,INSAR_GAMMA,20x4,True,True,False,False,False,False,0.6,S1AA_20210618T052744_20210712T052745_VVP024_INT80_G_ueF_D173.zip,208.48,20210618_20210712,
fc9bc50d-b8cb-459a-a66d-a8b20d957c24,aoi_3_bologna,SUCCEEDED,2025-07-15 11:13:21+00:00,10,S1A_IW_SLC__1SDV_20180117T052721_20180117T052748_020190_02271E_F491,S1A_IW_SLC__1SDV_20180210T052721_20180210T052748_020540_023244_7026,20180117,20180210,INSAR_GAMMA,20x4,True,True,False,False,False,False,0.6,S1AA_20180117T052721_20180210T052721_VVP024_INT80_G_ueF_8D00.zip,206.9,20180117_20180210,
1f4e9d6a-785a-4e42-9191-7feed6729066,aoi_3_bologna,SUCCEEDED,2025-07-15 11:13:20+00:00,10,S1A_IW_SLC__1SDV_20230103T052753_20230103T052819_046615_059639_4587,S1A_IW_SLC__1SDV_20230127T052752_20230127T052819_046965_05A203_59A8,20230103,20230127,INSAR_GAMMA,20x4,True,True,False,False,False,False,0.6,S1AA_20230103T052753_20230127T052752_VVP024_INT80_G_ueF_A5E1.zip,208.11,20230103_20230127,
fc690f75-4be0-4f69-941a-5ab8dca54f39,aoi_3_bologna,SUCCEEDED,2025-07-15 11:13:19+00:00,10,S1B_IW_SLC__1SDV_20210425T052649_20210425T052716_026619_032DCD_4881,S1A_IW_SLC__1SDV_20210501T052741_20210501T052808_037690_04727A_4318,20210425,20210501,INSAR_GAMMA,20x4,True,True,False,False,False,False,0.6,S1BA_20210425T052649_20210501T052741_VVP006_INT80_G_ueF_2B66.zip,132.82,20210425_20210501,
f6e6c707-0e2b-4855-a6ca-3b437dd7cc32,aoi_3_bologna,SUCCEEDED,2025-07-15 11:13:18+00:00,10,S1A_IW_SLC__1SDV_20240403T052757_20240403T052824_053265_0674B9_97E5,S1A_IW_SLC__1SDV_20240427T052757_20240427T052824_053615_06828C_0B08,20240403,20240427,INSAR_GAMMA,20x4,True,True,False,False,False,False,0.6,S1AA_20240403T052757_20240427T052757_VVP024_INT80_G_ueF_CBB1.zip,208.51,20240403_20240427,
7a128b9c-5f75-4961-9743-33d9cd8ceaed,aoi_3_bologna,SUCCEEDED,2025-07-15 11:13:17+00:00,10,S1A_IW_SLC__1SDV_20240122T052757_20240122T052824_052215_064FE6_7F94,S1A_IW_SLC__1SDV_20240203T052756_20240203T052823_052390_0655D1_FAA4,20240122,20240203,INSAR_GAMMA,20x4,True,True,False,False,False,False,0.6,S1AA_20240122T052757_20240203T052756_VVP012_INT80_G_ueF_C643.zip,206.97,20240122_20240203,
0e405de5-616c-49d9-939e-6ef0207687b3,aoi_3_bologna,SUCCEEDED,2025-07-15 11:13:15+00:00,10,S1A_IW_SLC__1SDV_20180529T052724_20180529T052751_022115_026419_F53B,S1A_IW_SLC__1SDV_20180622T052725_20180622T052752_022465_026ED9_C660,20180529,20180622,INSAR_GAMMA,20x4,True,True,False,False,False,False,0.6,S1AA_20180529T052724_20180622T052725_VVP024_INT80_G_ueF_1C32.zip,208.17,20180529_20180622,
9dcc8e5b-920c-4691-8fd8-40002cc60b30,aoi_3_bologna,SUCCEEDED,2025-07-15 11:13:13+00:00,10,S1A_IW_SLC__1SDV_20250528T052749_20250528T052816_059390_075F2B_7C91,S1A_IW_SLC__1SDV_20250609T052748_20250609T052815_059565_076523_2F2F,20250528,20250609,INSAR_GAMMA,20x4,True,True,False,False,False,False,0.6,S1AA_20250528T052749_20250609T052748_VVP012_INT80_G_ueF_3B57.zip,207.61,20250528_20250609,
1d65968e-8e2b-41c2-9bab-f8446e26eb3c,aoi_3_bologna,SUCCEEDED,2025-07-15 11:13:12+00:00,10,S1A_IW_SLC__1SDV_20200319T052734_20200319T052801_031740_03A919_5C33,S1B_IW_SLC__1SDV_20200325T052652_20200325T052720_020844_02786B_7CF7,20200319,20200325,INSAR_GAMMA,20x4,True,True,False,False,False,False,0.6,S1AB_20200319T052734_20200325T052652_VVP006_INT80_G_ueF_6E19.zip,205.49,20200319_20200325,
73dfad03-fdb5-443c-b1bb-0f01bf82e6ea,aoi_3_bologna,SUCCEEDED,2025-07-15 11:13:11+00:00,10,S1A_IW_SLC__1SDV_20210218T052739_20210218T052806_036640_044E13_C75B,S1A_IW_SLC__1SDV_20210302T052739_20210302T052806_036815_045422_DB18,20210218,20210302,INSAR_GAMMA,20x4,True,True,False,False,False,False,0.6,S1AA_20210218T052739_20210302T052739_VVP012_INT80_G_ueF_F33D.zip,206.48,20210218_20210302,
555a68aa-1d79-4a9f-8640-aead07de7f23,aoi_3_bologna,SUCCEEDED,2025-07-15 11:13:10+00:00,10,S1A_IW_SLC__1SDV_20180105T052722_20180105T052749_020015_02218B_2D7D,S1B_IW_SLC__1SDV_20180111T052626_20180111T052654_009119_01050B_FFE3,20180105,20180111,INSAR_GAMMA,20x4,True,True,False,False,False,False,0.6,S1AB_20180105T052722_20180111T052626_VVP006_INT80_G_ueF_34E2.zip,113.11,20180105_20180111,
e8a1d947-0471-47cf-8175-2d89d2e0cfee,aoi_3_bologna,SUCCEEDED,2025-07-15 11:13:09+00:00,10,S1B_IW_SLC__1SDV_20190118T052633_20190118T052701_014544_01B17A_6797,S1B_IW_SLC__1SDV_20190211T052632_20190211T052700_014894_01BCD7_2231,20190118,20190211,INSAR_GAMMA,20x4,True,True,False,False,False,False,0.6,S1BB_20190118T052633_20190211T052632_VVP024_INT80_G_ueF_74AD.zip,213.56,20190118_20190211,
45f3ec33-7138-4298-a3bd-2e117efe8ad0,aoi_3_bologna,SUCCEEDED,2025-07-15 11:13:07+00:00,10,S1C_IW_SLC__1SDV_20250428T052623_20250428T052654_002089_0045F6_764C,S1C_IW_SLC__1SDV_20250522T052623_20250522T052650_002439_0051B0_D5F0,20250428,20250522,INSAR_GAMMA,20x4,True,True,False,False,False,False,0.6,S1CC_20250428T052623_20250522T052623_VVP024_INT80_G_ueF_7D54.zip,193.93,20250428_20250522,
51eb5727-069d-426c-962d-10df8907a47a,aoi_3_bologna,SUCCEEDED,2025-07-15 11:13:06+00:00,10,S1A_IW_SLC__1SDV_20221011T052755_20221011T052822_045390_056D69_82CF,S1A_IW_SLC__1SDV_20221023T052755_20221023T052822_045565_057294_CAD9,20221011,20221023,INSAR_GAMMA,20x4,True,True,False,False,False,False,0.6,S1AA_20221011T052755_20221023T052755_VVP012_INT80_G_ueF_2C87.zip,208.2,20221011_20221023,
65a978d5-55d4-41c3-9933-014e6fdbcdb2,aoi_3_bologna,SUCCEEDED,2025-07-15 11:13:05+00:00,10,S1A_IW_SLC__1SDV_20200518T052736_20200518T052803_032615_03C710_982B,S1A_IW_SLC__1SDV_20200530T052737_20200530T052804_032790_03CC56_8071,20200518,20200530,INSAR_GAMMA,20x4,True,True,False,False,False,False,0.6,S1AA_20200518T052736_20200530T052737_VVP012_INT80_G_ueF_5E98.zip,208.9,20200518_20200530,
3464ce83-c7fc-4069-bd73-6416db96386e,aoi_3_bologna,SUCCEEDED,2025-07-15 11:13:03+00:00,10,S1A_IW_SLC__1SDV_20211016T052749_20211016T052816_040140_04C0F0_6664,S1B_IW_SLC__1SDV_20211022T052710_20211022T052737_029244_037D72_4B24,20211016,20211022,INSAR_GAMMA,20x4,True,True,False,False,False,False,0.6,S1AB_20211016T052749_20211022T052710_VVP006_INT80_G_ueF_C7AC.zip,185.68,20211016_20211022,
501d85cc-5e63-4525-8066-43f2b15dfa6b,aoi_3_bologna,SUCCEEDED,2025-07-15 11:13:02+00:00,10,S1A_IW_SLC__1SDV_20210407T052740_20210407T052807_037340_04665D_0CA9,S1A_IW_SLC__1SDV_20210419T052741_20210419T052808_037515_046C67_B156,20210407,20210419,INSAR_GAMMA,20x4,True,True,False,False,False,False,0.6,S1AA_20210407T052740_20210419T052741_VVP012_INT80_G_ueF_1A8F.zip,206.79,20210407_20210419,
0d0fb711-4310-4597-a2fa-37d3f80728ce,aoi_3_bologna,SUCCEEDED,2025-07-15 11:13:00+00:00,10,S1A_IW_SLC__1SDV_20240602T052757_20240602T052824_054140_06956E_D3DA,S1A_IW_SLC__1SDV_20240626T052756_20240626T052823_054490_06A192_EDDB,20240602,20240626,INSAR_GAMMA,20x4,True,True,False,False,False,False,0.6,S1AA_20240602T052757_20240626T052756_VVP024_INT80_G_ueF_A46D.zip,208.67,20240602_20240626,
489581b0-9d1d-4af0-950b-b920e0e8ccf2,aoi_3_bologna,SUCCEEDED,2025-07-15 11:12:59+00:00,10,S1A_IW_SLC__1SDV_20180728T052727_20180728T052754_022990_027EC5_4DAE,S1B_IW_SLC__1SDV_20180803T052646_20180803T052713_012094_01644D_5E68,20180728,20180803,INSAR_GAMMA,20x4,True,True,False,False,False,False,0.6,S1AB_20180728T052727_20180803T052646_VVP006_INT80_G_ueF_DDD1.zip,207.2,20180728_20180803,
95c10ff7-578e-428d-9b5b-a2a562699456,aoi_3_bologna,SUCCEEDED,2025-07-15 11:12:57+00:00,10,S1B_IW_SLC__1SDV_20200218T052652_20200218T052720_020319_0267BB_ABA7,S1A_IW_SLC__1SDV_20200307T052734_20200307T052801_031565_03A2FE_ACA9,20200218,20200307,INSAR_GAMMA,20x4,True,True,False,False,False,False,0.6,S1BA_20200218T052652_20200307T052734_VVP018_INT80_G_ueF_1480.zip,206.05,20200218_20200307,
f86d1b25-3d4e-4403-b409-22f03ca752b2,aoi_3_bologna,SUCCEEDED,2025-07-15 11:12:56+00:00,10,S1A_IW_SLC__1SDV_20230409T052752_20230409T052819_048015_05C56B_325E,S1A_IW_SLC__1SDV_20230503T052752_20230503T052819_048365_05D12D_4D4F,20230409,20230503,INSAR_GAMMA,20x4,True,True,False,False,False,False,0.6,S1AA_20230409T052752_20230503T052752_VVP024_INT80_G_ueF_282C.zip,208.71,20230409_20230503,
c071b318-8240-4bf6-b381-9aef7d57a3d6,aoi_3_bologna,SUCCEEDED,2025-07-15 11:12:55+00:00,10,S1A_IW_SLC__1SDV_20200307T052734_20200307T052801_031565_03A2FE_ACA9,S1B_IW_SLC__1SDV_20200325T052652_20200325T052720_020844_02786B_7CF7,20200307,20200325,INSAR_GAMMA,20x4,True,True,False,False,False,False,0.6,S1AB_20200307T052734_20200325T052652_VVP018_INT80_G_ueF_43BC.zip,207.28,20200307_20200325,
52e388eb-ec07-4556-84f3-e0f96080f89c,aoi_3_bologna,SUCCEEDED,2025-07-15 11:12:53+00:00,10,S1A_IW_SLC__1SDV_20200107T052735_20200107T052802_030690_038490_DD42,S1A_IW_SLC__1SDV_20200119T052734_20200119T052801_030865_038AB8_DB95,20200107,20200119,INSAR_GAMMA,20x4,True,True,False,False,False,False,0.6,S1AA_20200107T052735_20200119T052734_VVP012_INT80_G_ueF_4108.zip,206.59,20200107_20200119,
e6481b93-4b33-4a99-b84f-081a0d873a23,aoi_3_bologna,SUCCEEDED,2025-07-15 11:12:52+00:00,10,S1A_IW_SLC__1SDV_20210630T052744_20210630T052811_038565_048CFD_FB70,S1B_IW_SLC__1SDV_20210718T052706_20210718T052733_027844_035293_52FD,20210630,20210718,INSAR_GAMMA,20x4,True,True,False,False,False,False,0.6,S1AB_20210630T052744_20210718T052706_VVP018_INT80_G_ueF_30B8.zip,187.07,20210630_20210718,
559d8b46-9fe9-41cd-9c68-f1510c46c2e0,aoi_3_bologna,SUCCEEDED,2025-07-15 11:12:50+00:00,10,S1B_IW_SLC__1SDV_20200804T052702_20200804T052729_022769_02B36C_3763,S1A_IW_SLC__1SDV_20200810T052741_20200810T052808_033840_03EC7E_14CF,20200804,20200810,INSAR_GAMMA,20x4,True,True,False,False,False,False,0.6,S1BA_20200804T052702_20200810T052741_VVP006_INT80_G_ueF_9A00.zip,186.62,20200804_20200810,
bb089ebe-c22a-445e-bae2-c553e8eafe64,aoi_3_bologna,SUCCEEDED,2025-07-15 11:12:49+00:00,10,S1B_IW_SLC__1SDV_20191220T052654_20191220T052722_019444_024BAF_AE23,S1B_IW_SLC__1SDV_20200101T052653_20200101T052721_019619_025146_CC04,20191220,20200101,INSAR_GAMMA,20x4,True,True,False,False,False,False,0.6,S1BB_20191220T052654_20200101T052653_VVP012_INT80_G_ueF_D840.zip,211.89,20191220_20200101,
08b464ea-675d-4047-a686-a678b13a1879,aoi_3_bologna,SUCCEEDED,2025-07-15 11:12:47+00:00,10,S1A_IW_SLC__1SDV_20210922T052749_20210922T052816_039790_04B4CC_9EFE,S1A_IW_SLC__1SDV_20211016T052749_20211016T052816_040140_04C0F0_6664,20210922,20211016,INSAR_GAMMA,20x4,True,True,False,False,False,False,0.6,S1AA_20210922T052749_20211016T052749_VVP024_INT80_G_ueF_7B44.zip,207.53,20210922_20211016,
f56118c6-f82b-4ca3-869b-05333a4e6bd7,aoi_3_bologna,SUCCEEDED,2025-07-15 11:12:46+00:00,10,S1A_IW_SLC__1SDV_20201220T052742_20201220T052809_035765_042F95_D318,S1B_IW_SLC__1SDV_20210107T052703_20210107T052730_025044_02FB1E_53A0,20201220,20210107,INSAR_GAMMA,20x4,True,True,False,False,False,False,0.6,S1AB_20201220T052742_20210107T052703_VVP018_INT80_G_ueF_AD23.zip,179.78,20201220_20210107,
d6556fb5-a4f3-4f72-9c8a-e12b5a3101f2,aoi_3_bologna,SUCCEEDED,2025-07-15 11:12:44+00:00,10,S1A_IW_SLC__1SDV_20180728T052727_20180728T052754_022990_027EC5_4DAE,S1B_IW_SLC__1SDV_20180815T052647_20180815T052714_012269_0169B5_C097,20180728,20180815,INSAR_GAMMA,20x4,True,True,False,False,False,False,0.6,S1AB_20180728T052727_20180815T052647_VVP018_INT80_G_ueF_4219.zip,207.43,20180728_20180815,
d26e1ab0-27c9-42fb-8ba4-6f10c7ad953e,aoi_3_bologna,SUCCEEDED,2025-07-15 11:12:43+00:00,10,S1A_IW_SLC__1SDV_20200412T052734_20200412T052801_032090_03B56C_ED00,S1B_IW_SLC__1SDV_20200418T052659_20200418T052726_021194_02837E_0816,20200412,20200418,INSAR_GAMMA,20x4,True,True,False,False,False,False,0.6,S1AB_20200412T052734_20200418T052659_VVP006_INT80_G_ueF_AF7D.zip,158.67,20200412_20200418,
5b784091-4d31-4fca-8946-be081d3c4b8d,aoi_3_bologna,SUCCEEDED,2025-07-15 11:12:42+00:00,10,S1B_IW_SLC__1SDV_20211103T052710_20211103T052737_029419_0382D5_1A28,S1B_IW_SLC__1SDV_20211115T052710_20211115T052737_029594_038826_0B82,20211103,20211115,INSAR_GAMMA,20x4,True,True,False,False,False,False,0.6,S1BB_20211103T052710_20211115T052710_VVP012_INT80_G_ueF_3C6E.zip,206.25,20211103_20211115,
7dbb64aa-c57d-489b-89cc-fe9f6f4fb430,aoi_3_bologna,SUCCEEDED,2025-07-15 11:12:40+00:00,10,S1B_IW_SLC__1SDV_20190705T052653_20190705T052720_016994_01FF99_D6A5,S1A_IW_SLC__1SDV_20190723T052733_20190723T052800_028240_0330AD_C0B7,20190705,20190723,INSAR_GAMMA,20x4,True,True,False,False,False,False,0.6,S1BA_20190705T052653_20190723T052733_VVP018_INT80_G_ueF_3D38.zip,186.49,20190705_20190723,
23b96a54-1add-4a64-a18a-2ed5aac55e55,aoi_3_bologna,SUCCEEDED,2025-07-15 11:12:38+00:00,10,S1A_IW_SLC__1SDV_20190301T052727_20190301T052754_026140_02EABC_75FE,S1B_IW_SLC__1SDV_20190319T052632_20190319T052700_015419_01CE05_9832,20190301,20190319,INSAR_GAMMA,20x4,True,True,False,False,False,False,0.6,S1AB_20190301T052727_20190319T052632_VVP018_INT80_G_ueF_26E6.zip,113.19,20190301_20190319,
e5aeae97-ecf3-45db-9de9-ab21e1e55209,aoi_3_bologna,SUCCEEDED,2025-07-15 11:12:37+00:00,10,S1B_IW_SLC__1SDV_20170209T052626_20170209T052656_004219_007502_9CB7,S1A_IW_SLC__1SDV_20170215T052703_20170215T052730_015290_0190F9_ED5F,20170209,20170215,INSAR_GAMMA,20x4,True,True,False,False,False,False,0.6,S1BA_20170209T052626_20170215T052703_VVP006_INT80_G_ueF_9E33.zip,169.13,20170209_20170215,
a0867134-f749-41b5-b88c-8ef5fd987c4d,aoi_3_bologna,SUCCEEDED,2025-07-15 11:12:36+00:00,10,S1A_IW_SLC__1SDV_20170416T052704_20170416T052731_016165_01AB5A_CF0A,S1A_IW_SLC__1SDV_20170510T052706_20170510T052733_016515_01B5F9_8C9C,20170416,20170510,INSAR_GAMMA,20x4,True,True,False,False,False,False,0.6,S1AA_20170416T052704_20170510T052706_VVP024_INT80_G_ueF_84B3.zip,210.18,20170416_20170510,
63b50691-652c-4e1a-a070-90ae8360e1a9,aoi_3_bologna,SUCCEEDED,2025-07-15 11:12:35+00:00,10,S1A_IW_SLC__1SDV_20200119T052734_20200119T052801_030865_038AB8_DB95,S1A_IW_SLC__1SDV_20200131T052734_20200131T052801_031040_0390D4_29FD,20200119,20200131,INSAR_GAMMA,20x4,True,True,False,False,False,False,0.6,S1AA_20200119T052734_20200131T052734_VVP012_INT80_G_ueF_DD38.zip,206.02,20200119_20200131,
6b0e8ac2-83a9-4399-a41a-3e6f4f464ba4,aoi_3_bologna,SUCCEEDED,2025-07-15 11:12:34+00:00,10,S1B_IW_SLC__1SDV_20180827T052647_20180827T052714_012444_016F26_38C1,S1B_IW_SLC__1SDV_20180920T052648_20180920T052715_012794_0179E4_EAD9,20180827,20180920,INSAR_GAMMA,20x4,True,True,False,False,False,False,0.6,S1BB_20180827T052647_20180920T052648_VVP024_INT80_G_ueF_48A7.zip,207.36,20180827_20180920,
47c2e861-ad7c-4d73-8949-4a4a6ea72e24,aoi_3_bologna,SUCCEEDED,2025-07-15 11:12:33+00:00,10,S1A_IW_SLC__1SDV_20190828T052735_20190828T052802_028765_0341F8_5329,S1A_IW_SLC__1SDV_20190921T052736_20190921T052803_029115_034E0E_1248,20190828,20190921,INSAR_GAMMA,20x4,True,True,False,False,False,False,0.6,S1AA_20190828T052735_20190921T052736_VVP024_INT80_G_ueF_69FE.zip,207.21,20190828_20190921,
72dcb832-2ee0-4d4c-88b7-4c24606664ad,aoi_3_bologna,SUCCEEDED,2025-07-15 11:12:32+00:00,10,S1B_IW_SLC__1SDV_20180908T052648_20180908T052715_012619_01748C_8F2F,S1A_IW_SLC__1SDV_20180914T052730_20180914T052757_023690_029512_F5AB,20180908,20180914,INSAR_GAMMA,20x4,True,True,False,False,False,False,0.6,S1BA_20180908T052648_20180914T052730_VVP006_INT80_G_ueF_0056.zip,205.83,20180908_20180914,
65485875-97fb-46a4-9dfc-32bf109b7d9a,aoi_3_bologna,SUCCEEDED,2025-07-15 11:12:31+00:00,10,S1A_IW_SLC__1SDV_20240110T052757_20240110T052824_052040_064A04_BE7A,S1A_IW_SLC__1SDV_20240203T052756_20240203T052823_052390_0655D1_FAA4,20240110,20240203,INSAR_GAMMA,20x4,True,True,False,False,False,False,0.6,S1AA_20240110T052757_20240203T052756_VVP024_INT80_G_ueF_B722.zip,207.05,20240110_20240203,
9a33e668-a60f-47d4-9f62-7b4c036d2130,aoi_3_bologna,SUCCEEDED,2025-07-15 11:12:29+00:00,10,S1A_IW_SLC__1SDV_20210829T052748_20210829T052815_039440_04A8CE_F96B,S1B_IW_SLC__1SDV_20210916T052709_20210916T052736_028719_036D65_946D,20210829,20210916,INSAR_GAMMA,20x4,True,True,False,False,False,False,0.6,S1AB_20210829T052748_20210916T052709_VVP018_INT80_G_ueF_30B8.zip,186.6,20210829_20210916,
d4f13527-abed-4829-8264-3e492e5f0c6d,aoi_3_bologna,SUCCEEDED,2025-07-15 11:12:27+00:00,10,S1B_IW_SLC__1SDV_20210904T052709_20210904T052736_028544_036806_5330,S1A_IW_SLC__1SDV_20210922T052749_20210922T052816_039790_04B4CC_9EFE,20210904,20210922,INSAR_GAMMA,20x4,True,True,False,False,False,False,0.6,S1BA_20210904T052709_20210922T052749_VVP018_INT80_G_ueF_1C6D.zip,185.99,20210904_20210922,
745ffaba-d178-4e1c-a8bc-a4412fa9acfd,aoi_3_bologna,SUCCEEDED,2025-07-15 11:12:26+00:00,10,S1A_IW_SLC__1SDV_20190524T052730_20190524T052757_027365_03162B_4C3C,S1A_IW_SLC__1SDV_20190605T052730_20190605T052757_027540_031B94_E331,20190524,20190605,INSAR_GAMMA,20x4,True,True,False,False,False,False,0.6,S1AA_20190524T052730_20190605T052730_VVP012_INT80_G_ueF_7C23.zip,208.43,20190524_20190605,
ac9043d3-ed57-4b40-8740-7c1936d7411b,aoi_3_bologna,SUCCEEDED,2025-07-15 11:12:25+00:00,10,S1A_IW_SLC__1SDV_20230714T052756_20230714T052823_049415_05F130_0F19,S1A_IW_SLC__1SDV_20230807T052758_20230807T052825_049765_05FBF2_AEB1,20230714,20230807,INSAR_GAMMA,20x4,True,True,False,False,False,False,0.6,S1AA_20230714T052756_20230807T052758_VVP024_INT80_G_ueF_A1F9.zip,207.71,20230714_20230807,
daa07b1c-1034-4b48-af9c-577284637a94,aoi_3_bologna,SUCCEEDED,2025-07-15 11:12:23+00:00,10,S1A_IW_SLC__1SDV_20180914T052730_20180914T052757_023690_029512_F5AB,S1B_IW_SLC__1SDV_20181002T052649_20181002T052716_012969_017F41_1AF9,20180914,20181002,INSAR_GAMMA,20x4,True,True,False,False,False,False,0.6,S1AB_20180914T052730_20181002T052649_VVP018_INT80_G_ueF_61FA.zip,208.47,20180914_20181002,
561c19bc-59eb-4ab5-b37a-fbd6f1164dee,aoi_3_bologna,SUCCEEDED,2025-07-15 11:12:22+00:00,10,S1A_IW_SLC__1SDV_20191015T052737_20191015T052804_029465_035A1F_54EB,S1B_IW_SLC__1SDV_20191021T052658_20191021T052725_018569_022FC8_F324,20191015,20191021,INSAR_GAMMA,20x4,True,True,False,False,False,False,0.6,S1AB_20191015T052737_20191021T052658_VVP006_INT80_G_ueF_B5FA.zip,187.22,20191015_20191021,
21fdccde-58c4-47af-9469-64e788cdf05a,aoi_3_bologna,SUCCEEDED,2025-07-15 11:12:21+00:00,10,S1A_IW_SLC__1SDV_20180914T052730_20180914T052757_023690_029512_F5AB,S1A_IW_SLC__1SDV_20180926T052730_20180926T052757_023865_029AC2_A56B,20180914,20180926,INSAR_GAMMA,20x4,True,True,False,False,False,False,0.6,S1AA_20180914T052730_20180926T052730_VVP012_INT80_G_ueF_E722.zip,206.88,20180914_20180926,
c3b4251e-4359-49f3-a65a-9607c940510e,aoi_3_bologna,SUCCEEDED,2025-07-15 11:12:19+00:00,10,S1B_IW_SLC__1SDV_20181107T052651_20181107T052718_013494_018F83_3656,S1A_IW_SLC__1SDV_20181113T052730_20181113T052757_024565_02B24A_6AD5,20181107,20181113,INSAR_GAMMA,20x4,True,True,False,False,False,False,0.6,S1BA_20181107T052651_20181113T052730_VVP006_INT80_G_ueF_5257.zip,185.23,20181107_20181113,
d9b186d4-33c1-4f5a-b23f-33c0e39799cb,aoi_3_bologna,SUCCEEDED,2025-07-15 11:12:18+00:00,10,S1A_IW_SLC__1SDV_20180610T052725_20180610T052752_022290_026990_BEE7,S1A_IW_SLC__1SDV_20180704T052726_20180704T052753_022640_0273F3_DAB6,20180610,20180704,INSAR_GAMMA,20x4,True,True,False,False,False,False,0.6,S1AA_20180610T052725_20180704T052726_VVP024_INT80_G_ueF_D80C.zip,209.19,20180610_20180704,
5a7ebdc2-9da9-42a5-ae03-845330ecab04,aoi_3_bologna,SUCCEEDED,2025-07-15 11:12:17+00:00,10,S1A_IW_SLC__1SDV_20220508T052747_20220508T052814_043115_052620_4730,S1A_IW_SLC__1SDV_20220601T052749_20220601T052816_043465_0530A1_A235,20220508,20220601,INSAR_GAMMA,20x4,True,True,False,False,False,False,0.6,S1AA_20220508T052747_20220601T052749_VVP024_INT80_G_ueF_FC29.zip,208.6,20220508_20220601,
8df841ab-b41c-4615-b5ec-056fe1545dba,aoi_3_bologna,SUCCEEDED,2025-07-15 11:12:16+00:00,10,S1B_IW_SLC__1SDV_20181026T052649_20181026T052716_013319_018A02_6B1E,S1B_IW_SLC__1SDV_20181107T052651_20181107T052718_013494_018F83_3656,20181026,20181107,INSAR_GAMMA,20x4,True,True,False,False,False,False,0.6,S1BB_20181026T052649_20181107T052651_VVP012_INT80_G_ueF_E31C.zip,187.95,20181026_20181107,
e767717c-6f48-4a5d-ac28-fd354c40e05b,aoi_3_bologna,SUCCEEDED,2025-07-15 11:12:15+00:00,10,S1B_IW_SLC__1SDV_20180204T052625_20180204T052653_009469_01107B_7855,S1A_IW_SLC__1SDV_20180210T052721_20180210T052748_020540_023244_7026,20180204,20180210,INSAR_GAMMA,20x4,True,True,False,False,False,False,0.6,S1BA_20180204T052625_20180210T052721_VVP006_INT80_G_ueF_8535.zip,112.08,20180204_20180210,
4dacd777-aeae-4c5e-b801-b5a6018f34de,aoi_3_bologna,SUCCEEDED,2025-07-15 11:12:14+00:00,10,S1A_IW_SLC__1SDV_20170802T052721_20170802T052748_017740_01DB70_C804,S1B_IW_SLC__1SDV_20170820T052648_20170820T052715_007019_00C5DD_040A,20170802,20170820,INSAR_GAMMA,20x4,True,True,False,False,False,False,0.6,S1AB_20170802T052721_20170820T052648_VVP018_INT80_G_ueF_2652.zip,146.65,20170802_20170820,
30bebcfe-6aa9-4bc8-98f0-253df7ed032e,aoi_3_bologna,SUCCEEDED,2025-07-15 11:12:13+00:00,10,S1A_IW_SLC__1SDV_20200717T052739_20200717T052806_033490_03E17A_B0B3,S1A_IW_SLC__1SDV_20200810T052741_20200810T052808_033840_03EC7E_14CF,20200717,20200810,INSAR_GAMMA,20x4,True,True,False,False,False,False,0.6,S1AA_20200717T052739_20200810T052741_VVP024_INT80_G_ueF_DA67.zip,207.94,20200717_20200810,
4ef14a70-7288-4dd6-be0f-f5cf81d2d46f,aoi_3_bologna,SUCCEEDED,2025-07-15 11:12:12+00:00,10,S1A_IW_SLC__1SDV_20201126T052743_20201126T052810_035415_042383_029C,S1A_IW_SLC__1SDV_20201208T052742_20201208T052809_035590_042995_4806,20201126,20201208,INSAR_GAMMA,20x4,True,True,False,False,False,False,0.6,S1AA_20201126T052743_20201208T052742_VVP012_INT80_G_ueF_FE1A.zip,208.74,20201126_20201208,
fb322c37-0dd6-45ac-9b3a-96df13f55421,aoi_3_bologna,SUCCEEDED,2025-07-15 11:12:11+00:00,10,S1A_IW_SLC__1SDV_20170215T052703_20170215T052730_015290_0190F9_ED5F,S1A_IW_SLC__1SDV_20170311T052703_20170311T052730_015640_019B9A_5B44,20170215,20170311,INSAR_GAMMA,20x4,True,True,False,False,False,False,0.6,S1AA_20170215T052703_20170311T052703_VVP024_INT80_G_ueF_75B2.zip,208.31,20170215_20170311,
4603f47a-29f2-4c74-91c2-3d396e4e3d8d,aoi_3_bologna,SUCCEEDED,2025-07-15 11:12:10+00:00,10,S1B_IW_SLC__1SDV_20201015T052704_20201015T052731_023819_02D439_18DB,S1A_IW_SLC__1SDV_20201102T052743_20201102T052810_035065_04175E_207B,20201015,20201102,INSAR_GAMMA,20x4,True,True,False,False,False,False,0.6,S1BA_20201015T052704_20201102T052743_VVP018_INT80_G_ueF_E67D.zip,187.44,20201015_20201102,
6c91d9f5-0c87-4d9a-b3a4-942fa4141e9b,aoi_3_bologna,SUCCEEDED,2025-07-15 11:12:08+00:00,10,S1A_IW_SLC__1SDV_20230503T052752_20230503T052819_048365_05D12D_4D4F,S1A_IW_SLC__1SDV_20230515T052753_20230515T052820_048540_05D6AC_039B,20230503,20230515,INSAR_GAMMA,20x4,True,True,False,False,False,False,0.6,S1AA_20230503T052752_20230515T052753_VVP012_INT80_G_ueF_96FC.zip,207.81,20230503_20230515,
31229694-d729-4876-ab06-1344934aeff6,aoi_3_bologna,SUCCEEDED,2025-07-15 11:12:07+00:00,10,S1A_IW_SLC__1SDV_20190605T052730_20190605T052757_027540_031B94_E331,S1B_IW_SLC__1SDV_20190623T052652_20190623T052719_016819_01FA6A_10DC,20190605,20190623,INSAR_GAMMA,20x4,True,True,False,False,False,False,0.6,S1AB_20190605T052730_20190623T052652_VVP018_INT80_G_ueF_BD4E.zip,187.83,20190605_20190623,
6d326dfe-b334-4292-ac65-50bd77b9623d,aoi_3_bologna,SUCCEEDED,2025-07-15 11:12:06+00:00,10,S1A_IW_SLC__1SDV_20210314T052739_20210314T052806_036990_045A45_0F92,S1B_IW_SLC__1SDV_20210401T052648_20210401T052715_026269_032297_AD70,20210314,20210401,INSAR_GAMMA,20x4,True,True,False,False,False,False,0.6,S1AB_20210314T052739_20210401T052648_VVP018_INT80_G_ueF_00D5.zip,134.29,20210314_20210401,
e251b2ad-95c4-462a-b80f-094b78d115e6,aoi_3_bologna,SUCCEEDED,2025-07-15 11:12:05+00:00,10,S1A_IW_SLC__1SDV_20210724T052746_20210724T052813_038915_049781_33FF,S1A_IW_SLC__1SDV_20210805T052747_20210805T052814_039090_049CCC_BF6A,20210724,20210805,INSAR_GAMMA,20x4,True,True,False,False,False,False,0.6,S1AA_20210724T052746_20210805T052747_VVP012_INT80_G_ueF_A591.zip,207.12,20210724_20210805,
30989364-26ed-42e5-9389-4deb3c832649,aoi_3_bologna,SUCCEEDED,2025-07-15 11:12:03+00:00,10,S1A_IW_SLC__1SDV_20180704T052726_20180704T052753_022640_0273F3_DAB6,S1B_IW_SLC__1SDV_20180710T052645_20180710T052711_011744_0159AE_E9E0,20180704,20180710,INSAR_GAMMA,20x4,True,True,False,False,False,False,0.6,S1AB_20180704T052726_20180710T052645_VVP006_INT80_G_ueF_146C.zip,207.59,20180704_20180710,
8fc58801-ddd4-4b3f-809a-ab95f221f8ad,aoi_3_bologna,SUCCEEDED,2025-07-15 11:12:01+00:00,10,S1A_IW_SLC__1SDV_20200903T052742_20200903T052809_034190_03F8CD_D292,S1B_IW_SLC__1SDV_20200921T052704_20200921T052731_023469_02C94E_F6FB,20200903,20200921,INSAR_GAMMA,20x4,True,True,False,False,False,False,0.6,S1AB_20200903T052742_20200921T052704_VVP018_INT80_G_ueF_3C71.zip,186.44,20200903_20200921,
c81b93c7-e40c-4aee-860b-82964ba342b4,aoi_3_bologna,SUCCEEDED,2025-07-15 11:11:58+00:00,10,S1A_IW_SLC__1SDV_20180222T052721_20180222T052748_020715_0237D7_6CFE,S1B_IW_SLC__1SDV_20180228T052625_20180228T052653_009819_011C0A_6CF6,20180222,20180228,INSAR_GAMMA,20x4,True,True,False,False,False,False,0.6,S1AB_20180222T052721_20180228T052625_VVP006_INT80_G_ueF_10F8.zip,113.95,20180222_20180228,
b8cd6756-1efa-4c13-93b2-f304753d712b,aoi_3_bologna,SUCCEEDED,2025-07-15 11:11:57+00:00,10,S1A_IW_SLC__1SDV_20210113T052742_20210113T052810_036115_043BDA_AEFF,S1A_IW_SLC__1SDV_20210125T052742_20210125T052810_036290_0441E9_6E89,20210113,20210125,INSAR_GAMMA,20x4,True,True,False,False,False,False,0.6,S1AA_20210113T052742_20210125T052742_VVP012_INT80_G_ueF_5717.zip,212.85,20210113_20210125,
405b5f25-8b37-4794-8342-b10a220d366d,aoi_3_bologna,SUCCEEDED,2025-07-15 11:11:55+00:00,10,S1B_IW_SLC__1SDV_20190424T052633_20190424T052701_015944_01DF5C_1C3C,S1B_IW_SLC__1SDV_20190506T052633_20190506T052701_016119_01E53A_17A0,20190424,20190506,INSAR_GAMMA,20x4,True,True,False,False,False,False,0.6,S1BB_20190424T052633_20190506T052633_VVP012_INT80_G_ueF_044A.zip,215.03,20190424_20190506,
57f59a0d-67bd-4556-bdd4-3758a5731d1e,aoi_3_bologna,SUCCEEDED,2025-07-15 11:11:53+00:00,10,S1B_IW_SLC__1SDV_20210507T052649_20210507T052716_026794_033365_E539,S1B_IW_SLC__1SDV_20210519T052650_20210519T052717_026969_0338DC_11C3,20210507,20210519,INSAR_GAMMA,20x4,True,True,False,False,False,False,0.6,S1BB_20210507T052649_20210519T052650_VVP012_INT80_G_ueF_D80B.zip,208.49,20210507_20210519,
0c6e0a98-d7e9-4ec0-9246-e2e420f8ddac,aoi_3_bologna,SUCCEEDED,2025-07-15 11:11:51+00:00,10,S1B_IW_SLC__1SDV_20170727T052647_20170727T052714_006669_00BBB5_B933,S1B_IW_SLC__1SDV_20170808T052648_20170808T052715_006844_00C0C1_C412,20170727,20170808,INSAR_GAMMA,20x4,True,True,False,False,False,False,0.6,S1BB_20170727T052647_20170808T052648_VVP012_INT80_G_ueF_473B.zip,205.46,20170727_20170808,
0ad9039a-d14f-4db3-ac4b-f814c3d2b7dc,aoi_3_bologna,SUCCEEDED,2025-07-15 11:11:50+00:00,10,S1B_IW_SLC__1SDV_20200629T052659_20200629T052726_022244_02A37D_A349,S1A_IW_SLC__1SDV_20200717T052739_20200717T052806_033490_03E17A_B0B3,20200629,20200717,INSAR_GAMMA,20x4,True,True,False,False,False,False,0.6,S1BA_20200629T052659_20200717T052739_VVP018_INT80_G_ueF_77F8.zip,186.75,20200629_20200717,
b299da90-4c0e-402a-bfb6-19240abe22c5,aoi_3_bologna,SUCCEEDED,2025-07-15 11:11:49+00:00,10,S1A_IW_SLC__1SDV_20220321T052745_20220321T052812_042415_050EB8_10DA,S1A_IW_SLC__1SDV_20220402T052746_20220402T052813_042590_0514A4_7691,20220321,20220402,INSAR_GAMMA,20x4,True,True,False,False,False,False,0.6,S1AA_20220321T052745_20220402T052746_VVP012_INT80_G_ueF_2460.zip,207.02,20220321_20220402,
a3163fa2-0edc-49a7-802f-fad13433f352,aoi_3_bologna,SUCCEEDED,2025-07-15 11:11:48+00:00,10,S1B_IW_SLC__1SDV_20180803T052646_20180803T052713_012094_01644D_5E68,S1A_IW_SLC__1SDV_20180821T052729_20180821T052756_023340_0289E6_9F43,20180803,20180821,INSAR_GAMMA,20x4,True,True,False,False,False,False,0.6,S1BA_20180803T052646_20180821T052729_VVP018_INT80_G_ueF_8D6E.zip,207.59,20180803_20180821,
45ebdbbb-54b6-4495-97e4-6f64ef7ece0f,aoi_3_bologna,SUCCEEDED,2025-07-15 11:11:47+00:00,10,S1A_IW_SLC__1SDV_20230608T052754_20230608T052821_048890_05E11C_8B09,S1A_IW_SLC__1SDV_20230702T052755_20230702T052822_049240_05EBC4_6ECD,20230608,20230702,INSAR_GAMMA,20x4,True,True,False,False,False,False,0.6,S1AA_20230608T052754_20230702T052755_VVP024_INT80_G_ueF_69D4.zip,209.14,20230608_20230702,
e5ffda53-b599-44e8-8a2c-fc589c65fa27,aoi_3_bologna,SUCCEEDED,2025-07-15 11:11:46+00:00,10,S1A_IW_SLC__1SDV_20191027T052737_20191027T052804_029640_03601E_59ED,S1B_IW_SLC__1SDV_20191102T052658_20191102T052725_018744_023546_0C18,20191027,20191102,INSAR_GAMMA,20x4,True,True,False,False,False,False,0.6,S1AB_20191027T052737_20191102T052658_VVP006_INT80_G_ueF_554A.zip,186.57,20191027_20191102,
b00a6856-e608-4182-bcdf-93edc1e36775,aoi_3_bologna,SUCCEEDED,2025-07-15 11:11:45+00:00,10,S1A_IW_SLC__1SDV_20190711T052732_20190711T052759_028065_032B64_EB78,S1A_IW_SLC__1SDV_20190723T052733_20190723T052800_028240_0330AD_C0B7,20190711,20190723,INSAR_GAMMA,20x4,True,True,False,False,False,False,0.6,S1AA_20190711T052732_20190723T052733_VVP012_INT80_G_ueF_6B3F.zip,206.89,20190711_20190723,
00fb37b3-b035-4062-b83d-f4bffb425f6f,aoi_3_bologna,SUCCEEDED,2025-07-15 11:11:43+00:00,10,S1A_IW_SLC__1SDV_20171013T052724_20171013T052751_018790_01FB7E_434C,S1B_IW_SLC__1SDV_20171019T052650_20171019T052717_007894_00DF19_A9CA,20171013,20171019,INSAR_GAMMA,20x4,True,True,False,False,False,False,0.6,S1AB_20171013T052724_20171019T052650_VVP006_INT80_G_ueF_6548.zip,145.48,20171013_20171019,
cf607a19-4ab9-4979-95d8-287dd2ba6504,aoi_3_bologna,SUCCEEDED,2025-07-15 11:11:41+00:00,10,S1A_IW_SLC__1SDV_20221210T052754_20221210T052821_046265_058A4F_B53E,S1A_IW_SLC__1SDV_20221222T052753_20221222T052820_046440_059046_DE19,20221210,20221222,INSAR_GAMMA,20x4,True,True,False,False,False,False,0.6,S1AA_20221210T052754_20221222T052753_VVP012_INT80_G_ueF_C80D.zip,206.33,20221210_20221222,
d90d3e14-0fde-4836-9ca5-a0e4069f6a70,aoi_3_bologna,SUCCEEDED,2025-07-15 11:11:40+00:00,10,S1A_IW_SLC__1SDV_20171130T052723_20171130T052750_019490_021126_6189,S1B_IW_SLC__1SDV_20171206T052627_20171206T052655_008594_00F425_4A68,20171130,20171206,INSAR_GAMMA,20x4,True,True,False,False,False,False,0.6,S1AB_20171130T052723_20171206T052627_VVP006_INT80_G_ueF_A2DF.zip,113.47,20171130_20171206,
d6eb02b9-a473-4b70-981f-515eb82698d8,aoi_3_bologna,SUCCEEDED,2025-07-15 11:11:39+00:00,10,S1B_IW_SLC__1SDV_20210730T052707_20210730T052734_028019_0357B2_11EE,S1A_IW_SLC__1SDV_20210817T052747_20210817T052814_039265_04A2DC_402E,20210730,20210817,INSAR_GAMMA,20x4,True,True,False,False,False,False,0.6,S1BA_20210730T052707_20210817T052747_VVP018_INT80_G_ueF_756A.zip,186.53,20210730_20210817,
7a6457d4-abd9-42b9-a5ef-d8024c73678d,aoi_3_bologna,SUCCEEDED,2025-07-15 11:11:38+00:00,10,S1A_IW_SLC__1SDV_20211016T052749_20211016T052816_040140_04C0F0_6664,S1A_IW_SLC__1SDV_20211109T052749_20211109T052816_040490_04CD29_8A6F,20211016,20211109,INSAR_GAMMA,20x4,True,True,False,False,False,False,0.6,S1AA_20211016T052749_20211109T052749_VVP024_INT80_G_ueF_EA96.zip,208.17,20211016_20211109,
babaa4ae-9c3d-459c-83f3-ea74814c5e7e,aoi_3_bologna,SUCCEEDED,2025-07-15 11:11:37+00:00,10,S1B_IW_SLC__1SDV_20190822T052656_20190822T052723_017694_02149F_2D88,S1A_IW_SLC__1SDV_20190828T052735_20190828T052802_028765_0341F8_5329,20190822,20190828,INSAR_GAMMA,20x4,True,True,False,False,False,False,0.6,S1BA_20190822T052656_20190828T052735_VVP006_INT80_G_ueF_D199.zip,185.72,20190822_20190828,
018dce1b-8bf2-4a48-93b9-3a3e08bdcd74,aoi_3_bologna,SUCCEEDED,2025-07-15 11:11:36+00:00,10,S1B_IW_SLC__1SDV_20210823T052708_20210823T052735_028369_03628D_BA55,S1A_IW_SLC__1SDV_20210829T052748_20210829T052815_039440_04A8CE_F96B,20210823,20210829,INSAR_GAMMA,20x4,True,True,False,False,False,False,0.6,S1BA_20210823T052708_20210829T052748_VVP006_INT80_G_ueF_BB8A.zip,186.42,20210823_20210829,
9766d563-b470-49e2-827f-903be44a1160,aoi_3_bologna,SUCCEEDED,2025-07-15 11:11:35+00:00,10,S1B_IW_SLC__1SDV_20200101T052653_20200101T052721_019619_025146_CC04,S1A_IW_SLC__1SDV_20200119T052734_20200119T052801_030865_038AB8_DB95,20200101,20200119,INSAR_GAMMA,20x4,True,True,False,False,False,False,0.6,S1BA_20200101T052653_20200119T052734_VVP018_INT80_G_ueF_1B10.zip,204.49,20200101_20200119,
87fef9e6-bf07-4ca9-b5a4-12fe95e23e90,aoi_3_bologna,SUCCEEDED,2025-07-15 11:11:34+00:00,10,S1A_IW_SLC__1SDV_20210922T052749_20210922T052816_039790_04B4CC_9EFE,S1B_IW_SLC__1SDV_20211010T052710_20211010T052737_029069_037802_2AE0,20210922,20211010,INSAR_GAMMA,20x4,True,True,False,False,False,False,0.6,S1AB_20210922T052749_20211010T052710_VVP018_INT80_G_ueF_A0DE.zip,187.62,20210922_20211010,
c19f0efc-88be-43cb-95bf-d21a7e9c15e0,aoi_3_bologna,SUCCEEDED,2025-07-15 11:11:32+00:00,10,S1A_IW_SLC__1SDV_20200119T052734_20200119T052801_030865_038AB8_DB95,S1B_IW_SLC__1SDV_20200206T052652_20200206T052720_020144_026219_B0FF,20200119,20200206,INSAR_GAMMA,20x4,True,True,False,False,False,False,0.6,S1AB_20200119T052734_20200206T052652_VVP018_INT80_G_ueF_2162.zip,207.83,20200119_20200206,
a514f893-c622-4eb9-88bb-1376f0d002f4,aoi_3_bologna,SUCCEEDED,2025-07-15 11:11:32+00:00,10,S1A_IW_SLC__1SDV_20210101T052741_20210101T052808_035940_0435A9_F516,S1B_IW_SLC__1SDV_20210119T052648_20210119T052715_025219_0300BA_B183,20210101,20210119,INSAR_GAMMA,20x4,True,True,False,False,False,False,0.6,S1AB_20210101T052741_20210119T052648_VVP018_INT80_G_ueF_0926.zip,134.79,20210101_20210119,
5d2e5560-377c-4bb1-a5f6-e20ead66779f,aoi_3_bologna,SUCCEEDED,2025-07-15 11:11:30+00:00,10,S1A_IW_SLC__1SDV_20181219T052729_20181219T052756_025090_02C4ED_AE9B,S1B_IW_SLC__1SDV_20190106T052633_20190106T052701_014369_01ABD6_5EEF,20181219,20190106,INSAR_GAMMA,20x4,True,True,False,False,False,False,0.6,S1AB_20181219T052729_20190106T052633_VVP018_INT80_G_ueF_11E4.zip,113.88,20181219_20190106,
31c50078-0cb3-40ea-a118-1409cdf9ecaf,aoi_3_bologna,SUCCEEDED,2025-07-15 11:11:29+00:00,10,S1A_IW_SLC__1SDV_20171118T052724_20171118T052751_019315_020BAB_D077,S1B_IW_SLC__1SDV_20171206T052627_20171206T052655_008594_00F425_4A68,20171118,20171206,INSAR_GAMMA,20x4,True,True,False,False,False,False,0.6,S1AB_20171118T052724_20171206T052627_VVP018_INT80_G_ueF_8AC0.zip,113.61,20171118_20171206,
e7715fa5-2eb3-44f5-a256-4ee7476c081d,aoi_3_bologna,SUCCEEDED,2025-07-15 11:11:28+00:00,10,S1B_IW_SLC__1SDV_20190717T052654_20190717T052721_017169_0204BF_30D7,S1B_IW_SLC__1SDV_20190729T052655_20190729T052722_017344_0209DE_A100,20190717,20190729,INSAR_GAMMA,20x4,True,True,False,False,False,False,0.6,S1BB_20190717T052654_20190729T052655_VVP012_INT80_G_ueF_CCBC.zip,206.19,20190717_20190729,
c206098e-4e0a-412d-902b-e4a73bee5bef,aoi_3_bologna,SUCCEEDED,2025-07-15 11:11:27+00:00,10,S1B_IW_SLC__1SDV_20191114T052655_20191114T052723_018919_023AEE_4D67,S1A_IW_SLC__1SDV_20191120T052737_20191120T052804_029990_036C61_A237,20191114,20191120,INSAR_GAMMA,20x4,True,True,False,False,False,False,0.6,S1BA_20191114T052655_20191120T052737_VVP006_INT80_G_ueF_91B9.zip,205.68,20191114_20191120,
6e4ff7d1-5f0d-49e0-bdda-4f668d39caea,aoi_3_bologna,SUCCEEDED,2025-07-15 11:11:26+00:00,10,S1B_IW_SLC__1SDV_20180815T052647_20180815T052714_012269_0169B5_C097,S1B_IW_SLC__1SDV_20180908T052648_20180908T052715_012619_01748C_8F2F,20180815,20180908,INSAR_GAMMA,20x4,True,True,False,False,False,False,0.6,S1BB_20180815T052647_20180908T052648_VVP024_INT80_G_ueF_5489.zip,206.95,20180815_20180908,
87ba4d68-822a-464d-976e-02dea0f7ceec,aoi_3_bologna,SUCCEEDED,2025-07-15 11:11:25+00:00,10,S1A_IW_SLC__1SDV_20220929T052755_20220929T052822_045215_05677E_DC6E,S1A_IW_SLC__1SDV_20221023T052755_20221023T052822_045565_057294_CAD9,20220929,20221023,INSAR_GAMMA,20x4,True,True,False,False,False,False,0.6,S1AA_20220929T052755_20221023T052755_VVP024_INT80_G_ueF_4F4F.zip,208.35,20220929_20221023,
275d1e45-12e2-4339-8ded-f03aa947cb9d,aoi_3_bologna,SUCCEEDED,2025-07-15 11:11:24+00:00,10,S1C_IW_SLC__1SDV_20250522T052648_20250522T052715_002439_0051B0_6A61,S1C_IW_SLC__1SDV_20250615T052650_20250615T052717_002789_005BB9_453C,20250522,20250615,INSAR_GAMMA,20x4,True,True,False,False,False,False,0.6,S1CC_20250522T052648_20250615T052650_VVP024_INT80_G_ueF_B5DD.zip,207.86,20250522_20250615,
96b0a305-5dfb-4c5c-8db0-7cc8aa01a9d0,aoi_3_bologna,SUCCEEDED,2025-07-15 11:11:23+00:00,10,S1A_IW_SLC__1SDV_20200119T052734_20200119T052801_030865_038AB8_DB95,S1A_IW_SLC__1SDV_20200212T052734_20200212T052801_031215_0396EC_9486,20200119,20200212,INSAR_GAMMA,20x4,True,True,False,False,False,False,0.6,S1AA_20200119T052734_20200212T052734_VVP024_INT80_G_ueF_10C6.zip,207.17,20200119_20200212,
c3a4b49c-172a-42c5-b853-7140adf9642a,aoi_3_bologna,SUCCEEDED,2025-07-15 11:11:22+00:00,10,S1C_IW_SLC__1SDV_20250510T052647_20250510T052714_002264_004CDC_B596,S1C_IW_SLC__1SDV_20250603T052649_20250603T052716_002614_0056AB_FBD0,20250510,20250603,INSAR_GAMMA,20x4,True,True,False,False,False,False,0.6,S1CC_20250510T052647_20250603T052649_VVP024_INT80_G_ueF_4C68.zip,207.69,20250510_20250603,
68b9d749-6f5a-423a-8532-845a04b41dda,aoi_3_bologna,SUCCEEDED,2025-07-15 11:11:21+00:00,10,S1A_IW_SLC__1SDV_20181231T052729_20181231T052756_025265_02CB42_9A6C,S1B_IW_SLC__1SDV_20190118T052633_20190118T052701_014544_01B17A_6797,20181231,20190118,INSAR_GAMMA,20x4,True,True,False,False,False,False,0.6,S1AB_20181231T052729_20190118T052633_VVP018_INT80_G_ueF_EC78.zip,112.88,20181231_20190118,
e94d99a1-0761-4eda-b309-01706fc30ff3,aoi_3_bologna,SUCCEEDED,2025-07-15 11:11:20+00:00,10,S1A_IW_SLC__1SDV_20180926T052730_20180926T052757_023865_029AC2_A56B,S1A_IW_SLC__1SDV_20181008T052731_20181008T052758_024040_02A081_9F83,20180926,20181008,INSAR_GAMMA,20x4,True,True,False,False,False,False,0.6,S1AA_20180926T052730_20181008T052731_VVP012_INT80_G_ueF_AF93.zip,208.27,20180926_20181008,
1031946f-75ad-4e0e-a729-cdb4185cf60b,aoi_3_bologna,SUCCEEDED,2025-07-15 11:11:18+00:00,10,S1A_IW_SLC__1SDV_20191202T052736_20191202T052803_030165_037270_3899,S1A_IW_SLC__1SDV_20191214T052736_20191214T052803_030340_03787B_41FA,20191202,20191214,INSAR_GAMMA,20x4,True,True,False,False,False,False,0.6,S1AA_20191202T052736_20191214T052736_VVP012_INT80_G_ueF_4966.zip,207.98,20191202_20191214,
8c91159d-be64-4619-bc87-2f74e023f92a,aoi_3_bologna,SUCCEEDED,2025-07-15 11:11:17+00:00,10,S1A_IW_SLC__1SDV_20250410T052749_20250410T052816_058690_074497_D8B1,S1C_IW_SLC__1SDV_20250428T052623_20250428T052654_002089_0045F6_764C,20250410,20250428,INSAR_GAMMA,20x4,True,True,False,False,False,False,0.6,S1AC_20250410T052749_20250428T052623_VVP018_INT80_G_ueF_49D5.zip,147.38,20250410_20250428,
bd87226b-bcb8-4a81-8d5e-4ac377b78a36,aoi_3_bologna,SUCCEEDED,2025-07-15 11:11:16+00:00,10,S1A_IW_SLC__1SDV_20200331T052734_20200331T052801_031915_03AF41_38E9,S1A_IW_SLC__1SDV_20200412T052734_20200412T052801_032090_03B56C_ED00,20200331,20200412,INSAR_GAMMA,20x4,True,True,False,False,False,False,0.6,S1AA_20200331T052734_20200412T052734_VVP012_INT80_G_ueF_55E8.zip,206.72,20200331_20200412,
7aa01819-72a4-44d3-aa61-daa30cf10c1b,aoi_3_bologna,SUCCEEDED,2025-07-15 11:11:15+00:00,10,S1A_IW_SLC__1SDV_20200107T052735_20200107T052802_030690_038490_DD42,S1B_IW_SLC__1SDV_20200113T052653_20200113T052721_019794_0256CD_F5CC,20200107,20200113,INSAR_GAMMA,20x4,True,True,False,False,False,False,0.6,S1AB_20200107T052735_20200113T052653_VVP006_INT80_G_ueF_6DE6.zip,205.19,20200107_20200113,
90d2a25a-6f88-4a6d-a6c7-af80d994e256,aoi_3_bologna,SUCCEEDED,2025-07-15 11:11:14+00:00,10,S1A_IW_SLC__1SDV_20240203T052756_20240203T052823_052390_0655D1_FAA4,S1A_IW_SLC__1SDV_20240227T052756_20240227T052823_052740_0661B3_D2A7,20240203,20240227,INSAR_GAMMA,20x4,True,True,False,False,False,False,0.6,S1AA_20240203T052756_20240227T052756_VVP024_INT80_G_ueF_6FE6.zip,207.74,20240203_20240227,
193fa486-0c08-4650-b1cc-8a46d9e43b71,aoi_3_bologna,SUCCEEDED,2025-07-15 11:11:11+00:00,10,S1A_IW_SLC__1SDV_20190112T052728_20190112T052755_025440_02D18B_2790,S1B_IW_SLC__1SDV_20190130T052632_20190130T052700_014719_01B71A_E4CB,20190112,20190130,INSAR_GAMMA,20x4,True,True,False,False,False,False,0.6,S1AB_20190112T052728_20190130T052632_VVP018_INT80_G_ueF_3648.zip,113.75,20190112_20190130,
0ea40bd1-755b-40a2-a390-ab1a45c5f973,aoi_3_bologna,SUCCEEDED,2025-07-15 11:11:08+00:00,10,S1A_IW_SLC__1SDV_20250221T052749_20250221T052816_057990_072856_3D27,S1A_IW_SLC__1SDV_20250317T052749_20250317T052816_058340_073676_E9BD,20250221,20250317,INSAR_GAMMA,20x4,True,True,False,False,False,False,0.6,S1AA_20250221T052749_20250317T052749_VVP024_INT80_G_ueF_3D0D.zip,208.0,20250221_20250317,
c93d1197-c943-4c42-b387-ea621f73598b,aoi_3_bologna,SUCCEEDED,2025-07-15 11:11:06+00:00,10,S1C_IW_SLC__1SDV_20250510T052647_20250510T052714_002264_004CDC_B596,S1A_IW_SLC__1SDV_20250528T052749_20250528T052816_059390_075F2B_7C91,20250510,20250528,INSAR_GAMMA,20x4,True,True,False,False,False,False,0.6,S1CA_20250510T052647_20250528T052749_VVP018_INT80_G_ueF_2FD2.zip,127.15,20250510_20250528,
c3dcce13-797a-439c-a050-5ce0bb7f98d8,aoi_3_bologna,SUCCEEDED,2025-07-15 11:11:05+00:00,10,S1B_IW_SLC__1SDV_20201120T052704_20201120T052731_024344_02E49B_D239,S1A_IW_SLC__1SDV_20201208T052742_20201208T052809_035590_042995_4806,20201120,20201208,INSAR_GAMMA,20x4,True,True,False,False,False,False,0.6,S1BA_20201120T052704_20201208T052742_VVP018_INT80_G_ueF_1CA4.zip,186.92,20201120_20201208,
170247c1-c22b-47e3-8a37-3276c2b36357,aoi_3_bologna,SUCCEEDED,2025-07-15 11:11:03+00:00,10,S1B_IW_SLC__1SDV_20210224T052659_20210224T052727_025744_0311BA_395D,S1B_IW_SLC__1SDV_20210308T052659_20210308T052727_025919_031775_A250,20210224,20210308,INSAR_GAMMA,20x4,True,True,False,False,False,False,0.6,S1BB_20210224T052659_20210308T052659_VVP012_INT80_G_ueF_3E71.zip,210.8,20210224_20210308,
555aabba-7ed5-41e9-b850-cbdb699ffb8b,aoi_3_bologna,SUCCEEDED,2025-07-15 11:11:02+00:00,10,S1A_IW_SLC__1SDV_20190617T052731_20190617T052758_027715_0320DB_11E5,S1B_IW_SLC__1SDV_20190705T052653_20190705T052720_016994_01FF99_D6A5,20190617,20190705,INSAR_GAMMA,20x4,True,True,False,False,False,False,0.6,S1AB_20190617T052731_20190705T052653_VVP018_INT80_G_ueF_24E9.zip,187.45,20190617_20190705,
6a5994cd-a133-4c3d-b0c5-83673968a9f9,aoi_3_bologna,SUCCEEDED,2025-07-15 11:11:01+00:00,10,S1A_IW_SLC__1SDV_20180517T052723_20180517T052750_021940_025E79_F818,S1A_IW_SLC__1SDV_20180610T052725_20180610T052752_022290_026990_BEE7,20180517,20180610,INSAR_GAMMA,20x4,True,True,False,False,False,False,0.6,S1AA_20180517T052723_20180610T052725_VVP024_INT80_G_ueF_50D1.zip,209.64,20180517_20180610,
0114b988-e4da-4f53-8d74-85cabac5615e,aoi_3_bologna,SUCCEEDED,2025-07-15 11:11:00+00:00,10,S1A_IW_SLC__1SDV_20210302T052739_20210302T052806_036815_045422_DB18,S1B_IW_SLC__1SDV_20210320T052659_20210320T052727_026094_031D17_942E,20210302,20210320,INSAR_GAMMA,20x4,True,True,False,False,False,False,0.6,S1AB_20210302T052739_20210320T052659_VVP018_INT80_G_ueF_BC5E.zip,194.17,20210302_20210320,
a78b8ad7-4d3f-461f-ad90-233afc977081,aoi_3_bologna,SUCCEEDED,2025-07-15 11:10:59+00:00,10,S1A_IW_SLC__1SDV_20190723T052733_20190723T052800_028240_0330AD_C0B7,S1A_IW_SLC__1SDV_20190804T052734_20190804T052801_028415_033604_65D4,20190723,20190804,INSAR_GAMMA,20x4,True,True,False,False,False,False,0.6,S1AA_20190723T052733_20190804T052734_VVP012_INT80_G_ueF_387A.zip,207.24,20190723_20190804,
ab28f745-2804-4c2a-b5bd-8fe392bc4ca0,aoi_3_bologna,SUCCEEDED,2025-07-15 11:10:57+00:00,10,S1A_IW_SLC__1SDV_20180318T052721_20180318T052748_021065_0242E8_980B,S1A_IW_SLC__1SDV_20180411T052722_20180411T052749_021415_024DEE_8429,20180318,20180411,INSAR_GAMMA,20x4,True,True,False,False,False,False,0.6,S1AA_20180318T052721_20180411T052722_VVP024_INT80_G_ueF_2968.zip,207.71,20180318_20180411,
4a918b6c-8836-4946-b37c-9e2d58a1cc9e,aoi_3_bologna,SUCCEEDED,2025-07-15 11:10:56+00:00,10,S1C_IW_SLC__1SDV_20250615T052625_20250615T052652_002789_005BB9_3BFB,S1C_IW_SLC__1SDV_20250627T052626_20250627T052653_002964_0060C9_7812,20250615,20250627,INSAR_GAMMA,20x4,True,True,False,False,False,False,0.6,S1CC_20250615T052625_20250627T052626_VVR012_INT80_G_ueF_A260.zip,210.31,20250615_20250627,
7ed5a183-5a8d-4dd9-ba10-ed3b3ac18d88,aoi_3_bologna,SUCCEEDED,2025-07-15 11:10:53+00:00,10,S1B_IW_SLC__1SDV_20210519T052650_20210519T052717_026969_0338DC_11C3,S1B_IW_SLC__1SDV_20210531T052703_20210531T052730_027144_033E10_A0C2,20210519,20210531,INSAR_GAMMA,20x4,True,True,False,False,False,False,0.6,S1BB_20210519T052650_20210531T052703_VVP012_INT80_G_ueF_8555.zip,113.4,20210519_20210531,
6f3072a1-2dfa-416e-ae1a-be6746285131,aoi_3_bologna,SUCCEEDED,2025-07-15 11:10:52+00:00,10,S1A_IW_SLC__1SDV_20170215T052703_20170215T052730_015290_0190F9_ED5F,S1A_IW_SLC__1SDV_20170227T052703_20170227T052730_015465_01964E_C28B,20170215,20170227,INSAR_GAMMA,20x4,True,True,False,False,False,False,0.6,S1AA_20170215T052703_20170227T052703_VVP012_INT80_G_ueF_0A19.zip,206.7,20170215_20170227,
1a3595c3-8af2-4e0a-ba6c-d08c680a2b42,aoi_3_bologna,SUCCEEDED,2025-07-15 11:10:50+00:00,10,S1A_IW_SLC__1SDV_20191214T052736_20191214T052803_030340_03787B_41FA,S1A_IW_SLC__1SDV_20191226T052735_20191226T052802_030515_037E84_7CE9,20191214,20191226,INSAR_GAMMA,20x4,True,True,False,False,False,False,0.6,S1AA_20191214T052736_20191226T052735_VVP012_INT80_G_ueF_031D.zip,206.72,20191214_20191226,
fb9f07fb-c395-45d5-ae32-849686b0c57e,aoi_3_bologna,SUCCEEDED,2025-07-15 11:10:49+00:00,10,S1B_IW_SLC__1SDV_20190506T052633_20190506T052701_016119_01E53A_17A0,S1B_IW_SLC__1SDV_20190530T052651_20190530T052718_016469_01F003_ECE1,20190506,20190530,INSAR_GAMMA,20x4,True,True,False,False,False,False,0.6,S1BB_20190506T052633_20190530T052651_VVP024_INT80_G_ueF_399C.zip,93.55,20190506_20190530,
4ddb9e1d-8ce2-4f09-a894-8b650c63ba36,aoi_3_bologna,SUCCEEDED,2025-07-15 11:10:48+00:00,10,S1A_IW_SLC__1SDV_20191120T052737_20191120T052804_029990_036C61_A237,S1B_IW_SLC__1SDV_20191208T052654_20191208T052722_019269_024619_3706,20191120,20191208,INSAR_GAMMA,20x4,True,True,False,False,False,False,0.6,S1AB_20191120T052737_20191208T052654_VVP018_INT80_G_ueF_BB74.zip,206.72,20191120_20191208,
5eb85fe1-118f-4419-aa0d-20bc3ca39ec6,aoi_3_bologna,SUCCEEDED,2025-07-15 11:10:47+00:00,10,S1A_IW_SLC__1SDV_20180809T052728_20180809T052755_023165_02843F_1B64,S1A_IW_SLC__1SDV_20180902T052730_20180902T052757_023515_028F75_0BF8,20180809,20180902,INSAR_GAMMA,20x4,True,True,False,False,False,False,0.6,S1AA_20180809T052728_20180902T052730_VVP024_INT80_G_ueF_1720.zip,208.02,20180809_20180902,
39a75319-faf8-4860-b62a-d89b515b2568,aoi_3_bologna,SUCCEEDED,2025-07-15 11:10:46+00:00,10,S1A_IW_SLC__1SDV_20210817T052747_20210817T052814_039265_04A2DC_402E,S1B_IW_SLC__1SDV_20210904T052709_20210904T052736_028544_036806_5330,20210817,20210904,INSAR_GAMMA,20x4,True,True,False,False,False,False,0.6,S1AB_20210817T052747_20210904T052709_VVP018_INT80_G_ueF_8907.zip,187.22,20210817_20210904,
53e10be8-d56a-441c-aad4-8896ae597d13,aoi_3_bologna,SUCCEEDED,2025-07-15 11:10:45+00:00,10,S1A_IW_SLC__1SDV_20250221T052749_20250221T052816_057990_072856_3D27,S1A_IW_SLC__1SDV_20250305T052749_20250305T052816_058165_072F82_A82A,20250221,20250305,INSAR_GAMMA,20x4,True,True,False,False,False,False,0.6,S1AA_20250221T052749_20250305T052749_VVP012_INT80_G_ueF_85C0.zip,205.16,20250221_20250305,
58cb7694-b5c7-4ed9-8da6-6e31bda0deea,aoi_3_bologna,SUCCEEDED,2025-07-15 11:10:43+00:00,10,S1A_IW_SLC__1SDV_20170404T052704_20170404T052731_015990_01A5FE_0277,S1A_IW_SLC__1SDV_20170428T052705_20170428T052732_016340_01B0AA_3663,20170404,20170428,INSAR_GAMMA,20x4,True,True,False,False,False,False,0.6,S1AA_20170404T052704_20170428T052705_VVP024_INT80_G_ueF_E124.zip,210.16,20170404_20170428,
cb02386e-0ba8-4d02-b29e-dde183abc657,aoi_3_bologna,SUCCEEDED,2025-07-15 11:10:42+00:00,10,S1A_IW_SLC__1SDV_20190313T052727_20190313T052754_026315_02F11A_9B61,S1A_IW_SLC__1SDV_20190406T052728_20190406T052755_026665_02FE08_6CC6,20190313,20190406,INSAR_GAMMA,20x4,True,True,False,False,False,False,0.6,S1AA_20190313T052727_20190406T052728_VVP024_INT80_G_ueF_7F23.zip,206.88,20190313_20190406,
2566dfa2-667d-409a-8674-2baea8133cd6,aoi_3_bologna,SUCCEEDED,2025-07-15 11:10:41+00:00,10,S1B_IW_SLC__1SDV_20180417T052626_20180417T052654_010519_0132DA_3448,S1A_IW_SLC__1SDV_20180423T052722_20180423T052749_021590_025363_B564,20180417,20180423,INSAR_GAMMA,20x4,True,True,False,False,False,False,0.6,S1BA_20180417T052626_20180423T052722_VVP006_INT80_G_ueF_C9FD.zip,112.77,20180417_20180423,
c17c9150-d659-421c-9ba6-1d14aa0ec88f,aoi_3_bologna,SUCCEEDED,2025-07-15 11:10:40+00:00,10,S1A_IW_SLC__1SDV_20240122T052757_20240122T052824_052215_064FE6_7F94,S1A_IW_SLC__1SDV_20240215T052756_20240215T052823_052565_065BBA_BFC6,20240122,20240215,INSAR_GAMMA,20x4,True,True,False,False,False,False,0.6,S1AA_20240122T052757_20240215T052756_VVP024_INT80_G_ueF_E95F.zip,206.89,20240122_20240215,
802a6743-8a7b-4388-82d6-c723bae5088b,aoi_3_bologna,SUCCEEDED,2025-07-15 11:10:39+00:00,10,S1B_IW_SLC__1SDV_20201202T052652_20201202T052720_024519_02EA28_CC32,S1A_IW_SLC__1SDV_20201220T052742_20201220T052809_035765_042F95_D318,20201202,20201220,INSAR_GAMMA,20x4,True,True,False,False,False,False,0.6,S1BA_20201202T052652_20201220T052742_VVP018_INT80_G_ueF_9EAC.zip,152.8,20201202_20201220,
7d95320b-2804-4de1-861d-ce84edfbf141,aoi_3_bologna,SUCCEEDED,2025-07-15 11:10:37+00:00,10,S1C_IW_SLC__1SDV_20250428T052623_20250428T052654_002089_0045F6_764C,S1C_IW_SLC__1SDV_20250510T052647_20250510T052714_002264_004CDC_B596,20250428,20250510,INSAR_GAMMA,20x4,True,True,False,False,False,False,0.6,S1CC_20250428T052623_20250510T052647_VVP012_INT80_G_ueF_C989.zip,67.2,20250428_20250510,
6a522df7-647f-40ae-8018-64de95578536,aoi_3_bologna,SUCCEEDED,2025-07-15 11:10:36+00:00,10,S1B_IW_SLC__1SDV_20200723T052701_20200723T052728_022594_02AE21_F84A,S1A_IW_SLC__1SDV_20200729T052740_20200729T052807_033665_03E6D8_5C43,20200723,20200729,INSAR_GAMMA,20x4,True,True,False,False,False,False,0.6,S1BA_20200723T052701_20200729T052740_VVP006_INT80_G_ueF_D0F5.zip,185.29,20200723_20200729,
bb612ce5-5275-40ab-aaba-8f7ff8d5b313,aoi_3_bologna,SUCCEEDED,2025-07-15 11:10:35+00:00,10,S1B_IW_SLC__1SDV_20210107T052703_20210107T052730_025044_02FB1E_53A0,S1A_IW_SLC__1SDV_20210125T052742_20210125T052810_036290_0441E9_6E89,20210107,20210125,INSAR_GAMMA,20x4,True,True,False,False,False,False,0.6,S1BA_20210107T052703_20210125T052742_VVP018_INT80_G_ueF_7A36.zip,198.56,20210107_20210125,
5748679f-c22b-4833-aa54-d23a672bf6c3,aoi_3_bologna,SUCCEEDED,2025-07-15 11:10:33+00:00,10,S1C_IW_SLC__1SDV_20250522T052623_20250522T052650_002439_0051B0_D5F0,S1A_IW_SLC__1SDV_20250528T052749_20250528T052816_059390_075F2B_7C91,20250522,20250528,INSAR_GAMMA,20x4,True,True,False,False,False,False,0.6,S1CA_20250522T052623_20250528T052749_VVP006_INT80_G_ueF_4B31.zip,107.65,20250522_20250528,
dd85ec9f-9212-4227-871d-543d978efca2,aoi_3_bologna,SUCCEEDED,2025-07-15 11:10:32+00:00,10,S1A_IW_SLC__1SDV_20201114T052743_20201114T052810_035240_041D81_B6F4,S1A_IW_SLC__1SDV_20201208T052742_20201208T052809_035590_042995_4806,20201114,20201208,INSAR_GAMMA,20x4,True,True,False,False,False,False,0.6,S1AA_20201114T052743_20201208T052742_VVP024_INT80_G_ueF_C01F.zip,207.99,20201114_20201208,
db1342ee-298e-4dca-8b7d-e77e76a62ddd,aoi_3_bologna,SUCCEEDED,2025-07-15 11:10:31+00:00,10,S1B_IW_SLC__1SDV_20210320T052659_20210320T052727_026094_031D17_942E,S1A_IW_SLC__1SDV_20210326T052740_20210326T052807_037165_04604D_AB9A,20210320,20210326,INSAR_GAMMA,20x4,True,True,False,False,False,False,0.6,S1BA_20210320T052659_20210326T052740_VVP006_INT80_G_ueF_EF99.zip,190.73,20210320_20210326,
37707d6c-db26-47f7-ae4a-703dd6667ae7,aoi_3_bologna,SUCCEEDED,2025-07-15 11:10:26+00:00,10,S1A_IW_SLC__1SDV_20180728T052727_20180728T052754_022990_027EC5_4DAE,S1A_IW_SLC__1SDV_20180809T052728_20180809T052755_023165_02843F_1B64,20180728,20180809,INSAR_GAMMA,20x4,True,True,False,False,False,False,0.6,S1AA_20180728T052727_20180809T052728_VVP012_INT80_G_ueF_3DFD.zip,207.62,20180728_20180809,
b46e2cbb-4c4f-4945-8d4c-a5338eb45b03,aoi_3_bologna,SUCCEEDED,2025-07-15 11:10:23+00:00,10,S1B_IW_SLC__1SDV_20180628T052652_20180628T052719_011569_01543E_E189,S1B_IW_SLC__1SDV_20180710T052645_20180710T052711_011744_0159AE_E9E0,20180628,20180710,INSAR_GAMMA,20x4,True,True,False,False,False,False,0.6,S1BB_20180628T052652_20180710T052645_VVP012_INT80_G_ueF_FDD2.zip,146.27,20180628_20180710,
747af1f1-cf16-41a3-9d70-2e49b9c7f70f,aoi_3_bologna,SUCCEEDED,2025-07-15 11:10:21+00:00,10,S1A_IW_SLC__1SDV_20180926T052730_20180926T052757_023865_029AC2_A56B,S1B_IW_SLC__1SDV_20181014T052649_20181014T052716_013144_018497_7619,20180926,20181014,INSAR_GAMMA,20x4,True,True,False,False,False,False,0.6,S1AB_20180926T052730_20181014T052649_VVP018_INT80_G_ueF_1DCA.zip,207.83,20180926_20181014,
13d6cdba-8738-4abb-a57c-9f0d40993c4e,aoi_3_bologna,SUCCEEDED,2025-07-15 11:10:17+00:00,10,S1B_IW_SLC__1SDV_20170820T052648_20170820T052715_007019_00C5DD_040A,S1A_IW_SLC__1SDV_20170907T052723_20170907T052750_018265_01EB5E_D8F0,20170820,20170907,INSAR_GAMMA,20x4,True,True,False,False,False,False,0.6,S1BA_20170820T052648_20170907T052723_VVP018_INT80_G_ueF_6DEE.zip,145.81,20170820_20170907,
86d758b8-d3c8-491d-9d56-2bf0620266e2,aoi_3_bologna,SUCCEEDED,2025-07-15 11:10:14+00:00,10,S1A_IW_SLC__1SDV_20190828T052735_20190828T052802_028765_0341F8_5329,S1B_IW_SLC__1SDV_20190915T052657_20190915T052724_018044_021F7F_4F9E,20190828,20190915,INSAR_GAMMA,20x4,True,True,False,False,False,False,0.6,S1AB_20190828T052735_20190915T052657_VVP018_INT80_G_ueF_CD2B.zip,186.7,20190828_20190915,
a57d8e79-8450-413a-8ebb-5b7be828ae8a,aoi_3_bologna,SUCCEEDED,2025-07-15 11:10:09+00:00,10,S1B_IW_SLC__1SDV_20170528T052627_20170528T052654_005794_00A285_D8B7,S1B_IW_SLC__1SDV_20170621T052645_20170621T052712_006144_00ACB6_D4C6,20170528,20170621,INSAR_GAMMA,20x4,True,True,False,False,False,False,0.6,S1BB_20170528T052627_20170621T052645_VVP024_INT80_G_ueF_0684.zip,87.26,20170528_20170621,
a1e42bb3-02f1-46fd-9bc9-94acf6b7b0b3,aoi_3_bologna,SUCCEEDED,2025-07-15 11:10:03+00:00,10,S1A_IW_SLC__1SDV_20170428T052705_20170428T052732_016340_01B0AA_3663,S1A_IW_SLC__1SDV_20170522T052706_20170522T052733_016690_01BB5A_71C2,20170428,20170522,INSAR_GAMMA,20x4,True,True,False,False,False,False,0.6,S1AA_20170428T052705_20170522T052706_VVP024_INT80_G_ueF_C5AF.zip,209.74,20170428_20170522,
848bded2-944d-48d8-b9c2-9160ccba95bd,aoi_3_bologna,SUCCEEDED,2025-07-15 11:10:01+00:00,10,S1A_IW_SLC__1SDV_20220520T052748_20220520T052815_043290_052B73_9189,S1A_IW_SLC__1SDV_20220613T052750_20220613T052816_043640_0535D2_E355,20220520,20220613,INSAR_GAMMA,20x4,True,True,False,False,False,False,0.6,S1AA_20220520T052748_20220613T052750_VVP024_INT80_G_ueF_A641.zip,209.19,20220520_20220613,
8afb0899-e693-4a0b-9a10-666f2b722872,aoi_3_bologna,SUCCEEDED,2025-07-15 11:09:57+00:00,10,S1A_IW_SLC__1SDV_20191027T052737_20191027T052804_029640_03601E_59ED,S1A_IW_SLC__1SDV_20191120T052737_20191120T052804_029990_036C61_A237,20191027,20191120,INSAR_GAMMA,20x4,True,True,False,False,False,False,0.6,S1AA_20191027T052737_20191120T052737_VVP024_INT80_G_ueF_9161.zip,208.91,20191027_20191120,
0662f04f-ea31-48e5-939a-f0c273125f86,aoi_3_bologna,SUCCEEDED,2025-07-15 11:09:53+00:00,10,S1A_IW_SLC__1SDV_20210302T052739_20210302T052806_036815_045422_DB18,S1A_IW_SLC__1SDV_20210314T052739_20210314T052806_036990_045A45_0F92,20210302,20210314,INSAR_GAMMA,20x4,True,True,False,False,False,False,0.6,S1AA_20210302T052739_20210314T052739_VVP012_INT80_G_ueF_8ABA.zip,206.97,20210302_20210314,
32836497-43ab-4cdf-8c95-83284ba26bbd,aoi_3_bologna,SUCCEEDED,2025-07-15 11:09:50+00:00,10,S1B_IW_SLC__1SDV_20201202T052652_20201202T052720_024519_02EA28_CC32,S1B_IW_SLC__1SDV_20201214T052652_20201214T052720_024694_02EFD8_1E0E,20201202,20201214,INSAR_GAMMA,20x4,True,True,False,False,False,False,0.6,S1BB_20201202T052652_20201214T052652_VVP012_INT80_G_ueF_B0C1.zip,214.49,20201202_20201214,
5c37e675-d5dc-41cf-84cd-17fe854c7b5d,aoi_3_bologna,SUCCEEDED,2025-07-15 11:09:49+00:00,10,S1A_IW_SLC__1SDV_20250128T052750_20250128T052817_057640_071A53_5C66,S1A_IW_SLC__1SDV_20250221T052749_20250221T052816_057990_072856_3D27,20250128,20250221,INSAR_GAMMA,20x4,True,True,False,False,False,False,0.6,S1AA_20250128T052750_20250221T052749_VVP024_INT80_G_ueF_79BE.zip,207.43,20250128_20250221,
47ca43ae-ac95-4837-8d5e-53fdf527b2f7,aoi_3_bologna,SUCCEEDED,2025-07-15 11:09:46+00:00,10,S1B_IW_SLC__1SDV_20170808T052648_20170808T052715_006844_00C0C1_C412,S1A_IW_SLC__1SDV_20170814T052722_20170814T052749_017915_01E0C1_5791,20170808,20170814,INSAR_GAMMA,20x4,True,True,False,False,False,False,0.6,S1BA_20170808T052648_20170814T052722_VVP006_INT80_G_ueF_56BA.zip,145.37,20170808_20170814,
5ae5cd8e-575a-4e60-a886-45df0197950b,aoi_3_bologna,SUCCEEDED,2025-07-15 11:09:45+00:00,10,S1A_IW_SLC__1SDV_20171025T052724_20171025T052751_018965_0200D3_66D3,S1A_IW_SLC__1SDV_20171106T052724_20171106T052751_019140_020636_06A7,20171025,20171106,INSAR_GAMMA,20x4,True,True,False,False,False,False,0.6,S1AA_20171025T052724_20171106T052724_VVP012_INT80_G_ueF_0750.zip,207.83,20171025_20171106,
10ec09c8-6238-41f9-ba70-acd97e48d6c2,aoi_3_bologna,SUCCEEDED,2025-07-15 11:09:43+00:00,10,S1B_IW_SLC__1SDV_20190729T052655_20190729T052722_017344_0209DE_A100,S1B_IW_SLC__1SDV_20190822T052656_20190822T052723_017694_02149F_2D88,20190729,20190822,INSAR_GAMMA,20x4,True,True,False,False,False,False,0.6,S1BB_20190729T052655_20190822T052656_VVP024_INT80_G_ueF_9833.zip,208.12,20190729_20190822,
41f332bf-9d42-43da-bd70-96b369881f50,aoi_3_bologna,SUCCEEDED,2025-07-15 11:09:42+00:00,10,S1A_IW_SLC__1SDV_20210501T052741_20210501T052808_037690_04727A_4318,S1A_IW_SLC__1SDV_20210525T052742_20210525T052809_038040_047D59_743B,20210501,20210525,INSAR_GAMMA,20x4,True,True,False,False,False,False,0.6,S1AA_20210501T052741_20210525T052742_VVP024_INT80_G_ueF_B627.zip,209.4,20210501_20210525,
4d555702-cb89-4a5e-a3af-f2cde265de2f,aoi_3_bologna,SUCCEEDED,2025-07-15 11:09:40+00:00,10,S1B_IW_SLC__1SDV_20180429T052627_20180429T052655_010694_013876_7C8F,S1B_IW_SLC__1SDV_20180523T052628_20180523T052656_011044_0143CC_AD07,20180429,20180523,INSAR_GAMMA,20x4,True,True,False,False,False,False,0.6,S1BB_20180429T052627_20180523T052628_VVP024_INT80_G_ueF_6A57.zip,216.35,20180429_20180523,
0f524e7f-524d-43ec-8768-d160cdd1241e,aoi_3_bologna,SUCCEEDED,2025-07-15 11:09:39+00:00,10,S1A_IW_SLC__1SDV_20211109T052749_20211109T052816_040490_04CD29_8A6F,S1A_IW_SLC__1SDV_20211203T052748_20211203T052815_040840_04D945_ACAF,20211109,20211203,INSAR_GAMMA,20x4,True,True,False,False,False,False,0.6,S1AA_20211109T052749_20211203T052748_VVP024_INT80_G_ueF_4CBA.zip,208.12,20211109_20211203,
5ed17239-9849-4b04-951c-0c9e3d463801,aoi_3_bologna,SUCCEEDED,2025-07-15 11:09:38+00:00,10,S1A_IW_SLC__1SDV_20200705T052739_20200705T052806_033315_03DC22_2E9B,S1B_IW_SLC__1SDV_20200711T052700_20200711T052727_022419_02A8D0_4DF9,20200705,20200711,INSAR_GAMMA,20x4,True,True,False,False,False,False,0.6,S1AB_20200705T052739_20200711T052700_VVP006_INT80_G_ueF_A0E0.zip,188.01,20200705_20200711,
52847a7f-0272-47ad-be5d-d5ec25a3e0f5,aoi_3_bologna,SUCCEEDED,2025-07-15 11:09:37+00:00,10,S1B_IW_SLC__1SDV_20191102T052658_20191102T052725_018744_023546_0C18,S1B_IW_SLC__1SDV_20191114T052655_20191114T052723_018919_023AEE_4D67,20191102,20191114,INSAR_GAMMA,20x4,True,True,False,False,False,False,0.6,S1BB_20191102T052658_20191114T052655_VVP012_INT80_G_ueF_B7B3.zip,194.09,20191102_20191114,
d91d69bc-44cf-4ce2-b2dc-50c5b5eda861,aoi_3_bologna,SUCCEEDED,2025-07-15 11:09:36+00:00,10,S1B_IW_SLC__1SDV_20170901T052649_20170901T052716_007194_00CAE9_527C,S1A_IW_SLC__1SDV_20170907T052723_20170907T052750_018265_01EB5E_D8F0,20170901,20170907,INSAR_GAMMA,20x4,True,True,False,False,False,False,0.6,S1BA_20170901T052649_20170907T052723_VVP006_INT80_G_ueF_A017.zip,145.87,20170901_20170907,
4cb727d3-d281-4a51-8d7c-d2c0ce42c5bc,aoi_3_bologna,SUCCEEDED,2025-07-15 11:09:35+00:00,10,S1A_IW_SLC__1SDV_20181125T052730_20181125T052757_024740_02B8BA_8B12,S1B_IW_SLC__1SDV_20181213T052634_20181213T052702_014019_01A04C_25C2,20181125,20181213,INSAR_GAMMA,20x4,True,True,False,False,False,False,0.6,S1AB_20181125T052730_20181213T052634_VVP018_INT80_G_ueF_C6FC.zip,113.28,20181125_20181213,
7091381f-eb86-43c4-a15f-e84867aa9c89,aoi_3_bologna,SUCCEEDED,2025-07-15 11:09:33+00:00,10,S1B_IW_SLC__1SDV_20200524T052657_20200524T052724_021719_029398_A4C9,S1A_IW_SLC__1SDV_20200611T052737_20200611T052804_032965_03D183_772E,20200524,20200611,INSAR_GAMMA,20x4,True,True,False,False,False,False,0.6,S1BA_20200524T052657_20200611T052737_VVP018_INT80_G_ueF_D961.zip,187.18,20200524_20200611,
40982943-489d-4145-bcb8-a035f67fbec4,aoi_3_bologna,SUCCEEDED,2025-07-15 11:09:32+00:00,10,S1B_IW_SLC__1SDV_20200816T052702_20200816T052729_022944_02B8D4_8C49,S1A_IW_SLC__1SDV_20200903T052742_20200903T052809_034190_03F8CD_D292,20200816,20200903,INSAR_GAMMA,20x4,True,True,False,False,False,False,0.6,S1BA_20200816T052702_20200903T052742_VVP018_INT80_G_ueF_352E.zip,186.36,20200816_20200903,
3adf3ac0-366a-4279-96fa-9a93040109fd,aoi_3_bologna,SUCCEEDED,2025-07-15 11:09:31+00:00,10,S1B_IW_SLC__1SDV_20171019T052650_20171019T052717_007894_00DF19_A9CA,S1B_IW_SLC__1SDV_20171112T052650_20171112T052717_008244_00E948_A489,20171019,20171112,INSAR_GAMMA,20x4,True,True,False,False,False,False,0.6,S1BB_20171019T052650_20171112T052650_VVP024_INT80_G_ueF_EBF1.zip,206.46,20171019_20171112,
7529409a-4c57-49fd-bb1b-d78791d7c1ef,aoi_3_bologna,SUCCEEDED,2025-07-15 11:09:30+00:00,10,S1B_IW_SLC__1SDV_20170703T052646_20170703T052713_006319_00B1C7_9D9A,S1A_IW_SLC__1SDV_20170709T052720_20170709T052747_017390_01D0C1_5C0C,20170703,20170709,INSAR_GAMMA,20x4,True,True,False,False,False,False,0.6,S1BA_20170703T052646_20170709T052720_VVP006_INT80_G_ueF_05F7.zip,145.75,20170703_20170709,
e9d3201c-6620-4a74-ac26-021c80a10a7c,aoi_3_bologna,SUCCEEDED,2025-07-15 11:09:28+00:00,10,S1A_IW_SLC__1SDV_20240930T052756_20240930T052823_055890_06D4F1_5BCD,S1A_IW_SLC__1SDV_20241024T052756_20241024T052823_056240_06E2C2_6986,20240930,20241024,INSAR_GAMMA,20x4,True,True,False,False,False,False,0.6,S1AA_20240930T052756_20241024T052756_VVP024_INT80_G_ueF_993D.zip,209.26,20240930_20241024,
dce182e5-e943-46a6-83b9-ae0454709b1a,aoi_3_bologna,SUCCEEDED,2025-07-15 11:09:27+00:00,10,S1B_IW_SLC__1SDV_20201226T052651_20201226T052719_024869_02F584_1449,S1B_IW_SLC__1SDV_20210107T052703_20210107T052730_025044_02FB1E_53A0,20201226,20210107,INSAR_GAMMA,20x4,True,True,False,False,False,False,0.6,S1BB_20201226T052651_20210107T052703_VVP012_INT80_G_ueF_6E76.zip,125.96,20201226_20210107,
55c1bc22-b3f6-463d-b98d-4b2a00811b9a,aoi_3_bologna,SUCCEEDED,2025-07-15 11:09:25+00:00,10,S1B_IW_SLC__1SDV_20210425T052649_20210425T052716_026619_032DCD_4881,S1B_IW_SLC__1SDV_20210519T052650_20210519T052717_026969_0338DC_11C3,20210425,20210519,INSAR_GAMMA,20x4,True,True,False,False,False,False,0.6,S1BB_20210425T052649_20210519T052650_VVP024_INT80_G_ueF_A9BF.zip,207.83,20210425_20210519,
d6b62393-147b-4c4d-bceb-ae2bba143103,aoi_3_bologna,SUCCEEDED,2025-07-15 11:09:24+00:00,10,S1A_IW_SLC__1SDV_20180914T052730_20180914T052757_023690_029512_F5AB,S1B_IW_SLC__1SDV_20180920T052648_20180920T052715_012794_0179E4_EAD9,20180914,20180920,INSAR_GAMMA,20x4,True,True,False,False,False,False,0.6,S1AB_20180914T052730_20180920T052648_VVP006_INT80_G_ueF_0BBF.zip,206.48,20180914_20180920,
d45648b2-3c60-472a-96a2-21c39d1450ae,aoi_3_bologna,SUCCEEDED,2025-07-15 11:09:22+00:00,10,S1B_IW_SLC__1SDV_20171019T052650_20171019T052717_007894_00DF19_A9CA,S1A_IW_SLC__1SDV_20171025T052724_20171025T052751_018965_0200D3_66D3,20171019,20171025,INSAR_GAMMA,20x4,True,True,False,False,False,False,0.6,S1BA_20171019T052650_20171025T052724_VVP006_INT80_G_ueF_8955.zip,145.69,20171019_20171025,
87108af2-03bd-4b9d-a380-7f4b435a0e29,aoi_3_bologna,SUCCEEDED,2025-07-15 11:09:21+00:00,10,S1A_IW_SLC__1SDV_20230515T052753_20230515T052820_048540_05D6AC_039B,S1A_IW_SLC__1SDV_20230608T052754_20230608T052821_048890_05E11C_8B09,20230515,20230608,INSAR_GAMMA,20x4,True,True,False,False,False,False,0.6,S1AA_20230515T052753_20230608T052754_VVP024_INT80_G_ueF_F1C6.zip,208.74,20230515_20230608,
4819973d-b334-4182-9f63-fdf297286049,aoi_3_bologna,SUCCEEDED,2025-07-15 11:09:19+00:00,10,S1B_IW_SLC__1SDV_20171112T052650_20171112T052717_008244_00E948_A489,S1A_IW_SLC__1SDV_20171118T052724_20171118T052751_019315_020BAB_D077,20171112,20171118,INSAR_GAMMA,20x4,True,True,False,False,False,False,0.6,S1BA_20171112T052650_20171118T052724_VVP006_INT80_G_ueF_E2CD.zip,145.96,20171112_20171118,
fce01d26-4fe4-4a2d-b7af-38ef3c3ae223,aoi_3_bologna,SUCCEEDED,2025-07-15 11:09:18+00:00,10,S1B_IW_SLC__1SDV_20210706T052705_20210706T052732_027669_034D60_B1C7,S1A_IW_SLC__1SDV_20210712T052745_20210712T052812_038740_049246_9206,20210706,20210712,INSAR_GAMMA,20x4,True,True,False,False,False,False,0.6,S1BA_20210706T052705_20210712T052745_VVP006_INT80_G_ueF_17DF.zip,185.48,20210706_20210712,
3e290e46-1a1b-4b56-9c63-a6812696fff6,aoi_3_bologna,SUCCEEDED,2025-07-15 11:09:16+00:00,10,S1B_IW_SLC__1SDV_20180123T052626_20180123T052654_009294_010ABE_AE4A,S1A_IW_SLC__1SDV_20180129T052721_20180129T052748_020365_022CA8_F715,20180123,20180129,INSAR_GAMMA,20x4,True,True,False,False,False,False,0.6,S1BA_20180123T052626_20180129T052721_VVP006_INT80_G_ueF_7403.zip,111.91,20180123_20180129,
04dcb90f-1fe8-4eb5-b48a-a9a5c612bc3b,aoi_3_bologna,SUCCEEDED,2025-07-15 11:09:15+00:00,10,S1A_IW_SLC__1SDV_20250504T052750_20250504T052817_059040_0752C4_8948,S1C_IW_SLC__1SDV_20250510T052622_20250510T052649_002264_004CDC_A592,20250504,20250510,INSAR_GAMMA,20x4,True,True,False,False,False,False,0.6,S1AC_20250504T052750_20250510T052622_VVP006_INT80_G_ueF_D468.zip,107.81,20250504_20250510,
f2182560-da31-4c8f-b802-ac33b1db6156,aoi_3_bologna,SUCCEEDED,2025-07-15 11:09:14+00:00,10,S1B_IW_SLC__1SDV_20210212T052700_20210212T052728_025569_030C04_1B7F,S1A_IW_SLC__1SDV_20210218T052739_20210218T052806_036640_044E13_C75B,20210212,20210218,INSAR_GAMMA,20x4,True,True,False,False,False,False,0.6,S1BA_20210212T052700_20210218T052739_VVP006_INT80_G_ueF_75B6.zip,191.22,20210212_20210218,
0f592b94-114e-44e7-baa1-94280e927237,aoi_3_bologna,SUCCEEDED,2025-07-15 11:09:13+00:00,10,S1A_IW_SLC__1SDV_20170603T052718_20170603T052745_016865_01C0C1_9BC4,S1B_IW_SLC__1SDV_20170609T052645_20170609T052712_005969_00A798_805C,20170603,20170609,INSAR_GAMMA,20x4,True,True,False,False,False,False,0.6,S1AB_20170603T052718_20170609T052645_VVP006_INT80_G_ueF_4421.zip,146.14,20170603_20170609,
22cd0da5-317d-4dc3-b322-4f2d15d9b335,aoi_3_bologna,SUCCEEDED,2025-07-15 11:09:12+00:00,10,S1B_IW_SLC__1SDV_20170104T052630_20170104T052659_003694_006588_7B59,S1A_IW_SLC__1SDV_20170110T052704_20170110T052731_014765_0180A8_38EC,20170104,20170110,INSAR_GAMMA,20x4,True,True,False,False,False,False,0.6,S1BA_20170104T052630_20170110T052704_VVP006_INT80_G_ueF_890C.zip,150.09,20170104_20170110,
367d5b66-37ae-4934-8400-a52ffdeea81d,aoi_3_bologna,SUCCEEDED,2025-07-15 11:09:11+00:00,10,S1B_IW_SLC__1SDV_20190518T052634_20190518T052702_016294_01EAAB_FD01,S1A_IW_SLC__1SDV_20190524T052730_20190524T052757_027365_03162B_4C3C,20190518,20190524,INSAR_GAMMA,20x4,True,True,False,False,False,False,0.6,S1BA_20190518T052634_20190524T052730_VVP006_INT80_G_ueF_A063.zip,113.22,20190518_20190524,
c59f6b35-d6da-4c87-b806-17af634e8210,aoi_3_bologna,SUCCEEDED,2025-07-15 11:09:09+00:00,10,S1B_IW_SLC__1SDV_20210811T052708_20210811T052735_028194_035D14_25ED,S1B_IW_SLC__1SDV_20210823T052708_20210823T052735_028369_03628D_BA55,20210811,20210823,INSAR_GAMMA,20x4,True,True,False,False,False,False,0.6,S1BB_20210811T052708_20210823T052708_VVP012_INT80_G_ueF_C6F7.zip,206.08,20210811_20210823,
b50c1451-2219-4653-94e5-1c92b712b0f0,aoi_3_bologna,SUCCEEDED,2025-07-15 11:09:07+00:00,10,S1C_IW_SLC__1SDV_20250615T052625_20250615T052652_002789_005BB9_3BFB,S1A_IW_SLC__1SDV_20250621T052748_20250621T052815_059740_076B2D_5242,20250615,20250621,INSAR_GAMMA,20x4,True,True,False,False,False,False,0.6,S1CA_20250615T052625_20250621T052748_VVP006_INT80_G_ueF_7940.zip,107.99,20250615_20250621,
49ddf51f-331b-49df-bf20-65179a3ecc81,aoi_3_bologna,SUCCEEDED,2025-07-15 11:09:05+00:00,10,S1B_IW_SLC__1SDV_20180511T052627_20180511T052655_010869_013E1D_DAA5,S1A_IW_SLC__1SDV_20180517T052723_20180517T052750_021940_025E79_F818,20180511,20180517,INSAR_GAMMA,20x4,True,True,False,False,False,False,0.6,S1BA_20180511T052627_20180517T052723_VVP006_INT80_G_ueF_B85A.zip,113.05,20180511_20180517,
12b1d031-18ef-4482-8e86-f37c17d8d55f,aoi_3_bologna,SUCCEEDED,2025-07-15 11:09:03+00:00,10,S1A_IW_SLC__1SDV_20220613T052750_20220613T052816_043640_0535D2_E355,S1A_IW_SLC__1SDV_20220707T052751_20220707T052818_043990_054042_43A6,20220613,20220707,INSAR_GAMMA,20x4,True,True,False,False,False,False,0.6,S1AA_20220613T052750_20220707T052751_VVP024_INT80_G_ueF_0C12.zip,208.31,20220613_20220707,
4791bd3e-d3c4-4987-a8f9-3f7d66969bf7,aoi_3_bologna,SUCCEEDED,2025-07-15 11:09:02+00:00,10,S1B_IW_SLC__1SDV_20200206T052652_20200206T052720_020144_026219_B0FF,S1A_IW_SLC__1SDV_20200224T052733_20200224T052800_031390_039CF2_FE0E,20200206,20200224,INSAR_GAMMA,20x4,True,True,False,False,False,False,0.6,S1BA_20200206T052652_20200224T052733_VVP018_INT80_G_ueF_1201.zip,204.02,20200206_20200224,
f6a81819-1d36-4875-bde8-221c896552b5,aoi_3_bologna,SUCCEEDED,2025-07-15 11:08:59+00:00,10,S1B_IW_SLC__1SDV_20170528T052627_20170528T052654_005794_00A285_D8B7,S1B_IW_SLC__1SDV_20170609T052645_20170609T052712_005969_00A798_805C,20170528,20170609,INSAR_GAMMA,20x4,True,True,False,False,False,False,0.6,S1BB_20170528T052627_20170609T052645_VVP012_INT80_G_ueF_3409.zip,86.78,20170528_20170609,
f36af577-6ec3-4976-869a-3dfc86977603,aoi_3_bologna,SUCCEEDED,2025-07-15 11:08:58+00:00,10,S1A_IW_SLC__1SDV_20180809T052728_20180809T052755_023165_02843F_1B64,S1B_IW_SLC__1SDV_20180815T052647_20180815T052714_012269_0169B5_C097,20180809,20180815,INSAR_GAMMA,20x4,True,True,False,False,False,False,0.6,S1AB_20180809T052728_20180815T052647_VVP006_INT80_G_ueF_DD3C.zip,206.81,20180809_20180815,
14e84605-2936-4268-a90c-c05f599c990b,aoi_3_bologna,SUCCEEDED,2025-07-15 11:08:56+00:00,10,S1A_IW_SLC__1SDV_20190217T052727_20190217T052754_025965_02E479_38FC,S1A_IW_SLC__1SDV_20190313T052727_20190313T052754_026315_02F11A_9B61,20190217,20190313,INSAR_GAMMA,20x4,True,True,False,False,False,False,0.6,S1AA_20190217T052727_20190313T052727_VVP024_INT80_G_ueF_D9E5.zip,206.34,20190217_20190313,
fc69f4ce-8d63-4716-ae0d-d290d67d42b1,aoi_3_bologna,SUCCEEDED,2025-07-15 11:08:54+00:00,10,S1B_IW_SLC__1SDV_20210224T052659_20210224T052727_025744_0311BA_395D,S1A_IW_SLC__1SDV_20210302T052739_20210302T052806_036815_045422_DB18,20210224,20210302,INSAR_GAMMA,20x4,True,True,False,False,False,False,0.6,S1BA_20210224T052659_20210302T052739_VVP006_INT80_G_ueF_35C0.zip,189.59,20210224_20210302,
8b52644d-acd8-40b8-a9bc-3fad1e6e2b9b,aoi_3_bologna,SUCCEEDED,2025-07-15 11:08:52+00:00,10,S1A_IW_SLC__1SDV_20180704T052726_20180704T052753_022640_0273F3_DAB6,S1B_IW_SLC__1SDV_20180722T052646_20180722T052713_011919_015F08_7539,20180704,20180722,INSAR_GAMMA,20x4,True,True,False,False,False,False,0.6,S1AB_20180704T052726_20180722T052646_VVP018_INT80_G_ueF_90D0.zip,207.56,20180704_20180722,
4667b4af-1634-47bb-ac7d-e16ed948d48e,aoi_3_bologna,SUCCEEDED,2025-07-15 11:08:51+00:00,10,S1B_IW_SLC__1SDV_20180803T052646_20180803T052713_012094_01644D_5E68,S1B_IW_SLC__1SDV_20180827T052647_20180827T052714_012444_016F26_38C1,20180803,20180827,INSAR_GAMMA,20x4,True,True,False,False,False,False,0.6,S1BB_20180803T052646_20180827T052647_VVP024_INT80_G_ueF_EF68.zip,208.29,20180803_20180827,
0a340cce-b4c4-4b19-b027-8d3696d0b294,aoi_3_bologna,SUCCEEDED,2025-07-15 11:08:49+00:00,10,S1A_IW_SLC__1SDV_20220402T052746_20220402T052813_042590_0514A4_7691,S1A_IW_SLC__1SDV_20220426T052746_20220426T052813_042940_05204A_A45F,20220402,20220426,INSAR_GAMMA,20x4,True,True,False,False,False,False,0.6,S1AA_20220402T052746_20220426T052746_VVP024_INT80_G_ueF_AE5B.zip,208.12,20220402_20220426,
7336aa99-62e8-4792-976e-5559c92fc14c,aoi_3_bologna,SUCCEEDED,2025-07-15 11:08:47+00:00,10,S1B_IW_SLC__1SDV_20181225T052634_20181225T052701_014194_01A61A_23EE,S1B_IW_SLC__1SDV_20190106T052633_20190106T052701_014369_01ABD6_5EEF,20181225,20190106,INSAR_GAMMA,20x4,True,True,False,False,False,False,0.6,S1BB_20181225T052634_20190106T052633_VVP012_INT80_G_ueF_51B6.zip,213.06,20181225_20190106,
7fdd60b7-851f-42b4-a570-8b3f86b984a0,aoi_3_bologna,SUCCEEDED,2025-07-15 11:08:45+00:00,10,S1A_IW_SLC__1SDV_20220213T052745_20220213T052812_041890_04FCC8_2C51,S1A_IW_SLC__1SDV_20220309T052745_20220309T052812_042240_0508CF_DA73,20220213,20220309,INSAR_GAMMA,20x4,True,True,False,False,False,False,0.6,S1AA_20220213T052745_20220309T052745_VVP024_INT80_G_ueF_C0C5.zip,205.77,20220213_20220309,
3e8b2fbc-f80d-4cb7-9c5d-46bb466894c5,aoi_3_bologna,SUCCEEDED,2025-07-15 11:08:44+00:00,10,S1A_IW_SLC__1SDV_20180423T052722_20180423T052749_021590_025363_B564,S1B_IW_SLC__1SDV_20180429T052627_20180429T052655_010694_013876_7C8F,20180423,20180429,INSAR_GAMMA,20x4,True,True,False,False,False,False,0.6,S1AB_20180423T052722_20180429T052627_VVP006_INT80_G_ueF_34FD.zip,114.53,20180423_20180429,
2e1a00e4-2bc6-4f2f-9ace-c283cb8c5542,aoi_3_bologna,SUCCEEDED,2025-07-15 11:08:41+00:00,10,S1B_IW_SLC__1SDV_20171019T052650_20171019T052717_007894_00DF19_A9CA,S1B_IW_SLC__1SDV_20171031T052650_20171031T052717_008069_00E421_5C2B,20171019,20171031,INSAR_GAMMA,20x4,True,True,False,False,False,False,0.6,S1BB_20171019T052650_20171031T052650_VVP012_INT80_G_ueF_A92E.zip,204.61,20171019_20171031,
c74b1f40-ad11-4a75-892e-83532c618bfb,aoi_3_bologna,SUCCEEDED,2025-07-15 11:08:39+00:00,10,S1A_IW_SLC__1SDV_20250104T052751_20250104T052818_057290_070C6E_F0DC,S1A_IW_SLC__1SDV_20250128T052750_20250128T052817_057640_071A53_5C66,20250104,20250128,INSAR_GAMMA,20x4,True,True,False,False,False,False,0.6,S1AA_20250104T052751_20250128T052750_VVP024_INT80_G_ueF_FABC.zip,208.11,20250104_20250128,
e2c09690-548d-46a5-af52-44565d85d886,aoi_3_bologna,SUCCEEDED,2025-07-15 11:08:37+00:00,10,S1A_IW_SLC__1SDV_20240813T052755_20240813T052821_055190_06BA07_09F5,S1A_IW_SLC__1SDV_20240906T052755_20240906T052822_055540_06C715_B502,20240813,20240906,INSAR_GAMMA,20x4,True,True,False,False,False,False,0.6,S1AA_20240813T052755_20240906T052755_VVP024_INT80_G_ueF_AF85.zip,208.4,20240813_20240906,
09dd9a2e-9ff5-454d-ab75-632341c64edb,aoi_3_bologna,SUCCEEDED,2025-07-15 11:08:36+00:00,10,S1A_IW_SLC__1SDV_20231229T052757_20231229T052824_051865_06440B_8521,S1A_IW_SLC__1SDV_20240122T052757_20240122T052824_052215_064FE6_7F94,20231229,20240122,INSAR_GAMMA,20x4,True,True,False,False,False,False,0.6,S1AA_20231229T052757_20240122T052757_VVP024_INT80_G_ueF_1F2E.zip,208.41,20231229_20240122,
aeb6b25a-89e9-4a30-90b2-9bd1fa0db495,aoi_3_bologna,SUCCEEDED,2025-07-15 11:08:33+00:00,10,S1A_IW_SLC__1SDV_20190828T052735_20190828T052802_028765_0341F8_5329,S1A_IW_SLC__1SDV_20190909T052736_20190909T052803_028940_03480E_39B4,20190828,20190909,INSAR_GAMMA,20x4,True,True,False,False,False,False,0.6,S1AA_20190828T052735_20190909T052736_VVP012_INT80_G_ueF_C225.zip,206.96,20190828_20190909,
c7b458a2-0f01-48db-b924-c482ed134390,aoi_3_bologna,SUCCEEDED,2025-07-15 11:08:32+00:00,10,S1A_IW_SLC__1SDV_20191015T052737_20191015T052804_029465_035A1F_54EB,S1A_IW_SLC__1SDV_20191027T052737_20191027T052804_029640_03601E_59ED,20191015,20191027,INSAR_GAMMA,20x4,True,True,False,False,False,False,0.6,S1AA_20191015T052737_20191027T052737_VVP012_INT80_G_ueF_40A6.zip,208.32,20191015_20191027,
af8071c1-6c3b-43b9-a5a0-7b2500faaca3,aoi_3_bologna,SUCCEEDED,2025-07-15 11:08:30+00:00,10,S1A_IW_SLC__1SDV_20180529T052724_20180529T052751_022115_026419_F53B,S1A_IW_SLC__1SDV_20180610T052725_20180610T052752_022290_026990_BEE7,20180529,20180610,INSAR_GAMMA,20x4,True,True,False,False,False,False,0.6,S1AA_20180529T052724_20180610T052725_VVP012_INT80_G_ueF_F948.zip,207.09,20180529_20180610,
2707e378-c7a3-4fe5-bcb1-004d8ebf124c,aoi_3_bologna,SUCCEEDED,2025-07-15 11:08:29+00:00,10,S1B_IW_SLC__1SDV_20190130T052632_20190130T052700_014719_01B71A_E4CB,S1B_IW_SLC__1SDV_20190211T052632_20190211T052700_014894_01BCD7_2231,20190130,20190211,INSAR_GAMMA,20x4,True,True,False,False,False,False,0.6,S1BB_20190130T052632_20190211T052632_VVP012_INT80_G_ueF_BFA8.zip,215.24,20190130_20190211,
6d92a5ea-e1aa-4f24-8138-422471041a51,aoi_3_bologna,SUCCEEDED,2025-07-15 11:08:27+00:00,10,S1B_IW_SLC__1SDV_20171124T052650_20171124T052717_008419_00EE92_47DD,S1A_IW_SLC__1SDV_20171212T052723_20171212T052750_019665_0216A4_A5B7,20171124,20171212,INSAR_GAMMA,20x4,True,True,False,False,False,False,0.6,S1BA_20171124T052650_20171212T052723_VVP018_INT80_G_ueF_DDB1.zip,146.47,20171124_20171212,
7fb295c3-c354-4e55-b9b8-b31dc004b59f,aoi_3_bologna,SUCCEEDED,2025-07-15 11:08:26+00:00,10,S1A_IW_SLC__1SDV_20200611T052737_20200611T052804_032965_03D183_772E,S1A_IW_SLC__1SDV_20200705T052739_20200705T052806_033315_03DC22_2E9B,20200611,20200705,INSAR_GAMMA,20x4,True,True,False,False,False,False,0.6,S1AA_20200611T052737_20200705T052739_VVP024_INT80_G_ueF_F61D.zip,209.74,20200611_20200705,
6050ebc1-7291-47da-aa67-5ac3bf33eada,aoi_3_bologna,SUCCEEDED,2025-07-15 11:08:25+00:00,10,S1B_IW_SLC__1SDV_20200711T052700_20200711T052727_022419_02A8D0_4DF9,S1B_IW_SLC__1SDV_20200723T052701_20200723T052728_022594_02AE21_F84A,20200711,20200723,INSAR_GAMMA,20x4,True,True,False,False,False,False,0.6,S1BB_20200711T052700_20200723T052701_VVP012_INT80_G_ueF_B6D1.zip,206.68,20200711_20200723,
45199c47-a234-48e3-a01a-2fd2b50b95d8,aoi_3_bologna,SUCCEEDED,2025-07-15 11:08:23+00:00,10,S1A_IW_SLC__1SDV_20170814T052722_20170814T052749_017915_01E0C1_5791,S1A_IW_SLC__1SDV_20170826T052723_20170826T052750_018090_01E60E_3D8C,20170814,20170826,INSAR_GAMMA,20x4,True,True,False,False,False,False,0.6,S1AA_20170814T052722_20170826T052723_VVP012_INT80_G_ueF_8956.zip,206.67,20170814_20170826,
cfc7b335-6671-4554-a336-f3458de47c7b,aoi_3_bologna,SUCCEEDED,2025-07-15 11:08:22+00:00,10,S1B_IW_SLC__1SDV_20211010T052710_20211010T052737_029069_037802_2AE0,S1B_IW_SLC__1SDV_20211022T052710_20211022T052737_029244_037D72_4B24,20211010,20211022,INSAR_GAMMA,20x4,True,True,False,False,False,False,0.6,S1BB_20211010T052710_20211022T052710_VVP012_INT80_G_ueF_900F.zip,205.92,20211010_20211022,
b193d537-2574-4632-b73b-185a888fe681,aoi_3_bologna,SUCCEEDED,2025-07-15 11:08:21+00:00,10,S1B_IW_SLC__1SDV_20191009T052658_20191009T052725_018394_022A67_7584,S1B_IW_SLC__1SDV_20191102T052658_20191102T052725_018744_023546_0C18,20191009,20191102,INSAR_GAMMA,20x4,True,True,False,False,False,False,0.6,S1BB_20191009T052658_20191102T052658_VVP024_INT80_G_ueF_A2B2.zip,207.54,20191009_20191102,
9708b0ac-ac8d-4145-ab44-bbc6461eae45,aoi_3_bologna,SUCCEEDED,2025-07-15 11:08:20+00:00,10,S1A_IW_SLC__1SDV_20230421T052751_20230421T052818_048190_05CB44_D258,S1A_IW_SLC__1SDV_20230515T052753_20230515T052820_048540_05D6AC_039B,20230421,20230515,INSAR_GAMMA,20x4,True,True,False,False,False,False,0.6,S1AA_20230421T052751_20230515T052753_VVP024_INT80_G_ueF_6B3D.zip,208.28,20230421_20230515,
ed28471d-c40c-427f-9202-65f42c6d8b1e,aoi_3_bologna,SUCCEEDED,2025-07-15 11:08:18+00:00,10,S1A_IW_SLC__1SDV_20181020T052731_20181020T052758_024215_02A631_80DE,S1B_IW_SLC__1SDV_20181107T052651_20181107T052718_013494_018F83_3656,20181020,20181107,INSAR_GAMMA,20x4,True,True,False,False,False,False,0.6,S1AB_20181020T052731_20181107T052651_VVP018_INT80_G_ueF_FC6D.zip,188.84,20181020_20181107,
75167b3d-6d13-44b2-bc51-58c07a404faa,aoi_3_bologna,SUCCEEDED,2025-07-15 11:08:17+00:00,10,S1B_IW_SLC__1SDV_20170727T052647_20170727T052714_006669_00BBB5_B933,S1B_IW_SLC__1SDV_20170820T052648_20170820T052715_007019_00C5DD_040A,20170727,20170820,INSAR_GAMMA,20x4,True,True,False,False,False,False,0.6,S1BB_20170727T052647_20170820T052648_VVP024_INT80_G_ueF_43D5.zip,206.21,20170727_20170820,
9af918ae-4fa7-4763-be3c-c2649e5c35b7,aoi_3_bologna,SUCCEEDED,2025-07-15 11:08:16+00:00,10,S1A_IW_SLC__1SDV_20200729T052740_20200729T052807_033665_03E6D8_5C43,S1A_IW_SLC__1SDV_20200822T052742_20200822T052809_034015_03F2A9_38AC,20200729,20200822,INSAR_GAMMA,20x4,True,True,False,False,False,False,0.6,S1AA_20200729T052740_20200822T052742_VVP024_INT80_G_ueF_CBBF.zip,207.66,20200729_20200822,
aa8e4338-226c-4a98-a04a-2db9b83fd405,aoi_3_bologna,SUCCEEDED,2025-07-15 11:08:15+00:00,10,S1A_IW_SLC__1SDV_20170826T052723_20170826T052750_018090_01E60E_3D8C,S1A_IW_SLC__1SDV_20170919T052724_20170919T052751_018440_01F0C7_981A,20170826,20170919,INSAR_GAMMA,20x4,True,True,False,False,False,False,0.6,S1AA_20170826T052723_20170919T052724_VVP024_INT80_G_ueF_8D67.zip,207.5,20170826_20170919,
87bdd129-f6f0-4023-af66-1fb9808494e5,aoi_3_bologna,SUCCEEDED,2025-07-15 11:08:14+00:00,10,S1B_IW_SLC__1SDV_20200418T052659_20200418T052726_021194_02837E_0816,S1B_IW_SLC__1SDV_20200430T052700_20200430T052727_021369_028901_0728,20200418,20200430,INSAR_GAMMA,20x4,True,True,False,False,False,False,0.6,S1BB_20200418T052659_20200430T052700_VVP012_INT80_G_ueF_1483.zip,205.34,20200418_20200430,
4820cc69-3cf7-461b-b5b0-dfb2b567c2f5,aoi_3_bologna,SUCCEEDED,2025-07-15 11:08:13+00:00,10,S1A_IW_SLC__1SDV_20240918T052756_20240918T052823_055715_06CE01_D195,S1A_IW_SLC__1SDV_20241012T052756_20241012T052823_056065_06DBD4_B7B5,20240918,20241012,INSAR_GAMMA,20x4,True,True,False,False,False,False,0.6,S1AA_20240918T052756_20241012T052756_VVP024_INT80_G_ueF_CC8D.zip,208.18,20240918_20241012,
5dccefed-5e81-4b04-9259-3c455911102b,aoi_3_bologna,SUCCEEDED,2025-07-15 11:08:11+00:00,10,S1B_IW_SLC__1SDV_20170410T052619_20170410T052647_005094_008E9F_187B,S1A_IW_SLC__1SDV_20170428T052705_20170428T052732_016340_01B0AA_3663,20170410,20170428,INSAR_GAMMA,20x4,True,True,False,False,False,False,0.6,S1BA_20170410T052619_20170428T052705_VVP018_INT80_G_ueF_85E7.zip,193.97,20170410_20170428,
e86dac12-5685-4b52-ab7c-47d991cffe93,aoi_3_bologna,SUCCEEDED,2025-07-15 11:08:10+00:00,10,S1B_IW_SLC__1SDV_20210624T052705_20210624T052732_027494_034848_474E,S1B_IW_SLC__1SDV_20210718T052706_20210718T052733_027844_035293_52FD,20210624,20210718,INSAR_GAMMA,20x4,True,True,False,False,False,False,0.6,S1BB_20210624T052705_20210718T052706_VVP024_INT80_G_ueF_7EAE.zip,206.83,20210624_20210718,
8af7c61a-6ae4-4118-a66c-7461fde15f87,aoi_3_bologna,SUCCEEDED,2025-07-15 11:08:08+00:00,10,S1A_IW_SLC__1SDV_20180610T052725_20180610T052752_022290_026990_BEE7,S1A_IW_SLC__1SDV_20180622T052725_20180622T052752_022465_026ED9_C660,20180610,20180622,INSAR_GAMMA,20x4,True,True,False,False,False,False,0.6,S1AA_20180610T052725_20180622T052725_VVP012_INT80_G_ueF_6A3D.zip,208.11,20180610_20180622,
73070013-9bec-43fe-8b98-93a8dc8adeb7,aoi_3_bologna,SUCCEEDED,2025-07-15 11:08:07+00:00,10,S1A_IW_SLC__1SDV_20200705T052739_20200705T052806_033315_03DC22_2E9B,S1A_IW_SLC__1SDV_20200729T052740_20200729T052807_033665_03E6D8_5C43,20200705,20200729,INSAR_GAMMA,20x4,True,True,False,False,False,False,0.6,S1AA_20200705T052739_20200729T052740_VVP024_INT80_G_ueF_809A.zip,209.5,20200705_20200729,
7f6ef9e8-17c4-4951-a071-d7733e257560,aoi_3_bologna,SUCCEEDED,2025-07-15 11:08:06+00:00,10,S1B_IW_SLC__1SDV_20171031T052650_20171031T052717_008069_00E421_5C2B,S1B_IW_SLC__1SDV_20171124T052650_20171124T052717_008419_00EE92_47DD,20171031,20171124,INSAR_GAMMA,20x4,True,True,False,False,False,False,0.6,S1BB_20171031T052650_20171124T052650_VVP024_INT80_G_ueF_6D00.zip,206.59,20171031_20171124,
e88aafc4-7370-480c-ae7f-368ce1fe12b0,aoi_3_bologna,SUCCEEDED,2025-07-15 11:08:05+00:00,10,S1A_IW_SLC__1SDV_20200623T052738_20200623T052805_033140_03D6D5_C291,S1A_IW_SLC__1SDV_20200717T052739_20200717T052806_033490_03E17A_B0B3,20200623,20200717,INSAR_GAMMA,20x4,True,True,False,False,False,False,0.6,S1AA_20200623T052738_20200717T052739_VVP024_INT80_G_ueF_74E1.zip,208.88,20200623_20200717,
fa31f02e-1170-4784-8e19-ab2c83747757,aoi_3_bologna,SUCCEEDED,2025-07-15 11:08:04+00:00,10,S1A_IW_SLC__1SDV_20170323T052703_20170323T052730_015815_01A0CD_C04F,S1A_IW_SLC__1SDV_20170404T052704_20170404T052731_015990_01A5FE_0277,20170323,20170404,INSAR_GAMMA,20x4,True,True,False,False,False,False,0.6,S1AA_20170323T052703_20170404T052704_VVP012_INT80_G_ueF_3E05.zip,208.45,20170323_20170404,
7ce2ece1-adea-4d19-b63f-42fed562228a,aoi_3_bologna,SUCCEEDED,2025-07-15 11:08:03+00:00,10,S1A_IW_SLC__1SDV_20230208T052751_20230208T052818_047140_05A7DD_0C3D,S1A_IW_SLC__1SDV_20230220T052751_20230220T052818_047315_05ADC6_6AC4,20230208,20230220,INSAR_GAMMA,20x4,True,True,False,False,False,False,0.6,S1AA_20230208T052751_20230220T052751_VVP012_INT80_G_ueF_C61D.zip,207.34,20230208_20230220,
a1288b54-1aff-4fdc-b6e0-6ad151248137,aoi_3_bologna,SUCCEEDED,2025-07-15 11:08:02+00:00,10,S1A_IW_SLC__1SDV_20230515T052753_20230515T052820_048540_05D6AC_039B,S1A_IW_SLC__1SDV_20230527T052754_20230527T052821_048715_05DBDD_76D7,20230515,20230527,INSAR_GAMMA,20x4,True,True,False,False,False,False,0.6,S1AA_20230515T052753_20230527T052754_VVP012_INT80_G_ueF_82E0.zip,207.98,20230515_20230527,
ef796781-02f1-4c17-9b86-18cc6ec7190c,aoi_3_bologna,SUCCEEDED,2025-07-15 11:08:00+00:00,10,S1B_IW_SLC__1SDV_20180920T052648_20180920T052715_012794_0179E4_EAD9,S1A_IW_SLC__1SDV_20181008T052731_20181008T052758_024040_02A081_9F83,20180920,20181008,INSAR_GAMMA,20x4,True,True,False,False,False,False,0.6,S1BA_20180920T052648_20181008T052731_VVP018_INT80_G_ueF_C20D.zip,206.43,20180920_20181008,
1c7f72c3-767d-4104-9ebb-9a46e6e996b3,aoi_3_bologna,SUCCEEDED,2025-07-15 11:07:59+00:00,10,S1B_IW_SLC__1SDV_20210507T052649_20210507T052716_026794_033365_E539,S1A_IW_SLC__1SDV_20210513T052742_20210513T052809_037865_047810_42D3,20210507,20210513,INSAR_GAMMA,20x4,True,True,False,False,False,False,0.6,S1BA_20210507T052649_20210513T052742_VVP006_INT80_G_ueF_9C5E.zip,133.89,20210507_20210513,
b464516b-8cb5-4748-a919-f3bff874f252,aoi_3_bologna,SUCCEEDED,2025-07-15 11:07:58+00:00,10,S1B_IW_SLC__1SDV_20200325T052652_20200325T052720_020844_02786B_7CF7,S1A_IW_SLC__1SDV_20200412T052734_20200412T052801_032090_03B56C_ED00,20200325,20200412,INSAR_GAMMA,20x4,True,True,False,False,False,False,0.6,S1BA_20200325T052652_20200412T052734_VVP018_INT80_G_ueF_D8F7.zip,205.24,20200325_20200412,
24f1da56-3b2a-4342-bfa0-1dc9592dcee9,aoi_3_bologna,SUCCEEDED,2025-07-15 11:07:57+00:00,10,S1A_IW_SLC__1SDV_20231030T052800_20231030T052827_050990_0625CB_9D51,S1A_IW_SLC__1SDV_20231123T052759_20231123T052826_051340_0631DC_C848,20231030,20231123,INSAR_GAMMA,20x4,True,True,False,False,False,False,0.6,S1AA_20231030T052800_20231123T052759_VVP024_INT80_G_ueF_2FB7.zip,208.5,20231030_20231123,
4e75c63e-e600-4f71-ab46-b4c8f171cde6,aoi_3_bologna,SUCCEEDED,2025-07-15 11:07:55+00:00,10,S1B_IW_SLC__1SDV_20190927T052658_20190927T052725_018219_0224E4_B9B7,S1A_IW_SLC__1SDV_20191003T052737_20191003T052804_029290_03540E_FA05,20190927,20191003,INSAR_GAMMA,20x4,True,True,False,False,False,False,0.6,S1BA_20190927T052658_20191003T052737_VVP006_INT80_G_ueF_4D60.zip,185.26,20190927_20191003,
75cdd6e2-08a9-4003-8842-42307d7074be,aoi_3_bologna,SUCCEEDED,2025-07-15 11:07:54+00:00,10,S1A_IW_SLC__1SDV_20211028T052749_20211028T052816_040315_04C704_E04E,S1B_IW_SLC__1SDV_20211115T052710_20211115T052737_029594_038826_0B82,20211028,20211115,INSAR_GAMMA,20x4,True,True,False,False,False,False,0.6,S1AB_20211028T052749_20211115T052710_VVP018_INT80_G_ueF_7334.zip,188.12,20211028_20211115,
f161fbb2-4931-456e-8516-9e0705c8b568,aoi_3_bologna,SUCCEEDED,2025-07-15 11:07:53+00:00,10,S1A_IW_SLC__1SDV_20230127T052752_20230127T052819_046965_05A203_59A8,S1A_IW_SLC__1SDV_20230220T052751_20230220T052818_047315_05ADC6_6AC4,20230127,20230220,INSAR_GAMMA,20x4,True,True,False,False,False,False,0.6,S1AA_20230127T052752_20230220T052751_VVP024_INT80_G_ueF_F384.zip,207.81,20230127_20230220,
f9564726-25f4-4088-82ab-7788c8c01112,aoi_3_bologna,SUCCEEDED,2025-07-15 11:07:51+00:00,10,S1B_IW_SLC__1SDV_20210119T052648_20210119T052715_025219_0300BA_B183,S1A_IW_SLC__1SDV_20210206T052742_20210206T052810_036465_0447F6_596F,20210119,20210206,INSAR_GAMMA,20x4,True,True,False,False,False,False,0.6,S1BA_20210119T052648_20210206T052742_VVP018_INT80_G_ueF_AAD1.zip,119.56,20210119_20210206,
4f55596b-9ef4-4a00-a44e-b8d94243443f,aoi_3_bologna,SUCCEEDED,2025-07-15 11:07:50+00:00,10,S1C_IW_SLC__1SDV_20250416T052617_20250416T052647_001914_003B88_D402,S1C_IW_SLC__1SDV_20250510T052622_20250510T052649_002264_004CDC_A592,20250416,20250510,INSAR_GAMMA,20x4,True,True,False,False,False,False,0.6,S1CC_20250416T052617_20250510T052622_VVP024_INT80_G_ueF_A8B2.zip,209.26,20250416_20250510,
1af7cf46-e5bc-4df5-9198-5fc3158d30dc,aoi_3_bologna,SUCCEEDED,2025-07-15 11:07:49+00:00,10,S1B_IW_SLC__1SDV_20210413T052648_20210413T052715_026444_032830_BCEB,S1A_IW_SLC__1SDV_20210501T052741_20210501T052808_037690_04727A_4318,20210413,20210501,INSAR_GAMMA,20x4,True,True,False,False,False,False,0.6,S1BA_20210413T052648_20210501T052741_VVP018_INT80_G_ueF_5928.zip,133.14,20210413_20210501,
804445c5-59f4-4e86-9aa9-7b42b23a7f85,aoi_3_bologna,SUCCEEDED,2025-07-15 11:07:47+00:00,10,S1A_IW_SLC__1SDV_20190406T052728_20190406T052755_026665_02FE08_6CC6,S1B_IW_SLC__1SDV_20190424T052633_20190424T052701_015944_01DF5C_1C3C,20190406,20190424,INSAR_GAMMA,20x4,True,True,False,False,False,False,0.6,S1AB_20190406T052728_20190424T052633_VVP018_INT80_G_ueF_6F17.zip,114.57,20190406_20190424,
290cb281-57c2-4f03-88ab-eca4f0e846ed,aoi_3_bologna,SUCCEEDED,2025-07-15 11:07:45+00:00,10,S1A_IW_SLC__1SDV_20180926T052730_20180926T052757_023865_029AC2_A56B,S1B_IW_SLC__1SDV_20181002T052649_20181002T052716_012969_017F41_1AF9,20180926,20181002,INSAR_GAMMA,20x4,True,True,False,False,False,False,0.6,S1AB_20180926T052730_20181002T052649_VVP006_INT80_G_ueF_4256.zip,207.9,20180926_20181002,
05bb424a-b987-41ea-b1bc-395cd2137b0f,aoi_3_bologna,SUCCEEDED,2025-07-15 11:07:44+00:00,10,S1A_IW_SLC__1SDV_20230702T052755_20230702T052822_049240_05EBC4_6ECD,S1A_IW_SLC__1SDV_20230714T052756_20230714T052823_049415_05F130_0F19,20230702,20230714,INSAR_GAMMA,20x4,True,True,False,False,False,False,0.6,S1AA_20230702T052755_20230714T052756_VVP012_INT80_G_ueF_C336.zip,208.56,20230702_20230714,
be02b5ab-0784-4b0b-b8f9-6567ac3da984,aoi_3_bologna,SUCCEEDED,2025-07-15 11:07:43+00:00,10,S1B_IW_SLC__1SDV_20170516T052627_20170516T052654_005619_009D73_A07F,S1B_IW_SLC__1SDV_20170609T052645_20170609T052712_005969_00A798_805C,20170516,20170609,INSAR_GAMMA,20x4,True,True,False,False,False,False,0.6,S1BB_20170516T052627_20170609T052645_VVP024_INT80_G_ueF_DB32.zip,87.2,20170516_20170609,
9f956104-e677-407e-b5c5-88e5bfc9e1db,aoi_3_bologna,SUCCEEDED,2025-07-15 11:07:42+00:00,10,S1B_IW_SLC__1SDV_20180204T052625_20180204T052653_009469_01107B_7855,S1A_IW_SLC__1SDV_20180222T052721_20180222T052748_020715_0237D7_6CFE,20180204,20180222,INSAR_GAMMA,20x4,True,True,False,False,False,False,0.6,S1BA_20180204T052625_20180222T052721_VVP018_INT80_G_ueF_67BA.zip,112.74,20180204_20180222,
82cfbf46-4302-4552-bce2-c9e089a60bcb,aoi_3_bologna,SUCCEEDED,2025-07-15 11:07:40+00:00,10,S1A_IW_SLC__1SDV_20240813T052755_20240813T052821_055190_06BA07_09F5,S1A_IW_SLC__1SDV_20240825T052755_20240825T052822_055365_06C085_AB4A,20240813,20240825,INSAR_GAMMA,20x4,True,True,False,False,False,False,0.6,S1AA_20240813T052755_20240825T052755_VVP012_INT80_G_ueF_AF4F.zip,207.07,20240813_20240825,
87995f66-25b8-414f-9d8a-9c3c17567644,aoi_3_bologna,SUCCEEDED,2025-07-15 11:07:39+00:00,10,S1B_IW_SLC__1SDV_20180710T052645_20180710T052711_011744_0159AE_E9E0,S1B_IW_SLC__1SDV_20180803T052646_20180803T052713_012094_01644D_5E68,20180710,20180803,INSAR_GAMMA,20x4,True,True,False,False,False,False,0.6,S1BB_20180710T052645_20180803T052646_VVP024_INT80_G_ueF_67D6.zip,207.27,20180710_20180803,
8bf866e7-4295-4df9-a0e7-d60924e27445,aoi_3_bologna,SUCCEEDED,2025-07-15 11:07:38+00:00,10,S1A_IW_SLC__1SDV_20170428T052705_20170428T052732_016340_01B0AA_3663,S1B_IW_SLC__1SDV_20170504T052621_20170504T052648_005444_0098B2_F1F0,20170428,20170504,INSAR_GAMMA,20x4,True,True,False,False,False,False,0.6,S1AB_20170428T052705_20170504T052621_VVP006_INT80_G_ueF_988B.zip,194.94,20170428_20170504,
506af8d8-1c26-407a-80ce-4686889f05e0,aoi_3_bologna,SUCCEEDED,2025-07-15 11:07:37+00:00,10,S1B_IW_SLC__1SDV_20190623T052652_20190623T052719_016819_01FA6A_10DC,S1B_IW_SLC__1SDV_20190705T052653_20190705T052720_016994_01FF99_D6A5,20190623,20190705,INSAR_GAMMA,20x4,True,True,False,False,False,False,0.6,S1BB_20190623T052652_20190705T052653_VVP012_INT80_G_ueF_482C.zip,207.56,20190623_20190705,
8cc18562-3319-44a9-bb28-74a7d93c800e,aoi_3_bologna,SUCCEEDED,2025-07-15 11:07:36+00:00,10,S1A_IW_SLC__1SDV_20211109T052749_20211109T052816_040490_04CD29_8A6F,S1B_IW_SLC__1SDV_20211127T052658_20211127T052726_029769_038D9E_E246,20211109,20211127,INSAR_GAMMA,20x4,True,True,False,False,False,False,0.6,S1AB_20211109T052749_20211127T052658_VVP018_INT80_G_ueF_5289.zip,153.62,20211109_20211127,
d8756604-6b5a-46fa-9d8d-ff7036fbe3f3,aoi_3_bologna,SUCCEEDED,2025-07-15 11:07:35+00:00,10,S1B_IW_SLC__1SDV_20200723T052701_20200723T052728_022594_02AE21_F84A,S1B_IW_SLC__1SDV_20200816T052702_20200816T052729_022944_02B8D4_8C49,20200723,20200816,INSAR_GAMMA,20x4,True,True,False,False,False,False,0.6,S1BB_20200723T052701_20200816T052702_VVP024_INT80_G_ueF_FCBE.zip,207.15,20200723_20200816,
9dd15b36-a1c9-49e1-995d-542964bd9eea,aoi_3_bologna,SUCCEEDED,2025-07-15 11:07:34+00:00,10,S1B_IW_SLC__1SDV_20180908T052648_20180908T052715_012619_01748C_8F2F,S1A_IW_SLC__1SDV_20180926T052730_20180926T052757_023865_029AC2_A56B,20180908,20180926,INSAR_GAMMA,20x4,True,True,False,False,False,False,0.6,S1BA_20180908T052648_20180926T052730_VVP018_INT80_G_ueF_0967.zip,206.85,20180908_20180926,
315a9404-7c2b-42dd-ba2b-0d53aeab7345,aoi_3_bologna,SUCCEEDED,2025-07-15 11:07:32+00:00,10,S1A_IW_SLC__1SDV_20250410T052749_20250410T052816_058690_074497_D8B1,S1A_IW_SLC__1SDV_20250504T052750_20250504T052817_059040_0752C4_8948,20250410,20250504,INSAR_GAMMA,20x4,True,True,False,False,False,False,0.6,S1AA_20250410T052749_20250504T052750_VVP024_INT80_G_ueF_CC8A.zip,209.08,20250410_20250504,
fc20d75f-54c2-47d8-8c2d-6e0a7faa8527,aoi_3_bologna,SUCCEEDED,2025-07-15 11:07:32+00:00,10,S1A_IW_SLC__1SDV_20200224T052733_20200224T052800_031390_039CF2_FE0E,S1A_IW_SLC__1SDV_20200319T052734_20200319T052801_031740_03A919_5C33,20200224,20200319,INSAR_GAMMA,20x4,True,True,False,False,False,False,0.6,S1AA_20200224T052733_20200319T052734_VVP024_INT80_G_ueF_487F.zip,205.76,20200224_20200319,
b4a4f92e-3d8a-4247-91a9-896a6d9f1a56,aoi_3_bologna,SUCCEEDED,2025-07-15 11:07:30+00:00,10,S1A_IW_SLC__1SDV_20200717T052739_20200717T052806_033490_03E17A_B0B3,S1A_IW_SLC__1SDV_20200729T052740_20200729T052807_033665_03E6D8_5C43,20200717,20200729,INSAR_GAMMA,20x4,True,True,False,False,False,False,0.6,S1AA_20200717T052739_20200729T052740_VVP012_INT80_G_ueF_397F.zip,207.21,20200717_20200729,
570d0dc1-2edf-4f4e-8003-104d5749f39a,aoi_3_bologna,SUCCEEDED,2025-07-15 11:07:29+00:00,10,S1B_IW_SLC__1SDV_20210131T052648_20210131T052715_025394_030647_1EED,S1A_IW_SLC__1SDV_20210218T052739_20210218T052806_036640_044E13_C75B,20210131,20210218,INSAR_GAMMA,20x4,True,True,False,False,False,False,0.6,S1BA_20210131T052648_20210218T052739_VVP018_INT80_G_ueF_2D5B.zip,132.01,20210131_20210218,
5d030b14-5536-466e-8b9d-bc36ebaef5e3,aoi_3_bologna,SUCCEEDED,2025-07-15 11:07:28+00:00,10,S1B_IW_SLC__1SDV_20210718T052706_20210718T052733_027844_035293_52FD,S1A_IW_SLC__1SDV_20210724T052746_20210724T052813_038915_049781_33FF,20210718,20210724,INSAR_GAMMA,20x4,True,True,False,False,False,False,0.6,S1BA_20210718T052706_20210724T052746_VVP006_INT80_G_ueF_B97F.zip,186.51,20210718_20210724,
5fe7517d-7471-4854-a2e9-11c71a717d74,aoi_3_bologna,SUCCEEDED,2025-07-15 11:07:26+00:00,10,S1B_IW_SLC__1SDV_20180920T052648_20180920T052715_012794_0179E4_EAD9,S1B_IW_SLC__1SDV_20181014T052649_20181014T052716_013144_018497_7619,20180920,20181014,INSAR_GAMMA,20x4,True,True,False,False,False,False,0.6,S1BB_20180920T052648_20181014T052649_VVP024_INT80_G_ueF_A501.zip,207.46,20180920_20181014,
bab0bfd2-6962-4002-ad0a-30a94d816dd9,aoi_3_bologna,SUCCEEDED,2025-07-15 11:07:25+00:00,10,S1B_IW_SLC__1SDV_20210425T052649_20210425T052716_026619_032DCD_4881,S1B_IW_SLC__1SDV_20210507T052649_20210507T052716_026794_033365_E539,20210425,20210507,INSAR_GAMMA,20x4,True,True,False,False,False,False,0.6,S1BB_20210425T052649_20210507T052649_VVP012_INT80_G_ueF_87C0.zip,206.92,20210425_20210507,
8aec78b1-ef5e-4e0d-aff5-9e25dfeea00b,aoi_3_bologna,SUCCEEDED,2025-07-15 11:07:24+00:00,10,S1A_IW_SLC__1SDV_20221128T052754_20221128T052821_046090_058452_126C,S1A_IW_SLC__1SDV_20221210T052754_20221210T052821_046265_058A4F_B53E,20221128,20221210,INSAR_GAMMA,20x4,True,True,False,False,False,False,0.6,S1AA_20221128T052754_20221210T052754_VVP012_INT80_G_ueF_B297.zip,207.11,20221128_20221210,
58b2b4d6-a8a8-4ab5-afb9-3e394fbd919d,aoi_3_bologna,SUCCEEDED,2025-07-15 11:07:22+00:00,10,S1A_IW_SLC__1SDV_20200729T052740_20200729T052807_033665_03E6D8_5C43,S1B_IW_SLC__1SDV_20200804T052702_20200804T052729_022769_02B36C_3763,20200729,20200804,INSAR_GAMMA,20x4,True,True,False,False,False,False,0.6,S1AB_20200729T052740_20200804T052702_VVP006_INT80_G_ueF_BEE8.zip,187.18,20200729_20200804,
6dcda91f-bc86-4586-b24c-f8f5a6c5978f,aoi_3_bologna,SUCCEEDED,2025-07-15 11:07:21+00:00,10,S1B_IW_SLC__1SDV_20190518T052634_20190518T052702_016294_01EAAB_FD01,S1B_IW_SLC__1SDV_20190611T052654_20190611T052721_016644_01F53A_8203,20190518,20190611,INSAR_GAMMA,20x4,True,True,False,False,False,False,0.6,S1BB_20190518T052634_20190611T052654_VVP024_INT80_G_ueF_C3FF.zip,81.05,20190518_20190611,
f8767ce5-4060-44ee-b0ce-c178c5c8c964,aoi_3_bologna,SUCCEEDED,2025-07-15 11:07:20+00:00,10,S1A_IW_SLC__1SDV_20231229T052757_20231229T052824_051865_06440B_8521,S1A_IW_SLC__1SDV_20240110T052757_20240110T052824_052040_064A04_BE7A,20231229,20240110,INSAR_GAMMA,20x4,True,True,False,False,False,False,0.6,S1AA_20231229T052757_20240110T052757_VVP012_INT80_G_ueF_CA8F.zip,206.31,20231229_20240110,
c40d1054-2e94-4c10-a509-b560df002fe9,aoi_3_bologna,SUCCEEDED,2025-07-15 11:07:19+00:00,10,S1A_IW_SLC__1SDV_20220625T052750_20220625T052817_043815_053B13_4FDD,S1A_IW_SLC__1SDV_20220719T052752_20220719T052819_044165_054588_4AB1,20220625,20220719,INSAR_GAMMA,20x4,True,True,False,False,False,False,0.6,S1AA_20220625T052750_20220719T052752_VVP024_INT80_G_ueF_2656.zip,209.34,20220625_20220719,
b7e6c580-5d2a-45b5-bd12-e96d52e4c07d,aoi_3_bologna,SUCCEEDED,2025-07-15 11:07:17+00:00,10,S1B_IW_SLC__1SDV_20210612T052704_20210612T052731_027319_034352_B4EB,S1B_IW_SLC__1SDV_20210706T052705_20210706T052732_027669_034D60_B1C7,20210612,20210706,INSAR_GAMMA,20x4,True,True,False,False,False,False,0.6,S1BB_20210612T052704_20210706T052705_VVP024_INT80_G_ueF_F129.zip,207.88,20210612_20210706,
8719b13f-2889-40d0-9a08-e15997738847,aoi_3_bologna,SUCCEEDED,2025-07-15 11:07:16+00:00,10,S1A_IW_SLC__1SDV_20211004T052749_20211004T052816_039965_04BAE4_3486,S1B_IW_SLC__1SDV_20211022T052710_20211022T052737_029244_037D72_4B24,20211004,20211022,INSAR_GAMMA,20x4,True,True,False,False,False,False,0.6,S1AB_20211004T052749_20211022T052710_VVP018_INT80_G_ueF_CC71.zip,187.05,20211004_20211022,
f010dadf-a5f1-4b93-92ab-5973cba9f708,aoi_3_bologna,SUCCEEDED,2025-07-15 11:07:15+00:00,10,S1A_IW_SLC__1SDV_20250528T052749_20250528T052816_059390_075F2B_7C91,S1C_IW_SLC__1SDV_20250615T052650_20250615T052717_002789_005BB9_453C,20250528,20250615,INSAR_GAMMA,20x4,True,True,False,False,False,False,0.6,S1AC_20250528T052749_20250615T052650_VVP018_INT80_G_ueF_FEC0.zip,127.32,20250528_20250615,
c8b8fcbd-0845-41f8-8ed2-a6dd24a9cf80,aoi_3_bologna,SUCCEEDED,2025-07-15 11:07:14+00:00,10,S1B_IW_SLC__1SDV_20181026T052649_20181026T052716_013319_018A02_6B1E,S1A_IW_SLC__1SDV_20181113T052730_20181113T052757_024565_02B24A_6AD5,20181026,20181113,INSAR_GAMMA,20x4,True,True,False,False,False,False,0.6,S1BA_20181026T052649_20181113T052730_VVP018_INT80_G_ueF_6E7A.zip,207.25,20181026_20181113,
3e58872b-33de-4438-8c54-ad620d439ecf,aoi_3_bologna,SUCCEEDED,2025-07-15 11:07:13+00:00,10,S1B_IW_SLC__1SDV_20200909T052703_20200909T052730_023294_02C3D5_38DB,S1A_IW_SLC__1SDV_20200927T052743_20200927T052810_034540_040528_FA21,20200909,20200927,INSAR_GAMMA,20x4,True,True,False,False,False,False,0.6,S1BA_20200909T052703_20200927T052743_VVP018_INT80_G_ueF_CFE8.zip,185.95,20200909_20200927,
1f1ad014-5260-420c-8b81-b9fb2d306af0,aoi_3_bologna,SUCCEEDED,2025-07-15 11:07:12+00:00,10,S1A_IW_SLC__1SDV_20250516T052749_20250516T052816_059215_075912_0083,S1A_IW_SLC__1SDV_20250609T052748_20250609T052815_059565_076523_2F2F,20250516,20250609,INSAR_GAMMA,20x4,True,True,False,False,False,False,0.6,S1AA_20250516T052749_20250609T052748_VVP024_INT80_G_ueF_444C.zip,207.93,20250516_20250609,
33bebd8f-7531-4fb9-b516-1de54be75ed5,aoi_3_bologna,SUCCEEDED,2025-07-15 11:07:11+00:00,10,S1B_IW_SLC__1SDV_20180324T052625_20180324T052653_010169_012793_901B,S1B_IW_SLC__1SDV_20180417T052626_20180417T052654_010519_0132DA_3448,20180324,20180417,INSAR_GAMMA,20x4,True,True,False,False,False,False,0.6,S1BB_20180324T052625_20180417T052626_VVP024_INT80_G_ueF_876F.zip,214.16,20180324_20180417,
f0e8103c-2590-4cfc-ad49-27e18bc068d5,aoi_3_bologna,SUCCEEDED,2025-07-15 11:07:10+00:00,10,S1B_IW_SLC__1SDV_20201120T052704_20201120T052731_024344_02E49B_D239,S1B_IW_SLC__1SDV_20201202T052652_20201202T052720_024519_02EA28_CC32,20201120,20201202,INSAR_GAMMA,20x4,True,True,False,False,False,False,0.6,S1BB_20201120T052704_20201202T052652_VVP012_INT80_G_ueF_9D37.zip,134.2,20201120_20201202,
42a6e4a6-08dc-4f4e-aed3-186b115acd54,aoi_3_bologna,SUCCEEDED,2025-07-15 11:07:09+00:00,10,S1B_IW_SLC__1SDV_20180123T052626_20180123T052654_009294_010ABE_AE4A,S1A_IW_SLC__1SDV_20180210T052721_20180210T052748_020540_023244_7026,20180123,20180210,INSAR_GAMMA,20x4,True,True,False,False,False,False,0.6,S1BA_20180123T052626_20180210T052721_VVP018_INT80_G_ueF_63E6.zip,112.18,20180123_20180210,
bbfcc319-d941-4df9-8280-f1cbebc6cd3b,aoi_3_bologna,SUCCEEDED,2025-07-15 11:07:08+00:00,10,S1A_IW_SLC__1SDV_20190430T052729_20190430T052756_027015_030ABC_7509,S1A_IW_SLC__1SDV_20190512T052729_20190512T052756_027190_0310B1_A091,20190430,20190512,INSAR_GAMMA,20x4,True,True,False,False,False,False,0.6,S1AA_20190430T052729_20190512T052729_VVP012_INT80_G_ueF_E0F0.zip,207.38,20190430_20190512,
3f340514-59bf-40b7-acc7-1ff0a4668dc2,aoi_3_bologna,SUCCEEDED,2025-07-15 11:07:06+00:00,10,S1A_IW_SLC__1SDV_20240203T052756_20240203T052823_052390_0655D1_FAA4,S1A_IW_SLC__1SDV_20240215T052756_20240215T052823_052565_065BBA_BFC6,20240203,20240215,INSAR_GAMMA,20x4,True,True,False,False,False,False,0.6,S1AA_20240203T052756_20240215T052756_VVP012_INT80_G_ueF_B54E.zip,205.8,20240203_20240215,
63f3b848-a773-44d8-8cff-547b9a81a647,aoi_3_bologna,SUCCEEDED,2025-07-15 11:07:05+00:00,10,S1B_IW_SLC__1SDV_20190106T052633_20190106T052701_014369_01ABD6_5EEF,S1B_IW_SLC__1SDV_20190118T052633_20190118T052701_014544_01B17A_6797,20190106,20190118,INSAR_GAMMA,20x4,True,True,False,False,False,False,0.6,S1BB_20190106T052633_20190118T052633_VVP012_INT80_G_ueF_4FD0.zip,212.95,20190106_20190118,
62ef8963-1c97-4ef7-a84b-ce263c85f9d6,aoi_3_bologna,SUCCEEDED,2025-07-15 11:07:04+00:00,10,S1A_IW_SLC__1SDV_20200623T052738_20200623T052805_033140_03D6D5_C291,S1B_IW_SLC__1SDV_20200629T052659_20200629T052726_022244_02A37D_A349,20200623,20200629,INSAR_GAMMA,20x4,True,True,False,False,False,False,0.6,S1AB_20200623T052738_20200629T052659_VVP006_INT80_G_ueF_AEC7.zip,186.92,20200623_20200629,
fe22ec6e-e27e-4bc4-849b-860487af2808,aoi_3_bologna,SUCCEEDED,2025-07-15 11:07:03+00:00,10,S1C_IW_SLC__1SDV_20250428T052623_20250428T052654_002089_0045F6_764C,S1A_IW_SLC__1SDV_20250516T052749_20250516T052816_059215_075912_0083,20250428,20250516,INSAR_GAMMA,20x4,True,True,False,False,False,False,0.6,S1CA_20250428T052623_20250516T052749_VVP018_INT80_G_ueF_A8E6.zip,147.49,20250428_20250516,
e181efc9-07c5-49a9-9d86-d5b59cd06c30,aoi_3_bologna,SUCCEEDED,2025-07-15 11:07:02+00:00,10,S1B_IW_SLC__1SDV_20180604T052651_20180604T052718_011219_014975_3912,S1A_IW_SLC__1SDV_20180622T052725_20180622T052752_022465_026ED9_C660,20180604,20180622,INSAR_GAMMA,20x4,True,True,False,False,False,False,0.6,S1BA_20180604T052651_20180622T052725_VVP018_INT80_G_ueF_C35E.zip,146.5,20180604_20180622,
75747bdb-f396-452d-a4bd-175326a31e9f,aoi_3_bologna,SUCCEEDED,2025-07-15 11:07:01+00:00,10,S1A_IW_SLC__1SDV_20200810T052741_20200810T052808_033840_03EC7E_14CF,S1A_IW_SLC__1SDV_20200822T052742_20200822T052809_034015_03F2A9_38AC,20200810,20200822,INSAR_GAMMA,20x4,True,True,False,False,False,False,0.6,S1AA_20200810T052741_20200822T052742_VVP012_INT80_G_ueF_1C8C.zip,207.67,20200810_20200822,
5a648f7c-59b0-4f40-95f9-a3b83a12e305,aoi_3_bologna,SUCCEEDED,2025-07-15 11:07:00+00:00,10,S1A_IW_SLC__1SDV_20170603T052718_20170603T052745_016865_01C0C1_9BC4,S1A_IW_SLC__1SDV_20170615T052719_20170615T052746_017040_01C629_70BE,20170603,20170615,INSAR_GAMMA,20x4,True,True,False,False,False,False,0.6,S1AA_20170603T052718_20170615T052719_VVP012_INT80_G_ueF_305D.zip,208.5,20170603_20170615,
52877200-473d-4586-aeb9-d594011aff3b,aoi_3_bologna,SUCCEEDED,2025-07-15 11:06:56+00:00,10,S1A_IW_SLC__1SDV_20191027T052737_20191027T052804_029640_03601E_59ED,S1B_IW_SLC__1SDV_20191114T052655_20191114T052723_018919_023AEE_4D67,20191027,20191114,INSAR_GAMMA,20x4,True,True,False,False,False,False,0.6,S1AB_20191027T052737_20191114T052655_VVP018_INT80_G_ueF_6B98.zip,207.17,20191027_20191114,
d1d7f8ac-fdf3-48e4-9911-7a9ce8eb40be,aoi_3_bologna,SUCCEEDED,2025-07-15 11:06:52+00:00,10,S1A_IW_SLC__1SDV_20220201T052745_20220201T052812_041715_04F6B0_93F0,S1A_IW_SLC__1SDV_20220225T052745_20220225T052812_042065_0502D5_ECDA,20220201,20220225,INSAR_GAMMA,20x4,True,True,False,False,False,False,0.6,S1AA_20220201T052745_20220225T052745_VVP024_INT80_G_ueF_0C5D.zip,207.02,20220201_20220225,
8e13df2a-c187-479a-a538-651449121e33,aoi_3_bologna,SUCCEEDED,2025-07-15 11:06:51+00:00,10,S1A_IW_SLC__1SDV_20190205T052727_20190205T052754_025790_02DE47_911F,S1B_IW_SLC__1SDV_20190211T052632_20190211T052700_014894_01BCD7_2231,20190205,20190211,INSAR_GAMMA,20x4,True,True,False,False,False,False,0.6,S1AB_20190205T052727_20190211T052632_VVP006_INT80_G_ueF_EFF4.zip,113.21,20190205_20190211,
f9543f69-d0c5-4efc-b9d2-955528fb7ece,aoi_3_bologna,SUCCEEDED,2025-07-15 11:06:47+00:00,10,S1A_IW_SLC__1SDV_20200915T052743_20200915T052810_034365_03FEFD_519E,S1B_IW_SLC__1SDV_20201003T052704_20201003T052731_023644_02CEC7_8541,20200915,20201003,INSAR_GAMMA,20x4,True,True,False,False,False,False,0.6,S1AB_20200915T052743_20201003T052704_VVP018_INT80_G_ueF_D049.zip,188.59,20200915_20201003,
50b5f897-403a-4237-aa8f-9eabfc23dff0,aoi_3_bologna,SUCCEEDED,2025-07-15 11:06:44+00:00,10,S1A_IW_SLC__1SDV_20240427T052757_20240427T052824_053615_06828C_0B08,S1A_IW_SLC__1SDV_20240521T052757_20240521T052824_053965_068F5D_8438,20240427,20240521,INSAR_GAMMA,20x4,True,True,False,False,False,False,0.6,S1AA_20240427T052757_20240521T052757_VVP024_INT80_G_ueF_8BAE.zip,208.76,20240427_20240521,
0a94cea0-3634-403f-9631-b9e7486e30e4,aoi_3_bologna,SUCCEEDED,2025-07-15 11:06:42+00:00,10,S1B_IW_SLC__1SDV_20170221T052626_20170221T052656_004394_007A54_D883,S1A_IW_SLC__1SDV_20170311T052703_20170311T052730_015640_019B9A_5B44,20170221,20170311,INSAR_GAMMA,20x4,True,True,False,False,False,False,0.6,S1BA_20170221T052626_20170311T052703_VVP018_INT80_G_ueF_D1FB.zip,170.61,20170221_20170311,
0416e7f9-9cd4-48e7-ac85-3eef88478e1b,aoi_3_bologna,SUCCEEDED,2025-07-15 11:06:37+00:00,10,S1A_IW_SLC__1SDV_20190124T052728_20190124T052755_025615_02D7ED_F0A7,S1A_IW_SLC__1SDV_20190205T052727_20190205T052754_025790_02DE47_911F,20190124,20190205,INSAR_GAMMA,20x4,True,True,False,False,False,False,0.6,S1AA_20190124T052728_20190205T052727_VVP012_INT80_G_ueF_235F.zip,207.87,20190124_20190205,
8a4c6fc6-9767-485f-9226-8e8f305ef048,aoi_3_bologna,SUCCEEDED,2025-07-15 11:06:36+00:00,10,S1A_IW_SLC__1SDV_20210419T052741_20210419T052808_037515_046C67_B156,S1B_IW_SLC__1SDV_20210425T052649_20210425T052716_026619_032DCD_4881,20210419,20210425,INSAR_GAMMA,20x4,True,True,False,False,False,False,0.6,S1AB_20210419T052741_20210425T052649_VVP006_INT80_G_ueF_7605.zip,132.9,20210419_20210425,
258cea7b-b4c7-4180-9f9a-7b70410b4798,aoi_3_bologna,SUCCEEDED,2025-07-15 11:06:35+00:00,10,S1A_IW_SLC__1SDV_20250504T052750_20250504T052817_059040_0752C4_8948,S1A_IW_SLC__1SDV_20250528T052749_20250528T052816_059390_075F2B_7C91,20250504,20250528,INSAR_GAMMA,20x4,True,True,False,False,False,False,0.6,S1AA_20250504T052750_20250528T052749_VVP024_INT80_G_ueF_C74A.zip,208.83,20250504_20250528,
c02e5208-f57f-4553-a19d-59c65845e9d5,aoi_3_bologna,SUCCEEDED,2025-07-15 11:06:34+00:00,10,S1A_IW_SLC__1SDV_20230103T052753_20230103T052819_046615_059639_4587,S1A_IW_SLC__1SDV_20230115T052752_20230115T052819_046790_059C18_D107,20230103,20230115,INSAR_GAMMA,20x4,True,True,False,False,False,False,0.6,S1AA_20230103T052753_20230115T052752_VVP012_INT80_G_ueF_4D3B.zip,206.87,20230103_20230115,
33d4f80a-da43-4ef2-9cde-6de76ad18478,aoi_3_bologna,SUCCEEDED,2025-07-15 11:06:31+00:00,10,S1B_IW_SLC__1SDV_20170317T052619_20170317T052647_004744_008495_3627,S1B_IW_SLC__1SDV_20170410T052619_20170410T052647_005094_008E9F_187B,20170317,20170410,INSAR_GAMMA,20x4,True,True,False,False,False,False,0.6,S1BB_20170317T052619_20170410T052619_VVP024_INT80_G_ueF_18B1.zip,215.3,20170317_20170410,
fe2686fc-5707-4a04-9292-2584fc3991cf,aoi_3_bologna,SUCCEEDED,2025-07-15 11:06:25+00:00,10,S1A_IW_SLC__1SDV_20190816T052735_20190816T052802_028590_033BDA_5B30,S1A_IW_SLC__1SDV_20190828T052735_20190828T052802_028765_0341F8_5329,20190816,20190828,INSAR_GAMMA,20x4,True,True,False,False,False,False,0.6,S1AA_20190816T052735_20190828T052735_VVP012_INT80_G_ueF_6977.zip,206.49,20190816_20190828,
342f8618-2e38-4edc-a273-7f98e5d84a92,aoi_3_bologna,SUCCEEDED,2025-07-15 11:06:16+00:00,10,S1B_IW_SLC__1SDV_20181201T052634_20181201T052702_013844_019AA0_551A,S1B_IW_SLC__1SDV_20181213T052634_20181213T052702_014019_01A04C_25C2,20181201,20181213,INSAR_GAMMA,20x4,True,True,False,False,False,False,0.6,S1BB_20181201T052634_20181213T052634_VVP012_INT80_G_ueF_1A79.zip,213.12,20181201_20181213,
20e8275d-d3ff-4feb-a1a3-2b6b2fa3ad2a,aoi_3_bologna,SUCCEEDED,2025-07-15 11:06:14+00:00,10,S1A_IW_SLC__1SDV_20230819T052759_20230819T052826_049940_0601E9_17C6,S1A_IW_SLC__1SDV_20230831T052759_20230831T052826_050115_0607E8_B60F,20230819,20230831,INSAR_GAMMA,20x4,True,True,False,False,False,False,0.6,S1AA_20230819T052759_20230831T052759_VVP012_INT80_G_ueF_DE5F.zip,207.55,20230819_20230831,
26942632-c5dc-4847-9d75-8e97dcdb54cd,aoi_3_bologna,SUCCEEDED,2025-07-15 11:06:10+00:00,10,S1B_IW_SLC__1SDV_20180827T052647_20180827T052714_012444_016F26_38C1,S1A_IW_SLC__1SDV_20180902T052730_20180902T052757_023515_028F75_0BF8,20180827,20180902,INSAR_GAMMA,20x4,True,True,False,False,False,False,0.6,S1BA_20180827T052647_20180902T052730_VVP006_INT80_G_ueF_FD3E.zip,206.46,20180827_20180902,
b4e8a281-258e-47d1-8d7c-ddd61572fe1b,aoi_3_bologna,SUCCEEDED,2025-07-15 11:06:02+00:00,10,S1A_IW_SLC__1SDV_20240708T052755_20240708T052822_054665_06A7A7_47A9,S1A_IW_SLC__1SDV_20240801T052755_20240801T052822_055015_06B3CE_8354,20240708,20240801,INSAR_GAMMA,20x4,True,True,False,False,False,False,0.6,S1AA_20240708T052755_20240801T052755_VVP024_INT80_G_ueF_A8A5.zip,208.79,20240708_20240801,
89ff1f0f-df04-46e1-a6f2-99daaeeedaf5,aoi_3_bologna,SUCCEEDED,2025-07-15 11:06:00+00:00,10,S1A_IW_SLC__1SDV_20250621T052748_20250621T052815_059740_076B2D_5242,S1C_IW_SLC__1SDV_20250627T052651_20250627T052719_002964_0060C9_5498,20250621,20250627,INSAR_GAMMA,20x4,True,True,False,False,False,False,0.6,S1AC_20250621T052748_20250627T052651_VVR006_INT80_G_ueF_FA6E.zip,126.22,20250621_20250627,
93a64e64-2f0d-4d8a-8366-5947d8d10746,aoi_3_bologna,SUCCEEDED,2025-07-15 11:05:56+00:00,10,S1B_IW_SLC__1SDV_20200301T052652_20200301T052719_020494_026D59_5C7E,S1A_IW_SLC__1SDV_20200319T052734_20200319T052801_031740_03A919_5C33,20200301,20200319,INSAR_GAMMA,20x4,True,True,False,False,False,False,0.6,S1BA_20200301T052652_20200319T052734_VVP018_INT80_G_ueF_54AD.zip,205.33,20200301_20200319,
d30225f9-88b0-4eb9-a5e4-5735e9987c52,aoi_3_bologna,SUCCEEDED,2025-07-15 11:05:49+00:00,10,S1A_IW_SLC__1SDV_20230220T052751_20230220T052818_047315_05ADC6_6AC4,S1A_IW_SLC__1SDV_20230316T052750_20230316T052817_047665_05B99A_EC1E,20230220,20230316,INSAR_GAMMA,20x4,True,True,False,False,False,False,0.6,S1AA_20230220T052751_20230316T052750_VVP024_INT80_G_ueF_427A.zip,207.34,20230220_20230316,
ec3416fb-3702-442d-8c5e-40025f8c28b8,aoi_3_bologna,SUCCEEDED,2025-07-15 11:05:46+00:00,10,S1B_IW_SLC__1SDV_20210320T052659_20210320T052727_026094_031D17_942E,S1B_IW_SLC__1SDV_20210401T052648_20210401T052715_026269_032297_AD70,20210320,20210401,INSAR_GAMMA,20x4,True,True,False,False,False,False,0.6,S1BB_20210320T052659_20210401T052648_VVP012_INT80_G_ueF_8294.zip,118.09,20210320_20210401,
aaeaadaf-ff12-47ae-9de4-60b3e0ffdb90,aoi_3_bologna,SUCCEEDED,2025-07-15 11:05:43+00:00,10,S1B_IW_SLC__1SDV_20201003T052704_20201003T052731_023644_02CEC7_8541,S1B_IW_SLC__1SDV_20201027T052704_20201027T052731_023994_02D9B8_3011,20201003,20201027,INSAR_GAMMA,20x4,True,True,False,False,False,False,0.6,S1BB_20201003T052704_20201027T052704_VVP024_INT80_G_ueF_0036.zip,207.84,20201003_20201027,
990b26cb-97f3-4cb4-a9b9-0617f304a001,aoi_3_bologna,SUCCEEDED,2025-07-15 11:05:41+00:00,10,S1A_IW_SLC__1SDV_20210630T052744_20210630T052811_038565_048CFD_FB70,S1B_IW_SLC__1SDV_20210706T052705_20210706T052732_027669_034D60_B1C7,20210630,20210706,INSAR_GAMMA,20x4,True,True,False,False,False,False,0.6,S1AB_20210630T052744_20210706T052705_VVP006_INT80_G_ueF_44D2.zip,186.88,20210630_20210706,
51d75c72-c6bc-46ed-b319-0d6d5495334f,aoi_3_bologna,SUCCEEDED,2025-07-15 11:05:39+00:00,10,S1A_IW_SLC__1SDV_20201114T052743_20201114T052810_035240_041D81_B6F4,S1B_IW_SLC__1SDV_20201120T052704_20201120T052731_024344_02E49B_D239,20201114,20201120,INSAR_GAMMA,20x4,True,True,False,False,False,False,0.6,S1AB_20201114T052743_20201120T052704_VVP006_INT80_G_ueF_27A9.zip,185.94,20201114_20201120,
3f1f9fab-5a5d-4e62-8dc8-99e4ebb23b58,aoi_3_bologna,SUCCEEDED,2025-07-15 11:05:37+00:00,10,S1C_IW_SLC__1SDV_20250615T052650_20250615T052717_002789_005BB9_453C,S1A_IW_SLC__1SDV_20250621T052748_20250621T052815_059740_076B2D_5242,20250615,20250621,INSAR_GAMMA,20x4,True,True,False,False,False,False,0.6,S1CA_20250615T052650_20250621T052748_VVP006_INT80_G_ueF_5FF5.zip,127.4,20250615_20250621,
47a328da-027f-4c86-9a78-9ca859229f40,aoi_3_bologna,SUCCEEDED,2025-07-15 11:05:35+00:00,10,S1B_IW_SLC__1SDV_20180628T052652_20180628T052719_011569_01543E_E189,S1A_IW_SLC__1SDV_20180704T052726_20180704T052753_022640_0273F3_DAB6,20180628,20180704,INSAR_GAMMA,20x4,True,True,False,False,False,False,0.6,S1BA_20180628T052652_20180704T052726_VVP006_INT80_G_ueF_B04E.zip,146.19,20180628_20180704,
4ae181d4-8033-45bc-afda-e28d710f8d7c,aoi_3_bologna,SUCCEEDED,2025-07-15 11:05:34+00:00,10,S1A_IW_SLC__1SDV_20220508T052747_20220508T052814_043115_052620_4730,S1A_IW_SLC__1SDV_20220520T052748_20220520T052815_043290_052B73_9189,20220508,20220520,INSAR_GAMMA,20x4,True,True,False,False,False,False,0.6,S1AA_20220508T052747_20220520T052748_VVP012_INT80_G_ueF_0728.zip,207.85,20220508_20220520,
56191164-f724-44b4-bc14-251f5b08d93e,aoi_3_bologna,SUCCEEDED,2025-07-15 11:05:29+00:00,10,S1A_IW_SLC__1SDV_20200903T052742_20200903T052809_034190_03F8CD_D292,S1A_IW_SLC__1SDV_20200927T052743_20200927T052810_034540_040528_FA21,20200903,20200927,INSAR_GAMMA,20x4,True,True,False,False,False,False,0.6,S1AA_20200903T052742_20200927T052743_VVP024_INT80_G_ueF_BBBF.zip,207.2,20200903_20200927,
a7f8751a-ae58-4654-b6d0-2c2d1b60c4a5,aoi_3_bologna,SUCCEEDED,2025-07-15 11:05:27+00:00,10,S1B_IW_SLC__1SDV_20200804T052702_20200804T052729_022769_02B36C_3763,S1B_IW_SLC__1SDV_20200828T052703_20200828T052730_023119_02BE55_8C3E,20200804,20200828,INSAR_GAMMA,20x4,True,True,False,False,False,False,0.6,S1BB_20200804T052702_20200828T052703_VVP024_INT80_G_ueF_D628.zip,207.0,20200804_20200828,
f8bd856e-5bd2-45bd-8af2-b87c47d0696a,aoi_3_bologna,SUCCEEDED,2025-07-15 11:05:25+00:00,10,S1B_IW_SLC__1SDV_20170221T052626_20170221T052656_004394_007A54_D883,S1A_IW_SLC__1SDV_20170227T052703_20170227T052730_015465_01964E_C28B,20170221,20170227,INSAR_GAMMA,20x4,True,True,False,False,False,False,0.6,S1BA_20170221T052626_20170227T052703_VVP006_INT80_G_ueF_CB3B.zip,168.98,20170221_20170227,
974d4eaf-4f3d-4dd0-a236-82519e241d3a,aoi_3_bologna,SUCCEEDED,2025-07-15 11:05:22+00:00,10,S1A_IW_SLC__1SDV_20200212T052734_20200212T052801_031215_0396EC_9486,S1A_IW_SLC__1SDV_20200224T052733_20200224T052800_031390_039CF2_FE0E,20200212,20200224,INSAR_GAMMA,20x4,True,True,False,False,False,False,0.6,S1AA_20200212T052734_20200224T052733_VVP012_INT80_G_ueF_6AB3.zip,205.95,20200212_20200224,
ebd22e5f-39da-4a54-9d6c-05a2861ab985,aoi_3_bologna,SUCCEEDED,2025-07-15 11:05:21+00:00,10,S1A_IW_SLC__1SDV_20180622T052725_20180622T052752_022465_026ED9_C660,S1B_IW_SLC__1SDV_20180628T052652_20180628T052719_011569_01543E_E189,20180622,20180628,INSAR_GAMMA,20x4,True,True,False,False,False,False,0.6,S1AB_20180622T052725_20180628T052652_VVP006_INT80_G_ueF_E97F.zip,146.11,20180622_20180628,
23b3bea5-156e-450e-8a6d-f1a07939ff9c,aoi_3_bologna,SUCCEEDED,2025-07-15 11:05:20+00:00,10,S1B_IW_SLC__1SDV_20210928T052710_20210928T052737_028894_0372C3_C44A,S1B_IW_SLC__1SDV_20211022T052710_20211022T052737_029244_037D72_4B24,20210928,20211022,INSAR_GAMMA,20x4,True,True,False,False,False,False,0.6,S1BB_20210928T052710_20211022T052710_VVP024_INT80_G_ueF_6BF6.zip,206.76,20210928_20211022,
04d0beee-429c-4dcb-a220-674e3c0dd217,aoi_3_bologna,SUCCEEDED,2025-07-15 11:05:19+00:00,10,S1A_IW_SLC__1SDV_20190512T052729_20190512T052756_027190_0310B1_A091,S1A_IW_SLC__1SDV_20190605T052730_20190605T052757_027540_031B94_E331,20190512,20190605,INSAR_GAMMA,20x4,True,True,False,False,False,False,0.6,S1AA_20190512T052729_20190605T052730_VVP024_INT80_G_ueF_D1A7.zip,208.09,20190512_20190605,
afb2beb6-0a46-4176-a0a7-d46a1df6b225,aoi_3_bologna,SUCCEEDED,2025-07-15 11:05:17+00:00,10,S1B_IW_SLC__1SDV_20170128T052626_20170128T052656_004044_006FDE_2BAA,S1A_IW_SLC__1SDV_20170215T052703_20170215T052730_015290_0190F9_ED5F,20170128,20170215,INSAR_GAMMA,20x4,True,True,False,False,False,False,0.6,S1BA_20170128T052626_20170215T052703_VVP018_INT80_G_ueF_F46A.zip,171.75,20170128_20170215,
d8b34508-34b0-4182-9489-dd9884c0b117,aoi_3_bologna,SUCCEEDED,2025-07-15 11:05:16+00:00,10,S1B_IW_SLC__1SDV_20200406T052652_20200406T052720_021019_027DF4_AB54,S1A_IW_SLC__1SDV_20200412T052734_20200412T052801_032090_03B56C_ED00,20200406,20200412,INSAR_GAMMA,20x4,True,True,False,False,False,False,0.6,S1BA_20200406T052652_20200412T052734_VVP006_INT80_G_ueF_9B11.zip,204.52,20200406_20200412,
82a26a3e-7d00-483f-9d34-c137d9309b62,aoi_3_bologna,SUCCEEDED,2025-07-15 11:05:15+00:00,10,S1B_IW_SLC__1SDV_20180920T052648_20180920T052715_012794_0179E4_EAD9,S1B_IW_SLC__1SDV_20181002T052649_20181002T052716_012969_017F41_1AF9,20180920,20181002,INSAR_GAMMA,20x4,True,True,False,False,False,False,0.6,S1BB_20180920T052648_20181002T052649_VVP012_INT80_G_ueF_7EC6.zip,206.41,20180920_20181002,
f00ad9ae-1452-4513-8b63-f253edc33976,aoi_3_bologna,SUCCEEDED,2025-07-15 11:05:14+00:00,10,S1A_IW_SLC__1SDV_20240720T052755_20240720T052822_054840_06ADB3_9DD4,S1A_IW_SLC__1SDV_20240813T052755_20240813T052821_055190_06BA07_09F5,20240720,20240813,INSAR_GAMMA,20x4,True,True,False,False,False,False,0.6,S1AA_20240720T052755_20240813T052755_VVP024_INT80_G_ueF_7C97.zip,208.04,20240720_20240813,
d2bc8b73-8a67-4577-8272-2270fd2700c9,aoi_3_bologna,SUCCEEDED,2025-07-15 11:05:13+00:00,10,S1A_IW_SLC__1SDV_20181008T052731_20181008T052758_024040_02A081_9F83,S1A_IW_SLC__1SDV_20181101T052731_20181101T052758_024390_02ABE4_FB5E,20181008,20181101,INSAR_GAMMA,20x4,True,True,False,False,False,False,0.6,S1AA_20181008T052731_20181101T052731_VVP024_INT80_G_ueF_5C17.zip,209.08,20181008_20181101,
1e290b21-0fac-4573-89cd-ade1b59b7d4e,aoi_3_bologna,SUCCEEDED,2025-07-15 11:05:11+00:00,10,S1B_IW_SLC__1SDV_20211127T052658_20211127T052726_029769_038D9E_E246,S1B_IW_SLC__1SDV_20211221T052657_20211221T052725_030119_0398B0_849F,20211127,20211221,INSAR_GAMMA,20x4,True,True,False,False,False,False,0.6,S1BB_20211127T052658_20211221T052657_VVP024_INT80_G_ueF_481B.zip,214.4,20211127_20211221,
bb6d6cac-2aef-4bd8-b270-f64c45b38884,aoi_3_bologna,SUCCEEDED,2025-07-15 11:05:09+00:00,10,S1B_IW_SLC__1SDV_20210904T052709_20210904T052736_028544_036806_5330,S1B_IW_SLC__1SDV_20210928T052710_20210928T052737_028894_0372C3_C44A,20210904,20210928,INSAR_GAMMA,20x4,True,True,False,False,False,False,0.6,S1BB_20210904T052709_20210928T052710_VVP024_INT80_G_ueF_5CE5.zip,207.15,20210904_20210928,
c5c60d2e-928d-4d05-80e8-da4a1ea51aee,aoi_3_bologna,SUCCEEDED,2025-07-15 11:05:08+00:00,10,S1A_IW_SLC__1SDV_20200927T052743_20200927T052810_034540_040528_FA21,S1B_IW_SLC__1SDV_20201003T052704_20201003T052731_023644_02CEC7_8541,20200927,20201003,INSAR_GAMMA,20x4,True,True,False,False,False,False,0.6,S1AB_20200927T052743_20201003T052704_VVP006_INT80_G_ueF_C04C.zip,187.73,20200927_20201003,
9edbe245-6a44-409c-89b1-810e957563e4,aoi_3_bologna,SUCCEEDED,2025-07-15 11:05:06+00:00,10,S1B_IW_SLC__1SDV_20190211T052632_20190211T052700_014894_01BCD7_2231,S1B_IW_SLC__1SDV_20190307T052632_20190307T052700_015244_01C85A_A3F6,20190211,20190307,INSAR_GAMMA,20x4,True,True,False,False,False,False,0.6,S1BB_20190211T052632_20190307T052632_VVP024_INT80_G_ueF_CB51.zip,214.37,20190211_20190307,
78bc928f-df31-413e-ac1a-8a61f4e92e0c,aoi_3_bologna,SUCCEEDED,2025-07-15 11:05:05+00:00,10,S1A_IW_SLC__1SDV_20190804T052734_20190804T052801_028415_033604_65D4,S1B_IW_SLC__1SDV_20190810T052656_20190810T052722_017519_020F28_AE33,20190804,20190810,INSAR_GAMMA,20x4,True,True,False,False,False,False,0.6,S1AB_20190804T052734_20190810T052656_VVP006_INT80_G_ueF_7AB8.zip,185.44,20190804_20190810,
b5c97756-a82a-4fce-8cbd-a64ac1fa8b79,aoi_3_bologna,SUCCEEDED,2025-07-15 11:05:04+00:00,10,S1B_IW_SLC__1SDV_20180628T052652_20180628T052719_011569_01543E_E189,S1A_IW_SLC__1SDV_20180716T052727_20180716T052754_022815_02793C_BE0E,20180628,20180716,INSAR_GAMMA,20x4,True,True,False,False,False,False,0.6,S1BA_20180628T052652_20180716T052727_VVP018_INT80_G_ueF_EDE0.zip,146.01,20180628_20180716,
90a8404b-dc34-4b60-af1b-1ed51aae7d54,aoi_3_bologna,SUCCEEDED,2025-07-15 11:05:03+00:00,10,S1B_IW_SLC__1SDV_20190319T052632_20190319T052700_015419_01CE05_9832,S1B_IW_SLC__1SDV_20190331T052632_20190331T052700_015594_01D3BB_E08C,20190319,20190331,INSAR_GAMMA,20x4,True,True,False,False,False,False,0.6,S1BB_20190319T052632_20190331T052632_VVP012_INT80_G_ueF_2DAF.zip,214.07,20190319_20190331,
45199a17-2c03-44f6-928a-4eda496d4ec8,aoi_3_bologna,SUCCEEDED,2025-07-15 11:05:02+00:00,10,S1A_IW_SLC__1SDV_20210101T052741_20210101T052808_035940_0435A9_F516,S1A_IW_SLC__1SDV_20210125T052742_20210125T052810_036290_0441E9_6E89,20210101,20210125,INSAR_GAMMA,20x4,True,True,False,False,False,False,0.6,S1AA_20210101T052741_20210125T052742_VVP024_INT80_G_ueF_8D8A.zip,194.65,20210101_20210125,
20705642-46e7-487e-90ff-aeb8dbd286fa,aoi_3_bologna,SUCCEEDED,2025-07-15 11:05:01+00:00,10,S1A_IW_SLC__1SDV_20180423T052722_20180423T052749_021590_025363_B564,S1A_IW_SLC__1SDV_20180517T052723_20180517T052750_021940_025E79_F818,20180423,20180517,INSAR_GAMMA,20x4,True,True,False,False,False,False,0.6,S1AA_20180423T052722_20180517T052723_VVP024_INT80_G_ueF_3623.zip,208.98,20180423_20180517,
c1070d78-2126-41b1-baaa-bef1652a4009,aoi_3_bologna,SUCCEEDED,2025-07-15 11:05:00+00:00,10,S1A_IW_SLC__1SDV_20200729T052740_20200729T052807_033665_03E6D8_5C43,S1A_IW_SLC__1SDV_20200810T052741_20200810T052808_033840_03EC7E_14CF,20200729,20200810,INSAR_GAMMA,20x4,True,True,False,False,False,False,0.6,S1AA_20200729T052740_20200810T052741_VVP012_INT80_G_ueF_5094.zip,208.3,20200729_20200810,
309a1a47-316a-466d-9181-650945ccf7bc,aoi_3_bologna,SUCCEEDED,2025-07-15 11:04:57+00:00,10,S1A_IW_SLC__1SDV_20190921T052736_20190921T052803_029115_034E0E_1248,S1B_IW_SLC__1SDV_20191009T052658_20191009T052725_018394_022A67_7584,20190921,20191009,INSAR_GAMMA,20x4,True,True,False,False,False,False,0.6,S1AB_20190921T052736_20191009T052658_VVP018_INT80_G_ueF_F963.zip,187.04,20190921_20191009,
27c3b63a-f7a0-459a-8554-7069e416cc0a,aoi_3_bologna,SUCCEEDED,2025-07-15 11:04:56+00:00,10,S1B_IW_SLC__1SDV_20170609T052645_20170609T052712_005969_00A798_805C,S1A_IW_SLC__1SDV_20170615T052719_20170615T052746_017040_01C629_70BE,20170609,20170615,INSAR_GAMMA,20x4,True,True,False,False,False,False,0.6,S1BA_20170609T052645_20170615T052719_VVP006_INT80_G_ueF_2C69.zip,145.44,20170609_20170615,
06f30a95-4eff-487c-bc15-a393c84f86ad,aoi_3_bologna,SUCCEEDED,2025-07-15 11:04:55+00:00,10,S1B_IW_SLC__1SDV_20191208T052654_20191208T052722_019269_024619_3706,S1B_IW_SLC__1SDV_20200101T052653_20200101T052721_019619_025146_CC04,20191208,20200101,INSAR_GAMMA,20x4,True,True,False,False,False,False,0.6,S1BB_20191208T052654_20200101T052653_VVP024_INT80_G_ueF_4CEF.zip,212.38,20191208_20200101,
f8700ef9-e9f0-4955-9c2b-9285a79062e3,aoi_3_bologna,SUCCEEDED,2025-07-15 11:04:53+00:00,10,S1B_IW_SLC__1SDV_20200218T052652_20200218T052720_020319_0267BB_ABA7,S1B_IW_SLC__1SDV_20200301T052652_20200301T052719_020494_026D59_5C7E,20200218,20200301,INSAR_GAMMA,20x4,True,True,False,False,False,False,0.6,S1BB_20200218T052652_20200301T052652_VVP012_INT80_G_ueF_88C6.zip,211.52,20200218_20200301,
bb8a8279-95a7-4062-8a77-77199477294e,aoi_3_bologna,SUCCEEDED,2025-07-15 11:04:52+00:00,10,S1B_IW_SLC__1SDV_20200206T052652_20200206T052720_020144_026219_B0FF,S1B_IW_SLC__1SDV_20200218T052652_20200218T052720_020319_0267BB_ABA7,20200206,20200218,INSAR_GAMMA,20x4,True,True,False,False,False,False,0.6,S1BB_20200206T052652_20200218T052652_VVP012_INT80_G_ueF_7DAA.zip,212.03,20200206_20200218,
725bcf8a-0d65-495c-bbf1-35458b05f066,aoi_3_bologna,SUCCEEDED,2025-07-15 11:04:50+00:00,10,S1B_IW_SLC__1SDV_20170621T052645_20170621T052712_006144_00ACB6_D4C6,S1B_IW_SLC__1SDV_20170703T052646_20170703T052713_006319_00B1C7_9D9A,20170621,20170703,INSAR_GAMMA,20x4,True,True,False,False,False,False,0.6,S1BB_20170621T052645_20170703T052646_VVP012_INT80_G_ueF_A4F3.zip,205.93,20170621_20170703,
aa145bdc-c86b-4778-b382-294d1cf093af,aoi_3_bologna,SUCCEEDED,2025-07-15 11:04:48+00:00,10,S1A_IW_SLC__1SDV_20181207T052730_20181207T052757_024915_02BE95_51EE,S1B_IW_SLC__1SDV_20181213T052634_20181213T052702_014019_01A04C_25C2,20181207,20181213,INSAR_GAMMA,20x4,True,True,False,False,False,False,0.6,S1AB_20181207T052730_20181213T052634_VVP006_INT80_G_ueF_8963.zip,112.99,20181207_20181213,
e711e1c3-b51f-4478-b8c8-2d89be368ba0,aoi_3_bologna,SUCCEEDED,2025-07-15 11:04:47+00:00,10,S1B_IW_SLC__1SDV_20200430T052700_20200430T052727_021369_028901_0728,S1B_IW_SLC__1SDV_20200512T052700_20200512T052727_021544_028E77_8519,20200430,20200512,INSAR_GAMMA,20x4,True,True,False,False,False,False,0.6,S1BB_20200430T052700_20200512T052700_VVP012_INT80_G_ueF_11BF.zip,206.91,20200430_20200512,
51e756f6-83f3-4812-b58a-cf874a8e9713,aoi_3_bologna,SUCCEEDED,2025-07-15 11:04:45+00:00,10,S1A_IW_SLC__1SDV_20181101T052731_20181101T052758_024390_02ABE4_FB5E,S1A_IW_SLC__1SDV_20181113T052730_20181113T052757_024565_02B24A_6AD5,20181101,20181113,INSAR_GAMMA,20x4,True,True,False,False,False,False,0.6,S1AA_20181101T052731_20181113T052730_VVP012_INT80_G_ueF_2E39.zip,206.36,20181101_20181113,
22dda75e-1132-4a04-88ae-513078050b0a,aoi_3_bologna,SUCCEEDED,2025-07-15 11:04:43+00:00,10,S1B_IW_SLC__1SDV_20190223T052632_20190223T052700_015069_01C291_394C,S1A_IW_SLC__1SDV_20190301T052727_20190301T052754_026140_02EABC_75FE,20190223,20190301,INSAR_GAMMA,20x4,True,True,False,False,False,False,0.6,S1BA_20190223T052632_20190301T052727_VVP006_INT80_G_ueF_5558.zip,111.43,20190223_20190301,
cc4bf00c-0cf6-45f5-8699-6ec277c36a97,aoi_3_bologna,SUCCEEDED,2025-07-15 11:04:41+00:00,10,S1A_IW_SLC__1SDV_20180330T052721_20180330T052748_021240_024878_63B9,S1B_IW_SLC__1SDV_20180417T052626_20180417T052654_010519_0132DA_3448,20180330,20180417,INSAR_GAMMA,20x4,True,True,False,False,False,False,0.6,S1AB_20180330T052721_20180417T052626_VVP018_INT80_G_ueF_5CB4.zip,113.95,20180330_20180417,
d617e451-26af-430c-ab5a-47a51b83d267,aoi_3_bologna,SUCCEEDED,2025-07-15 11:04:40+00:00,10,S1B_IW_SLC__1SDV_20191102T052658_20191102T052725_018744_023546_0C18,S1A_IW_SLC__1SDV_20191108T052737_20191108T052804_029815_036652_DAA7,20191102,20191108,INSAR_GAMMA,20x4,True,True,False,False,False,False,0.6,S1BA_20191102T052658_20191108T052737_VVP006_INT80_G_ueF_6209.zip,185.6,20191102_20191108,
3d1c071d-6b13-436e-a6f0-b7f302c13d0b,aoi_3_bologna,SUCCEEDED,2025-07-15 11:04:39+00:00,10,S1B_IW_SLC__1SDV_20170504T052621_20170504T052648_005444_0098B2_F1F0,S1A_IW_SLC__1SDV_20170522T052706_20170522T052733_016690_01BB5A_71C2,20170504,20170522,INSAR_GAMMA,20x4,True,True,False,False,False,False,0.6,S1BA_20170504T052621_20170522T052706_VVP018_INT80_G_ueF_9757.zip,194.94,20170504_20170522,
eabf6f2b-fe49-43e9-8f41-7a68ce03b54a,aoi_3_bologna,SUCCEEDED,2025-07-15 11:04:37+00:00,10,S1B_IW_SLC__1SDV_20181107T052651_20181107T052718_013494_018F83_3656,S1B_IW_SLC__1SDV_20181119T052651_20181119T052718_013669_019505_C2E0,20181107,20181119,INSAR_GAMMA,20x4,True,True,False,False,False,False,0.6,S1BB_20181107T052651_20181119T052651_VVP012_INT80_G_ueF_6821.zip,206.81,20181107_20181119,
d6461801-3989-4430-9971-8e78944f22ad,aoi_3_bologna,SUCCEEDED,2025-07-15 11:04:36+00:00,10,S1A_IW_SLC__1SDV_20170919T052724_20170919T052751_018440_01F0C7_981A,S1B_IW_SLC__1SDV_20171007T052650_20171007T052717_007719_00DA22_EDAB,20170919,20171007,INSAR_GAMMA,20x4,True,True,False,False,False,False,0.6,S1AB_20170919T052724_20171007T052650_VVP018_INT80_G_ueF_52DF.zip,147.32,20170919_20171007,
dd454270-c2f1-4f7e-aa56-d8226897e374,aoi_3_bologna,SUCCEEDED,2025-07-15 11:04:35+00:00,10,S1A_IW_SLC__1SDV_20200915T052743_20200915T052810_034365_03FEFD_519E,S1B_IW_SLC__1SDV_20200921T052704_20200921T052731_023469_02C94E_F6FB,20200915,20200921,INSAR_GAMMA,20x4,True,True,False,False,False,False,0.6,S1AB_20200915T052743_20200921T052704_VVP006_INT80_G_ueF_0750.zip,186.56,20200915_20200921,
f420f96c-d11f-47c0-8531-6350a32fcb9d,aoi_3_bologna,SUCCEEDED,2025-07-15 11:04:34+00:00,10,S1A_IW_SLC__1SDV_20211121T052749_20211121T052816_040665_04D32B_16C9,S1B_IW_SLC__1SDV_20211127T052658_20211127T052726_029769_038D9E_E246,20211121,20211127,INSAR_GAMMA,20x4,True,True,False,False,False,False,0.6,S1AB_20211121T052749_20211127T052658_VVP006_INT80_G_ueF_3A33.zip,153.39,20211121_20211127,
95cb71b5-8679-4383-95bb-a53e3fceed91,aoi_3_bologna,SUCCEEDED,2025-07-15 11:04:33+00:00,10,S1C_IW_SLC__1SDV_20250522T052623_20250522T052650_002439_0051B0_D5F0,S1A_IW_SLC__1SDV_20250609T052748_20250609T052815_059565_076523_2F2F,20250522,20250609,INSAR_GAMMA,20x4,True,True,False,False,False,False,0.6,S1CA_20250522T052623_20250609T052748_VVP018_INT80_G_ueF_00AC.zip,107.71,20250522_20250609,
7cba6881-e4b0-4f6e-bd13-8f66b7d13c12,aoi_3_bologna,SUCCEEDED,2025-07-15 11:04:30+00:00,10,S1A_IW_SLC__1SDV_20190605T052730_20190605T052757_027540_031B94_E331,S1A_IW_SLC__1SDV_20190617T052731_20190617T052758_027715_0320DB_11E5,20190605,20190617,INSAR_GAMMA,20x4,True,True,False,False,False,False,0.6,S1AA_20190605T052730_20190617T052731_VVP012_INT80_G_ueF_B40F.zip,207.41,20190605_20190617,
9a6cf62c-1b4b-45fa-91a8-6c3c35a82a3b,aoi_3_bologna,SUCCEEDED,2025-07-15 11:04:29+00:00,10,S1A_IW_SLC__1SDV_20201102T052743_20201102T052810_035065_04175E_207B,S1B_IW_SLC__1SDV_20201120T052704_20201120T052731_024344_02E49B_D239,20201102,20201120,INSAR_GAMMA,20x4,True,True,False,False,False,False,0.6,S1AB_20201102T052743_20201120T052704_VVP018_INT80_G_ueF_CEE0.zip,186.24,20201102_20201120,
b5d2768c-b723-4493-be82-cdbbf5f6d44a,aoi_3_bologna,SUCCEEDED,2025-07-15 11:04:28+00:00,10,S1A_IW_SLC__1SDV_20200319T052734_20200319T052801_031740_03A919_5C33,S1A_IW_SLC__1SDV_20200412T052734_20200412T052801_032090_03B56C_ED00,20200319,20200412,INSAR_GAMMA,20x4,True,True,False,False,False,False,0.6,S1AA_20200319T052734_20200412T052734_VVP024_INT80_G_ueF_29FA.zip,207.99,20200319_20200412,
6c1aa92a-1699-4dad-805d-b7faebc4937f,aoi_3_bologna,SUCCEEDED,2025-07-15 11:04:27+00:00,10,S1A_IW_SLC__1SDV_20170826T052723_20170826T052750_018090_01E60E_3D8C,S1A_IW_SLC__1SDV_20170907T052723_20170907T052750_018265_01EB5E_D8F0,20170826,20170907,INSAR_GAMMA,20x4,True,True,False,False,False,False,0.6,S1AA_20170826T052723_20170907T052723_VVP012_INT80_G_ueF_EAC7.zip,206.21,20170826_20170907,
9dadd6cf-9777-4d22-901d-aeae7f83b28c,aoi_3_bologna,SUCCEEDED,2025-07-15 11:04:26+00:00,10,S1A_IW_SLC__1SDV_20170510T052706_20170510T052733_016515_01B5F9_8C9C,S1B_IW_SLC__1SDV_20170528T052627_20170528T052654_005794_00A285_D8B7,20170510,20170528,INSAR_GAMMA,20x4,True,True,False,False,False,False,0.6,S1AB_20170510T052706_20170528T052627_VVP018_INT80_G_ueF_C1DB.zip,189.84,20170510_20170528,
d6fcd28b-fc34-4269-af55-6fcccf19b2a0,aoi_3_bologna,SUCCEEDED,2025-07-15 11:04:24+00:00,10,S1A_IW_SLC__1SDV_20170615T052719_20170615T052746_017040_01C629_70BE,S1A_IW_SLC__1SDV_20170709T052720_20170709T052747_017390_01D0C1_5C0C,20170615,20170709,INSAR_GAMMA,20x4,True,True,False,False,False,False,0.6,S1AA_20170615T052719_20170709T052720_VVP024_INT80_G_ueF_85DA.zip,209.27,20170615_20170709,
1d8a6b90-4ef7-4104-9516-05a90a959167,aoi_3_bologna,SUCCEEDED,2025-07-15 11:04:22+00:00,10,S1B_IW_SLC__1SDV_20200816T052702_20200816T052729_022944_02B8D4_8C49,S1A_IW_SLC__1SDV_20200822T052742_20200822T052809_034015_03F2A9_38AC,20200816,20200822,INSAR_GAMMA,20x4,True,True,False,False,False,False,0.6,S1BA_20200816T052702_20200822T052742_VVP006_INT80_G_ueF_A087.zip,185.6,20200816_20200822,
4350f939-293f-4620-96be-a46161a0a41c,aoi_3_bologna,SUCCEEDED,2025-07-15 11:04:21+00:00,10,S1C_IW_SLC__1SDV_20250603T052649_20250603T052716_002614_0056AB_FBD0,S1A_IW_SLC__1SDV_20250609T052748_20250609T052815_059565_076523_2F2F,20250603,20250609,INSAR_GAMMA,20x4,True,True,False,False,False,False,0.6,S1CA_20250603T052649_20250609T052748_VVP006_INT80_G_ueF_E8BA.zip,127.41,20250603_20250609,
24b7d474-c8d5-45be-81d2-71c62dbde2e6,aoi_3_bologna,SUCCEEDED,2025-07-15 11:04:19+00:00,10,S1A_IW_SLC__1SDV_20191202T052736_20191202T052803_030165_037270_3899,S1B_IW_SLC__1SDV_20191208T052654_20191208T052722_019269_024619_3706,20191202,20191208,INSAR_GAMMA,20x4,True,True,False,False,False,False,0.6,S1AB_20191202T052736_20191208T052654_VVP006_INT80_G_ueF_F994.zip,207.2,20191202_20191208,
586028f0-f69d-42e4-9653-4130c732aaec,aoi_3_bologna,SUCCEEDED,2025-07-15 11:04:18+00:00,10,S1A_IW_SLC__1SDV_20190430T052729_20190430T052756_027015_030ABC_7509,S1B_IW_SLC__1SDV_20190518T052634_20190518T052702_016294_01EAAB_FD01,20190430,20190518,INSAR_GAMMA,20x4,True,True,False,False,False,False,0.6,S1AB_20190430T052729_20190518T052634_VVP018_INT80_G_ueF_791B.zip,114.28,20190430_20190518,
a8dc18b2-445b-46bd-810f-11bbbc793a77,aoi_3_bologna,SUCCEEDED,2025-07-15 11:04:17+00:00,10,S1A_IW_SLC__1SDV_20181207T052730_20181207T052757_024915_02BE95_51EE,S1A_IW_SLC__1SDV_20181231T052729_20181231T052756_025265_02CB42_9A6C,20181207,20181231,INSAR_GAMMA,20x4,True,True,False,False,False,False,0.6,S1AA_20181207T052730_20181231T052729_VVP024_INT80_G_ueF_DB19.zip,207.38,20181207_20181231,
c2684cc3-8d93-4849-a599-5d1164742ca7,aoi_3_bologna,SUCCEEDED,2025-07-15 11:04:15+00:00,10,S1A_IW_SLC__1SDV_20201009T052743_20201009T052810_034715_040B45_2877,S1B_IW_SLC__1SDV_20201027T052704_20201027T052731_023994_02D9B8_3011,20201009,20201027,INSAR_GAMMA,20x4,True,True,False,False,False,False,0.6,S1AB_20201009T052743_20201027T052704_VVP018_INT80_G_ueF_6D73.zip,186.88,20201009_20201027,
c7d54a31-e795-4101-8033-62e45fb7d490,aoi_3_bologna,SUCCEEDED,2025-07-15 11:04:14+00:00,10,S1A_IW_SLC__1SDV_20180210T052721_20180210T052748_020540_023244_7026,S1A_IW_SLC__1SDV_20180222T052721_20180222T052748_020715_0237D7_6CFE,20180210,20180222,INSAR_GAMMA,20x4,True,True,False,False,False,False,0.6,S1AA_20180210T052721_20180222T052721_VVP012_INT80_G_ueF_00DE.zip,207.35,20180210_20180222,
3a742ca3-585c-46d9-8fac-5446a002b2ab,aoi_3_bologna,SUCCEEDED,2025-07-15 11:04:12+00:00,10,S1B_IW_SLC__1SDV_20210308T052659_20210308T052727_025919_031775_A250,S1B_IW_SLC__1SDV_20210401T052648_20210401T052715_026269_032297_AD70,20210308,20210401,INSAR_GAMMA,20x4,True,True,False,False,False,False,0.6,S1BB_20210308T052659_20210401T052648_VVP024_INT80_G_ueF_6452.zip,118.98,20210308_20210401,
aa1923d4-8fa2-47fe-8e4a-dc7b0b73bd61,aoi_3_bologna,SUCCEEDED,2025-07-15 11:04:11+00:00,10,S1B_IW_SLC__1SDV_20210823T052708_20210823T052735_028369_03628D_BA55,S1B_IW_SLC__1SDV_20210916T052709_20210916T052736_028719_036D65_946D,20210823,20210916,INSAR_GAMMA,20x4,True,True,False,False,False,False,0.6,S1BB_20210823T052708_20210916T052709_VVP024_INT80_G_ueF_D6FA.zip,206.06,20210823_20210916,
bc35a7ed-dc65-475c-86bc-938183e9669f,aoi_3_bologna,SUCCEEDED,2025-07-15 11:04:10+00:00,10,S1A_IW_SLC__1SDV_20190217T052727_20190217T052754_025965_02E479_38FC,S1B_IW_SLC__1SDV_20190307T052632_20190307T052700_015244_01C85A_A3F6,20190217,20190307,INSAR_GAMMA,20x4,True,True,False,False,False,False,0.6,S1AB_20190217T052727_20190307T052632_VVP018_INT80_G_ueF_E537.zip,113.8,20190217_20190307,
61c19b00-2988-4153-99ce-83fae0d83d66,aoi_3_bologna,SUCCEEDED,2025-07-15 11:04:08+00:00,10,S1A_IW_SLC__1SDV_20190921T052736_20190921T052803_029115_034E0E_1248,S1B_IW_SLC__1SDV_20190927T052658_20190927T052725_018219_0224E4_B9B7,20190921,20190927,INSAR_GAMMA,20x4,True,True,False,False,False,False,0.6,S1AB_20190921T052736_20190927T052658_VVP006_INT80_G_ueF_9E28.zip,186.6,20190921_20190927,
5bf68019-dfa7-44b2-a3a1-32704379439f,aoi_3_bologna,SUCCEEDED,2025-07-15 11:04:07+00:00,10,S1A_IW_SLC__1SDV_20190124T052728_20190124T052755_025615_02D7ED_F0A7,S1B_IW_SLC__1SDV_20190130T052632_20190130T052700_014719_01B71A_E4CB,20190124,20190130,INSAR_GAMMA,20x4,True,True,False,False,False,False,0.6,S1AB_20190124T052728_20190130T052632_VVP006_INT80_G_ueF_6B57.zip,113.47,20190124_20190130,
5f5d7fe1-01ec-446e-bdad-5eb335d3803b,aoi_3_bologna,SUCCEEDED,2025-07-15 11:04:06+00:00,10,S1A_IW_SLC__1SDV_20200611T052737_20200611T052804_032965_03D183_772E,S1B_IW_SLC__1SDV_20200617T052659_20200617T052726_022069_029E24_9AED,20200611,20200617,INSAR_GAMMA,20x4,True,True,False,False,False,False,0.6,S1AB_20200611T052737_20200617T052659_VVP006_INT80_G_ueF_9DCF.zip,187.67,20200611_20200617,
f3dd8f72-a749-48a3-ae34-ccd2d9d2f1e1,aoi_3_bologna,SUCCEEDED,2025-07-15 11:04:05+00:00,10,S1A_IW_SLC__1SDV_20200717T052739_20200717T052806_033490_03E17A_B0B3,S1B_IW_SLC__1SDV_20200804T052702_20200804T052729_022769_02B36C_3763,20200717,20200804,INSAR_GAMMA,20x4,True,True,False,False,False,False,0.6,S1AB_20200717T052739_20200804T052702_VVP018_INT80_G_ueF_DB61.zip,187.99,20200717_20200804,
c3911c0d-6927-455c-a3dc-c9335ebc8e7e,aoi_3_bologna,SUCCEEDED,2025-07-15 11:04:03+00:00,10,S1A_IW_SLC__1SDV_20221116T052754_20221116T052821_045915_057E6A_4613,S1A_IW_SLC__1SDV_20221210T052754_20221210T052821_046265_058A4F_B53E,20221116,20221210,INSAR_GAMMA,20x4,True,True,False,False,False,False,0.6,S1AA_20221116T052754_20221210T052754_VVP024_INT80_G_ueF_447A.zip,208.05,20221116_20221210,
bfe7bc5c-a8b7-4546-be91-bcb535d15a1d,aoi_3_bologna,SUCCEEDED,2025-07-15 11:04:02+00:00,10,S1A_IW_SLC__1SDV_20210829T052748_20210829T052815_039440_04A8CE_F96B,S1A_IW_SLC__1SDV_20210910T052748_20210910T052815_039615_04AEE1_8C96,20210829,20210910,INSAR_GAMMA,20x4,True,True,False,False,False,False,0.6,S1AA_20210829T052748_20210910T052748_VVP012_INT80_G_ueF_398A.zip,206.04,20210829_20210910,
aeb572c1-22a4-4c26-bca7-ac82bce76768,aoi_3_bologna,SUCCEEDED,2025-07-15 11:04:01+00:00,10,S1A_IW_SLC__1SDV_20181219T052729_20181219T052756_025090_02C4ED_AE9B,S1A_IW_SLC__1SDV_20181231T052729_20181231T052756_025265_02CB42_9A6C,20181219,20181231,INSAR_GAMMA,20x4,True,True,False,False,False,False,0.6,S1AA_20181219T052729_20181231T052729_VVP012_INT80_G_ueF_A3B3.zip,207.11,20181219_20181231,
f46a56f2-63f2-45c1-9ebb-82adef1322bd,aoi_3_bologna,SUCCEEDED,2025-07-15 11:03:59+00:00,10,S1B_IW_SLC__1SDV_20190903T052657_20190903T052724_017869_021A0C_DC54,S1B_IW_SLC__1SDV_20190927T052658_20190927T052725_018219_0224E4_B9B7,20190903,20190927,INSAR_GAMMA,20x4,True,True,False,False,False,False,0.6,S1BB_20190903T052657_20190927T052658_VVP024_INT80_G_ueF_FA9A.zip,207.77,20190903_20190927,
9da6b83b-770f-45a4-834c-3e2f83430679,aoi_3_bologna,SUCCEEDED,2025-07-15 11:03:58+00:00,10,S1A_IW_SLC__1SDV_20180505T052723_20180505T052750_021765_0258EB_7AA2,S1B_IW_SLC__1SDV_20180523T052628_20180523T052656_011044_0143CC_AD07,20180505,20180523,INSAR_GAMMA,20x4,True,True,False,False,False,False,0.6,S1AB_20180505T052723_20180523T052628_VVP018_INT80_G_ueF_9442.zip,114.51,20180505_20180523,
d25cc4c0-be29-44de-a6c9-ad0a704fe229,aoi_3_bologna,SUCCEEDED,2025-07-15 11:03:57+00:00,10,S1B_IW_SLC__1SDV_20170516T052627_20170516T052654_005619_009D73_A07F,S1A_IW_SLC__1SDV_20170522T052706_20170522T052733_016690_01BB5A_71C2,20170516,20170522,INSAR_GAMMA,20x4,True,True,False,False,False,False,0.6,S1BA_20170516T052627_20170522T052706_VVP006_INT80_G_ueF_9846.zip,187.49,20170516_20170522,
f7627b09-012d-473e-8bf1-c220e64ed3d7,aoi_3_bologna,SUCCEEDED,2025-07-15 11:03:55+00:00,10,S1A_IW_SLC__1SDV_20180222T052721_20180222T052748_020715_0237D7_6CFE,S1B_IW_SLC__1SDV_20180312T052625_20180312T052653_009994_0121E9_7C6D,20180222,20180312,INSAR_GAMMA,20x4,True,True,False,False,False,False,0.6,S1AB_20180222T052721_20180312T052625_VVP018_INT80_G_ueF_7671.zip,114.3,20180222_20180312,
a3e8d495-7169-4f9f-a574-939767bd0974,aoi_3_bologna,SUCCEEDED,2025-07-15 11:03:54+00:00,10,S1A_IW_SLC__1SDV_20221104T052755_20221104T052822_045740_057878_0C52,S1A_IW_SLC__1SDV_20221128T052754_20221128T052821_046090_058452_126C,20221104,20221128,INSAR_GAMMA,20x4,True,True,False,False,False,False,0.6,S1AA_20221104T052755_20221128T052754_VVP024_INT80_G_ueF_7E94.zip,207.8,20221104_20221128,
407c3b6d-15a8-4531-8283-21a9a9790c12,aoi_3_bologna,SUCCEEDED,2025-07-15 11:03:53+00:00,10,S1B_IW_SLC__1SDV_20200828T052703_20200828T052730_023119_02BE55_8C3E,S1A_IW_SLC__1SDV_20200903T052742_20200903T052809_034190_03F8CD_D292,20200828,20200903,INSAR_GAMMA,20x4,True,True,False,False,False,False,0.6,S1BA_20200828T052703_20200903T052742_VVP006_INT80_G_ueF_69B0.zip,186.11,20200828_20200903,
e9eee1e2-3ccc-48f2-a136-a8476e70ca2d,aoi_3_bologna,SUCCEEDED,2025-07-15 11:03:51+00:00,10,S1A_IW_SLC__1SDV_20210326T052740_20210326T052807_037165_04604D_AB9A,S1B_IW_SLC__1SDV_20210401T052648_20210401T052715_026269_032297_AD70,20210326,20210401,INSAR_GAMMA,20x4,True,True,False,False,False,False,0.6,S1AB_20210326T052740_20210401T052648_VVP006_INT80_G_ueF_6B3B.zip,132.47,20210326_20210401,
94cec7a0-5d65-4ad5-97e7-0897c258032d,aoi_3_bologna,SUCCEEDED,2025-07-15 11:03:50+00:00,10,S1B_IW_SLC__1SDV_20190506T052633_20190506T052701_016119_01E53A_17A0,S1A_IW_SLC__1SDV_20190512T052729_20190512T052756_027190_0310B1_A091,20190506,20190512,INSAR_GAMMA,20x4,True,True,False,False,False,False,0.6,S1BA_20190506T052633_20190512T052729_VVP006_INT80_G_ueF_635B.zip,113.21,20190506_20190512,
393bcc1d-c892-4a13-84c7-10c55be7680e,aoi_3_bologna,SUCCEEDED,2025-07-15 11:03:48+00:00,10,S1B_IW_SLC__1SDV_20170808T052648_20170808T052715_006844_00C0C1_C412,S1A_IW_SLC__1SDV_20170826T052723_20170826T052750_018090_01E60E_3D8C,20170808,20170826,INSAR_GAMMA,20x4,True,True,False,False,False,False,0.6,S1BA_20170808T052648_20170826T052723_VVP018_INT80_G_ueF_9081.zip,145.5,20170808_20170826,
2b5f65ee-c7b2-4e1a-a72e-ba1411fb67dc,aoi_3_bologna,SUCCEEDED,2025-07-15 11:03:47+00:00,10,S1B_IW_SLC__1SDV_20201202T052652_20201202T052720_024519_02EA28_CC32,S1A_IW_SLC__1SDV_20201208T052742_20201208T052809_035590_042995_4806,20201202,20201208,INSAR_GAMMA,20x4,True,True,False,False,False,False,0.6,S1BA_20201202T052652_20201208T052742_VVP006_INT80_G_ueF_516D.zip,153.06,20201202_20201208,
ec47d437-29d7-4450-8f94-1392546bcbb1,aoi_3_bologna,SUCCEEDED,2025-07-15 11:03:44+00:00,10,S1A_IW_SLC__1SDV_20240322T052756_20240322T052823_053090_066E23_CB50,S1A_IW_SLC__1SDV_20240415T052756_20240415T052823_053440_067BAC_6BFF,20240322,20240415,INSAR_GAMMA,20x4,True,True,False,False,False,False,0.6,S1AA_20240322T052756_20240415T052756_VVP024_INT80_G_ueF_4F21.zip,208.53,20240322_20240415,
e9a67ded-8c8f-4c8e-b281-b969f86d4ff9,aoi_3_bologna,SUCCEEDED,2025-07-15 11:03:42+00:00,10,S1B_IW_SLC__1SDV_20201108T052704_20201108T052731_024169_02DF1E_457C,S1B_IW_SLC__1SDV_20201120T052704_20201120T052731_024344_02E49B_D239,20201108,20201120,INSAR_GAMMA,20x4,True,True,False,False,False,False,0.6,S1BB_20201108T052704_20201120T052704_VVP012_INT80_G_ueF_2330.zip,205.21,20201108_20201120,
89fb3900-ace5-43fb-82a5-b4e702db5731,aoi_3_bologna,SUCCEEDED,2025-07-15 11:03:41+00:00,10,S1A_IW_SLC__1SDV_20240720T052755_20240720T052822_054840_06ADB3_9DD4,S1A_IW_SLC__1SDV_20240801T052755_20240801T052822_055015_06B3CE_8354,20240720,20240801,INSAR_GAMMA,20x4,True,True,False,False,False,False,0.6,S1AA_20240720T052755_20240801T052755_VVP012_INT80_G_ueF_B484.zip,207.84,20240720_20240801,
57b550c0-9bae-4d0f-994d-aea2391fb5dc,aoi_3_bologna,SUCCEEDED,2025-07-15 11:03:40+00:00,10,S1B_IW_SLC__1SDV_20200301T052652_20200301T052719_020494_026D59_5C7E,S1B_IW_SLC__1SDV_20200325T052652_20200325T052720_020844_02786B_7CF7,20200301,20200325,INSAR_GAMMA,20x4,True,True,False,False,False,False,0.6,S1BB_20200301T052652_20200325T052652_VVP024_INT80_G_ueF_F126.zip,213.1,20200301_20200325,
3ec79cf5-cd3f-44e2-931b-836395cf1f48,aoi_3_bologna,SUCCEEDED,2025-07-15 11:03:38+00:00,10,S1A_IW_SLC__1SDV_20210101T052741_20210101T052808_035940_0435A9_F516,S1B_IW_SLC__1SDV_20210107T052703_20210107T052730_025044_02FB1E_53A0,20210101,20210107,INSAR_GAMMA,20x4,True,True,False,False,False,False,0.6,S1AB_20210101T052741_20210107T052703_VVP006_INT80_G_ueF_31F6.zip,180.42,20210101_20210107,
744dfffe-d949-48d6-8594-347986c470b7,aoi_3_bologna,SUCCEEDED,2025-07-15 11:03:23+00:00,10,S1B_IW_SLC__1SDV_20200605T052658_20200605T052725_021894_0298D7_EB1B,S1A_IW_SLC__1SDV_20200623T052738_20200623T052805_033140_03D6D5_C291,20200605,20200623,INSAR_GAMMA,20x4,True,True,False,False,False,False,0.6,S1BA_20200605T052658_20200623T052738_VVP018_INT80_G_ueF_8014.zip,186.76,20200605_20200623,
9e332fd7-a05a-4423-9002-3d4c8c2af240,aoi_3_bologna,SUCCEEDED,2025-07-15 11:03:15+00:00,10,S1B_IW_SLC__1SDV_20191208T052654_20191208T052722_019269_024619_3706,S1A_IW_SLC__1SDV_20191214T052736_20191214T052803_030340_03787B_41FA,20191208,20191214,INSAR_GAMMA,20x4,True,True,False,False,False,False,0.6,S1BA_20191208T052654_20191214T052736_VVP006_INT80_G_ueF_03C6.zip,205.19,20191208_20191214,
c5694335-b087-420d-a49c-f140be744099,aoi_3_bologna,SUCCEEDED,2025-07-15 11:03:13+00:00,10,S1A_IW_SLC__1SDV_20201021T052743_20201021T052810_034890_041162_AF7D,S1A_IW_SLC__1SDV_20201114T052743_20201114T052810_035240_041D81_B6F4,20201021,20201114,INSAR_GAMMA,20x4,True,True,False,False,False,False,0.6,S1AA_20201021T052743_20201114T052743_VVP024_INT80_G_ueF_D888.zip,207.64,20201021_20201114,
f4c8b309-83fd-4683-a485-01b75b39185d,aoi_3_bologna,SUCCEEDED,2025-07-15 11:03:02+00:00,10,S1A_IW_SLC__1SDV_20180210T052721_20180210T052748_020540_023244_7026,S1A_IW_SLC__1SDV_20180306T052721_20180306T052748_020890_023D5E_E7E3,20180210,20180306,INSAR_GAMMA,20x4,True,True,False,False,False,False,0.6,S1AA_20180210T052721_20180306T052721_VVP024_INT80_G_ueF_4AC8.zip,208.09,20180210_20180306,
db984953-8671-4ea1-b0ce-b09b52589f9c,aoi_3_bologna,SUCCEEDED,2025-07-15 11:03:01+00:00,10,S1B_IW_SLC__1SDV_20210718T052706_20210718T052733_027844_035293_52FD,S1A_IW_SLC__1SDV_20210805T052747_20210805T052814_039090_049CCC_BF6A,20210718,20210805,INSAR_GAMMA,20x4,True,True,False,False,False,False,0.6,S1BA_20210718T052706_20210805T052747_VVP018_INT80_G_ueF_183B.zip,187.26,20210718_20210805,
a3d7ea4d-6b0b-4691-b55e-bb19784eccf4,aoi_3_bologna,SUCCEEDED,2025-07-15 11:02:57+00:00,10,S1B_IW_SLC__1SDV_20201027T052704_20201027T052731_023994_02D9B8_3011,S1B_IW_SLC__1SDV_20201108T052704_20201108T052731_024169_02DF1E_457C,20201027,20201108,INSAR_GAMMA,20x4,True,True,False,False,False,False,0.6,S1BB_20201027T052704_20201108T052704_VVP012_INT80_G_ueF_D619.zip,205.79,20201027_20201108,
ae0f0bd8-558e-4074-800d-71de64050ce3,aoi_3_bologna,SUCCEEDED,2025-07-15 11:02:55+00:00,10,S1A_IW_SLC__1SDV_20250128T052750_20250128T052817_057640_071A53_5C66,S1A_IW_SLC__1SDV_20250209T052750_20250209T052817_057815_07213A_1AF0,20250128,20250209,INSAR_GAMMA,20x4,True,True,False,False,False,False,0.6,S1AA_20250128T052750_20250209T052750_VVP012_INT80_G_ueF_B4DF.zip,207.48,20250128_20250209,
33ac6dc6-4cc3-4ad1-a4c0-04b2be211f4e,aoi_3_bologna,SUCCEEDED,2025-07-15 11:02:54+00:00,10,S1B_IW_SLC__1SDV_20190915T052657_20190915T052724_018044_021F7F_4F9E,S1B_IW_SLC__1SDV_20191009T052658_20191009T052725_018394_022A67_7584,20190915,20191009,INSAR_GAMMA,20x4,True,True,False,False,False,False,0.6,S1BB_20190915T052657_20191009T052658_VVP024_INT80_G_ueF_0D96.zip,206.64,20190915_20191009,
a4f4a13d-3482-474a-8c60-1c77bb069bed,aoi_3_bologna,SUCCEEDED,2025-07-15 11:02:52+00:00,10,S1B_IW_SLC__1SDV_20171112T052650_20171112T052717_008244_00E948_A489,S1B_IW_SLC__1SDV_20171206T052627_20171206T052655_008594_00F425_4A68,20171112,20171206,INSAR_GAMMA,20x4,True,True,False,False,False,False,0.6,S1BB_20171112T052650_20171206T052627_VVP024_INT80_G_ueF_05BC.zip,55.25,20171112_20171206,
96bd72f4-a1f4-4e18-9f62-764f35bbcde2,aoi_3_bologna,SUCCEEDED,2025-07-15 11:02:49+00:00,10,S1A_IW_SLC__1SDV_20221011T052755_20221011T052822_045390_056D69_82CF,S1A_IW_SLC__1SDV_20221104T052755_20221104T052822_045740_057878_0C52,20221011,20221104,INSAR_GAMMA,20x4,True,True,False,False,False,False,0.6,S1AA_20221011T052755_20221104T052755_VVP024_INT80_G_ueF_A15A.zip,209.33,20221011_20221104,
fd30a382-415d-49c0-9bcf-47886a5d5cb5,aoi_3_bologna,SUCCEEDED,2025-07-15 11:02:48+00:00,10,S1B_IW_SLC__1SDV_20190412T052632_20190412T052700_015769_01D98F_9BE6,S1B_IW_SLC__1SDV_20190424T052633_20190424T052701_015944_01DF5C_1C3C,20190412,20190424,INSAR_GAMMA,20x4,True,True,False,False,False,False,0.6,S1BB_20190412T052632_20190424T052633_VVP012_INT80_G_ueF_9C5A.zip,215.38,20190412_20190424,
8e6e8620-b9ab-4420-9e96-3e00dc677da0,aoi_3_bologna,SUCCEEDED,2025-07-15 11:02:47+00:00,10,S1B_IW_SLC__1SDV_20210224T052659_20210224T052727_025744_0311BA_395D,S1A_IW_SLC__1SDV_20210314T052739_20210314T052806_036990_045A45_0F92,20210224,20210314,INSAR_GAMMA,20x4,True,True,False,False,False,False,0.6,S1BA_20210224T052659_20210314T052739_VVP018_INT80_G_ueF_B2EB.zip,191.23,20210224_20210314,
e2668a53-d7a0-40c4-ab3d-1e612c200918,aoi_3_bologna,SUCCEEDED,2025-07-15 11:02:44+00:00,10,S1B_IW_SLC__1SDV_20201015T052704_20201015T052731_023819_02D439_18DB,S1A_IW_SLC__1SDV_20201021T052743_20201021T052810_034890_041162_AF7D,20201015,20201021,INSAR_GAMMA,20x4,True,True,False,False,False,False,0.6,S1BA_20201015T052704_20201021T052743_VVP006_INT80_G_ueF_EA28.zip,186.27,20201015_20201021,
62ab2cae-2c03-403a-8211-61ad0928c04f,aoi_3_bologna,SUCCEEDED,2025-07-15 11:02:40+00:00,10,S1A_IW_SLC__1SDV_20230726T052757_20230726T052824_049590_05F68C_E633,S1A_IW_SLC__1SDV_20230819T052759_20230819T052826_049940_0601E9_17C6,20230726,20230819,INSAR_GAMMA,20x4,True,True,False,False,False,False,0.6,S1AA_20230726T052757_20230819T052759_VVP024_INT80_G_ueF_5C4C.zip,208.66,20230726_20230819,
757beaa9-ab1b-4ba7-8b79-7d69a9f18f9a,aoi_3_bologna,SUCCEEDED,2025-07-15 11:02:38+00:00,10,S1B_IW_SLC__1SDV_20190822T052656_20190822T052723_017694_02149F_2D88,S1B_IW_SLC__1SDV_20190903T052657_20190903T052724_017869_021A0C_DC54,20190822,20190903,INSAR_GAMMA,20x4,True,True,False,False,False,False,0.6,S1BB_20190822T052656_20190903T052657_VVP012_INT80_G_ueF_2A25.zip,206.9,20190822_20190903,
9c90ac08-eb67-4b86-81f0-51f229fa8fc0,aoi_3_bologna,SUCCEEDED,2025-07-15 11:02:36+00:00,10,S1A_IW_SLC__1SDV_20241223T052753_20241223T052820_057115_070590_ACCD,S1A_IW_SLC__1SDV_20250104T052751_20250104T052818_057290_070C6E_F0DC,20241223,20250104,INSAR_GAMMA,20x4,True,True,False,False,False,False,0.6,S1AA_20241223T052753_20250104T052751_VVP012_INT80_G_ueF_D037.zip,206.79,20241223_20250104,
4faffc0c-d66d-4d67-9463-b488fddfb1e1,aoi_3_bologna,SUCCEEDED,2025-07-15 11:02:35+00:00,10,S1A_IW_SLC__1SDV_20171025T052724_20171025T052751_018965_0200D3_66D3,S1B_IW_SLC__1SDV_20171031T052650_20171031T052717_008069_00E421_5C2B,20171025,20171031,INSAR_GAMMA,20x4,True,True,False,False,False,False,0.6,S1AB_20171025T052724_20171031T052650_VVP006_INT80_G_ueF_8133.zip,145.5,20171025_20171031,
9af6036a-914b-496a-8996-6b9514627d29,aoi_3_bologna,SUCCEEDED,2025-07-15 11:02:34+00:00,10,S1B_IW_SLC__1SDV_20170305T052626_20170305T052655_004569_007F6C_E7BB,S1A_IW_SLC__1SDV_20170323T052703_20170323T052730_015815_01A0CD_C04F,20170305,20170323,INSAR_GAMMA,20x4,True,True,False,False,False,False,0.6,S1BA_20170305T052626_20170323T052703_VVP018_INT80_G_ueF_6A21.zip,172.25,20170305_20170323,
4c8a05bc-ecb5-440f-829d-9c9b3c8071f1,aoi_3_bologna,SUCCEEDED,2025-07-15 11:02:33+00:00,10,S1A_IW_SLC__1SDV_20211215T052748_20211215T052815_041015_04DF48_0FF8,S1A_IW_SLC__1SDV_20211227T052747_20211227T052814_041190_04E503_4ED7,20211215,20211227,INSAR_GAMMA,20x4,True,True,False,False,False,False,0.6,S1AA_20211215T052748_20211227T052747_VVP012_INT80_G_ueF_C005.zip,206.61,20211215_20211227,
8f75aac8-0c04-4923-b584-73758041305b,aoi_3_bologna,SUCCEEDED,2025-07-15 11:02:32+00:00,10,S1B_IW_SLC__1SDV_20210811T052708_20210811T052735_028194_035D14_25ED,S1B_IW_SLC__1SDV_20210904T052709_20210904T052736_028544_036806_5330,20210811,20210904,INSAR_GAMMA,20x4,True,True,False,False,False,False,0.6,S1BB_20210811T052708_20210904T052709_VVP024_INT80_G_ueF_E434.zip,207.07,20210811_20210904,
1ece5d6b-200e-4612-8840-3f105b994180,aoi_3_bologna,SUCCEEDED,2025-07-15 11:02:31+00:00,10,S1A_IW_SLC__1SDV_20250410T052749_20250410T052816_058690_074497_D8B1,S1C_IW_SLC__1SDV_20250416T052645_20250416T052712_001914_003B88_BA68,20250410,20250416,INSAR_GAMMA,20x4,True,True,False,False,False,False,0.6,S1AC_20250410T052749_20250416T052645_VVP006_INT80_G_ueF_097F.zip,127.02,20250410_20250416,
e16fe216-0d53-4998-aa96-58bc0f406f51,aoi_3_bologna,SUCCEEDED,2025-07-15 11:02:30+00:00,10,S1B_IW_SLC__1SDV_20200524T052657_20200524T052724_021719_029398_A4C9,S1A_IW_SLC__1SDV_20200530T052737_20200530T052804_032790_03CC56_8071,20200524,20200530,INSAR_GAMMA,20x4,True,True,False,False,False,False,0.6,S1BA_20200524T052657_20200530T052737_VVP006_INT80_G_ueF_149A.zip,185.88,20200524_20200530,
6846d1b5-81ed-4e3b-9731-eeeb8c85c4fd,aoi_3_bologna,SUCCEEDED,2025-07-15 11:02:29+00:00,10,S1A_IW_SLC__1SDV_20170919T052724_20170919T052751_018440_01F0C7_981A,S1B_IW_SLC__1SDV_20170925T052650_20170925T052717_007544_00D51A_3D7B,20170919,20170925,INSAR_GAMMA,20x4,True,True,False,False,False,False,0.6,S1AB_20170919T052724_20170925T052650_VVP006_INT80_G_ueF_6491.zip,146.64,20170919_20170925,
fe1b2442-3c0c-4b9b-b6b9-01fc6726933b,aoi_3_bologna,SUCCEEDED,2025-07-15 11:02:28+00:00,10,S1A_IW_SLC__1SDV_20181020T052731_20181020T052758_024215_02A631_80DE,S1B_IW_SLC__1SDV_20181026T052649_20181026T052716_013319_018A02_6B1E,20181020,20181026,INSAR_GAMMA,20x4,True,True,False,False,False,False,0.6,S1AB_20181020T052731_20181026T052649_VVP006_INT80_G_ueF_B579.zip,206.82,20181020_20181026,
fa9205b5-7b15-4025-a179-b1f8278e0161,aoi_3_bologna,SUCCEEDED,2025-07-15 11:02:27+00:00,10,S1A_IW_SLC__1SDV_20210910T052748_20210910T052815_039615_04AEE1_8C96,S1A_IW_SLC__1SDV_20211004T052749_20211004T052816_039965_04BAE4_3486,20210910,20211004,INSAR_GAMMA,20x4,True,True,False,False,False,False,0.6,S1AA_20210910T052748_20211004T052749_VVP024_INT80_G_ueF_8A24.zip,207.6,20210910_20211004,
16ffbb7b-3721-4236-b7b8-01600068f976,aoi_3_bologna,SUCCEEDED,2025-07-15 11:02:26+00:00,10,S1A_IW_SLC__1SDV_20201009T052743_20201009T052810_034715_040B45_2877,S1A_IW_SLC__1SDV_20201102T052743_20201102T052810_035065_04175E_207B,20201009,20201102,INSAR_GAMMA,20x4,True,True,False,False,False,False,0.6,S1AA_20201009T052743_20201102T052743_VVP024_INT80_G_ueF_4ED3.zip,208.98,20201009_20201102,
98e2fed5-0327-42a0-9f51-0b7ce0b676b5,aoi_3_bologna,SUCCEEDED,2025-07-15 11:02:24+00:00,10,S1B_IW_SLC__1SDV_20200711T052700_20200711T052727_022419_02A8D0_4DF9,S1B_IW_SLC__1SDV_20200804T052702_20200804T052729_022769_02B36C_3763,20200711,20200804,INSAR_GAMMA,20x4,True,True,False,False,False,False,0.6,S1BB_20200711T052700_20200804T052702_VVP024_INT80_G_ueF_2F20.zip,207.91,20200711_20200804,
a7a5da6e-80ae-47de-a7e3-5abcc16dd483,aoi_3_bologna,SUCCEEDED,2025-07-15 11:02:23+00:00,10,S1B_IW_SLC__1SDV_20201108T052704_20201108T052731_024169_02DF1E_457C,S1A_IW_SLC__1SDV_20201114T052743_20201114T052810_035240_041D81_B6F4,20201108,20201114,INSAR_GAMMA,20x4,True,True,False,False,False,False,0.6,S1BA_20201108T052704_20201114T052743_VVP006_INT80_G_ueF_AD5A.zip,183.71,20201108_20201114,
913effd2-1d55-4991-b626-f6c4a5a967b4,aoi_3_bologna,SUCCEEDED,2025-07-15 11:02:22+00:00,10,S1B_IW_SLC__1SDV_20200418T052659_20200418T052726_021194_02837E_0816,S1B_IW_SLC__1SDV_20200512T052700_20200512T052727_021544_028E77_8519,20200418,20200512,INSAR_GAMMA,20x4,True,True,False,False,False,False,0.6,S1BB_20200418T052659_20200512T052700_VVP024_INT80_G_ueF_8880.zip,206.5,20200418_20200512,
f1712182-4a29-4b6a-b20c-9c1732cb6ad3,aoi_3_bologna,SUCCEEDED,2025-07-15 11:02:21+00:00,10,S1A_IW_SLC__1SDV_20210113T052742_20210113T052810_036115_043BDA_AEFF,S1B_IW_SLC__1SDV_20210131T052648_20210131T052715_025394_030647_1EED,20210113,20210131,INSAR_GAMMA,20x4,True,True,False,False,False,False,0.6,S1AB_20210113T052742_20210131T052648_VVP018_INT80_G_ueF_0659.zip,119.32,20210113_20210131,
6a1c1004-8b7f-4360-8ba7-47f035956f07,aoi_3_bologna,SUCCEEDED,2025-07-15 11:02:19+00:00,10,S1A_IW_SLC__1SDV_20170603T052718_20170603T052745_016865_01C0C1_9BC4,S1A_IW_SLC__1SDV_20170627T052719_20170627T052746_017215_01CB7E_54FF,20170603,20170627,INSAR_GAMMA,20x4,True,True,False,False,False,False,0.6,S1AA_20170603T052718_20170627T052719_VVP024_INT80_G_ueF_83B0.zip,209.63,20170603_20170627,
aea3cecb-e7ea-44c8-82c6-6041bb169c3b,aoi_3_bologna,SUCCEEDED,2025-07-15 11:02:18+00:00,10,S1B_IW_SLC__1SDV_20211127T052658_20211127T052726_029769_038D9E_E246,S1B_IW_SLC__1SDV_20211209T052658_20211209T052726_029944_039327_E855,20211127,20211209,INSAR_GAMMA,20x4,True,True,False,False,False,False,0.6,S1BB_20211127T052658_20211209T052658_VVP012_INT80_G_ueF_19AC.zip,214.32,20211127_20211209,
122de79f-9a1f-4ec8-ad6e-f12fa8fc77e4,aoi_3_bologna,SUCCEEDED,2025-07-15 11:02:17+00:00,10,S1A_IW_SLC__1SDV_20230912T052800_20230912T052827_050290_060DE1_B2BF,S1A_IW_SLC__1SDV_20230924T052800_20230924T052827_050465_0613D4_8221,20230912,20230924,INSAR_GAMMA,20x4,True,True,False,False,False,False,0.6,S1AA_20230912T052800_20230924T052800_VVP012_INT80_G_ueF_3BD3.zip,207.12,20230912_20230924,
577f1f01-4eec-4584-b485-52914e929a69,aoi_3_bologna,SUCCEEDED,2025-07-15 11:02:16+00:00,10,S1B_IW_SLC__1SDV_20171206T052627_20171206T052655_008594_00F425_4A68,S1A_IW_SLC__1SDV_20171224T052722_20171224T052749_019840_021C04_082B,20171206,20171224,INSAR_GAMMA,20x4,True,True,False,False,False,False,0.6,S1BA_20171206T052627_20171224T052722_VVP018_INT80_G_ueF_7BE7.zip,112.59,20171206_20171224,
1b1069c5-b7b2-4475-b03b-5b4030dc6d4e,aoi_3_bologna,SUCCEEDED,2025-07-15 11:02:14+00:00,10,S1A_IW_SLC__1SDV_20241129T052755_20241129T052822_056765_06F7AD_4280,S1A_IW_SLC__1SDV_20241211T052754_20241211T052821_056940_06FE85_C7DA,20241129,20241211,INSAR_GAMMA,20x4,True,True,False,False,False,False,0.6,S1AA_20241129T052755_20241211T052754_VVP012_INT80_G_ueF_BD83.zip,206.58,20241129_20241211,
460fba3a-addc-4f26-85f1-fc857f4b883e,aoi_3_bologna,SUCCEEDED,2025-07-15 11:02:13+00:00,10,S1B_IW_SLC__1SDV_20181002T052649_20181002T052716_012969_017F41_1AF9,S1B_IW_SLC__1SDV_20181014T052649_20181014T052716_013144_018497_7619,20181002,20181014,INSAR_GAMMA,20x4,True,True,False,False,False,False,0.6,S1BB_20181002T052649_20181014T052649_VVP012_INT80_G_ueF_58AC.zip,207.11,20181002_20181014,
693996d3-17a7-47bd-a110-ca98597e4921,aoi_3_bologna,SUCCEEDED,2025-07-15 11:02:12+00:00,10,S1C_IW_SLC__1SDV_20250510T052622_20250510T052649_002264_004CDC_A592,S1A_IW_SLC__1SDV_20250516T052749_20250516T052816_059215_075912_0083,20250510,20250516,INSAR_GAMMA,20x4,True,True,False,False,False,False,0.6,S1CA_20250510T052622_20250516T052749_VVP006_INT80_G_ueF_978D.zip,108.0,20250510_20250516,
b6fe763d-c55c-486d-bdd0-6ec9db5ab254,aoi_3_bologna,SUCCEEDED,2025-07-15 11:02:11+00:00,10,S1B_IW_SLC__1SDV_20211127T052658_20211127T052726_029769_038D9E_E246,S1A_IW_SLC__1SDV_20211215T052748_20211215T052815_041015_04DF48_0FF8,20211127,20211215,INSAR_GAMMA,20x4,True,True,False,False,False,False,0.6,S1BA_20211127T052658_20211215T052748_VVP018_INT80_G_ueF_BF30.zip,153.59,20211127_20211215,
9bc87bf0-c17e-49ac-92d3-5ed7d60938e9,aoi_3_bologna,SUCCEEDED,2025-07-15 11:02:08+00:00,10,S1A_IW_SLC__1SDV_20170323T052703_20170323T052730_015815_01A0CD_C04F,S1B_IW_SLC__1SDV_20170329T052619_20170329T052647_004919_008992_9B81,20170323,20170329,INSAR_GAMMA,20x4,True,True,False,False,False,False,0.6,S1AB_20170323T052703_20170329T052619_VVP006_INT80_G_ueF_52BF.zip,195.4,20170323_20170329,
0591d3b1-1ecd-4c08-99fc-fa7911257f89,aoi_3_bologna,SUCCEEDED,2025-07-15 11:02:07+00:00,10,S1B_IW_SLC__1SDV_20200629T052659_20200629T052726_022244_02A37D_A349,S1A_IW_SLC__1SDV_20200705T052739_20200705T052806_033315_03DC22_2E9B,20200629,20200705,INSAR_GAMMA,20x4,True,True,False,False,False,False,0.6,S1BA_20200629T052659_20200705T052739_VVP006_INT80_G_ueF_BB20.zip,186.56,20200629_20200705,
0a898ccd-953d-463e-be67-3c5bdddbb212,aoi_3_bologna,SUCCEEDED,2025-07-15 11:02:06+00:00,10,S1B_IW_SLC__1SDV_20211010T052710_20211010T052737_029069_037802_2AE0,S1A_IW_SLC__1SDV_20211016T052749_20211016T052816_040140_04C0F0_6664,20211010,20211016,INSAR_GAMMA,20x4,True,True,False,False,False,False,0.6,S1BA_20211010T052710_20211016T052749_VVP006_INT80_G_ueF_09A8.zip,184.84,20211010_20211016,
b20baef9-b094-4ded-9170-6c5ccb15315f,aoi_3_bologna,SUCCEEDED,2025-07-15 11:02:05+00:00,10,S1A_IW_SLC__1SDV_20181008T052731_20181008T052758_024040_02A081_9F83,S1A_IW_SLC__1SDV_20181020T052731_20181020T052758_024215_02A631_80DE,20181008,20181020,INSAR_GAMMA,20x4,True,True,False,False,False,False,0.6,S1AA_20181008T052731_20181020T052731_VVP012_INT80_G_ueF_7DFC.zip,205.99,20181008_20181020,
e6b4de74-f8ea-4843-bc6f-9f50e3d3ecda,aoi_3_bologna,SUCCEEDED,2025-07-15 11:02:04+00:00,10,S1A_IW_SLC__1SDV_20170627T052719_20170627T052746_017215_01CB7E_54FF,S1A_IW_SLC__1SDV_20170721T052721_20170721T052748_017565_01D614_ACBE,20170627,20170721,INSAR_GAMMA,20x4,True,True,False,False,False,False,0.6,S1AA_20170627T052719_20170721T052721_VVP024_INT80_G_ueF_816D.zip,208.36,20170627_20170721,
2719d8e2-c298-47aa-9132-228b23581cf5,aoi_3_bologna,SUCCEEDED,2025-07-15 11:02:03+00:00,10,S1A_IW_SLC__1SDV_20190124T052728_20190124T052755_025615_02D7ED_F0A7,S1B_IW_SLC__1SDV_20190211T052632_20190211T052700_014894_01BCD7_2231,20190124,20190211,INSAR_GAMMA,20x4,True,True,False,False,False,False,0.6,S1AB_20190124T052728_20190211T052632_VVP018_INT80_G_ueF_975B.zip,114.43,20190124_20190211,
baca94fb-a4bd-4912-adc8-9167ef1262fb,aoi_3_bologna,SUCCEEDED,2025-07-15 11:02:01+00:00,10,S1B_IW_SLC__1SDV_20170621T052645_20170621T052712_006144_00ACB6_D4C6,S1B_IW_SLC__1SDV_20170715T052647_20170715T052714_006494_00B6B9_959C,20170621,20170715,INSAR_GAMMA,20x4,True,True,False,False,False,False,0.6,S1BB_20170621T052645_20170715T052647_VVP024_INT80_G_ueF_27D9.zip,206.92,20170621_20170715,
ed39967c-f876-4d78-a4ff-804dca3ae40c,aoi_3_bologna,SUCCEEDED,2025-07-15 11:01:59+00:00,10,S1B_IW_SLC__1SDV_20190915T052657_20190915T052724_018044_021F7F_4F9E,S1B_IW_SLC__1SDV_20190927T052658_20190927T052725_018219_0224E4_B9B7,20190915,20190927,INSAR_GAMMA,20x4,True,True,False,False,False,False,0.6,S1BB_20190915T052657_20190927T052658_VVP012_INT80_G_ueF_C874.zip,207.03,20190915_20190927,
839e0d75-e22c-447e-9fb8-409d70c55d7b,aoi_3_bologna,SUCCEEDED,2025-07-15 11:01:59+00:00,10,S1A_IW_SLC__1SDV_20190723T052733_20190723T052800_028240_0330AD_C0B7,S1B_IW_SLC__1SDV_20190729T052655_20190729T052722_017344_0209DE_A100,20190723,20190729,INSAR_GAMMA,20x4,True,True,False,False,False,False,0.6,S1AB_20190723T052733_20190729T052655_VVP006_INT80_G_ueF_A074.zip,186.33,20190723_20190729,
5240bdca-f6f3-4c11-88ff-6ceb6a3b9395,aoi_3_bologna,SUCCEEDED,2025-07-15 11:01:58+00:00,10,S1A_IW_SLC__1SDV_20221210T052754_20221210T052821_046265_058A4F_B53E,S1A_IW_SLC__1SDV_20230103T052753_20230103T052819_046615_059639_4587,20221210,20230103,INSAR_GAMMA,20x4,True,True,False,False,False,False,0.6,S1AA_20221210T052754_20230103T052753_VVP024_INT80_G_ueF_1451.zip,206.18,20221210_20230103,
e19bb34d-0555-40e5-ac6a-4a2bfd20e13f,aoi_3_bologna,SUCCEEDED,2025-07-15 11:01:56+00:00,10,S1A_IW_SLC__1SDV_20230328T052751_20230328T052818_047840_05BF83_097A,S1A_IW_SLC__1SDV_20230421T052751_20230421T052818_048190_05CB44_D258,20230328,20230421,INSAR_GAMMA,20x4,True,True,False,False,False,False,0.6,S1AA_20230328T052751_20230421T052751_VVP024_INT80_G_ueF_C92F.zip,209.29,20230328_20230421,
dead1d9b-ad1d-4264-aafb-b665a1190692,aoi_3_bologna,SUCCEEDED,2025-07-15 11:01:54+00:00,10,S1B_IW_SLC__1SDV_20180511T052627_20180511T052655_010869_013E1D_DAA5,S1A_IW_SLC__1SDV_20180529T052724_20180529T052751_022115_026419_F53B,20180511,20180529,INSAR_GAMMA,20x4,True,True,False,False,False,False,0.6,S1BA_20180511T052627_20180529T052724_VVP018_INT80_G_ueF_EAA6.zip,113.61,20180511_20180529,
f641170b-c13e-4c57-961d-5bcac25e3da2,aoi_3_bologna,SUCCEEDED,2025-07-15 11:01:53+00:00,10,S1A_IW_SLC__1SDV_20201208T052742_20201208T052809_035590_042995_4806,S1A_IW_SLC__1SDV_20201220T052742_20201220T052809_035765_042F95_D318,20201208,20201220,INSAR_GAMMA,20x4,True,True,False,False,False,False,0.6,S1AA_20201208T052742_20201220T052742_VVP012_INT80_G_ueF_53F4.zip,206.76,20201208_20201220,
33e16a5f-59c6-4498-a696-ee8d7adff145,aoi_3_bologna,SUCCEEDED,2025-07-15 11:01:52+00:00,10,S1A_IW_SLC__1SDV_20240918T052756_20240918T052823_055715_06CE01_D195,S1A_IW_SLC__1SDV_20240930T052756_20240930T052823_055890_06D4F1_5BCD,20240918,20240930,INSAR_GAMMA,20x4,True,True,False,False,False,False,0.6,S1AA_20240918T052756_20240930T052756_VVP012_INT80_G_ueF_7FF3.zip,207.7,20240918_20240930,
aa4ae6c1-0c0f-4b13-9598-480ca015db40,aoi_3_bologna,SUCCEEDED,2025-07-15 11:01:51+00:00,10,S1A_IW_SLC__1SDV_20220120T052746_20220120T052813_041540_04F0B2_0E27,S1A_IW_SLC__1SDV_20220201T052745_20220201T052812_041715_04F6B0_93F0,20220120,20220201,INSAR_GAMMA,20x4,True,True,False,False,False,False,0.6,S1AA_20220120T052746_20220201T052745_VVP012_INT80_G_ueF_7C45.zip,206.97,20220120_20220201,
c0d2c3a1-e8e9-48cd-8652-6eb1b26703d8,aoi_3_bologna,SUCCEEDED,2025-07-15 11:01:50+00:00,10,S1A_IW_SLC__1SDV_20191027T052737_20191027T052804_029640_03601E_59ED,S1A_IW_SLC__1SDV_20191108T052737_20191108T052804_029815_036652_DAA7,20191027,20191108,INSAR_GAMMA,20x4,True,True,False,False,False,False,0.6,S1AA_20191027T052737_20191108T052737_VVP012_INT80_G_ueF_9B6E.zip,206.73,20191027_20191108,
897d3ca1-90c1-49d9-b46e-645f09486aca,aoi_3_bologna,SUCCEEDED,2025-07-15 11:01:48+00:00,10,S1A_IW_SLC__1SDV_20181113T052730_20181113T052757_024565_02B24A_6AD5,S1B_IW_SLC__1SDV_20181119T052651_20181119T052718_013669_019505_C2E0,20181113,20181119,INSAR_GAMMA,20x4,True,True,False,False,False,False,0.6,S1AB_20181113T052730_20181119T052651_VVP006_INT80_G_ueF_2D40.zip,186.59,20181113_20181119,
3c00c256-fa83-4d72-85ba-2214248cbe92,aoi_3_bologna,SUCCEEDED,2025-07-15 11:01:46+00:00,10,S1B_IW_SLC__1SDV_20200921T052704_20200921T052731_023469_02C94E_F6FB,S1B_IW_SLC__1SDV_20201003T052704_20201003T052731_023644_02CEC7_8541,20200921,20201003,INSAR_GAMMA,20x4,True,True,False,False,False,False,0.6,S1BB_20200921T052704_20201003T052704_VVP012_INT80_G_ueF_D69E.zip,207.84,20200921_20201003,
c3dbb1a9-0254-4db2-9579-af73b8fe8d1b,aoi_3_bologna,SUCCEEDED,2025-07-15 11:01:45+00:00,10,S1B_IW_SLC__1SDV_20191021T052658_20191021T052725_018569_022FC8_F324,S1B_IW_SLC__1SDV_20191102T052658_20191102T052725_018744_023546_0C18,20191021,20191102,INSAR_GAMMA,20x4,True,True,False,False,False,False,0.6,S1BB_20191021T052658_20191102T052658_VVP012_INT80_G_ueF_46DF.zip,206.37,20191021_20191102,
fb398902-b870-4830-99b6-b6c1b090d946,aoi_3_bologna,SUCCEEDED,2025-07-15 11:01:43+00:00,10,S1A_IW_SLC__1SDV_20180902T052730_20180902T052757_023515_028F75_0BF8,S1B_IW_SLC__1SDV_20180908T052648_20180908T052715_012619_01748C_8F2F,20180902,20180908,INSAR_GAMMA,20x4,True,True,False,False,False,False,0.6,S1AB_20180902T052730_20180908T052648_VVP006_INT80_G_ueF_D2E1.zip,205.76,20180902_20180908,
df7ec164-e205-4417-b43c-d00efdac0f51,aoi_3_bologna,SUCCEEDED,2025-07-15 11:01:41+00:00,10,S1B_IW_SLC__1SDV_20210624T052705_20210624T052732_027494_034848_474E,S1B_IW_SLC__1SDV_20210706T052705_20210706T052732_027669_034D60_B1C7,20210624,20210706,INSAR_GAMMA,20x4,True,True,False,False,False,False,0.6,S1BB_20210624T052705_20210706T052705_VVP012_INT80_G_ueF_373D.zip,206.88,20210624_20210706,
68aec1c7-5ebf-4bdc-af40-a336d705f14d,aoi_3_bologna,SUCCEEDED,2025-07-15 11:01:39+00:00,10,S1A_IW_SLC__1SDV_20240215T052756_20240215T052823_052565_065BBA_BFC6,S1A_IW_SLC__1SDV_20240310T052756_20240310T052823_052915_0667A2_4638,20240215,20240310,INSAR_GAMMA,20x4,True,True,False,False,False,False,0.6,S1AA_20240215T052756_20240310T052756_VVP024_INT80_G_ueF_CFB4.zip,208.26,20240215_20240310,208.2552375793457
0b299466-9c15-4013-8672-eec5b384f0e0,aoi_3_bologna,SUCCEEDED,2025-07-15 11:01:38+00:00,10,S1B_IW_SLC__1SDV_20181225T052634_20181225T052701_014194_01A61A_23EE,S1A_IW_SLC__1SDV_20181231T052729_20181231T052756_025265_02CB42_9A6C,20181225,20181231,INSAR_GAMMA,20x4,True,True,False,False,False,False,0.6,S1BA_20181225T052634_20181231T052729_VVP006_INT80_G_ueF_DCB9.zip,111.92,20181225_20181231,
8997eda7-102a-4afb-8507-96b70d6ab592,aoi_3_bologna,SUCCEEDED,2025-07-15 11:01:35+00:00,10,S1B_IW_SLC__1SDV_20180429T052627_20180429T052655_010694_013876_7C8F,S1A_IW_SLC__1SDV_20180505T052723_20180505T052750_021765_0258EB_7AA2,20180429,20180505,INSAR_GAMMA,20x4,True,True,False,False,False,False,0.6,S1BA_20180429T052627_20180505T052723_VVP006_INT80_G_ueF_80B4.zip,113.26,20180429_20180505,
328a31d8-13aa-43cc-8930-7445c0cae3cf,aoi_3_bologna,SUCCEEDED,2025-07-15 11:01:34+00:00,10,S1A_IW_SLC__1SDV_20181231T052729_20181231T052756_025265_02CB42_9A6C,S1A_IW_SLC__1SDV_20190124T052728_20190124T052755_025615_02D7ED_F0A7,20181231,20190124,INSAR_GAMMA,20x4,True,True,False,False,False,False,0.6,S1AA_20181231T052729_20190124T052728_VVP024_INT80_G_ueF_1186.zip,207.49,20181231_20190124,
097fc0a4-75ad-4593-aee7-c6e4dd78dbcf,aoi_3_bologna,SUCCEEDED,2025-07-15 11:01:33+00:00,10,S1A_IW_SLC__1SDV_20230714T052756_20230714T052823_049415_05F130_0F19,S1A_IW_SLC__1SDV_20230726T052757_20230726T052824_049590_05F68C_E633,20230714,20230726,INSAR_GAMMA,20x4,True,True,False,False,False,False,0.6,S1AA_20230714T052756_20230726T052757_VVP012_INT80_G_ueF_6098.zip,208.67,20230714_20230726,
431265de-4f59-4d4c-81a1-782ad517cbcc,aoi_3_bologna,SUCCEEDED,2025-07-15 11:01:32+00:00,10,S1A_IW_SLC__1SDV_20201208T052742_20201208T052809_035590_042995_4806,S1B_IW_SLC__1SDV_20201214T052652_20201214T052720_024694_02EFD8_1E0E,20201208,20201214,INSAR_GAMMA,20x4,True,True,False,False,False,False,0.6,S1AB_20201208T052742_20201214T052652_VVP006_INT80_G_ueF_8BE8.zip,153.92,20201208_20201214,
c85d8a88-c273-463e-b667-a45dc93f5489,aoi_3_bologna,SUCCEEDED,2025-07-15 11:01:31+00:00,10,S1A_IW_SLC__1SDV_20180306T052721_20180306T052748_020890_023D5E_E7E3,S1A_IW_SLC__1SDV_20180330T052721_20180330T052748_021240_024878_63B9,20180306,20180330,INSAR_GAMMA,20x4,True,True,False,False,False,False,0.6,S1AA_20180306T052721_20180330T052721_VVP024_INT80_G_ueF_6DA2.zip,208.79,20180306_20180330,
49b7d33f-4234-4d14-9096-4643696eee14,aoi_3_bologna,SUCCEEDED,2025-07-15 11:01:30+00:00,10,S1A_IW_SLC__1SDV_20171118T052724_20171118T052751_019315_020BAB_D077,S1B_IW_SLC__1SDV_20171124T052650_20171124T052717_008419_00EE92_47DD,20171118,20171124,INSAR_GAMMA,20x4,True,True,False,False,False,False,0.6,S1AB_20171118T052724_20171124T052650_VVP006_INT80_G_ueF_6CEC.zip,145.58,20171118_20171124,
73cef5de-ed43-4bdd-833d-08c174f64172,aoi_3_bologna,SUCCEEDED,2025-07-15 11:01:29+00:00,10,S1A_IW_SLC__1SDV_20171224T052722_20171224T052749_019840_021C04_082B,S1B_IW_SLC__1SDV_20171230T052627_20171230T052655_008944_00FF51_7648,20171224,20171230,INSAR_GAMMA,20x4,True,True,False,False,False,False,0.6,S1AB_20171224T052722_20171230T052627_VVP006_INT80_G_ueF_75B9.zip,113.06,20171224_20171230,
a9057646-38c8-4d6f-9a74-8929db66b7b1,aoi_3_bologna,SUCCEEDED,2025-07-15 11:01:28+00:00,10,S1B_IW_SLC__1SDV_20210401T052648_20210401T052715_026269_032297_AD70,S1A_IW_SLC__1SDV_20210407T052740_20210407T052807_037340_04665D_0CA9,20210401,20210407,INSAR_GAMMA,20x4,True,True,False,False,False,False,0.6,S1BA_20210401T052648_20210407T052740_VVP006_INT80_G_ueF_15B4.zip,131.94,20210401_20210407,
9251dd3e-1c41-440d-b8d0-79b79c32f48b,aoi_3_bologna,SUCCEEDED,2025-07-15 11:01:27+00:00,10,S1B_IW_SLC__1SDV_20180312T052625_20180312T052653_009994_0121E9_7C6D,S1B_IW_SLC__1SDV_20180324T052625_20180324T052653_010169_012793_901B,20180312,20180324,INSAR_GAMMA,20x4,True,True,False,False,False,False,0.6,S1BB_20180312T052625_20180324T052625_VVP012_INT80_G_ueF_F3C3.zip,214.95,20180312_20180324,
a3d14e0b-6439-4d6c-ab4a-69c6721b4cc1,aoi_3_bologna,SUCCEEDED,2025-07-15 11:01:25+00:00,10,S1B_IW_SLC__1SDV_20190106T052633_20190106T052701_014369_01ABD6_5EEF,S1B_IW_SLC__1SDV_20190130T052632_20190130T052700_014719_01B71A_E4CB,20190106,20190130,INSAR_GAMMA,20x4,True,True,False,False,False,False,0.6,S1BB_20190106T052633_20190130T052632_VVP024_INT80_G_ueF_9896.zip,214.6,20190106_20190130,
271ed859-d2c2-48ff-89a4-48334addb510,aoi_3_bologna,SUCCEEDED,2025-07-15 11:01:24+00:00,10,S1A_IW_SLC__1SDV_20180411T052722_20180411T052749_021415_024DEE_8429,S1A_IW_SLC__1SDV_20180423T052722_20180423T052749_021590_025363_B564,20180411,20180423,INSAR_GAMMA,20x4,True,True,False,False,False,False,0.6,S1AA_20180411T052722_20180423T052722_VVP012_INT80_G_ueF_2E60.zip,207.95,20180411_20180423,
026890d5-5faf-4329-bed2-e7f7ac94a915,aoi_3_bologna,SUCCEEDED,2025-07-15 11:01:23+00:00,10,S1B_IW_SLC__1SDV_20200909T052703_20200909T052730_023294_02C3D5_38DB,S1A_IW_SLC__1SDV_20200915T052743_20200915T052810_034365_03FEFD_519E,20200909,20200915,INSAR_GAMMA,20x4,True,True,False,False,False,False,0.6,S1BA_20200909T052703_20200915T052743_VVP006_INT80_G_ueF_6A0C.zip,184.68,20200909_20200915,
e0bd5c59-5f44-4c55-a3ac-a727731b7fad,aoi_3_bologna,SUCCEEDED,2025-07-15 11:01:22+00:00,10,S1B_IW_SLC__1SDV_20180815T052647_20180815T052714_012269_0169B5_C097,S1A_IW_SLC__1SDV_20180821T052729_20180821T052756_023340_0289E6_9F43,20180815,20180821,INSAR_GAMMA,20x4,True,True,False,False,False,False,0.6,S1BA_20180815T052647_20180821T052729_VVP006_INT80_G_ueF_F6C0.zip,205.2,20180815_20180821,
708a0f5f-3bab-40b4-ab0a-6cc7f31e9978,aoi_3_bologna,SUCCEEDED,2025-07-15 11:01:21+00:00,10,S1B_IW_SLC__1SDV_20171007T052650_20171007T052717_007719_00DA22_EDAB,S1A_IW_SLC__1SDV_20171025T052724_20171025T052751_018965_0200D3_66D3,20171007,20171025,INSAR_GAMMA,20x4,True,True,False,False,False,False,0.6,S1BA_20171007T052650_20171025T052724_VVP018_INT80_G_ueF_C9D2.zip,145.0,20171007_20171025,
0e2784f2-8048-4f50-954e-599e0cddefa7,aoi_3_bologna,SUCCEEDED,2025-07-15 11:01:20+00:00,10,S1B_IW_SLC__1SDV_20210107T052703_20210107T052730_025044_02FB1E_53A0,S1B_IW_SLC__1SDV_20210131T052648_20210131T052715_025394_030647_1EED,20210107,20210131,INSAR_GAMMA,20x4,True,True,False,False,False,False,0.6,S1BB_20210107T052703_20210131T052648_VVP024_INT80_G_ueF_F6FD.zip,106.28,20210107_20210131,
64b13ae0-1334-4607-9d33-d89bea2f2e83,aoi_3_bologna,SUCCEEDED,2025-07-15 11:01:19+00:00,10,S1A_IW_SLC__1SDV_20220601T052749_20220601T052816_043465_0530A1_A235,S1A_IW_SLC__1SDV_20220613T052750_20220613T052816_043640_0535D2_E355,20220601,20220613,INSAR_GAMMA,20x4,True,True,False,False,False,False,0.6,S1AA_20220601T052749_20220613T052750_VVP012_INT80_G_ueF_181D.zip,208.42,20220601_20220613,
1c8d9317-6f86-473b-bba7-dad0a4115dbf,aoi_3_bologna,SUCCEEDED,2025-07-15 11:01:18+00:00,10,S1A_IW_SLC__1SDV_20221222T052753_20221222T052820_046440_059046_DE19,S1A_IW_SLC__1SDV_20230115T052752_20230115T052819_046790_059C18_D107,20221222,20230115,INSAR_GAMMA,20x4,True,True,False,False,False,False,0.6,S1AA_20221222T052753_20230115T052752_VVP024_INT80_G_ueF_0F05.zip,207.56,20221222_20230115,
6e1bf1b3-dc69-45b7-9fd9-b6e2216c43a8,aoi_3_bologna,SUCCEEDED,2025-07-15 11:01:17+00:00,10,S1A_IW_SLC__1SDV_20200212T052734_20200212T052801_031215_0396EC_9486,S1B_IW_SLC__1SDV_20200218T052652_20200218T052720_020319_0267BB_ABA7,20200212,20200218,INSAR_GAMMA,20x4,True,True,False,False,False,False,0.6,S1AB_20200212T052734_20200218T052652_VVP006_INT80_G_ueF_A40D.zip,206.38,20200212_20200218,
6edd7630-4d84-499d-af78-2a30d0f61c85,aoi_3_bologna,SUCCEEDED,2025-07-15 11:01:16+00:00,10,S1B_IW_SLC__1SDV_20210718T052706_20210718T052733_027844_035293_52FD,S1B_IW_SLC__1SDV_20210730T052707_20210730T052734_028019_0357B2_11EE,20210718,20210730,INSAR_GAMMA,20x4,True,True,False,False,False,False,0.6,S1BB_20210718T052706_20210730T052707_VVP012_INT80_G_ueF_20E1.zip,206.81,20210718_20210730,
7f520029-03dc-434b-9ad3-ce3680e93505,aoi_3_bologna,SUCCEEDED,2025-07-15 11:01:15+00:00,10,S1A_IW_SLC__1SDV_20170110T052704_20170110T052731_014765_0180A8_38EC,S1A_IW_SLC__1SDV_20170203T052703_20170203T052730_015115_018B6D_8504,20170110,20170203,INSAR_GAMMA,20x4,True,True,False,False,False,False,0.6,S1AA_20170110T052704_20170203T052703_VVP024_INT80_G_ueF_974B.zip,208.68,20170110_20170203,
a20e0a64-1621-49df-8a98-51f994ee2e4a,aoi_3_bologna,SUCCEEDED,2025-07-15 11:01:13+00:00,10,S1A_IW_SLC__1SDV_20211004T052749_20211004T052816_039965_04BAE4_3486,S1A_IW_SLC__1SDV_20211016T052749_20211016T052816_040140_04C0F0_6664,20211004,20211016,INSAR_GAMMA,20x4,True,True,False,False,False,False,0.6,S1AA_20211004T052749_20211016T052749_VVP012_INT80_G_ueF_19A2.zip,207.31,20211004_20211016,
6e148859-2ab1-4254-ac8b-4f1b10d99e8b,aoi_3_bologna,SUCCEEDED,2025-07-15 11:01:12+00:00,10,S1A_IW_SLC__1SDV_20250528T052749_20250528T052816_059390_075F2B_7C91,S1A_IW_SLC__1SDV_20250621T052748_20250621T052815_059740_076B2D_5242,20250528,20250621,INSAR_GAMMA,20x4,True,True,False,False,False,False,0.6,S1AA_20250528T052749_20250621T052748_VVP024_INT80_G_ueF_F8B8.zip,209.02,20250528_20250621,
79e79ef4-d3e4-4df6-998d-1b291dc8a4b5,aoi_3_bologna,SUCCEEDED,2025-07-15 11:01:11+00:00,10,S1C_IW_SLC__1SDV_20250522T052648_20250522T052715_002439_0051B0_6A61,S1C_IW_SLC__1SDV_20250603T052649_20250603T052716_002614_0056AB_FBD0,20250522,20250603,INSAR_GAMMA,20x4,True,True,False,False,False,False,0.6,S1CC_20250522T052648_20250603T052649_VVP012_INT80_G_ueF_31FD.zip,207.62,20250522_20250603,
9ee9ef14-1616-4ab9-9caf-60a6f1d7979e,aoi_3_bologna,SUCCEEDED,2025-07-15 11:01:09+00:00,10,S1A_IW_SLC__1SDV_20240614T052756_20240614T052823_054315_069B7A_62E6,S1A_IW_SLC__1SDV_20240708T052755_20240708T052822_054665_06A7A7_47A9,20240614,20240708,INSAR_GAMMA,20x4,True,True,False,False,False,False,0.6,S1AA_20240614T052756_20240708T052755_VVP024_INT80_G_ueF_82BA.zip,209.18,20240614_20240708,
1514e386-1013-4f34-9f29-ff69da8635a6,aoi_3_bologna,SUCCEEDED,2025-07-15 11:01:08+00:00,10,S1B_IW_SLC__1SDV_20190810T052656_20190810T052722_017519_020F28_AE33,S1A_IW_SLC__1SDV_20190828T052735_20190828T052802_028765_0341F8_5329,20190810,20190828,INSAR_GAMMA,20x4,True,True,False,False,False,False,0.6,S1BA_20190810T052656_20190828T052735_VVP018_INT80_G_ueF_273C.zip,187.28,20190810_20190828,
d2482b72-9705-4e86-a86d-39b30f7e2b4d,aoi_3_bologna,SUCCEEDED,2025-07-15 11:01:07+00:00,10,S1A_IW_SLC__1SDV_20240322T052756_20240322T052823_053090_066E23_CB50,S1A_IW_SLC__1SDV_20240403T052757_20240403T052824_053265_0674B9_97E5,20240322,20240403,INSAR_GAMMA,20x4,True,True,False,False,False,False,0.6,S1AA_20240322T052756_20240403T052757_VVP012_INT80_G_ueF_AEAE.zip,207.75,20240322_20240403,
fff93413-fcdc-4ea8-8ed0-2e3a3d396fc8,aoi_3_bologna,SUCCEEDED,2025-07-15 11:01:05+00:00,10,S1B_IW_SLC__1SDV_20200101T052653_20200101T052721_019619_025146_CC04,S1B_IW_SLC__1SDV_20200125T052652_20200125T052720_019969_025C63_A3FE,20200101,20200125,INSAR_GAMMA,20x4,True,True,False,False,False,False,0.6,S1BB_20200101T052653_20200125T052652_VVP024_INT80_G_ueF_EA2F.zip,212.49,20200101_20200125,
29be01ac-5b41-416b-8c16-4b3454473457,aoi_3_bologna,SUCCEEDED,2025-07-15 11:01:03+00:00,10,S1A_IW_SLC__1SDV_20250609T052748_20250609T052815_059565_076523_2F2F,S1C_IW_SLC__1SDV_20250615T052650_20250615T052717_002789_005BB9_453C,20250609,20250615,INSAR_GAMMA,20x4,True,True,False,False,False,False,0.6,S1AC_20250609T052748_20250615T052650_VVP006_INT80_G_ueF_86ED.zip,126.39,20250609_20250615,
c2b6e271-bdcc-479f-9d91-30df4d047308,aoi_3_bologna,SUCCEEDED,2025-07-15 11:01:02+00:00,10,S1A_IW_SLC__1SDV_20190711T052732_20190711T052759_028065_032B64_EB78,S1B_IW_SLC__1SDV_20190717T052654_20190717T052721_017169_0204BF_30D7,20190711,20190717,INSAR_GAMMA,20x4,True,True,False,False,False,False,0.6,S1AB_20190711T052732_20190717T052654_VVP006_INT80_G_ueF_CB71.zip,186.59,20190711_20190717,
24f91cec-67af-440a-aa68-e9f0eccdd801,aoi_3_bologna,SUCCEEDED,2025-07-15 11:01:01+00:00,10,S1A_IW_SLC__1SDV_20170416T052704_20170416T052731_016165_01AB5A_CF0A,S1A_IW_SLC__1SDV_20170428T052705_20170428T052732_016340_01B0AA_3663,20170416,20170428,INSAR_GAMMA,20x4,True,True,False,False,False,False,0.6,S1AA_20170416T052704_20170428T052705_VVP012_INT80_G_ueF_8B63.zip,208.93,20170416_20170428,
07c84672-515a-4e36-bf16-7a7976c50048,aoi_3_bologna,SUCCEEDED,2025-07-15 11:01:00+00:00,10,S1A_IW_SLC__1SDV_20241211T052754_20241211T052821_056940_06FE85_C7DA,S1A_IW_SLC__1SDV_20250104T052751_20250104T052818_057290_070C6E_F0DC,20241211,20250104,INSAR_GAMMA,20x4,True,True,False,False,False,False,0.6,S1AA_20241211T052754_20250104T052751_VVP024_INT80_G_ueF_6895.zip,206.86,20241211_20250104,
33fb1581-1498-4437-a6f3-6487732055e3,aoi_3_bologna,SUCCEEDED,2025-07-15 11:00:59+00:00,10,S1B_IW_SLC__1SDV_20190118T052633_20190118T052701_014544_01B17A_6797,S1A_IW_SLC__1SDV_20190124T052728_20190124T052755_025615_02D7ED_F0A7,20190118,20190124,INSAR_GAMMA,20x4,True,True,False,False,False,False,0.6,S1BA_20190118T052633_20190124T052728_VVP006_INT80_G_ueF_0735.zip,112.24,20190118_20190124,
b67a951d-e04b-4963-80a7-faf0b7085ec3,aoi_3_bologna,SUCCEEDED,2025-07-15 11:00:58+00:00,10,S1A_IW_SLC__1SDV_20181113T052730_20181113T052757_024565_02B24A_6AD5,S1A_IW_SLC__1SDV_20181125T052730_20181125T052757_024740_02B8BA_8B12,20181113,20181125,INSAR_GAMMA,20x4,True,True,False,False,False,False,0.6,S1AA_20181113T052730_20181125T052730_VVP012_INT80_G_ueF_CA4B.zip,205.15,20181113_20181125,
c4bcef72-a712-46a7-8dd3-62276bfaeefd,aoi_3_bologna,SUCCEEDED,2025-07-15 11:00:57+00:00,10,S1A_IW_SLC__1SDV_20200927T052743_20200927T052810_034540_040528_FA21,S1A_IW_SLC__1SDV_20201021T052743_20201021T052810_034890_041162_AF7D,20200927,20201021,INSAR_GAMMA,20x4,True,True,False,False,False,False,0.6,S1AA_20200927T052743_20201021T052743_VVP024_INT80_G_ueF_B4D1.zip,207.26,20200927_20201021,
c61adb16-5bd6-476c-a260-123969dc8ac0,aoi_3_bologna,SUCCEEDED,2025-07-15 11:00:56+00:00,10,S1B_IW_SLC__1SDV_20210131T052648_20210131T052715_025394_030647_1EED,S1B_IW_SLC__1SDV_20210212T052700_20210212T052728_025569_030C04_1B7F,20210131,20210212,INSAR_GAMMA,20x4,True,True,False,False,False,False,0.6,S1BB_20210131T052648_20210212T052700_VVP012_INT80_G_ueF_307E.zip,118.76,20210131_20210212,
3c935eae-21cd-4006-b383-90c3129442b9,aoi_3_bologna,SUCCEEDED,2025-07-15 11:00:55+00:00,10,S1A_IW_SLC__1SDV_20211109T052749_20211109T052816_040490_04CD29_8A6F,S1A_IW_SLC__1SDV_20211121T052749_20211121T052816_040665_04D32B_16C9,20211109,20211121,INSAR_GAMMA,20x4,True,True,False,False,False,False,0.6,S1AA_20211109T052749_20211121T052749_VVP012_INT80_G_ueF_AC46.zip,207.69,20211109_20211121,
ea22231e-94c2-428d-b497-7f6489d3ad4c,aoi_3_bologna,SUCCEEDED,2025-07-15 11:00:53+00:00,10,S1B_IW_SLC__1SDV_20190506T052633_20190506T052701_016119_01E53A_17A0,S1B_IW_SLC__1SDV_20190518T052634_20190518T052702_016294_01EAAB_FD01,20190506,20190518,INSAR_GAMMA,20x4,True,True,False,False,False,False,0.6,S1BB_20190506T052633_20190518T052634_VVP012_INT80_G_ueF_261C.zip,215.75,20190506_20190518,
3fc5db8d-ea3e-4783-948b-3ad76491bc4a,aoi_3_bologna,SUCCEEDED,2025-07-15 11:00:51+00:00,10,S1A_IW_SLC__1SDV_20240614T052756_20240614T052823_054315_069B7A_62E6,S1A_IW_SLC__1SDV_20240626T052756_20240626T052823_054490_06A192_EDDB,20240614,20240626,INSAR_GAMMA,20x4,True,True,False,False,False,False,0.6,S1AA_20240614T052756_20240626T052756_VVP012_INT80_G_ueF_9039.zip,208.49,20240614_20240626,
fcbe1476-d749-4dfd-a8f7-d3954e17c08b,aoi_3_bologna,SUCCEEDED,2025-07-15 11:00:50+00:00,10,S1B_IW_SLC__1SDV_20190530T052651_20190530T052718_016469_01F003_ECE1,S1B_IW_SLC__1SDV_20190611T052654_20190611T052721_016644_01F53A_8203,20190530,20190611,INSAR_GAMMA,20x4,True,True,False,False,False,False,0.6,S1BB_20190530T052651_20190611T052654_VVP012_INT80_G_ueF_EFA4.zip,194.4,20190530_20190611,
e1d11eac-f13f-4d8c-ac6c-b6b9c629258a,aoi_3_bologna,SUCCEEDED,2025-07-15 11:00:49+00:00,10,S1B_IW_SLC__1SDV_20210916T052709_20210916T052736_028719_036D65_946D,S1A_IW_SLC__1SDV_20210922T052749_20210922T052816_039790_04B4CC_9EFE,20210916,20210922,INSAR_GAMMA,20x4,True,True,False,False,False,False,0.6,S1BA_20210916T052709_20210922T052749_VVP006_INT80_G_ueF_0586.zip,186.45,20210916_20210922,
451770b6-a481-46aa-9778-acb111741b3f,aoi_3_bologna,SUCCEEDED,2025-07-15 11:00:48+00:00,10,S1B_IW_SLC__1SDV_20180216T052625_20180216T052653_009644_01163F_F38B,S1A_IW_SLC__1SDV_20180222T052721_20180222T052748_020715_0237D7_6CFE,20180216,20180222,INSAR_GAMMA,20x4,True,True,False,False,False,False,0.6,S1BA_20180216T052625_20180222T052721_VVP006_INT80_G_ueF_A58B.zip,111.83,20180216_20180222,
1bc89efd-d22b-482b-a8f6-3449f1e37296,aoi_3_bologna,SUCCEEDED,2025-07-15 11:00:46+00:00,10,S1B_IW_SLC__1SDV_20210212T052700_20210212T052728_025569_030C04_1B7F,S1B_IW_SLC__1SDV_20210224T052659_20210224T052727_025744_0311BA_395D,20210212,20210224,INSAR_GAMMA,20x4,True,True,False,False,False,False,0.6,S1BB_20210212T052700_20210224T052659_VVP012_INT80_G_ueF_E197.zip,210.7,20210212_20210224,
123eeb43-cfbb-4a68-8b0c-7cce79b9083e,aoi_3_bologna,SUCCEEDED,2025-07-15 11:00:45+00:00,10,S1A_IW_SLC__1SDV_20250116T052750_20250116T052817_057465_071357_3DA9,S1A_IW_SLC__1SDV_20250128T052750_20250128T052817_057640_071A53_5C66,20250116,20250128,INSAR_GAMMA,20x4,True,True,False,False,False,False,0.6,S1AA_20250116T052750_20250128T052750_VVP012_INT80_G_ueF_FDF5.zip,208.13,20250116_20250128,
1a8b84e3-14b8-437f-a6cb-44105c789386,aoi_3_bologna,SUCCEEDED,2025-07-15 11:00:44+00:00,10,S1A_IW_SLC__1SDV_20241117T052756_20241117T052823_056590_06F0B1_44C3,S1A_IW_SLC__1SDV_20241129T052755_20241129T052822_056765_06F7AD_4280,20241117,20241129,INSAR_GAMMA,20x4,True,True,False,False,False,False,0.6,S1AA_20241117T052756_20241129T052755_VVP012_INT80_G_ueF_A27D.zip,207.35,20241117_20241129,
9b939ccc-0363-4b62-87a5-9b452ee683ce,aoi_3_bologna,SUCCEEDED,2025-07-15 11:00:43+00:00,10,S1A_IW_SLC__1SDV_20190816T052735_20190816T052802_028590_033BDA_5B30,S1B_IW_SLC__1SDV_20190822T052656_20190822T052723_017694_02149F_2D88,20190816,20190822,INSAR_GAMMA,20x4,True,True,False,False,False,False,0.6,S1AB_20190816T052735_20190822T052656_VVP006_INT80_G_ueF_93D2.zip,187.03,20190816_20190822,
8122516e-61f1-4361-8dd4-4ad74227902c,aoi_3_bologna,SUCCEEDED,2025-07-15 11:00:42+00:00,10,S1B_IW_SLC__1SDV_20171007T052650_20171007T052717_007719_00DA22_EDAB,S1B_IW_SLC__1SDV_20171031T052650_20171031T052717_008069_00E421_5C2B,20171007,20171031,INSAR_GAMMA,20x4,True,True,False,False,False,False,0.6,S1BB_20171007T052650_20171031T052650_VVP024_INT80_G_ueF_0C31.zip,206.14,20171007_20171031,
0fa02d26-3adb-41ca-a00f-cb49a802f07e,aoi_3_bologna,SUCCEEDED,2025-07-15 11:00:41+00:00,10,S1A_IW_SLC__1SDV_20201021T052743_20201021T052810_034890_041162_AF7D,S1B_IW_SLC__1SDV_20201027T052704_20201027T052731_023994_02D9B8_3011,20201021,20201027,INSAR_GAMMA,20x4,True,True,False,False,False,False,0.6,S1AB_20201021T052743_20201027T052704_VVP006_INT80_G_ueF_31BC.zip,186.53,20201021_20201027,
4ccade00-aa90-484f-b83b-adc2f07c98d1,aoi_3_bologna,SUCCEEDED,2025-07-15 11:00:40+00:00,10,S1A_IW_SLC__1SDV_20180423T052722_20180423T052749_021590_025363_B564,S1B_IW_SLC__1SDV_20180511T052627_20180511T052655_010869_013E1D_DAA5,20180423,20180511,INSAR_GAMMA,20x4,True,True,False,False,False,False,0.6,S1AB_20180423T052722_20180511T052627_VVP018_INT80_G_ueF_20D5.zip,115.56,20180423_20180511,
2677e6b0-ff2c-4450-ad1e-7dd7079c9ce4,aoi_3_bologna,SUCCEEDED,2025-07-15 11:00:39+00:00,10,S1A_IW_SLC__1SDV_20220213T052745_20220213T052812_041890_04FCC8_2C51,S1A_IW_SLC__1SDV_20220225T052745_20220225T052812_042065_0502D5_ECDA,20220213,20220225,INSAR_GAMMA,20x4,True,True,False,False,False,False,0.6,S1AA_20220213T052745_20220225T052745_VVP012_INT80_G_ueF_9ECD.zip,205.85,20220213_20220225,
65b4b99f-8a3b-4883-84aa-a81b7a09e3e8,aoi_3_bologna,SUCCEEDED,2025-07-15 11:00:38+00:00,10,S1A_IW_SLC__1SDV_20211016T052749_20211016T052816_040140_04C0F0_6664,S1B_IW_SLC__1SDV_20211103T052710_20211103T052737_029419_0382D5_1A28,20211016,20211103,INSAR_GAMMA,20x4,True,True,False,False,False,False,0.6,S1AB_20211016T052749_20211103T052710_VVP018_INT80_G_ueF_97CA.zip,187.43,20211016_20211103,
3f6fb7dc-e35d-4506-8ba1-6d9f4a69408c,aoi_3_bologna,SUCCEEDED,2025-07-15 11:00:35+00:00,10,S1B_IW_SLC__1SDV_20200406T052652_20200406T052720_021019_027DF4_AB54,S1A_IW_SLC__1SDV_20200424T052735_20200424T052802_032265_03BB90_D577,20200406,20200424,INSAR_GAMMA,20x4,True,True,False,False,False,False,0.6,S1BA_20200406T052652_20200424T052735_VVP018_INT80_G_ueF_A5C2.zip,205.63,20200406_20200424,
5c4512c0-d0d5-4303-b19e-c30e8a44518c,aoi_3_bologna,SUCCEEDED,2025-07-15 11:00:34+00:00,10,S1A_IW_SLC__1SDV_20210206T052742_20210206T052810_036465_0447F6_596F,S1A_IW_SLC__1SDV_20210302T052739_20210302T052806_036815_045422_DB18,20210206,20210302,INSAR_GAMMA,20x4,True,True,False,False,False,False,0.6,S1AA_20210206T052742_20210302T052739_VVP024_INT80_G_ueF_D829.zip,192.53,20210206_20210302,
3e825731-7dce-468c-9c5d-abd007ab6f7f,aoi_3_bologna,SUCCEEDED,2025-07-15 11:00:33+00:00,10,S1A_IW_SLC__1SDV_20221116T052754_20221116T052821_045915_057E6A_4613,S1A_IW_SLC__1SDV_20221128T052754_20221128T052821_046090_058452_126C,20221116,20221128,INSAR_GAMMA,20x4,True,True,False,False,False,False,0.6,S1AA_20221116T052754_20221128T052754_VVP012_INT80_G_ueF_E111.zip,207.56,20221116_20221128,
e18b8f21-ce5a-4118-8e7b-d9c4fde47133,aoi_3_bologna,SUCCEEDED,2025-07-15 11:00:31+00:00,10,S1A_IW_SLC__1SDV_20180222T052721_20180222T052748_020715_0237D7_6CFE,S1A_IW_SLC__1SDV_20180318T052721_20180318T052748_021065_0242E8_980B,20180222,20180318,INSAR_GAMMA,20x4,True,True,False,False,False,False,0.6,S1AA_20180222T052721_20180318T052721_VVP024_INT80_G_ueF_9997.zip,208.17,20180222_20180318,
898aa8e0-088d-4468-a714-91f5838515fd,aoi_3_bologna,SUCCEEDED,2025-07-15 11:00:30+00:00,10,S1B_IW_SLC__1SDV_20180722T052646_20180722T052713_011919_015F08_7539,S1B_IW_SLC__1SDV_20180803T052646_20180803T052713_012094_01644D_5E68,20180722,20180803,INSAR_GAMMA,20x4,True,True,False,False,False,False,0.6,S1BB_20180722T052646_20180803T052646_VVP012_INT80_G_ueF_625A.zip,206.57,20180722_20180803,
56f79c39-39fe-4f65-bc1c-6e7a991ef2f8,aoi_3_bologna,SUCCEEDED,2025-07-15 11:00:29+00:00,10,S1A_IW_SLC__1SDV_20170203T052703_20170203T052730_015115_018B6D_8504,S1B_IW_SLC__1SDV_20170221T052626_20170221T052656_004394_007A54_D883,20170203,20170221,INSAR_GAMMA,20x4,True,True,False,False,False,False,0.6,S1AB_20170203T052703_20170221T052626_VVP018_INT80_G_ueF_1872.zip,172.96,20170203_20170221,
2b08cc59-5ba2-4482-9754-bc8b2eec2bdc,aoi_3_bologna,SUCCEEDED,2025-07-15 11:00:28+00:00,10,S1B_IW_SLC__1SDV_20200325T052652_20200325T052720_020844_02786B_7CF7,S1B_IW_SLC__1SDV_20200406T052652_20200406T052720_021019_027DF4_AB54,20200325,20200406,INSAR_GAMMA,20x4,True,True,False,False,False,False,0.6,S1BB_20200325T052652_20200406T052652_VVP012_INT80_G_ueF_F3B8.zip,211.47,20200325_20200406,
a825d135-e68e-4699-9255-2f1c5220819b,aoi_3_bologna,SUCCEEDED,2025-07-15 11:00:27+00:00,10,S1B_IW_SLC__1SDV_20190307T052632_20190307T052700_015244_01C85A_A3F6,S1B_IW_SLC__1SDV_20190331T052632_20190331T052700_015594_01D3BB_E08C,20190307,20190331,INSAR_GAMMA,20x4,True,True,False,False,False,False,0.6,S1BB_20190307T052632_20190331T052632_VVP024_INT80_G_ueF_89D4.zip,214.31,20190307_20190331,
4b2a9804-7a20-4016-9940-3df59b66df0a,aoi_3_bologna,SUCCEEDED,2025-07-15 11:00:25+00:00,10,S1A_IW_SLC__1SDV_20250422T052750_20250422T052817_058865_074BC1_EE23,S1C_IW_SLC__1SDV_20250510T052622_20250510T052649_002264_004CDC_A592,20250422,20250510,INSAR_GAMMA,20x4,True,True,False,False,False,False,0.6,S1AC_20250422T052750_20250510T052622_VVP018_INT80_G_ueF_DECE.zip,107.6,20250422_20250510,
7f36ffc3-1d16-49da-91c8-d3d8ecb6628a,aoi_3_bologna,SUCCEEDED,2025-07-15 11:00:24+00:00,10,S1B_IW_SLC__1SDV_20210308T052659_20210308T052727_025919_031775_A250,S1A_IW_SLC__1SDV_20210314T052739_20210314T052806_036990_045A45_0F92,20210308,20210314,INSAR_GAMMA,20x4,True,True,False,False,False,False,0.6,S1BA_20210308T052659_20210314T052739_VVP006_INT80_G_ueF_2EDA.zip,191.29,20210308_20210314,
93dd4e16-9395-42df-addf-0517d5b36002,aoi_3_bologna,SUCCEEDED,2025-07-15 11:00:22+00:00,10,S1B_IW_SLC__1SDV_20170913T052649_20170913T052716_007369_00D00E_7D46,S1B_IW_SLC__1SDV_20171007T052650_20171007T052717_007719_00DA22_EDAB,20170913,20171007,INSAR_GAMMA,20x4,True,True,False,False,False,False,0.6,S1BB_20170913T052649_20171007T052650_VVP024_INT80_G_ueF_0D37.zip,205.55,20170913_20171007,
f94c5ccf-6470-476e-98f0-ff9a4587a112,aoi_3_bologna,SUCCEEDED,2025-07-15 11:00:20+00:00,10,S1A_IW_SLC__1SDV_20191108T052737_20191108T052804_029815_036652_DAA7,S1A_IW_SLC__1SDV_20191120T052737_20191120T052804_029990_036C61_A237,20191108,20191120,INSAR_GAMMA,20x4,True,True,False,False,False,False,0.6,S1AA_20191108T052737_20191120T052737_VVP012_INT80_G_ueF_C757.zip,207.26,20191108_20191120,
5cbd1294-6049-4a21-b282-22d522e00e5b,aoi_3_bologna,SUCCEEDED,2025-07-15 11:00:19+00:00,10,S1B_IW_SLC__1SDV_20191009T052658_20191009T052725_018394_022A67_7584,S1A_IW_SLC__1SDV_20191015T052737_20191015T052804_029465_035A1F_54EB,20191009,20191015,INSAR_GAMMA,20x4,True,True,False,False,False,False,0.6,S1BA_20191009T052658_20191015T052737_VVP006_INT80_G_ueF_1189.zip,185.71,20191009_20191015,
efdfde6e-4479-48f1-9694-e0b39e674c52,aoi_3_bologna,SUCCEEDED,2025-07-15 11:00:18+00:00,10,S1A_IW_SLC__1SDV_20240509T052758_20240509T052825_053790_06895D_AB4D,S1A_IW_SLC__1SDV_20240602T052757_20240602T052824_054140_06956E_D3DA,20240509,20240602,INSAR_GAMMA,20x4,True,True,False,False,False,False,0.6,S1AA_20240509T052758_20240602T052757_VVP024_INT80_G_ueF_D666.zip,208.83,20240509_20240602,
47dcb92a-8c9d-48c4-a3e1-0de6bb6604e5,aoi_3_bologna,SUCCEEDED,2025-07-15 11:00:17+00:00,10,S1A_IW_SLC__1SDV_20220426T052746_20220426T052813_042940_05204A_A45F,S1A_IW_SLC__1SDV_20220520T052748_20220520T052815_043290_052B73_9189,20220426,20220520,INSAR_GAMMA,20x4,True,True,False,False,False,False,0.6,S1AA_20220426T052746_20220520T052748_VVP024_INT80_G_ueF_C30D.zip,209.43,20220426_20220520,
1adf8358-4c80-4175-acb2-b9ce2dd9032e,aoi_3_bologna,SUCCEEDED,2025-07-15 11:00:16+00:00,10,S1B_IW_SLC__1SDV_20191126T052655_20191126T052723_019094_02408F_E307,S1A_IW_SLC__1SDV_20191214T052736_20191214T052803_030340_03787B_41FA,20191126,20191214,INSAR_GAMMA,20x4,True,True,False,False,False,False,0.6,S1BA_20191126T052655_20191214T052736_VVP018_INT80_G_ueF_8EFA.zip,206.05,20191126_20191214,
1ad3bff1-4f94-453d-9cf6-fcf1ea83f3d2,aoi_3_bologna,SUCCEEDED,2025-07-15 11:00:14+00:00,10,S1B_IW_SLC__1SDV_20181026T052649_20181026T052716_013319_018A02_6B1E,S1B_IW_SLC__1SDV_20181119T052651_20181119T052718_013669_019505_C2E0,20181026,20181119,INSAR_GAMMA,20x4,True,True,False,False,False,False,0.6,S1BB_20181026T052649_20181119T052651_VVP024_INT80_G_ueF_B794.zip,186.73,20181026_20181119,
184ffbbd-3462-4025-9904-b2f15788d4bf,aoi_3_bologna,SUCCEEDED,2025-07-15 11:00:13+00:00,10,S1A_IW_SLC__1SDV_20240227T052756_20240227T052823_052740_0661B3_D2A7,S1A_IW_SLC__1SDV_20240310T052756_20240310T052823_052915_0667A2_4638,20240227,20240310,INSAR_GAMMA,20x4,True,True,False,False,False,False,0.6,S1AA_20240227T052756_20240310T052756_VVP012_INT80_G_ueF_4934.zip,208.56,20240227_20240310,
6249d5ec-d6d3-4440-9da1-90fd9eed21ea,aoi_3_bologna,SUCCEEDED,2025-07-15 11:00:12+00:00,10,S1A_IW_SLC__1SDV_20210218T052739_20210218T052806_036640_044E13_C75B,S1B_IW_SLC__1SDV_20210224T052659_20210224T052727_025744_0311BA_395D,20210218,20210224,INSAR_GAMMA,20x4,True,True,False,False,False,False,0.6,S1AB_20210218T052739_20210224T052659_VVP006_INT80_G_ueF_6ED5.zip,192.57,20210218_20210224,
29012038-c406-442d-bbd1-1b15ed7cbf8e,aoi_3_bologna,SUCCEEDED,2025-07-15 11:00:11+00:00,10,S1A_IW_SLC__1SDV_20220108T052746_20220108T052813_041365_04EB00_C211,S1A_IW_SLC__1SDV_20220120T052746_20220120T052813_041540_04F0B2_0E27,20220108,20220120,INSAR_GAMMA,20x4,True,True,False,False,False,False,0.6,S1AA_20220108T052746_20220120T052746_VVP012_INT80_G_ueF_23FB.zip,207.84,20220108_20220120,
29d425c8-709c-4be1-8dd0-e34f32b687b3,aoi_3_bologna,SUCCEEDED,2025-07-15 11:00:10+00:00,10,S1A_IW_SLC__1SDV_20190406T052728_20190406T052755_026665_02FE08_6CC6,S1A_IW_SLC__1SDV_20190430T052729_20190430T052756_027015_030ABC_7509,20190406,20190430,INSAR_GAMMA,20x4,True,True,False,False,False,False,0.6,S1AA_20190406T052728_20190430T052729_VVP024_INT80_G_ueF_7B7C.zip,206.8,20190406_20190430,
cda18804-6e04-47fa-bd74-406c453a4c5c,aoi_3_bologna,SUCCEEDED,2025-07-15 11:00:08+00:00,10,S1A_IW_SLC__1SDV_20241117T052756_20241117T052823_056590_06F0B1_44C3,S1A_IW_SLC__1SDV_20241211T052754_20241211T052821_056940_06FE85_C7DA,20241117,20241211,INSAR_GAMMA,20x4,True,True,False,False,False,False,0.6,S1AA_20241117T052756_20241211T052754_VVP024_INT80_G_ueF_9F9C.zip,207.68,20241117_20241211,
204113a8-411f-4b25-a6c8-dded0b023898,aoi_3_bologna,SUCCEEDED,2025-07-15 11:00:07+00:00,10,S1A_IW_SLC__1SDV_20210513T052742_20210513T052809_037865_047810_42D3,S1A_IW_SLC__1SDV_20210606T052743_20210606T052810_038215_04828D_F1C8,20210513,20210606,INSAR_GAMMA,20x4,True,True,False,False,False,False,0.6,S1AA_20210513T052742_20210606T052743_VVP024_INT80_G_ueF_E275.zip,209.34,20210513_20210606,
73684b1d-f664-4494-9285-e14cccb66774,aoi_3_bologna,SUCCEEDED,2025-07-15 11:00:06+00:00,10,S1B_IW_SLC__1SDV_20180722T052646_20180722T052713_011919_015F08_7539,S1B_IW_SLC__1SDV_20180815T052647_20180815T052714_012269_0169B5_C097,20180722,20180815,INSAR_GAMMA,20x4,True,True,False,False,False,False,0.6,S1BB_20180722T052646_20180815T052647_VVP024_INT80_G_ueF_2FD7.zip,207.29,20180722_20180815,
e068a241-854c-4b90-b3f2-46cf84ef4108,aoi_3_bologna,SUCCEEDED,2025-07-15 11:00:05+00:00,10,S1A_IW_SLC__1SDV_20200506T052735_20200506T052802_032440_03C1BA_22D3,S1A_IW_SLC__1SDV_20200518T052736_20200518T052803_032615_03C710_982B,20200506,20200518,INSAR_GAMMA,20x4,True,True,False,False,False,False,0.6,S1AA_20200506T052735_20200518T052736_VVP012_INT80_G_ueF_F027.zip,208.03,20200506_20200518,
545727a9-9a8b-4cdc-9e3a-f625e40d28f4,aoi_3_bologna,SUCCEEDED,2025-07-15 11:00:03+00:00,10,S1B_IW_SLC__1SDV_20170410T052619_20170410T052647_005094_008E9F_187B,S1B_IW_SLC__1SDV_20170504T052621_20170504T052648_005444_0098B2_F1F0,20170410,20170504,INSAR_GAMMA,20x4,True,True,False,False,False,False,0.6,S1BB_20170410T052619_20170504T052621_VVP024_INT80_G_ueF_0A23.zip,215.86,20170410_20170504,
8162a69f-a348-4079-9d86-4af67dccb002,aoi_3_bologna,SUCCEEDED,2025-07-15 11:00:02+00:00,10,S1B_IW_SLC__1SDV_20190331T052632_20190331T052700_015594_01D3BB_E08C,S1A_IW_SLC__1SDV_20190406T052728_20190406T052755_026665_02FE08_6CC6,20190331,20190406,INSAR_GAMMA,20x4,True,True,False,False,False,False,0.6,S1BA_20190331T052632_20190406T052728_VVP006_INT80_G_ueF_C6D5.zip,112.34,20190331_20190406,
738a8065-a005-4e34-8b82-71240999f9df,aoi_3_bologna,SUCCEEDED,2025-07-15 11:00:00+00:00,10,S1B_IW_SLC__1SDV_20200430T052700_20200430T052727_021369_028901_0728,S1A_IW_SLC__1SDV_20200506T052735_20200506T052802_032440_03C1BA_22D3,20200430,20200506,INSAR_GAMMA,20x4,True,True,False,False,False,False,0.6,S1BA_20200430T052700_20200506T052735_VVP006_INT80_G_ueF_B7B9.zip,158.45,20200430_20200506,
695b1518-53d9-4cea-b368-5b3fb567388a,aoi_3_bologna,SUCCEEDED,2025-07-15 10:59:59+00:00,10,S1A_IW_SLC__1SDV_20190313T052727_20190313T052754_026315_02F11A_9B61,S1B_IW_SLC__1SDV_20190331T052632_20190331T052700_015594_01D3BB_E08C,20190313,20190331,INSAR_GAMMA,20x4,True,True,False,False,False,False,0.6,S1AB_20190313T052727_20190331T052632_VVP018_INT80_G_ueF_94EB.zip,113.62,20190313_20190331,
d35dbd7e-a805-4f0d-b88b-d2de12579f94,aoi_3_bologna,SUCCEEDED,2025-07-15 10:59:58+00:00,10,S1B_IW_SLC__1SDV_20210916T052709_20210916T052736_028719_036D65_946D,S1A_IW_SLC__1SDV_20211004T052749_20211004T052816_039965_04BAE4_3486,20210916,20211004,INSAR_GAMMA,20x4,True,True,False,False,False,False,0.6,S1BA_20210916T052709_20211004T052749_VVP018_INT80_G_ueF_80AC.zip,187.97,20210916_20211004,
e7418505-006b-4948-bd06-d219bb324af3,aoi_3_bologna,SUCCEEDED,2025-07-15 10:59:57+00:00,10,S1A_IW_SLC__1SDV_20170603T052718_20170603T052745_016865_01C0C1_9BC4,S1B_IW_SLC__1SDV_20170621T052645_20170621T052712_006144_00ACB6_D4C6,20170603,20170621,INSAR_GAMMA,20x4,True,True,False,False,False,False,0.6,S1AB_20170603T052718_20170621T052645_VVP018_INT80_G_ueF_7249.zip,147.23,20170603_20170621,
e50c63b7-b8dc-4ff3-a131-fded25dd4f14,aoi_3_bologna,SUCCEEDED,2025-07-15 10:59:55+00:00,10,S1A_IW_SLC__1SDV_20170907T052723_20170907T052750_018265_01EB5E_D8F0,S1B_IW_SLC__1SDV_20170925T052650_20170925T052717_007544_00D51A_3D7B,20170907,20170925,INSAR_GAMMA,20x4,True,True,False,False,False,False,0.6,S1AB_20170907T052723_20170925T052650_VVP018_INT80_G_ueF_BDCA.zip,146.03,20170907_20170925,
601bcdfc-1ada-4714-8e96-b04058d8e0fa,aoi_3_bologna,SUCCEEDED,2025-07-15 10:59:54+00:00,10,S1B_IW_SLC__1SDV_20180216T052625_20180216T052653_009644_01163F_F38B,S1B_IW_SLC__1SDV_20180312T052625_20180312T052653_009994_0121E9_7C6D,20180216,20180312,INSAR_GAMMA,20x4,True,True,False,False,False,False,0.6,S1BB_20180216T052625_20180312T052625_VVP024_INT80_G_ueF_9957.zip,213.72,20180216_20180312,
446967b3-071a-48e1-8b1e-2fb96796f5d5,aoi_3_bologna,SUCCEEDED,2025-07-15 10:59:53+00:00,10,S1A_IW_SLC__1SDV_20170814T052722_20170814T052749_017915_01E0C1_5791,S1A_IW_SLC__1SDV_20170907T052723_20170907T052750_018265_01EB5E_D8F0,20170814,20170907,INSAR_GAMMA,20x4,True,True,False,False,False,False,0.6,S1AA_20170814T052722_20170907T052723_VVP024_INT80_G_ueF_76CF.zip,208.02,20170814_20170907,
ba80164b-3f4c-47e9-9651-2e7fe95683a8,aoi_3_bologna,SUCCEEDED,2025-07-15 10:59:51+00:00,10,S1B_IW_SLC__1SDV_20170925T052650_20170925T052717_007544_00D51A_3D7B,S1B_IW_SLC__1SDV_20171007T052650_20171007T052717_007719_00DA22_EDAB,20170925,20171007,INSAR_GAMMA,20x4,True,True,False,False,False,False,0.6,S1BB_20170925T052650_20171007T052650_VVP012_INT80_G_ueF_A712.zip,205.12,20170925_20171007,
33374004-c4bc-4b02-8c1a-c789c4b35805,aoi_3_bologna,SUCCEEDED,2025-07-15 10:59:49+00:00,10,S1A_IW_SLC__1SDV_20221128T052754_20221128T052821_046090_058452_126C,S1A_IW_SLC__1SDV_20221222T052753_20221222T052820_046440_059046_DE19,20221128,20221222,INSAR_GAMMA,20x4,True,True,False,False,False,False,0.6,S1AA_20221128T052754_20221222T052753_VVP024_INT80_G_ueF_E2E6.zip,207.8,20221128_20221222,
63cf0c7b-988b-48cc-a36d-51e52f1d0fda,aoi_3_bologna,SUCCEEDED,2025-07-15 10:59:47+00:00,10,S1A_IW_SLC__1SDV_20190325T052728_20190325T052755_026490_02F791_061C,S1A_IW_SLC__1SDV_20190406T052728_20190406T052755_026665_02FE08_6CC6,20190325,20190406,INSAR_GAMMA,20x4,True,True,False,False,False,False,0.6,S1AA_20190325T052728_20190406T052728_VVP012_INT80_G_ueF_EA92.zip,206.68,20190325_20190406,
0e16084a-9d1e-4707-9c0a-a3200e1ca825,aoi_3_bologna,SUCCEEDED,2025-07-15 10:59:46+00:00,10,S1B_IW_SLC__1SDV_20200605T052658_20200605T052725_021894_0298D7_EB1B,S1B_IW_SLC__1SDV_20200629T052659_20200629T052726_022244_02A37D_A349,20200605,20200629,INSAR_GAMMA,20x4,True,True,False,False,False,False,0.6,S1BB_20200605T052658_20200629T052659_VVP024_INT80_G_ueF_E150.zip,206.67,20200605_20200629,
b3efe4df-f01d-447a-80c4-7cdef24d19b6,aoi_3_bologna,SUCCEEDED,2025-07-15 10:59:45+00:00,10,S1B_IW_SLC__1SDV_20181014T052649_20181014T052716_013144_018497_7619,S1B_IW_SLC__1SDV_20181026T052649_20181026T052716_013319_018A02_6B1E,20181014,20181026,INSAR_GAMMA,20x4,True,True,False,False,False,False,0.6,S1BB_20181014T052649_20181026T052649_VVP012_INT80_G_ueF_8227.zip,207.06,20181014_20181026,
993c91d3-b096-495a-939b-1dd450456151,aoi_3_bologna,SUCCEEDED,2025-07-15 10:59:43+00:00,10,S1B_IW_SLC__1SDV_20190530T052651_20190530T052718_016469_01F003_ECE1,S1A_IW_SLC__1SDV_20190617T052731_20190617T052758_027715_0320DB_11E5,20190530,20190617,INSAR_GAMMA,20x4,True,True,False,False,False,False,0.6,S1BA_20190530T052651_20190617T052731_VVP018_INT80_G_ueF_5487.zip,187.75,20190530_20190617,
4b3e711e-b913-47b2-b548-9345f715e682,aoi_3_bologna,SUCCEEDED,2025-07-15 10:59:42+00:00,10,S1B_IW_SLC__1SDV_20181107T052651_20181107T052718_013494_018F83_3656,S1B_IW_SLC__1SDV_20181201T052634_20181201T052702_013844_019AA0_551A,20181107,20181201,INSAR_GAMMA,20x4,True,True,False,False,False,False,0.6,S1BB_20181107T052651_20181201T052634_VVP024_INT80_G_ueF_BF2A.zip,93.59,20181107_20181201,
19274f9f-6f51-41c6-aa84-074846408110,aoi_3_bologna,SUCCEEDED,2025-07-15 10:59:40+00:00,10,S1A_IW_SLC__1SDV_20200131T052734_20200131T052801_031040_0390D4_29FD,S1B_IW_SLC__1SDV_20200206T052652_20200206T052720_020144_026219_B0FF,20200131,20200206,INSAR_GAMMA,20x4,True,True,False,False,False,False,0.6,S1AB_20200131T052734_20200206T052652_VVP006_INT80_G_ueF_2586.zip,206.2,20200131_20200206,
4accb5c7-6eae-4a3c-ac64-c697a7fb55fc,aoi_3_bologna,SUCCEEDED,2025-07-15 10:59:38+00:00,10,S1B_IW_SLC__1SDV_20200524T052657_20200524T052724_021719_029398_A4C9,S1B_IW_SLC__1SDV_20200605T052658_20200605T052725_021894_0298D7_EB1B,20200524,20200605,INSAR_GAMMA,20x4,True,True,False,False,False,False,0.6,S1BB_20200524T052657_20200605T052658_VVP012_INT80_G_ueF_CA82.zip,208.05,20200524_20200605,
8dc4042a-f02c-43ac-b781-926e11349488,aoi_3_bologna,SUCCEEDED,2025-07-15 10:59:37+00:00,10,S1A_IW_SLC__1SDV_20210501T052741_20210501T052808_037690_04727A_4318,S1B_IW_SLC__1SDV_20210519T052650_20210519T052717_026969_0338DC_11C3,20210501,20210519,INSAR_GAMMA,20x4,True,True,False,False,False,False,0.6,S1AB_20210501T052741_20210519T052650_VVP018_INT80_G_ueF_AEEB.zip,134.73,20210501_20210519,
