reference,secondary
S1A_IW_SLC__1SDV_20210501T052741_20210501T052808_037690_04727A_4318,S1B_IW_SLC__1SDV_20210519T052650_20210519T052717_026969_0338DC_11C3
S1B_IW_SLC__1SDV_20200524T052657_20200524T052724_021719_029398_A4C9,S1B_IW_SLC__1SDV_20200605T052658_20200605T052725_021894_0298D7_EB1B
S1A_IW_SLC__1SDV_20200131T052734_20200131T052801_031040_0390D4_29FD,S1B_IW_SLC__1SDV_20200206T052652_20200206T052720_020144_026219_B0FF
S1B_IW_SLC__1SDV_20181107T052651_20181107T052718_013494_018F83_3656,S1B_IW_SLC__1SDV_20181201T052634_20181201T052702_013844_019AA0_551A
S1B_IW_SLC__1SDV_20190530T052651_20190530T052718_016469_01F003_ECE1,S1A_IW_SLC__1SDV_20190617T052731_20190617T052758_027715_0320DB_11E5
S1B_IW_SLC__1SDV_20181014T052649_20181014T052716_013144_018497_7619,S1B_IW_SLC__1SDV_20181026T052649_20181026T052716_013319_018A02_6B1E
S1B_IW_SLC__1SDV_20200605T052658_20200605T052725_021894_0298D7_EB1B,S1B_IW_SLC__1SDV_20200629T052659_20200629T052726_022244_02A37D_A349
S1A_IW_SLC__1SDV_20190325T052728_20190325T052755_026490_02F791_061C,S1A_IW_SLC__1SDV_20190406T052728_20190406T052755_026665_02FE08_6CC6
S1A_IW_SLC__1SDV_20221128T052754_20221128T052821_046090_058452_126C,S1A_IW_SLC__1SDV_20221222T052753_20221222T052820_046440_059046_DE19
S1B_IW_SLC__1SDV_20170925T052650_20170925T052717_007544_00D51A_3D7B,S1B_IW_SLC__1SDV_20171007T052650_20171007T052717_007719_00DA22_EDAB
S1A_IW_SLC__1SDV_20170814T052722_20170814T052749_017915_01E0C1_5791,S1A_IW_SLC__1SDV_20170907T052723_20170907T052750_018265_01EB5E_D8F0
S1B_IW_SLC__1SDV_20180216T052625_20180216T052653_009644_01163F_F38B,S1B_IW_SLC__1SDV_20180312T052625_20180312T052653_009994_0121E9_7C6D
S1A_IW_SLC__1SDV_20170907T052723_20170907T052750_018265_01EB5E_D8F0,S1B_IW_SLC__1SDV_20170925T052650_20170925T052717_007544_00D51A_3D7B
S1A_IW_SLC__1SDV_20170603T052718_20170603T052745_016865_01C0C1_9BC4,S1B_IW_SLC__1SDV_20170621T052645_20170621T052712_006144_00ACB6_D4C6
S1B_IW_SLC__1SDV_20210916T052709_20210916T052736_028719_036D65_946D,S1A_IW_SLC__1SDV_20211004T052749_20211004T052816_039965_04BAE4_3486
S1A_IW_SLC__1SDV_20190313T052727_20190313T052754_026315_02F11A_9B61,S1B_IW_SLC__1SDV_20190331T052632_20190331T052700_015594_01D3BB_E08C
S1B_IW_SLC__1SDV_20200430T052700_20200430T052727_021369_028901_0728,S1A_IW_SLC__1SDV_20200506T052735_20200506T052802_032440_03C1BA_22D3
S1B_IW_SLC__1SDV_20190331T052632_20190331T052700_015594_01D3BB_E08C,S1A_IW_SLC__1SDV_20190406T052728_20190406T052755_026665_02FE08_6CC6
S1B_IW_SLC__1SDV_20170410T052619_20170410T052647_005094_008E9F_187B,S1B_IW_SLC__1SDV_20170504T052621_20170504T052648_005444_0098B2_F1F0
S1A_IW_SLC__1SDV_20200506T052735_20200506T052802_032440_03C1BA_22D3,S1A_IW_SLC__1SDV_20200518T052736_20200518T052803_032615_03C710_982B
S1B_IW_SLC__1SDV_20180722T052646_20180722T052713_011919_015F08_7539,S1B_IW_SLC__1SDV_20180815T052647_20180815T052714_012269_0169B5_C097
S1A_IW_SLC__1SDV_20210513T052742_20210513T052809_037865_047810_42D3,S1A_IW_SLC__1SDV_20210606T052743_20210606T052810_038215_04828D_F1C8
S1A_IW_SLC__1SDV_20241117T052756_20241117T052823_056590_06F0B1_44C3,S1A_IW_SLC__1SDV_20241211T052754_20241211T052821_056940_06FE85_C7DA
S1A_IW_SLC__1SDV_20190406T052728_20190406T052755_026665_02FE08_6CC6,S1A_IW_SLC__1SDV_20190430T052729_20190430T052756_027015_030ABC_7509
S1A_IW_SLC__1SDV_20220108T052746_20220108T052813_041365_04EB00_C211,S1A_IW_SLC__1SDV_20220120T052746_20220120T052813_041540_04F0B2_0E27
S1A_IW_SLC__1SDV_20210218T052739_20210218T052806_036640_044E13_C75B,S1B_IW_SLC__1SDV_20210224T052659_20210224T052727_025744_0311BA_395D
S1A_IW_SLC__1SDV_20240227T052756_20240227T052823_052740_0661B3_D2A7,S1A_IW_SLC__1SDV_20240310T052756_20240310T052823_052915_0667A2_4638
S1B_IW_SLC__1SDV_20181026T052649_20181026T052716_013319_018A02_6B1E,S1B_IW_SLC__1SDV_20181119T052651_20181119T052718_013669_019505_C2E0
S1B_IW_SLC__1SDV_20191126T052655_20191126T052723_019094_02408F_E307,S1A_IW_SLC__1SDV_20191214T052736_20191214T052803_030340_03787B_41FA
S1A_IW_SLC__1SDV_20220426T052746_20220426T052813_042940_05204A_A45F,S1A_IW_SLC__1SDV_20220520T052748_20220520T052815_043290_052B73_9189
S1A_IW_SLC__1SDV_20240509T052758_20240509T052825_053790_06895D_AB4D,S1A_IW_SLC__1SDV_20240602T052757_20240602T052824_054140_06956E_D3DA
S1B_IW_SLC__1SDV_20191009T052658_20191009T052725_018394_022A67_7584,S1A_IW_SLC__1SDV_20191015T052737_20191015T052804_029465_035A1F_54EB
S1A_IW_SLC__1SDV_20191108T052737_20191108T052804_029815_036652_DAA7,S1A_IW_SLC__1SDV_20191120T052737_20191120T052804_029990_036C61_A237
S1B_IW_SLC__1SDV_20170913T052649_20170913T052716_007369_00D00E_7D46,S1B_IW_SLC__1SDV_20171007T052650_20171007T052717_007719_00DA22_EDAB
S1B_IW_SLC__1SDV_20210308T052659_20210308T052727_025919_031775_A250,S1A_IW_SLC__1SDV_20210314T052739_20210314T052806_036990_045A45_0F92
S1A_IW_SLC__1SDV_20250422T052750_20250422T052817_058865_074BC1_EE23,S1C_IW_SLC__1SDV_20250510T052622_20250510T052649_002264_004CDC_A592
S1B_IW_SLC__1SDV_20190307T052632_20190307T052700_015244_01C85A_A3F6,S1B_IW_SLC__1SDV_20190331T052632_20190331T052700_015594_01D3BB_E08C
S1B_IW_SLC__1SDV_20200325T052652_20200325T052720_020844_02786B_7CF7,S1B_IW_SLC__1SDV_20200406T052652_20200406T052720_021019_027DF4_AB54
S1A_IW_SLC__1SDV_20170203T052703_20170203T052730_015115_018B6D_8504,S1B_IW_SLC__1SDV_20170221T052626_20170221T052656_004394_007A54_D883
S1B_IW_SLC__1SDV_20180722T052646_20180722T052713_011919_015F08_7539,S1B_IW_SLC__1SDV_20180803T052646_20180803T052713_012094_01644D_5E68
S1A_IW_SLC__1SDV_20180222T052721_20180222T052748_020715_0237D7_6CFE,S1A_IW_SLC__1SDV_20180318T052721_20180318T052748_021065_0242E8_980B
S1A_IW_SLC__1SDV_20221116T052754_20221116T052821_045915_057E6A_4613,S1A_IW_SLC__1SDV_20221128T052754_20221128T052821_046090_058452_126C
S1A_IW_SLC__1SDV_20210206T052742_20210206T052810_036465_0447F6_596F,S1A_IW_SLC__1SDV_20210302T052739_20210302T052806_036815_045422_DB18
S1B_IW_SLC__1SDV_20200406T052652_20200406T052720_021019_027DF4_AB54,S1A_IW_SLC__1SDV_20200424T052735_20200424T052802_032265_03BB90_D577
S1A_IW_SLC__1SDV_20211016T052749_20211016T052816_040140_04C0F0_6664,S1B_IW_SLC__1SDV_20211103T052710_20211103T052737_029419_0382D5_1A28
S1A_IW_SLC__1SDV_20220213T052745_20220213T052812_041890_04FCC8_2C51,S1A_IW_SLC__1SDV_20220225T052745_20220225T052812_042065_0502D5_ECDA
S1A_IW_SLC__1SDV_20180423T052722_20180423T052749_021590_025363_B564,S1B_IW_SLC__1SDV_20180511T052627_20180511T052655_010869_013E1D_DAA5
S1A_IW_SLC__1SDV_20201021T052743_20201021T052810_034890_041162_AF7D,S1B_IW_SLC__1SDV_20201027T052704_20201027T052731_023994_02D9B8_3011
S1B_IW_SLC__1SDV_20171007T052650_20171007T052717_007719_00DA22_EDAB,S1B_IW_SLC__1SDV_20171031T052650_20171031T052717_008069_00E421_5C2B
S1A_IW_SLC__1SDV_20190816T052735_20190816T052802_028590_033BDA_5B30,S1B_IW_SLC__1SDV_20190822T052656_20190822T052723_017694_02149F_2D88
S1A_IW_SLC__1SDV_20241117T052756_20241117T052823_056590_06F0B1_44C3,S1A_IW_SLC__1SDV_20241129T052755_20241129T052822_056765_06F7AD_4280
S1A_IW_SLC__1SDV_20250116T052750_20250116T052817_057465_071357_3DA9,S1A_IW_SLC__1SDV_20250128T052750_20250128T052817_057640_071A53_5C66
S1B_IW_SLC__1SDV_20210212T052700_20210212T052728_025569_030C04_1B7F,S1B_IW_SLC__1SDV_20210224T052659_20210224T052727_025744_0311BA_395D
S1B_IW_SLC__1SDV_20180216T052625_20180216T052653_009644_01163F_F38B,S1A_IW_SLC__1SDV_20180222T052721_20180222T052748_020715_0237D7_6CFE
S1B_IW_SLC__1SDV_20210916T052709_20210916T052736_028719_036D65_946D,S1A_IW_SLC__1SDV_20210922T052749_20210922T052816_039790_04B4CC_9EFE
S1B_IW_SLC__1SDV_20190530T052651_20190530T052718_016469_01F003_ECE1,S1B_IW_SLC__1SDV_20190611T052654_20190611T052721_016644_01F53A_8203
S1A_IW_SLC__1SDV_20240614T052756_20240614T052823_054315_069B7A_62E6,S1A_IW_SLC__1SDV_20240626T052756_20240626T052823_054490_06A192_EDDB
S1B_IW_SLC__1SDV_20190506T052633_20190506T052701_016119_01E53A_17A0,S1B_IW_SLC__1SDV_20190518T052634_20190518T052702_016294_01EAAB_FD01
S1C_IW_SLC__1SDV_20250510T052622_20250510T052649_002264_004CDC_A592,S1C_IW_SLC__1SDV_20250603T052649_20250603T052716_002614_0056AB_FBD0
S1A_IW_SLC__1SDV_20211109T052749_20211109T052816_040490_04CD29_8A6F,S1A_IW_SLC__1SDV_20211121T052749_20211121T052816_040665_04D32B_16C9
S1B_IW_SLC__1SDV_20210131T052648_20210131T052715_025394_030647_1EED,S1B_IW_SLC__1SDV_20210212T052700_20210212T052728_025569_030C04_1B7F
S1A_IW_SLC__1SDV_20200927T052743_20200927T052810_034540_040528_FA21,S1A_IW_SLC__1SDV_20201021T052743_20201021T052810_034890_041162_AF7D
S1A_IW_SLC__1SDV_20181113T052730_20181113T052757_024565_02B24A_6AD5,S1A_IW_SLC__1SDV_20181125T052730_20181125T052757_024740_02B8BA_8B12
S1B_IW_SLC__1SDV_20190118T052633_20190118T052701_014544_01B17A_6797,S1A_IW_SLC__1SDV_20190124T052728_20190124T052755_025615_02D7ED_F0A7
S1A_IW_SLC__1SDV_20241211T052754_20241211T052821_056940_06FE85_C7DA,S1A_IW_SLC__1SDV_20250104T052751_20250104T052818_057290_070C6E_F0DC
S1A_IW_SLC__1SDV_20170416T052704_20170416T052731_016165_01AB5A_CF0A,S1A_IW_SLC__1SDV_20170428T052705_20170428T052732_016340_01B0AA_3663
S1A_IW_SLC__1SDV_20190711T052732_20190711T052759_028065_032B64_EB78,S1B_IW_SLC__1SDV_20190717T052654_20190717T052721_017169_0204BF_30D7
S1A_IW_SLC__1SDV_20250609T052748_20250609T052815_059565_076523_2F2F,S1C_IW_SLC__1SDV_20250615T052650_20250615T052717_002789_005BB9_453C
S1B_IW_SLC__1SDV_20200101T052653_20200101T052721_019619_025146_CC04,S1B_IW_SLC__1SDV_20200125T052652_20200125T052720_019969_025C63_A3FE
S1A_IW_SLC__1SDV_20240322T052756_20240322T052823_053090_066E23_CB50,S1A_IW_SLC__1SDV_20240403T052757_20240403T052824_053265_0674B9_97E5
S1B_IW_SLC__1SDV_20190810T052656_20190810T052722_017519_020F28_AE33,S1A_IW_SLC__1SDV_20190828T052735_20190828T052802_028765_0341F8_5329
S1A_IW_SLC__1SDV_20240614T052756_20240614T052823_054315_069B7A_62E6,S1A_IW_SLC__1SDV_20240708T052755_20240708T052822_054665_06A7A7_47A9
S1C_IW_SLC__1SDV_20250522T052648_20250522T052715_002439_0051B0_6A61,S1C_IW_SLC__1SDV_20250603T052649_20250603T052716_002614_0056AB_FBD0
S1A_IW_SLC__1SDV_20250528T052749_20250528T052816_059390_075F2B_7C91,S1A_IW_SLC__1SDV_20250621T052748_20250621T052815_059740_076B2D_5242
S1A_IW_SLC__1SDV_20211004T052749_20211004T052816_039965_04BAE4_3486,S1A_IW_SLC__1SDV_20211016T052749_20211016T052816_040140_04C0F0_6664
S1A_IW_SLC__1SDV_20170110T052704_20170110T052731_014765_0180A8_38EC,S1A_IW_SLC__1SDV_20170203T052703_20170203T052730_015115_018B6D_8504
S1B_IW_SLC__1SDV_20210718T052706_20210718T052733_027844_035293_52FD,S1B_IW_SLC__1SDV_20210730T052707_20210730T052734_028019_0357B2_11EE
S1A_IW_SLC__1SDV_20200212T052734_20200212T052801_031215_0396EC_9486,S1B_IW_SLC__1SDV_20200218T052652_20200218T052720_020319_0267BB_ABA7
S1A_IW_SLC__1SDV_20221222T052753_20221222T052820_046440_059046_DE19,S1A_IW_SLC__1SDV_20230115T052752_20230115T052819_046790_059C18_D107
S1A_IW_SLC__1SDV_20220601T052749_20220601T052816_043465_0530A1_A235,S1A_IW_SLC__1SDV_20220613T052750_20220613T052816_043640_0535D2_E355
S1B_IW_SLC__1SDV_20210107T052703_20210107T052730_025044_02FB1E_53A0,S1B_IW_SLC__1SDV_20210131T052648_20210131T052715_025394_030647_1EED
S1B_IW_SLC__1SDV_20171007T052650_20171007T052717_007719_00DA22_EDAB,S1A_IW_SLC__1SDV_20171025T052724_20171025T052751_018965_0200D3_66D3
S1B_IW_SLC__1SDV_20180815T052647_20180815T052714_012269_0169B5_C097,S1A_IW_SLC__1SDV_20180821T052729_20180821T052756_023340_0289E6_9F43
S1B_IW_SLC__1SDV_20200909T052703_20200909T052730_023294_02C3D5_38DB,S1A_IW_SLC__1SDV_20200915T052743_20200915T052810_034365_03FEFD_519E
S1A_IW_SLC__1SDV_20180411T052722_20180411T052749_021415_024DEE_8429,S1A_IW_SLC__1SDV_20180423T052722_20180423T052749_021590_025363_B564
S1B_IW_SLC__1SDV_20190106T052633_20190106T052701_014369_01ABD6_5EEF,S1B_IW_SLC__1SDV_20190130T052632_20190130T052700_014719_01B71A_E4CB
S1B_IW_SLC__1SDV_20180312T052625_20180312T052653_009994_0121E9_7C6D,S1B_IW_SLC__1SDV_20180324T052625_20180324T052653_010169_012793_901B
S1B_IW_SLC__1SDV_20210401T052648_20210401T052715_026269_032297_AD70,S1A_IW_SLC__1SDV_20210407T052740_20210407T052807_037340_04665D_0CA9
S1A_IW_SLC__1SDV_20171224T052722_20171224T052749_019840_021C04_082B,S1B_IW_SLC__1SDV_20171230T052627_20171230T052655_008944_00FF51_7648
S1A_IW_SLC__1SDV_20171118T052724_20171118T052751_019315_020BAB_D077,S1B_IW_SLC__1SDV_20171124T052650_20171124T052717_008419_00EE92_47DD
S1A_IW_SLC__1SDV_20180306T052721_20180306T052748_020890_023D5E_E7E3,S1A_IW_SLC__1SDV_20180330T052721_20180330T052748_021240_024878_63B9
S1A_IW_SLC__1SDV_20201208T052742_20201208T052809_035590_042995_4806,S1B_IW_SLC__1SDV_20201214T052652_20201214T052720_024694_02EFD8_1E0E
S1A_IW_SLC__1SDV_20230714T052756_20230714T052823_049415_05F130_0F19,S1A_IW_SLC__1SDV_20230726T052757_20230726T052824_049590_05F68C_E633
S1A_IW_SLC__1SDV_20181231T052729_20181231T052756_025265_02CB42_9A6C,S1A_IW_SLC__1SDV_20190124T052728_20190124T052755_025615_02D7ED_F0A7
S1B_IW_SLC__1SDV_20180429T052627_20180429T052655_010694_013876_7C8F,S1A_IW_SLC__1SDV_20180505T052723_20180505T052750_021765_0258EB_7AA2
S1B_IW_SLC__1SDV_20181225T052634_20181225T052701_014194_01A61A_23EE,S1A_IW_SLC__1SDV_20181231T052729_20181231T052756_025265_02CB42_9A6C
S1A_IW_SLC__1SDV_20240215T052756_20240215T052823_052565_065BBA_BFC6,S1A_IW_SLC__1SDV_20240310T052756_20240310T052823_052915_0667A2_4638
S1B_IW_SLC__1SDV_20210624T052705_20210624T052732_027494_034848_474E,S1B_IW_SLC__1SDV_20210706T052705_20210706T052732_027669_034D60_B1C7
S1A_IW_SLC__1SDV_20180902T052730_20180902T052757_023515_028F75_0BF8,S1B_IW_SLC__1SDV_20180908T052648_20180908T052715_012619_01748C_8F2F
S1B_IW_SLC__1SDV_20191021T052658_20191021T052725_018569_022FC8_F324,S1B_IW_SLC__1SDV_20191102T052658_20191102T052725_018744_023546_0C18
S1B_IW_SLC__1SDV_20200921T052704_20200921T052731_023469_02C94E_F6FB,S1B_IW_SLC__1SDV_20201003T052704_20201003T052731_023644_02CEC7_8541
S1A_IW_SLC__1SDV_20181113T052730_20181113T052757_024565_02B24A_6AD5,S1B_IW_SLC__1SDV_20181119T052651_20181119T052718_013669_019505_C2E0
S1A_IW_SLC__1SDV_20191027T052737_20191027T052804_029640_03601E_59ED,S1A_IW_SLC__1SDV_20191108T052737_20191108T052804_029815_036652_DAA7
S1A_IW_SLC__1SDV_20220120T052746_20220120T052813_041540_04F0B2_0E27,S1A_IW_SLC__1SDV_20220201T052745_20220201T052812_041715_04F6B0_93F0
S1A_IW_SLC__1SDV_20240918T052756_20240918T052823_055715_06CE01_D195,S1A_IW_SLC__1SDV_20240930T052756_20240930T052823_055890_06D4F1_5BCD
S1A_IW_SLC__1SDV_20201208T052742_20201208T052809_035590_042995_4806,S1A_IW_SLC__1SDV_20201220T052742_20201220T052809_035765_042F95_D318
S1B_IW_SLC__1SDV_20180511T052627_20180511T052655_010869_013E1D_DAA5,S1A_IW_SLC__1SDV_20180529T052724_20180529T052751_022115_026419_F53B
S1A_IW_SLC__1SDV_20230328T052751_20230328T052818_047840_05BF83_097A,S1A_IW_SLC__1SDV_20230421T052751_20230421T052818_048190_05CB44_D258
S1A_IW_SLC__1SDV_20221210T052754_20221210T052821_046265_058A4F_B53E,S1A_IW_SLC__1SDV_20230103T052753_20230103T052819_046615_059639_4587
S1A_IW_SLC__1SDV_20190723T052733_20190723T052800_028240_0330AD_C0B7,S1B_IW_SLC__1SDV_20190729T052655_20190729T052722_017344_0209DE_A100
S1B_IW_SLC__1SDV_20190915T052657_20190915T052724_018044_021F7F_4F9E,S1B_IW_SLC__1SDV_20190927T052658_20190927T052725_018219_0224E4_B9B7
S1B_IW_SLC__1SDV_20170621T052645_20170621T052712_006144_00ACB6_D4C6,S1B_IW_SLC__1SDV_20170715T052647_20170715T052714_006494_00B6B9_959C
S1A_IW_SLC__1SDV_20190124T052728_20190124T052755_025615_02D7ED_F0A7,S1B_IW_SLC__1SDV_20190211T052632_20190211T052700_014894_01BCD7_2231
S1A_IW_SLC__1SDV_20170627T052719_20170627T052746_017215_01CB7E_54FF,S1A_IW_SLC__1SDV_20170721T052721_20170721T052748_017565_01D614_ACBE
S1A_IW_SLC__1SDV_20181008T052731_20181008T052758_024040_02A081_9F83,S1A_IW_SLC__1SDV_20181020T052731_20181020T052758_024215_02A631_80DE
S1B_IW_SLC__1SDV_20211010T052710_20211010T052737_029069_037802_2AE0,S1A_IW_SLC__1SDV_20211016T052749_20211016T052816_040140_04C0F0_6664
S1B_IW_SLC__1SDV_20200629T052659_20200629T052726_022244_02A37D_A349,S1A_IW_SLC__1SDV_20200705T052739_20200705T052806_033315_03DC22_2E9B
S1A_IW_SLC__1SDV_20170323T052703_20170323T052730_015815_01A0CD_C04F,S1B_IW_SLC__1SDV_20170329T052619_20170329T052647_004919_008992_9B81
S1B_IW_SLC__1SDV_20211127T052658_20211127T052726_029769_038D9E_E246,S1A_IW_SLC__1SDV_20211215T052748_20211215T052815_041015_04DF48_0FF8
S1C_IW_SLC__1SDV_20250510T052622_20250510T052649_002264_004CDC_A592,S1A_IW_SLC__1SDV_20250516T052749_20250516T052816_059215_075912_0083
S1B_IW_SLC__1SDV_20181002T052649_20181002T052716_012969_017F41_1AF9,S1B_IW_SLC__1SDV_20181014T052649_20181014T052716_013144_018497_7619
S1A_IW_SLC__1SDV_20241129T052755_20241129T052822_056765_06F7AD_4280,S1A_IW_SLC__1SDV_20241211T052754_20241211T052821_056940_06FE85_C7DA
S1B_IW_SLC__1SDV_20171206T052627_20171206T052655_008594_00F425_4A68,S1A_IW_SLC__1SDV_20171224T052722_20171224T052749_019840_021C04_082B
S1A_IW_SLC__1SDV_20230912T052800_20230912T052827_050290_060DE1_B2BF,S1A_IW_SLC__1SDV_20230924T052800_20230924T052827_050465_0613D4_8221
S1B_IW_SLC__1SDV_20211127T052658_20211127T052726_029769_038D9E_E246,S1B_IW_SLC__1SDV_20211209T052658_20211209T052726_029944_039327_E855
S1A_IW_SLC__1SDV_20170603T052718_20170603T052745_016865_01C0C1_9BC4,S1A_IW_SLC__1SDV_20170627T052719_20170627T052746_017215_01CB7E_54FF
S1A_IW_SLC__1SDV_20210113T052742_20210113T052810_036115_043BDA_AEFF,S1B_IW_SLC__1SDV_20210131T052648_20210131T052715_025394_030647_1EED
S1B_IW_SLC__1SDV_20200418T052659_20200418T052726_021194_02837E_0816,S1B_IW_SLC__1SDV_20200512T052700_20200512T052727_021544_028E77_8519
S1B_IW_SLC__1SDV_20201108T052704_20201108T052731_024169_02DF1E_457C,S1A_IW_SLC__1SDV_20201114T052743_20201114T052810_035240_041D81_B6F4
S1B_IW_SLC__1SDV_20200711T052700_20200711T052727_022419_02A8D0_4DF9,S1B_IW_SLC__1SDV_20200804T052702_20200804T052729_022769_02B36C_3763
S1A_IW_SLC__1SDV_20201009T052743_20201009T052810_034715_040B45_2877,S1A_IW_SLC__1SDV_20201102T052743_20201102T052810_035065_04175E_207B
S1A_IW_SLC__1SDV_20210910T052748_20210910T052815_039615_04AEE1_8C96,S1A_IW_SLC__1SDV_20211004T052749_20211004T052816_039965_04BAE4_3486
S1A_IW_SLC__1SDV_20181020T052731_20181020T052758_024215_02A631_80DE,S1B_IW_SLC__1SDV_20181026T052649_20181026T052716_013319_018A02_6B1E
S1A_IW_SLC__1SDV_20170919T052724_20170919T052751_018440_01F0C7_981A,S1B_IW_SLC__1SDV_20170925T052650_20170925T052717_007544_00D51A_3D7B
S1B_IW_SLC__1SDV_20200524T052657_20200524T052724_021719_029398_A4C9,S1A_IW_SLC__1SDV_20200530T052737_20200530T052804_032790_03CC56_8071
S1A_IW_SLC__1SDV_20250410T052749_20250410T052816_058690_074497_D8B1,S1C_IW_SLC__1SDV_20250416T052645_20250416T052712_001914_003B88_BA68
S1B_IW_SLC__1SDV_20210811T052708_20210811T052735_028194_035D14_25ED,S1B_IW_SLC__1SDV_20210904T052709_20210904T052736_028544_036806_5330
S1A_IW_SLC__1SDV_20211215T052748_20211215T052815_041015_04DF48_0FF8,S1A_IW_SLC__1SDV_20211227T052747_20211227T052814_041190_04E503_4ED7
S1B_IW_SLC__1SDV_20170305T052626_20170305T052655_004569_007F6C_E7BB,S1A_IW_SLC__1SDV_20170323T052703_20170323T052730_015815_01A0CD_C04F
S1A_IW_SLC__1SDV_20171025T052724_20171025T052751_018965_0200D3_66D3,S1B_IW_SLC__1SDV_20171031T052650_20171031T052717_008069_00E421_5C2B
S1A_IW_SLC__1SDV_20241223T052753_20241223T052820_057115_070590_ACCD,S1A_IW_SLC__1SDV_20250104T052751_20250104T052818_057290_070C6E_F0DC
S1B_IW_SLC__1SDV_20190822T052656_20190822T052723_017694_02149F_2D88,S1B_IW_SLC__1SDV_20190903T052657_20190903T052724_017869_021A0C_DC54
S1B_IW_SLC__1SDV_20210107T052703_20210107T052730_025044_02FB1E_53A0,S1A_IW_SLC__1SDV_20210113T052742_20210113T052810_036115_043BDA_AEFF
S1A_IW_SLC__1SDV_20230726T052757_20230726T052824_049590_05F68C_E633,S1A_IW_SLC__1SDV_20230819T052759_20230819T052826_049940_0601E9_17C6
S1A_IW_SLC__1SDV_20191108T052737_20191108T052804_029815_036652_DAA7,S1B_IW_SLC__1SDV_20191126T052655_20191126T052723_019094_02408F_E307
S1A_IW_SLC__1SDV_20190430T052729_20190430T052756_027015_030ABC_7509,S1B_IW_SLC__1SDV_20190506T052633_20190506T052701_016119_01E53A_17A0
S1B_IW_SLC__1SDV_20201015T052704_20201015T052731_023819_02D439_18DB,S1A_IW_SLC__1SDV_20201021T052743_20201021T052810_034890_041162_AF7D
S1B_IW_SLC__1SDV_20190106T052633_20190106T052701_014369_01ABD6_5EEF,S1A_IW_SLC__1SDV_20190112T052728_20190112T052755_025440_02D18B_2790
S1B_IW_SLC__1SDV_20210224T052659_20210224T052727_025744_0311BA_395D,S1A_IW_SLC__1SDV_20210314T052739_20210314T052806_036990_045A45_0F92
S1B_IW_SLC__1SDV_20190412T052632_20190412T052700_015769_01D98F_9BE6,S1B_IW_SLC__1SDV_20190424T052633_20190424T052701_015944_01DF5C_1C3C
S1A_IW_SLC__1SDV_20221011T052755_20221011T052822_045390_056D69_82CF,S1A_IW_SLC__1SDV_20221104T052755_20221104T052822_045740_057878_0C52
S1A_IW_SLC__1SDV_20250504T052750_20250504T052817_059040_0752C4_8948,S1C_IW_SLC__1SDV_20250522T052648_20250522T052715_002439_0051B0_6A61
S1B_IW_SLC__1SDV_20171112T052650_20171112T052717_008244_00E948_A489,S1B_IW_SLC__1SDV_20171206T052627_20171206T052655_008594_00F425_4A68
S1A_IW_SLC__1SDV_20190325T052728_20190325T052755_026490_02F791_061C,S1B_IW_SLC__1SDV_20190412T052632_20190412T052700_015769_01D98F_9BE6
S1B_IW_SLC__1SDV_20190915T052657_20190915T052724_018044_021F7F_4F9E,S1B_IW_SLC__1SDV_20191009T052658_20191009T052725_018394_022A67_7584
S1A_IW_SLC__1SDV_20250128T052750_20250128T052817_057640_071A53_5C66,S1A_IW_SLC__1SDV_20250209T052750_20250209T052817_057815_07213A_1AF0
S1B_IW_SLC__1SDV_20210413T052648_20210413T052715_026444_032830_BCEB,S1B_IW_SLC__1SDV_20210507T052649_20210507T052716_026794_033365_E539
S1B_IW_SLC__1SDV_20201027T052704_20201027T052731_023994_02D9B8_3011,S1B_IW_SLC__1SDV_20201108T052704_20201108T052731_024169_02DF1E_457C
S1A_IW_SLC__1SDV_20190112T052728_20190112T052755_025440_02D18B_2790,S1A_IW_SLC__1SDV_20190205T052727_20190205T052754_025790_02DE47_911F
S1B_IW_SLC__1SDV_20201015T052704_20201015T052731_023819_02D439_18DB,S1B_IW_SLC__1SDV_20201027T052704_20201027T052731_023994_02D9B8_3011
S1B_IW_SLC__1SDV_20210718T052706_20210718T052733_027844_035293_52FD,S1A_IW_SLC__1SDV_20210805T052747_20210805T052814_039090_049CCC_BF6A
S1A_IW_SLC__1SDV_20180210T052721_20180210T052748_020540_023244_7026,S1A_IW_SLC__1SDV_20180306T052721_20180306T052748_020890_023D5E_E7E3
S1B_IW_SLC__1SDV_20190623T052652_20190623T052719_016819_01FA6A_10DC,S1A_IW_SLC__1SDV_20190711T052732_20190711T052759_028065_032B64_EB78
S1A_IW_SLC__1SDV_20191120T052737_20191120T052804_029990_036C61_A237,S1A_IW_SLC__1SDV_20191202T052736_20191202T052803_030165_037270_3899
S1A_IW_SLC__1SDV_20190804T052734_20190804T052801_028415_033604_65D4,S1B_IW_SLC__1SDV_20190822T052656_20190822T052723_017694_02149F_2D88
S1A_IW_SLC__1SDV_20181219T052729_20181219T052756_025090_02C4ED_AE9B,S1B_IW_SLC__1SDV_20181225T052634_20181225T052701_014194_01A61A_23EE
S1B_IW_SLC__1SDV_20171206T052627_20171206T052655_008594_00F425_4A68,S1A_IW_SLC__1SDV_20171212T052723_20171212T052750_019665_0216A4_A5B7
S1B_IW_SLC__1SDV_20200617T052659_20200617T052726_022069_029E24_9AED,S1B_IW_SLC__1SDV_20200711T052700_20200711T052727_022419_02A8D0_4DF9
S1B_IW_SLC__1SDV_20210928T052710_20210928T052737_028894_0372C3_C44A,S1A_IW_SLC__1SDV_20211004T052749_20211004T052816_039965_04BAE4_3486
S1A_IW_SLC__1SDV_20201021T052743_20201021T052810_034890_041162_AF7D,S1A_IW_SLC__1SDV_20201114T052743_20201114T052810_035240_041D81_B6F4
S1A_IW_SLC__1SDV_20180129T052721_20180129T052748_020365_022CA8_F715,S1B_IW_SLC__1SDV_20180216T052625_20180216T052653_009644_01163F_F38B
S1B_IW_SLC__1SDV_20191208T052654_20191208T052722_019269_024619_3706,S1A_IW_SLC__1SDV_20191214T052736_20191214T052803_030340_03787B_41FA
S1A_IW_SLC__1SDV_20210419T052741_20210419T052808_037515_046C67_B156,S1A_IW_SLC__1SDV_20210513T052742_20210513T052809_037865_047810_42D3
S1B_IW_SLC__1SDV_20181213T052634_20181213T052702_014019_01A04C_25C2,S1B_IW_SLC__1SDV_20190106T052633_20190106T052701_014369_01ABD6_5EEF
S1B_IW_SLC__1SDV_20200512T052700_20200512T052727_021544_028E77_8519,S1A_IW_SLC__1SDV_20200530T052737_20200530T052804_032790_03CC56_8071
S1A_IW_SLC__1SDV_20180821T052729_20180821T052756_023340_0289E6_9F43,S1A_IW_SLC__1SDV_20180902T052730_20180902T052757_023515_028F75_0BF8
S1B_IW_SLC__1SDV_20211115T052710_20211115T052737_029594_038826_0B82,S1B_IW_SLC__1SDV_20211209T052658_20211209T052726_029944_039327_E855
S1A_IW_SLC__1SDV_20201102T052743_20201102T052810_035065_04175E_207B,S1A_IW_SLC__1SDV_20201114T052743_20201114T052810_035240_041D81_B6F4
S1B_IW_SLC__1SDV_20200605T052658_20200605T052725_021894_0298D7_EB1B,S1A_IW_SLC__1SDV_20200623T052738_20200623T052805_033140_03D6D5_C291
S1A_IW_SLC__1SDV_20231018T052800_20231018T052827_050815_061FDA_F5FD,S1A_IW_SLC__1SDV_20231111T052759_20231111T052826_051165_062BCE_24E0
S1A_IW_SLC__1SDV_20170721T052721_20170721T052748_017565_01D614_ACBE,S1A_IW_SLC__1SDV_20170814T052722_20170814T052749_017915_01E0C1_5791
S1B_IW_SLC__1SDV_20201226T052651_20201226T052719_024869_02F584_1449,S1A_IW_SLC__1SDV_20210113T052742_20210113T052810_036115_043BDA_AEFF
S1B_IW_SLC__1SDV_20190319T052632_20190319T052700_015419_01CE05_9832,S1A_IW_SLC__1SDV_20190325T052728_20190325T052755_026490_02F791_061C
S1A_IW_SLC__1SDV_20250410T052749_20250410T052816_058690_074497_D8B1,S1A_IW_SLC__1SDV_20250422T052750_20250422T052817_058865_074BC1_EE23
S1A_IW_SLC__1SDV_20240227T052756_20240227T052823_052740_0661B3_D2A7,S1A_IW_SLC__1SDV_20240322T052756_20240322T052823_053090_066E23_CB50
S1A_IW_SLC__1SDV_20190711T052732_20190711T052759_028065_032B64_EB78,S1A_IW_SLC__1SDV_20190804T052734_20190804T052801_028415_033604_65D4
S1A_IW_SLC__1SDV_20171025T052724_20171025T052751_018965_0200D3_66D3,S1B_IW_SLC__1SDV_20171112T052650_20171112T052717_008244_00E948_A489
S1A_IW_SLC__1SDV_20171001T052724_20171001T052751_018615_01F62C_5FA4,S1B_IW_SLC__1SDV_20171019T052650_20171019T052717_007894_00DF19_A9CA
S1B_IW_SLC__1SDV_20210730T052707_20210730T052734_028019_0357B2_11EE,S1B_IW_SLC__1SDV_20210823T052708_20210823T052735_028369_03628D_BA55
S1B_IW_SLC__1SDV_20181107T052651_20181107T052718_013494_018F83_3656,S1A_IW_SLC__1SDV_20181125T052730_20181125T052757_024740_02B8BA_8B12
S1A_IW_SLC__1SDV_20210101T052741_20210101T052808_035940_0435A9_F516,S1B_IW_SLC__1SDV_20210107T052703_20210107T052730_025044_02FB1E_53A0
S1B_IW_SLC__1SDV_20200301T052652_20200301T052719_020494_026D59_5C7E,S1B_IW_SLC__1SDV_20200325T052652_20200325T052720_020844_02786B_7CF7
S1A_IW_SLC__1SDV_20240720T052755_20240720T052822_054840_06ADB3_9DD4,S1A_IW_SLC__1SDV_20240801T052755_20240801T052822_055015_06B3CE_8354
S1B_IW_SLC__1SDV_20201108T052704_20201108T052731_024169_02DF1E_457C,S1B_IW_SLC__1SDV_20201120T052704_20201120T052731_024344_02E49B_D239
S1A_IW_SLC__1SDV_20240322T052756_20240322T052823_053090_066E23_CB50,S1A_IW_SLC__1SDV_20240415T052756_20240415T052823_053440_067BAC_6BFF
S1B_IW_SLC__1SDV_20201202T052652_20201202T052720_024519_02EA28_CC32,S1A_IW_SLC__1SDV_20201208T052742_20201208T052809_035590_042995_4806
S1B_IW_SLC__1SDV_20170808T052648_20170808T052715_006844_00C0C1_C412,S1A_IW_SLC__1SDV_20170826T052723_20170826T052750_018090_01E60E_3D8C
S1B_IW_SLC__1SDV_20190506T052633_20190506T052701_016119_01E53A_17A0,S1A_IW_SLC__1SDV_20190512T052729_20190512T052756_027190_0310B1_A091
S1A_IW_SLC__1SDV_20210326T052740_20210326T052807_037165_04604D_AB9A,S1B_IW_SLC__1SDV_20210401T052648_20210401T052715_026269_032297_AD70
S1B_IW_SLC__1SDV_20200828T052703_20200828T052730_023119_02BE55_8C3E,S1A_IW_SLC__1SDV_20200903T052742_20200903T052809_034190_03F8CD_D292
S1A_IW_SLC__1SDV_20221104T052755_20221104T052822_045740_057878_0C52,S1A_IW_SLC__1SDV_20221128T052754_20221128T052821_046090_058452_126C
S1A_IW_SLC__1SDV_20180222T052721_20180222T052748_020715_0237D7_6CFE,S1B_IW_SLC__1SDV_20180312T052625_20180312T052653_009994_0121E9_7C6D
S1B_IW_SLC__1SDV_20170516T052627_20170516T052654_005619_009D73_A07F,S1A_IW_SLC__1SDV_20170522T052706_20170522T052733_016690_01BB5A_71C2
S1A_IW_SLC__1SDV_20180505T052723_20180505T052750_021765_0258EB_7AA2,S1B_IW_SLC__1SDV_20180523T052628_20180523T052656_011044_0143CC_AD07
S1B_IW_SLC__1SDV_20190903T052657_20190903T052724_017869_021A0C_DC54,S1B_IW_SLC__1SDV_20190927T052658_20190927T052725_018219_0224E4_B9B7
S1A_IW_SLC__1SDV_20181219T052729_20181219T052756_025090_02C4ED_AE9B,S1A_IW_SLC__1SDV_20181231T052729_20181231T052756_025265_02CB42_9A6C
S1A_IW_SLC__1SDV_20210829T052748_20210829T052815_039440_04A8CE_F96B,S1A_IW_SLC__1SDV_20210910T052748_20210910T052815_039615_04AEE1_8C96
S1A_IW_SLC__1SDV_20221116T052754_20221116T052821_045915_057E6A_4613,S1A_IW_SLC__1SDV_20221210T052754_20221210T052821_046265_058A4F_B53E
S1A_IW_SLC__1SDV_20200717T052739_20200717T052806_033490_03E17A_B0B3,S1B_IW_SLC__1SDV_20200804T052702_20200804T052729_022769_02B36C_3763
S1A_IW_SLC__1SDV_20200611T052737_20200611T052804_032965_03D183_772E,S1B_IW_SLC__1SDV_20200617T052659_20200617T052726_022069_029E24_9AED
S1A_IW_SLC__1SDV_20190124T052728_20190124T052755_025615_02D7ED_F0A7,S1B_IW_SLC__1SDV_20190130T052632_20190130T052700_014719_01B71A_E4CB
S1A_IW_SLC__1SDV_20190921T052736_20190921T052803_029115_034E0E_1248,S1B_IW_SLC__1SDV_20190927T052658_20190927T052725_018219_0224E4_B9B7
S1A_IW_SLC__1SDV_20190217T052727_20190217T052754_025965_02E479_38FC,S1B_IW_SLC__1SDV_20190307T052632_20190307T052700_015244_01C85A_A3F6
S1B_IW_SLC__1SDV_20210823T052708_20210823T052735_028369_03628D_BA55,S1B_IW_SLC__1SDV_20210916T052709_20210916T052736_028719_036D65_946D
S1B_IW_SLC__1SDV_20210308T052659_20210308T052727_025919_031775_A250,S1B_IW_SLC__1SDV_20210401T052648_20210401T052715_026269_032297_AD70
S1A_IW_SLC__1SDV_20180210T052721_20180210T052748_020540_023244_7026,S1A_IW_SLC__1SDV_20180222T052721_20180222T052748_020715_0237D7_6CFE
S1A_IW_SLC__1SDV_20201009T052743_20201009T052810_034715_040B45_2877,S1B_IW_SLC__1SDV_20201027T052704_20201027T052731_023994_02D9B8_3011
S1A_IW_SLC__1SDV_20181207T052730_20181207T052757_024915_02BE95_51EE,S1A_IW_SLC__1SDV_20181231T052729_20181231T052756_025265_02CB42_9A6C
S1A_IW_SLC__1SDV_20190430T052729_20190430T052756_027015_030ABC_7509,S1B_IW_SLC__1SDV_20190518T052634_20190518T052702_016294_01EAAB_FD01
S1A_IW_SLC__1SDV_20191202T052736_20191202T052803_030165_037270_3899,S1B_IW_SLC__1SDV_20191208T052654_20191208T052722_019269_024619_3706
S1C_IW_SLC__1SDV_20250603T052649_20250603T052716_002614_0056AB_FBD0,S1A_IW_SLC__1SDV_20250609T052748_20250609T052815_059565_076523_2F2F
S1B_IW_SLC__1SDV_20200816T052702_20200816T052729_022944_02B8D4_8C49,S1A_IW_SLC__1SDV_20200822T052742_20200822T052809_034015_03F2A9_38AC
S1A_IW_SLC__1SDV_20170615T052719_20170615T052746_017040_01C629_70BE,S1A_IW_SLC__1SDV_20170709T052720_20170709T052747_017390_01D0C1_5C0C
S1A_IW_SLC__1SDV_20170510T052706_20170510T052733_016515_01B5F9_8C9C,S1B_IW_SLC__1SDV_20170528T052627_20170528T052654_005794_00A285_D8B7
S1A_IW_SLC__1SDV_20170826T052723_20170826T052750_018090_01E60E_3D8C,S1A_IW_SLC__1SDV_20170907T052723_20170907T052750_018265_01EB5E_D8F0
S1A_IW_SLC__1SDV_20200319T052734_20200319T052801_031740_03A919_5C33,S1A_IW_SLC__1SDV_20200412T052734_20200412T052801_032090_03B56C_ED00
S1A_IW_SLC__1SDV_20201102T052743_20201102T052810_035065_04175E_207B,S1B_IW_SLC__1SDV_20201120T052704_20201120T052731_024344_02E49B_D239
S1A_IW_SLC__1SDV_20190605T052730_20190605T052757_027540_031B94_E331,S1A_IW_SLC__1SDV_20190617T052731_20190617T052758_027715_0320DB_11E5
S1C_IW_SLC__1SDV_20250416T052645_20250416T052712_001914_003B88_BA68,S1C_IW_SLC__1SDV_20250510T052622_20250510T052649_002264_004CDC_A592
S1C_IW_SLC__1SDV_20250522T052623_20250522T052650_002439_0051B0_D5F0,S1A_IW_SLC__1SDV_20250609T052748_20250609T052815_059565_076523_2F2F
S1A_IW_SLC__1SDV_20211121T052749_20211121T052816_040665_04D32B_16C9,S1B_IW_SLC__1SDV_20211127T052658_20211127T052726_029769_038D9E_E246
S1A_IW_SLC__1SDV_20200915T052743_20200915T052810_034365_03FEFD_519E,S1B_IW_SLC__1SDV_20200921T052704_20200921T052731_023469_02C94E_F6FB
S1A_IW_SLC__1SDV_20170919T052724_20170919T052751_018440_01F0C7_981A,S1B_IW_SLC__1SDV_20171007T052650_20171007T052717_007719_00DA22_EDAB
S1B_IW_SLC__1SDV_20181107T052651_20181107T052718_013494_018F83_3656,S1B_IW_SLC__1SDV_20181119T052651_20181119T052718_013669_019505_C2E0
S1B_IW_SLC__1SDV_20170504T052621_20170504T052648_005444_0098B2_F1F0,S1A_IW_SLC__1SDV_20170522T052706_20170522T052733_016690_01BB5A_71C2
S1B_IW_SLC__1SDV_20191102T052658_20191102T052725_018744_023546_0C18,S1A_IW_SLC__1SDV_20191108T052737_20191108T052804_029815_036652_DAA7
S1A_IW_SLC__1SDV_20180330T052721_20180330T052748_021240_024878_63B9,S1B_IW_SLC__1SDV_20180417T052626_20180417T052654_010519_0132DA_3448
S1B_IW_SLC__1SDV_20190223T052632_20190223T052700_015069_01C291_394C,S1A_IW_SLC__1SDV_20190301T052727_20190301T052754_026140_02EABC_75FE
S1A_IW_SLC__1SDV_20181101T052731_20181101T052758_024390_02ABE4_FB5E,S1A_IW_SLC__1SDV_20181113T052730_20181113T052757_024565_02B24A_6AD5
S1B_IW_SLC__1SDV_20200430T052700_20200430T052727_021369_028901_0728,S1B_IW_SLC__1SDV_20200512T052700_20200512T052727_021544_028E77_8519
S1A_IW_SLC__1SDV_20181207T052730_20181207T052757_024915_02BE95_51EE,S1B_IW_SLC__1SDV_20181213T052634_20181213T052702_014019_01A04C_25C2
S1B_IW_SLC__1SDV_20170621T052645_20170621T052712_006144_00ACB6_D4C6,S1B_IW_SLC__1SDV_20170703T052646_20170703T052713_006319_00B1C7_9D9A
S1B_IW_SLC__1SDV_20200206T052652_20200206T052720_020144_026219_B0FF,S1B_IW_SLC__1SDV_20200218T052652_20200218T052720_020319_0267BB_ABA7
S1B_IW_SLC__1SDV_20200218T052652_20200218T052720_020319_0267BB_ABA7,S1B_IW_SLC__1SDV_20200301T052652_20200301T052719_020494_026D59_5C7E
S1B_IW_SLC__1SDV_20191208T052654_20191208T052722_019269_024619_3706,S1B_IW_SLC__1SDV_20200101T052653_20200101T052721_019619_025146_CC04
S1B_IW_SLC__1SDV_20170609T052645_20170609T052712_005969_00A798_805C,S1A_IW_SLC__1SDV_20170615T052719_20170615T052746_017040_01C629_70BE
S1A_IW_SLC__1SDV_20190921T052736_20190921T052803_029115_034E0E_1248,S1B_IW_SLC__1SDV_20191009T052658_20191009T052725_018394_022A67_7584
S1A_IW_SLC__1SDV_20200729T052740_20200729T052807_033665_03E6D8_5C43,S1A_IW_SLC__1SDV_20200810T052741_20200810T052808_033840_03EC7E_14CF
S1A_IW_SLC__1SDV_20180423T052722_20180423T052749_021590_025363_B564,S1A_IW_SLC__1SDV_20180517T052723_20180517T052750_021940_025E79_F818
S1A_IW_SLC__1SDV_20210101T052741_20210101T052808_035940_0435A9_F516,S1A_IW_SLC__1SDV_20210125T052742_20210125T052810_036290_0441E9_6E89
S1B_IW_SLC__1SDV_20190319T052632_20190319T052700_015419_01CE05_9832,S1B_IW_SLC__1SDV_20190331T052632_20190331T052700_015594_01D3BB_E08C
S1B_IW_SLC__1SDV_20180628T052652_20180628T052719_011569_01543E_E189,S1A_IW_SLC__1SDV_20180716T052727_20180716T052754_022815_02793C_BE0E
S1A_IW_SLC__1SDV_20190804T052734_20190804T052801_028415_033604_65D4,S1B_IW_SLC__1SDV_20190810T052656_20190810T052722_017519_020F28_AE33
S1B_IW_SLC__1SDV_20190211T052632_20190211T052700_014894_01BCD7_2231,S1B_IW_SLC__1SDV_20190307T052632_20190307T052700_015244_01C85A_A3F6
S1A_IW_SLC__1SDV_20200927T052743_20200927T052810_034540_040528_FA21,S1B_IW_SLC__1SDV_20201003T052704_20201003T052731_023644_02CEC7_8541
S1B_IW_SLC__1SDV_20210904T052709_20210904T052736_028544_036806_5330,S1B_IW_SLC__1SDV_20210928T052710_20210928T052737_028894_0372C3_C44A
S1B_IW_SLC__1SDV_20211127T052658_20211127T052726_029769_038D9E_E246,S1B_IW_SLC__1SDV_20211221T052657_20211221T052725_030119_0398B0_849F
S1A_IW_SLC__1SDV_20181008T052731_20181008T052758_024040_02A081_9F83,S1A_IW_SLC__1SDV_20181101T052731_20181101T052758_024390_02ABE4_FB5E
S1A_IW_SLC__1SDV_20240720T052755_20240720T052822_054840_06ADB3_9DD4,S1A_IW_SLC__1SDV_20240813T052755_20240813T052821_055190_06BA07_09F5
S1B_IW_SLC__1SDV_20180920T052648_20180920T052715_012794_0179E4_EAD9,S1B_IW_SLC__1SDV_20181002T052649_20181002T052716_012969_017F41_1AF9
S1B_IW_SLC__1SDV_20200406T052652_20200406T052720_021019_027DF4_AB54,S1A_IW_SLC__1SDV_20200412T052734_20200412T052801_032090_03B56C_ED00
S1B_IW_SLC__1SDV_20170128T052626_20170128T052656_004044_006FDE_2BAA,S1A_IW_SLC__1SDV_20170215T052703_20170215T052730_015290_0190F9_ED5F
S1A_IW_SLC__1SDV_20190512T052729_20190512T052756_027190_0310B1_A091,S1A_IW_SLC__1SDV_20190605T052730_20190605T052757_027540_031B94_E331
S1B_IW_SLC__1SDV_20210928T052710_20210928T052737_028894_0372C3_C44A,S1B_IW_SLC__1SDV_20211022T052710_20211022T052737_029244_037D72_4B24
S1A_IW_SLC__1SDV_20180622T052725_20180622T052752_022465_026ED9_C660,S1B_IW_SLC__1SDV_20180628T052652_20180628T052719_011569_01543E_E189
S1A_IW_SLC__1SDV_20200212T052734_20200212T052801_031215_0396EC_9486,S1A_IW_SLC__1SDV_20200224T052733_20200224T052800_031390_039CF2_FE0E
S1A_IW_SLC__1SDV_20190605T052730_20190605T052757_027540_031B94_E331,S1B_IW_SLC__1SDV_20190611T052654_20190611T052721_016644_01F53A_8203
S1B_IW_SLC__1SDV_20170221T052626_20170221T052656_004394_007A54_D883,S1A_IW_SLC__1SDV_20170227T052703_20170227T052730_015465_01964E_C28B
S1B_IW_SLC__1SDV_20180710T052645_20180710T052711_011744_0159AE_E9E0,S1A_IW_SLC__1SDV_20180728T052727_20180728T052754_022990_027EC5_4DAE
S1B_IW_SLC__1SDV_20200804T052702_20200804T052729_022769_02B36C_3763,S1B_IW_SLC__1SDV_20200828T052703_20200828T052730_023119_02BE55_8C3E
S1A_IW_SLC__1SDV_20230115T052752_20230115T052819_046790_059C18_D107,S1A_IW_SLC__1SDV_20230208T052751_20230208T052818_047140_05A7DD_0C3D
S1A_IW_SLC__1SDV_20200903T052742_20200903T052809_034190_03F8CD_D292,S1A_IW_SLC__1SDV_20200927T052743_20200927T052810_034540_040528_FA21
S1A_IW_SLC__1SDV_20211215T052748_20211215T052815_041015_04DF48_0FF8,S1B_IW_SLC__1SDV_20211221T052657_20211221T052725_030119_0398B0_849F
S1A_IW_SLC__1SDV_20211028T052749_20211028T052816_040315_04C704_E04E,S1B_IW_SLC__1SDV_20211103T052710_20211103T052737_029419_0382D5_1A28
S1A_IW_SLC__1SDV_20220508T052747_20220508T052814_043115_052620_4730,S1A_IW_SLC__1SDV_20220520T052748_20220520T052815_043290_052B73_9189
S1B_IW_SLC__1SDV_20180628T052652_20180628T052719_011569_01543E_E189,S1A_IW_SLC__1SDV_20180704T052726_20180704T052753_022640_0273F3_DAB6
S1C_IW_SLC__1SDV_20250615T052650_20250615T052717_002789_005BB9_453C,S1A_IW_SLC__1SDV_20250621T052748_20250621T052815_059740_076B2D_5242
S1A_IW_SLC__1SDV_20201114T052743_20201114T052810_035240_041D81_B6F4,S1B_IW_SLC__1SDV_20201120T052704_20201120T052731_024344_02E49B_D239
S1A_IW_SLC__1SDV_20210125T052742_20210125T052810_036290_0441E9_6E89,S1A_IW_SLC__1SDV_20210218T052739_20210218T052806_036640_044E13_C75B
S1A_IW_SLC__1SDV_20210630T052744_20210630T052811_038565_048CFD_FB70,S1B_IW_SLC__1SDV_20210706T052705_20210706T052732_027669_034D60_B1C7
S1B_IW_SLC__1SDV_20201003T052704_20201003T052731_023644_02CEC7_8541,S1B_IW_SLC__1SDV_20201027T052704_20201027T052731_023994_02D9B8_3011
S1A_IW_SLC__1SDV_20181113T052730_20181113T052757_024565_02B24A_6AD5,S1A_IW_SLC__1SDV_20181207T052730_20181207T052757_024915_02BE95_51EE
S1B_IW_SLC__1SDV_20210320T052659_20210320T052727_026094_031D17_942E,S1B_IW_SLC__1SDV_20210401T052648_20210401T052715_026269_032297_AD70
S1A_IW_SLC__1SDV_20191003T052737_20191003T052804_029290_03540E_FA05,S1B_IW_SLC__1SDV_20191009T052658_20191009T052725_018394_022A67_7584
S1A_IW_SLC__1SDV_20230220T052751_20230220T052818_047315_05ADC6_6AC4,S1A_IW_SLC__1SDV_20230316T052750_20230316T052817_047665_05B99A_EC1E
S1A_IW_SLC__1SDV_20230421T052751_20230421T052818_048190_05CB44_D258,S1A_IW_SLC__1SDV_20230503T052752_20230503T052819_048365_05D12D_4D4F
S1C_IW_SLC__1SDV_20250603T052649_20250603T052716_002614_0056AB_FBD0,S1C_IW_SLC__1SDV_20250615T052625_20250615T052652_002789_005BB9_3BFB
S1B_IW_SLC__1SDV_20180417T052626_20180417T052654_010519_0132DA_3448,S1A_IW_SLC__1SDV_20180505T052723_20180505T052750_021765_0258EB_7AA2
S1B_IW_SLC__1SDV_20200301T052652_20200301T052719_020494_026D59_5C7E,S1A_IW_SLC__1SDV_20200319T052734_20200319T052801_031740_03A919_5C33
S1B_IW_SLC__1SDV_20190927T052658_20190927T052725_018219_0224E4_B9B7,S1A_IW_SLC__1SDV_20191015T052737_20191015T052804_029465_035A1F_54EB
S1A_IW_SLC__1SDV_20210805T052747_20210805T052814_039090_049CCC_BF6A,S1B_IW_SLC__1SDV_20210823T052708_20210823T052735_028369_03628D_BA55
S1A_IW_SLC__1SDV_20250621T052748_20250621T052815_059740_076B2D_5242,S1C_IW_SLC__1SDV_20250627T052651_20250627T052719_002964_0060C9_5498
S1A_IW_SLC__1SDV_20240708T052755_20240708T052822_054665_06A7A7_47A9,S1A_IW_SLC__1SDV_20240801T052755_20240801T052822_055015_06B3CE_8354
S1A_IW_SLC__1SDV_20230608T052754_20230608T052821_048890_05E11C_8B09,S1A_IW_SLC__1SDV_20230620T052755_20230620T052822_049065_05E675_B101
S1A_IW_SLC__1SDV_20230620T052755_20230620T052822_049065_05E675_B101,S1A_IW_SLC__1SDV_20230702T052755_20230702T052822_049240_05EBC4_6ECD
S1B_IW_SLC__1SDV_20200711T052700_20200711T052727_022419_02A8D0_4DF9,S1A_IW_SLC__1SDV_20200729T052740_20200729T052807_033665_03E6D8_5C43
S1A_IW_SLC__1SDV_20201220T052742_20201220T052809_035765_042F95_D318,S1A_IW_SLC__1SDV_20210113T052742_20210113T052810_036115_043BDA_AEFF
S1B_IW_SLC__1SDV_20180827T052647_20180827T052714_012444_016F26_38C1,S1A_IW_SLC__1SDV_20180902T052730_20180902T052757_023515_028F75_0BF8
S1A_IW_SLC__1SDV_20190112T052728_20190112T052755_025440_02D18B_2790,S1B_IW_SLC__1SDV_20190118T052633_20190118T052701_014544_01B17A_6797
S1A_IW_SLC__1SDV_20210910T052748_20210910T052815_039615_04AEE1_8C96,S1B_IW_SLC__1SDV_20210916T052709_20210916T052736_028719_036D65_946D
S1A_IW_SLC__1SDV_20230819T052759_20230819T052826_049940_0601E9_17C6,S1A_IW_SLC__1SDV_20230831T052759_20230831T052826_050115_0607E8_B60F
S1B_IW_SLC__1SDV_20200828T052703_20200828T052730_023119_02BE55_8C3E,S1B_IW_SLC__1SDV_20200921T052704_20200921T052731_023469_02C94E_F6FB
S1B_IW_SLC__1SDV_20181201T052634_20181201T052702_013844_019AA0_551A,S1B_IW_SLC__1SDV_20181213T052634_20181213T052702_014019_01A04C_25C2
S1A_IW_SLC__1SDV_20181008T052731_20181008T052758_024040_02A081_9F83,S1B_IW_SLC__1SDV_20181026T052649_20181026T052716_013319_018A02_6B1E
S1A_IW_SLC__1SDV_20170510T052706_20170510T052733_016515_01B5F9_8C9C,S1A_IW_SLC__1SDV_20170603T052718_20170603T052745_016865_01C0C1_9BC4
S1B_IW_SLC__1SDV_20200430T052700_20200430T052727_021369_028901_0728,S1A_IW_SLC__1SDV_20200518T052736_20200518T052803_032615_03C710_982B
S1B_IW_SLC__1SDV_20210823T052708_20210823T052735_028369_03628D_BA55,S1A_IW_SLC__1SDV_20210910T052748_20210910T052815_039615_04AEE1_8C96
S1A_IW_SLC__1SDV_20170615T052719_20170615T052746_017040_01C629_70BE,S1B_IW_SLC__1SDV_20170621T052645_20170621T052712_006144_00ACB6_D4C6
S1A_IW_SLC__1SDV_20190816T052735_20190816T052802_028590_033BDA_5B30,S1A_IW_SLC__1SDV_20190828T052735_20190828T052802_028765_0341F8_5329
S1A_IW_SLC__1SDV_20181231T052729_20181231T052756_025265_02CB42_9A6C,S1A_IW_SLC__1SDV_20190112T052728_20190112T052755_025440_02D18B_2790
S1C_IW_SLC__1SDV_20250603T052624_20250603T052651_002614_0056AB_CA0F,S1C_IW_SLC__1SDV_20250615T052625_20250615T052652_002789_005BB9_3BFB
S1B_IW_SLC__1SDV_20170317T052619_20170317T052647_004744_008495_3627,S1B_IW_SLC__1SDV_20170410T052619_20170410T052647_005094_008E9F_187B
S1C_IW_SLC__1SDV_20250510T052622_20250510T052649_002264_004CDC_A592,S1C_IW_SLC__1SDV_20250603T052624_20250603T052651_002614_0056AB_CA0F
S1B_IW_SLC__1SDV_20210718T052706_20210718T052733_027844_035293_52FD,S1B_IW_SLC__1SDV_20210811T052708_20210811T052735_028194_035D14_25ED
S1A_IW_SLC__1SDV_20230103T052753_20230103T052819_046615_059639_4587,S1A_IW_SLC__1SDV_20230115T052752_20230115T052819_046790_059C18_D107
S1A_IW_SLC__1SDV_20250504T052750_20250504T052817_059040_0752C4_8948,S1A_IW_SLC__1SDV_20250528T052749_20250528T052816_059390_075F2B_7C91
S1A_IW_SLC__1SDV_20210419T052741_20210419T052808_037515_046C67_B156,S1B_IW_SLC__1SDV_20210425T052649_20210425T052716_026619_032DCD_4881
S1A_IW_SLC__1SDV_20190124T052728_20190124T052755_025615_02D7ED_F0A7,S1A_IW_SLC__1SDV_20190205T052727_20190205T052754_025790_02DE47_911F
S1A_IW_SLC__1SDV_20211121T052749_20211121T052816_040665_04D32B_16C9,S1A_IW_SLC__1SDV_20211203T052748_20211203T052815_040840_04D945_ACAF
S1B_IW_SLC__1SDV_20170422T052620_20170422T052648_005269_0093AC_4207,S1B_IW_SLC__1SDV_20170504T052621_20170504T052648_005444_0098B2_F1F0
S1B_IW_SLC__1SDV_20180616T052651_20180616T052718_011394_014ECE_4790,S1A_IW_SLC__1SDV_20180622T052725_20180622T052752_022465_026ED9_C660
S1B_IW_SLC__1SDV_20201214T052652_20201214T052720_024694_02EFD8_1E0E,S1A_IW_SLC__1SDV_20210101T052741_20210101T052808_035940_0435A9_F516
S1B_IW_SLC__1SDV_20170221T052626_20170221T052656_004394_007A54_D883,S1A_IW_SLC__1SDV_20170311T052703_20170311T052730_015640_019B9A_5B44
S1A_IW_SLC__1SDV_20240427T052757_20240427T052824_053615_06828C_0B08,S1A_IW_SLC__1SDV_20240521T052757_20240521T052824_053965_068F5D_8438
S1C_IW_SLC__1SDV_20250522T052648_20250522T052715_002439_0051B0_6A61,S1C_IW_SLC__1SDV_20250603T052624_20250603T052651_002614_0056AB_CA0F
S1A_IW_SLC__1SDV_20200915T052743_20200915T052810_034365_03FEFD_519E,S1B_IW_SLC__1SDV_20201003T052704_20201003T052731_023644_02CEC7_8541
S1B_IW_SLC__1SDV_20190530T052651_20190530T052718_016469_01F003_ECE1,S1B_IW_SLC__1SDV_20190623T052652_20190623T052719_016819_01FA6A_10DC
S1A_IW_SLC__1SDV_20210910T052748_20210910T052815_039615_04AEE1_8C96,S1B_IW_SLC__1SDV_20210928T052710_20210928T052737_028894_0372C3_C44A
S1A_IW_SLC__1SDV_20190205T052727_20190205T052754_025790_02DE47_911F,S1B_IW_SLC__1SDV_20190211T052632_20190211T052700_014894_01BCD7_2231
S1A_IW_SLC__1SDV_20220201T052745_20220201T052812_041715_04F6B0_93F0,S1A_IW_SLC__1SDV_20220225T052745_20220225T052812_042065_0502D5_ECDA
S1A_IW_SLC__1SDV_20191015T052737_20191015T052804_029465_035A1F_54EB,S1A_IW_SLC__1SDV_20191108T052737_20191108T052804_029815_036652_DAA7
S1B_IW_SLC__1SDV_20170221T052626_20170221T052656_004394_007A54_D883,S1B_IW_SLC__1SDV_20170317T052619_20170317T052647_004744_008495_3627
S1A_IW_SLC__1SDV_20191027T052737_20191027T052804_029640_03601E_59ED,S1B_IW_SLC__1SDV_20191114T052655_20191114T052723_018919_023AEE_4D67
S1C_IW_SLC__1SDV_20250615T052650_20250615T052717_002789_005BB9_453C,S1C_IW_SLC__1SDV_20250627T052626_20250627T052653_002964_0060C9_7812
S1A_IW_SLC__1SDV_20170603T052718_20170603T052745_016865_01C0C1_9BC4,S1A_IW_SLC__1SDV_20170615T052719_20170615T052746_017040_01C629_70BE
S1A_IW_SLC__1SDV_20200810T052741_20200810T052808_033840_03EC7E_14CF,S1A_IW_SLC__1SDV_20200822T052742_20200822T052809_034015_03F2A9_38AC
S1B_IW_SLC__1SDV_20180604T052651_20180604T052718_011219_014975_3912,S1A_IW_SLC__1SDV_20180622T052725_20180622T052752_022465_026ED9_C660
S1C_IW_SLC__1SDV_20250428T052623_20250428T052654_002089_0045F6_764C,S1A_IW_SLC__1SDV_20250516T052749_20250516T052816_059215_075912_0083
S1A_IW_SLC__1SDV_20200623T052738_20200623T052805_033140_03D6D5_C291,S1B_IW_SLC__1SDV_20200629T052659_20200629T052726_022244_02A37D_A349
S1B_IW_SLC__1SDV_20190106T052633_20190106T052701_014369_01ABD6_5EEF,S1B_IW_SLC__1SDV_20190118T052633_20190118T052701_014544_01B17A_6797
S1A_IW_SLC__1SDV_20240203T052756_20240203T052823_052390_0655D1_FAA4,S1A_IW_SLC__1SDV_20240215T052756_20240215T052823_052565_065BBA_BFC6
S1A_IW_SLC__1SDV_20190430T052729_20190430T052756_027015_030ABC_7509,S1A_IW_SLC__1SDV_20190512T052729_20190512T052756_027190_0310B1_A091
S1B_IW_SLC__1SDV_20180123T052626_20180123T052654_009294_010ABE_AE4A,S1A_IW_SLC__1SDV_20180210T052721_20180210T052748_020540_023244_7026
S1B_IW_SLC__1SDV_20201120T052704_20201120T052731_024344_02E49B_D239,S1B_IW_SLC__1SDV_20201202T052652_20201202T052720_024519_02EA28_CC32
S1B_IW_SLC__1SDV_20180324T052625_20180324T052653_010169_012793_901B,S1B_IW_SLC__1SDV_20180417T052626_20180417T052654_010519_0132DA_3448
S1A_IW_SLC__1SDV_20250516T052749_20250516T052816_059215_075912_0083,S1A_IW_SLC__1SDV_20250609T052748_20250609T052815_059565_076523_2F2F
S1B_IW_SLC__1SDV_20200909T052703_20200909T052730_023294_02C3D5_38DB,S1A_IW_SLC__1SDV_20200927T052743_20200927T052810_034540_040528_FA21
S1B_IW_SLC__1SDV_20181026T052649_20181026T052716_013319_018A02_6B1E,S1A_IW_SLC__1SDV_20181113T052730_20181113T052757_024565_02B24A_6AD5
S1A_IW_SLC__1SDV_20250528T052749_20250528T052816_059390_075F2B_7C91,S1C_IW_SLC__1SDV_20250615T052650_20250615T052717_002789_005BB9_453C
S1A_IW_SLC__1SDV_20211004T052749_20211004T052816_039965_04BAE4_3486,S1B_IW_SLC__1SDV_20211022T052710_20211022T052737_029244_037D72_4B24
S1B_IW_SLC__1SDV_20210612T052704_20210612T052731_027319_034352_B4EB,S1B_IW_SLC__1SDV_20210706T052705_20210706T052732_027669_034D60_B1C7
S1A_IW_SLC__1SDV_20220625T052750_20220625T052817_043815_053B13_4FDD,S1A_IW_SLC__1SDV_20220719T052752_20220719T052819_044165_054588_4AB1
S1A_IW_SLC__1SDV_20231229T052757_20231229T052824_051865_06440B_8521,S1A_IW_SLC__1SDV_20240110T052757_20240110T052824_052040_064A04_BE7A
S1B_IW_SLC__1SDV_20190518T052634_20190518T052702_016294_01EAAB_FD01,S1B_IW_SLC__1SDV_20190611T052654_20190611T052721_016644_01F53A_8203
S1A_IW_SLC__1SDV_20200729T052740_20200729T052807_033665_03E6D8_5C43,S1B_IW_SLC__1SDV_20200804T052702_20200804T052729_022769_02B36C_3763
S1A_IW_SLC__1SDV_20221128T052754_20221128T052821_046090_058452_126C,S1A_IW_SLC__1SDV_20221210T052754_20221210T052821_046265_058A4F_B53E
S1B_IW_SLC__1SDV_20210425T052649_20210425T052716_026619_032DCD_4881,S1B_IW_SLC__1SDV_20210507T052649_20210507T052716_026794_033365_E539
S1B_IW_SLC__1SDV_20180920T052648_20180920T052715_012794_0179E4_EAD9,S1B_IW_SLC__1SDV_20181014T052649_20181014T052716_013144_018497_7619
S1B_IW_SLC__1SDV_20210718T052706_20210718T052733_027844_035293_52FD,S1A_IW_SLC__1SDV_20210724T052746_20210724T052813_038915_049781_33FF
S1B_IW_SLC__1SDV_20210131T052648_20210131T052715_025394_030647_1EED,S1A_IW_SLC__1SDV_20210218T052739_20210218T052806_036640_044E13_C75B
S1A_IW_SLC__1SDV_20200717T052739_20200717T052806_033490_03E17A_B0B3,S1A_IW_SLC__1SDV_20200729T052740_20200729T052807_033665_03E6D8_5C43
S1A_IW_SLC__1SDV_20200224T052733_20200224T052800_031390_039CF2_FE0E,S1A_IW_SLC__1SDV_20200319T052734_20200319T052801_031740_03A919_5C33
S1A_IW_SLC__1SDV_20250410T052749_20250410T052816_058690_074497_D8B1,S1A_IW_SLC__1SDV_20250504T052750_20250504T052817_059040_0752C4_8948
S1B_IW_SLC__1SDV_20180908T052648_20180908T052715_012619_01748C_8F2F,S1A_IW_SLC__1SDV_20180926T052730_20180926T052757_023865_029AC2_A56B
S1B_IW_SLC__1SDV_20200723T052701_20200723T052728_022594_02AE21_F84A,S1B_IW_SLC__1SDV_20200816T052702_20200816T052729_022944_02B8D4_8C49
S1A_IW_SLC__1SDV_20211109T052749_20211109T052816_040490_04CD29_8A6F,S1B_IW_SLC__1SDV_20211127T052658_20211127T052726_029769_038D9E_E246
S1B_IW_SLC__1SDV_20190623T052652_20190623T052719_016819_01FA6A_10DC,S1B_IW_SLC__1SDV_20190705T052653_20190705T052720_016994_01FF99_D6A5
S1A_IW_SLC__1SDV_20170428T052705_20170428T052732_016340_01B0AA_3663,S1B_IW_SLC__1SDV_20170504T052621_20170504T052648_005444_0098B2_F1F0
S1B_IW_SLC__1SDV_20180710T052645_20180710T052711_011744_0159AE_E9E0,S1B_IW_SLC__1SDV_20180803T052646_20180803T052713_012094_01644D_5E68
S1A_IW_SLC__1SDV_20240813T052755_20240813T052821_055190_06BA07_09F5,S1A_IW_SLC__1SDV_20240825T052755_20240825T052822_055365_06C085_AB4A
S1B_IW_SLC__1SDV_20180204T052625_20180204T052653_009469_01107B_7855,S1A_IW_SLC__1SDV_20180222T052721_20180222T052748_020715_0237D7_6CFE
S1B_IW_SLC__1SDV_20170516T052627_20170516T052654_005619_009D73_A07F,S1B_IW_SLC__1SDV_20170609T052645_20170609T052712_005969_00A798_805C
S1A_IW_SLC__1SDV_20230702T052755_20230702T052822_049240_05EBC4_6ECD,S1A_IW_SLC__1SDV_20230714T052756_20230714T052823_049415_05F130_0F19
S1A_IW_SLC__1SDV_20180926T052730_20180926T052757_023865_029AC2_A56B,S1B_IW_SLC__1SDV_20181002T052649_20181002T052716_012969_017F41_1AF9
S1A_IW_SLC__1SDV_20190406T052728_20190406T052755_026665_02FE08_6CC6,S1B_IW_SLC__1SDV_20190424T052633_20190424T052701_015944_01DF5C_1C3C
S1B_IW_SLC__1SDV_20210413T052648_20210413T052715_026444_032830_BCEB,S1A_IW_SLC__1SDV_20210501T052741_20210501T052808_037690_04727A_4318
S1C_IW_SLC__1SDV_20250416T052617_20250416T052647_001914_003B88_D402,S1C_IW_SLC__1SDV_20250510T052622_20250510T052649_002264_004CDC_A592
S1B_IW_SLC__1SDV_20210119T052648_20210119T052715_025219_0300BA_B183,S1A_IW_SLC__1SDV_20210206T052742_20210206T052810_036465_0447F6_596F
S1A_IW_SLC__1SDV_20230127T052752_20230127T052819_046965_05A203_59A8,S1A_IW_SLC__1SDV_20230220T052751_20230220T052818_047315_05ADC6_6AC4
S1A_IW_SLC__1SDV_20211028T052749_20211028T052816_040315_04C704_E04E,S1B_IW_SLC__1SDV_20211115T052710_20211115T052737_029594_038826_0B82
S1B_IW_SLC__1SDV_20190927T052658_20190927T052725_018219_0224E4_B9B7,S1A_IW_SLC__1SDV_20191003T052737_20191003T052804_029290_03540E_FA05
S1A_IW_SLC__1SDV_20231030T052800_20231030T052827_050990_0625CB_9D51,S1A_IW_SLC__1SDV_20231123T052759_20231123T052826_051340_0631DC_C848
S1B_IW_SLC__1SDV_20200325T052652_20200325T052720_020844_02786B_7CF7,S1A_IW_SLC__1SDV_20200412T052734_20200412T052801_032090_03B56C_ED00
S1B_IW_SLC__1SDV_20210507T052649_20210507T052716_026794_033365_E539,S1A_IW_SLC__1SDV_20210513T052742_20210513T052809_037865_047810_42D3
S1B_IW_SLC__1SDV_20180920T052648_20180920T052715_012794_0179E4_EAD9,S1A_IW_SLC__1SDV_20181008T052731_20181008T052758_024040_02A081_9F83
S1A_IW_SLC__1SDV_20230515T052753_20230515T052820_048540_05D6AC_039B,S1A_IW_SLC__1SDV_20230527T052754_20230527T052821_048715_05DBDD_76D7
S1A_IW_SLC__1SDV_20230208T052751_20230208T052818_047140_05A7DD_0C3D,S1A_IW_SLC__1SDV_20230220T052751_20230220T052818_047315_05ADC6_6AC4
S1A_IW_SLC__1SDV_20170323T052703_20170323T052730_015815_01A0CD_C04F,S1A_IW_SLC__1SDV_20170404T052704_20170404T052731_015990_01A5FE_0277
S1A_IW_SLC__1SDV_20200623T052738_20200623T052805_033140_03D6D5_C291,S1A_IW_SLC__1SDV_20200717T052739_20200717T052806_033490_03E17A_B0B3
S1B_IW_SLC__1SDV_20171031T052650_20171031T052717_008069_00E421_5C2B,S1B_IW_SLC__1SDV_20171124T052650_20171124T052717_008419_00EE92_47DD
S1A_IW_SLC__1SDV_20200705T052739_20200705T052806_033315_03DC22_2E9B,S1A_IW_SLC__1SDV_20200729T052740_20200729T052807_033665_03E6D8_5C43
S1A_IW_SLC__1SDV_20180610T052725_20180610T052752_022290_026990_BEE7,S1A_IW_SLC__1SDV_20180622T052725_20180622T052752_022465_026ED9_C660
S1B_IW_SLC__1SDV_20210624T052705_20210624T052732_027494_034848_474E,S1B_IW_SLC__1SDV_20210718T052706_20210718T052733_027844_035293_52FD
S1B_IW_SLC__1SDV_20170410T052619_20170410T052647_005094_008E9F_187B,S1A_IW_SLC__1SDV_20170428T052705_20170428T052732_016340_01B0AA_3663
S1A_IW_SLC__1SDV_20240918T052756_20240918T052823_055715_06CE01_D195,S1A_IW_SLC__1SDV_20241012T052756_20241012T052823_056065_06DBD4_B7B5
S1B_IW_SLC__1SDV_20200418T052659_20200418T052726_021194_02837E_0816,S1B_IW_SLC__1SDV_20200430T052700_20200430T052727_021369_028901_0728
S1A_IW_SLC__1SDV_20170826T052723_20170826T052750_018090_01E60E_3D8C,S1A_IW_SLC__1SDV_20170919T052724_20170919T052751_018440_01F0C7_981A
S1A_IW_SLC__1SDV_20200729T052740_20200729T052807_033665_03E6D8_5C43,S1A_IW_SLC__1SDV_20200822T052742_20200822T052809_034015_03F2A9_38AC
S1B_IW_SLC__1SDV_20170727T052647_20170727T052714_006669_00BBB5_B933,S1B_IW_SLC__1SDV_20170820T052648_20170820T052715_007019_00C5DD_040A
S1A_IW_SLC__1SDV_20181020T052731_20181020T052758_024215_02A631_80DE,S1B_IW_SLC__1SDV_20181107T052651_20181107T052718_013494_018F83_3656
S1A_IW_SLC__1SDV_20230421T052751_20230421T052818_048190_05CB44_D258,S1A_IW_SLC__1SDV_20230515T052753_20230515T052820_048540_05D6AC_039B
S1B_IW_SLC__1SDV_20191009T052658_20191009T052725_018394_022A67_7584,S1B_IW_SLC__1SDV_20191102T052658_20191102T052725_018744_023546_0C18
S1B_IW_SLC__1SDV_20211010T052710_20211010T052737_029069_037802_2AE0,S1B_IW_SLC__1SDV_20211022T052710_20211022T052737_029244_037D72_4B24
S1A_IW_SLC__1SDV_20170814T052722_20170814T052749_017915_01E0C1_5791,S1A_IW_SLC__1SDV_20170826T052723_20170826T052750_018090_01E60E_3D8C
S1B_IW_SLC__1SDV_20200711T052700_20200711T052727_022419_02A8D0_4DF9,S1B_IW_SLC__1SDV_20200723T052701_20200723T052728_022594_02AE21_F84A
S1A_IW_SLC__1SDV_20200611T052737_20200611T052804_032965_03D183_772E,S1A_IW_SLC__1SDV_20200705T052739_20200705T052806_033315_03DC22_2E9B
S1B_IW_SLC__1SDV_20171124T052650_20171124T052717_008419_00EE92_47DD,S1A_IW_SLC__1SDV_20171212T052723_20171212T052750_019665_0216A4_A5B7
S1B_IW_SLC__1SDV_20190130T052632_20190130T052700_014719_01B71A_E4CB,S1B_IW_SLC__1SDV_20190211T052632_20190211T052700_014894_01BCD7_2231
S1A_IW_SLC__1SDV_20180529T052724_20180529T052751_022115_026419_F53B,S1A_IW_SLC__1SDV_20180610T052725_20180610T052752_022290_026990_BEE7
S1A_IW_SLC__1SDV_20191015T052737_20191015T052804_029465_035A1F_54EB,S1A_IW_SLC__1SDV_20191027T052737_20191027T052804_029640_03601E_59ED
S1A_IW_SLC__1SDV_20190828T052735_20190828T052802_028765_0341F8_5329,S1A_IW_SLC__1SDV_20190909T052736_20190909T052803_028940_03480E_39B4
S1A_IW_SLC__1SDV_20231229T052757_20231229T052824_051865_06440B_8521,S1A_IW_SLC__1SDV_20240122T052757_20240122T052824_052215_064FE6_7F94
S1A_IW_SLC__1SDV_20240813T052755_20240813T052821_055190_06BA07_09F5,S1A_IW_SLC__1SDV_20240906T052755_20240906T052822_055540_06C715_B502
S1A_IW_SLC__1SDV_20250104T052751_20250104T052818_057290_070C6E_F0DC,S1A_IW_SLC__1SDV_20250128T052750_20250128T052817_057640_071A53_5C66
S1B_IW_SLC__1SDV_20171019T052650_20171019T052717_007894_00DF19_A9CA,S1B_IW_SLC__1SDV_20171031T052650_20171031T052717_008069_00E421_5C2B
S1A_IW_SLC__1SDV_20180423T052722_20180423T052749_021590_025363_B564,S1B_IW_SLC__1SDV_20180429T052627_20180429T052655_010694_013876_7C8F
S1A_IW_SLC__1SDV_20220213T052745_20220213T052812_041890_04FCC8_2C51,S1A_IW_SLC__1SDV_20220309T052745_20220309T052812_042240_0508CF_DA73
S1B_IW_SLC__1SDV_20181225T052634_20181225T052701_014194_01A61A_23EE,S1B_IW_SLC__1SDV_20190106T052633_20190106T052701_014369_01ABD6_5EEF
S1A_IW_SLC__1SDV_20220402T052746_20220402T052813_042590_0514A4_7691,S1A_IW_SLC__1SDV_20220426T052746_20220426T052813_042940_05204A_A45F
S1B_IW_SLC__1SDV_20180803T052646_20180803T052713_012094_01644D_5E68,S1B_IW_SLC__1SDV_20180827T052647_20180827T052714_012444_016F26_38C1
S1A_IW_SLC__1SDV_20180704T052726_20180704T052753_022640_0273F3_DAB6,S1B_IW_SLC__1SDV_20180722T052646_20180722T052713_011919_015F08_7539
S1B_IW_SLC__1SDV_20210224T052659_20210224T052727_025744_0311BA_395D,S1A_IW_SLC__1SDV_20210302T052739_20210302T052806_036815_045422_DB18
S1A_IW_SLC__1SDV_20190217T052727_20190217T052754_025965_02E479_38FC,S1A_IW_SLC__1SDV_20190313T052727_20190313T052754_026315_02F11A_9B61
S1A_IW_SLC__1SDV_20180809T052728_20180809T052755_023165_02843F_1B64,S1B_IW_SLC__1SDV_20180815T052647_20180815T052714_012269_0169B5_C097
S1B_IW_SLC__1SDV_20170528T052627_20170528T052654_005794_00A285_D8B7,S1B_IW_SLC__1SDV_20170609T052645_20170609T052712_005969_00A798_805C
S1B_IW_SLC__1SDV_20200206T052652_20200206T052720_020144_026219_B0FF,S1A_IW_SLC__1SDV_20200224T052733_20200224T052800_031390_039CF2_FE0E
S1A_IW_SLC__1SDV_20220613T052750_20220613T052816_043640_0535D2_E355,S1A_IW_SLC__1SDV_20220707T052751_20220707T052818_043990_054042_43A6
S1B_IW_SLC__1SDV_20180511T052627_20180511T052655_010869_013E1D_DAA5,S1A_IW_SLC__1SDV_20180517T052723_20180517T052750_021940_025E79_F818
S1C_IW_SLC__1SDV_20250615T052625_20250615T052652_002789_005BB9_3BFB,S1A_IW_SLC__1SDV_20250621T052748_20250621T052815_059740_076B2D_5242
S1B_IW_SLC__1SDV_20210811T052708_20210811T052735_028194_035D14_25ED,S1B_IW_SLC__1SDV_20210823T052708_20210823T052735_028369_03628D_BA55
S1B_IW_SLC__1SDV_20190518T052634_20190518T052702_016294_01EAAB_FD01,S1A_IW_SLC__1SDV_20190524T052730_20190524T052757_027365_03162B_4C3C
S1B_IW_SLC__1SDV_20170104T052630_20170104T052659_003694_006588_7B59,S1A_IW_SLC__1SDV_20170110T052704_20170110T052731_014765_0180A8_38EC
S1A_IW_SLC__1SDV_20170603T052718_20170603T052745_016865_01C0C1_9BC4,S1B_IW_SLC__1SDV_20170609T052645_20170609T052712_005969_00A798_805C
S1B_IW_SLC__1SDV_20210212T052700_20210212T052728_025569_030C04_1B7F,S1A_IW_SLC__1SDV_20210218T052739_20210218T052806_036640_044E13_C75B
S1A_IW_SLC__1SDV_20250504T052750_20250504T052817_059040_0752C4_8948,S1C_IW_SLC__1SDV_20250510T052622_20250510T052649_002264_004CDC_A592
S1B_IW_SLC__1SDV_20180123T052626_20180123T052654_009294_010ABE_AE4A,S1A_IW_SLC__1SDV_20180129T052721_20180129T052748_020365_022CA8_F715
S1B_IW_SLC__1SDV_20210706T052705_20210706T052732_027669_034D60_B1C7,S1A_IW_SLC__1SDV_20210712T052745_20210712T052812_038740_049246_9206
S1B_IW_SLC__1SDV_20171112T052650_20171112T052717_008244_00E948_A489,S1A_IW_SLC__1SDV_20171118T052724_20171118T052751_019315_020BAB_D077
S1A_IW_SLC__1SDV_20230515T052753_20230515T052820_048540_05D6AC_039B,S1A_IW_SLC__1SDV_20230608T052754_20230608T052821_048890_05E11C_8B09
S1B_IW_SLC__1SDV_20171019T052650_20171019T052717_007894_00DF19_A9CA,S1A_IW_SLC__1SDV_20171025T052724_20171025T052751_018965_0200D3_66D3
S1A_IW_SLC__1SDV_20180914T052730_20180914T052757_023690_029512_F5AB,S1B_IW_SLC__1SDV_20180920T052648_20180920T052715_012794_0179E4_EAD9
S1B_IW_SLC__1SDV_20210425T052649_20210425T052716_026619_032DCD_4881,S1B_IW_SLC__1SDV_20210519T052650_20210519T052717_026969_0338DC_11C3
S1B_IW_SLC__1SDV_20201226T052651_20201226T052719_024869_02F584_1449,S1B_IW_SLC__1SDV_20210107T052703_20210107T052730_025044_02FB1E_53A0
S1A_IW_SLC__1SDV_20240930T052756_20240930T052823_055890_06D4F1_5BCD,S1A_IW_SLC__1SDV_20241024T052756_20241024T052823_056240_06E2C2_6986
S1B_IW_SLC__1SDV_20170703T052646_20170703T052713_006319_00B1C7_9D9A,S1A_IW_SLC__1SDV_20170709T052720_20170709T052747_017390_01D0C1_5C0C
S1B_IW_SLC__1SDV_20171019T052650_20171019T052717_007894_00DF19_A9CA,S1B_IW_SLC__1SDV_20171112T052650_20171112T052717_008244_00E948_A489
S1B_IW_SLC__1SDV_20200816T052702_20200816T052729_022944_02B8D4_8C49,S1A_IW_SLC__1SDV_20200903T052742_20200903T052809_034190_03F8CD_D292
S1B_IW_SLC__1SDV_20200524T052657_20200524T052724_021719_029398_A4C9,S1A_IW_SLC__1SDV_20200611T052737_20200611T052804_032965_03D183_772E
S1A_IW_SLC__1SDV_20181125T052730_20181125T052757_024740_02B8BA_8B12,S1B_IW_SLC__1SDV_20181213T052634_20181213T052702_014019_01A04C_25C2
S1B_IW_SLC__1SDV_20170901T052649_20170901T052716_007194_00CAE9_527C,S1A_IW_SLC__1SDV_20170907T052723_20170907T052750_018265_01EB5E_D8F0
S1B_IW_SLC__1SDV_20191102T052658_20191102T052725_018744_023546_0C18,S1B_IW_SLC__1SDV_20191114T052655_20191114T052723_018919_023AEE_4D67
S1A_IW_SLC__1SDV_20200705T052739_20200705T052806_033315_03DC22_2E9B,S1B_IW_SLC__1SDV_20200711T052700_20200711T052727_022419_02A8D0_4DF9
S1A_IW_SLC__1SDV_20211109T052749_20211109T052816_040490_04CD29_8A6F,S1A_IW_SLC__1SDV_20211203T052748_20211203T052815_040840_04D945_ACAF
S1B_IW_SLC__1SDV_20180429T052627_20180429T052655_010694_013876_7C8F,S1B_IW_SLC__1SDV_20180523T052628_20180523T052656_011044_0143CC_AD07
S1A_IW_SLC__1SDV_20210501T052741_20210501T052808_037690_04727A_4318,S1A_IW_SLC__1SDV_20210525T052742_20210525T052809_038040_047D59_743B
S1B_IW_SLC__1SDV_20190729T052655_20190729T052722_017344_0209DE_A100,S1B_IW_SLC__1SDV_20190822T052656_20190822T052723_017694_02149F_2D88
S1A_IW_SLC__1SDV_20171025T052724_20171025T052751_018965_0200D3_66D3,S1A_IW_SLC__1SDV_20171106T052724_20171106T052751_019140_020636_06A7
S1B_IW_SLC__1SDV_20170808T052648_20170808T052715_006844_00C0C1_C412,S1A_IW_SLC__1SDV_20170814T052722_20170814T052749_017915_01E0C1_5791
S1A_IW_SLC__1SDV_20250128T052750_20250128T052817_057640_071A53_5C66,S1A_IW_SLC__1SDV_20250221T052749_20250221T052816_057990_072856_3D27
S1B_IW_SLC__1SDV_20201202T052652_20201202T052720_024519_02EA28_CC32,S1B_IW_SLC__1SDV_20201214T052652_20201214T052720_024694_02EFD8_1E0E
S1A_IW_SLC__1SDV_20210302T052739_20210302T052806_036815_045422_DB18,S1A_IW_SLC__1SDV_20210314T052739_20210314T052806_036990_045A45_0F92
S1A_IW_SLC__1SDV_20191027T052737_20191027T052804_029640_03601E_59ED,S1A_IW_SLC__1SDV_20191120T052737_20191120T052804_029990_036C61_A237
S1A_IW_SLC__1SDV_20220520T052748_20220520T052815_043290_052B73_9189,S1A_IW_SLC__1SDV_20220613T052750_20220613T052816_043640_0535D2_E355
S1A_IW_SLC__1SDV_20170428T052705_20170428T052732_016340_01B0AA_3663,S1A_IW_SLC__1SDV_20170522T052706_20170522T052733_016690_01BB5A_71C2
S1B_IW_SLC__1SDV_20170528T052627_20170528T052654_005794_00A285_D8B7,S1B_IW_SLC__1SDV_20170621T052645_20170621T052712_006144_00ACB6_D4C6
S1A_IW_SLC__1SDV_20190828T052735_20190828T052802_028765_0341F8_5329,S1B_IW_SLC__1SDV_20190915T052657_20190915T052724_018044_021F7F_4F9E
S1B_IW_SLC__1SDV_20170820T052648_20170820T052715_007019_00C5DD_040A,S1A_IW_SLC__1SDV_20170907T052723_20170907T052750_018265_01EB5E_D8F0
S1A_IW_SLC__1SDV_20180926T052730_20180926T052757_023865_029AC2_A56B,S1B_IW_SLC__1SDV_20181014T052649_20181014T052716_013144_018497_7619
S1B_IW_SLC__1SDV_20180628T052652_20180628T052719_011569_01543E_E189,S1B_IW_SLC__1SDV_20180710T052645_20180710T052711_011744_0159AE_E9E0
S1A_IW_SLC__1SDV_20180728T052727_20180728T052754_022990_027EC5_4DAE,S1A_IW_SLC__1SDV_20180809T052728_20180809T052755_023165_02843F_1B64
S1B_IW_SLC__1SDV_20180616T052651_20180616T052718_011394_014ECE_4790,S1A_IW_SLC__1SDV_20180704T052726_20180704T052753_022640_0273F3_DAB6
S1B_IW_SLC__1SDV_20210320T052659_20210320T052727_026094_031D17_942E,S1A_IW_SLC__1SDV_20210326T052740_20210326T052807_037165_04604D_AB9A
S1A_IW_SLC__1SDV_20201114T052743_20201114T052810_035240_041D81_B6F4,S1A_IW_SLC__1SDV_20201208T052742_20201208T052809_035590_042995_4806
S1C_IW_SLC__1SDV_20250522T052623_20250522T052650_002439_0051B0_D5F0,S1A_IW_SLC__1SDV_20250528T052749_20250528T052816_059390_075F2B_7C91
S1B_IW_SLC__1SDV_20210107T052703_20210107T052730_025044_02FB1E_53A0,S1A_IW_SLC__1SDV_20210125T052742_20210125T052810_036290_0441E9_6E89
S1B_IW_SLC__1SDV_20200723T052701_20200723T052728_022594_02AE21_F84A,S1A_IW_SLC__1SDV_20200729T052740_20200729T052807_033665_03E6D8_5C43
S1C_IW_SLC__1SDV_20250428T052623_20250428T052654_002089_0045F6_764C,S1C_IW_SLC__1SDV_20250510T052647_20250510T052714_002264_004CDC_B596
S1B_IW_SLC__1SDV_20201202T052652_20201202T052720_024519_02EA28_CC32,S1A_IW_SLC__1SDV_20201220T052742_20201220T052809_035765_042F95_D318
S1A_IW_SLC__1SDV_20240122T052757_20240122T052824_052215_064FE6_7F94,S1A_IW_SLC__1SDV_20240215T052756_20240215T052823_052565_065BBA_BFC6
S1B_IW_SLC__1SDV_20180417T052626_20180417T052654_010519_0132DA_3448,S1A_IW_SLC__1SDV_20180423T052722_20180423T052749_021590_025363_B564
S1A_IW_SLC__1SDV_20190313T052727_20190313T052754_026315_02F11A_9B61,S1A_IW_SLC__1SDV_20190406T052728_20190406T052755_026665_02FE08_6CC6
S1A_IW_SLC__1SDV_20170404T052704_20170404T052731_015990_01A5FE_0277,S1A_IW_SLC__1SDV_20170428T052705_20170428T052732_016340_01B0AA_3663
S1A_IW_SLC__1SDV_20250221T052749_20250221T052816_057990_072856_3D27,S1A_IW_SLC__1SDV_20250305T052749_20250305T052816_058165_072F82_A82A
S1A_IW_SLC__1SDV_20210817T052747_20210817T052814_039265_04A2DC_402E,S1B_IW_SLC__1SDV_20210904T052709_20210904T052736_028544_036806_5330
S1A_IW_SLC__1SDV_20180809T052728_20180809T052755_023165_02843F_1B64,S1A_IW_SLC__1SDV_20180902T052730_20180902T052757_023515_028F75_0BF8
S1A_IW_SLC__1SDV_20191120T052737_20191120T052804_029990_036C61_A237,S1B_IW_SLC__1SDV_20191208T052654_20191208T052722_019269_024619_3706
S1B_IW_SLC__1SDV_20190506T052633_20190506T052701_016119_01E53A_17A0,S1B_IW_SLC__1SDV_20190530T052651_20190530T052718_016469_01F003_ECE1
S1A_IW_SLC__1SDV_20191214T052736_20191214T052803_030340_03787B_41FA,S1A_IW_SLC__1SDV_20191226T052735_20191226T052802_030515_037E84_7CE9
S1A_IW_SLC__1SDV_20170215T052703_20170215T052730_015290_0190F9_ED5F,S1A_IW_SLC__1SDV_20170227T052703_20170227T052730_015465_01964E_C28B
S1B_IW_SLC__1SDV_20210519T052650_20210519T052717_026969_0338DC_11C3,S1B_IW_SLC__1SDV_20210531T052703_20210531T052730_027144_033E10_A0C2
S1C_IW_SLC__1SDV_20250522T052623_20250522T052650_002439_0051B0_D5F0,S1C_IW_SLC__1SDV_20250603T052649_20250603T052716_002614_0056AB_FBD0
S1C_IW_SLC__1SDV_20250615T052625_20250615T052652_002789_005BB9_3BFB,S1C_IW_SLC__1SDV_20250627T052626_20250627T052653_002964_0060C9_7812
S1A_IW_SLC__1SDV_20180318T052721_20180318T052748_021065_0242E8_980B,S1A_IW_SLC__1SDV_20180411T052722_20180411T052749_021415_024DEE_8429
S1A_IW_SLC__1SDV_20190723T052733_20190723T052800_028240_0330AD_C0B7,S1A_IW_SLC__1SDV_20190804T052734_20190804T052801_028415_033604_65D4
S1A_IW_SLC__1SDV_20210302T052739_20210302T052806_036815_045422_DB18,S1B_IW_SLC__1SDV_20210320T052659_20210320T052727_026094_031D17_942E
S1A_IW_SLC__1SDV_20180517T052723_20180517T052750_021940_025E79_F818,S1A_IW_SLC__1SDV_20180610T052725_20180610T052752_022290_026990_BEE7
S1A_IW_SLC__1SDV_20190617T052731_20190617T052758_027715_0320DB_11E5,S1B_IW_SLC__1SDV_20190705T052653_20190705T052720_016994_01FF99_D6A5
S1B_IW_SLC__1SDV_20210224T052659_20210224T052727_025744_0311BA_395D,S1B_IW_SLC__1SDV_20210308T052659_20210308T052727_025919_031775_A250
S1B_IW_SLC__1SDV_20201120T052704_20201120T052731_024344_02E49B_D239,S1A_IW_SLC__1SDV_20201208T052742_20201208T052809_035590_042995_4806
S1C_IW_SLC__1SDV_20250510T052647_20250510T052714_002264_004CDC_B596,S1A_IW_SLC__1SDV_20250528T052749_20250528T052816_059390_075F2B_7C91
S1A_IW_SLC__1SDV_20250221T052749_20250221T052816_057990_072856_3D27,S1A_IW_SLC__1SDV_20250317T052749_20250317T052816_058340_073676_E9BD
S1A_IW_SLC__1SDV_20190112T052728_20190112T052755_025440_02D18B_2790,S1B_IW_SLC__1SDV_20190130T052632_20190130T052700_014719_01B71A_E4CB
S1A_IW_SLC__1SDV_20240203T052756_20240203T052823_052390_0655D1_FAA4,S1A_IW_SLC__1SDV_20240227T052756_20240227T052823_052740_0661B3_D2A7
S1A_IW_SLC__1SDV_20200107T052735_20200107T052802_030690_038490_DD42,S1B_IW_SLC__1SDV_20200113T052653_20200113T052721_019794_0256CD_F5CC
S1A_IW_SLC__1SDV_20200331T052734_20200331T052801_031915_03AF41_38E9,S1A_IW_SLC__1SDV_20200412T052734_20200412T052801_032090_03B56C_ED00
S1A_IW_SLC__1SDV_20250410T052749_20250410T052816_058690_074497_D8B1,S1C_IW_SLC__1SDV_20250428T052623_20250428T052654_002089_0045F6_764C
S1A_IW_SLC__1SDV_20191202T052736_20191202T052803_030165_037270_3899,S1A_IW_SLC__1SDV_20191214T052736_20191214T052803_030340_03787B_41FA
S1A_IW_SLC__1SDV_20180926T052730_20180926T052757_023865_029AC2_A56B,S1A_IW_SLC__1SDV_20181008T052731_20181008T052758_024040_02A081_9F83
S1A_IW_SLC__1SDV_20181231T052729_20181231T052756_025265_02CB42_9A6C,S1B_IW_SLC__1SDV_20190118T052633_20190118T052701_014544_01B17A_6797
S1C_IW_SLC__1SDV_20250510T052647_20250510T052714_002264_004CDC_B596,S1C_IW_SLC__1SDV_20250603T052649_20250603T052716_002614_0056AB_FBD0
S1A_IW_SLC__1SDV_20200119T052734_20200119T052801_030865_038AB8_DB95,S1A_IW_SLC__1SDV_20200212T052734_20200212T052801_031215_0396EC_9486
S1C_IW_SLC__1SDV_20250522T052648_20250522T052715_002439_0051B0_6A61,S1C_IW_SLC__1SDV_20250615T052650_20250615T052717_002789_005BB9_453C
S1A_IW_SLC__1SDV_20220929T052755_20220929T052822_045215_05677E_DC6E,S1A_IW_SLC__1SDV_20221023T052755_20221023T052822_045565_057294_CAD9
S1B_IW_SLC__1SDV_20180815T052647_20180815T052714_012269_0169B5_C097,S1B_IW_SLC__1SDV_20180908T052648_20180908T052715_012619_01748C_8F2F
S1B_IW_SLC__1SDV_20191114T052655_20191114T052723_018919_023AEE_4D67,S1A_IW_SLC__1SDV_20191120T052737_20191120T052804_029990_036C61_A237
S1B_IW_SLC__1SDV_20190717T052654_20190717T052721_017169_0204BF_30D7,S1B_IW_SLC__1SDV_20190729T052655_20190729T052722_017344_0209DE_A100
S1A_IW_SLC__1SDV_20171118T052724_20171118T052751_019315_020BAB_D077,S1B_IW_SLC__1SDV_20171206T052627_20171206T052655_008594_00F425_4A68
S1A_IW_SLC__1SDV_20181219T052729_20181219T052756_025090_02C4ED_AE9B,S1B_IW_SLC__1SDV_20190106T052633_20190106T052701_014369_01ABD6_5EEF
S1A_IW_SLC__1SDV_20210101T052741_20210101T052808_035940_0435A9_F516,S1B_IW_SLC__1SDV_20210119T052648_20210119T052715_025219_0300BA_B183
S1A_IW_SLC__1SDV_20200119T052734_20200119T052801_030865_038AB8_DB95,S1B_IW_SLC__1SDV_20200206T052652_20200206T052720_020144_026219_B0FF
S1A_IW_SLC__1SDV_20210922T052749_20210922T052816_039790_04B4CC_9EFE,S1B_IW_SLC__1SDV_20211010T052710_20211010T052737_029069_037802_2AE0
S1B_IW_SLC__1SDV_20200101T052653_20200101T052721_019619_025146_CC04,S1A_IW_SLC__1SDV_20200119T052734_20200119T052801_030865_038AB8_DB95
S1B_IW_SLC__1SDV_20210823T052708_20210823T052735_028369_03628D_BA55,S1A_IW_SLC__1SDV_20210829T052748_20210829T052815_039440_04A8CE_F96B
S1B_IW_SLC__1SDV_20190822T052656_20190822T052723_017694_02149F_2D88,S1A_IW_SLC__1SDV_20190828T052735_20190828T052802_028765_0341F8_5329
S1A_IW_SLC__1SDV_20211016T052749_20211016T052816_040140_04C0F0_6664,S1A_IW_SLC__1SDV_20211109T052749_20211109T052816_040490_04CD29_8A6F
S1B_IW_SLC__1SDV_20210730T052707_20210730T052734_028019_0357B2_11EE,S1A_IW_SLC__1SDV_20210817T052747_20210817T052814_039265_04A2DC_402E
S1A_IW_SLC__1SDV_20171130T052723_20171130T052750_019490_021126_6189,S1B_IW_SLC__1SDV_20171206T052627_20171206T052655_008594_00F425_4A68
S1A_IW_SLC__1SDV_20221210T052754_20221210T052821_046265_058A4F_B53E,S1A_IW_SLC__1SDV_20221222T052753_20221222T052820_046440_059046_DE19
S1A_IW_SLC__1SDV_20171013T052724_20171013T052751_018790_01FB7E_434C,S1B_IW_SLC__1SDV_20171019T052650_20171019T052717_007894_00DF19_A9CA
S1A_IW_SLC__1SDV_20190711T052732_20190711T052759_028065_032B64_EB78,S1A_IW_SLC__1SDV_20190723T052733_20190723T052800_028240_0330AD_C0B7
S1A_IW_SLC__1SDV_20191027T052737_20191027T052804_029640_03601E_59ED,S1B_IW_SLC__1SDV_20191102T052658_20191102T052725_018744_023546_0C18
S1A_IW_SLC__1SDV_20230608T052754_20230608T052821_048890_05E11C_8B09,S1A_IW_SLC__1SDV_20230702T052755_20230702T052822_049240_05EBC4_6ECD
S1B_IW_SLC__1SDV_20180803T052646_20180803T052713_012094_01644D_5E68,S1A_IW_SLC__1SDV_20180821T052729_20180821T052756_023340_0289E6_9F43
S1A_IW_SLC__1SDV_20220321T052745_20220321T052812_042415_050EB8_10DA,S1A_IW_SLC__1SDV_20220402T052746_20220402T052813_042590_0514A4_7691
S1B_IW_SLC__1SDV_20200629T052659_20200629T052726_022244_02A37D_A349,S1A_IW_SLC__1SDV_20200717T052739_20200717T052806_033490_03E17A_B0B3
S1B_IW_SLC__1SDV_20170727T052647_20170727T052714_006669_00BBB5_B933,S1B_IW_SLC__1SDV_20170808T052648_20170808T052715_006844_00C0C1_C412
S1B_IW_SLC__1SDV_20210507T052649_20210507T052716_026794_033365_E539,S1B_IW_SLC__1SDV_20210519T052650_20210519T052717_026969_0338DC_11C3
S1B_IW_SLC__1SDV_20190424T052633_20190424T052701_015944_01DF5C_1C3C,S1B_IW_SLC__1SDV_20190506T052633_20190506T052701_016119_01E53A_17A0
S1A_IW_SLC__1SDV_20210113T052742_20210113T052810_036115_043BDA_AEFF,S1A_IW_SLC__1SDV_20210125T052742_20210125T052810_036290_0441E9_6E89
S1A_IW_SLC__1SDV_20180222T052721_20180222T052748_020715_0237D7_6CFE,S1B_IW_SLC__1SDV_20180228T052625_20180228T052653_009819_011C0A_6CF6
S1A_IW_SLC__1SDV_20200903T052742_20200903T052809_034190_03F8CD_D292,S1B_IW_SLC__1SDV_20200921T052704_20200921T052731_023469_02C94E_F6FB
S1A_IW_SLC__1SDV_20180704T052726_20180704T052753_022640_0273F3_DAB6,S1B_IW_SLC__1SDV_20180710T052645_20180710T052711_011744_0159AE_E9E0
S1A_IW_SLC__1SDV_20210724T052746_20210724T052813_038915_049781_33FF,S1A_IW_SLC__1SDV_20210805T052747_20210805T052814_039090_049CCC_BF6A
S1A_IW_SLC__1SDV_20210314T052739_20210314T052806_036990_045A45_0F92,S1B_IW_SLC__1SDV_20210401T052648_20210401T052715_026269_032297_AD70
S1A_IW_SLC__1SDV_20190605T052730_20190605T052757_027540_031B94_E331,S1B_IW_SLC__1SDV_20190623T052652_20190623T052719_016819_01FA6A_10DC
S1A_IW_SLC__1SDV_20230503T052752_20230503T052819_048365_05D12D_4D4F,S1A_IW_SLC__1SDV_20230515T052753_20230515T052820_048540_05D6AC_039B
S1B_IW_SLC__1SDV_20201015T052704_20201015T052731_023819_02D439_18DB,S1A_IW_SLC__1SDV_20201102T052743_20201102T052810_035065_04175E_207B
S1A_IW_SLC__1SDV_20170215T052703_20170215T052730_015290_0190F9_ED5F,S1A_IW_SLC__1SDV_20170311T052703_20170311T052730_015640_019B9A_5B44
S1A_IW_SLC__1SDV_20201126T052743_20201126T052810_035415_042383_029C,S1A_IW_SLC__1SDV_20201208T052742_20201208T052809_035590_042995_4806
S1A_IW_SLC__1SDV_20200717T052739_20200717T052806_033490_03E17A_B0B3,S1A_IW_SLC__1SDV_20200810T052741_20200810T052808_033840_03EC7E_14CF
S1A_IW_SLC__1SDV_20170802T052721_20170802T052748_017740_01DB70_C804,S1B_IW_SLC__1SDV_20170820T052648_20170820T052715_007019_00C5DD_040A
S1B_IW_SLC__1SDV_20180204T052625_20180204T052653_009469_01107B_7855,S1A_IW_SLC__1SDV_20180210T052721_20180210T052748_020540_023244_7026
S1B_IW_SLC__1SDV_20181026T052649_20181026T052716_013319_018A02_6B1E,S1B_IW_SLC__1SDV_20181107T052651_20181107T052718_013494_018F83_3656
S1A_IW_SLC__1SDV_20220508T052747_20220508T052814_043115_052620_4730,S1A_IW_SLC__1SDV_20220601T052749_20220601T052816_043465_0530A1_A235
S1A_IW_SLC__1SDV_20180610T052725_20180610T052752_022290_026990_BEE7,S1A_IW_SLC__1SDV_20180704T052726_20180704T052753_022640_0273F3_DAB6
S1B_IW_SLC__1SDV_20181107T052651_20181107T052718_013494_018F83_3656,S1A_IW_SLC__1SDV_20181113T052730_20181113T052757_024565_02B24A_6AD5
S1A_IW_SLC__1SDV_20180914T052730_20180914T052757_023690_029512_F5AB,S1A_IW_SLC__1SDV_20180926T052730_20180926T052757_023865_029AC2_A56B
S1A_IW_SLC__1SDV_20191015T052737_20191015T052804_029465_035A1F_54EB,S1B_IW_SLC__1SDV_20191021T052658_20191021T052725_018569_022FC8_F324
S1A_IW_SLC__1SDV_20180914T052730_20180914T052757_023690_029512_F5AB,S1B_IW_SLC__1SDV_20181002T052649_20181002T052716_012969_017F41_1AF9
S1A_IW_SLC__1SDV_20230714T052756_20230714T052823_049415_05F130_0F19,S1A_IW_SLC__1SDV_20230807T052758_20230807T052825_049765_05FBF2_AEB1
S1A_IW_SLC__1SDV_20190524T052730_20190524T052757_027365_03162B_4C3C,S1A_IW_SLC__1SDV_20190605T052730_20190605T052757_027540_031B94_E331
S1B_IW_SLC__1SDV_20210904T052709_20210904T052736_028544_036806_5330,S1A_IW_SLC__1SDV_20210922T052749_20210922T052816_039790_04B4CC_9EFE
S1A_IW_SLC__1SDV_20210829T052748_20210829T052815_039440_04A8CE_F96B,S1B_IW_SLC__1SDV_20210916T052709_20210916T052736_028719_036D65_946D
S1A_IW_SLC__1SDV_20240110T052757_20240110T052824_052040_064A04_BE7A,S1A_IW_SLC__1SDV_20240203T052756_20240203T052823_052390_0655D1_FAA4
S1B_IW_SLC__1SDV_20180908T052648_20180908T052715_012619_01748C_8F2F,S1A_IW_SLC__1SDV_20180914T052730_20180914T052757_023690_029512_F5AB
S1A_IW_SLC__1SDV_20190828T052735_20190828T052802_028765_0341F8_5329,S1A_IW_SLC__1SDV_20190921T052736_20190921T052803_029115_034E0E_1248
S1B_IW_SLC__1SDV_20180827T052647_20180827T052714_012444_016F26_38C1,S1B_IW_SLC__1SDV_20180920T052648_20180920T052715_012794_0179E4_EAD9
S1A_IW_SLC__1SDV_20200119T052734_20200119T052801_030865_038AB8_DB95,S1A_IW_SLC__1SDV_20200131T052734_20200131T052801_031040_0390D4_29FD
S1A_IW_SLC__1SDV_20170416T052704_20170416T052731_016165_01AB5A_CF0A,S1A_IW_SLC__1SDV_20170510T052706_20170510T052733_016515_01B5F9_8C9C
S1B_IW_SLC__1SDV_20170209T052626_20170209T052656_004219_007502_9CB7,S1A_IW_SLC__1SDV_20170215T052703_20170215T052730_015290_0190F9_ED5F
S1A_IW_SLC__1SDV_20190301T052727_20190301T052754_026140_02EABC_75FE,S1B_IW_SLC__1SDV_20190319T052632_20190319T052700_015419_01CE05_9832
S1B_IW_SLC__1SDV_20190705T052653_20190705T052720_016994_01FF99_D6A5,S1A_IW_SLC__1SDV_20190723T052733_20190723T052800_028240_0330AD_C0B7
S1B_IW_SLC__1SDV_20211103T052710_20211103T052737_029419_0382D5_1A28,S1B_IW_SLC__1SDV_20211115T052710_20211115T052737_029594_038826_0B82
S1A_IW_SLC__1SDV_20200412T052734_20200412T052801_032090_03B56C_ED00,S1B_IW_SLC__1SDV_20200418T052659_20200418T052726_021194_02837E_0816
S1A_IW_SLC__1SDV_20180728T052727_20180728T052754_022990_027EC5_4DAE,S1B_IW_SLC__1SDV_20180815T052647_20180815T052714_012269_0169B5_C097
S1A_IW_SLC__1SDV_20201220T052742_20201220T052809_035765_042F95_D318,S1B_IW_SLC__1SDV_20210107T052703_20210107T052730_025044_02FB1E_53A0
S1A_IW_SLC__1SDV_20210922T052749_20210922T052816_039790_04B4CC_9EFE,S1A_IW_SLC__1SDV_20211016T052749_20211016T052816_040140_04C0F0_6664
S1B_IW_SLC__1SDV_20191220T052654_20191220T052722_019444_024BAF_AE23,S1B_IW_SLC__1SDV_20200101T052653_20200101T052721_019619_025146_CC04
S1B_IW_SLC__1SDV_20200804T052702_20200804T052729_022769_02B36C_3763,S1A_IW_SLC__1SDV_20200810T052741_20200810T052808_033840_03EC7E_14CF
S1A_IW_SLC__1SDV_20210630T052744_20210630T052811_038565_048CFD_FB70,S1B_IW_SLC__1SDV_20210718T052706_20210718T052733_027844_035293_52FD
S1A_IW_SLC__1SDV_20200107T052735_20200107T052802_030690_038490_DD42,S1A_IW_SLC__1SDV_20200119T052734_20200119T052801_030865_038AB8_DB95
S1A_IW_SLC__1SDV_20200307T052734_20200307T052801_031565_03A2FE_ACA9,S1B_IW_SLC__1SDV_20200325T052652_20200325T052720_020844_02786B_7CF7
S1A_IW_SLC__1SDV_20230409T052752_20230409T052819_048015_05C56B_325E,S1A_IW_SLC__1SDV_20230503T052752_20230503T052819_048365_05D12D_4D4F
S1B_IW_SLC__1SDV_20200218T052652_20200218T052720_020319_0267BB_ABA7,S1A_IW_SLC__1SDV_20200307T052734_20200307T052801_031565_03A2FE_ACA9
S1A_IW_SLC__1SDV_20180728T052727_20180728T052754_022990_027EC5_4DAE,S1B_IW_SLC__1SDV_20180803T052646_20180803T052713_012094_01644D_5E68
S1A_IW_SLC__1SDV_20240602T052757_20240602T052824_054140_06956E_D3DA,S1A_IW_SLC__1SDV_20240626T052756_20240626T052823_054490_06A192_EDDB
S1A_IW_SLC__1SDV_20210407T052740_20210407T052807_037340_04665D_0CA9,S1A_IW_SLC__1SDV_20210419T052741_20210419T052808_037515_046C67_B156
S1A_IW_SLC__1SDV_20211016T052749_20211016T052816_040140_04C0F0_6664,S1B_IW_SLC__1SDV_20211022T052710_20211022T052737_029244_037D72_4B24
S1A_IW_SLC__1SDV_20200518T052736_20200518T052803_032615_03C710_982B,S1A_IW_SLC__1SDV_20200530T052737_20200530T052804_032790_03CC56_8071
S1A_IW_SLC__1SDV_20221011T052755_20221011T052822_045390_056D69_82CF,S1A_IW_SLC__1SDV_20221023T052755_20221023T052822_045565_057294_CAD9
S1C_IW_SLC__1SDV_20250428T052623_20250428T052654_002089_0045F6_764C,S1C_IW_SLC__1SDV_20250522T052623_20250522T052650_002439_0051B0_D5F0
S1B_IW_SLC__1SDV_20190118T052633_20190118T052701_014544_01B17A_6797,S1B_IW_SLC__1SDV_20190211T052632_20190211T052700_014894_01BCD7_2231
S1A_IW_SLC__1SDV_20180105T052722_20180105T052749_020015_02218B_2D7D,S1B_IW_SLC__1SDV_20180111T052626_20180111T052654_009119_01050B_FFE3
S1A_IW_SLC__1SDV_20210218T052739_20210218T052806_036640_044E13_C75B,S1A_IW_SLC__1SDV_20210302T052739_20210302T052806_036815_045422_DB18
S1A_IW_SLC__1SDV_20200319T052734_20200319T052801_031740_03A919_5C33,S1B_IW_SLC__1SDV_20200325T052652_20200325T052720_020844_02786B_7CF7
S1A_IW_SLC__1SDV_20250528T052749_20250528T052816_059390_075F2B_7C91,S1A_IW_SLC__1SDV_20250609T052748_20250609T052815_059565_076523_2F2F
S1A_IW_SLC__1SDV_20180529T052724_20180529T052751_022115_026419_F53B,S1A_IW_SLC__1SDV_20180622T052725_20180622T052752_022465_026ED9_C660
S1A_IW_SLC__1SDV_20240122T052757_20240122T052824_052215_064FE6_7F94,S1A_IW_SLC__1SDV_20240203T052756_20240203T052823_052390_0655D1_FAA4
S1A_IW_SLC__1SDV_20240403T052757_20240403T052824_053265_0674B9_97E5,S1A_IW_SLC__1SDV_20240427T052757_20240427T052824_053615_06828C_0B08
S1B_IW_SLC__1SDV_20210425T052649_20210425T052716_026619_032DCD_4881,S1A_IW_SLC__1SDV_20210501T052741_20210501T052808_037690_04727A_4318
S1A_IW_SLC__1SDV_20230103T052753_20230103T052819_046615_059639_4587,S1A_IW_SLC__1SDV_20230127T052752_20230127T052819_046965_05A203_59A8
S1A_IW_SLC__1SDV_20180117T052721_20180117T052748_020190_02271E_F491,S1A_IW_SLC__1SDV_20180210T052721_20180210T052748_020540_023244_7026
S1A_IW_SLC__1SDV_20210618T052744_20210618T052811_038390_0487C0_C64E,S1A_IW_SLC__1SDV_20210712T052745_20210712T052812_038740_049246_9206
S1B_IW_SLC__1SDV_20191102T052658_20191102T052725_018744_023546_0C18,S1A_IW_SLC__1SDV_20191120T052737_20191120T052804_029990_036C61_A237
S1A_IW_SLC__1SDV_20250422T052750_20250422T052817_058865_074BC1_EE23,S1C_IW_SLC__1SDV_20250510T052647_20250510T052714_002264_004CDC_B596
S1A_IW_SLC__1SDV_20231006T052800_20231006T052827_050640_0619D2_8AF2,S1A_IW_SLC__1SDV_20231030T052800_20231030T052827_050990_0625CB_9D51
S1B_IW_SLC__1SDV_20181225T052634_20181225T052701_014194_01A61A_23EE,S1A_IW_SLC__1SDV_20190112T052728_20190112T052755_025440_02D18B_2790
S1A_IW_SLC__1SDV_20171106T052724_20171106T052751_019140_020636_06A7,S1A_IW_SLC__1SDV_20171118T052724_20171118T052751_019315_020BAB_D077
S1A_IW_SLC__1SDV_20180423T052722_20180423T052749_021590_025363_B564,S1A_IW_SLC__1SDV_20180505T052723_20180505T052750_021765_0258EB_7AA2
S1A_IW_SLC__1SDV_20200224T052733_20200224T052800_031390_039CF2_FE0E,S1B_IW_SLC__1SDV_20200301T052652_20200301T052719_020494_026D59_5C7E
S1B_IW_SLC__1SDV_20170329T052619_20170329T052647_004919_008992_9B81,S1A_IW_SLC__1SDV_20170404T052704_20170404T052731_015990_01A5FE_0277
S1B_IW_SLC__1SDV_20170913T052649_20170913T052716_007369_00D00E_7D46,S1A_IW_SLC__1SDV_20170919T052724_20170919T052751_018440_01F0C7_981A
S1A_IW_SLC__1SDV_20230220T052751_20230220T052818_047315_05ADC6_6AC4,S1A_IW_SLC__1SDV_20230304T052751_20230304T052818_047490_05B3B1_333C
S1A_IW_SLC__1SDV_20211203T052748_20211203T052815_040840_04D945_ACAF,S1A_IW_SLC__1SDV_20211215T052748_20211215T052815_041015_04DF48_0FF8
S1A_IW_SLC__1SDV_20250516T052749_20250516T052816_059215_075912_0083,S1A_IW_SLC__1SDV_20250528T052749_20250528T052816_059390_075F2B_7C91
S1B_IW_SLC__1SDV_20190424T052633_20190424T052701_015944_01DF5C_1C3C,S1B_IW_SLC__1SDV_20190518T052634_20190518T052702_016294_01EAAB_FD01
S1B_IW_SLC__1SDV_20170727T052647_20170727T052714_006669_00BBB5_B933,S1A_IW_SLC__1SDV_20170802T052721_20170802T052748_017740_01DB70_C804
S1A_IW_SLC__1SDV_20180821T052729_20180821T052756_023340_0289E6_9F43,S1B_IW_SLC__1SDV_20180827T052647_20180827T052714_012444_016F26_38C1
S1A_IW_SLC__1SDV_20210630T052744_20210630T052811_038565_048CFD_FB70,S1A_IW_SLC__1SDV_20210724T052746_20210724T052813_038915_049781_33FF
S1B_IW_SLC__1SDV_20200418T052659_20200418T052726_021194_02837E_0816,S1A_IW_SLC__1SDV_20200424T052735_20200424T052802_032265_03BB90_D577
S1B_IW_SLC__1SDV_20210212T052700_20210212T052728_025569_030C04_1B7F,S1A_IW_SLC__1SDV_20210302T052739_20210302T052806_036815_045422_DB18
S1A_IW_SLC__1SDV_20211203T052748_20211203T052815_040840_04D945_ACAF,S1B_IW_SLC__1SDV_20211209T052658_20211209T052726_029944_039327_E855
S1B_IW_SLC__1SDV_20190130T052632_20190130T052700_014719_01B71A_E4CB,S1A_IW_SLC__1SDV_20190205T052727_20190205T052754_025790_02DE47_911F
S1A_IW_SLC__1SDV_20170627T052719_20170627T052746_017215_01CB7E_54FF,S1B_IW_SLC__1SDV_20170715T052647_20170715T052714_006494_00B6B9_959C
S1A_IW_SLC__1SDV_20180330T052721_20180330T052748_021240_024878_63B9,S1A_IW_SLC__1SDV_20180411T052722_20180411T052749_021415_024DEE_8429
S1A_IW_SLC__1SDV_20171224T052722_20171224T052749_019840_021C04_082B,S1B_IW_SLC__1SDV_20180111T052626_20180111T052654_009119_01050B_FFE3
S1B_IW_SLC__1SDV_20180111T052626_20180111T052654_009119_01050B_FFE3,S1B_IW_SLC__1SDV_20180204T052625_20180204T052653_009469_01107B_7855
S1A_IW_SLC__1SDV_20191214T052736_20191214T052803_030340_03787B_41FA,S1B_IW_SLC__1SDV_20191220T052654_20191220T052722_019444_024BAF_AE23
S1A_IW_SLC__1SDV_20250516T052749_20250516T052816_059215_075912_0083,S1C_IW_SLC__1SDV_20250603T052649_20250603T052716_002614_0056AB_FBD0
S1A_IW_SLC__1SDV_20201009T052743_20201009T052810_034715_040B45_2877,S1B_IW_SLC__1SDV_20201015T052704_20201015T052731_023819_02D439_18DB
S1B_IW_SLC__1SDV_20200909T052703_20200909T052730_023294_02C3D5_38DB,S1B_IW_SLC__1SDV_20200921T052704_20200921T052731_023469_02C94E_F6FB
S1B_IW_SLC__1SDV_20181002T052649_20181002T052716_012969_017F41_1AF9,S1A_IW_SLC__1SDV_20181008T052731_20181008T052758_024040_02A081_9F83
S1A_IW_SLC__1SDV_20180330T052721_20180330T052748_021240_024878_63B9,S1A_IW_SLC__1SDV_20180423T052722_20180423T052749_021590_025363_B564
S1B_IW_SLC__1SDV_20211022T052710_20211022T052737_029244_037D72_4B24,S1A_IW_SLC__1SDV_20211109T052749_20211109T052816_040490_04CD29_8A6F
S1B_IW_SLC__1SDV_20170913T052649_20170913T052716_007369_00D00E_7D46,S1A_IW_SLC__1SDV_20171001T052724_20171001T052751_018615_01F62C_5FA4
S1B_IW_SLC__1SDV_20170116T052626_20170116T052656_003869_006A94_F8DD,S1B_IW_SLC__1SDV_20170128T052626_20170128T052656_004044_006FDE_2BAA
S1C_IW_SLC__1SDV_20250615T052625_20250615T052652_002789_005BB9_3BFB,S1C_IW_SLC__1SDV_20250627T052651_20250627T052719_002964_0060C9_5498
S1B_IW_SLC__1SDV_20191021T052658_20191021T052725_018569_022FC8_F324,S1A_IW_SLC__1SDV_20191108T052737_20191108T052804_029815_036652_DAA7
S1B_IW_SLC__1SDV_20180604T052651_20180604T052718_011219_014975_3912,S1A_IW_SLC__1SDV_20180610T052725_20180610T052752_022290_026990_BEE7
S1B_IW_SLC__1SDV_20170703T052646_20170703T052713_006319_00B1C7_9D9A,S1A_IW_SLC__1SDV_20170721T052721_20170721T052748_017565_01D614_ACBE
S1A_IW_SLC__1SDV_20210314T052739_20210314T052806_036990_045A45_0F92,S1A_IW_SLC__1SDV_20210407T052740_20210407T052807_037340_04665D_0CA9
S1B_IW_SLC__1SDV_20190518T052634_20190518T052702_016294_01EAAB_FD01,S1B_IW_SLC__1SDV_20190530T052651_20190530T052718_016469_01F003_ECE1
S1A_IW_SLC__1SDV_20250621T052748_20250621T052815_059740_076B2D_5242,S1C_IW_SLC__1SDV_20250627T052626_20250627T052653_002964_0060C9_7812
S1B_IW_SLC__1SDV_20191114T052655_20191114T052723_018919_023AEE_4D67,S1B_IW_SLC__1SDV_20191126T052655_20191126T052723_019094_02408F_E307
S1A_IW_SLC__1SDV_20220309T052745_20220309T052812_042240_0508CF_DA73,S1A_IW_SLC__1SDV_20220321T052745_20220321T052812_042415_050EB8_10DA
S1B_IW_SLC__1SDV_20170609T052645_20170609T052712_005969_00A798_805C,S1B_IW_SLC__1SDV_20170703T052646_20170703T052713_006319_00B1C7_9D9A
S1A_IW_SLC__1SDV_20190605T052730_20190605T052757_027540_031B94_E331,S1A_IW_SLC__1SDV_20190629T052732_20190629T052759_027890_032617_84C6
S1A_IW_SLC__1SDV_20210910T052748_20210910T052815_039615_04AEE1_8C96,S1A_IW_SLC__1SDV_20210922T052749_20210922T052816_039790_04B4CC_9EFE
S1A_IW_SLC__1SDV_20190301T052727_20190301T052754_026140_02EABC_75FE,S1B_IW_SLC__1SDV_20190307T052632_20190307T052700_015244_01C85A_A3F6
S1B_IW_SLC__1SDV_20170715T052647_20170715T052714_006494_00B6B9_959C,S1A_IW_SLC__1SDV_20170721T052721_20170721T052748_017565_01D614_ACBE
S1A_IW_SLC__1SDV_20180411T052722_20180411T052749_021415_024DEE_8429,S1B_IW_SLC__1SDV_20180417T052626_20180417T052654_010519_0132DA_3448
S1B_IW_SLC__1SDV_20170516T052627_20170516T052654_005619_009D73_A07F,S1B_IW_SLC__1SDV_20170528T052627_20170528T052654_005794_00A285_D8B7
S1A_IW_SLC__1SDV_20240521T052757_20240521T052824_053965_068F5D_8438,S1A_IW_SLC__1SDV_20240614T052756_20240614T052823_054315_069B7A_62E6
S1B_IW_SLC__1SDV_20210531T052703_20210531T052730_027144_033E10_A0C2,S1B_IW_SLC__1SDV_20210612T052704_20210612T052731_027319_034352_B4EB
S1B_IW_SLC__1SDV_20170901T052649_20170901T052716_007194_00CAE9_527C,S1A_IW_SLC__1SDV_20170919T052724_20170919T052751_018440_01F0C7_981A
S1A_IW_SLC__1SDV_20250504T052750_20250504T052817_059040_0752C4_8948,S1C_IW_SLC__1SDV_20250522T052623_20250522T052650_002439_0051B0_D5F0
S1A_IW_SLC__1SDV_20250116T052750_20250116T052817_057465_071357_3DA9,S1A_IW_SLC__1SDV_20250209T052750_20250209T052817_057815_07213A_1AF0
S1B_IW_SLC__1SDV_20190927T052658_20190927T052725_018219_0224E4_B9B7,S1B_IW_SLC__1SDV_20191009T052658_20191009T052725_018394_022A67_7584
S1B_IW_SLC__1SDV_20190729T052655_20190729T052722_017344_0209DE_A100,S1A_IW_SLC__1SDV_20190816T052735_20190816T052802_028590_033BDA_5B30
S1A_IW_SLC__1SDV_20200424T052735_20200424T052802_032265_03BB90_D577,S1A_IW_SLC__1SDV_20200506T052735_20200506T052802_032440_03C1BA_22D3
S1A_IW_SLC__1SDV_20200530T052737_20200530T052804_032790_03CC56_8071,S1B_IW_SLC__1SDV_20200617T052659_20200617T052726_022069_029E24_9AED
S1A_IW_SLC__1SDV_20180306T052721_20180306T052748_020890_023D5E_E7E3,S1B_IW_SLC__1SDV_20180324T052625_20180324T052653_010169_012793_901B
S1A_IW_SLC__1SDV_20230807T052758_20230807T052825_049765_05FBF2_AEB1,S1A_IW_SLC__1SDV_20230831T052759_20230831T052826_050115_0607E8_B60F
S1B_IW_SLC__1SDV_20211010T052710_20211010T052737_029069_037802_2AE0,S1A_IW_SLC__1SDV_20211028T052749_20211028T052816_040315_04C704_E04E
S1A_IW_SLC__1SDV_20230807T052758_20230807T052825_049765_05FBF2_AEB1,S1A_IW_SLC__1SDV_20230819T052759_20230819T052826_049940_0601E9_17C6
S1A_IW_SLC__1SDV_20240403T052757_20240403T052824_053265_0674B9_97E5,S1A_IW_SLC__1SDV_20240415T052756_20240415T052823_053440_067BAC_6BFF
S1A_IW_SLC__1SDV_20180411T052722_20180411T052749_021415_024DEE_8429,S1B_IW_SLC__1SDV_20180429T052627_20180429T052655_010694_013876_7C8F
S1B_IW_SLC__1SDV_20181201T052634_20181201T052702_013844_019AA0_551A,S1A_IW_SLC__1SDV_20181207T052730_20181207T052757_024915_02BE95_51EE
S1A_IW_SLC__1SDV_20220613T052750_20220613T052816_043640_0535D2_E355,S1A_IW_SLC__1SDV_20220625T052750_20220625T052817_043815_053B13_4FDD
S1B_IW_SLC__1SDV_20170925T052650_20170925T052717_007544_00D51A_3D7B,S1A_IW_SLC__1SDV_20171013T052724_20171013T052751_018790_01FB7E_434C
S1A_IW_SLC__1SDV_20210513T052742_20210513T052809_037865_047810_42D3,S1B_IW_SLC__1SDV_20210519T052650_20210519T052717_026969_0338DC_11C3
S1B_IW_SLC__1SDV_20171031T052650_20171031T052717_008069_00E421_5C2B,S1A_IW_SLC__1SDV_20171106T052724_20171106T052751_019140_020636_06A7
S1A_IW_SLC__1SDV_20200530T052737_20200530T052804_032790_03CC56_8071,S1A_IW_SLC__1SDV_20200611T052737_20200611T052804_032965_03D183_772E
S1A_IW_SLC__1SDV_20210218T052739_20210218T052806_036640_044E13_C75B,S1B_IW_SLC__1SDV_20210308T052659_20210308T052727_025919_031775_A250
S1A_IW_SLC__1SDV_20200412T052734_20200412T052801_032090_03B56C_ED00,S1A_IW_SLC__1SDV_20200506T052735_20200506T052802_032440_03C1BA_22D3
S1A_IW_SLC__1SDV_20230924T052800_20230924T052827_050465_0613D4_8221,S1A_IW_SLC__1SDV_20231018T052800_20231018T052827_050815_061FDA_F5FD
S1A_IW_SLC__1SDV_20210407T052740_20210407T052807_037340_04665D_0CA9,S1B_IW_SLC__1SDV_20210425T052649_20210425T052716_026619_032DCD_4881
S1B_IW_SLC__1SDV_20170703T052646_20170703T052713_006319_00B1C7_9D9A,S1B_IW_SLC__1SDV_20170715T052647_20170715T052714_006494_00B6B9_959C
S1B_IW_SLC__1SDV_20190412T052632_20190412T052700_015769_01D98F_9BE6,S1B_IW_SLC__1SDV_20190506T052633_20190506T052701_016119_01E53A_17A0
S1B_IW_SLC__1SDV_20200723T052701_20200723T052728_022594_02AE21_F84A,S1A_IW_SLC__1SDV_20200810T052741_20200810T052808_033840_03EC7E_14CF
S1A_IW_SLC__1SDV_20181020T052731_20181020T052758_024215_02A631_80DE,S1A_IW_SLC__1SDV_20181113T052730_20181113T052757_024565_02B24A_6AD5
S1B_IW_SLC__1SDV_20180523T052628_20180523T052656_011044_0143CC_AD07,S1A_IW_SLC__1SDV_20180610T052725_20180610T052752_022290_026990_BEE7
S1B_IW_SLC__1SDV_20181119T052651_20181119T052718_013669_019505_C2E0,S1B_IW_SLC__1SDV_20181213T052634_20181213T052702_014019_01A04C_25C2
S1A_IW_SLC__1SDV_20180318T052721_20180318T052748_021065_0242E8_980B,S1B_IW_SLC__1SDV_20180405T052626_20180405T052654_010344_012D43_712D
S1A_IW_SLC__1SDV_20170907T052723_20170907T052750_018265_01EB5E_D8F0,S1A_IW_SLC__1SDV_20170919T052724_20170919T052751_018440_01F0C7_981A
S1B_IW_SLC__1SDV_20190118T052633_20190118T052701_014544_01B17A_6797,S1B_IW_SLC__1SDV_20190130T052632_20190130T052700_014719_01B71A_E4CB
S1B_IW_SLC__1SDV_20210507T052649_20210507T052716_026794_033365_E539,S1B_IW_SLC__1SDV_20210531T052703_20210531T052730_027144_033E10_A0C2
S1A_IW_SLC__1SDV_20250104T052751_20250104T052818_057290_070C6E_F0DC,S1A_IW_SLC__1SDV_20250116T052750_20250116T052817_057465_071357_3DA9
S1A_IW_SLC__1SDV_20241223T052753_20241223T052820_057115_070590_ACCD,S1A_IW_SLC__1SDV_20250116T052750_20250116T052817_057465_071357_3DA9
S1A_IW_SLC__1SDV_20180505T052723_20180505T052750_021765_0258EB_7AA2,S1B_IW_SLC__1SDV_20180511T052627_20180511T052655_010869_013E1D_DAA5
S1B_IW_SLC__1SDV_20180616T052651_20180616T052718_011394_014ECE_4790,S1B_IW_SLC__1SDV_20180710T052645_20180710T052711_011744_0159AE_E9E0
S1B_IW_SLC__1SDV_20180417T052626_20180417T052654_010519_0132DA_3448,S1B_IW_SLC__1SDV_20180511T052627_20180511T052655_010869_013E1D_DAA5
S1A_IW_SLC__1SDV_20200119T052734_20200119T052801_030865_038AB8_DB95,S1B_IW_SLC__1SDV_20200125T052652_20200125T052720_019969_025C63_A3FE
S1B_IW_SLC__1SDV_20170209T052626_20170209T052656_004219_007502_9CB7,S1A_IW_SLC__1SDV_20170227T052703_20170227T052730_015465_01964E_C28B
S1B_IW_SLC__1SDV_20200206T052652_20200206T052720_020144_026219_B0FF,S1A_IW_SLC__1SDV_20200212T052734_20200212T052801_031215_0396EC_9486
S1A_IW_SLC__1SDV_20180117T052721_20180117T052748_020190_02271E_F491,S1A_IW_SLC__1SDV_20180129T052721_20180129T052748_020365_022CA8_F715
S1A_IW_SLC__1SDV_20180914T052730_20180914T052757_023690_029512_F5AB,S1A_IW_SLC__1SDV_20181008T052731_20181008T052758_024040_02A081_9F83
S1A_IW_SLC__1SDV_20170802T052721_20170802T052748_017740_01DB70_C804,S1B_IW_SLC__1SDV_20170808T052648_20170808T052715_006844_00C0C1_C412
S1B_IW_SLC__1SDV_20210212T052700_20210212T052728_025569_030C04_1B7F,S1B_IW_SLC__1SDV_20210308T052659_20210308T052727_025919_031775_A250
S1B_IW_SLC__1SDV_20180228T052625_20180228T052653_009819_011C0A_6CF6,S1B_IW_SLC__1SDV_20180324T052625_20180324T052653_010169_012793_901B
S1A_IW_SLC__1SDV_20190723T052733_20190723T052800_028240_0330AD_C0B7,S1B_IW_SLC__1SDV_20190810T052656_20190810T052722_017519_020F28_AE33
S1A_IW_SLC__1SDV_20230316T052750_20230316T052817_047665_05B99A_EC1E,S1A_IW_SLC__1SDV_20230409T052752_20230409T052819_048015_05C56B_325E
S1B_IW_SLC__1SDV_20200921T052704_20200921T052731_023469_02C94E_F6FB,S1A_IW_SLC__1SDV_20201009T052743_20201009T052810_034715_040B45_2877
S1B_IW_SLC__1SDV_20190611T052654_20190611T052721_016644_01F53A_8203,S1B_IW_SLC__1SDV_20190705T052653_20190705T052720_016994_01FF99_D6A5
S1A_IW_SLC__1SDV_20200307T052734_20200307T052801_031565_03A2FE_ACA9,S1A_IW_SLC__1SDV_20200319T052734_20200319T052801_031740_03A919_5C33
S1B_IW_SLC__1SDV_20181002T052649_20181002T052716_012969_017F41_1AF9,S1B_IW_SLC__1SDV_20181026T052649_20181026T052716_013319_018A02_6B1E
S1B_IW_SLC__1SDV_20201003T052704_20201003T052731_023644_02CEC7_8541,S1B_IW_SLC__1SDV_20201015T052704_20201015T052731_023819_02D439_18DB
S1A_IW_SLC__1SDV_20210525T052742_20210525T052809_038040_047D59_743B,S1B_IW_SLC__1SDV_20210531T052703_20210531T052730_027144_033E10_A0C2
S1B_IW_SLC__1SDV_20180710T052645_20180710T052711_011744_0159AE_E9E0,S1B_IW_SLC__1SDV_20180722T052646_20180722T052713_011919_015F08_7539
S1A_IW_SLC__1SDV_20210724T052746_20210724T052813_038915_049781_33FF,S1B_IW_SLC__1SDV_20210811T052708_20210811T052735_028194_035D14_25ED
S1A_IW_SLC__1SDV_20170907T052723_20170907T052750_018265_01EB5E_D8F0,S1A_IW_SLC__1SDV_20171001T052724_20171001T052751_018615_01F62C_5FA4
S1B_IW_SLC__1SDV_20170317T052619_20170317T052647_004744_008495_3627,S1B_IW_SLC__1SDV_20170329T052619_20170329T052647_004919_008992_9B81
S1A_IW_SLC__1SDV_20210419T052741_20210419T052808_037515_046C67_B156,S1B_IW_SLC__1SDV_20210507T052649_20210507T052716_026794_033365_E539
S1B_IW_SLC__1SDV_20180228T052625_20180228T052653_009819_011C0A_6CF6,S1A_IW_SLC__1SDV_20180306T052721_20180306T052748_020890_023D5E_E7E3
S1A_IW_SLC__1SDV_20201220T052742_20201220T052809_035765_042F95_D318,S1B_IW_SLC__1SDV_20201226T052651_20201226T052719_024869_02F584_1449
S1B_IW_SLC__1SDV_20211209T052658_20211209T052726_029944_039327_E855,S1A_IW_SLC__1SDV_20211227T052747_20211227T052814_041190_04E503_4ED7
S1A_IW_SLC__1SDV_20211028T052749_20211028T052816_040315_04C704_E04E,S1A_IW_SLC__1SDV_20211121T052749_20211121T052816_040665_04D32B_16C9
S1B_IW_SLC__1SDV_20211209T052658_20211209T052726_029944_039327_E855,S1A_IW_SLC__1SDV_20211215T052748_20211215T052815_041015_04DF48_0FF8
S1A_IW_SLC__1SDV_20210712T052745_20210712T052812_038740_049246_9206,S1B_IW_SLC__1SDV_20210730T052707_20210730T052734_028019_0357B2_11EE
S1B_IW_SLC__1SDV_20191021T052658_20191021T052725_018569_022FC8_F324,S1A_IW_SLC__1SDV_20191027T052737_20191027T052804_029640_03601E_59ED
S1B_IW_SLC__1SDV_20190211T052632_20190211T052700_014894_01BCD7_2231,S1A_IW_SLC__1SDV_20190217T052727_20190217T052754_025965_02E479_38FC
S1B_IW_SLC__1SDV_20170329T052619_20170329T052647_004919_008992_9B81,S1A_IW_SLC__1SDV_20170416T052704_20170416T052731_016165_01AB5A_CF0A
S1B_IW_SLC__1SDV_20200828T052703_20200828T052730_023119_02BE55_8C3E,S1A_IW_SLC__1SDV_20200915T052743_20200915T052810_034365_03FEFD_519E
S1A_IW_SLC__1SDV_20180117T052721_20180117T052748_020190_02271E_F491,S1B_IW_SLC__1SDV_20180123T052626_20180123T052654_009294_010ABE_AE4A
S1A_IW_SLC__1SDV_20231123T052759_20231123T052826_051340_0631DC_C848,S1A_IW_SLC__1SDV_20231205T052759_20231205T052826_051515_0637DD_F32E
S1A_IW_SLC__1SDV_20190313T052727_20190313T052754_026315_02F11A_9B61,S1B_IW_SLC__1SDV_20190319T052632_20190319T052700_015419_01CE05_9832
S1B_IW_SLC__1SDV_20210823T052708_20210823T052735_028369_03628D_BA55,S1B_IW_SLC__1SDV_20210904T052709_20210904T052736_028544_036806_5330
S1B_IW_SLC__1SDV_20190611T052654_20190611T052721_016644_01F53A_8203,S1A_IW_SLC__1SDV_20190617T052731_20190617T052758_027715_0320DB_11E5
S1B_IW_SLC__1SDV_20191102T052658_20191102T052725_018744_023546_0C18,S1B_IW_SLC__1SDV_20191126T052655_20191126T052723_019094_02408F_E307
S1A_IW_SLC__1SDV_20240626T052756_20240626T052823_054490_06A192_EDDB,S1A_IW_SLC__1SDV_20240708T052755_20240708T052822_054665_06A7A7_47A9
S1A_IW_SLC__1SDV_20240509T052758_20240509T052825_053790_06895D_AB4D,S1A_IW_SLC__1SDV_20240521T052757_20240521T052824_053965_068F5D_8438
S1B_IW_SLC__1SDV_20190319T052632_20190319T052700_015419_01CE05_9832,S1A_IW_SLC__1SDV_20190406T052728_20190406T052755_026665_02FE08_6CC6
S1A_IW_SLC__1SDV_20250209T052750_20250209T052817_057815_07213A_1AF0,S1A_IW_SLC__1SDV_20250305T052749_20250305T052816_058165_072F82_A82A
S1A_IW_SLC__1SDV_20170709T052720_20170709T052747_017390_01D0C1_5C0C,S1A_IW_SLC__1SDV_20170721T052721_20170721T052748_017565_01D614_ACBE
S1A_IW_SLC__1SDV_20171118T052724_20171118T052751_019315_020BAB_D077,S1A_IW_SLC__1SDV_20171212T052723_20171212T052750_019665_0216A4_A5B7
S1A_IW_SLC__1SDV_20171106T052724_20171106T052751_019140_020636_06A7,S1A_IW_SLC__1SDV_20171130T052723_20171130T052750_019490_021126_6189
S1B_IW_SLC__1SDV_20200909T052703_20200909T052730_023294_02C3D5_38DB,S1B_IW_SLC__1SDV_20201003T052704_20201003T052731_023644_02CEC7_8541
S1B_IW_SLC__1SDV_20190307T052632_20190307T052700_015244_01C85A_A3F6,S1B_IW_SLC__1SDV_20190319T052632_20190319T052700_015419_01CE05_9832
S1C_IW_SLC__1SDV_20250428T052623_20250428T052654_002089_0045F6_764C,S1A_IW_SLC__1SDV_20250504T052750_20250504T052817_059040_0752C4_8948
S1A_IW_SLC__1SDV_20170510T052706_20170510T052733_016515_01B5F9_8C9C,S1A_IW_SLC__1SDV_20170522T052706_20170522T052733_016690_01BB5A_71C2
S1B_IW_SLC__1SDV_20180920T052648_20180920T052715_012794_0179E4_EAD9,S1A_IW_SLC__1SDV_20180926T052730_20180926T052757_023865_029AC2_A56B
S1B_IW_SLC__1SDV_20201027T052704_20201027T052731_023994_02D9B8_3011,S1A_IW_SLC__1SDV_20201102T052743_20201102T052810_035065_04175E_207B
S1A_IW_SLC__1SDV_20210606T052743_20210606T052810_038215_04828D_F1C8,S1A_IW_SLC__1SDV_20210618T052744_20210618T052811_038390_0487C0_C64E
S1A_IW_SLC__1SDV_20170814T052722_20170814T052749_017915_01E0C1_5791,S1B_IW_SLC__1SDV_20170901T052649_20170901T052716_007194_00CAE9_527C
S1A_IW_SLC__1SDV_20240521T052757_20240521T052824_053965_068F5D_8438,S1A_IW_SLC__1SDV_20240602T052757_20240602T052824_054140_06956E_D3DA
S1B_IW_SLC__1SDV_20200804T052702_20200804T052729_022769_02B36C_3763,S1A_IW_SLC__1SDV_20200822T052742_20200822T052809_034015_03F2A9_38AC
S1B_IW_SLC__1SDV_20190623T052652_20190623T052719_016819_01FA6A_10DC,S1B_IW_SLC__1SDV_20190717T052654_20190717T052721_017169_0204BF_30D7
S1B_IW_SLC__1SDV_20180324T052625_20180324T052653_010169_012793_901B,S1A_IW_SLC__1SDV_20180411T052722_20180411T052749_021415_024DEE_8429
S1B_IW_SLC__1SDV_20181014T052649_20181014T052716_013144_018497_7619,S1B_IW_SLC__1SDV_20181107T052651_20181107T052718_013494_018F83_3656
S1B_IW_SLC__1SDV_20211103T052710_20211103T052737_029419_0382D5_1A28,S1B_IW_SLC__1SDV_20211127T052658_20211127T052726_029769_038D9E_E246
S1A_IW_SLC__1SDV_20180821T052729_20180821T052756_023340_0289E6_9F43,S1A_IW_SLC__1SDV_20180914T052730_20180914T052757_023690_029512_F5AB
S1B_IW_SLC__1SDV_20190424T052633_20190424T052701_015944_01DF5C_1C3C,S1A_IW_SLC__1SDV_20190512T052729_20190512T052756_027190_0310B1_A091
S1B_IW_SLC__1SDV_20200617T052659_20200617T052726_022069_029E24_9AED,S1B_IW_SLC__1SDV_20200629T052659_20200629T052726_022244_02A37D_A349
S1A_IW_SLC__1SDV_20170627T052719_20170627T052746_017215_01CB7E_54FF,S1B_IW_SLC__1SDV_20170703T052646_20170703T052713_006319_00B1C7_9D9A
S1B_IW_SLC__1SDV_20171019T052650_20171019T052717_007894_00DF19_A9CA,S1A_IW_SLC__1SDV_20171106T052724_20171106T052751_019140_020636_06A7
S1A_IW_SLC__1SDV_20221222T052753_20221222T052820_046440_059046_DE19,S1A_IW_SLC__1SDV_20230103T052753_20230103T052819_046615_059639_4587
S1A_IW_SLC__1SDV_20200331T052734_20200331T052801_031915_03AF41_38E9,S1A_IW_SLC__1SDV_20200424T052735_20200424T052802_032265_03BB90_D577
S1A_IW_SLC__1SDV_20180529T052724_20180529T052751_022115_026419_F53B,S1B_IW_SLC__1SDV_20180604T052651_20180604T052718_011219_014975_3912
S1A_IW_SLC__1SDV_20241024T052756_20241024T052823_056240_06E2C2_6986,S1A_IW_SLC__1SDV_20241105T052756_20241105T052823_056415_06E9B5_3560
S1C_IW_SLC__1SDV_20250522T052648_20250522T052715_002439_0051B0_6A61,S1A_IW_SLC__1SDV_20250609T052748_20250609T052815_059565_076523_2F2F
S1A_IW_SLC__1SDV_20190617T052731_20190617T052758_027715_0320DB_11E5,S1A_IW_SLC__1SDV_20190711T052732_20190711T052759_028065_032B64_EB78
S1A_IW_SLC__1SDV_20171001T052724_20171001T052751_018615_01F62C_5FA4,S1A_IW_SLC__1SDV_20171025T052724_20171025T052751_018965_0200D3_66D3
S1B_IW_SLC__1SDV_20210107T052703_20210107T052730_025044_02FB1E_53A0,S1B_IW_SLC__1SDV_20210119T052648_20210119T052715_025219_0300BA_B183
S1A_IW_SLC__1SDV_20211121T052749_20211121T052816_040665_04D32B_16C9,S1A_IW_SLC__1SDV_20211215T052748_20211215T052815_041015_04DF48_0FF8
S1A_IW_SLC__1SDV_20201208T052742_20201208T052809_035590_042995_4806,S1A_IW_SLC__1SDV_20210101T052741_20210101T052808_035940_0435A9_F516
S1A_IW_SLC__1SDV_20170709T052720_20170709T052747_017390_01D0C1_5C0C,S1B_IW_SLC__1SDV_20170715T052647_20170715T052714_006494_00B6B9_959C
S1A_IW_SLC__1SDV_20210606T052743_20210606T052810_038215_04828D_F1C8,S1B_IW_SLC__1SDV_20210612T052704_20210612T052731_027319_034352_B4EB
S1A_IW_SLC__1SDV_20210922T052749_20210922T052816_039790_04B4CC_9EFE,S1A_IW_SLC__1SDV_20211004T052749_20211004T052816_039965_04BAE4_3486
S1A_IW_SLC__1SDV_20240602T052757_20240602T052824_054140_06956E_D3DA,S1A_IW_SLC__1SDV_20240614T052756_20240614T052823_054315_069B7A_62E6
S1B_IW_SLC__1SDV_20200313T052652_20200313T052720_020669_0272E4_BEA7,S1B_IW_SLC__1SDV_20200325T052652_20200325T052720_020844_02786B_7CF7
S1A_IW_SLC__1SDV_20211121T052749_20211121T052816_040665_04D32B_16C9,S1B_IW_SLC__1SDV_20211209T052658_20211209T052726_029944_039327_E855
S1A_IW_SLC__1SDV_20220225T052745_20220225T052812_042065_0502D5_ECDA,S1A_IW_SLC__1SDV_20220321T052745_20220321T052812_042415_050EB8_10DA
S1A_IW_SLC__1SDV_20200822T052742_20200822T052809_034015_03F2A9_38AC,S1A_IW_SLC__1SDV_20200903T052742_20200903T052809_034190_03F8CD_D292
S1A_IW_SLC__1SDV_20190124T052728_20190124T052755_025615_02D7ED_F0A7,S1A_IW_SLC__1SDV_20190217T052727_20190217T052754_025965_02E479_38FC
S1C_IW_SLC__1SDV_20250522T052623_20250522T052650_002439_0051B0_D5F0,S1C_IW_SLC__1SDV_20250615T052625_20250615T052652_002789_005BB9_3BFB
S1B_IW_SLC__1SDV_20200512T052700_20200512T052727_021544_028E77_8519,S1B_IW_SLC__1SDV_20200524T052657_20200524T052724_021719_029398_A4C9
S1B_IW_SLC__1SDV_20170221T052626_20170221T052656_004394_007A54_D883,S1B_IW_SLC__1SDV_20170305T052626_20170305T052655_004569_007F6C_E7BB
S1B_IW_SLC__1SDV_20210531T052703_20210531T052730_027144_033E10_A0C2,S1A_IW_SLC__1SDV_20210606T052743_20210606T052810_038215_04828D_F1C8
S1A_IW_SLC__1SDV_20220520T052748_20220520T052815_043290_052B73_9189,S1A_IW_SLC__1SDV_20220601T052749_20220601T052816_043465_0530A1_A235
S1A_IW_SLC__1SDV_20220929T052755_20220929T052822_045215_05677E_DC6E,S1A_IW_SLC__1SDV_20221011T052755_20221011T052822_045390_056D69_82CF
S1A_IW_SLC__1SDV_20200611T052737_20200611T052804_032965_03D183_772E,S1B_IW_SLC__1SDV_20200629T052659_20200629T052726_022244_02A37D_A349
S1B_IW_SLC__1SDV_20210730T052707_20210730T052734_028019_0357B2_11EE,S1B_IW_SLC__1SDV_20210811T052708_20210811T052735_028194_035D14_25ED
S1A_IW_SLC__1SDV_20170826T052723_20170826T052750_018090_01E60E_3D8C,S1B_IW_SLC__1SDV_20170913T052649_20170913T052716_007369_00D00E_7D46
S1A_IW_SLC__1SDV_20221023T052755_20221023T052822_045565_057294_CAD9,S1A_IW_SLC__1SDV_20221104T052755_20221104T052822_045740_057878_0C52
S1B_IW_SLC__1SDV_20180123T052626_20180123T052654_009294_010ABE_AE4A,S1B_IW_SLC__1SDV_20180204T052625_20180204T052653_009469_01107B_7855
S1A_IW_SLC__1SDV_20250305T052749_20250305T052816_058165_072F82_A82A,S1A_IW_SLC__1SDV_20250329T052749_20250329T052816_058515_073D6E_DDD2
S1B_IW_SLC__1SDV_20210811T052708_20210811T052735_028194_035D14_25ED,S1A_IW_SLC__1SDV_20210817T052747_20210817T052814_039265_04A2DC_402E
S1A_IW_SLC__1SDV_20190629T052732_20190629T052759_027890_032617_84C6,S1A_IW_SLC__1SDV_20190723T052733_20190723T052800_028240_0330AD_C0B7
S1A_IW_SLC__1SDV_20230316T052750_20230316T052817_047665_05B99A_EC1E,S1A_IW_SLC__1SDV_20230328T052751_20230328T052818_047840_05BF83_097A
S1A_IW_SLC__1SDV_20240310T052756_20240310T052823_052915_0667A2_4638,S1A_IW_SLC__1SDV_20240403T052757_20240403T052824_053265_0674B9_97E5
S1A_IW_SLC__1SDV_20200307T052734_20200307T052801_031565_03A2FE_ACA9,S1B_IW_SLC__1SDV_20200313T052652_20200313T052720_020669_0272E4_BEA7
S1A_IW_SLC__1SDV_20180704T052726_20180704T052753_022640_0273F3_DAB6,S1A_IW_SLC__1SDV_20180716T052727_20180716T052754_022815_02793C_BE0E
S1A_IW_SLC__1SDV_20191120T052737_20191120T052804_029990_036C61_A237,S1A_IW_SLC__1SDV_20191214T052736_20191214T052803_030340_03787B_41FA
S1B_IW_SLC__1SDV_20201120T052704_20201120T052731_024344_02E49B_D239,S1B_IW_SLC__1SDV_20201214T052652_20201214T052720_024694_02EFD8_1E0E
S1B_IW_SLC__1SDV_20200723T052701_20200723T052728_022594_02AE21_F84A,S1B_IW_SLC__1SDV_20200804T052702_20200804T052729_022769_02B36C_3763
S1A_IW_SLC__1SDV_20210817T052747_20210817T052814_039265_04A2DC_402E,S1B_IW_SLC__1SDV_20210823T052708_20210823T052735_028369_03628D_BA55
S1B_IW_SLC__1SDV_20201226T052651_20201226T052719_024869_02F584_1449,S1B_IW_SLC__1SDV_20210119T052648_20210119T052715_025219_0300BA_B183
S1A_IW_SLC__1SDV_20220426T052746_20220426T052813_042940_05204A_A45F,S1A_IW_SLC__1SDV_20220508T052747_20220508T052814_043115_052620_4730
S1B_IW_SLC__1SDV_20170504T052621_20170504T052648_005444_0098B2_F1F0,S1B_IW_SLC__1SDV_20170516T052627_20170516T052654_005619_009D73_A07F
S1A_IW_SLC__1SDV_20180129T052721_20180129T052748_020365_022CA8_F715,S1A_IW_SLC__1SDV_20180222T052721_20180222T052748_020715_0237D7_6CFE
S1B_IW_SLC__1SDV_20171007T052650_20171007T052717_007719_00DA22_EDAB,S1A_IW_SLC__1SDV_20171013T052724_20171013T052751_018790_01FB7E_434C
S1A_IW_SLC__1SDV_20170203T052703_20170203T052730_015115_018B6D_8504,S1A_IW_SLC__1SDV_20170215T052703_20170215T052730_015290_0190F9_ED5F
S1B_IW_SLC__1SDV_20170925T052650_20170925T052717_007544_00D51A_3D7B,S1B_IW_SLC__1SDV_20171019T052650_20171019T052717_007894_00DF19_A9CA
S1B_IW_SLC__1SDV_20200921T052704_20200921T052731_023469_02C94E_F6FB,S1B_IW_SLC__1SDV_20201015T052704_20201015T052731_023819_02D439_18DB
S1C_IW_SLC__1SDV_20250416T052645_20250416T052712_001914_003B88_BA68,S1C_IW_SLC__1SDV_20250510T052647_20250510T052714_002264_004CDC_B596
S1A_IW_SLC__1SDV_20191108T052737_20191108T052804_029815_036652_DAA7,S1A_IW_SLC__1SDV_20191202T052736_20191202T052803_030165_037270_3899
S1A_IW_SLC__1SDV_20180716T052727_20180716T052754_022815_02793C_BE0E,S1A_IW_SLC__1SDV_20180728T052727_20180728T052754_022990_027EC5_4DAE
S1B_IW_SLC__1SDV_20190118T052633_20190118T052701_014544_01B17A_6797,S1A_IW_SLC__1SDV_20190205T052727_20190205T052754_025790_02DE47_911F
S1A_IW_SLC__1SDV_20180716T052727_20180716T052754_022815_02793C_BE0E,S1A_IW_SLC__1SDV_20180809T052728_20180809T052755_023165_02843F_1B64
S1A_IW_SLC__1SDV_20180330T052721_20180330T052748_021240_024878_63B9,S1B_IW_SLC__1SDV_20180405T052626_20180405T052654_010344_012D43_712D
S1A_IW_SLC__1SDV_20180902T052730_20180902T052757_023515_028F75_0BF8,S1B_IW_SLC__1SDV_20180920T052648_20180920T052715_012794_0179E4_EAD9
S1A_IW_SLC__1SDV_20200506T052735_20200506T052802_032440_03C1BA_22D3,S1A_IW_SLC__1SDV_20200530T052737_20200530T052804_032790_03CC56_8071
S1B_IW_SLC__1SDV_20170128T052626_20170128T052656_004044_006FDE_2BAA,S1B_IW_SLC__1SDV_20170209T052626_20170209T052656_004219_007502_9CB7
S1B_IW_SLC__1SDV_20181225T052634_20181225T052701_014194_01A61A_23EE,S1B_IW_SLC__1SDV_20190118T052633_20190118T052701_014544_01B17A_6797
S1A_IW_SLC__1SDV_20210513T052742_20210513T052809_037865_047810_42D3,S1B_IW_SLC__1SDV_20210531T052703_20210531T052730_027144_033E10_A0C2
S1B_IW_SLC__1SDV_20181119T052651_20181119T052718_013669_019505_C2E0,S1A_IW_SLC__1SDV_20181125T052730_20181125T052757_024740_02B8BA_8B12
S1B_IW_SLC__1SDV_20170528T052627_20170528T052654_005794_00A285_D8B7,S1A_IW_SLC__1SDV_20170615T052719_20170615T052746_017040_01C629_70BE
S1A_IW_SLC__1SDV_20190512T052729_20190512T052756_027190_0310B1_A091,S1A_IW_SLC__1SDV_20190524T052730_20190524T052757_027365_03162B_4C3C
S1A_IW_SLC__1SDV_20180622T052725_20180622T052752_022465_026ED9_C660,S1A_IW_SLC__1SDV_20180716T052727_20180716T052754_022815_02793C_BE0E
S1A_IW_SLC__1SDV_20220201T052745_20220201T052812_041715_04F6B0_93F0,S1A_IW_SLC__1SDV_20220213T052745_20220213T052812_041890_04FCC8_2C51
S1A_IW_SLC__1SDV_20210501T052741_20210501T052808_037690_04727A_4318,S1A_IW_SLC__1SDV_20210513T052742_20210513T052809_037865_047810_42D3
S1A_IW_SLC__1SDV_20210113T052742_20210113T052810_036115_043BDA_AEFF,S1B_IW_SLC__1SDV_20210119T052648_20210119T052715_025219_0300BA_B183
S1B_IW_SLC__1SDV_20191114T052655_20191114T052723_018919_023AEE_4D67,S1A_IW_SLC__1SDV_20191202T052736_20191202T052803_030165_037270_3899
S1A_IW_SLC__1SDV_20181125T052730_20181125T052757_024740_02B8BA_8B12,S1A_IW_SLC__1SDV_20181207T052730_20181207T052757_024915_02BE95_51EE
S1A_IW_SLC__1SDV_20201021T052743_20201021T052810_034890_041162_AF7D,S1B_IW_SLC__1SDV_20201108T052704_20201108T052731_024169_02DF1E_457C
S1B_IW_SLC__1SDV_20200512T052700_20200512T052727_021544_028E77_8519,S1A_IW_SLC__1SDV_20200518T052736_20200518T052803_032615_03C710_982B
S1B_IW_SLC__1SDV_20210519T052650_20210519T052717_026969_0338DC_11C3,S1A_IW_SLC__1SDV_20210525T052742_20210525T052809_038040_047D59_743B
S1A_IW_SLC__1SDV_20210326T052740_20210326T052807_037165_04604D_AB9A,S1A_IW_SLC__1SDV_20210419T052741_20210419T052808_037515_046C67_B156
S1A_IW_SLC__1SDV_20200319T052734_20200319T052801_031740_03A919_5C33,S1B_IW_SLC__1SDV_20200406T052652_20200406T052720_021019_027DF4_AB54
S1B_IW_SLC__1SDV_20200113T052653_20200113T052721_019794_0256CD_F5CC,S1A_IW_SLC__1SDV_20200119T052734_20200119T052801_030865_038AB8_DB95
S1A_IW_SLC__1SDV_20230503T052752_20230503T052819_048365_05D12D_4D4F,S1A_IW_SLC__1SDV_20230527T052754_20230527T052821_048715_05DBDD_76D7
S1A_IW_SLC__1SDV_20201102T052743_20201102T052810_035065_04175E_207B,S1B_IW_SLC__1SDV_20201108T052704_20201108T052731_024169_02DF1E_457C
S1A_IW_SLC__1SDV_20171001T052724_20171001T052751_018615_01F62C_5FA4,S1B_IW_SLC__1SDV_20171007T052650_20171007T052717_007719_00DA22_EDAB
S1A_IW_SLC__1SDV_20170110T052704_20170110T052731_014765_0180A8_38EC,S1B_IW_SLC__1SDV_20170128T052626_20170128T052656_004044_006FDE_2BAA
S1B_IW_SLC__1SDV_20170703T052646_20170703T052713_006319_00B1C7_9D9A,S1B_IW_SLC__1SDV_20170727T052647_20170727T052714_006669_00BBB5_B933
S1B_IW_SLC__1SDV_20191126T052655_20191126T052723_019094_02408F_E307,S1A_IW_SLC__1SDV_20191202T052736_20191202T052803_030165_037270_3899
S1B_IW_SLC__1SDV_20170317T052619_20170317T052647_004744_008495_3627,S1A_IW_SLC__1SDV_20170323T052703_20170323T052730_015815_01A0CD_C04F
S1A_IW_SLC__1SDV_20180622T052725_20180622T052752_022465_026ED9_C660,S1A_IW_SLC__1SDV_20180704T052726_20180704T052753_022640_0273F3_DAB6
S1B_IW_SLC__1SDV_20180216T052625_20180216T052653_009644_01163F_F38B,S1B_IW_SLC__1SDV_20180228T052625_20180228T052653_009819_011C0A_6CF6
S1A_IW_SLC__1SDV_20180318T052721_20180318T052748_021065_0242E8_980B,S1A_IW_SLC__1SDV_20180330T052721_20180330T052748_021240_024878_63B9
S1C_IW_SLC__1SDV_20250510T052622_20250510T052649_002264_004CDC_A592,S1C_IW_SLC__1SDV_20250522T052648_20250522T052715_002439_0051B0_6A61
S1B_IW_SLC__1SDV_20170715T052647_20170715T052714_006494_00B6B9_959C,S1B_IW_SLC__1SDV_20170727T052647_20170727T052714_006669_00BBB5_B933
S1C_IW_SLC__1SDV_20250510T052647_20250510T052714_002264_004CDC_B596,S1C_IW_SLC__1SDV_20250522T052623_20250522T052650_002439_0051B0_D5F0
S1A_IW_SLC__1SDV_20210407T052740_20210407T052807_037340_04665D_0CA9,S1B_IW_SLC__1SDV_20210413T052648_20210413T052715_026444_032830_BCEB
S1A_IW_SLC__1SDV_20200307T052734_20200307T052801_031565_03A2FE_ACA9,S1A_IW_SLC__1SDV_20200331T052734_20200331T052801_031915_03AF41_38E9
S1A_IW_SLC__1SDV_20201126T052743_20201126T052810_035415_042383_029C,S1B_IW_SLC__1SDV_20201214T052652_20201214T052720_024694_02EFD8_1E0E
S1A_IW_SLC__1SDV_20211215T052748_20211215T052815_041015_04DF48_0FF8,S1A_IW_SLC__1SDV_20220108T052746_20220108T052813_041365_04EB00_C211
S1A_IW_SLC__1SDV_20200319T052734_20200319T052801_031740_03A919_5C33,S1A_IW_SLC__1SDV_20200331T052734_20200331T052801_031915_03AF41_38E9
S1B_IW_SLC__1SDV_20170128T052626_20170128T052656_004044_006FDE_2BAA,S1A_IW_SLC__1SDV_20170203T052703_20170203T052730_015115_018B6D_8504
S1C_IW_SLC__1SDV_20250603T052649_20250603T052716_002614_0056AB_FBD0,S1C_IW_SLC__1SDV_20250627T052651_20250627T052719_002964_0060C9_5498
S1B_IW_SLC__1SDV_20211209T052658_20211209T052726_029944_039327_E855,S1B_IW_SLC__1SDV_20211221T052657_20211221T052725_030119_0398B0_849F
S1A_IW_SLC__1SDV_20180517T052723_20180517T052750_021940_025E79_F818,S1B_IW_SLC__1SDV_20180604T052651_20180604T052718_011219_014975_3912
S1A_IW_SLC__1SDV_20250609T052748_20250609T052815_059565_076523_2F2F,S1C_IW_SLC__1SDV_20250615T052625_20250615T052652_002789_005BB9_3BFB
S1B_IW_SLC__1SDV_20171031T052650_20171031T052717_008069_00E421_5C2B,S1B_IW_SLC__1SDV_20171112T052650_20171112T052717_008244_00E948_A489
S1A_IW_SLC__1SDV_20250422T052750_20250422T052817_058865_074BC1_EE23,S1A_IW_SLC__1SDV_20250504T052750_20250504T052817_059040_0752C4_8948
S1B_IW_SLC__1SDV_20190729T052655_20190729T052722_017344_0209DE_A100,S1A_IW_SLC__1SDV_20190804T052734_20190804T052801_028415_033604_65D4
S1C_IW_SLC__1SDV_20250416T052645_20250416T052712_001914_003B88_BA68,S1A_IW_SLC__1SDV_20250422T052750_20250422T052817_058865_074BC1_EE23
S1B_IW_SLC__1SDV_20190915T052657_20190915T052724_018044_021F7F_4F9E,S1A_IW_SLC__1SDV_20191003T052737_20191003T052804_029290_03540E_FA05
S1B_IW_SLC__1SDV_20200617T052659_20200617T052726_022069_029E24_9AED,S1A_IW_SLC__1SDV_20200705T052739_20200705T052806_033315_03DC22_2E9B
S1A_IW_SLC__1SDV_20230831T052759_20230831T052826_050115_0607E8_B60F,S1A_IW_SLC__1SDV_20230924T052800_20230924T052827_050465_0613D4_8221
S1A_IW_SLC__1SDV_20220905T052755_20220905T052822_044865_055BC8_F4BF,S1A_IW_SLC__1SDV_20220929T052755_20220929T052822_045215_05677E_DC6E
S1A_IW_SLC__1SDV_20201126T052743_20201126T052810_035415_042383_029C,S1A_IW_SLC__1SDV_20201220T052742_20201220T052809_035765_042F95_D318
S1A_IW_SLC__1SDV_20240708T052755_20240708T052822_054665_06A7A7_47A9,S1A_IW_SLC__1SDV_20240720T052755_20240720T052822_054840_06ADB3_9DD4
S1A_IW_SLC__1SDV_20171212T052723_20171212T052750_019665_0216A4_A5B7,S1B_IW_SLC__1SDV_20171230T052627_20171230T052655_008944_00FF51_7648
S1A_IW_SLC__1SDV_20190816T052735_20190816T052802_028590_033BDA_5B30,S1A_IW_SLC__1SDV_20190909T052736_20190909T052803_028940_03480E_39B4
S1B_IW_SLC__1SDV_20200218T052652_20200218T052720_020319_0267BB_ABA7,S1A_IW_SLC__1SDV_20200224T052733_20200224T052800_031390_039CF2_FE0E
S1A_IW_SLC__1SDV_20220120T052746_20220120T052813_041540_04F0B2_0E27,S1A_IW_SLC__1SDV_20220213T052745_20220213T052812_041890_04FCC8_2C51
S1A_IW_SLC__1SDV_20241211T052754_20241211T052821_056940_06FE85_C7DA,S1A_IW_SLC__1SDV_20241223T052753_20241223T052820_057115_070590_ACCD
S1B_IW_SLC__1SDV_20190223T052632_20190223T052700_015069_01C291_394C,S1B_IW_SLC__1SDV_20190319T052632_20190319T052700_015419_01CE05_9832
S1A_IW_SLC__1SDV_20220917T052755_20220917T052822_045040_0561A9_F6A4,S1A_IW_SLC__1SDV_20220929T052755_20220929T052822_045215_05677E_DC6E
S1B_IW_SLC__1SDV_20191126T052655_20191126T052723_019094_02408F_E307,S1B_IW_SLC__1SDV_20191220T052654_20191220T052722_019444_024BAF_AE23
S1A_IW_SLC__1SDV_20190909T052736_20190909T052803_028940_03480E_39B4,S1B_IW_SLC__1SDV_20190915T052657_20190915T052724_018044_021F7F_4F9E
S1B_IW_SLC__1SDV_20200605T052658_20200605T052725_021894_0298D7_EB1B,S1B_IW_SLC__1SDV_20200617T052659_20200617T052726_022069_029E24_9AED
S1A_IW_SLC__1SDV_20181101T052731_20181101T052758_024390_02ABE4_FB5E,S1B_IW_SLC__1SDV_20181119T052651_20181119T052718_013669_019505_C2E0
S1A_IW_SLC__1SDV_20220707T052751_20220707T052818_043990_054042_43A6,S1A_IW_SLC__1SDV_20220731T052752_20220731T052819_044340_054AAA_02CB
S1A_IW_SLC__1SDV_20241024T052756_20241024T052823_056240_06E2C2_6986,S1A_IW_SLC__1SDV_20241117T052756_20241117T052823_056590_06F0B1_44C3
S1A_IW_SLC__1SDV_20170203T052703_20170203T052730_015115_018B6D_8504,S1B_IW_SLC__1SDV_20170209T052626_20170209T052656_004219_007502_9CB7
S1C_IW_SLC__1SDV_20250603T052624_20250603T052651_002614_0056AB_CA0F,S1C_IW_SLC__1SDV_20250627T052651_20250627T052719_002964_0060C9_5498
S1A_IW_SLC__1SDV_20250528T052749_20250528T052816_059390_075F2B_7C91,S1C_IW_SLC__1SDV_20250603T052649_20250603T052716_002614_0056AB_FBD0
S1A_IW_SLC__1SDV_20190301T052727_20190301T052754_026140_02EABC_75FE,S1A_IW_SLC__1SDV_20190313T052727_20190313T052754_026315_02F11A_9B61
S1B_IW_SLC__1SDV_20190319T052632_20190319T052700_015419_01CE05_9832,S1B_IW_SLC__1SDV_20190412T052632_20190412T052700_015769_01D98F_9BE6
S1A_IW_SLC__1SDV_20200424T052735_20200424T052802_032265_03BB90_D577,S1B_IW_SLC__1SDV_20200512T052700_20200512T052727_021544_028E77_8519
S1A_IW_SLC__1SDV_20180926T052730_20180926T052757_023865_029AC2_A56B,S1A_IW_SLC__1SDV_20181020T052731_20181020T052758_024215_02A631_80DE
S1A_IW_SLC__1SDV_20180517T052723_20180517T052750_021940_025E79_F818,S1B_IW_SLC__1SDV_20180523T052628_20180523T052656_011044_0143CC_AD07
S1A_IW_SLC__1SDV_20221023T052755_20221023T052822_045565_057294_CAD9,S1A_IW_SLC__1SDV_20221116T052754_20221116T052821_045915_057E6A_4613
S1A_IW_SLC__1SDV_20211227T052747_20211227T052814_041190_04E503_4ED7,S1A_IW_SLC__1SDV_20220120T052746_20220120T052813_041540_04F0B2_0E27
S1A_IW_SLC__1SDV_20181207T052730_20181207T052757_024915_02BE95_51EE,S1A_IW_SLC__1SDV_20181219T052729_20181219T052756_025090_02C4ED_AE9B
S1A_IW_SLC__1SDV_20250504T052750_20250504T052817_059040_0752C4_8948,S1A_IW_SLC__1SDV_20250516T052749_20250516T052816_059215_075912_0083
S1A_IW_SLC__1SDV_20230328T052751_20230328T052818_047840_05BF83_097A,S1A_IW_SLC__1SDV_20230409T052752_20230409T052819_048015_05C56B_325E
S1A_IW_SLC__1SDV_20171224T052722_20171224T052749_019840_021C04_082B,S1A_IW_SLC__1SDV_20180117T052721_20180117T052748_020190_02271E_F491
S1B_IW_SLC__1SDV_20191208T052654_20191208T052722_019269_024619_3706,S1A_IW_SLC__1SDV_20191226T052735_20191226T052802_030515_037E84_7CE9
S1B_IW_SLC__1SDV_20200125T052652_20200125T052720_019969_025C63_A3FE,S1B_IW_SLC__1SDV_20200206T052652_20200206T052720_020144_026219_B0FF
S1B_IW_SLC__1SDV_20200313T052652_20200313T052720_020669_0272E4_BEA7,S1A_IW_SLC__1SDV_20200319T052734_20200319T052801_031740_03A919_5C33
S1B_IW_SLC__1SDV_20200605T052658_20200605T052725_021894_0298D7_EB1B,S1A_IW_SLC__1SDV_20200611T052737_20200611T052804_032965_03D183_772E
S1B_IW_SLC__1SDV_20180827T052647_20180827T052714_012444_016F26_38C1,S1A_IW_SLC__1SDV_20180914T052730_20180914T052757_023690_029512_F5AB
S1B_IW_SLC__1SDV_20200301T052652_20200301T052719_020494_026D59_5C7E,S1A_IW_SLC__1SDV_20200307T052734_20200307T052801_031565_03A2FE_ACA9
S1B_IW_SLC__1SDV_20170820T052648_20170820T052715_007019_00C5DD_040A,S1A_IW_SLC__1SDV_20170826T052723_20170826T052750_018090_01E60E_3D8C
S1A_IW_SLC__1SDV_20230831T052759_20230831T052826_050115_0607E8_B60F,S1A_IW_SLC__1SDV_20230912T052800_20230912T052827_050290_060DE1_B2BF
S1B_IW_SLC__1SDV_20210308T052659_20210308T052727_025919_031775_A250,S1A_IW_SLC__1SDV_20210326T052740_20210326T052807_037165_04604D_AB9A
S1A_IW_SLC__1SDV_20170919T052724_20170919T052751_018440_01F0C7_981A,S1A_IW_SLC__1SDV_20171013T052724_20171013T052751_018790_01FB7E_434C
S1B_IW_SLC__1SDV_20180405T052626_20180405T052654_010344_012D43_712D,S1B_IW_SLC__1SDV_20180417T052626_20180417T052654_010519_0132DA_3448
S1A_IW_SLC__1SDV_20181125T052730_20181125T052757_024740_02B8BA_8B12,S1B_IW_SLC__1SDV_20181201T052634_20181201T052702_013844_019AA0_551A
S1B_IW_SLC__1SDV_20200125T052652_20200125T052720_019969_025C63_A3FE,S1B_IW_SLC__1SDV_20200218T052652_20200218T052720_020319_0267BB_ABA7
S1A_IW_SLC__1SDV_20170227T052703_20170227T052730_015465_01964E_C28B,S1A_IW_SLC__1SDV_20170311T052703_20170311T052730_015640_019B9A_5B44
S1A_IW_SLC__1SDV_20180505T052723_20180505T052750_021765_0258EB_7AA2,S1A_IW_SLC__1SDV_20180517T052723_20180517T052750_021940_025E79_F818
S1B_IW_SLC__1SDV_20180312T052625_20180312T052653_009994_0121E9_7C6D,S1A_IW_SLC__1SDV_20180318T052721_20180318T052748_021065_0242E8_980B
S1A_IW_SLC__1SDV_20250305T052749_20250305T052816_058165_072F82_A82A,S1A_IW_SLC__1SDV_20250317T052749_20250317T052816_058340_073676_E9BD
S1B_IW_SLC__1SDV_20211103T052710_20211103T052737_029419_0382D5_1A28,S1A_IW_SLC__1SDV_20211121T052749_20211121T052816_040665_04D32B_16C9
S1B_IW_SLC__1SDV_20180405T052626_20180405T052654_010344_012D43_712D,S1B_IW_SLC__1SDV_20180429T052627_20180429T052655_010694_013876_7C8F
S1A_IW_SLC__1SDV_20230304T052751_20230304T052818_047490_05B3B1_333C,S1A_IW_SLC__1SDV_20230316T052750_20230316T052817_047665_05B99A_EC1E
S1A_IW_SLC__1SDV_20170227T052703_20170227T052730_015465_01964E_C28B,S1B_IW_SLC__1SDV_20170317T052619_20170317T052647_004744_008495_3627
S1B_IW_SLC__1SDV_20210624T052705_20210624T052732_027494_034848_474E,S1A_IW_SLC__1SDV_20210712T052745_20210712T052812_038740_049246_9206
S1B_IW_SLC__1SDV_20210612T052704_20210612T052731_027319_034352_B4EB,S1A_IW_SLC__1SDV_20210618T052744_20210618T052811_038390_0487C0_C64E
S1A_IW_SLC__1SDV_20170311T052703_20170311T052730_015640_019B9A_5B44,S1B_IW_SLC__1SDV_20170317T052619_20170317T052647_004744_008495_3627
S1A_IW_SLC__1SDV_20210206T052742_20210206T052810_036465_0447F6_596F,S1B_IW_SLC__1SDV_20210224T052659_20210224T052727_025744_0311BA_395D
S1B_IW_SLC__1SDV_20201214T052652_20201214T052720_024694_02EFD8_1E0E,S1B_IW_SLC__1SDV_20210107T052703_20210107T052730_025044_02FB1E_53A0
S1A_IW_SLC__1SDV_20210829T052748_20210829T052815_039440_04A8CE_F96B,S1A_IW_SLC__1SDV_20210922T052749_20210922T052816_039790_04B4CC_9EFE
S1A_IW_SLC__1SDV_20180529T052724_20180529T052751_022115_026419_F53B,S1B_IW_SLC__1SDV_20180616T052651_20180616T052718_011394_014ECE_4790
S1B_IW_SLC__1SDV_20170329T052619_20170329T052647_004919_008992_9B81,S1B_IW_SLC__1SDV_20170410T052619_20170410T052647_005094_008E9F_187B
S1A_IW_SLC__1SDV_20231205T052759_20231205T052826_051515_0637DD_F32E,S1A_IW_SLC__1SDV_20231229T052757_20231229T052824_051865_06440B_8521
S1A_IW_SLC__1SDV_20180716T052727_20180716T052754_022815_02793C_BE0E,S1B_IW_SLC__1SDV_20180803T052646_20180803T052713_012094_01644D_5E68
S1B_IW_SLC__1SDV_20210811T052708_20210811T052735_028194_035D14_25ED,S1A_IW_SLC__1SDV_20210829T052748_20210829T052815_039440_04A8CE_F96B
S1A_IW_SLC__1SDV_20190828T052735_20190828T052802_028765_0341F8_5329,S1B_IW_SLC__1SDV_20190903T052657_20190903T052724_017869_021A0C_DC54
S1B_IW_SLC__1SDV_20200617T052659_20200617T052726_022069_029E24_9AED,S1A_IW_SLC__1SDV_20200623T052738_20200623T052805_033140_03D6D5_C291
S1A_IW_SLC__1SDV_20200518T052736_20200518T052803_032615_03C710_982B,S1A_IW_SLC__1SDV_20200611T052737_20200611T052804_032965_03D183_772E
S1B_IW_SLC__1SDV_20190717T052654_20190717T052721_017169_0204BF_30D7,S1A_IW_SLC__1SDV_20190804T052734_20190804T052801_028415_033604_65D4
S1A_IW_SLC__1SDV_20191003T052737_20191003T052804_029290_03540E_FA05,S1A_IW_SLC__1SDV_20191027T052737_20191027T052804_029640_03601E_59ED
S1B_IW_SLC__1SDV_20200524T052657_20200524T052724_021719_029398_A4C9,S1B_IW_SLC__1SDV_20200617T052659_20200617T052726_022069_029E24_9AED
S1B_IW_SLC__1SDV_20200101T052653_20200101T052721_019619_025146_CC04,S1B_IW_SLC__1SDV_20200113T052653_20200113T052721_019794_0256CD_F5CC
S1A_IW_SLC__1SDV_20170709T052720_20170709T052747_017390_01D0C1_5C0C,S1B_IW_SLC__1SDV_20170727T052647_20170727T052714_006669_00BBB5_B933
S1A_IW_SLC__1SDV_20200915T052743_20200915T052810_034365_03FEFD_519E,S1A_IW_SLC__1SDV_20201009T052743_20201009T052810_034715_040B45_2877
S1A_IW_SLC__1SDV_20180318T052721_20180318T052748_021065_0242E8_980B,S1B_IW_SLC__1SDV_20180324T052625_20180324T052653_010169_012793_901B
S1B_IW_SLC__1SDV_20181014T052649_20181014T052716_013144_018497_7619,S1A_IW_SLC__1SDV_20181101T052731_20181101T052758_024390_02ABE4_FB5E
S1A_IW_SLC__1SDV_20240906T052755_20240906T052822_055540_06C715_B502,S1A_IW_SLC__1SDV_20240930T052756_20240930T052823_055890_06D4F1_5BCD
S1B_IW_SLC__1SDV_20171007T052650_20171007T052717_007719_00DA22_EDAB,S1B_IW_SLC__1SDV_20171019T052650_20171019T052717_007894_00DF19_A9CA
S1A_IW_SLC__1SDV_20170721T052721_20170721T052748_017565_01D614_ACBE,S1B_IW_SLC__1SDV_20170727T052647_20170727T052714_006669_00BBB5_B933
S1A_IW_SLC__1SDV_20171025T052724_20171025T052751_018965_0200D3_66D3,S1A_IW_SLC__1SDV_20171118T052724_20171118T052751_019315_020BAB_D077
S1B_IW_SLC__1SDV_20201027T052704_20201027T052731_023994_02D9B8_3011,S1A_IW_SLC__1SDV_20201114T052743_20201114T052810_035240_041D81_B6F4
S1B_IW_SLC__1SDV_20170128T052626_20170128T052656_004044_006FDE_2BAA,S1B_IW_SLC__1SDV_20170221T052626_20170221T052656_004394_007A54_D883
S1A_IW_SLC__1SDV_20250422T052750_20250422T052817_058865_074BC1_EE23,S1A_IW_SLC__1SDV_20250516T052749_20250516T052816_059215_075912_0083
S1A_IW_SLC__1SDV_20180809T052728_20180809T052755_023165_02843F_1B64,S1B_IW_SLC__1SDV_20180827T052647_20180827T052714_012444_016F26_38C1
S1B_IW_SLC__1SDV_20211022T052710_20211022T052737_029244_037D72_4B24,S1A_IW_SLC__1SDV_20211028T052749_20211028T052816_040315_04C704_E04E
S1B_IW_SLC__1SDV_20181201T052634_20181201T052702_013844_019AA0_551A,S1A_IW_SLC__1SDV_20181219T052729_20181219T052756_025090_02C4ED_AE9B
S1A_IW_SLC__1SDV_20200424T052735_20200424T052802_032265_03BB90_D577,S1A_IW_SLC__1SDV_20200518T052736_20200518T052803_032615_03C710_982B
S1A_IW_SLC__1SDV_20210419T052741_20210419T052808_037515_046C67_B156,S1A_IW_SLC__1SDV_20210501T052741_20210501T052808_037690_04727A_4318
S1A_IW_SLC__1SDV_20171212T052723_20171212T052750_019665_0216A4_A5B7,S1A_IW_SLC__1SDV_20171224T052722_20171224T052749_019840_021C04_082B
S1A_IW_SLC__1SDV_20200506T052735_20200506T052802_032440_03C1BA_22D3,S1B_IW_SLC__1SDV_20200524T052657_20200524T052724_021719_029398_A4C9
S1A_IW_SLC__1SDV_20191120T052737_20191120T052804_029990_036C61_A237,S1B_IW_SLC__1SDV_20191126T052655_20191126T052723_019094_02408F_E307
S1A_IW_SLC__1SDV_20170522T052706_20170522T052733_016690_01BB5A_71C2,S1A_IW_SLC__1SDV_20170615T052719_20170615T052746_017040_01C629_70BE
S1A_IW_SLC__1SDV_20220719T052752_20220719T052819_044165_054588_4AB1,S1A_IW_SLC__1SDV_20220731T052752_20220731T052819_044340_054AAA_02CB
S1A_IW_SLC__1SDV_20210618T052744_20210618T052811_038390_0487C0_C64E,S1B_IW_SLC__1SDV_20210624T052705_20210624T052732_027494_034848_474E
S1A_IW_SLC__1SDV_20191214T052736_20191214T052803_030340_03787B_41FA,S1A_IW_SLC__1SDV_20200107T052735_20200107T052802_030690_038490_DD42
S1A_IW_SLC__1SDV_20200611T052737_20200611T052804_032965_03D183_772E,S1A_IW_SLC__1SDV_20200623T052738_20200623T052805_033140_03D6D5_C291
S1A_IW_SLC__1SDV_20170826T052723_20170826T052750_018090_01E60E_3D8C,S1B_IW_SLC__1SDV_20170901T052649_20170901T052716_007194_00CAE9_527C
S1A_IW_SLC__1SDV_20250516T052749_20250516T052816_059215_075912_0083,S1C_IW_SLC__1SDV_20250522T052623_20250522T052650_002439_0051B0_D5F0
S1A_IW_SLC__1SDV_20190217T052727_20190217T052754_025965_02E479_38FC,S1A_IW_SLC__1SDV_20190301T052727_20190301T052754_026140_02EABC_75FE
S1A_IW_SLC__1SDV_20200717T052739_20200717T052806_033490_03E17A_B0B3,S1B_IW_SLC__1SDV_20200723T052701_20200723T052728_022594_02AE21_F84A
S1B_IW_SLC__1SDV_20190331T052632_20190331T052700_015594_01D3BB_E08C,S1B_IW_SLC__1SDV_20190424T052633_20190424T052701_015944_01DF5C_1C3C
S1B_IW_SLC__1SDV_20190705T052653_20190705T052720_016994_01FF99_D6A5,S1A_IW_SLC__1SDV_20190711T052732_20190711T052759_028065_032B64_EB78
S1A_IW_SLC__1SDV_20190909T052736_20190909T052803_028940_03480E_39B4,S1A_IW_SLC__1SDV_20190921T052736_20190921T052803_029115_034E0E_1248
S1A_IW_SLC__1SDV_20200224T052733_20200224T052800_031390_039CF2_FE0E,S1A_IW_SLC__1SDV_20200307T052734_20200307T052801_031565_03A2FE_ACA9
S1B_IW_SLC__1SDV_20180815T052647_20180815T052714_012269_0169B5_C097,S1A_IW_SLC__1SDV_20180902T052730_20180902T052757_023515_028F75_0BF8
S1B_IW_SLC__1SDV_20211221T052657_20211221T052725_030119_0398B0_849F,S1A_IW_SLC__1SDV_20220108T052746_20220108T052813_041365_04EB00_C211
S1A_IW_SLC__1SDV_20200927T052743_20200927T052810_034540_040528_FA21,S1B_IW_SLC__1SDV_20201015T052704_20201015T052731_023819_02D439_18DB
S1A_IW_SLC__1SDV_20200903T052742_20200903T052809_034190_03F8CD_D292,S1A_IW_SLC__1SDV_20200915T052743_20200915T052810_034365_03FEFD_519E
S1C_IW_SLC__1SDV_20250416T052617_20250416T052647_001914_003B88_D402,S1C_IW_SLC__1SDV_20250510T052647_20250510T052714_002264_004CDC_B596
S1B_IW_SLC__1SDV_20210624T052705_20210624T052732_027494_034848_474E,S1A_IW_SLC__1SDV_20210630T052744_20210630T052811_038565_048CFD_FB70
S1A_IW_SLC__1SDV_20180704T052726_20180704T052753_022640_0273F3_DAB6,S1A_IW_SLC__1SDV_20180728T052727_20180728T052754_022990_027EC5_4DAE
S1C_IW_SLC__1SDV_20250603T052624_20250603T052651_002614_0056AB_CA0F,S1C_IW_SLC__1SDV_20250615T052650_20250615T052717_002789_005BB9_453C
S1A_IW_SLC__1SDV_20210113T052742_20210113T052810_036115_043BDA_AEFF,S1A_IW_SLC__1SDV_20210206T052742_20210206T052810_036465_0447F6_596F
S1A_IW_SLC__1SDV_20231205T052759_20231205T052826_051515_0637DD_F32E,S1A_IW_SLC__1SDV_20231217T052758_20231217T052825_051690_063DFB_A400
S1A_IW_SLC__1SDV_20210922T052749_20210922T052816_039790_04B4CC_9EFE,S1B_IW_SLC__1SDV_20210928T052710_20210928T052737_028894_0372C3_C44A
S1B_IW_SLC__1SDV_20201108T052704_20201108T052731_024169_02DF1E_457C,S1A_IW_SLC__1SDV_20201126T052743_20201126T052810_035415_042383_029C
S1B_IW_SLC__1SDV_20180429T052627_20180429T052655_010694_013876_7C8F,S1B_IW_SLC__1SDV_20180511T052627_20180511T052655_010869_013E1D_DAA5
S1A_IW_SLC__1SDV_20241105T052756_20241105T052823_056415_06E9B5_3560,S1A_IW_SLC__1SDV_20241117T052756_20241117T052823_056590_06F0B1_44C3
S1A_IW_SLC__1SDV_20190325T052728_20190325T052755_026490_02F791_061C,S1B_IW_SLC__1SDV_20190331T052632_20190331T052700_015594_01D3BB_E08C
S1B_IW_SLC__1SDV_20170305T052626_20170305T052655_004569_007F6C_E7BB,S1B_IW_SLC__1SDV_20170329T052619_20170329T052647_004919_008992_9B81
S1A_IW_SLC__1SDV_20180129T052721_20180129T052748_020365_022CA8_F715,S1A_IW_SLC__1SDV_20180210T052721_20180210T052748_020540_023244_7026
S1A_IW_SLC__1SDV_20210712T052745_20210712T052812_038740_049246_9206,S1B_IW_SLC__1SDV_20210718T052706_20210718T052733_027844_035293_52FD
S1A_IW_SLC__1SDV_20170323T052703_20170323T052730_015815_01A0CD_C04F,S1A_IW_SLC__1SDV_20170416T052704_20170416T052731_016165_01AB5A_CF0A
S1B_IW_SLC__1SDV_20181213T052634_20181213T052702_014019_01A04C_25C2,S1A_IW_SLC__1SDV_20181219T052729_20181219T052756_025090_02C4ED_AE9B
S1A_IW_SLC__1SDV_20190909T052736_20190909T052803_028940_03480E_39B4,S1A_IW_SLC__1SDV_20191003T052737_20191003T052804_029290_03540E_FA05
S1B_IW_SLC__1SDV_20170317T052619_20170317T052647_004744_008495_3627,S1A_IW_SLC__1SDV_20170404T052704_20170404T052731_015990_01A5FE_0277
S1A_IW_SLC__1SDV_20211004T052749_20211004T052816_039965_04BAE4_3486,S1B_IW_SLC__1SDV_20211010T052710_20211010T052737_029069_037802_2AE0
S1A_IW_SLC__1SDV_20191226T052735_20191226T052802_030515_037E84_7CE9,S1B_IW_SLC__1SDV_20200113T052653_20200113T052721_019794_0256CD_F5CC
S1B_IW_SLC__1SDV_20180123T052626_20180123T052654_009294_010ABE_AE4A,S1B_IW_SLC__1SDV_20180216T052625_20180216T052653_009644_01163F_F38B
S1A_IW_SLC__1SDV_20200705T052739_20200705T052806_033315_03DC22_2E9B,S1B_IW_SLC__1SDV_20200723T052701_20200723T052728_022594_02AE21_F84A
S1A_IW_SLC__1SDV_20231217T052758_20231217T052825_051690_063DFB_A400,S1A_IW_SLC__1SDV_20231229T052757_20231229T052824_051865_06440B_8521
S1A_IW_SLC__1SDV_20200131T052734_20200131T052801_031040_0390D4_29FD,S1B_IW_SLC__1SDV_20200218T052652_20200218T052720_020319_0267BB_ABA7
S1A_IW_SLC__1SDV_20220905T052755_20220905T052822_044865_055BC8_F4BF,S1A_IW_SLC__1SDV_20220917T052755_20220917T052822_045040_0561A9_F6A4
S1A_IW_SLC__1SDV_20231111T052759_20231111T052826_051165_062BCE_24E0,S1A_IW_SLC__1SDV_20231123T052759_20231123T052826_051340_0631DC_C848
S1A_IW_SLC__1SDV_20190524T052730_20190524T052757_027365_03162B_4C3C,S1A_IW_SLC__1SDV_20190617T052731_20190617T052758_027715_0320DB_11E5
S1B_IW_SLC__1SDV_20201027T052704_20201027T052731_023994_02D9B8_3011,S1B_IW_SLC__1SDV_20201120T052704_20201120T052731_024344_02E49B_D239
S1A_IW_SLC__1SDV_20170110T052704_20170110T052731_014765_0180A8_38EC,S1B_IW_SLC__1SDV_20170116T052626_20170116T052656_003869_006A94_F8DD
S1A_IW_SLC__1SDV_20210206T052742_20210206T052810_036465_0447F6_596F,S1B_IW_SLC__1SDV_20210212T052700_20210212T052728_025569_030C04_1B7F
S1A_IW_SLC__1SDV_20210125T052742_20210125T052810_036290_0441E9_6E89,S1B_IW_SLC__1SDV_20210131T052648_20210131T052715_025394_030647_1EED
S1B_IW_SLC__1SDV_20181002T052649_20181002T052716_012969_017F41_1AF9,S1A_IW_SLC__1SDV_20181020T052731_20181020T052758_024215_02A631_80DE
S1A_IW_SLC__1SDV_20220225T052745_20220225T052812_042065_0502D5_ECDA,S1A_IW_SLC__1SDV_20220309T052745_20220309T052812_042240_0508CF_DA73
S1B_IW_SLC__1SDV_20170808T052648_20170808T052715_006844_00C0C1_C412,S1B_IW_SLC__1SDV_20170901T052649_20170901T052716_007194_00CAE9_527C
S1A_IW_SLC__1SDV_20250422T052750_20250422T052817_058865_074BC1_EE23,S1C_IW_SLC__1SDV_20250428T052623_20250428T052654_002089_0045F6_764C
S1A_IW_SLC__1SDV_20240110T052757_20240110T052824_052040_064A04_BE7A,S1A_IW_SLC__1SDV_20240122T052757_20240122T052824_052215_064FE6_7F94
S1B_IW_SLC__1SDV_20210119T052648_20210119T052715_025219_0300BA_B183,S1B_IW_SLC__1SDV_20210131T052648_20210131T052715_025394_030647_1EED
S1A_IW_SLC__1SDV_20180306T052721_20180306T052748_020890_023D5E_E7E3,S1A_IW_SLC__1SDV_20180318T052721_20180318T052748_021065_0242E8_980B
S1B_IW_SLC__1SDV_20170422T052620_20170422T052648_005269_0093AC_4207,S1B_IW_SLC__1SDV_20170516T052627_20170516T052654_005619_009D73_A07F
S1A_IW_SLC__1SDV_20180210T052721_20180210T052748_020540_023244_7026,S1B_IW_SLC__1SDV_20180228T052625_20180228T052653_009819_011C0A_6CF6
S1B_IW_SLC__1SDV_20170609T052645_20170609T052712_005969_00A798_805C,S1A_IW_SLC__1SDV_20170627T052719_20170627T052746_017215_01CB7E_54FF
S1A_IW_SLC__1SDV_20190205T052727_20190205T052754_025790_02DE47_911F,S1A_IW_SLC__1SDV_20190217T052727_20190217T052754_025965_02E479_38FC
S1A_IW_SLC__1SDV_20201208T052742_20201208T052809_035590_042995_4806,S1B_IW_SLC__1SDV_20201226T052651_20201226T052719_024869_02F584_1449
S1B_IW_SLC__1SDV_20200512T052700_20200512T052727_021544_028E77_8519,S1B_IW_SLC__1SDV_20200605T052658_20200605T052725_021894_0298D7_EB1B
S1B_IW_SLC__1SDV_20200313T052652_20200313T052720_020669_0272E4_BEA7,S1B_IW_SLC__1SDV_20200406T052652_20200406T052720_021019_027DF4_AB54
S1A_IW_SLC__1SDV_20171224T052722_20171224T052749_019840_021C04_082B,S1A_IW_SLC__1SDV_20180105T052722_20180105T052749_020015_02218B_2D7D
S1B_IW_SLC__1SDV_20190211T052632_20190211T052700_014894_01BCD7_2231,S1A_IW_SLC__1SDV_20190301T052727_20190301T052754_026140_02EABC_75FE
S1C_IW_SLC__1SDV_20250510T052622_20250510T052649_002264_004CDC_A592,S1A_IW_SLC__1SDV_20250528T052749_20250528T052816_059390_075F2B_7C91
S1A_IW_SLC__1SDV_20201102T052743_20201102T052810_035065_04175E_207B,S1A_IW_SLC__1SDV_20201126T052743_20201126T052810_035415_042383_029C
S1A_IW_SLC__1SDV_20190512T052729_20190512T052756_027190_0310B1_A091,S1B_IW_SLC__1SDV_20190530T052651_20190530T052718_016469_01F003_ECE1
S1A_IW_SLC__1SDV_20230819T052759_20230819T052826_049940_0601E9_17C6,S1A_IW_SLC__1SDV_20230912T052800_20230912T052827_050290_060DE1_B2BF
S1A_IW_SLC__1SDV_20210712T052745_20210712T052812_038740_049246_9206,S1A_IW_SLC__1SDV_20210724T052746_20210724T052813_038915_049781_33FF
S1B_IW_SLC__1SDV_20191208T052654_20191208T052722_019269_024619_3706,S1B_IW_SLC__1SDV_20191220T052654_20191220T052722_019444_024BAF_AE23
S1A_IW_SLC__1SDV_20170215T052703_20170215T052730_015290_0190F9_ED5F,S1B_IW_SLC__1SDV_20170305T052626_20170305T052655_004569_007F6C_E7BB
S1B_IW_SLC__1SDV_20200711T052700_20200711T052727_022419_02A8D0_4DF9,S1A_IW_SLC__1SDV_20200717T052739_20200717T052806_033490_03E17A_B0B3
S1B_IW_SLC__1SDV_20200101T052653_20200101T052721_019619_025146_CC04,S1A_IW_SLC__1SDV_20200107T052735_20200107T052802_030690_038490_DD42
S1B_IW_SLC__1SDV_20171230T052627_20171230T052655_008944_00FF51_7648,S1A_IW_SLC__1SDV_20180105T052722_20180105T052749_020015_02218B_2D7D
S1B_IW_SLC__1SDV_20210507T052649_20210507T052716_026794_033365_E539,S1A_IW_SLC__1SDV_20210525T052742_20210525T052809_038040_047D59_743B
S1A_IW_SLC__1SDV_20171001T052724_20171001T052751_018615_01F62C_5FA4,S1A_IW_SLC__1SDV_20171013T052724_20171013T052751_018790_01FB7E_434C
S1B_IW_SLC__1SDV_20171206T052627_20171206T052655_008594_00F425_4A68,S1B_IW_SLC__1SDV_20171230T052627_20171230T052655_008944_00FF51_7648
S1C_IW_SLC__1SDV_20250416T052617_20250416T052647_001914_003B88_D402,S1A_IW_SLC__1SDV_20250422T052750_20250422T052817_058865_074BC1_EE23
S1A_IW_SLC__1SDV_20180210T052721_20180210T052748_020540_023244_7026,S1B_IW_SLC__1SDV_20180216T052625_20180216T052653_009644_01163F_F38B
S1B_IW_SLC__1SDV_20210519T052650_20210519T052717_026969_0338DC_11C3,S1B_IW_SLC__1SDV_20210612T052704_20210612T052731_027319_034352_B4EB
S1B_IW_SLC__1SDV_20200325T052652_20200325T052720_020844_02786B_7CF7,S1A_IW_SLC__1SDV_20200331T052734_20200331T052801_031915_03AF41_38E9
S1A_IW_SLC__1SDV_20190217T052727_20190217T052754_025965_02E479_38FC,S1B_IW_SLC__1SDV_20190223T052632_20190223T052700_015069_01C291_394C
S1A_IW_SLC__1SDV_20250504T052750_20250504T052817_059040_0752C4_8948,S1C_IW_SLC__1SDV_20250510T052647_20250510T052714_002264_004CDC_B596
S1B_IW_SLC__1SDV_20191009T052658_20191009T052725_018394_022A67_7584,S1A_IW_SLC__1SDV_20191027T052737_20191027T052804_029640_03601E_59ED
S1C_IW_SLC__1SDV_20250522T052648_20250522T052715_002439_0051B0_6A61,S1A_IW_SLC__1SDV_20250528T052749_20250528T052816_059390_075F2B_7C91
S1A_IW_SLC__1SDV_20240310T052756_20240310T052823_052915_0667A2_4638,S1A_IW_SLC__1SDV_20240322T052756_20240322T052823_053090_066E23_CB50
S1A_IW_SLC__1SDV_20220707T052751_20220707T052818_043990_054042_43A6,S1A_IW_SLC__1SDV_20220719T052752_20220719T052819_044165_054588_4AB1
S1B_IW_SLC__1SDV_20210308T052659_20210308T052727_025919_031775_A250,S1B_IW_SLC__1SDV_20210320T052659_20210320T052727_026094_031D17_942E
S1A_IW_SLC__1SDV_20200822T052742_20200822T052809_034015_03F2A9_38AC,S1B_IW_SLC__1SDV_20200828T052703_20200828T052730_023119_02BE55_8C3E
S1B_IW_SLC__1SDV_20200313T052652_20200313T052720_020669_0272E4_BEA7,S1A_IW_SLC__1SDV_20200331T052734_20200331T052801_031915_03AF41_38E9
S1B_IW_SLC__1SDV_20180523T052628_20180523T052656_011044_0143CC_AD07,S1B_IW_SLC__1SDV_20180604T052651_20180604T052718_011219_014975_3912
S1B_IW_SLC__1SDV_20190307T052632_20190307T052700_015244_01C85A_A3F6,S1A_IW_SLC__1SDV_20190313T052727_20190313T052754_026315_02F11A_9B61
S1B_IW_SLC__1SDV_20190530T052651_20190530T052718_016469_01F003_ECE1,S1A_IW_SLC__1SDV_20190605T052730_20190605T052757_027540_031B94_E331
S1B_IW_SLC__1SDV_20200828T052703_20200828T052730_023119_02BE55_8C3E,S1B_IW_SLC__1SDV_20200909T052703_20200909T052730_023294_02C3D5_38DB
S1B_IW_SLC__1SDV_20170504T052621_20170504T052648_005444_0098B2_F1F0,S1A_IW_SLC__1SDV_20170510T052706_20170510T052733_016515_01B5F9_8C9C
S1B_IW_SLC__1SDV_20170715T052647_20170715T052714_006494_00B6B9_959C,S1B_IW_SLC__1SDV_20170808T052648_20170808T052715_006844_00C0C1_C412
S1B_IW_SLC__1SDV_20170901T052649_20170901T052716_007194_00CAE9_527C,S1B_IW_SLC__1SDV_20170913T052649_20170913T052716_007369_00D00E_7D46
S1A_IW_SLC__1SDV_20190524T052730_20190524T052757_027365_03162B_4C3C,S1B_IW_SLC__1SDV_20190611T052654_20190611T052721_016644_01F53A_8203
S1B_IW_SLC__1SDV_20180228T052625_20180228T052653_009819_011C0A_6CF6,S1A_IW_SLC__1SDV_20180318T052721_20180318T052748_021065_0242E8_980B
S1B_IW_SLC__1SDV_20170727T052647_20170727T052714_006669_00BBB5_B933,S1A_IW_SLC__1SDV_20170814T052722_20170814T052749_017915_01E0C1_5791
S1A_IW_SLC__1SDV_20170814T052722_20170814T052749_017915_01E0C1_5791,S1B_IW_SLC__1SDV_20170820T052648_20170820T052715_007019_00C5DD_040A
S1A_IW_SLC__1SDV_20190512T052729_20190512T052756_027190_0310B1_A091,S1B_IW_SLC__1SDV_20190518T052634_20190518T052702_016294_01EAAB_FD01
S1A_IW_SLC__1SDV_20170615T052719_20170615T052746_017040_01C629_70BE,S1B_IW_SLC__1SDV_20170703T052646_20170703T052713_006319_00B1C7_9D9A
S1B_IW_SLC__1SDV_20201214T052652_20201214T052720_024694_02EFD8_1E0E,S1B_IW_SLC__1SDV_20201226T052651_20201226T052719_024869_02F584_1449
S1A_IW_SLC__1SDV_20190406T052728_20190406T052755_026665_02FE08_6CC6,S1B_IW_SLC__1SDV_20190412T052632_20190412T052700_015769_01D98F_9BE6
S1A_IW_SLC__1SDV_20180117T052721_20180117T052748_020190_02271E_F491,S1B_IW_SLC__1SDV_20180204T052625_20180204T052653_009469_01107B_7855
S1A_IW_SLC__1SDV_20180505T052723_20180505T052750_021765_0258EB_7AA2,S1A_IW_SLC__1SDV_20180529T052724_20180529T052751_022115_026419_F53B
S1A_IW_SLC__1SDV_20231018T052800_20231018T052827_050815_061FDA_F5FD,S1A_IW_SLC__1SDV_20231030T052800_20231030T052827_050990_0625CB_9D51
S1B_IW_SLC__1SDV_20181119T052651_20181119T052718_013669_019505_C2E0,S1A_IW_SLC__1SDV_20181207T052730_20181207T052757_024915_02BE95_51EE
S1A_IW_SLC__1SDV_20250209T052750_20250209T052817_057815_07213A_1AF0,S1A_IW_SLC__1SDV_20250221T052749_20250221T052816_057990_072856_3D27
S1B_IW_SLC__1SDV_20210612T052704_20210612T052731_027319_034352_B4EB,S1B_IW_SLC__1SDV_20210624T052705_20210624T052732_027494_034848_474E
S1B_IW_SLC__1SDV_20190729T052655_20190729T052722_017344_0209DE_A100,S1B_IW_SLC__1SDV_20190810T052656_20190810T052722_017519_020F28_AE33
S1A_IW_SLC__1SDV_20180622T052725_20180622T052752_022465_026ED9_C660,S1B_IW_SLC__1SDV_20180710T052645_20180710T052711_011744_0159AE_E9E0
S1B_IW_SLC__1SDV_20171112T052650_20171112T052717_008244_00E948_A489,S1A_IW_SLC__1SDV_20171130T052723_20171130T052750_019490_021126_6189
S1A_IW_SLC__1SDV_20170522T052706_20170522T052733_016690_01BB5A_71C2,S1B_IW_SLC__1SDV_20170609T052645_20170609T052712_005969_00A798_805C
S1C_IW_SLC__1SDV_20250416T052645_20250416T052712_001914_003B88_BA68,S1A_IW_SLC__1SDV_20250504T052750_20250504T052817_059040_0752C4_8948
S1B_IW_SLC__1SDV_20190611T052654_20190611T052721_016644_01F53A_8203,S1B_IW_SLC__1SDV_20190623T052652_20190623T052719_016819_01FA6A_10DC
S1B_IW_SLC__1SDV_20170820T052648_20170820T052715_007019_00C5DD_040A,S1B_IW_SLC__1SDV_20170913T052649_20170913T052716_007369_00D00E_7D46
S1A_IW_SLC__1SDV_20170428T052705_20170428T052732_016340_01B0AA_3663,S1B_IW_SLC__1SDV_20170516T052627_20170516T052654_005619_009D73_A07F
S1A_IW_SLC__1SDV_20210817T052747_20210817T052814_039265_04A2DC_402E,S1A_IW_SLC__1SDV_20210910T052748_20210910T052815_039615_04AEE1_8C96
S1A_IW_SLC__1SDV_20180809T052728_20180809T052755_023165_02843F_1B64,S1A_IW_SLC__1SDV_20180821T052729_20180821T052756_023340_0289E6_9F43
S1A_IW_SLC__1SDV_20170215T052703_20170215T052730_015290_0190F9_ED5F,S1B_IW_SLC__1SDV_20170221T052626_20170221T052656_004394_007A54_D883
S1A_IW_SLC__1SDV_20210606T052743_20210606T052810_038215_04828D_F1C8,S1A_IW_SLC__1SDV_20210630T052744_20210630T052811_038565_048CFD_FB70
S1A_IW_SLC__1SDV_20191226T052735_20191226T052802_030515_037E84_7CE9,S1A_IW_SLC__1SDV_20200119T052734_20200119T052801_030865_038AB8_DB95
S1C_IW_SLC__1SDV_20250428T052623_20250428T052654_002089_0045F6_764C,S1C_IW_SLC__1SDV_20250522T052648_20250522T052715_002439_0051B0_6A61
S1B_IW_SLC__1SDV_20200218T052652_20200218T052720_020319_0267BB_ABA7,S1B_IW_SLC__1SDV_20200313T052652_20200313T052720_020669_0272E4_BEA7
S1A_IW_SLC__1SDV_20181020T052731_20181020T052758_024215_02A631_80DE,S1A_IW_SLC__1SDV_20181101T052731_20181101T052758_024390_02ABE4_FB5E
S1A_IW_SLC__1SDV_20201114T052743_20201114T052810_035240_041D81_B6F4,S1A_IW_SLC__1SDV_20201126T052743_20201126T052810_035415_042383_029C
S1A_IW_SLC__1SDV_20200810T052741_20200810T052808_033840_03EC7E_14CF,S1A_IW_SLC__1SDV_20200903T052742_20200903T052809_034190_03F8CD_D292
S1A_IW_SLC__1SDV_20191226T052735_20191226T052802_030515_037E84_7CE9,S1A_IW_SLC__1SDV_20200107T052735_20200107T052802_030690_038490_DD42
S1B_IW_SLC__1SDV_20180710T052645_20180710T052711_011744_0159AE_E9E0,S1A_IW_SLC__1SDV_20180716T052727_20180716T052754_022815_02793C_BE0E
S1A_IW_SLC__1SDV_20170907T052723_20170907T052750_018265_01EB5E_D8F0,S1B_IW_SLC__1SDV_20170913T052649_20170913T052716_007369_00D00E_7D46
S1A_IW_SLC__1SDV_20240415T052756_20240415T052823_053440_067BAC_6BFF,S1A_IW_SLC__1SDV_20240509T052758_20240509T052825_053790_06895D_AB4D
S1C_IW_SLC__1SDV_20250510T052647_20250510T052714_002264_004CDC_B596,S1A_IW_SLC__1SDV_20250516T052749_20250516T052816_059215_075912_0083
S1B_IW_SLC__1SDV_20211115T052710_20211115T052737_029594_038826_0B82,S1B_IW_SLC__1SDV_20211127T052658_20211127T052726_029769_038D9E_E246
S1B_IW_SLC__1SDV_20190705T052653_20190705T052720_016994_01FF99_D6A5,S1B_IW_SLC__1SDV_20190717T052654_20190717T052721_017169_0204BF_30D7
S1B_IW_SLC__1SDV_20170410T052619_20170410T052647_005094_008E9F_187B,S1A_IW_SLC__1SDV_20170416T052704_20170416T052731_016165_01AB5A_CF0A
S1A_IW_SLC__1SDV_20191003T052737_20191003T052804_029290_03540E_FA05,S1B_IW_SLC__1SDV_20191021T052658_20191021T052725_018569_022FC8_F324
S1B_IW_SLC__1SDV_20170621T052645_20170621T052712_006144_00ACB6_D4C6,S1A_IW_SLC__1SDV_20170627T052719_20170627T052746_017215_01CB7E_54FF
S1B_IW_SLC__1SDV_20190211T052632_20190211T052700_014894_01BCD7_2231,S1B_IW_SLC__1SDV_20190223T052632_20190223T052700_015069_01C291_394C
S1B_IW_SLC__1SDV_20201003T052704_20201003T052731_023644_02CEC7_8541,S1A_IW_SLC__1SDV_20201009T052743_20201009T052810_034715_040B45_2877
S1B_IW_SLC__1SDV_20180417T052626_20180417T052654_010519_0132DA_3448,S1B_IW_SLC__1SDV_20180429T052627_20180429T052655_010694_013876_7C8F
S1A_IW_SLC__1SDV_20210326T052740_20210326T052807_037165_04604D_AB9A,S1B_IW_SLC__1SDV_20210413T052648_20210413T052715_026444_032830_BCEB
S1A_IW_SLC__1SDV_20240825T052755_20240825T052822_055365_06C085_AB4A,S1A_IW_SLC__1SDV_20240918T052756_20240918T052823_055715_06CE01_D195
S1B_IW_SLC__1SDV_20190130T052632_20190130T052700_014719_01B71A_E4CB,S1A_IW_SLC__1SDV_20190217T052727_20190217T052754_025965_02E479_38FC
S1B_IW_SLC__1SDV_20190822T052656_20190822T052723_017694_02149F_2D88,S1A_IW_SLC__1SDV_20190909T052736_20190909T052803_028940_03480E_39B4
S1A_IW_SLC__1SDV_20210829T052748_20210829T052815_039440_04A8CE_F96B,S1B_IW_SLC__1SDV_20210904T052709_20210904T052736_028544_036806_5330
S1B_IW_SLC__1SDV_20201120T052704_20201120T052731_024344_02E49B_D239,S1A_IW_SLC__1SDV_20201126T052743_20201126T052810_035415_042383_029C
S1A_IW_SLC__1SDV_20211004T052749_20211004T052816_039965_04BAE4_3486,S1A_IW_SLC__1SDV_20211028T052749_20211028T052816_040315_04C704_E04E
S1B_IW_SLC__1SDV_20170925T052650_20170925T052717_007544_00D51A_3D7B,S1A_IW_SLC__1SDV_20171001T052724_20171001T052751_018615_01F62C_5FA4
S1A_IW_SLC__1SDV_20171013T052724_20171013T052751_018790_01FB7E_434C,S1B_IW_SLC__1SDV_20171031T052650_20171031T052717_008069_00E421_5C2B
S1B_IW_SLC__1SDV_20180324T052625_20180324T052653_010169_012793_901B,S1A_IW_SLC__1SDV_20180330T052721_20180330T052748_021240_024878_63B9
S1A_IW_SLC__1SDV_20200107T052735_20200107T052802_030690_038490_DD42,S1B_IW_SLC__1SDV_20200125T052652_20200125T052720_019969_025C63_A3FE
S1A_IW_SLC__1SDV_20241129T052755_20241129T052822_056765_06F7AD_4280,S1A_IW_SLC__1SDV_20241223T052753_20241223T052820_057115_070590_ACCD
S1A_IW_SLC__1SDV_20211203T052748_20211203T052815_040840_04D945_ACAF,S1A_IW_SLC__1SDV_20211227T052747_20211227T052814_041190_04E503_4ED7
S1A_IW_SLC__1SDV_20200212T052734_20200212T052801_031215_0396EC_9486,S1B_IW_SLC__1SDV_20200301T052652_20200301T052719_020494_026D59_5C7E
S1B_IW_SLC__1SDV_20210531T052703_20210531T052730_027144_033E10_A0C2,S1A_IW_SLC__1SDV_20210618T052744_20210618T052811_038390_0487C0_C64E
S1A_IW_SLC__1SDV_20210630T052744_20210630T052811_038565_048CFD_FB70,S1A_IW_SLC__1SDV_20210712T052745_20210712T052812_038740_049246_9206
S1A_IW_SLC__1SDV_20230924T052800_20230924T052827_050465_0613D4_8221,S1A_IW_SLC__1SDV_20231006T052800_20231006T052827_050640_0619D2_8AF2
S1B_IW_SLC__1SDV_20190424T052633_20190424T052701_015944_01DF5C_1C3C,S1A_IW_SLC__1SDV_20190430T052729_20190430T052756_027015_030ABC_7509
S1A_IW_SLC__1SDV_20181231T052729_20181231T052756_025265_02CB42_9A6C,S1B_IW_SLC__1SDV_20190106T052633_20190106T052701_014369_01ABD6_5EEF
S1B_IW_SLC__1SDV_20210730T052707_20210730T052734_028019_0357B2_11EE,S1A_IW_SLC__1SDV_20210805T052747_20210805T052814_039090_049CCC_BF6A
S1B_IW_SLC__1SDV_20171124T052650_20171124T052717_008419_00EE92_47DD,S1A_IW_SLC__1SDV_20171130T052723_20171130T052750_019490_021126_6189
S1B_IW_SLC__1SDV_20170715T052647_20170715T052714_006494_00B6B9_959C,S1A_IW_SLC__1SDV_20170802T052721_20170802T052748_017740_01DB70_C804
S1A_IW_SLC__1SDV_20181125T052730_20181125T052757_024740_02B8BA_8B12,S1A_IW_SLC__1SDV_20181219T052729_20181219T052756_025090_02C4ED_AE9B
S1B_IW_SLC__1SDV_20181119T052651_20181119T052718_013669_019505_C2E0,S1B_IW_SLC__1SDV_20181201T052634_20181201T052702_013844_019AA0_551A
S1B_IW_SLC__1SDV_20211022T052710_20211022T052737_029244_037D72_4B24,S1B_IW_SLC__1SDV_20211103T052710_20211103T052737_029419_0382D5_1A28
S1B_IW_SLC__1SDV_20201214T052652_20201214T052720_024694_02EFD8_1E0E,S1A_IW_SLC__1SDV_20201220T052742_20201220T052809_035765_042F95_D318
S1B_IW_SLC__1SDV_20171230T052627_20171230T052655_008944_00FF51_7648,S1B_IW_SLC__1SDV_20180111T052626_20180111T052654_009119_01050B_FFE3
S1B_IW_SLC__1SDV_20210401T052648_20210401T052715_026269_032297_AD70,S1A_IW_SLC__1SDV_20210419T052741_20210419T052808_037515_046C67_B156
S1A_IW_SLC__1SDV_20200705T052739_20200705T052806_033315_03DC22_2E9B,S1A_IW_SLC__1SDV_20200717T052739_20200717T052806_033490_03E17A_B0B3
S1A_IW_SLC__1SDV_20240801T052755_20240801T052822_055015_06B3CE_8354,S1A_IW_SLC__1SDV_20240813T052755_20240813T052821_055190_06BA07_09F5
S1B_IW_SLC__1SDV_20191220T052654_20191220T052722_019444_024BAF_AE23,S1B_IW_SLC__1SDV_20200113T052653_20200113T052721_019794_0256CD_F5CC
S1B_IW_SLC__1SDV_20190717T052654_20190717T052721_017169_0204BF_30D7,S1B_IW_SLC__1SDV_20190810T052656_20190810T052722_017519_020F28_AE33
S1B_IW_SLC__1SDV_20210706T052705_20210706T052732_027669_034D60_B1C7,S1B_IW_SLC__1SDV_20210730T052707_20210730T052734_028019_0357B2_11EE
S1B_IW_SLC__1SDV_20190810T052656_20190810T052722_017519_020F28_AE33,S1B_IW_SLC__1SDV_20190903T052657_20190903T052724_017869_021A0C_DC54
S1A_IW_SLC__1SDV_20171013T052724_20171013T052751_018790_01FB7E_434C,S1A_IW_SLC__1SDV_20171025T052724_20171025T052751_018965_0200D3_66D3
S1A_IW_SLC__1SDV_20180902T052730_20180902T052757_023515_028F75_0BF8,S1A_IW_SLC__1SDV_20180914T052730_20180914T052757_023690_029512_F5AB
S1A_IW_SLC__1SDV_20170416T052704_20170416T052731_016165_01AB5A_CF0A,S1B_IW_SLC__1SDV_20170504T052621_20170504T052648_005444_0098B2_F1F0
S1A_IW_SLC__1SDV_20200331T052734_20200331T052801_031915_03AF41_38E9,S1B_IW_SLC__1SDV_20200406T052652_20200406T052720_021019_027DF4_AB54
S1A_IW_SLC__1SDV_20210805T052747_20210805T052814_039090_049CCC_BF6A,S1A_IW_SLC__1SDV_20210817T052747_20210817T052814_039265_04A2DC_402E
S1A_IW_SLC__1SDV_20250317T052749_20250317T052816_058340_073676_E9BD,S1A_IW_SLC__1SDV_20250329T052749_20250329T052816_058515_073D6E_DDD2
S1A_IW_SLC__1SDV_20240626T052756_20240626T052823_054490_06A192_EDDB,S1A_IW_SLC__1SDV_20240720T052755_20240720T052822_054840_06ADB3_9DD4
S1B_IW_SLC__1SDV_20211127T052658_20211127T052726_029769_038D9E_E246,S1A_IW_SLC__1SDV_20211203T052748_20211203T052815_040840_04D945_ACAF
S1A_IW_SLC__1SDV_20170721T052721_20170721T052748_017565_01D614_ACBE,S1B_IW_SLC__1SDV_20170808T052648_20170808T052715_006844_00C0C1_C412
S1B_IW_SLC__1SDV_20210413T052648_20210413T052715_026444_032830_BCEB,S1A_IW_SLC__1SDV_20210419T052741_20210419T052808_037515_046C67_B156
S1C_IW_SLC__1SDV_20250603T052649_20250603T052716_002614_0056AB_FBD0,S1A_IW_SLC__1SDV_20250621T052748_20250621T052815_059740_076B2D_5242
S1B_IW_SLC__1SDV_20190331T052632_20190331T052700_015594_01D3BB_E08C,S1B_IW_SLC__1SDV_20190412T052632_20190412T052700_015769_01D98F_9BE6
S1B_IW_SLC__1SDV_20180604T052651_20180604T052718_011219_014975_3912,S1B_IW_SLC__1SDV_20180616T052651_20180616T052718_011394_014ECE_4790
S1B_IW_SLC__1SDV_20171031T052650_20171031T052717_008069_00E421_5C2B,S1A_IW_SLC__1SDV_20171118T052724_20171118T052751_019315_020BAB_D077
S1A_IW_SLC__1SDV_20250528T052749_20250528T052816_059390_075F2B_7C91,S1C_IW_SLC__1SDV_20250603T052624_20250603T052651_002614_0056AB_CA0F
S1A_IW_SLC__1SDV_20210618T052744_20210618T052811_038390_0487C0_C64E,S1A_IW_SLC__1SDV_20210630T052744_20210630T052811_038565_048CFD_FB70
S1A_IW_SLC__1SDV_20210513T052742_20210513T052809_037865_047810_42D3,S1A_IW_SLC__1SDV_20210525T052742_20210525T052809_038040_047D59_743B
S1A_IW_SLC__1SDV_20200822T052742_20200822T052809_034015_03F2A9_38AC,S1B_IW_SLC__1SDV_20200909T052703_20200909T052730_023294_02C3D5_38DB
S1B_IW_SLC__1SDV_20190611T052654_20190611T052721_016644_01F53A_8203,S1A_IW_SLC__1SDV_20190629T052732_20190629T052759_027890_032617_84C6
S1A_IW_SLC__1SDV_20250329T052749_20250329T052816_058515_073D6E_DDD2,S1C_IW_SLC__1SDV_20250416T052617_20250416T052647_001914_003B88_D402
S1B_IW_SLC__1SDV_20210224T052659_20210224T052727_025744_0311BA_395D,S1B_IW_SLC__1SDV_20210320T052659_20210320T052727_026094_031D17_942E
S1A_IW_SLC__1SDV_20200424T052735_20200424T052802_032265_03BB90_D577,S1B_IW_SLC__1SDV_20200430T052700_20200430T052727_021369_028901_0728
S1A_IW_SLC__1SDV_20170311T052703_20170311T052730_015640_019B9A_5B44,S1B_IW_SLC__1SDV_20170329T052619_20170329T052647_004919_008992_9B81
S1A_IW_SLC__1SDV_20181207T052730_20181207T052757_024915_02BE95_51EE,S1B_IW_SLC__1SDV_20181225T052634_20181225T052701_014194_01A61A_23EE
S1A_IW_SLC__1SDV_20250528T052749_20250528T052816_059390_075F2B_7C91,S1C_IW_SLC__1SDV_20250615T052625_20250615T052652_002789_005BB9_3BFB
S1B_IW_SLC__1SDV_20190822T052656_20190822T052723_017694_02149F_2D88,S1B_IW_SLC__1SDV_20190915T052657_20190915T052724_018044_021F7F_4F9E
S1C_IW_SLC__1SDV_20250603T052624_20250603T052651_002614_0056AB_CA0F,S1A_IW_SLC__1SDV_20250621T052748_20250621T052815_059740_076B2D_5242
S1A_IW_SLC__1SDV_20180306T052721_20180306T052748_020890_023D5E_E7E3,S1B_IW_SLC__1SDV_20180312T052625_20180312T052653_009994_0121E9_7C6D
S1A_IW_SLC__1SDV_20180222T052721_20180222T052748_020715_0237D7_6CFE,S1A_IW_SLC__1SDV_20180306T052721_20180306T052748_020890_023D5E_E7E3
S1B_IW_SLC__1SDV_20180511T052627_20180511T052655_010869_013E1D_DAA5,S1B_IW_SLC__1SDV_20180604T052651_20180604T052718_011219_014975_3912
S1B_IW_SLC__1SDV_20210519T052650_20210519T052717_026969_0338DC_11C3,S1A_IW_SLC__1SDV_20210606T052743_20210606T052810_038215_04828D_F1C8
S1B_IW_SLC__1SDV_20171112T052650_20171112T052717_008244_00E948_A489,S1B_IW_SLC__1SDV_20171124T052650_20171124T052717_008419_00EE92_47DD
S1B_IW_SLC__1SDV_20190223T052632_20190223T052700_015069_01C291_394C,S1A_IW_SLC__1SDV_20190313T052727_20190313T052754_026315_02F11A_9B61
S1A_IW_SLC__1SDV_20230208T052751_20230208T052818_047140_05A7DD_0C3D,S1A_IW_SLC__1SDV_20230304T052751_20230304T052818_047490_05B3B1_333C
S1B_IW_SLC__1SDV_20170504T052621_20170504T052648_005444_0098B2_F1F0,S1B_IW_SLC__1SDV_20170528T052627_20170528T052654_005794_00A285_D8B7
S1B_IW_SLC__1SDV_20191114T052655_20191114T052723_018919_023AEE_4D67,S1B_IW_SLC__1SDV_20191208T052654_20191208T052722_019269_024619_3706
S1A_IW_SLC__1SDV_20200412T052734_20200412T052801_032090_03B56C_ED00,S1B_IW_SLC__1SDV_20200430T052700_20200430T052727_021369_028901_0728
S1B_IW_SLC__1SDV_20200113T052653_20200113T052721_019794_0256CD_F5CC,S1B_IW_SLC__1SDV_20200206T052652_20200206T052720_020144_026219_B0FF
S1B_IW_SLC__1SDV_20200406T052652_20200406T052720_021019_027DF4_AB54,S1B_IW_SLC__1SDV_20200418T052659_20200418T052726_021194_02837E_0816
S1A_IW_SLC__1SDV_20170404T052704_20170404T052731_015990_01A5FE_0277,S1A_IW_SLC__1SDV_20170416T052704_20170416T052731_016165_01AB5A_CF0A
S1B_IW_SLC__1SDV_20170410T052619_20170410T052647_005094_008E9F_187B,S1B_IW_SLC__1SDV_20170422T052620_20170422T052648_005269_0093AC_4207
S1B_IW_SLC__1SDV_20211115T052710_20211115T052737_029594_038826_0B82,S1A_IW_SLC__1SDV_20211203T052748_20211203T052815_040840_04D945_ACAF
S1A_IW_SLC__1SDV_20240906T052755_20240906T052822_055540_06C715_B502,S1A_IW_SLC__1SDV_20240918T052756_20240918T052823_055715_06CE01_D195
S1A_IW_SLC__1SDV_20201009T052743_20201009T052810_034715_040B45_2877,S1A_IW_SLC__1SDV_20201021T052743_20201021T052810_034890_041162_AF7D
S1B_IW_SLC__1SDV_20200921T052704_20200921T052731_023469_02C94E_F6FB,S1A_IW_SLC__1SDV_20200927T052743_20200927T052810_034540_040528_FA21
S1B_IW_SLC__1SDV_20191126T052655_20191126T052723_019094_02408F_E307,S1B_IW_SLC__1SDV_20191208T052654_20191208T052722_019269_024619_3706
S1A_IW_SLC__1SDV_20190629T052732_20190629T052759_027890_032617_84C6,S1A_IW_SLC__1SDV_20190711T052732_20190711T052759_028065_032B64_EB78
S1B_IW_SLC__1SDV_20210320T052659_20210320T052727_026094_031D17_942E,S1B_IW_SLC__1SDV_20210413T052648_20210413T052715_026444_032830_BCEB
S1A_IW_SLC__1SDV_20181008T052731_20181008T052758_024040_02A081_9F83,S1B_IW_SLC__1SDV_20181014T052649_20181014T052716_013144_018497_7619
S1B_IW_SLC__1SDV_20191009T052658_20191009T052725_018394_022A67_7584,S1B_IW_SLC__1SDV_20191021T052658_20191021T052725_018569_022FC8_F324
S1B_IW_SLC__1SDV_20180204T052625_20180204T052653_009469_01107B_7855,S1B_IW_SLC__1SDV_20180228T052625_20180228T052653_009819_011C0A_6CF6
S1A_IW_SLC__1SDV_20211109T052749_20211109T052816_040490_04CD29_8A6F,S1B_IW_SLC__1SDV_20211115T052710_20211115T052737_029594_038826_0B82
S1A_IW_SLC__1SDV_20170323T052703_20170323T052730_015815_01A0CD_C04F,S1B_IW_SLC__1SDV_20170410T052619_20170410T052647_005094_008E9F_187B
S1B_IW_SLC__1SDV_20171124T052650_20171124T052717_008419_00EE92_47DD,S1B_IW_SLC__1SDV_20171206T052627_20171206T052655_008594_00F425_4A68
S1B_IW_SLC__1SDV_20180429T052627_20180429T052655_010694_013876_7C8F,S1A_IW_SLC__1SDV_20180517T052723_20180517T052750_021940_025E79_F818
S1B_IW_SLC__1SDV_20180523T052628_20180523T052656_011044_0143CC_AD07,S1B_IW_SLC__1SDV_20180616T052651_20180616T052718_011394_014ECE_4790
S1A_IW_SLC__1SDV_20180821T052729_20180821T052756_023340_0289E6_9F43,S1B_IW_SLC__1SDV_20180908T052648_20180908T052715_012619_01748C_8F2F
S1A_IW_SLC__1SDV_20200530T052737_20200530T052804_032790_03CC56_8071,S1B_IW_SLC__1SDV_20200605T052658_20200605T052725_021894_0298D7_EB1B
S1B_IW_SLC__1SDV_20180511T052627_20180511T052655_010869_013E1D_DAA5,S1B_IW_SLC__1SDV_20180523T052628_20180523T052656_011044_0143CC_AD07
S1A_IW_SLC__1SDV_20171130T052723_20171130T052750_019490_021126_6189,S1A_IW_SLC__1SDV_20171224T052722_20171224T052749_019840_021C04_082B
S1A_IW_SLC__1SDV_20181219T052729_20181219T052756_025090_02C4ED_AE9B,S1A_IW_SLC__1SDV_20190112T052728_20190112T052755_025440_02D18B_2790
S1A_IW_SLC__1SDV_20200131T052734_20200131T052801_031040_0390D4_29FD,S1A_IW_SLC__1SDV_20200224T052733_20200224T052800_031390_039CF2_FE0E
S1B_IW_SLC__1SDV_20210916T052709_20210916T052736_028719_036D65_946D,S1B_IW_SLC__1SDV_20210928T052710_20210928T052737_028894_0372C3_C44A
S1B_IW_SLC__1SDV_20170422T052620_20170422T052648_005269_0093AC_4207,S1A_IW_SLC__1SDV_20170428T052705_20170428T052732_016340_01B0AA_3663
S1B_IW_SLC__1SDV_20200816T052702_20200816T052729_022944_02B8D4_8C49,S1B_IW_SLC__1SDV_20200828T052703_20200828T052730_023119_02BE55_8C3E
S1A_IW_SLC__1SDV_20170802T052721_20170802T052748_017740_01DB70_C804,S1A_IW_SLC__1SDV_20170814T052722_20170814T052749_017915_01E0C1_5791
S1C_IW_SLC__1SDV_20250416T052645_20250416T052712_001914_003B88_BA68,S1C_IW_SLC__1SDV_20250428T052623_20250428T052654_002089_0045F6_764C
S1B_IW_SLC__1SDV_20210401T052648_20210401T052715_026269_032297_AD70,S1B_IW_SLC__1SDV_20210425T052649_20210425T052716_026619_032DCD_4881
S1A_IW_SLC__1SDV_20170709T052720_20170709T052747_017390_01D0C1_5C0C,S1A_IW_SLC__1SDV_20170802T052721_20170802T052748_017740_01DB70_C804
S1A_IW_SLC__1SDV_20180610T052725_20180610T052752_022290_026990_BEE7,S1B_IW_SLC__1SDV_20180616T052651_20180616T052718_011394_014ECE_4790
S1B_IW_SLC__1SDV_20180204T052625_20180204T052653_009469_01107B_7855,S1B_IW_SLC__1SDV_20180216T052625_20180216T052653_009644_01163F_F38B
S1C_IW_SLC__1SDV_20250603T052649_20250603T052716_002614_0056AB_FBD0,S1C_IW_SLC__1SDV_20250627T052626_20250627T052653_002964_0060C9_7812
S1B_IW_SLC__1SDV_20180228T052625_20180228T052653_009819_011C0A_6CF6,S1B_IW_SLC__1SDV_20180312T052625_20180312T052653_009994_0121E9_7C6D
S1A_IW_SLC__1SDV_20230127T052752_20230127T052819_046965_05A203_59A8,S1A_IW_SLC__1SDV_20230208T052751_20230208T052818_047140_05A7DD_0C3D
S1A_IW_SLC__1SDV_20210525T052742_20210525T052809_038040_047D59_743B,S1A_IW_SLC__1SDV_20210618T052744_20210618T052811_038390_0487C0_C64E
S1B_IW_SLC__1SDV_20191220T052654_20191220T052722_019444_024BAF_AE23,S1A_IW_SLC__1SDV_20200107T052735_20200107T052802_030690_038490_DD42
S1A_IW_SLC__1SDV_20170721T052721_20170721T052748_017565_01D614_ACBE,S1A_IW_SLC__1SDV_20170802T052721_20170802T052748_017740_01DB70_C804
S1A_IW_SLC__1SDV_20180728T052727_20180728T052754_022990_027EC5_4DAE,S1A_IW_SLC__1SDV_20180821T052729_20180821T052756_023340_0289E6_9F43
S1B_IW_SLC__1SDV_20210904T052709_20210904T052736_028544_036806_5330,S1B_IW_SLC__1SDV_20210916T052709_20210916T052736_028719_036D65_946D
S1A_IW_SLC__1SDV_20231217T052758_20231217T052825_051690_063DFB_A400,S1A_IW_SLC__1SDV_20240110T052757_20240110T052824_052040_064A04_BE7A
S1A_IW_SLC__1SDV_20220625T052750_20220625T052817_043815_053B13_4FDD,S1A_IW_SLC__1SDV_20220707T052751_20220707T052818_043990_054042_43A6
S1A_IW_SLC__1SDV_20190909T052736_20190909T052803_028940_03480E_39B4,S1B_IW_SLC__1SDV_20190927T052658_20190927T052725_018219_0224E4_B9B7
S1A_IW_SLC__1SDV_20200623T052738_20200623T052805_033140_03D6D5_C291,S1B_IW_SLC__1SDV_20200711T052700_20200711T052727_022419_02A8D0_4DF9
S1B_IW_SLC__1SDV_20170305T052626_20170305T052655_004569_007F6C_E7BB,S1A_IW_SLC__1SDV_20170311T052703_20170311T052730_015640_019B9A_5B44
S1A_IW_SLC__1SDV_20200518T052736_20200518T052803_032615_03C710_982B,S1B_IW_SLC__1SDV_20200524T052657_20200524T052724_021719_029398_A4C9
S1A_IW_SLC__1SDV_20231006T052800_20231006T052827_050640_0619D2_8AF2,S1A_IW_SLC__1SDV_20231018T052800_20231018T052827_050815_061FDA_F5FD
S1B_IW_SLC__1SDV_20170209T052626_20170209T052656_004219_007502_9CB7,S1B_IW_SLC__1SDV_20170305T052626_20170305T052655_004569_007F6C_E7BB
S1B_IW_SLC__1SDV_20210413T052648_20210413T052715_026444_032830_BCEB,S1B_IW_SLC__1SDV_20210425T052649_20210425T052716_026619_032DCD_4881
S1C_IW_SLC__1SDV_20250603T052624_20250603T052651_002614_0056AB_CA0F,S1A_IW_SLC__1SDV_20250609T052748_20250609T052815_059565_076523_2F2F
S1B_IW_SLC__1SDV_20201108T052704_20201108T052731_024169_02DF1E_457C,S1B_IW_SLC__1SDV_20201202T052652_20201202T052720_024519_02EA28_CC32
S1B_IW_SLC__1SDV_20170516T052627_20170516T052654_005619_009D73_A07F,S1A_IW_SLC__1SDV_20170603T052718_20170603T052745_016865_01C0C1_9BC4
S1A_IW_SLC__1SDV_20241105T052756_20241105T052823_056415_06E9B5_3560,S1A_IW_SLC__1SDV_20241129T052755_20241129T052822_056765_06F7AD_4280
S1A_IW_SLC__1SDV_20211227T052747_20211227T052814_041190_04E503_4ED7,S1A_IW_SLC__1SDV_20220108T052746_20220108T052813_041365_04EB00_C211
S1C_IW_SLC__1SDV_20250416T052617_20250416T052647_001914_003B88_D402,S1A_IW_SLC__1SDV_20250504T052750_20250504T052817_059040_0752C4_8948
S1B_IW_SLC__1SDV_20200113T052653_20200113T052721_019794_0256CD_F5CC,S1A_IW_SLC__1SDV_20200131T052734_20200131T052801_031040_0390D4_29FD
S1B_IW_SLC__1SDV_20181201T052634_20181201T052702_013844_019AA0_551A,S1B_IW_SLC__1SDV_20181225T052634_20181225T052701_014194_01A61A_23EE
S1B_IW_SLC__1SDV_20170305T052626_20170305T052655_004569_007F6C_E7BB,S1B_IW_SLC__1SDV_20170317T052619_20170317T052647_004744_008495_3627
S1A_IW_SLC__1SDV_20250609T052748_20250609T052815_059565_076523_2F2F,S1A_IW_SLC__1SDV_20250621T052748_20250621T052815_059740_076B2D_5242
S1C_IW_SLC__1SDV_20250603T052624_20250603T052651_002614_0056AB_CA0F,S1C_IW_SLC__1SDV_20250627T052626_20250627T052653_002964_0060C9_7812
S1A_IW_SLC__1SDV_20171130T052723_20171130T052750_019490_021126_6189,S1A_IW_SLC__1SDV_20171212T052723_20171212T052750_019665_0216A4_A5B7
S1B_IW_SLC__1SDV_20170820T052648_20170820T052715_007019_00C5DD_040A,S1B_IW_SLC__1SDV_20170901T052649_20170901T052716_007194_00CAE9_527C
S1B_IW_SLC__1SDV_20181026T052649_20181026T052716_013319_018A02_6B1E,S1A_IW_SLC__1SDV_20181101T052731_20181101T052758_024390_02ABE4_FB5E
S1B_IW_SLC__1SDV_20210916T052709_20210916T052736_028719_036D65_946D,S1B_IW_SLC__1SDV_20211010T052710_20211010T052737_029069_037802_2AE0
S1A_IW_SLC__1SDV_20230527T052754_20230527T052821_048715_05DBDD_76D7,S1A_IW_SLC__1SDV_20230608T052754_20230608T052821_048890_05E11C_8B09
S1A_IW_SLC__1SDV_20230620T052755_20230620T052822_049065_05E675_B101,S1A_IW_SLC__1SDV_20230714T052756_20230714T052823_049415_05F130_0F19
S1B_IW_SLC__1SDV_20180111T052626_20180111T052654_009119_01050B_FFE3,S1A_IW_SLC__1SDV_20180117T052721_20180117T052748_020190_02271E_F491
S1B_IW_SLC__1SDV_20211022T052710_20211022T052737_029244_037D72_4B24,S1B_IW_SLC__1SDV_20211115T052710_20211115T052737_029594_038826_0B82
S1A_IW_SLC__1SDV_20221104T052755_20221104T052822_045740_057878_0C52,S1A_IW_SLC__1SDV_20221116T052754_20221116T052821_045915_057E6A_4613
S1B_IW_SLC__1SDV_20191220T052654_20191220T052722_019444_024BAF_AE23,S1A_IW_SLC__1SDV_20191226T052735_20191226T052802_030515_037E84_7CE9
S1B_IW_SLC__1SDV_20211115T052710_20211115T052737_029594_038826_0B82,S1A_IW_SLC__1SDV_20211121T052749_20211121T052816_040665_04D32B_16C9
S1B_IW_SLC__1SDV_20211221T052657_20211221T052725_030119_0398B0_849F,S1A_IW_SLC__1SDV_20211227T052747_20211227T052814_041190_04E503_4ED7
S1A_IW_SLC__1SDV_20210525T052742_20210525T052809_038040_047D59_743B,S1B_IW_SLC__1SDV_20210612T052704_20210612T052731_027319_034352_B4EB
S1A_IW_SLC__1SDV_20191202T052736_20191202T052803_030165_037270_3899,S1A_IW_SLC__1SDV_20191226T052735_20191226T052802_030515_037E84_7CE9
S1B_IW_SLC__1SDV_20210531T052703_20210531T052730_027144_033E10_A0C2,S1B_IW_SLC__1SDV_20210624T052705_20210624T052732_027494_034848_474E
S1A_IW_SLC__1SDV_20210314T052739_20210314T052806_036990_045A45_0F92,S1A_IW_SLC__1SDV_20210326T052740_20210326T052807_037165_04604D_AB9A
S1A_IW_SLC__1SDV_20190711T052732_20190711T052759_028065_032B64_EB78,S1B_IW_SLC__1SDV_20190729T052655_20190729T052722_017344_0209DE_A100
S1A_IW_SLC__1SDV_20211203T052748_20211203T052815_040840_04D945_ACAF,S1B_IW_SLC__1SDV_20211221T052657_20211221T052725_030119_0398B0_849F
S1A_IW_SLC__1SDV_20240825T052755_20240825T052822_055365_06C085_AB4A,S1A_IW_SLC__1SDV_20240906T052755_20240906T052822_055540_06C715_B502
S1B_IW_SLC__1SDV_20190412T052632_20190412T052700_015769_01D98F_9BE6,S1A_IW_SLC__1SDV_20190430T052729_20190430T052756_027015_030ABC_7509
S1B_IW_SLC__1SDV_20210612T052704_20210612T052731_027319_034352_B4EB,S1A_IW_SLC__1SDV_20210630T052744_20210630T052811_038565_048CFD_FB70
S1A_IW_SLC__1SDV_20231030T052800_20231030T052827_050990_0625CB_9D51,S1A_IW_SLC__1SDV_20231111T052759_20231111T052826_051165_062BCE_24E0
S1B_IW_SLC__1SDV_20200430T052700_20200430T052727_021369_028901_0728,S1B_IW_SLC__1SDV_20200524T052657_20200524T052724_021719_029398_A4C9
S1B_IW_SLC__1SDV_20170422T052620_20170422T052648_005269_0093AC_4207,S1A_IW_SLC__1SDV_20170510T052706_20170510T052733_016515_01B5F9_8C9C
S1B_IW_SLC__1SDV_20180908T052648_20180908T052715_012619_01748C_8F2F,S1B_IW_SLC__1SDV_20180920T052648_20180920T052715_012794_0179E4_EAD9
S1A_IW_SLC__1SDV_20230912T052800_20230912T052827_050290_060DE1_B2BF,S1A_IW_SLC__1SDV_20231006T052800_20231006T052827_050640_0619D2_8AF2
S1B_IW_SLC__1SDV_20190903T052657_20190903T052724_017869_021A0C_DC54,S1A_IW_SLC__1SDV_20190909T052736_20190909T052803_028940_03480E_39B4
S1A_IW_SLC__1SDV_20180716T052727_20180716T052754_022815_02793C_BE0E,S1B_IW_SLC__1SDV_20180722T052646_20180722T052713_011919_015F08_7539
S1A_IW_SLC__1SDV_20210618T052744_20210618T052811_038390_0487C0_C64E,S1B_IW_SLC__1SDV_20210706T052705_20210706T052732_027669_034D60_B1C7
S1C_IW_SLC__1SDV_20250522T052623_20250522T052650_002439_0051B0_D5F0,S1C_IW_SLC__1SDV_20250603T052624_20250603T052651_002614_0056AB_CA0F
S1B_IW_SLC__1SDV_20201003T052704_20201003T052731_023644_02CEC7_8541,S1A_IW_SLC__1SDV_20201021T052743_20201021T052810_034890_041162_AF7D
S1A_IW_SLC__1SDV_20211028T052749_20211028T052816_040315_04C704_E04E,S1A_IW_SLC__1SDV_20211109T052749_20211109T052816_040490_04CD29_8A6F
S1B_IW_SLC__1SDV_20190810T052656_20190810T052722_017519_020F28_AE33,S1B_IW_SLC__1SDV_20190822T052656_20190822T052723_017694_02149F_2D88
S1A_IW_SLC__1SDV_20190301T052727_20190301T052754_026140_02EABC_75FE,S1A_IW_SLC__1SDV_20190325T052728_20190325T052755_026490_02F791_061C
S1A_IW_SLC__1SDV_20180517T052723_20180517T052750_021940_025E79_F818,S1A_IW_SLC__1SDV_20180529T052724_20180529T052751_022115_026419_F53B
S1A_IW_SLC__1SDV_20191015T052737_20191015T052804_029465_035A1F_54EB,S1B_IW_SLC__1SDV_20191102T052658_20191102T052725_018744_023546_0C18
S1A_IW_SLC__1SDV_20210805T052747_20210805T052814_039090_049CCC_BF6A,S1A_IW_SLC__1SDV_20210829T052748_20210829T052815_039440_04A8CE_F96B
S1B_IW_SLC__1SDV_20170104T052630_20170104T052659_003694_006588_7B59,S1B_IW_SLC__1SDV_20170128T052626_20170128T052656_004044_006FDE_2BAA
S1A_IW_SLC__1SDV_20210326T052740_20210326T052807_037165_04604D_AB9A,S1A_IW_SLC__1SDV_20210407T052740_20210407T052807_037340_04665D_0CA9
S1B_IW_SLC__1SDV_20181213T052634_20181213T052702_014019_01A04C_25C2,S1B_IW_SLC__1SDV_20181225T052634_20181225T052701_014194_01A61A_23EE
S1B_IW_SLC__1SDV_20200804T052702_20200804T052729_022769_02B36C_3763,S1B_IW_SLC__1SDV_20200816T052702_20200816T052729_022944_02B8D4_8C49
S1B_IW_SLC__1SDV_20170209T052626_20170209T052656_004219_007502_9CB7,S1B_IW_SLC__1SDV_20170221T052626_20170221T052656_004394_007A54_D883
S1B_IW_SLC__1SDV_20180111T052626_20180111T052654_009119_01050B_FFE3,S1A_IW_SLC__1SDV_20180129T052721_20180129T052748_020365_022CA8_F715
S1A_IW_SLC__1SDV_20241012T052756_20241012T052823_056065_06DBD4_B7B5,S1A_IW_SLC__1SDV_20241105T052756_20241105T052823_056415_06E9B5_3560
S1A_IW_SLC__1SDV_20170404T052704_20170404T052731_015990_01A5FE_0277,S1B_IW_SLC__1SDV_20170422T052620_20170422T052648_005269_0093AC_4207
S1C_IW_SLC__1SDV_20250510T052647_20250510T052714_002264_004CDC_B596,S1C_IW_SLC__1SDV_20250603T052624_20250603T052651_002614_0056AB_CA0F
S1A_IW_SLC__1SDV_20220719T052752_20220719T052819_044165_054588_4AB1,S1A_IW_SLC__1SDV_20220812T052753_20220812T052820_044515_054FF1_A12B
S1B_IW_SLC__1SDV_20200206T052652_20200206T052720_020144_026219_B0FF,S1B_IW_SLC__1SDV_20200301T052652_20200301T052719_020494_026D59_5C7E
S1B_IW_SLC__1SDV_20170528T052627_20170528T052654_005794_00A285_D8B7,S1A_IW_SLC__1SDV_20170603T052718_20170603T052745_016865_01C0C1_9BC4
S1B_IW_SLC__1SDV_20181014T052649_20181014T052716_013144_018497_7619,S1A_IW_SLC__1SDV_20181020T052731_20181020T052758_024215_02A631_80DE
S1A_IW_SLC__1SDV_20220108T052746_20220108T052813_041365_04EB00_C211,S1A_IW_SLC__1SDV_20220201T052745_20220201T052812_041715_04F6B0_93F0
S1B_IW_SLC__1SDV_20200406T052652_20200406T052720_021019_027DF4_AB54,S1B_IW_SLC__1SDV_20200430T052700_20200430T052727_021369_028901_0728
S1A_IW_SLC__1SDV_20220731T052752_20220731T052819_044340_054AAA_02CB,S1A_IW_SLC__1SDV_20220812T052753_20220812T052820_044515_054FF1_A12B
S1B_IW_SLC__1SDV_20210425T052649_20210425T052716_026619_032DCD_4881,S1A_IW_SLC__1SDV_20210513T052742_20210513T052809_037865_047810_42D3
S1B_IW_SLC__1SDV_20190705T052653_20190705T052720_016994_01FF99_D6A5,S1B_IW_SLC__1SDV_20190729T052655_20190729T052722_017344_0209DE_A100
S1B_IW_SLC__1SDV_20190506T052633_20190506T052701_016119_01E53A_17A0,S1A_IW_SLC__1SDV_20190524T052730_20190524T052757_027365_03162B_4C3C
S1A_IW_SLC__1SDV_20200903T052742_20200903T052809_034190_03F8CD_D292,S1B_IW_SLC__1SDV_20200909T052703_20200909T052730_023294_02C3D5_38DB
S1B_IW_SLC__1SDV_20180803T052646_20180803T052713_012094_01644D_5E68,S1A_IW_SLC__1SDV_20180809T052728_20180809T052755_023165_02843F_1B64
S1A_IW_SLC__1SDV_20210817T052747_20210817T052814_039265_04A2DC_402E,S1A_IW_SLC__1SDV_20210829T052748_20210829T052815_039440_04A8CE_F96B
S1B_IW_SLC__1SDV_20170116T052626_20170116T052656_003869_006A94_F8DD,S1B_IW_SLC__1SDV_20170209T052626_20170209T052656_004219_007502_9CB7
S1A_IW_SLC__1SDV_20190723T052733_20190723T052800_028240_0330AD_C0B7,S1A_IW_SLC__1SDV_20190816T052735_20190816T052802_028590_033BDA_5B30
S1A_IW_SLC__1SDV_20250609T052748_20250609T052815_059565_076523_2F2F,S1C_IW_SLC__1SDV_20250627T052626_20250627T052653_002964_0060C9_7812
S1A_IW_SLC__1SDV_20210712T052745_20210712T052812_038740_049246_9206,S1A_IW_SLC__1SDV_20210805T052747_20210805T052814_039090_049CCC_BF6A
S1A_IW_SLC__1SDV_20240427T052757_20240427T052824_053615_06828C_0B08,S1A_IW_SLC__1SDV_20240509T052758_20240509T052825_053790_06895D_AB4D
S1B_IW_SLC__1SDV_20190717T052654_20190717T052721_017169_0204BF_30D7,S1A_IW_SLC__1SDV_20190723T052733_20190723T052800_028240_0330AD_C0B7
S1B_IW_SLC__1SDV_20180111T052626_20180111T052654_009119_01050B_FFE3,S1B_IW_SLC__1SDV_20180123T052626_20180123T052654_009294_010ABE_AE4A
S1A_IW_SLC__1SDV_20170227T052703_20170227T052730_015465_01964E_C28B,S1A_IW_SLC__1SDV_20170323T052703_20170323T052730_015815_01A0CD_C04F
S1A_IW_SLC__1SDV_20170311T052703_20170311T052730_015640_019B9A_5B44,S1A_IW_SLC__1SDV_20170323T052703_20170323T052730_015815_01A0CD_C04F
S1A_IW_SLC__1SDV_20210218T052739_20210218T052806_036640_044E13_C75B,S1A_IW_SLC__1SDV_20210314T052739_20210314T052806_036990_045A45_0F92
S1B_IW_SLC__1SDV_20180312T052625_20180312T052653_009994_0121E9_7C6D,S1B_IW_SLC__1SDV_20180405T052626_20180405T052654_010344_012D43_712D
S1B_IW_SLC__1SDV_20181213T052634_20181213T052702_014019_01A04C_25C2,S1A_IW_SLC__1SDV_20181231T052729_20181231T052756_025265_02CB42_9A6C
S1A_IW_SLC__1SDV_20170428T052705_20170428T052732_016340_01B0AA_3663,S1A_IW_SLC__1SDV_20170510T052706_20170510T052733_016515_01B5F9_8C9C
S1A_IW_SLC__1SDV_20190629T052732_20190629T052759_027890_032617_84C6,S1B_IW_SLC__1SDV_20190717T052654_20190717T052721_017169_0204BF_30D7
S1A_IW_SLC__1SDV_20220601T052749_20220601T052816_043465_0530A1_A235,S1A_IW_SLC__1SDV_20220625T052750_20220625T052817_043815_053B13_4FDD
S1B_IW_SLC__1SDV_20180405T052626_20180405T052654_010344_012D43_712D,S1A_IW_SLC__1SDV_20180411T052722_20180411T052749_021415_024DEE_8429
S1B_IW_SLC__1SDV_20170329T052619_20170329T052647_004919_008992_9B81,S1B_IW_SLC__1SDV_20170422T052620_20170422T052648_005269_0093AC_4207
S1A_IW_SLC__1SDV_20230409T052752_20230409T052819_048015_05C56B_325E,S1A_IW_SLC__1SDV_20230421T052751_20230421T052818_048190_05CB44_D258
S1B_IW_SLC__1SDV_20200325T052652_20200325T052720_020844_02786B_7CF7,S1B_IW_SLC__1SDV_20200418T052659_20200418T052726_021194_02837E_0816
S1B_IW_SLC__1SDV_20170808T052648_20170808T052715_006844_00C0C1_C412,S1B_IW_SLC__1SDV_20170820T052648_20170820T052715_007019_00C5DD_040A
S1B_IW_SLC__1SDV_20180405T052626_20180405T052654_010344_012D43_712D,S1A_IW_SLC__1SDV_20180423T052722_20180423T052749_021590_025363_B564
S1B_IW_SLC__1SDV_20190623T052652_20190623T052719_016819_01FA6A_10DC,S1A_IW_SLC__1SDV_20190629T052732_20190629T052759_027890_032617_84C6
S1A_IW_SLC__1SDV_20190205T052727_20190205T052754_025790_02DE47_911F,S1A_IW_SLC__1SDV_20190301T052727_20190301T052754_026140_02EABC_75FE
S1A_IW_SLC__1SDV_20250317T052749_20250317T052816_058340_073676_E9BD,S1A_IW_SLC__1SDV_20250410T052749_20250410T052816_058690_074497_D8B1
S1A_IW_SLC__1SDV_20171106T052724_20171106T052751_019140_020636_06A7,S1B_IW_SLC__1SDV_20171112T052650_20171112T052717_008244_00E948_A489
S1A_IW_SLC__1SDV_20230527T052754_20230527T052821_048715_05DBDD_76D7,S1A_IW_SLC__1SDV_20230620T052755_20230620T052822_049065_05E675_B101
S1A_IW_SLC__1SDV_20170416T052704_20170416T052731_016165_01AB5A_CF0A,S1B_IW_SLC__1SDV_20170422T052620_20170422T052648_005269_0093AC_4207
S1A_IW_SLC__1SDV_20181101T052731_20181101T052758_024390_02ABE4_FB5E,S1A_IW_SLC__1SDV_20181125T052730_20181125T052757_024740_02B8BA_8B12
S1A_IW_SLC__1SDV_20210407T052740_20210407T052807_037340_04665D_0CA9,S1A_IW_SLC__1SDV_20210501T052741_20210501T052808_037690_04727A_4318
S1B_IW_SLC__1SDV_20211010T052710_20211010T052737_029069_037802_2AE0,S1B_IW_SLC__1SDV_20211103T052710_20211103T052737_029419_0382D5_1A28
S1B_IW_SLC__1SDV_20200816T052702_20200816T052729_022944_02B8D4_8C49,S1B_IW_SLC__1SDV_20200909T052703_20200909T052730_023294_02C3D5_38DB
S1B_IW_SLC__1SDV_20210904T052709_20210904T052736_028544_036806_5330,S1A_IW_SLC__1SDV_20210910T052748_20210910T052815_039615_04AEE1_8C96
S1A_IW_SLC__1SDV_20201114T052743_20201114T052810_035240_041D81_B6F4,S1B_IW_SLC__1SDV_20201202T052652_20201202T052720_024519_02EA28_CC32
S1B_IW_SLC__1SDV_20190903T052657_20190903T052724_017869_021A0C_DC54,S1B_IW_SLC__1SDV_20190915T052657_20190915T052724_018044_021F7F_4F9E
S1A_IW_SLC__1SDV_20210206T052742_20210206T052810_036465_0447F6_596F,S1A_IW_SLC__1SDV_20210218T052739_20210218T052806_036640_044E13_C75B
S1A_IW_SLC__1SDV_20231111T052759_20231111T052826_051165_062BCE_24E0,S1A_IW_SLC__1SDV_20231205T052759_20231205T052826_051515_0637DD_F32E
S1A_IW_SLC__1SDV_20200822T052742_20200822T052809_034015_03F2A9_38AC,S1A_IW_SLC__1SDV_20200915T052743_20200915T052810_034365_03FEFD_519E
S1A_IW_SLC__1SDV_20170510T052706_20170510T052733_016515_01B5F9_8C9C,S1B_IW_SLC__1SDV_20170516T052627_20170516T052654_005619_009D73_A07F
S1A_IW_SLC__1SDV_20191214T052736_20191214T052803_030340_03787B_41FA,S1B_IW_SLC__1SDV_20200101T052653_20200101T052721_019619_025146_CC04
S1A_IW_SLC__1SDV_20170919T052724_20170919T052751_018440_01F0C7_981A,S1A_IW_SLC__1SDV_20171001T052724_20171001T052751_018615_01F62C_5FA4
S1A_IW_SLC__1SDV_20250329T052749_20250329T052816_058515_073D6E_DDD2,S1A_IW_SLC__1SDV_20250410T052749_20250410T052816_058690_074497_D8B1
S1C_IW_SLC__1SDV_20250510T052647_20250510T052714_002264_004CDC_B596,S1C_IW_SLC__1SDV_20250522T052648_20250522T052715_002439_0051B0_6A61
S1A_IW_SLC__1SDV_20241012T052756_20241012T052823_056065_06DBD4_B7B5,S1A_IW_SLC__1SDV_20241024T052756_20241024T052823_056240_06E2C2_6986
S1A_IW_SLC__1SDV_20240801T052755_20240801T052822_055015_06B3CE_8354,S1A_IW_SLC__1SDV_20240825T052755_20240825T052822_055365_06C085_AB4A
S1B_IW_SLC__1SDV_20190915T052657_20190915T052724_018044_021F7F_4F9E,S1A_IW_SLC__1SDV_20190921T052736_20190921T052803_029115_034E0E_1248
S1B_IW_SLC__1SDV_20180827T052647_20180827T052714_012444_016F26_38C1,S1B_IW_SLC__1SDV_20180908T052648_20180908T052715_012619_01748C_8F2F
S1A_IW_SLC__1SDV_20190524T052730_20190524T052757_027365_03162B_4C3C,S1B_IW_SLC__1SDV_20190530T052651_20190530T052718_016469_01F003_ECE1
S1A_IW_SLC__1SDV_20190804T052734_20190804T052801_028415_033604_65D4,S1A_IW_SLC__1SDV_20190816T052735_20190816T052802_028590_033BDA_5B30
S1A_IW_SLC__1SDV_20170522T052706_20170522T052733_016690_01BB5A_71C2,S1B_IW_SLC__1SDV_20170528T052627_20170528T052654_005794_00A285_D8B7
S1A_IW_SLC__1SDV_20200810T052741_20200810T052808_033840_03EC7E_14CF,S1B_IW_SLC__1SDV_20200828T052703_20200828T052730_023119_02BE55_8C3E
S1A_IW_SLC__1SDV_20230304T052751_20230304T052818_047490_05B3B1_333C,S1A_IW_SLC__1SDV_20230328T052751_20230328T052818_047840_05BF83_097A
S1A_IW_SLC__1SDV_20210302T052739_20210302T052806_036815_045422_DB18,S1B_IW_SLC__1SDV_20210308T052659_20210308T052727_025919_031775_A250
S1C_IW_SLC__1SDV_20250522T052648_20250522T052715_002439_0051B0_6A61,S1C_IW_SLC__1SDV_20250615T052625_20250615T052652_002789_005BB9_3BFB
S1B_IW_SLC__1SDV_20170116T052626_20170116T052656_003869_006A94_F8DD,S1A_IW_SLC__1SDV_20170203T052703_20170203T052730_015115_018B6D_8504
S1A_IW_SLC__1SDV_20230702T052755_20230702T052822_049240_05EBC4_6ECD,S1A_IW_SLC__1SDV_20230726T052757_20230726T052824_049590_05F68C_E633
S1A_IW_SLC__1SDV_20171106T052724_20171106T052751_019140_020636_06A7,S1B_IW_SLC__1SDV_20171124T052650_20171124T052717_008419_00EE92_47DD
S1B_IW_SLC__1SDV_20201226T052651_20201226T052719_024869_02F584_1449,S1A_IW_SLC__1SDV_20210101T052741_20210101T052808_035940_0435A9_F516
S1A_IW_SLC__1SDV_20240215T052756_20240215T052823_052565_065BBA_BFC6,S1A_IW_SLC__1SDV_20240227T052756_20240227T052823_052740_0661B3_D2A7
S1A_IW_SLC__1SDV_20211016T052749_20211016T052816_040140_04C0F0_6664,S1A_IW_SLC__1SDV_20211028T052749_20211028T052816_040315_04C704_E04E
S1A_IW_SLC__1SDV_20181113T052730_20181113T052757_024565_02B24A_6AD5,S1B_IW_SLC__1SDV_20181201T052634_20181201T052702_013844_019AA0_551A
S1A_IW_SLC__1SDV_20240930T052756_20240930T052823_055890_06D4F1_5BCD,S1A_IW_SLC__1SDV_20241012T052756_20241012T052823_056065_06DBD4_B7B5
S1A_IW_SLC__1SDV_20200810T052741_20200810T052808_033840_03EC7E_14CF,S1B_IW_SLC__1SDV_20200816T052702_20200816T052729_022944_02B8D4_8C49
S1A_IW_SLC__1SDV_20190112T052728_20190112T052755_025440_02D18B_2790,S1A_IW_SLC__1SDV_20190124T052728_20190124T052755_025615_02D7ED_F0A7
S1A_IW_SLC__1SDV_20180411T052722_20180411T052749_021415_024DEE_8429,S1A_IW_SLC__1SDV_20180505T052723_20180505T052750_021765_0258EB_7AA2
S1A_IW_SLC__1SDV_20180105T052722_20180105T052749_020015_02218B_2D7D,S1A_IW_SLC__1SDV_20180117T052721_20180117T052748_020190_02271E_F491
S1B_IW_SLC__1SDV_20200113T052653_20200113T052721_019794_0256CD_F5CC,S1B_IW_SLC__1SDV_20200125T052652_20200125T052720_019969_025C63_A3FE
S1A_IW_SLC__1SDV_20190921T052736_20190921T052803_029115_034E0E_1248,S1A_IW_SLC__1SDV_20191015T052737_20191015T052804_029465_035A1F_54EB
S1A_IW_SLC__1SDV_20190617T052731_20190617T052758_027715_0320DB_11E5,S1B_IW_SLC__1SDV_20190623T052652_20190623T052719_016819_01FA6A_10DC
S1A_IW_SLC__1SDV_20200927T052743_20200927T052810_034540_040528_FA21,S1A_IW_SLC__1SDV_20201009T052743_20201009T052810_034715_040B45_2877
S1A_IW_SLC__1SDV_20210302T052739_20210302T052806_036815_045422_DB18,S1A_IW_SLC__1SDV_20210326T052740_20210326T052807_037165_04604D_AB9A
S1A_IW_SLC__1SDV_20191108T052737_20191108T052804_029815_036652_DAA7,S1B_IW_SLC__1SDV_20191114T052655_20191114T052723_018919_023AEE_4D67
S1B_IW_SLC__1SDV_20180628T052652_20180628T052719_011569_01543E_E189,S1B_IW_SLC__1SDV_20180722T052646_20180722T052713_011919_015F08_7539
S1B_IW_SLC__1SDV_20170621T052645_20170621T052712_006144_00ACB6_D4C6,S1A_IW_SLC__1SDV_20170709T052720_20170709T052747_017390_01D0C1_5C0C
S1A_IW_SLC__1SDV_20220309T052745_20220309T052812_042240_0508CF_DA73,S1A_IW_SLC__1SDV_20220402T052746_20220402T052813_042590_0514A4_7691
S1B_IW_SLC__1SDV_20190518T052634_20190518T052702_016294_01EAAB_FD01,S1A_IW_SLC__1SDV_20190605T052730_20190605T052757_027540_031B94_E331
S1B_IW_SLC__1SDV_20210320T052659_20210320T052727_026094_031D17_942E,S1A_IW_SLC__1SDV_20210407T052740_20210407T052807_037340_04665D_0CA9
S1C_IW_SLC__1SDV_20250510T052622_20250510T052649_002264_004CDC_A592,S1C_IW_SLC__1SDV_20250522T052623_20250522T052650_002439_0051B0_D5F0
S1B_IW_SLC__1SDV_20180908T052648_20180908T052715_012619_01748C_8F2F,S1B_IW_SLC__1SDV_20181002T052649_20181002T052716_012969_017F41_1AF9
S1A_IW_SLC__1SDV_20210606T052743_20210606T052810_038215_04828D_F1C8,S1B_IW_SLC__1SDV_20210624T052705_20210624T052732_027494_034848_474E
S1B_IW_SLC__1SDV_20200629T052659_20200629T052726_022244_02A37D_A349,S1B_IW_SLC__1SDV_20200711T052700_20200711T052727_022419_02A8D0_4DF9
S1A_IW_SLC__1SDV_20210101T052741_20210101T052808_035940_0435A9_F516,S1A_IW_SLC__1SDV_20210113T052742_20210113T052810_036115_043BDA_AEFF
S1B_IW_SLC__1SDV_20200125T052652_20200125T052720_019969_025C63_A3FE,S1A_IW_SLC__1SDV_20200212T052734_20200212T052801_031215_0396EC_9486
S1B_IW_SLC__1SDV_20191021T052658_20191021T052725_018569_022FC8_F324,S1B_IW_SLC__1SDV_20191114T052655_20191114T052723_018919_023AEE_4D67
S1C_IW_SLC__1SDV_20250416T052617_20250416T052647_001914_003B88_D402,S1C_IW_SLC__1SDV_20250428T052623_20250428T052654_002089_0045F6_764C
S1A_IW_SLC__1SDV_20170227T052703_20170227T052730_015465_01964E_C28B,S1B_IW_SLC__1SDV_20170305T052626_20170305T052655_004569_007F6C_E7BB
S1A_IW_SLC__1SDV_20250410T052749_20250410T052816_058690_074497_D8B1,S1C_IW_SLC__1SDV_20250416T052617_20250416T052647_001914_003B88_D402
S1A_IW_SLC__1SDV_20210125T052742_20210125T052810_036290_0441E9_6E89,S1A_IW_SLC__1SDV_20210206T052742_20210206T052810_036465_0447F6_596F
S1A_IW_SLC__1SDV_20191202T052736_20191202T052803_030165_037270_3899,S1B_IW_SLC__1SDV_20191220T052654_20191220T052722_019444_024BAF_AE23
S1B_IW_SLC__1SDV_20200301T052652_20200301T052719_020494_026D59_5C7E,S1B_IW_SLC__1SDV_20200313T052652_20200313T052720_020669_0272E4_BEA7
S1C_IW_SLC__1SDV_20250428T052623_20250428T052654_002089_0045F6_764C,S1C_IW_SLC__1SDV_20250510T052622_20250510T052649_002264_004CDC_A592
S1A_IW_SLC__1SDV_20180105T052722_20180105T052749_020015_02218B_2D7D,S1A_IW_SLC__1SDV_20180129T052721_20180129T052748_020365_022CA8_F715
S1A_IW_SLC__1SDV_20210501T052741_20210501T052808_037690_04727A_4318,S1B_IW_SLC__1SDV_20210507T052649_20210507T052716_026794_033365_E539
S1A_IW_SLC__1SDV_20230115T052752_20230115T052819_046790_059C18_D107,S1A_IW_SLC__1SDV_20230127T052752_20230127T052819_046965_05A203_59A8
S1A_IW_SLC__1SDV_20170404T052704_20170404T052731_015990_01A5FE_0277,S1B_IW_SLC__1SDV_20170410T052619_20170410T052647_005094_008E9F_187B
S1B_IW_SLC__1SDV_20170609T052645_20170609T052712_005969_00A798_805C,S1B_IW_SLC__1SDV_20170621T052645_20170621T052712_006144_00ACB6_D4C6
S1A_IW_SLC__1SDV_20210525T052742_20210525T052809_038040_047D59_743B,S1A_IW_SLC__1SDV_20210606T052743_20210606T052810_038215_04828D_F1C8
S1B_IW_SLC__1SDV_20200418T052659_20200418T052726_021194_02837E_0816,S1A_IW_SLC__1SDV_20200506T052735_20200506T052802_032440_03C1BA_22D3
S1A_IW_SLC__1SDV_20190205T052727_20190205T052754_025790_02DE47_911F,S1B_IW_SLC__1SDV_20190223T052632_20190223T052700_015069_01C291_394C
S1B_IW_SLC__1SDV_20210401T052648_20210401T052715_026269_032297_AD70,S1B_IW_SLC__1SDV_20210413T052648_20210413T052715_026444_032830_BCEB
S1B_IW_SLC__1SDV_20180616T052651_20180616T052718_011394_014ECE_4790,S1B_IW_SLC__1SDV_20180628T052652_20180628T052719_011569_01543E_E189
S1B_IW_SLC__1SDV_20171230T052627_20171230T052655_008944_00FF51_7648,S1A_IW_SLC__1SDV_20180117T052721_20180117T052748_020190_02271E_F491
S1A_IW_SLC__1SDV_20190816T052735_20190816T052802_028590_033BDA_5B30,S1B_IW_SLC__1SDV_20190903T052657_20190903T052724_017869_021A0C_DC54
S1A_IW_SLC__1SDV_20210314T052739_20210314T052806_036990_045A45_0F92,S1B_IW_SLC__1SDV_20210320T052659_20210320T052727_026094_031D17_942E
S1B_IW_SLC__1SDV_20210928T052710_20210928T052737_028894_0372C3_C44A,S1B_IW_SLC__1SDV_20211010T052710_20211010T052737_029069_037802_2AE0
S1B_IW_SLC__1SDV_20180722T052646_20180722T052713_011919_015F08_7539,S1A_IW_SLC__1SDV_20180728T052727_20180728T052754_022990_027EC5_4DAE
S1A_IW_SLC__1SDV_20250516T052749_20250516T052816_059215_075912_0083,S1C_IW_SLC__1SDV_20250603T052624_20250603T052651_002614_0056AB_CA0F
S1B_IW_SLC__1SDV_20180803T052646_20180803T052713_012094_01644D_5E68,S1B_IW_SLC__1SDV_20180815T052647_20180815T052714_012269_0169B5_C097
S1B_IW_SLC__1SDV_20190106T052633_20190106T052701_014369_01ABD6_5EEF,S1A_IW_SLC__1SDV_20190124T052728_20190124T052755_025615_02D7ED_F0A7
S1B_IW_SLC__1SDV_20180722T052646_20180722T052713_011919_015F08_7539,S1A_IW_SLC__1SDV_20180809T052728_20180809T052755_023165_02843F_1B64
S1A_IW_SLC__1SDV_20201126T052743_20201126T052810_035415_042383_029C,S1B_IW_SLC__1SDV_20201202T052652_20201202T052720_024519_02EA28_CC32
S1A_IW_SLC__1SDV_20191003T052737_20191003T052804_029290_03540E_FA05,S1A_IW_SLC__1SDV_20191015T052737_20191015T052804_029465_035A1F_54EB
S1A_IW_SLC__1SDV_20250329T052749_20250329T052816_058515_073D6E_DDD2,S1C_IW_SLC__1SDV_20250416T052645_20250416T052712_001914_003B88_BA68
S1A_IW_SLC__1SDV_20210805T052747_20210805T052814_039090_049CCC_BF6A,S1B_IW_SLC__1SDV_20210811T052708_20210811T052735_028194_035D14_25ED
S1A_IW_SLC__1SDV_20200412T052734_20200412T052801_032090_03B56C_ED00,S1A_IW_SLC__1SDV_20200424T052735_20200424T052802_032265_03BB90_D577
S1A_IW_SLC__1SDV_20170802T052721_20170802T052748_017740_01DB70_C804,S1A_IW_SLC__1SDV_20170826T052723_20170826T052750_018090_01E60E_3D8C
S1B_IW_SLC__1SDV_20180604T052651_20180604T052718_011219_014975_3912,S1B_IW_SLC__1SDV_20180628T052652_20180628T052719_011569_01543E_E189
S1A_IW_SLC__1SDV_20170627T052719_20170627T052746_017215_01CB7E_54FF,S1A_IW_SLC__1SDV_20170709T052720_20170709T052747_017390_01D0C1_5C0C
S1A_IW_SLC__1SDV_20180105T052722_20180105T052749_020015_02218B_2D7D,S1B_IW_SLC__1SDV_20180123T052626_20180123T052654_009294_010ABE_AE4A
S1B_IW_SLC__1SDV_20170913T052649_20170913T052716_007369_00D00E_7D46,S1B_IW_SLC__1SDV_20170925T052650_20170925T052717_007544_00D51A_3D7B
S1B_IW_SLC__1SDV_20210706T052705_20210706T052732_027669_034D60_B1C7,S1B_IW_SLC__1SDV_20210718T052706_20210718T052733_027844_035293_52FD
S1A_IW_SLC__1SDV_20190313T052727_20190313T052754_026315_02F11A_9B61,S1A_IW_SLC__1SDV_20190325T052728_20190325T052755_026490_02F791_061C
S1A_IW_SLC__1SDV_20200729T052740_20200729T052807_033665_03E6D8_5C43,S1B_IW_SLC__1SDV_20200816T052702_20200816T052729_022944_02B8D4_8C49
S1A_IW_SLC__1SDV_20190629T052732_20190629T052759_027890_032617_84C6,S1B_IW_SLC__1SDV_20190705T052653_20190705T052720_016994_01FF99_D6A5
S1B_IW_SLC__1SDV_20200629T052659_20200629T052726_022244_02A37D_A349,S1B_IW_SLC__1SDV_20200723T052701_20200723T052728_022594_02AE21_F84A
S1A_IW_SLC__1SDV_20240415T052756_20240415T052823_053440_067BAC_6BFF,S1A_IW_SLC__1SDV_20240427T052757_20240427T052824_053615_06828C_0B08
S1B_IW_SLC__1SDV_20201202T052652_20201202T052720_024519_02EA28_CC32,S1B_IW_SLC__1SDV_20201226T052651_20201226T052719_024869_02F584_1449
S1A_IW_SLC__1SDV_20220812T052753_20220812T052820_044515_054FF1_A12B,S1A_IW_SLC__1SDV_20220905T052755_20220905T052822_044865_055BC8_F4BF
S1A_IW_SLC__1SDV_20171212T052723_20171212T052750_019665_0216A4_A5B7,S1A_IW_SLC__1SDV_20180105T052722_20180105T052749_020015_02218B_2D7D
S1A_IW_SLC__1SDV_20180902T052730_20180902T052757_023515_028F75_0BF8,S1A_IW_SLC__1SDV_20180926T052730_20180926T052757_023865_029AC2_A56B
S1A_IW_SLC__1SDV_20230726T052757_20230726T052824_049590_05F68C_E633,S1A_IW_SLC__1SDV_20230807T052758_20230807T052825_049765_05FBF2_AEB1
S1A_IW_SLC__1SDV_20190804T052734_20190804T052801_028415_033604_65D4,S1A_IW_SLC__1SDV_20190828T052735_20190828T052802_028765_0341F8_5329
S1A_IW_SLC__1SDV_20170203T052703_20170203T052730_015115_018B6D_8504,S1A_IW_SLC__1SDV_20170227T052703_20170227T052730_015465_01964E_C28B
S1A_IW_SLC__1SDV_20200506T052735_20200506T052802_032440_03C1BA_22D3,S1B_IW_SLC__1SDV_20200512T052700_20200512T052727_021544_028E77_8519
S1B_IW_SLC__1SDV_20190903T052657_20190903T052724_017869_021A0C_DC54,S1A_IW_SLC__1SDV_20190921T052736_20190921T052803_029115_034E0E_1248
S1A_IW_SLC__1SDV_20170615T052719_20170615T052746_017040_01C629_70BE,S1A_IW_SLC__1SDV_20170627T052719_20170627T052746_017215_01CB7E_54FF
S1A_IW_SLC__1SDV_20200915T052743_20200915T052810_034365_03FEFD_519E,S1A_IW_SLC__1SDV_20200927T052743_20200927T052810_034540_040528_FA21
S1A_IW_SLC__1SDV_20170522T052706_20170522T052733_016690_01BB5A_71C2,S1A_IW_SLC__1SDV_20170603T052718_20170603T052745_016865_01C0C1_9BC4
S1B_IW_SLC__1SDV_20190307T052632_20190307T052700_015244_01C85A_A3F6,S1A_IW_SLC__1SDV_20190325T052728_20190325T052755_026490_02F791_061C
S1B_IW_SLC__1SDV_20200125T052652_20200125T052720_019969_025C63_A3FE,S1A_IW_SLC__1SDV_20200131T052734_20200131T052801_031040_0390D4_29FD
S1B_IW_SLC__1SDV_20190223T052632_20190223T052700_015069_01C291_394C,S1B_IW_SLC__1SDV_20190307T052632_20190307T052700_015244_01C85A_A3F6
S1A_IW_SLC__1SDV_20200530T052737_20200530T052804_032790_03CC56_8071,S1A_IW_SLC__1SDV_20200623T052738_20200623T052805_033140_03D6D5_C291
S1B_IW_SLC__1SDV_20170104T052630_20170104T052659_003694_006588_7B59,S1B_IW_SLC__1SDV_20170116T052626_20170116T052656_003869_006A94_F8DD
S1A_IW_SLC__1SDV_20181101T052731_20181101T052758_024390_02ABE4_FB5E,S1B_IW_SLC__1SDV_20181107T052651_20181107T052718_013494_018F83_3656
S1B_IW_SLC__1SDV_20180324T052625_20180324T052653_010169_012793_901B,S1B_IW_SLC__1SDV_20180405T052626_20180405T052654_010344_012D43_712D
S1B_IW_SLC__1SDV_20180815T052647_20180815T052714_012269_0169B5_C097,S1B_IW_SLC__1SDV_20180827T052647_20180827T052714_012444_016F26_38C1
S1A_IW_SLC__1SDV_20250609T052748_20250609T052815_059565_076523_2F2F,S1C_IW_SLC__1SDV_20250627T052651_20250627T052719_002964_0060C9_5498
S1A_IW_SLC__1SDV_20200331T052734_20200331T052801_031915_03AF41_38E9,S1B_IW_SLC__1SDV_20200418T052659_20200418T052726_021194_02837E_0816
S1A_IW_SLC__1SDV_20220917T052755_20220917T052822_045040_0561A9_F6A4,S1A_IW_SLC__1SDV_20221011T052755_20221011T052822_045390_056D69_82CF
S1B_IW_SLC__1SDV_20210119T052648_20210119T052715_025219_0300BA_B183,S1A_IW_SLC__1SDV_20210125T052742_20210125T052810_036290_0441E9_6E89
S1A_IW_SLC__1SDV_20201021T052743_20201021T052810_034890_041162_AF7D,S1A_IW_SLC__1SDV_20201102T052743_20201102T052810_035065_04175E_207B
S1A_IW_SLC__1SDV_20250329T052749_20250329T052816_058515_073D6E_DDD2,S1A_IW_SLC__1SDV_20250422T052750_20250422T052817_058865_074BC1_EE23
S1A_IW_SLC__1SDV_20210125T052742_20210125T052810_036290_0441E9_6E89,S1B_IW_SLC__1SDV_20210212T052700_20210212T052728_025569_030C04_1B7F
S1B_IW_SLC__1SDV_20210706T052705_20210706T052732_027669_034D60_B1C7,S1A_IW_SLC__1SDV_20210724T052746_20210724T052813_038915_049781_33FF
S1B_IW_SLC__1SDV_20201015T052704_20201015T052731_023819_02D439_18DB,S1B_IW_SLC__1SDV_20201108T052704_20201108T052731_024169_02DF1E_457C
S1A_IW_SLC__1SDV_20180129T052721_20180129T052748_020365_022CA8_F715,S1B_IW_SLC__1SDV_20180204T052625_20180204T052653_009469_01107B_7855
S1B_IW_SLC__1SDV_20210131T052648_20210131T052715_025394_030647_1EED,S1B_IW_SLC__1SDV_20210224T052659_20210224T052727_025744_0311BA_395D
S1B_IW_SLC__1SDV_20210119T052648_20210119T052715_025219_0300BA_B183,S1B_IW_SLC__1SDV_20210212T052700_20210212T052728_025569_030C04_1B7F
S1A_IW_SLC__1SDV_20231123T052759_20231123T052826_051340_0631DC_C848,S1A_IW_SLC__1SDV_20231217T052758_20231217T052825_051690_063DFB_A400
S1A_IW_SLC__1SDV_20250516T052749_20250516T052816_059215_075912_0083,S1C_IW_SLC__1SDV_20250522T052648_20250522T052715_002439_0051B0_6A61
S1B_IW_SLC__1SDV_20171230T052627_20171230T052655_008944_00FF51_7648,S1B_IW_SLC__1SDV_20180123T052626_20180123T052654_009294_010ABE_AE4A
S1A_IW_SLC__1SDV_20190617T052731_20190617T052758_027715_0320DB_11E5,S1A_IW_SLC__1SDV_20190629T052732_20190629T052759_027890_032617_84C6
S1A_IW_SLC__1SDV_20200623T052738_20200623T052805_033140_03D6D5_C291,S1A_IW_SLC__1SDV_20200705T052739_20200705T052806_033315_03DC22_2E9B
S1A_IW_SLC__1SDV_20171013T052724_20171013T052751_018790_01FB7E_434C,S1A_IW_SLC__1SDV_20171106T052724_20171106T052751_019140_020636_06A7
S1B_IW_SLC__1SDV_20170901T052649_20170901T052716_007194_00CAE9_527C,S1B_IW_SLC__1SDV_20170925T052650_20170925T052717_007544_00D51A_3D7B
S1B_IW_SLC__1SDV_20210928T052710_20210928T052737_028894_0372C3_C44A,S1A_IW_SLC__1SDV_20211016T052749_20211016T052816_040140_04C0F0_6664
S1C_IW_SLC__1SDV_20250603T052649_20250603T052716_002614_0056AB_FBD0,S1C_IW_SLC__1SDV_20250615T052650_20250615T052717_002789_005BB9_453C
S1A_IW_SLC__1SDV_20170311T052703_20170311T052730_015640_019B9A_5B44,S1A_IW_SLC__1SDV_20170404T052704_20170404T052731_015990_01A5FE_0277
S1B_IW_SLC__1SDV_20180523T052628_20180523T052656_011044_0143CC_AD07,S1A_IW_SLC__1SDV_20180529T052724_20180529T052751_022115_026419_F53B
S1A_IW_SLC__1SDV_20171118T052724_20171118T052751_019315_020BAB_D077,S1A_IW_SLC__1SDV_20171130T052723_20171130T052750_019490_021126_6189
S1A_IW_SLC__1SDV_20210724T052746_20210724T052813_038915_049781_33FF,S1A_IW_SLC__1SDV_20210817T052747_20210817T052814_039265_04A2DC_402E
S1A_IW_SLC__1SDV_20191226T052735_20191226T052802_030515_037E84_7CE9,S1B_IW_SLC__1SDV_20200101T052653_20200101T052721_019619_025146_CC04
S1A_IW_SLC__1SDV_20190921T052736_20190921T052803_029115_034E0E_1248,S1A_IW_SLC__1SDV_20191003T052737_20191003T052804_029290_03540E_FA05
S1B_IW_SLC__1SDV_20190810T052656_20190810T052722_017519_020F28_AE33,S1A_IW_SLC__1SDV_20190816T052735_20190816T052802_028590_033BDA_5B30
S1A_IW_SLC__1SDV_20200518T052736_20200518T052803_032615_03C710_982B,S1B_IW_SLC__1SDV_20200605T052658_20200605T052725_021894_0298D7_EB1B
S1A_IW_SLC__1SDV_20210724T052746_20210724T052813_038915_049781_33FF,S1B_IW_SLC__1SDV_20210730T052707_20210730T052734_028019_0357B2_11EE
S1A_IW_SLC__1SDV_20200224T052733_20200224T052800_031390_039CF2_FE0E,S1B_IW_SLC__1SDV_20200313T052652_20200313T052720_020669_0272E4_BEA7
S1C_IW_SLC__1SDV_20250522T052623_20250522T052650_002439_0051B0_D5F0,S1C_IW_SLC__1SDV_20250615T052650_20250615T052717_002789_005BB9_453C
S1A_IW_SLC__1SDV_20190430T052729_20190430T052756_027015_030ABC_7509,S1A_IW_SLC__1SDV_20190524T052730_20190524T052757_027365_03162B_4C3C
S1B_IW_SLC__1SDV_20211103T052710_20211103T052737_029419_0382D5_1A28,S1A_IW_SLC__1SDV_20211109T052749_20211109T052816_040490_04CD29_8A6F
S1A_IW_SLC__1SDV_20180610T052725_20180610T052752_022290_026990_BEE7,S1B_IW_SLC__1SDV_20180628T052652_20180628T052719_011569_01543E_E189
S1B_IW_SLC__1SDV_20180312T052625_20180312T052653_009994_0121E9_7C6D,S1A_IW_SLC__1SDV_20180330T052721_20180330T052748_021240_024878_63B9
S1B_IW_SLC__1SDV_20210131T052648_20210131T052715_025394_030647_1EED,S1A_IW_SLC__1SDV_20210206T052742_20210206T052810_036465_0447F6_596F
S1B_IW_SLC__1SDV_20190130T052632_20190130T052700_014719_01B71A_E4CB,S1B_IW_SLC__1SDV_20190223T052632_20190223T052700_015069_01C291_394C
S1B_IW_SLC__1SDV_20190927T052658_20190927T052725_018219_0224E4_B9B7,S1B_IW_SLC__1SDV_20191021T052658_20191021T052725_018569_022FC8_F324
S1A_IW_SLC__1SDV_20200131T052734_20200131T052801_031040_0390D4_29FD,S1A_IW_SLC__1SDV_20200212T052734_20200212T052801_031215_0396EC_9486
S1A_IW_SLC__1SDV_20200212T052734_20200212T052801_031215_0396EC_9486,S1A_IW_SLC__1SDV_20200307T052734_20200307T052801_031565_03A2FE_ACA9
S1C_IW_SLC__1SDV_20250615T052650_20250615T052717_002789_005BB9_453C,S1C_IW_SLC__1SDV_20250627T052651_20250627T052719_002964_0060C9_5498
S1A_IW_SLC__1SDV_20200107T052735_20200107T052802_030690_038490_DD42,S1A_IW_SLC__1SDV_20200131T052734_20200131T052801_031040_0390D4_29FD
S1A_IW_SLC__1SDV_20201220T052742_20201220T052809_035765_042F95_D318,S1A_IW_SLC__1SDV_20210101T052741_20210101T052808_035940_0435A9_F516
S1B_IW_SLC__1SDV_20180216T052625_20180216T052653_009644_01163F_F38B,S1A_IW_SLC__1SDV_20180306T052721_20180306T052748_020890_023D5E_E7E3
