centerLat,centerLon,stopTime,fileID,flightDirection,pathNumber,processingLevel,url,startTime,sceneName,browse,platform,bytes,md5sum,frameNumber,granuleType,orbit,polarization,processingDate,sensor,groupID,pgeVersion,fileName,beamModeType,s3Urls,temporalBaseline,perpendicularBaseline,geometry
44.58,10.1377,2017-01-04T05:26:59Z,S1B_IW_SLC__1SDV_20170104T052630_20170104T052659_003694_006588_7B59-SLC,DESCENDING,168,SLC,https://datapool.asf.alaska.edu/SLC/SB/S1B_IW_SLC__1SDV_20170104T052630_20170104T052659_003694_006588_7B59.zip,2017-01-04 05:26:30+00:00,S1B_IW_SLC__1SDV_20170104T052630_20170104T052659_003694_006588_7B59,,Sentinel-1B,4883760991,e980ba06a4cc9383d9d2e5649536c8ad,443,SENTINEL_1B_FRAME,3694,VV+VH,2017-01-04T05:26:30Z,C-SAR,S1B_IWDV_0443_0449_003694_168,002.72,S1B_IW_SLC__1SDV_20170104T052630_20170104T052659_003694_006588_7B59.zip,IW,['s3://asf-ngap2w-p-s1-slc-7b420b89/S1B_IW_SLC__1SDV_20170104T052630_20170104T052659_003694_006588_7B59.zip'],0,0.0,"{'coordinates': [[[11.461445, 43.47847], [11.954021, 45.267426], [8.756722, 45.659603], [8.363881, 43.870438], [11.461445, 43.47847]]], 'type': 'Polygon'}"
45.1071,10.2542,2017-01-10T05:27:31Z,S1A_IW_SLC__1SDV_20170110T052704_20170110T052731_014765_0180A8_38EC-SLC,DESCENDING,168,SLC,https://datapool.asf.alaska.edu/SLC/SA/S1A_IW_SLC__1SDV_20170110T052704_20170110T052731_014765_0180A8_38EC.zip,2017-01-10 05:27:04+00:00,S1A_IW_SLC__1SDV_20170110T052704_20170110T052731_014765_0180A8_38EC,,Sentinel-1A,4601574529,382b0646ca635af0a066fb59a236b063,442,SENTINEL_1A_FRAME,14765,VV+VH,2017-01-10T05:27:04Z,C-SAR,S1A_IWDV_0442_0447_014765_168,002.72,S1A_IW_SLC__1SDV_20170110T052704_20170110T052731_014765_0180A8_38EC.zip,IW,['s3://asf-ngap2w-p-s1-slc-7b420b89/S1A_IW_SLC__1SDV_20170110T052704_20170110T052731_014765_0180A8_38EC.zip'],6,52.0,"{'coordinates': [[[11.651173, 44.086056], [12.102125, 45.703411], [8.800138, 46.104816], [8.444085, 44.487141], [11.651173, 44.086056]]], 'type': 'Polygon'}"
44.7457,10.1804,2017-01-16T05:26:56Z,S1B_IW_SLC__1SDV_20170116T052626_20170116T052656_003869_006A94_F8DD-SLC,DESCENDING,168,SLC,https://datapool.asf.alaska.edu/SLC/SB/S1B_IW_SLC__1SDV_20170116T052626_20170116T052656_003869_006A94_F8DD.zip,2017-01-16 05:26:26+00:00,S1B_IW_SLC__1SDV_20170116T052626_20170116T052656_003869_006A94_F8DD,,Sentinel-1B,4932816435,af8614257fd9ef7cd9ea9e62207949e0,443,SENTINEL_1B_FRAME,3869,VV+VH,2017-01-16T05:26:26Z,C-SAR,S1B_IWDV_0443_0449_003869_168,002.72,S1B_IW_SLC__1SDV_20170116T052626_20170116T052656_003869_006A94_F8DD.zip,IW,['s3://asf-ngap2w-p-s1-slc-7b420b89/S1B_IW_SLC__1SDV_20170116T052626_20170116T052656_003869_006A94_F8DD.zip'],12,48.0,"{'coordinates': [[[11.508479, 43.64423], [12.00266, 45.432556], [8.79447, 45.82497], [8.40088, 44.036381], [11.508479, 43.64423]]], 'type': 'Polygon'}"
44.7447,10.1796,2017-01-28T05:26:56Z,S1B_IW_SLC__1SDV_20170128T052626_20170128T052656_004044_006FDE_2BAA-SLC,DESCENDING,168,SLC,https://datapool.asf.alaska.edu/SLC/SB/S1B_IW_SLC__1SDV_20170128T052626_20170128T052656_004044_006FDE_2BAA.zip,2017-01-28 05:26:26+00:00,S1B_IW_SLC__1SDV_20170128T052626_20170128T052656_004044_006FDE_2BAA,,Sentinel-1B,4940777537,fd6eab933ded081c9ff638a68a813168,443,SENTINEL_1B_FRAME,4044,VV+VH,2017-01-28T05:26:26Z,C-SAR,S1B_IWDV_0443_0449_004044_168,002.72,S1B_IW_SLC__1SDV_20170128T052626_20170128T052656_004044_006FDE_2BAA.zip,IW,['s3://asf-ngap2w-p-s1-slc-7b420b89/S1B_IW_SLC__1SDV_20170128T052626_20170128T052656_004044_006FDE_2BAA.zip'],24,79.0,"{'coordinates': [[[11.507637, 43.643208], [12.001826, 45.431789], [8.793682, 45.824162], [8.400091, 44.035316], [11.507637, 43.643208]]], 'type': 'Polygon'}"
45.1069,10.255,2017-02-03T05:27:30Z,S1A_IW_SLC__1SDV_20170203T052703_20170203T052730_015115_018B6D_8504-SLC,DESCENDING,168,SLC,https://datapool.asf.alaska.edu/SLC/SA/S1A_IW_SLC__1SDV_20170203T052703_20170203T052730_015115_018B6D_8504.zip,2017-02-03 05:27:03+00:00,S1A_IW_SLC__1SDV_20170203T052703_20170203T052730_015115_018B6D_8504,,Sentinel-1A,4833807879,1dcdbfadb689d478772653f5e84f5c84,442,SENTINEL_1A_FRAME,15115,VV+VH,2017-02-03T05:27:03Z,C-SAR,S1A_IWDV_0442_0447_015115_168,002.72,S1A_IW_SLC__1SDV_20170203T052703_20170203T052730_015115_018B6D_8504.zip,IW,['s3://asf-ngap2w-p-s1-slc-7b420b89/S1A_IW_SLC__1SDV_20170203T052703_20170203T052730_015115_018B6D_8504.zip'],30,-18.0,"{'coordinates': [[[11.651952, 44.085892], [12.102915, 45.703121], [8.801088, 46.104565], [8.445011, 44.487015], [11.651952, 44.085892]]], 'type': 'Polygon'}"
44.7448,10.1796,2017-02-09T05:26:56Z,S1B_IW_SLC__1SDV_20170209T052626_20170209T052656_004219_007502_9CB7-SLC,DESCENDING,168,SLC,https://datapool.asf.alaska.edu/SLC/SB/S1B_IW_SLC__1SDV_20170209T052626_20170209T052656_004219_007502_9CB7.zip,2017-02-09 05:26:26+00:00,S1B_IW_SLC__1SDV_20170209T052626_20170209T052656_004219_007502_9CB7,,Sentinel-1B,5158778016,7f68531026adc08739d45eff917a13c1,443,SENTINEL_1B_FRAME,4219,VV+VH,2017-02-09T05:26:26Z,C-SAR,S1B_IWDV_0443_0449_004219_168,002.72,S1B_IW_SLC__1SDV_20170209T052626_20170209T052656_004219_007502_9CB7.zip,IW,['s3://asf-ngap2w-p-s1-slc-7b420b89/S1B_IW_SLC__1SDV_20170209T052626_20170209T052656_004219_007502_9CB7.zip'],36,80.0,"{'coordinates': [[[11.507701, 43.64341], [12.001764, 45.431625], [8.793622, 45.823978], [8.400135, 44.035503], [11.507701, 43.64341]]], 'type': 'Polygon'}"
45.1075,10.2546,2017-02-15T05:27:30Z,S1A_IW_SLC__1SDV_20170215T052703_20170215T052730_015290_0190F9_ED5F-SLC,DESCENDING,168,SLC,https://datapool.asf.alaska.edu/SLC/SA/S1A_IW_SLC__1SDV_20170215T052703_20170215T052730_015290_0190F9_ED5F.zip,2017-02-15 05:27:03+00:00,S1A_IW_SLC__1SDV_20170215T052703_20170215T052730_015290_0190F9_ED5F,,Sentinel-1A,4745892214,541a802bc6c463dafe4590b06f642fac,442,SENTINEL_1A_FRAME,15290,VV+VH,2017-02-15T05:27:03Z,C-SAR,S1A_IWDV_0442_0447_015290_168,002.72,S1A_IW_SLC__1SDV_20170215T052703_20170215T052730_015290_0190F9_ED5F.zip,IW,['s3://asf-ngap2w-p-s1-slc-7b420b89/S1A_IW_SLC__1SDV_20170215T052703_20170215T052730_015290_0190F9_ED5F.zip'],42,-3.0,"{'coordinates': [[[11.651584, 44.086555], [12.102492, 45.703667], [8.800656, 46.10508], [8.444628, 44.487648], [11.651584, 44.086555]]], 'type': 'Polygon'}"
44.7445,10.1802,2017-02-21T05:26:56Z,S1B_IW_SLC__1SDV_20170221T052626_20170221T052656_004394_007A54_D883-SLC,DESCENDING,168,SLC,https://datapool.asf.alaska.edu/SLC/SB/S1B_IW_SLC__1SDV_20170221T052626_20170221T052656_004394_007A54_D883.zip,2017-02-21 05:26:26+00:00,S1B_IW_SLC__1SDV_20170221T052626_20170221T052656_004394_007A54_D883,,Sentinel-1B,5073533930,da457b992fa27f274eabd2c3d27af47a,443,SENTINEL_1B_FRAME,4394,VV+VH,2017-02-21T05:26:26Z,C-SAR,S1B_IWDV_0443_0449_004394_168,002.72,S1B_IW_SLC__1SDV_20170221T052626_20170221T052656_004394_007A54_D883.zip,IW,['s3://asf-ngap2w-p-s1-slc-7b420b89/S1B_IW_SLC__1SDV_20170221T052626_20170221T052656_004394_007A54_D883.zip'],48,-1.0,"{'coordinates': [[[11.508106, 43.642765], [12.002438, 45.431721], [8.794495, 45.824112], [8.400772, 44.034897], [11.508106, 43.642765]]], 'type': 'Polygon'}"
45.1075,10.2535,2017-02-27T05:27:30Z,S1A_IW_SLC__1SDV_20170227T052703_20170227T052730_015465_01964E_C28B-SLC,DESCENDING,168,SLC,https://datapool.asf.alaska.edu/SLC/SA/S1A_IW_SLC__1SDV_20170227T052703_20170227T052730_015465_01964E_C28B.zip,2017-02-27 05:27:03+00:00,S1A_IW_SLC__1SDV_20170227T052703_20170227T052730_015465_01964E_C28B,,Sentinel-1A,4712913862,db7c8e87e71e26a4d5e30a845fb54136,442,SENTINEL_1A_FRAME,15465,VV+VH,2017-02-27T05:27:03Z,C-SAR,S1A_IWDV_0442_0447_015465_168,002.72,S1A_IW_SLC__1SDV_20170227T052703_20170227T052730_015465_01964E_C28B.zip,IW,['s3://asf-ngap2w-p-s1-slc-7b420b89/S1A_IW_SLC__1SDV_20170227T052703_20170227T052730_015465_01964E_C28B.zip'],54,47.0,"{'coordinates': [[[11.650411, 44.086594], [12.101297, 45.703846], [8.799588, 46.105186], [8.443584, 44.487617], [11.650411, 44.086594]]], 'type': 'Polygon'}"
44.7442,10.1812,2017-03-05T05:26:55Z,S1B_IW_SLC__1SDV_20170305T052626_20170305T052655_004569_007F6C_E7BB-SLC,DESCENDING,168,SLC,https://datapool.asf.alaska.edu/SLC/SB/S1B_IW_SLC__1SDV_20170305T052626_20170305T052655_004569_007F6C_E7BB.zip,2017-03-05 05:26:26+00:00,S1B_IW_SLC__1SDV_20170305T052626_20170305T052655_004569_007F6C_E7BB,,Sentinel-1B,5174070740,1db17db3f6a82e39a457920d9f2ab48e,443,SENTINEL_1B_FRAME,4569,VV+VH,2017-03-05T05:26:26Z,C-SAR,S1B_IWDV_0443_0449_004569_168,002.72,S1B_IW_SLC__1SDV_20170305T052626_20170305T052655_004569_007F6C_E7BB.zip,IW,['s3://asf-ngap2w-p-s1-slc-7b420b89/S1B_IW_SLC__1SDV_20170305T052626_20170305T052655_004569_007F6C_E7BB.zip'],60,-105.0,"{'coordinates': [[[11.509013, 43.642376], [12.003389, 45.431461], [8.795599, 45.823856], [8.401831, 44.034508], [11.509013, 43.642376]]], 'type': 'Polygon'}"
45.1063,10.2528,2017-03-11T05:27:30Z,S1A_IW_SLC__1SDV_20170311T052703_20170311T052730_015640_019B9A_5B44-SLC,DESCENDING,168,SLC,https://datapool.asf.alaska.edu/SLC/SA/S1A_IW_SLC__1SDV_20170311T052703_20170311T052730_015640_019B9A_5B44.zip,2017-03-11 05:27:03+00:00,S1A_IW_SLC__1SDV_20170311T052703_20170311T052730_015640_019B9A_5B44,,Sentinel-1A,4696424745,f874e137b9348b4f3900ad79e0039f92,442,SENTINEL_1A_FRAME,15640,VV+VH,2017-03-11T05:27:03Z,C-SAR,S1A_IWDV_0442_0447_015640_168,002.72,S1A_IW_SLC__1SDV_20170311T052703_20170311T052730_015640_019B9A_5B44.zip,IW,['s3://asf-ngap2w-p-s1-slc-7b420b89/S1A_IW_SLC__1SDV_20170311T052703_20170311T052730_015640_019B9A_5B44.zip'],66,48.0,"{'coordinates': [[[11.649614, 44.085583], [12.100369, 45.702473], [8.798968, 46.103779], [8.443059, 44.486572], [11.649614, 44.085583]]], 'type': 'Polygon'}"
45.2434,10.2935,2017-03-17T05:26:47Z,S1B_IW_SLC__1SDV_20170317T052619_20170317T052647_004744_008495_3627-SLC,DESCENDING,168,SLC,https://datapool.asf.alaska.edu/SLC/SB/S1B_IW_SLC__1SDV_20170317T052619_20170317T052647_004744_008495_3627.zip,2017-03-17 05:26:19+00:00,S1B_IW_SLC__1SDV_20170317T052619_20170317T052647_004744_008495_3627,,Sentinel-1B,4816082414,b039829ed4126d8457941dcd09003f4d,441,SENTINEL_1B_FRAME,4744,VV+VH,2017-03-17T05:26:19Z,C-SAR,S1B_IWDV_0442_0447_004744_168,002.72,S1B_IW_SLC__1SDV_20170317T052619_20170317T052647_004744_008495_3627.zip,IW,['s3://asf-ngap2w-p-s1-slc-7b420b89/S1B_IW_SLC__1SDV_20170317T052619_20170317T052647_004744_008495_3627.zip'],72,-9.0,"{'coordinates': [[[11.659038, 44.197525], [12.126559, 45.871738], [8.870637, 46.266586], [8.500359, 44.591999], [11.659038, 44.197525]]], 'type': 'Polygon'}"
45.1073,10.2544,2017-03-23T05:27:30Z,S1A_IW_SLC__1SDV_20170323T052703_20170323T052730_015815_01A0CD_C04F-SLC,DESCENDING,168,SLC,https://datapool.asf.alaska.edu/SLC/SA/S1A_IW_SLC__1SDV_20170323T052703_20170323T052730_015815_01A0CD_C04F.zip,2017-03-23 05:27:03+00:00,S1A_IW_SLC__1SDV_20170323T052703_20170323T052730_015815_01A0CD_C04F,,Sentinel-1A,4735228455,6bdcc0d7055326ef28b439e9c7f8b43d,442,SENTINEL_1A_FRAME,15815,VV+VH,2017-03-23T05:27:03Z,C-SAR,S1A_IWDV_0442_0447_015815_168,002.72,S1A_IW_SLC__1SDV_20170323T052703_20170323T052730_015815_01A0CD_C04F.zip,IW,['s3://asf-ngap2w-p-s1-slc-7b420b89/S1A_IW_SLC__1SDV_20170323T052703_20170323T052730_015815_01A0CD_C04F.zip'],78,-73.0,"{'coordinates': [[[11.651196, 44.086464], [12.102072, 45.703602], [8.800631, 46.104954], [8.444617, 44.487495], [11.651196, 44.086464]]], 'type': 'Polygon'}"
45.243,10.2922,2017-03-29T05:26:47Z,S1B_IW_SLC__1SDV_20170329T052619_20170329T052647_004919_008992_9B81-SLC,DESCENDING,168,SLC,https://datapool.asf.alaska.edu/SLC/SB/S1B_IW_SLC__1SDV_20170329T052619_20170329T052647_004919_008992_9B81.zip,2017-03-29 05:26:19+00:00,S1B_IW_SLC__1SDV_20170329T052619_20170329T052647_004919_008992_9B81,,Sentinel-1B,4837705940,042b5e2fdd019c51c607f942f65982a3,441,SENTINEL_1B_FRAME,4919,VV+VH,2017-03-29T05:26:19Z,C-SAR,S1B_IWDV_0442_0447_004919_168,002.82,S1B_IW_SLC__1SDV_20170329T052619_20170329T052647_004919_008992_9B81.zip,IW,['s3://asf-ngap2w-p-s1-slc-7b420b89/S1B_IW_SLC__1SDV_20170329T052619_20170329T052647_004919_008992_9B81.zip'],84,52.0,"{'coordinates': [[[11.657667, 44.197205], [12.125076, 45.871307], [8.869338, 46.266071], [8.499157, 44.591591], [11.657667, 44.197205]]], 'type': 'Polygon'}"
45.1065,10.2535,2017-04-04T05:27:31Z,S1A_IW_SLC__1SDV_20170404T052704_20170404T052731_015990_01A5FE_0277-SLC,DESCENDING,168,SLC,https://datapool.asf.alaska.edu/SLC/SA/S1A_IW_SLC__1SDV_20170404T052704_20170404T052731_015990_01A5FE_0277.zip,2017-04-04 05:27:04+00:00,S1A_IW_SLC__1SDV_20170404T052704_20170404T052731_015990_01A5FE_0277,,Sentinel-1A,4694727877,d5c95df2de11811ad5af3f7e2dae1008,442,SENTINEL_1A_FRAME,15990,VV+VH,2017-04-04T05:27:04Z,C-SAR,S1A_IWDV_0442_0447_015990_168,002.82,S1A_IW_SLC__1SDV_20170404T052704_20170404T052731_015990_01A5FE_0277.zip,IW,['s3://asf-ngap2w-p-s1-slc-7b420b89/S1A_IW_SLC__1SDV_20170404T052704_20170404T052731_015990_01A5FE_0277.zip'],90,-52.0,"{'coordinates': [[[11.650217, 44.085796], [12.101015, 45.702698], [8.799778, 46.104034], [8.443818, 44.486816], [11.650217, 44.085796]]], 'type': 'Polygon'}"
45.2435,10.2924,2017-04-10T05:26:47Z,S1B_IW_SLC__1SDV_20170410T052619_20170410T052647_005094_008E9F_187B-SLC,DESCENDING,168,SLC,https://datapool.asf.alaska.edu/SLC/SB/S1B_IW_SLC__1SDV_20170410T052619_20170410T052647_005094_008E9F_187B.zip,2017-04-10 05:26:19+00:00,S1B_IW_SLC__1SDV_20170410T052619_20170410T052647_005094_008E9F_187B,,Sentinel-1B,4809867591,df52963f04f88e96aab14d1a6a386de1,441,SENTINEL_1B_FRAME,5094,VV+VH,2017-04-10T05:26:19Z,C-SAR,S1B_IWDV_0442_0447_005094_168,002.82,S1B_IW_SLC__1SDV_20170410T052619_20170410T052647_005094_008E9F_187B.zip,IW,['s3://asf-ngap2w-p-s1-slc-7b420b89/S1B_IW_SLC__1SDV_20170410T052619_20170410T052647_005094_008E9F_187B.zip'],96,44.0,"{'coordinates': [[[11.657862, 44.197639], [12.125304, 45.871872], [8.869502, 46.266647], [8.49929, 44.592049], [11.657862, 44.197639]]], 'type': 'Polygon'}"
45.1076,10.2539,2017-04-16T05:27:31Z,S1A_IW_SLC__1SDV_20170416T052704_20170416T052731_016165_01AB5A_CF0A-SLC,DESCENDING,168,SLC,https://datapool.asf.alaska.edu/SLC/SA/S1A_IW_SLC__1SDV_20170416T052704_20170416T052731_016165_01AB5A_CF0A.zip,2017-04-16 05:27:04+00:00,S1A_IW_SLC__1SDV_20170416T052704_20170416T052731_016165_01AB5A_CF0A,,Sentinel-1A,4733209862,c8c9d2aa76e2149beb3ca663819f46ea,442,SENTINEL_1A_FRAME,16165,VV+VH,2017-04-16T05:27:04Z,C-SAR,S1A_IWDV_0442_0447_016165_168,002.82,S1A_IW_SLC__1SDV_20170416T052704_20170416T052731_016165_01AB5A_CF0A.zip,IW,['s3://asf-ngap2w-p-s1-slc-7b420b89/S1A_IW_SLC__1SDV_20170416T052704_20170416T052731_016165_01AB5A_CF0A.zip'],102,-27.0,"{'coordinates': [[[11.650661, 44.086788], [12.101497, 45.7038], [8.800032, 46.105167], [8.444043, 44.487839], [11.650661, 44.086788]]], 'type': 'Polygon'}"
45.2435,10.2927,2017-04-22T05:26:48Z,S1B_IW_SLC__1SDV_20170422T052620_20170422T052648_005269_0093AC_4207-SLC,DESCENDING,168,SLC,https://datapool.asf.alaska.edu/SLC/SB/S1B_IW_SLC__1SDV_20170422T052620_20170422T052648_005269_0093AC_4207.zip,2017-04-22 05:26:20+00:00,S1B_IW_SLC__1SDV_20170422T052620_20170422T052648_005269_0093AC_4207,,Sentinel-1B,4788492261,ea70186884411d44e563910310fbf4f9,441,SENTINEL_1B_FRAME,5269,VV+VH,2017-04-22T05:26:20Z,C-SAR,S1B_IWDV_0442_0447_005269_168,002.82,S1B_IW_SLC__1SDV_20170422T052620_20170422T052648_005269_0093AC_4207.zip,IW,['s3://asf-ngap2w-p-s1-slc-7b420b89/S1B_IW_SLC__1SDV_20170422T052620_20170422T052648_005269_0093AC_4207.zip'],108,23.0,"{'coordinates': [[[11.658225, 44.197727], [12.125664, 45.87183], [8.869854, 46.266644], [8.499639, 44.592167], [11.658225, 44.197727]]], 'type': 'Polygon'}"
45.1079,10.2534,2017-04-28T05:27:32Z,S1A_IW_SLC__1SDV_20170428T052705_20170428T052732_016340_01B0AA_3663-SLC,DESCENDING,168,SLC,https://datapool.asf.alaska.edu/SLC/SA/S1A_IW_SLC__1SDV_20170428T052705_20170428T052732_016340_01B0AA_3663.zip,2017-04-28 05:27:05+00:00,S1A_IW_SLC__1SDV_20170428T052705_20170428T052732_016340_01B0AA_3663,,Sentinel-1A,4791572007,aa152cc71e01c929077749a370b5b933,442,SENTINEL_1A_FRAME,16340,VV+VH,2017-04-28T05:27:05Z,C-SAR,S1A_IWDV_0442_0447_016340_168,002.82,S1A_IW_SLC__1SDV_20170428T052705_20170428T052732_016340_01B0AA_3663.zip,IW,['s3://asf-ngap2w-p-s1-slc-7b420b89/S1A_IW_SLC__1SDV_20170428T052705_20170428T052732_016340_01B0AA_3663.zip'],114,6.0,"{'coordinates': [[[11.650227, 44.087132], [12.100963, 45.704033], [8.799487, 46.105324], [8.443596, 44.48811], [11.650227, 44.087132]]], 'type': 'Polygon'}"
45.2438,10.2937,2017-05-04T05:26:48Z,S1B_IW_SLC__1SDV_20170504T052621_20170504T052648_005444_0098B2_F1F0-SLC,DESCENDING,168,SLC,https://datapool.asf.alaska.edu/SLC/SB/S1B_IW_SLC__1SDV_20170504T052621_20170504T052648_005444_0098B2_F1F0.zip,2017-05-04 05:26:21+00:00,S1B_IW_SLC__1SDV_20170504T052621_20170504T052648_005444_0098B2_F1F0,,Sentinel-1B,4935437249,a9f254d61d0714c2a8828de96c114271,441,SENTINEL_1B_FRAME,5444,VV+VH,2017-05-04T05:26:21Z,C-SAR,S1B_IWDV_0442_0447_005444_168,002.82,S1B_IW_SLC__1SDV_20170504T052621_20170504T052648_005444_0098B2_F1F0.zip,IW,['s3://asf-ngap2w-p-s1-slc-7b420b89/S1B_IW_SLC__1SDV_20170504T052621_20170504T052648_005444_0098B2_F1F0.zip'],120,-21.0,"{'coordinates': [[[11.65923, 44.19804], [12.126678, 45.872009], [8.870766, 46.266884], [8.500533, 44.592541], [11.65923, 44.19804]]], 'type': 'Polygon'}"
45.1082,10.2526,2017-05-10T05:27:33Z,S1A_IW_SLC__1SDV_20170510T052706_20170510T052733_016515_01B5F9_8C9C-SLC,DESCENDING,168,SLC,https://datapool.asf.alaska.edu/SLC/SA/S1A_IW_SLC__1SDV_20170510T052706_20170510T052733_016515_01B5F9_8C9C.zip,2017-05-10 05:27:06+00:00,S1A_IW_SLC__1SDV_20170510T052706_20170510T052733_016515_01B5F9_8C9C,,Sentinel-1A,4777636636,86bf36b7d3a02ba570d887a2570fa2f4,442,SENTINEL_1A_FRAME,16515,VV+VH,2017-05-10T05:27:06Z,C-SAR,S1A_IWDV_0442_0447_016515_168,002.82,S1A_IW_SLC__1SDV_20170510T052706_20170510T052733_016515_01B5F9_8C9C.zip,IW,['s3://asf-ngap2w-p-s1-slc-7b420b89/S1A_IW_SLC__1SDV_20170510T052706_20170510T052733_016515_01B5F9_8C9C.zip'],126,68.0,"{'coordinates': [[[11.649468, 44.087456], [12.100239, 45.704475], [8.798719, 46.105774], [8.442799, 44.488438], [11.649468, 44.087456]]], 'type': 'Polygon'}"
44.944,10.202,2017-05-16T05:26:54Z,S1B_IW_SLC__1SDV_20170516T052627_20170516T052654_005619_009D73_A07F-SLC,DESCENDING,168,SLC,https://datapool.asf.alaska.edu/SLC/SB/S1B_IW_SLC__1SDV_20170516T052627_20170516T052654_005619_009D73_A07F.zip,2017-05-16 05:26:27+00:00,S1B_IW_SLC__1SDV_20170516T052627_20170516T052654_005619_009D73_A07F,,Sentinel-1B,4727395547,72d18d1d2620038b271a7969c5175884,442,SENTINEL_1B_FRAME,5619,VV+VH,2017-05-16T05:26:27Z,C-SAR,S1B_IWDV_0443_0448_005619_168,002.82,S1B_IW_SLC__1SDV_20170516T052627_20170516T052654_005619_009D73_A07F.zip,IW,['s3://asf-ngap2w-p-s1-slc-7b420b89/S1B_IW_SLC__1SDV_20170516T052627_20170516T052654_005619_009D73_A07F.zip'],132,1.0,"{'coordinates': [[[11.584214, 43.924885], [12.03282, 45.541927], [8.76377, 45.940174], [8.408564, 44.322884], [11.584214, 43.924885]]], 'type': 'Polygon'}"
45.1083,10.2532,2017-05-22T05:27:33Z,S1A_IW_SLC__1SDV_20170522T052706_20170522T052733_016690_01BB5A_71C2-SLC,DESCENDING,168,SLC,https://datapool.asf.alaska.edu/SLC/SA/S1A_IW_SLC__1SDV_20170522T052706_20170522T052733_016690_01BB5A_71C2.zip,2017-05-22 05:27:06+00:00,S1A_IW_SLC__1SDV_20170522T052706_20170522T052733_016690_01BB5A_71C2,,Sentinel-1A,4748890930,92a662a13e89e8ee8c194ef3a291fa4c,442,SENTINEL_1A_FRAME,16690,VV+VH,2017-05-22T05:27:06Z,C-SAR,S1A_IWDV_0442_0447_016690_168,002.82,S1A_IW_SLC__1SDV_20170522T052706_20170522T052733_016690_01BB5A_71C2.zip,IW,['s3://asf-ngap2w-p-s1-slc-7b420b89/S1A_IW_SLC__1SDV_20170522T052706_20170522T052733_016690_01BB5A_71C2.zip'],138,10.0,"{'coordinates': [[[11.649986, 44.08733], [12.100846, 45.704597], [8.799371, 46.105904], [8.443377, 44.488319], [11.649986, 44.08733]]], 'type': 'Polygon'}"
44.9439,10.2028,2017-05-28T05:26:54Z,S1B_IW_SLC__1SDV_20170528T052627_20170528T052654_005794_00A285_D8B7-SLC,DESCENDING,168,SLC,https://datapool.asf.alaska.edu/SLC/SB/S1B_IW_SLC__1SDV_20170528T052627_20170528T052654_005794_00A285_D8B7.zip,2017-05-28 05:26:27+00:00,S1B_IW_SLC__1SDV_20170528T052627_20170528T052654_005794_00A285_D8B7,,Sentinel-1B,4723932723,af414e375a0a6835431f9dd92043c78e,442,SENTINEL_1B_FRAME,5794,VV+VH,2017-05-28T05:26:27Z,C-SAR,S1B_IWDV_0443_0448_005794_168,002.82,S1B_IW_SLC__1SDV_20170528T052627_20170528T052654_005794_00A285_D8B7.zip,IW,['s3://asf-ngap2w-p-s1-slc-7b420b89/S1B_IW_SLC__1SDV_20170528T052627_20170528T052654_005794_00A285_D8B7.zip'],144,-58.0,"{'coordinates': [[[11.584968, 43.924847], [12.033519, 45.541771], [8.764524, 45.939995], [8.409362, 44.32283], [11.584968, 43.924847]]], 'type': 'Polygon'}"
44.4478,10.0773,2017-06-03T05:27:45Z,S1A_IW_SLC__1SDV_20170603T052718_20170603T052745_016865_01C0C1_9BC4-SLC,DESCENDING,168,SLC,https://datapool.asf.alaska.edu/SLC/SA/S1A_IW_SLC__1SDV_20170603T052718_20170603T052745_016865_01C0C1_9BC4.zip,2017-06-03 05:27:18+00:00,S1A_IW_SLC__1SDV_20170603T052718_20170603T052745_016865_01C0C1_9BC4,,Sentinel-1A,4537504358,cb8b165c0fa5c572971c986ae4f5dac7,444,SENTINEL_1A_FRAME,16865,VV+VH,2017-06-03T05:27:18Z,C-SAR,S1A_IWDV_0444_0449_016865_168,002.82,S1A_IW_SLC__1SDV_20170603T052718_20170603T052745_016865_01C0C1_9BC4.zip,IW,['s3://asf-ngap2w-p-s1-slc-7b420b89/S1A_IW_SLC__1SDV_20170603T052718_20170603T052745_016865_01C0C1_9BC4.zip'],150,-38.0,"{'coordinates': [[[11.4533, 43.427891], [11.897532, 45.045559], [8.646435, 45.445034], [8.293607, 43.827267], [11.4533, 43.427891]]], 'type': 'Polygon'}"
43.9523,9.9547,2017-06-09T05:27:12Z,S1B_IW_SLC__1SDV_20170609T052645_20170609T052712_005969_00A798_805C-SLC,DESCENDING,168,SLC,https://datapool.asf.alaska.edu/SLC/SB/S1B_IW_SLC__1SDV_20170609T052645_20170609T052712_005969_00A798_805C.zip,2017-06-09 05:26:45+00:00,S1B_IW_SLC__1SDV_20170609T052645_20170609T052712_005969_00A798_805C,,Sentinel-1B,4240906145,768e6152d03b6c8f8b772095523c094d,446,SENTINEL_1B_FRAME,5969,VV+VH,2017-06-09T05:26:45Z,C-SAR,S1B_IWDV_0446_0451_005969_168,002.82,S1B_IW_SLC__1SDV_20170609T052645_20170609T052712_005969_00A798_805C.zip,IW,['s3://asf-ngap2w-p-s1-slc-7b420b89/S1B_IW_SLC__1SDV_20170609T052645_20170609T052712_005969_00A798_805C.zip'],156,70.0,"{'coordinates': [[[11.313234, 42.933624], [11.752705, 44.551064], [8.542785, 44.948872], [8.192079, 43.33147], [11.313234, 42.933624]]], 'type': 'Polygon'}"
44.4477,10.0772,2017-06-15T05:27:46Z,S1A_IW_SLC__1SDV_20170615T052719_20170615T052746_017040_01C629_70BE-SLC,DESCENDING,168,SLC,https://datapool.asf.alaska.edu/SLC/SA/S1A_IW_SLC__1SDV_20170615T052719_20170615T052746_017040_01C629_70BE.zip,2017-06-15 05:27:19+00:00,S1A_IW_SLC__1SDV_20170615T052719_20170615T052746_017040_01C629_70BE,,Sentinel-1A,4638654769,bc20f3069e53d073ca21206cf7b30187,444,SENTINEL_1A_FRAME,17040,VV+VH,2017-06-15T05:27:19Z,C-SAR,S1A_IWDV_0444_0449_017040_168,002.82,S1A_IW_SLC__1SDV_20170615T052719_20170615T052746_017040_01C629_70BE.zip,IW,['s3://asf-ngap2w-p-s1-slc-7b420b89/S1A_IW_SLC__1SDV_20170615T052719_20170615T052746_017040_01C629_70BE.zip'],162,-58.0,"{'coordinates': [[[11.453174, 43.427773], [11.897426, 45.045567], [8.646378, 45.445019], [8.293537, 43.827126], [11.453174, 43.427773]]], 'type': 'Polygon'}"
43.9524,9.9554,2017-06-21T05:27:12Z,S1B_IW_SLC__1SDV_20170621T052645_20170621T052712_006144_00ACB6_D4C6-SLC,DESCENDING,168,SLC,https://datapool.asf.alaska.edu/SLC/SB/S1B_IW_SLC__1SDV_20170621T052645_20170621T052712_006144_00ACB6_D4C6.zip,2017-06-21 05:26:45+00:00,S1B_IW_SLC__1SDV_20170621T052645_20170621T052712_006144_00ACB6_D4C6,,Sentinel-1B,4183524381,fdb112476297fa6bed2a4ec2f42a18b8,446,SENTINEL_1B_FRAME,6144,VV+VH,2017-06-21T05:26:45Z,C-SAR,S1B_IWDV_0446_0451_006144_168,002.82,S1B_IW_SLC__1SDV_20170621T052645_20170621T052712_006144_00ACB6_D4C6.zip,IW,['s3://asf-ngap2w-p-s1-slc-7b420b89/S1B_IW_SLC__1SDV_20170621T052645_20170621T052712_006144_00ACB6_D4C6.zip'],168,-13.0,"{'coordinates': [[[11.313931, 42.933685], [11.753417, 44.551125], [8.543662, 44.948925], [8.192937, 43.33152], [11.313931, 42.933685]]], 'type': 'Polygon'}"
44.4478,10.0763,2017-06-27T05:27:46Z,S1A_IW_SLC__1SDV_20170627T052719_20170627T052746_017215_01CB7E_54FF-SLC,DESCENDING,168,SLC,https://datapool.asf.alaska.edu/SLC/SA/S1A_IW_SLC__1SDV_20170627T052719_20170627T052746_017215_01CB7E_54FF.zip,2017-06-27 05:27:19+00:00,S1A_IW_SLC__1SDV_20170627T052719_20170627T052746_017215_01CB7E_54FF,,Sentinel-1A,4619289384,265aed8522ce734f81cf124eff7fdccb,444,SENTINEL_1A_FRAME,17215,VV+VH,2017-06-27T05:27:19Z,C-SAR,S1A_IWDV_0444_0449_017215_168,002.82,S1A_IW_SLC__1SDV_20170627T052719_20170627T052746_017215_01CB7E_54FF.zip,IW,['s3://asf-ngap2w-p-s1-slc-7b420b89/S1A_IW_SLC__1SDV_20170627T052719_20170627T052746_017215_01CB7E_54FF.zip'],174,3.0,"{'coordinates': [[[11.452277, 43.427811], [11.896489, 45.045609], [8.645447, 45.445019], [8.292645, 43.827122], [11.452277, 43.427811]]], 'type': 'Polygon'}"
43.9513,9.9561,2017-07-03T05:27:13Z,S1B_IW_SLC__1SDV_20170703T052646_20170703T052713_006319_00B1C7_9D9A-SLC,DESCENDING,168,SLC,https://datapool.asf.alaska.edu/SLC/SB/S1B_IW_SLC__1SDV_20170703T052646_20170703T052713_006319_00B1C7_9D9A.zip,2017-07-03 05:26:46+00:00,S1B_IW_SLC__1SDV_20170703T052646_20170703T052713_006319_00B1C7_9D9A,,Sentinel-1B,4190569978,5d42bb7db137feaf8c3327b2ee449981,446,SENTINEL_1B_FRAME,6319,VV+VH,2017-07-03T05:26:46Z,C-SAR,S1B_IWDV_0446_0451_006319_168,002.82,S1B_IW_SLC__1SDV_20170703T052646_20170703T052713_006319_00B1C7_9D9A.zip,IW,['s3://asf-ngap2w-p-s1-slc-7b420b89/S1B_IW_SLC__1SDV_20170703T052646_20170703T052713_006319_00B1C7_9D9A.zip'],180,-65.0,"{'coordinates': [[[11.314485, 42.932297], [11.754163, 44.55035], [8.544356, 44.948196], [8.193471, 43.330181], [11.314485, 42.932297]]], 'type': 'Polygon'}"
44.4471,10.0759,2017-07-09T05:27:47Z,S1A_IW_SLC__1SDV_20170709T052720_20170709T052747_017390_01D0C1_5C0C-SLC,DESCENDING,168,SLC,https://datapool.asf.alaska.edu/SLC/SA/S1A_IW_SLC__1SDV_20170709T052720_20170709T052747_017390_01D0C1_5C0C.zip,2017-07-09 05:27:20+00:00,S1A_IW_SLC__1SDV_20170709T052720_20170709T052747_017390_01D0C1_5C0C,,Sentinel-1A,4568973001,1ba18f4892c26d43eeb34462d6cf9374,444,SENTINEL_1A_FRAME,17390,VV+VH,2017-07-09T05:27:20Z,C-SAR,S1A_IWDV_0444_0449_017390_168,002.82,S1A_IW_SLC__1SDV_20170709T052720_20170709T052747_017390_01D0C1_5C0C.zip,IW,['s3://asf-ngap2w-p-s1-slc-7b420b89/S1A_IW_SLC__1SDV_20170709T052720_20170709T052747_017390_01D0C1_5C0C.zip'],186,16.0,"{'coordinates': [[[11.451917, 43.427464], [11.895958, 45.044777], [8.644994, 45.444153], [8.292333, 43.82674], [11.451917, 43.427464]]], 'type': 'Polygon'}"
43.9517,9.9555,2017-07-15T05:27:14Z,S1B_IW_SLC__1SDV_20170715T052647_20170715T052714_006494_00B6B9_959C-SLC,DESCENDING,168,SLC,https://datapool.asf.alaska.edu/SLC/SB/S1B_IW_SLC__1SDV_20170715T052647_20170715T052714_006494_00B6B9_959C.zip,2017-07-15 05:26:47+00:00,S1B_IW_SLC__1SDV_20170715T052647_20170715T052714_006494_00B6B9_959C,,Sentinel-1B,4238418519,534830d57b045f9c910f20c62becabcf,446,SENTINEL_1B_FRAME,6494,VV+VH,2017-07-15T05:26:47Z,C-SAR,S1B_IWDV_0446_0451_006494_168,002.82,S1B_IW_SLC__1SDV_20170715T052647_20170715T052714_006494_00B6B9_959C.zip,IW,['s3://asf-ngap2w-p-s1-slc-7b420b89/S1B_IW_SLC__1SDV_20170715T052647_20170715T052714_006494_00B6B9_959C.zip'],192,-29.0,"{'coordinates': [[[11.313991, 42.932846], [11.753587, 44.550526], [8.543806, 44.948387], [8.192983, 43.330738], [11.313991, 42.932846]]], 'type': 'Polygon'}"
44.4473,10.0768,2017-07-21T05:27:48Z,S1A_IW_SLC__1SDV_20170721T052721_20170721T052748_017565_01D614_ACBE-SLC,DESCENDING,168,SLC,https://datapool.asf.alaska.edu/SLC/SA/S1A_IW_SLC__1SDV_20170721T052721_20170721T052748_017565_01D614_ACBE.zip,2017-07-21 05:27:21+00:00,S1A_IW_SLC__1SDV_20170721T052721_20170721T052748_017565_01D614_ACBE,,Sentinel-1A,4579809493,5c7a2d2e3cd3a3a8eb8eb689d2aa78cf,444,SENTINEL_1A_FRAME,17565,VV+VH,2017-07-21T05:27:21Z,C-SAR,S1A_IWDV_0444_0449_017565_168,002.82,S1A_IW_SLC__1SDV_20170721T052721_20170721T052748_017565_01D614_ACBE.zip,IW,['s3://asf-ngap2w-p-s1-slc-7b420b89/S1A_IW_SLC__1SDV_20170721T052721_20170721T052748_017565_01D614_ACBE.zip'],198,-23.0,"{'coordinates': [[[11.452724, 43.427219], [11.897, 45.045261], [8.645922, 45.444683], [8.293067, 43.826542], [11.452724, 43.427219]]], 'type': 'Polygon'}"
43.9519,9.9556,2017-07-27T05:27:14Z,S1B_IW_SLC__1SDV_20170727T052647_20170727T052714_006669_00BBB5_B933-SLC,DESCENDING,168,SLC,https://datapool.asf.alaska.edu/SLC/SB/S1B_IW_SLC__1SDV_20170727T052647_20170727T052714_006669_00BBB5_B933.zip,2017-07-27 05:26:47+00:00,S1B_IW_SLC__1SDV_20170727T052647_20170727T052714_006669_00BBB5_B933,,Sentinel-1B,4248476110,c420b856980d8a097d9cfd2ce181495a,446,SENTINEL_1B_FRAME,6669,VV+VH,2017-07-27T05:26:47Z,C-SAR,S1B_IWDV_0446_0451_006669_168,002.82,S1B_IW_SLC__1SDV_20170727T052647_20170727T052714_006669_00BBB5_B933.zip,IW,['s3://asf-ngap2w-p-s1-slc-7b420b89/S1B_IW_SLC__1SDV_20170727T052647_20170727T052714_006669_00BBB5_B933.zip'],204,3.0,"{'coordinates': [[[11.314001, 42.932957], [11.753606, 44.550888], [8.54381, 44.948692], [8.192988, 43.330799], [11.314001, 42.932957]]], 'type': 'Polygon'}"
44.4481,10.0765,2017-08-02T05:27:48Z,S1A_IW_SLC__1SDV_20170802T052721_20170802T052748_017740_01DB70_C804-SLC,DESCENDING,168,SLC,https://datapool.asf.alaska.edu/SLC/SA/S1A_IW_SLC__1SDV_20170802T052721_20170802T052748_017740_01DB70_C804.zip,2017-08-02 05:27:21+00:00,S1A_IW_SLC__1SDV_20170802T052721_20170802T052748_017740_01DB70_C804,,Sentinel-1A,4568882869,94d87244ecc6d7c9d4f6adebb044a11d,444,SENTINEL_1A_FRAME,17740,VV+VH,2017-08-02T05:27:21Z,C-SAR,S1A_IWDV_0444_0449_017740_168,002.82,S1A_IW_SLC__1SDV_20170802T052721_20170802T052748_017740_01DB70_C804.zip,IW,['s3://asf-ngap2w-p-s1-slc-7b420b89/S1A_IW_SLC__1SDV_20170802T052721_20170802T052748_017740_01DB70_C804.zip'],210,7.0,"{'coordinates': [[[11.452407, 43.428097], [11.896641, 45.045891], [8.64557, 45.445324], [8.292747, 43.827431], [11.452407, 43.428097]]], 'type': 'Polygon'}"
43.9516,9.9546,2017-08-08T05:27:15Z,S1B_IW_SLC__1SDV_20170808T052648_20170808T052715_006844_00C0C1_C412-SLC,DESCENDING,168,SLC,https://datapool.asf.alaska.edu/SLC/SB/S1B_IW_SLC__1SDV_20170808T052648_20170808T052715_006844_00C0C1_C412.zip,2017-08-08 05:26:48+00:00,S1B_IW_SLC__1SDV_20170808T052648_20170808T052715_006844_00C0C1_C412,,Sentinel-1B,4217821967,73eb4cf07fd5d227990db3bf8ff8587a,446,SENTINEL_1B_FRAME,6844,VV+VH,2017-08-08T05:26:48Z,C-SAR,S1B_IWDV_0446_0451_006844_168,002.82,S1B_IW_SLC__1SDV_20170808T052648_20170808T052715_006844_00C0C1_C412.zip,IW,['s3://asf-ngap2w-p-s1-slc-7b420b89/S1B_IW_SLC__1SDV_20170808T052648_20170808T052715_006844_00C0C1_C412.zip'],216,53.0,"{'coordinates': [[[11.31305, 42.932716], [11.752601, 44.550526], [8.542756, 44.948315], [8.191986, 43.33054], [11.31305, 42.932716]]], 'type': 'Polygon'}"
44.4471,10.0768,2017-08-14T05:27:49Z,S1A_IW_SLC__1SDV_20170814T052722_20170814T052749_017915_01E0C1_5791-SLC,DESCENDING,168,SLC,https://datapool.asf.alaska.edu/SLC/SA/S1A_IW_SLC__1SDV_20170814T052722_20170814T052749_017915_01E0C1_5791.zip,2017-08-14 05:27:22+00:00,S1A_IW_SLC__1SDV_20170814T052722_20170814T052749_017915_01E0C1_5791,,Sentinel-1A,4523004619,856e0fbb0fc8ce47ee60bd008a04ba2c,444,SENTINEL_1A_FRAME,17915,VV+VH,2017-08-14T05:27:22Z,C-SAR,S1A_IWDV_0444_0449_017915_168,002.82,S1A_IW_SLC__1SDV_20170814T052722_20170814T052749_017915_01E0C1_5791.zip,IW,['s3://asf-ngap2w-p-s1-slc-7b420b89/S1A_IW_SLC__1SDV_20170814T052722_20170814T052749_017915_01E0C1_5791.zip'],222,-44.0,"{'coordinates': [[[11.452702, 43.427227], [11.896935, 45.044899], [8.645969, 45.444366], [8.293137, 43.826595], [11.452702, 43.427227]]], 'type': 'Polygon'}"
43.9521,9.9558,2017-08-20T05:27:15Z,S1B_IW_SLC__1SDV_20170820T052648_20170820T052715_007019_00C5DD_040A-SLC,DESCENDING,168,SLC,https://datapool.asf.alaska.edu/SLC/SB/S1B_IW_SLC__1SDV_20170820T052648_20170820T052715_007019_00C5DD_040A.zip,2017-08-20 05:26:48+00:00,S1B_IW_SLC__1SDV_20170820T052648_20170820T052715_007019_00C5DD_040A,,Sentinel-1B,4275982339,fcc454ccce4886464712500b75fbda7f,446,SENTINEL_1B_FRAME,7019,VV+VH,2017-08-20T05:26:48Z,C-SAR,S1B_IWDV_0446_0451_007019_168,002.82,S1B_IW_SLC__1SDV_20170820T052648_20170820T052715_007019_00C5DD_040A.zip,IW,['s3://asf-ngap2w-p-s1-slc-7b420b89/S1B_IW_SLC__1SDV_20170820T052648_20170820T052715_007019_00C5DD_040A.zip'],228,-17.0,"{'coordinates': [[[11.314252, 42.933094], [11.753913, 44.551147], [8.544112, 44.948967], [8.193245, 43.330948], [11.314252, 42.933094]]], 'type': 'Polygon'}"
44.4471,10.0765,2017-08-26T05:27:50Z,S1A_IW_SLC__1SDV_20170826T052723_20170826T052750_018090_01E60E_3D8C-SLC,DESCENDING,168,SLC,https://datapool.asf.alaska.edu/SLC/SA/S1A_IW_SLC__1SDV_20170826T052723_20170826T052750_018090_01E60E_3D8C.zip,2017-08-26 05:27:23+00:00,S1A_IW_SLC__1SDV_20170826T052723_20170826T052750_018090_01E60E_3D8C,,Sentinel-1A,4520173277,dc7e30a398bbd4b6d9c3f279c9752444,444,SENTINEL_1A_FRAME,18090,VV+VH,2017-08-26T05:27:23Z,C-SAR,S1A_IWDV_0444_0449_018090_168,002.84,S1A_IW_SLC__1SDV_20170826T052723_20170826T052750_018090_01E60E_3D8C.zip,IW,['s3://asf-ngap2w-p-s1-slc-7b420b89/S1A_IW_SLC__1SDV_20170826T052723_20170826T052750_018090_01E60E_3D8C.zip'],234,10.0,"{'coordinates': [[[11.452487, 43.427174], [11.896702, 45.044964], [8.645588, 45.444405], [8.292781, 43.826511], [11.452487, 43.427174]]], 'type': 'Polygon'}"
43.9514,9.9559,2017-09-01T05:27:16Z,S1B_IW_SLC__1SDV_20170901T052649_20170901T052716_007194_00CAE9_527C-SLC,DESCENDING,168,SLC,https://datapool.asf.alaska.edu/SLC/SB/S1B_IW_SLC__1SDV_20170901T052649_20170901T052716_007194_00CAE9_527C.zip,2017-09-01 05:26:49+00:00,S1B_IW_SLC__1SDV_20170901T052649_20170901T052716_007194_00CAE9_527C,,Sentinel-1B,4362992042,478ddd4b2bc4a448f4e4b7f47d473dd9,446,SENTINEL_1B_FRAME,7194,VV+VH,2017-09-01T05:26:49Z,C-SAR,S1B_IWDV_0446_0451_007194_168,002.84,S1B_IW_SLC__1SDV_20170901T052649_20170901T052716_007194_00CAE9_527C.zip,IW,['s3://asf-ngap2w-p-s1-slc-7b420b89/S1B_IW_SLC__1SDV_20170901T052649_20170901T052716_007194_00CAE9_527C.zip'],240,-13.0,"{'coordinates': [[[11.314342, 42.932442], [11.753951, 44.550243], [8.544072, 44.948105], [8.193241, 43.330338], [11.314342, 42.932442]]], 'type': 'Polygon'}"
44.447,10.0764,2017-09-07T05:27:50Z,S1A_IW_SLC__1SDV_20170907T052723_20170907T052750_018265_01EB5E_D8F0-SLC,DESCENDING,168,SLC,https://datapool.asf.alaska.edu/SLC/SA/S1A_IW_SLC__1SDV_20170907T052723_20170907T052750_018265_01EB5E_D8F0.zip,2017-09-07 05:27:23+00:00,S1A_IW_SLC__1SDV_20170907T052723_20170907T052750_018265_01EB5E_D8F0,,Sentinel-1A,4532777558,760bcab73aa391fd709fa4ed72dc850a,444,SENTINEL_1A_FRAME,18265,VV+VH,2017-09-07T05:27:23Z,C-SAR,S1A_IWDV_0444_0449_018265_168,002.84,S1A_IW_SLC__1SDV_20170907T052723_20170907T052750_018265_01EB5E_D8F0.zip,IW,['s3://asf-ngap2w-p-s1-slc-7b420b89/S1A_IW_SLC__1SDV_20170907T052723_20170907T052750_018265_01EB5E_D8F0.zip'],246,32.0,"{'coordinates': [[[11.452435, 43.427105], [11.89658, 45.044773], [8.645393, 45.44418], [8.292653, 43.826412], [11.452435, 43.427105]]], 'type': 'Polygon'}"
43.9509,9.9561,2017-09-13T05:27:16Z,S1B_IW_SLC__1SDV_20170913T052649_20170913T052716_007369_00D00E_7D46-SLC,DESCENDING,168,SLC,https://datapool.asf.alaska.edu/SLC/SB/S1B_IW_SLC__1SDV_20170913T052649_20170913T052716_007369_00D00E_7D46.zip,2017-09-13 05:26:49+00:00,S1B_IW_SLC__1SDV_20170913T052649_20170913T052716_007369_00D00E_7D46,,Sentinel-1B,4319964913,add4c5fe19e8a6c3aa2e77464c1d236c,446,SENTINEL_1B_FRAME,7369,VV+VH,2017-09-13T05:26:49Z,C-SAR,S1B_IWDV_0446_0451_007369_168,002.84,S1B_IW_SLC__1SDV_20170913T052649_20170913T052716_007369_00D00E_7D46.zip,IW,['s3://asf-ngap2w-p-s1-slc-7b420b89/S1B_IW_SLC__1SDV_20170913T052649_20170913T052716_007369_00D00E_7D46.zip'],252,-21.0,"{'coordinates': [[[11.314652, 42.931999], [11.754296, 44.549789], [8.544334, 44.947701], [8.193471, 43.329945], [11.314652, 42.931999]]], 'type': 'Polygon'}"
44.447,10.076,2017-09-19T05:27:51Z,S1A_IW_SLC__1SDV_20170919T052724_20170919T052751_018440_01F0C7_981A-SLC,DESCENDING,168,SLC,https://datapool.asf.alaska.edu/SLC/SA/S1A_IW_SLC__1SDV_20170919T052724_20170919T052751_018440_01F0C7_981A.zip,2017-09-19 05:27:24+00:00,S1A_IW_SLC__1SDV_20170919T052724_20170919T052751_018440_01F0C7_981A,,Sentinel-1A,4681927624,b5634adf06c946d00277c445ede93351,444,SENTINEL_1A_FRAME,18440,VV+VH,2017-09-19T05:27:24Z,C-SAR,S1A_IWDV_0444_0449_018440_168,002.84,S1A_IW_SLC__1SDV_20170919T052724_20170919T052751_018440_01F0C7_981A.zip,IW,['s3://asf-ngap2w-p-s1-slc-7b420b89/S1A_IW_SLC__1SDV_20170919T052724_20170919T052751_018440_01F0C7_981A.zip'],258,62.0,"{'coordinates': [[[11.452113, 43.427189], [11.896227, 45.044605], [8.645039, 45.444042], [8.29232, 43.826523], [11.452113, 43.427189]]], 'type': 'Polygon'}"
43.9512,9.9556,2017-09-25T05:27:17Z,S1B_IW_SLC__1SDV_20170925T052650_20170925T052717_007544_00D51A_3D7B-SLC,DESCENDING,168,SLC,https://datapool.asf.alaska.edu/SLC/SB/S1B_IW_SLC__1SDV_20170925T052650_20170925T052717_007544_00D51A_3D7B.zip,2017-09-25 05:26:50+00:00,S1B_IW_SLC__1SDV_20170925T052650_20170925T052717_007544_00D51A_3D7B,,Sentinel-1B,4213815814,c3bc54ee9518890b3f7e1271a6051396,446,SENTINEL_1B_FRAME,7544,VV+VH,2017-09-25T05:26:50Z,C-SAR,S1B_IWDV_0446_0451_007544_168,002.84,S1B_IW_SLC__1SDV_20170925T052650_20170925T052717_007544_00D51A_3D7B.zip,IW,['s3://asf-ngap2w-p-s1-slc-7b420b89/S1B_IW_SLC__1SDV_20170925T052650_20170925T052717_007544_00D51A_3D7B.zip'],264,34.0,"{'coordinates': [[[11.314182, 42.932343], [11.753792, 44.550007], [8.543756, 44.947914], [8.192925, 43.330284], [11.314182, 42.932343]]], 'type': 'Polygon'}"
44.4476,10.0773,2017-10-01T05:27:51Z,S1A_IW_SLC__1SDV_20171001T052724_20171001T052751_018615_01F62C_5FA4-SLC,DESCENDING,168,SLC,https://datapool.asf.alaska.edu/SLC/SA/S1A_IW_SLC__1SDV_20171001T052724_20171001T052751_018615_01F62C_5FA4.zip,2017-10-01 05:27:24+00:00,S1A_IW_SLC__1SDV_20171001T052724_20171001T052751_018615_01F62C_5FA4,,Sentinel-1A,4547025999,b0f229157725a80106f3837ffd4d0b09,444,SENTINEL_1A_FRAME,18615,VV+VH,2017-10-01T05:27:24Z,C-SAR,S1A_IWDV_0444_0449_018615_168,002.84,S1A_IW_SLC__1SDV_20171001T052724_20171001T052751_018615_01F62C_5FA4.zip,IW,['s3://asf-ngap2w-p-s1-slc-7b420b89/S1A_IW_SLC__1SDV_20171001T052724_20171001T052751_018615_01F62C_5FA4.zip'],270,-14.0,"{'coordinates': [[[11.453291, 43.427734], [11.897514, 45.045265], [8.646294, 45.444771], [8.293478, 43.827133], [11.453291, 43.427734]]], 'type': 'Polygon'}"
43.9516,9.9557,2017-10-07T05:27:17Z,S1B_IW_SLC__1SDV_20171007T052650_20171007T052717_007719_00DA22_EDAB-SLC,DESCENDING,168,SLC,https://datapool.asf.alaska.edu/SLC/SB/S1B_IW_SLC__1SDV_20171007T052650_20171007T052717_007719_00DA22_EDAB.zip,2017-10-07 05:26:50+00:00,S1B_IW_SLC__1SDV_20171007T052650_20171007T052717_007719_00DA22_EDAB,,Sentinel-1B,4250125229,e0ff68189fc008f5e79cbb9e7ab160cd,446,SENTINEL_1B_FRAME,7719,VV+VH,2017-10-07T05:26:50Z,C-SAR,S1B_IWDV_0446_0451_007719_168,002.84,S1B_IW_SLC__1SDV_20171007T052650_20171007T052717_007719_00DA22_EDAB.zip,IW,['s3://asf-ngap2w-p-s1-slc-7b420b89/S1B_IW_SLC__1SDV_20171007T052650_20171007T052717_007719_00DA22_EDAB.zip'],276,50.0,"{'coordinates': [[[11.314342, 42.932693], [11.753956, 44.55048], [8.543804, 44.948357], [8.192984, 43.330601], [11.314342, 42.932693]]], 'type': 'Polygon'}"
44.4474,10.0778,2017-10-13T05:27:51Z,S1A_IW_SLC__1SDV_20171013T052724_20171013T052751_018790_01FB7E_434C-SLC,DESCENDING,168,SLC,https://datapool.asf.alaska.edu/SLC/SA/S1A_IW_SLC__1SDV_20171013T052724_20171013T052751_018790_01FB7E_434C.zip,2017-10-13 05:27:24+00:00,S1A_IW_SLC__1SDV_20171013T052724_20171013T052751_018790_01FB7E_434C,,Sentinel-1A,4527180563,16d265e166529398c757ec4179ef665c,444,SENTINEL_1A_FRAME,18790,VV+VH,2017-10-13T05:27:24Z,C-SAR,S1A_IWDV_0443_0450_018790_168,002.84,S1A_IW_SLC__1SDV_20171013T052724_20171013T052751_018790_01FB7E_434C.zip,IW,['s3://asf-ngap2w-p-s1-slc-7b420b89/S1A_IW_SLC__1SDV_20171013T052724_20171013T052751_018790_01FB7E_434C.zip'],282,-41.0,"{'coordinates': [[[11.453863, 43.427441], [11.898158, 45.045086], [8.64684, 45.444641], [8.293962, 43.826889], [11.453863, 43.427441]]], 'type': 'Polygon'}"
43.951,9.9558,2017-10-19T05:27:17Z,S1B_IW_SLC__1SDV_20171019T052650_20171019T052717_007894_00DF19_A9CA-SLC,DESCENDING,168,SLC,https://datapool.asf.alaska.edu/SLC/SB/S1B_IW_SLC__1SDV_20171019T052650_20171019T052717_007894_00DF19_A9CA.zip,2017-10-19 05:26:50+00:00,S1B_IW_SLC__1SDV_20171019T052650_20171019T052717_007894_00DF19_A9CA,,Sentinel-1B,4302211656,9b74d4ce390aba0fd3417c46a12301b5,446,SENTINEL_1B_FRAME,7894,VV+VH,2017-10-19T05:26:50Z,C-SAR,S1B_IWDV_0445_0452_007894_168,002.84,S1B_IW_SLC__1SDV_20171019T052650_20171019T052717_007894_00DF19_A9CA.zip,IW,['s3://asf-ngap2w-p-s1-slc-7b420b89/S1B_IW_SLC__1SDV_20171019T052650_20171019T052717_007894_00DF19_A9CA.zip'],288,55.0,"{'coordinates': [[[11.314477, 42.932171], [11.754065, 44.549831], [8.543885, 44.947716], [8.193088, 43.33009], [11.314477, 42.932171]]], 'type': 'Polygon'}"
44.4483,10.0774,2017-10-25T05:27:51Z,S1A_IW_SLC__1SDV_20171025T052724_20171025T052751_018965_0200D3_66D3-SLC,DESCENDING,168,SLC,https://datapool.asf.alaska.edu/SLC/SA/S1A_IW_SLC__1SDV_20171025T052724_20171025T052751_018965_0200D3_66D3.zip,2017-10-25 05:27:24+00:00,S1A_IW_SLC__1SDV_20171025T052724_20171025T052751_018965_0200D3_66D3,,Sentinel-1A,4526075452,2c7faa3e2e667575c8384d78451f1476,444,SENTINEL_1A_FRAME,18965,VV+VH,2017-10-25T05:27:24Z,C-SAR,S1A_IWDV_0444_0449_018965_168,002.84,S1A_IW_SLC__1SDV_20171025T052724_20171025T052751_018965_0200D3_66D3.zip,IW,['s3://asf-ngap2w-p-s1-slc-7b420b89/S1A_IW_SLC__1SDV_20171025T052724_20171025T052751_018965_0200D3_66D3.zip'],294,13.0,"{'coordinates': [[[11.453527, 43.428314], [11.89784, 45.046078], [8.646406, 45.445606], [8.293527, 43.827736], [11.453527, 43.428314]]], 'type': 'Polygon'}"
43.9516,9.9559,2017-10-31T05:27:17Z,S1B_IW_SLC__1SDV_20171031T052650_20171031T052717_008069_00E421_5C2B-SLC,DESCENDING,168,SLC,https://datapool.asf.alaska.edu/SLC/SB/S1B_IW_SLC__1SDV_20171031T052650_20171031T052717_008069_00E421_5C2B.zip,2017-10-31 05:26:50+00:00,S1B_IW_SLC__1SDV_20171031T052650_20171031T052717_008069_00E421_5C2B,,Sentinel-1B,4315998944,1ae65241c669d8308307a9e4d5cfd5a9,446,SENTINEL_1B_FRAME,8069,VV+VH,2017-10-31T05:26:50Z,C-SAR,S1B_IWDV_0445_0452_008069_168,002.84,S1B_IW_SLC__1SDV_20171031T052650_20171031T052717_008069_00E421_5C2B.zip,IW,['s3://asf-ngap2w-p-s1-slc-7b420b89/S1B_IW_SLC__1SDV_20171031T052650_20171031T052717_008069_00E421_5C2B.zip'],300,57.0,"{'coordinates': [[[11.314658, 42.932812], [11.754234, 44.550217], [8.543921, 44.948162], [8.193129, 43.330788], [11.314658, 42.932812]]], 'type': 'Polygon'}"
44.4479,10.0768,2017-11-06T05:27:51Z,S1A_IW_SLC__1SDV_20171106T052724_20171106T052751_019140_020636_06A7-SLC,DESCENDING,168,SLC,https://datapool.asf.alaska.edu/SLC/SA/S1A_IW_SLC__1SDV_20171106T052724_20171106T052751_019140_020636_06A7.zip,2017-11-06 05:27:24+00:00,S1A_IW_SLC__1SDV_20171106T052724_20171106T052751_019140_020636_06A7,,Sentinel-1A,4700231909,24fc3cfa875be5bd2607f550abbb5766,444,SENTINEL_1A_FRAME,19140,VV+VH,2017-11-06T05:27:24Z,C-SAR,S1A_IWDV_0443_0450_019140_168,002.84,S1A_IW_SLC__1SDV_20171106T052724_20171106T052751_019140_020636_06A7.zip,IW,['s3://asf-ngap2w-p-s1-slc-7b420b89/S1A_IW_SLC__1SDV_20171106T052724_20171106T052751_019140_020636_06A7.zip'],306,60.0,"{'coordinates': [[[11.452984, 43.428062], [11.897175, 45.045586], [8.645714, 45.445061], [8.292945, 43.827435], [11.452984, 43.428062]]], 'type': 'Polygon'}"
43.9515,9.9569,2017-11-12T05:27:17Z,S1B_IW_SLC__1SDV_20171112T052650_20171112T052717_008244_00E948_A489-SLC,DESCENDING,168,SLC,https://datapool.asf.alaska.edu/SLC/SB/S1B_IW_SLC__1SDV_20171112T052650_20171112T052717_008244_00E948_A489.zip,2017-11-12 05:26:50+00:00,S1B_IW_SLC__1SDV_20171112T052650_20171112T052717_008244_00E948_A489,,Sentinel-1B,4362327453,68c043bc5353342bb5ef50d34fc851fc,446,SENTINEL_1B_FRAME,8244,VV+VH,2017-11-12T05:26:50Z,C-SAR,S1B_IWDV_0445_0452_008244_168,002.84,S1B_IW_SLC__1SDV_20171112T052650_20171112T052717_008244_00E948_A489.zip,IW,['s3://asf-ngap2w-p-s1-slc-7b420b89/S1B_IW_SLC__1SDV_20171112T052650_20171112T052717_008244_00E948_A489.zip'],312,1.0,"{'coordinates': [[[11.315544, 42.932575], [11.755239, 44.550346], [8.544971, 44.948303], [8.194079, 43.330563], [11.315544, 42.932575]]], 'type': 'Polygon'}"
44.4471,10.077,2017-11-18T05:27:51Z,S1A_IW_SLC__1SDV_20171118T052724_20171118T052751_019315_020BAB_D077-SLC,DESCENDING,168,SLC,https://datapool.asf.alaska.edu/SLC/SA/S1A_IW_SLC__1SDV_20171118T052724_20171118T052751_019315_020BAB_D077.zip,2017-11-18 05:27:24+00:00,S1A_IW_SLC__1SDV_20171118T052724_20171118T052751_019315_020BAB_D077,,Sentinel-1A,4599126303,16a05212af143d4b0dd709a4a93da948,444,SENTINEL_1A_FRAME,19315,VV+VH,2017-11-18T05:27:24Z,C-SAR,S1A_IWDV_0443_0450_019315_168,002.84,S1A_IW_SLC__1SDV_20171118T052724_20171118T052751_019315_020BAB_D077.zip,IW,['s3://asf-ngap2w-p-s1-slc-7b420b89/S1A_IW_SLC__1SDV_20171118T052724_20171118T052751_019315_020BAB_D077.zip'],318,43.0,"{'coordinates': [[[11.45318, 43.427399], [11.897317, 45.044674], [8.645867, 45.444168], [8.293139, 43.82679], [11.45318, 43.427399]]], 'type': 'Polygon'}"
43.9517,9.9567,2017-11-24T05:27:17Z,S1B_IW_SLC__1SDV_20171124T052650_20171124T052717_008419_00EE92_47DD-SLC,DESCENDING,168,SLC,https://datapool.asf.alaska.edu/SLC/SB/S1B_IW_SLC__1SDV_20171124T052650_20171124T052717_008419_00EE92_47DD.zip,2017-11-24 05:26:50+00:00,S1B_IW_SLC__1SDV_20171124T052650_20171124T052717_008419_00EE92_47DD,,Sentinel-1B,4235411208,a48f8af4f916251a34913cab1e8a78d8,446,SENTINEL_1B_FRAME,8419,VV+VH,2017-11-24T05:26:50Z,C-SAR,S1B_IWDV_0445_0452_008419_168,002.84,S1B_IW_SLC__1SDV_20171124T052650_20171124T052717_008419_00EE92_47DD.zip,IW,['s3://asf-ngap2w-p-s1-slc-7b420b89/S1B_IW_SLC__1SDV_20171124T052650_20171124T052717_008419_00EE92_47DD.zip'],324,9.0,"{'coordinates': [[[11.315332, 42.932713], [11.755072, 44.550602], [8.544746, 44.94857], [8.193821, 43.330711], [11.315332, 42.932713]]], 'type': 'Polygon'}"
44.4476,10.078,2017-11-30T05:27:50Z,S1A_IW_SLC__1SDV_20171130T052723_20171130T052750_019490_021126_6189-SLC,DESCENDING,168,SLC,https://datapool.asf.alaska.edu/SLC/SA/S1A_IW_SLC__1SDV_20171130T052723_20171130T052750_019490_021126_6189.zip,2017-11-30 05:27:23+00:00,S1A_IW_SLC__1SDV_20171130T052723_20171130T052750_019490_021126_6189,,Sentinel-1A,4633118588,69aa6a84f6f2ad9c17a5ae86651a62c4,444,SENTINEL_1A_FRAME,19490,VV+VH,2017-11-30T05:27:23Z,C-SAR,S1A_IWDV_0443_0450_019490_168,002.84,S1A_IW_SLC__1SDV_20171130T052723_20171130T052750_019490_021126_6189.zip,IW,['s3://asf-ngap2w-p-s1-slc-7b420b89/S1A_IW_SLC__1SDV_20171130T052723_20171130T052750_019490_021126_6189.zip'],330,-12.0,"{'coordinates': [[[11.454209, 43.427795], [11.898422, 45.045185], [8.646898, 45.444721], [8.294105, 43.827229], [11.454209, 43.427795]]], 'type': 'Polygon'}"
45.2434,10.2941,2017-12-06T05:26:55Z,S1B_IW_SLC__1SDV_20171206T052627_20171206T052655_008594_00F425_4A68-SLC,DESCENDING,168,SLC,https://datapool.asf.alaska.edu/SLC/SB/S1B_IW_SLC__1SDV_20171206T052627_20171206T052655_008594_00F425_4A68.zip,2017-12-06 05:26:27+00:00,S1B_IW_SLC__1SDV_20171206T052627_20171206T052655_008594_00F425_4A68,,Sentinel-1B,4813779046,60503f1e3abf7fa36003c3f39985949b,441,SENTINEL_1B_FRAME,8594,VV+VH,2017-12-06T05:26:27Z,C-SAR,S1B_IWDV_0441_0447_008594_168,002.84,S1B_IW_SLC__1SDV_20171206T052627_20171206T052655_008594_00F425_4A68.zip,IW,['s3://asf-ngap2w-p-s1-slc-7b420b89/S1B_IW_SLC__1SDV_20171206T052627_20171206T052655_008594_00F425_4A68.zip'],336,42.0,"{'coordinates': [[[11.659871, 44.197578], [12.127362, 45.871643], [8.870964, 46.266537], [8.50073, 44.592094], [11.659871, 44.197578]]], 'type': 'Polygon'}"
44.4478,10.0785,2017-12-12T05:27:50Z,S1A_IW_SLC__1SDV_20171212T052723_20171212T052750_019665_0216A4_A5B7-SLC,DESCENDING,168,SLC,https://datapool.asf.alaska.edu/SLC/SA/S1A_IW_SLC__1SDV_20171212T052723_20171212T052750_019665_0216A4_A5B7.zip,2017-12-12 05:27:23+00:00,S1A_IW_SLC__1SDV_20171212T052723_20171212T052750_019665_0216A4_A5B7,,Sentinel-1A,4716872300,8155f4c27a0926391b2b3c8fe8a0161d,444,SENTINEL_1A_FRAME,19665,VV+VH,2017-12-12T05:27:23Z,C-SAR,S1A_IWDV_0443_0450_019665_168,002.84,S1A_IW_SLC__1SDV_20171212T052723_20171212T052750_019665_0216A4_A5B7.zip,IW,['s3://asf-ngap2w-p-s1-slc-7b420b89/S1A_IW_SLC__1SDV_20171212T052723_20171212T052750_019665_0216A4_A5B7.zip'],342,-42.0,"{'coordinates': [[[11.454714, 43.428043], [11.898913, 45.045307], [8.647337, 45.444866], [8.294552, 43.827496], [11.454714, 43.428043]]], 'type': 'Polygon'}"
44.4484,10.0788,2017-12-24T05:27:49Z,S1A_IW_SLC__1SDV_20171224T052722_20171224T052749_019840_021C04_082B-SLC,DESCENDING,168,SLC,https://datapool.asf.alaska.edu/SLC/SA/S1A_IW_SLC__1SDV_20171224T052722_20171224T052749_019840_021C04_082B.zip,2017-12-24 05:27:22+00:00,S1A_IW_SLC__1SDV_20171224T052722_20171224T052749_019840_021C04_082B,,Sentinel-1A,4504129965,9d03e3ba05aa3e5907aa252ca128f4fb,444,SENTINEL_1A_FRAME,19840,VV+VH,2017-12-24T05:27:22Z,C-SAR,S1A_IWDV_0443_0450_019840_168,002.84,S1A_IW_SLC__1SDV_20171224T052722_20171224T052749_019840_021C04_082B.zip,IW,['s3://asf-ngap2w-p-s1-slc-7b420b89/S1A_IW_SLC__1SDV_20171224T052722_20171224T052749_019840_021C04_082B.zip'],354,-42.0,"{'coordinates': [[[11.454949, 43.428486], [11.89925, 45.04612], [8.647635, 45.445671], [8.294772, 43.827934], [11.454949, 43.428486]]], 'type': 'Polygon'}"
45.2433,10.294,2017-12-30T05:26:55Z,S1B_IW_SLC__1SDV_20171230T052627_20171230T052655_008944_00FF51_7648-SLC,DESCENDING,168,SLC,https://datapool.asf.alaska.edu/SLC/SB/S1B_IW_SLC__1SDV_20171230T052627_20171230T052655_008944_00FF51_7648.zip,2017-12-30 05:26:27+00:00,S1B_IW_SLC__1SDV_20171230T052627_20171230T052655_008944_00FF51_7648,,Sentinel-1B,4824497073,ff8bd77504dc4969259a48895d724d3e,441,SENTINEL_1B_FRAME,8944,VV+VH,2017-12-30T05:26:27Z,C-SAR,S1B_IWDV_0441_0447_008944_168,002.84,S1B_IW_SLC__1SDV_20171230T052627_20171230T052655_008944_00FF51_7648.zip,IW,['s3://asf-ngap2w-p-s1-slc-7b420b89/S1B_IW_SLC__1SDV_20171230T052627_20171230T052655_008944_00FF51_7648.zip'],360,58.0,"{'coordinates': [[[11.65978, 44.197533], [12.127272, 45.871593], [8.870834, 46.266491], [8.500601, 44.592052], [11.65978, 44.197533]]], 'type': 'Polygon'}"
44.4484,10.0778,2018-01-05T05:27:49Z,S1A_IW_SLC__1SDV_20180105T052722_20180105T052749_020015_02218B_2D7D-SLC,DESCENDING,168,SLC,https://datapool.asf.alaska.edu/SLC/SA/S1A_IW_SLC__1SDV_20180105T052722_20180105T052749_020015_02218B_2D7D.zip,2018-01-05 05:27:22+00:00,S1A_IW_SLC__1SDV_20180105T052722_20180105T052749_020015_02218B_2D7D,,Sentinel-1A,4607094509,90d3c0ff338a0151bce2bf5cb33d2141,444,SENTINEL_1A_FRAME,20015,VV+VH,2018-01-05T05:27:22Z,C-SAR,S1A_IWDV_0443_0450_020015_168,002.84,S1A_IW_SLC__1SDV_20180105T052722_20180105T052749_020015_02218B_2D7D.zip,IW,['s3://asf-ngap2w-p-s1-slc-7b420b89/S1A_IW_SLC__1SDV_20180105T052722_20180105T052749_020015_02218B_2D7D.zip'],366,25.0,"{'coordinates': [[[11.453964, 43.428318], [11.898301, 45.0462], [8.646678, 45.445721], [8.293795, 43.827732], [11.453964, 43.428318]]], 'type': 'Polygon'}"
45.2434,10.2945,2018-01-11T05:26:54Z,S1B_IW_SLC__1SDV_20180111T052626_20180111T052654_009119_01050B_FFE3-SLC,DESCENDING,168,SLC,https://datapool.asf.alaska.edu/SLC/SB/S1B_IW_SLC__1SDV_20180111T052626_20180111T052654_009119_01050B_FFE3.zip,2018-01-11 05:26:26+00:00,S1B_IW_SLC__1SDV_20180111T052626_20180111T052654_009119_01050B_FFE3,,Sentinel-1B,5002356254,79c9b9ecd87edbb407208c095d560499,441,SENTINEL_1B_FRAME,9119,VV+VH,2018-01-11T05:26:26Z,C-SAR,S1B_IWDV_0441_0447_009119_168,002.84,S1B_IW_SLC__1SDV_20180111T052626_20180111T052654_009119_01050B_FFE3.zip,IW,['s3://asf-ngap2w-p-s1-slc-7b420b89/S1B_IW_SLC__1SDV_20180111T052626_20180111T052654_009119_01050B_FFE3.zip'],372,18.0,"{'coordinates': [[[11.660182, 44.197498], [12.127748, 45.871681], [8.871357, 46.266613], [8.501054, 44.592049], [11.660182, 44.197498]]], 'type': 'Polygon'}"
44.4477,10.0767,2018-01-17T05:27:48Z,S1A_IW_SLC__1SDV_20180117T052721_20180117T052748_020190_02271E_F491-SLC,DESCENDING,168,SLC,https://datapool.asf.alaska.edu/SLC/SA/S1A_IW_SLC__1SDV_20180117T052721_20180117T052748_020190_02271E_F491.zip,2018-01-17 05:27:21+00:00,S1A_IW_SLC__1SDV_20180117T052721_20180117T052748_020190_02271E_F491,,Sentinel-1A,4687516804,e7d322afaf94e5efe8c0d1f9803377bf,444,SENTINEL_1A_FRAME,20190,VV+VH,2018-01-17T05:27:21Z,C-SAR,S1A_IWDV_0443_0450_020190_168,002.84,S1A_IW_SLC__1SDV_20180117T052721_20180117T052748_020190_02271E_F491.zip,IW,['s3://asf-ngap2w-p-s1-slc-7b420b89/S1A_IW_SLC__1SDV_20180117T052721_20180117T052748_020190_02271E_F491.zip'],378,89.0,"{'coordinates': [[[11.4529, 43.427769], [11.897129, 45.04541], [8.645559, 45.444893], [8.292766, 43.827148], [11.4529, 43.427769]]], 'type': 'Polygon'}"
45.2436,10.295,2018-01-23T05:26:54Z,S1B_IW_SLC__1SDV_20180123T052626_20180123T052654_009294_010ABE_AE4A-SLC,DESCENDING,168,SLC,https://datapool.asf.alaska.edu/SLC/SB/S1B_IW_SLC__1SDV_20180123T052626_20180123T052654_009294_010ABE_AE4A.zip,2018-01-23 05:26:26+00:00,S1B_IW_SLC__1SDV_20180123T052626_20180123T052654_009294_010ABE_AE4A,,Sentinel-1B,4799135620,d8d66f6341a5523ca780198f7eebd5ad,441,SENTINEL_1B_FRAME,9294,VV+VH,2018-01-23T05:26:26Z,C-SAR,S1B_IWDV_0441_0447_009294_168,002.84,S1B_IW_SLC__1SDV_20180123T052626_20180123T052654_009294_010ABE_AE4A.zip,IW,['s3://asf-ngap2w-p-s1-slc-7b420b89/S1B_IW_SLC__1SDV_20180123T052626_20180123T052654_009294_010ABE_AE4A.zip'],384,-22.0,"{'coordinates': [[[11.660686, 44.197746], [12.128275, 45.871929], [8.871906, 46.266876], [8.50158, 44.592316], [11.660686, 44.197746]]], 'type': 'Polygon'}"
44.447,10.0774,2018-01-29T05:27:48Z,S1A_IW_SLC__1SDV_20180129T052721_20180129T052748_020365_022CA8_F715-SLC,DESCENDING,168,SLC,https://datapool.asf.alaska.edu/SLC/SA/S1A_IW_SLC__1SDV_20180129T052721_20180129T052748_020365_022CA8_F715.zip,2018-01-29 05:27:21+00:00,S1A_IW_SLC__1SDV_20180129T052721_20180129T052748_020365_022CA8_F715,,Sentinel-1A,4568960218,38ed15950429a3c79fc82bbdc238074b,444,SENTINEL_1A_FRAME,20365,VV+VH,2018-01-29T05:27:21Z,C-SAR,S1A_IWDV_0443_0450_020365_168,002.84,S1A_IW_SLC__1SDV_20180129T052721_20180129T052748_020365_022CA8_F715.zip,IW,['s3://asf-ngap2w-p-s1-slc-7b420b89/S1A_IW_SLC__1SDV_20180129T052721_20180129T052748_020365_022CA8_F715.zip'],390,14.0,"{'coordinates': [[[11.453514, 43.427162], [11.897727, 45.044682], [8.646279, 45.444183], [8.293489, 43.826561], [11.453514, 43.427162]]], 'type': 'Polygon'}"
45.2435,10.294,2018-02-04T05:26:53Z,S1B_IW_SLC__1SDV_20180204T052625_20180204T052653_009469_01107B_7855-SLC,DESCENDING,168,SLC,https://datapool.asf.alaska.edu/SLC/SB/S1B_IW_SLC__1SDV_20180204T052625_20180204T052653_009469_01107B_7855.zip,2018-02-04 05:26:25+00:00,S1B_IW_SLC__1SDV_20180204T052625_20180204T052653_009469_01107B_7855,,Sentinel-1B,4855251257,ff1162438d9a6da0585c82b9bd8ca75f,441,SENTINEL_1B_FRAME,9469,VV+VH,2018-02-04T05:26:25Z,C-SAR,S1B_IWDV_0441_0447_009469_168,002.84,S1B_IW_SLC__1SDV_20180204T052625_20180204T052653_009469_01107B_7855.zip,IW,['s3://asf-ngap2w-p-s1-slc-7b420b89/S1B_IW_SLC__1SDV_20180204T052625_20180204T052653_009469_01107B_7855.zip'],396,42.0,"{'coordinates': [[[11.659704, 44.197678], [12.127209, 45.871742], [8.870863, 46.266644], [8.500613, 44.592201], [11.659704, 44.197678]]], 'type': 'Polygon'}"
44.4472,10.0774,2018-02-10T05:27:48Z,S1A_IW_SLC__1SDV_20180210T052721_20180210T052748_020540_023244_7026-SLC,DESCENDING,168,SLC,https://datapool.asf.alaska.edu/SLC/SA/S1A_IW_SLC__1SDV_20180210T052721_20180210T052748_020540_023244_7026.zip,2018-02-10 05:27:21+00:00,S1A_IW_SLC__1SDV_20180210T052721_20180210T052748_020540_023244_7026,,Sentinel-1A,4602840965,cf1659f7f81da22db4212b60d77086f2,444,SENTINEL_1A_FRAME,20540,VV+VH,2018-02-10T05:27:21Z,C-SAR,S1A_IWDV_0444_0449_020540_168,002.84,S1A_IW_SLC__1SDV_20180210T052721_20180210T052748_020540_023244_7026.zip,IW,['s3://asf-ngap2w-p-s1-slc-7b420b89/S1A_IW_SLC__1SDV_20180210T052721_20180210T052748_020540_023244_7026.zip'],402,5.0,"{'coordinates': [[[11.453538, 43.427383], [11.89778, 45.044899], [8.646369, 45.444427], [8.293547, 43.826805], [11.453538, 43.427383]]], 'type': 'Polygon'}"
45.2433,10.2929,2018-02-16T05:26:53Z,S1B_IW_SLC__1SDV_20180216T052625_20180216T052653_009644_01163F_F38B-SLC,DESCENDING,168,SLC,https://datapool.asf.alaska.edu/SLC/SB/S1B_IW_SLC__1SDV_20180216T052625_20180216T052653_009644_01163F_F38B.zip,2018-02-16 05:26:25+00:00,S1B_IW_SLC__1SDV_20180216T052625_20180216T052653_009644_01163F_F38B,,Sentinel-1B,4832817662,a12e27006dcfa5e6fb47a50bbefbd232,441,SENTINEL_1B_FRAME,9644,VV+VH,2018-02-16T05:26:25Z,C-SAR,S1B_IWDV_0441_0447_009644_168,002.84,S1B_IW_SLC__1SDV_20180216T052625_20180216T052653_009644_01163F_F38B.zip,IW,['s3://asf-ngap2w-p-s1-slc-7b420b89/S1B_IW_SLC__1SDV_20180216T052625_20180216T052653_009644_01163F_F38B.zip'],408,96.0,"{'coordinates': [[[11.658578, 44.197502], [12.126034, 45.871578], [8.86983, 46.266422], [8.499624, 44.591969], [11.658578, 44.197502]]], 'type': 'Polygon'}"
44.4473,10.0783,2018-02-22T05:27:48Z,S1A_IW_SLC__1SDV_20180222T052721_20180222T052748_020715_0237D7_6CFE-SLC,DESCENDING,168,SLC,https://datapool.asf.alaska.edu/SLC/SA/S1A_IW_SLC__1SDV_20180222T052721_20180222T052748_020715_0237D7_6CFE.zip,2018-02-22 05:27:21+00:00,S1A_IW_SLC__1SDV_20180222T052721_20180222T052748_020715_0237D7_6CFE,,Sentinel-1A,4640122027,cb2b9054ea47c56fd552c0d811aad73c,444,SENTINEL_1A_FRAME,20715,VV+VH,2018-02-22T05:27:21Z,C-SAR,S1A_IWDV_0443_0450_020715_168,002.84,S1A_IW_SLC__1SDV_20180222T052721_20180222T052748_020715_0237D7_6CFE.zip,IW,['s3://asf-ngap2w-p-s1-slc-7b420b89/S1A_IW_SLC__1SDV_20180222T052721_20180222T052748_020715_0237D7_6CFE.zip'],414,-86.0,"{'coordinates': [[[11.454343, 43.427345], [11.898646, 45.044991], [8.647363, 45.444534], [8.294481, 43.826782], [11.454343, 43.427345]]], 'type': 'Polygon'}"
45.2434,10.2931,2018-02-28T05:26:53Z,S1B_IW_SLC__1SDV_20180228T052625_20180228T052653_009819_011C0A_6CF6-SLC,DESCENDING,168,SLC,https://datapool.asf.alaska.edu/SLC/SB/S1B_IW_SLC__1SDV_20180228T052625_20180228T052653_009819_011C0A_6CF6.zip,2018-02-28 05:26:25+00:00,S1B_IW_SLC__1SDV_20180228T052625_20180228T052653_009819_011C0A_6CF6,,Sentinel-1B,4727160332,2142443143225265daffa66b8dec7eff,441,SENTINEL_1B_FRAME,9819,VV+VH,2018-02-28T05:26:25Z,C-SAR,S1B_IWDV_0441_0447_009819_168,002.84,S1B_IW_SLC__1SDV_20180228T052625_20180228T052653_009819_011C0A_6CF6.zip,IW,['s3://asf-ngap2w-p-s1-slc-7b420b89/S1B_IW_SLC__1SDV_20180228T052625_20180228T052653_009819_011C0A_6CF6.zip'],420,43.0,"{'coordinates': [[[11.658775, 44.197716], [12.126201, 45.871677], [8.870169, 46.266506], [8.499979, 44.592167], [11.658775, 44.197716]]], 'type': 'Polygon'}"
44.4475,10.0777,2018-03-06T05:27:48Z,S1A_IW_SLC__1SDV_20180306T052721_20180306T052748_020890_023D5E_E7E3-SLC,DESCENDING,168,SLC,https://datapool.asf.alaska.edu/SLC/SA/S1A_IW_SLC__1SDV_20180306T052721_20180306T052748_020890_023D5E_E7E3.zip,2018-03-06 05:27:21+00:00,S1A_IW_SLC__1SDV_20180306T052721_20180306T052748_020890_023D5E_E7E3,,Sentinel-1A,4604800565,769bb63eeef12ca54ce0c159a4ecaaa2,444,SENTINEL_1A_FRAME,20890,VV+VH,2018-03-06T05:27:21Z,C-SAR,S1A_IWDV_0443_0450_020890_168,002.84,S1A_IW_SLC__1SDV_20180306T052721_20180306T052748_020890_023D5E_E7E3.zip,IW,['s3://asf-ngap2w-p-s1-slc-7b420b89/S1A_IW_SLC__1SDV_20180306T052721_20180306T052748_020890_023D5E_E7E3.zip'],426,-72.0,"{'coordinates': [[[11.453637, 43.427368], [11.898014, 45.045391], [8.646856, 45.444893], [8.293918, 43.826763], [11.453637, 43.427368]]], 'type': 'Polygon'}"
45.2435,10.2942,2018-03-12T05:26:53Z,S1B_IW_SLC__1SDV_20180312T052625_20180312T052653_009994_0121E9_7C6D-SLC,DESCENDING,168,SLC,https://datapool.asf.alaska.edu/SLC/SB/S1B_IW_SLC__1SDV_20180312T052625_20180312T052653_009994_0121E9_7C6D.zip,2018-03-12 05:26:25+00:00,S1B_IW_SLC__1SDV_20180312T052625_20180312T052653_009994_0121E9_7C6D,,Sentinel-1B,5048684044,5b35bd2d20ba384d4b33d40e3df8de01,441,SENTINEL_1B_FRAME,9994,VV+VH,2018-03-12T05:26:25Z,C-SAR,S1B_IWDV_0441_0447_009994_168,002.84,S1B_IW_SLC__1SDV_20180312T052625_20180312T052653_009994_0121E9_7C6D.zip,IW,['s3://asf-ngap2w-p-s1-slc-7b420b89/S1B_IW_SLC__1SDV_20180312T052625_20180312T052653_009994_0121E9_7C6D.zip'],432,-52.0,"{'coordinates': [[[11.659765, 44.197689], [12.127289, 45.871899], [8.871309, 46.266754], [8.501031, 44.592167], [11.659765, 44.197689]]], 'type': 'Polygon'}"
44.4476,10.076,2018-03-18T05:27:48Z,S1A_IW_SLC__1SDV_20180318T052721_20180318T052748_021065_0242E8_980B-SLC,DESCENDING,168,SLC,https://datapool.asf.alaska.edu/SLC/SA/S1A_IW_SLC__1SDV_20180318T052721_20180318T052748_021065_0242E8_980B.zip,2018-03-18 05:27:21+00:00,S1A_IW_SLC__1SDV_20180318T052721_20180318T052748_021065_0242E8_980B,,Sentinel-1A,4727550362,f3def010a48fa2f17d966d1e899b3245,444,SENTINEL_1A_FRAME,21065,VV+VH,2018-03-18T05:27:21Z,C-SAR,S1A_IWDV_0444_0449_021065_168,002.90,S1A_IW_SLC__1SDV_20180318T052721_20180318T052748_021065_0242E8_980B.zip,IW,['s3://asf-ngap2w-p-s1-slc-7b420b89/S1A_IW_SLC__1SDV_20180318T052721_20180318T052748_021065_0242E8_980B.zip'],438,28.0,"{'coordinates': [[[11.452024, 43.427765], [11.896186, 45.045311], [8.645128, 45.444721], [8.292374, 43.827072], [11.452024, 43.427765]]], 'type': 'Polygon'}"
45.2436,10.2951,2018-03-24T05:26:53Z,S1B_IW_SLC__1SDV_20180324T052625_20180324T052653_010169_012793_901B-SLC,DESCENDING,168,SLC,https://datapool.asf.alaska.edu/SLC/SB/S1B_IW_SLC__1SDV_20180324T052625_20180324T052653_010169_012793_901B.zip,2018-03-24 05:26:25+00:00,S1B_IW_SLC__1SDV_20180324T052625_20180324T052653_010169_012793_901B,,Sentinel-1B,4866470104,439eb8157f124d22ebb155a2f7811fe2,441,SENTINEL_1B_FRAME,10169,VV+VH,2018-03-24T05:26:25Z,C-SAR,S1B_IWDV_0441_0447_010169_168,002.90,S1B_IW_SLC__1SDV_20180324T052625_20180324T052653_010169_012793_901B.zip,IW,['s3://asf-ngap2w-p-s1-slc-7b420b89/S1B_IW_SLC__1SDV_20180324T052625_20180324T052653_010169_012793_901B.zip'],444,-141.0,"{'coordinates': [[[11.660616, 44.197746], [12.12816, 45.871964], [8.872301, 46.266827], [8.501998, 44.592236], [11.660616, 44.197746]]], 'type': 'Polygon'}"
44.4469,10.0754,2018-03-30T05:27:48Z,S1A_IW_SLC__1SDV_20180330T052721_20180330T052748_021240_024878_63B9-SLC,DESCENDING,168,SLC,https://datapool.asf.alaska.edu/SLC/SA/S1A_IW_SLC__1SDV_20180330T052721_20180330T052748_021240_024878_63B9.zip,2018-03-30 05:27:21+00:00,S1A_IW_SLC__1SDV_20180330T052721_20180330T052748_021240_024878_63B9,,Sentinel-1A,4588067336,dbf00c68ed0ca7c134026b17015a65ef,444,SENTINEL_1A_FRAME,21240,VV+VH,2018-03-30T05:27:21Z,C-SAR,S1A_IWDV_0444_0449_021240_168,002.90,S1A_IW_SLC__1SDV_20180330T052721_20180330T052748_021240_024878_63B9.zip,IW,['s3://asf-ngap2w-p-s1-slc-7b420b89/S1A_IW_SLC__1SDV_20180330T052721_20180330T052748_021240_024878_63B9.zip'],450,32.0,"{'coordinates': [[[11.451337, 43.427135], [11.895467, 45.044693], [8.644581, 45.444065], [8.291849, 43.826408], [11.451337, 43.427135]]], 'type': 'Polygon'}"
45.2437,10.2929,2018-04-05T05:26:54Z,S1B_IW_SLC__1SDV_20180405T052626_20180405T052654_010344_012D43_712D-SLC,DESCENDING,168,SLC,https://datapool.asf.alaska.edu/SLC/SB/S1B_IW_SLC__1SDV_20180405T052626_20180405T052654_010344_012D43_712D.zip,2018-04-05 05:26:26+00:00,S1B_IW_SLC__1SDV_20180405T052626_20180405T052654_010344_012D43_712D,,Sentinel-1B,5001836092,9a35de5dfc9e0ddba5af1b94abf6a022,441,SENTINEL_1B_FRAME,10344,VV+VH,2018-04-05T05:26:26Z,C-SAR,S1B_IWDV_0441_0447_010344_168,002.90,S1B_IW_SLC__1SDV_20180405T052626_20180405T052654_010344_012D43_712D.zip,IW,['s3://asf-ngap2w-p-s1-slc-7b420b89/S1B_IW_SLC__1SDV_20180405T052626_20180405T052654_010344_012D43_712D.zip'],456,-3.0,"{'coordinates': [[[11.658429, 44.197884], [12.125888, 45.871986], [8.87011, 46.266796], [8.49988, 44.592319], [11.658429, 44.197884]]], 'type': 'Polygon'}"
44.4469,10.076,2018-04-11T05:27:49Z,S1A_IW_SLC__1SDV_20180411T052722_20180411T052749_021415_024DEE_8429-SLC,DESCENDING,168,SLC,https://datapool.asf.alaska.edu/SLC/SA/S1A_IW_SLC__1SDV_20180411T052722_20180411T052749_021415_024DEE_8429.zip,2018-04-11 05:27:22+00:00,S1A_IW_SLC__1SDV_20180411T052722_20180411T052749_021415_024DEE_8429,,Sentinel-1A,4641721268,83cc78d3e2316e4fbb047c58c175e8d3,444,SENTINEL_1A_FRAME,21415,VV+VH,2018-04-11T05:27:22Z,C-SAR,S1A_IWDV_0443_0450_021415_168,002.90,S1A_IW_SLC__1SDV_20180411T052722_20180411T052749_021415_024DEE_8429.zip,IW,['s3://asf-ngap2w-p-s1-slc-7b420b89/S1A_IW_SLC__1SDV_20180411T052722_20180411T052749_021415_024DEE_8429.zip'],462,-25.0,"{'coordinates': [[[11.451774, 43.426872], [11.896028, 45.044804], [8.645223, 45.444199], [8.292381, 43.826168], [11.451774, 43.426872]]], 'type': 'Polygon'}"
45.2436,10.2933,2018-04-17T05:26:54Z,S1B_IW_SLC__1SDV_20180417T052626_20180417T052654_010519_0132DA_3448-SLC,DESCENDING,168,SLC,https://datapool.asf.alaska.edu/SLC/SB/S1B_IW_SLC__1SDV_20180417T052626_20180417T052654_010519_0132DA_3448.zip,2018-04-17 05:26:26+00:00,S1B_IW_SLC__1SDV_20180417T052626_20180417T052654_010519_0132DA_3448,,Sentinel-1B,4896947886,cbf1182e10f251edf1954b0b37bc427b,441,SENTINEL_1B_FRAME,10519,VV+VH,2018-04-17T05:26:26Z,C-SAR,S1B_IWDV_0441_0447_010519_168,002.90,S1B_IW_SLC__1SDV_20180417T052626_20180417T052654_010519_0132DA_3448.zip,IW,['s3://asf-ngap2w-p-s1-slc-7b420b89/S1B_IW_SLC__1SDV_20180417T052626_20180417T052654_010519_0132DA_3448.zip'],468,-20.0,"{'coordinates': [[[11.658797, 44.19791], [12.126177, 45.871895], [8.870365, 46.266678], [8.500204, 44.592323], [11.658797, 44.19791]]], 'type': 'Polygon'}"
44.447,10.0777,2018-04-23T05:27:49Z,S1A_IW_SLC__1SDV_20180423T052722_20180423T052749_021590_025363_B564-SLC,DESCENDING,168,SLC,https://datapool.asf.alaska.edu/SLC/SA/S1A_IW_SLC__1SDV_20180423T052722_20180423T052749_021590_025363_B564.zip,2018-04-23 05:27:22+00:00,S1A_IW_SLC__1SDV_20180423T052722_20180423T052749_021590_025363_B564,,Sentinel-1A,4550115265,d9eebe500bfa33d9c38b7215806f96d5,444,SENTINEL_1A_FRAME,21590,VV+VH,2018-04-23T05:27:22Z,C-SAR,S1A_IWDV_0443_0450_021590_168,002.90,S1A_IW_SLC__1SDV_20180423T052722_20180423T052749_021590_025363_B564.zip,IW,['s3://asf-ngap2w-p-s1-slc-7b420b89/S1A_IW_SLC__1SDV_20180423T052722_20180423T052749_021590_025363_B564.zip'],474,-109.0,"{'coordinates': [[[11.453582, 43.427109], [11.897818, 45.044781], [8.646855, 45.444256], [8.294019, 43.826485], [11.453582, 43.427109]]], 'type': 'Polygon'}"
45.244,10.2923,2018-04-29T05:26:55Z,S1B_IW_SLC__1SDV_20180429T052627_20180429T052655_010694_013876_7C8F-SLC,DESCENDING,168,SLC,https://datapool.asf.alaska.edu/SLC/SB/S1B_IW_SLC__1SDV_20180429T052627_20180429T052655_010694_013876_7C8F.zip,2018-04-29 05:26:27+00:00,S1B_IW_SLC__1SDV_20180429T052627_20180429T052655_010694_013876_7C8F,,Sentinel-1B,4859791490,9ce4cb638c983cbc3e2117232d2cd090,441,SENTINEL_1B_FRAME,10694,VV+VH,2018-04-29T05:26:27Z,C-SAR,S1B_IWDV_0441_0447_010694_168,002.90,S1B_IW_SLC__1SDV_20180429T052627_20180429T052655_010694_013876_7C8F.zip,IW,['s3://asf-ngap2w-p-s1-slc-7b420b89/S1B_IW_SLC__1SDV_20180429T052627_20180429T052655_010694_013876_7C8F.zip'],480,55.0,"{'coordinates': [[[11.657877, 44.198292], [12.125256, 45.872402], [8.869447, 46.267147], [8.499294, 44.592667], [11.657877, 44.198292]]], 'type': 'Polygon'}"
44.4471,10.0767,2018-05-05T05:27:50Z,S1A_IW_SLC__1SDV_20180505T052723_20180505T052750_021765_0258EB_7AA2-SLC,DESCENDING,168,SLC,https://datapool.asf.alaska.edu/SLC/SA/S1A_IW_SLC__1SDV_20180505T052723_20180505T052750_021765_0258EB_7AA2.zip,2018-05-05 05:27:23+00:00,S1A_IW_SLC__1SDV_20180505T052723_20180505T052750_021765_0258EB_7AA2,,Sentinel-1A,4622139539,47da9c8311536b5d39d3e9c9e1d105b5,444,SENTINEL_1A_FRAME,21765,VV+VH,2018-05-05T05:27:23Z,C-SAR,S1A_IWDV_0443_0450_021765_168,002.90,S1A_IW_SLC__1SDV_20180505T052723_20180505T052750_021765_0258EB_7AA2.zip,IW,['s3://asf-ngap2w-p-s1-slc-7b420b89/S1A_IW_SLC__1SDV_20180505T052723_20180505T052750_021765_0258EB_7AA2.zip'],486,-41.0,"{'coordinates': [[[11.45256, 43.427124], [11.896783, 45.044926], [8.645832, 45.444347], [8.293015, 43.826447], [11.45256, 43.427124]]], 'type': 'Polygon'}"
45.244,10.2939,2018-05-11T05:26:55Z,S1B_IW_SLC__1SDV_20180511T052627_20180511T052655_010869_013E1D_DAA5-SLC,DESCENDING,168,SLC,https://datapool.asf.alaska.edu/SLC/SB/S1B_IW_SLC__1SDV_20180511T052627_20180511T052655_010869_013E1D_DAA5.zip,2018-05-11 05:26:27+00:00,S1B_IW_SLC__1SDV_20180511T052627_20180511T052655_010869_013E1D_DAA5,,Sentinel-1B,4916302227,d1b41d4db7ee29eb4b85c8c64205a2c6,441,SENTINEL_1B_FRAME,10869,VV+VH,2018-05-11T05:26:27Z,C-SAR,S1B_IWDV_0441_0447_010869_168,002.90,S1B_IW_SLC__1SDV_20180511T052627_20180511T052655_010869_013E1D_DAA5.zip,IW,['s3://asf-ngap2w-p-s1-slc-7b420b89/S1B_IW_SLC__1SDV_20180511T052627_20180511T052655_010869_013E1D_DAA5.zip'],492,-40.0,"{'coordinates': [[[11.659393, 44.198059], [12.126919, 45.872406], [8.871052, 46.267239], [8.500764, 44.592522], [11.659393, 44.198059]]], 'type': 'Polygon'}"
44.4471,10.076,2018-05-17T05:27:50Z,S1A_IW_SLC__1SDV_20180517T052723_20180517T052750_021940_025E79_F818-SLC,DESCENDING,168,SLC,https://datapool.asf.alaska.edu/SLC/SA/S1A_IW_SLC__1SDV_20180517T052723_20180517T052750_021940_025E79_F818.zip,2018-05-17 05:27:23+00:00,S1A_IW_SLC__1SDV_20180517T052723_20180517T052750_021940_025E79_F818,,Sentinel-1A,4592648323,8f4dcdff39ad9fe43b690ede54dd9afa,444,SENTINEL_1A_FRAME,21940,VV+VH,2018-05-17T05:27:23Z,C-SAR,S1A_IWDV_0443_0450_021940_168,002.90,S1A_IW_SLC__1SDV_20180517T052723_20180517T052750_021940_025E79_F818.zip,IW,['s3://asf-ngap2w-p-s1-slc-7b420b89/S1A_IW_SLC__1SDV_20180517T052723_20180517T052750_021940_025E79_F818.zip'],498,17.0,"{'coordinates': [[[11.451983, 43.427311], [11.896118, 45.044865], [8.645115, 45.444271], [8.292375, 43.826618], [11.451983, 43.427311]]], 'type': 'Polygon'}"
45.2441,10.2937,2018-05-23T05:26:56Z,S1B_IW_SLC__1SDV_20180523T052628_20180523T052656_011044_0143CC_AD07-SLC,DESCENDING,168,SLC,https://datapool.asf.alaska.edu/SLC/SB/S1B_IW_SLC__1SDV_20180523T052628_20180523T052656_011044_0143CC_AD07.zip,2018-05-23 05:26:28+00:00,S1B_IW_SLC__1SDV_20180523T052628_20180523T052656_011044_0143CC_AD07,,Sentinel-1B,5017081039,e394a88d0e8ef7fc949d229d4c089860,441,SENTINEL_1B_FRAME,11044,VV+VH,2018-05-23T05:26:28Z,C-SAR,S1B_IWDV_0441_0447_011044_168,002.90,S1B_IW_SLC__1SDV_20180523T052628_20180523T052656_011044_0143CC_AD07.zip,IW,['s3://asf-ngap2w-p-s1-slc-7b420b89/S1B_IW_SLC__1SDV_20180523T052628_20180523T052656_011044_0143CC_AD07.zip'],504,-35.0,"{'coordinates': [[[11.65917, 44.198345], [12.126595, 45.872322], [8.870793, 46.267139], [8.500587, 44.592789], [11.65917, 44.198345]]], 'type': 'Polygon'}"
44.4476,10.0766,2018-05-29T05:27:51Z,S1A_IW_SLC__1SDV_20180529T052724_20180529T052751_022115_026419_F53B-SLC,DESCENDING,168,SLC,https://datapool.asf.alaska.edu/SLC/SA/S1A_IW_SLC__1SDV_20180529T052724_20180529T052751_022115_026419_F53B.zip,2018-05-29 05:27:24+00:00,S1A_IW_SLC__1SDV_20180529T052724_20180529T052751_022115_026419_F53B,,Sentinel-1A,4623233287,ec4d197786e47f714c2cf0446a55c9e8,444,SENTINEL_1A_FRAME,22115,VV+VH,2018-05-29T05:27:24Z,C-SAR,S1A_IWDV_0443_0450_022115_168,002.90,S1A_IW_SLC__1SDV_20180529T052724_20180529T052751_022115_026419_F53B.zip,IW,['s3://asf-ngap2w-p-s1-slc-7b420b89/S1A_IW_SLC__1SDV_20180529T052724_20180529T052751_022115_026419_F53B.zip'],510,-9.0,"{'coordinates': [[[11.452516, 43.427647], [11.896727, 45.045441], [8.645672, 45.444859], [8.29287, 43.826965], [11.452516, 43.427647]]], 'type': 'Polygon'}"
43.9517,9.9572,2018-06-04T05:27:18Z,S1B_IW_SLC__1SDV_20180604T052651_20180604T052718_011219_014975_3912-SLC,DESCENDING,168,SLC,https://datapool.asf.alaska.edu/SLC/SB/S1B_IW_SLC__1SDV_20180604T052651_20180604T052718_011219_014975_3912.zip,2018-06-04 05:26:51+00:00,S1B_IW_SLC__1SDV_20180604T052651_20180604T052718_011219_014975_3912,,Sentinel-1B,4339172317,2cdd273a865be2691f63551da7625602,446,SENTINEL_1B_FRAME,11219,VV+VH,2018-06-04T05:26:51Z,C-SAR,S1B_IWDV_0445_0452_011219_168,002.90,S1B_IW_SLC__1SDV_20180604T052651_20180604T052718_011219_014975_3912.zip,IW,['s3://asf-ngap2w-p-s1-slc-7b420b89/S1B_IW_SLC__1SDV_20180604T052651_20180604T052718_011219_014975_3912.zip'],516,-101.0,"{'coordinates': [[[11.315663, 42.932724], [11.755303, 44.550522], [8.545399, 44.948414], [8.194538, 43.33065], [11.315663, 42.932724]]], 'type': 'Polygon'}"
44.4478,10.0765,2018-06-10T05:27:52Z,S1A_IW_SLC__1SDV_20180610T052725_20180610T052752_022290_026990_BEE7-SLC,DESCENDING,168,SLC,https://datapool.asf.alaska.edu/SLC/SA/S1A_IW_SLC__1SDV_20180610T052725_20180610T052752_022290_026990_BEE7.zip,2018-06-10 05:27:25+00:00,S1A_IW_SLC__1SDV_20180610T052725_20180610T052752_022290_026990_BEE7,,Sentinel-1A,4613080653,14f0097a27f71ee7d481f1ae23c746ea,444,SENTINEL_1A_FRAME,22290,VV+VH,2018-06-10T05:27:25Z,C-SAR,S1A_IWDV_0443_0450_022290_168,002.90,S1A_IW_SLC__1SDV_20180610T052725_20180610T052752_022290_026990_BEE7.zip,IW,['s3://asf-ngap2w-p-s1-slc-7b420b89/S1A_IW_SLC__1SDV_20180610T052725_20180610T052752_022290_026990_BEE7.zip'],522,-7.0,"{'coordinates': [[[11.452459, 43.427849], [11.896694, 45.045643], [8.645649, 45.445076], [8.292826, 43.827183], [11.452459, 43.427849]]], 'type': 'Polygon'}"
43.9518,9.9554,2018-06-16T05:27:18Z,S1B_IW_SLC__1SDV_20180616T052651_20180616T052718_011394_014ECE_4790-SLC,DESCENDING,168,SLC,https://datapool.asf.alaska.edu/SLC/SB/S1B_IW_SLC__1SDV_20180616T052651_20180616T052718_011394_014ECE_4790.zip,2018-06-16 05:26:51+00:00,S1B_IW_SLC__1SDV_20180616T052651_20180616T052718_011394_014ECE_4790,,Sentinel-1B,4207230986,6589bd3df5346be7c66f9f8cffb73567,446,SENTINEL_1B_FRAME,11394,VV+VH,2018-06-16T05:26:51Z,C-SAR,S1B_IWDV_0445_0452_011394_168,002.90,S1B_IW_SLC__1SDV_20180616T052651_20180616T052718_011394_014ECE_4790.zip,IW,['s3://asf-ngap2w-p-s1-slc-7b420b89/S1B_IW_SLC__1SDV_20180616T052651_20180616T052718_011394_014ECE_4790.zip'],528,0.0,"{'coordinates': [[[11.313817, 42.932789], [11.753438, 44.55072], [8.54365, 44.948532], [8.192817, 43.330635], [11.313817, 42.932789]]], 'type': 'Polygon'}"
44.4474,10.0771,2018-06-22T05:27:52Z,S1A_IW_SLC__1SDV_20180622T052725_20180622T052752_022465_026ED9_C660-SLC,DESCENDING,168,SLC,https://datapool.asf.alaska.edu/SLC/SA/S1A_IW_SLC__1SDV_20180622T052725_20180622T052752_022465_026ED9_C660.zip,2018-06-22 05:27:25+00:00,S1A_IW_SLC__1SDV_20180622T052725_20180622T052752_022465_026ED9_C660,,Sentinel-1A,4607858536,22d3e15d360d41d13755a7a9059f6c91,444,SENTINEL_1A_FRAME,22465,VV+VH,2018-06-22T05:27:25Z,C-SAR,S1A_IWDV_0443_0450_022465_168,002.90,S1A_IW_SLC__1SDV_20180622T052725_20180622T052752_022465_026ED9_C660.zip,IW,['s3://asf-ngap2w-p-s1-slc-7b420b89/S1A_IW_SLC__1SDV_20180622T052725_20180622T052752_022465_026ED9_C660.zip'],534,-48.0,"{'coordinates': [[[11.453079, 43.427452], [11.897285, 45.045124], [8.64623, 45.444576], [8.293425, 43.826809], [11.453079, 43.427452]]], 'type': 'Polygon'}"
43.952,9.9554,2018-06-28T05:27:19Z,S1B_IW_SLC__1SDV_20180628T052652_20180628T052719_011569_01543E_E189-SLC,DESCENDING,168,SLC,https://datapool.asf.alaska.edu/SLC/SB/S1B_IW_SLC__1SDV_20180628T052652_20180628T052719_011569_01543E_E189.zip,2018-06-28 05:26:52+00:00,S1B_IW_SLC__1SDV_20180628T052652_20180628T052719_011569_01543E_E189,,Sentinel-1B,4302455607,0494ebaa62e13044c127e7cdb427315d,446,SENTINEL_1B_FRAME,11569,VV+VH,2018-06-28T05:26:52Z,C-SAR,S1B_IWDV_0445_0452_011569_168,002.91,S1B_IW_SLC__1SDV_20180628T052652_20180628T052719_011569_01543E_E189.zip,IW,['s3://asf-ngap2w-p-s1-slc-7b420b89/S1B_IW_SLC__1SDV_20180628T052652_20180628T052719_011569_01543E_E189.zip'],540,38.0,"{'coordinates': [[[11.31389, 42.933098], [11.753445, 44.550903], [8.543564, 44.9487], [8.192789, 43.330929], [11.31389, 42.933098]]], 'type': 'Polygon'}"
44.4479,10.0779,2018-07-04T05:27:53Z,S1A_IW_SLC__1SDV_20180704T052726_20180704T052753_022640_0273F3_DAB6-SLC,DESCENDING,168,SLC,https://datapool.asf.alaska.edu/SLC/SA/S1A_IW_SLC__1SDV_20180704T052726_20180704T052753_022640_0273F3_DAB6.zip,2018-07-04 05:27:26+00:00,S1A_IW_SLC__1SDV_20180704T052726_20180704T052753_022640_0273F3_DAB6,,Sentinel-1A,4655839581,75973b81c51cb9a1a7b1e8d2baad8b66,444,SENTINEL_1A_FRAME,22640,VV+VH,2018-07-04T05:27:26Z,C-SAR,S1A_IWDV_0443_0450_022640_168,002.91,S1A_IW_SLC__1SDV_20180704T052726_20180704T052753_022640_0273F3_DAB6.zip,IW,['s3://asf-ngap2w-p-s1-slc-7b420b89/S1A_IW_SLC__1SDV_20180704T052726_20180704T052753_022640_0273F3_DAB6.zip'],546,-109.0,"{'coordinates': [[[11.453794, 43.427956], [11.898005, 45.045628], [8.646992, 45.445068], [8.294186, 43.827293], [11.453794, 43.427956]]], 'type': 'Polygon'}"
44.4491,10.0692,2018-07-10T05:27:11Z,S1B_IW_SLC__1SDV_20180710T052645_20180710T052711_011744_0159AE_E9E0-SLC,DESCENDING,168,SLC,https://datapool.asf.alaska.edu/SLC/SB/S1B_IW_SLC__1SDV_20180710T052645_20180710T052711_011744_0159AE_E9E0.zip,2018-07-10 05:26:45+00:00,S1B_IW_SLC__1SDV_20180710T052645_20180710T052711_011744_0159AE_E9E0,,Sentinel-1B,4501187374,d4681ef1b0918fbb9bc00dc9db447af7,444,SENTINEL_1B_FRAME,11744,VV+VH,2018-07-10T05:26:45Z,C-SAR,S1B_IWDV_0443_0450_011744_168,002.91,S1B_IW_SLC__1SDV_20180710T052645_20180710T052711_011744_0159AE_E9E0.zip,IW,['s3://asf-ngap2w-p-s1-slc-7b420b89/S1B_IW_SLC__1SDV_20180710T052645_20180710T052711_011744_0159AE_E9E0.zip'],552,-15.0,"{'coordinates': [[[11.434346, 43.431156], [11.877861, 45.048355], [8.649729, 45.444729], [8.296944, 43.827442], [11.434346, 43.431156]]], 'type': 'Polygon'}"
44.4476,10.0767,2018-07-16T05:27:54Z,S1A_IW_SLC__1SDV_20180716T052727_20180716T052754_022815_02793C_BE0E-SLC,DESCENDING,168,SLC,https://datapool.asf.alaska.edu/SLC/SA/S1A_IW_SLC__1SDV_20180716T052727_20180716T052754_022815_02793C_BE0E.zip,2018-07-16 05:27:27+00:00,S1A_IW_SLC__1SDV_20180716T052727_20180716T052754_022815_02793C_BE0E,,Sentinel-1A,4605677778,0512f0bb086c085f5aacfcc7a65f18c6,444,SENTINEL_1A_FRAME,22815,VV+VH,2018-07-16T05:27:27Z,C-SAR,S1A_IWDV_0443_0450_022815_168,002.91,S1A_IW_SLC__1SDV_20180716T052727_20180716T052754_022815_02793C_BE0E.zip,IW,['s3://asf-ngap2w-p-s1-slc-7b420b89/S1A_IW_SLC__1SDV_20180716T052727_20180716T052754_022815_02793C_BE0E.zip'],558,-27.0,"{'coordinates': [[[11.452677, 43.427677], [11.89686, 45.045353], [8.645837, 45.444775], [8.293055, 43.827], [11.452677, 43.427677]]], 'type': 'Polygon'}"
44.449,10.0687,2018-07-22T05:27:13Z,S1B_IW_SLC__1SDV_20180722T052646_20180722T052713_011919_015F08_7539-SLC,DESCENDING,168,SLC,https://datapool.asf.alaska.edu/SLC/SB/S1B_IW_SLC__1SDV_20180722T052646_20180722T052713_011919_015F08_7539.zip,2018-07-22 05:26:46+00:00,S1B_IW_SLC__1SDV_20180722T052646_20180722T052713_011919_015F08_7539,,Sentinel-1B,4562865589,93771865a20af402c31b84becd654b83,444,SENTINEL_1B_FRAME,11919,VV+VH,2018-07-22T05:26:46Z,C-SAR,S1B_IWDV_0443_0450_011919_168,002.91,S1B_IW_SLC__1SDV_20180722T052646_20180722T052713_011919_015F08_7539.zip,IW,['s3://asf-ngap2w-p-s1-slc-7b420b89/S1B_IW_SLC__1SDV_20180722T052646_20180722T052713_011919_015F08_7539.zip'],564,-10.0,"{'coordinates': [[[11.43369, 43.430779], [11.877346, 45.048351], [8.649233, 45.444759], [8.296329, 43.827099], [11.43369, 43.430779]]], 'type': 'Polygon'}"
44.4473,10.0763,2018-07-28T05:27:54Z,S1A_IW_SLC__1SDV_20180728T052727_20180728T052754_022990_027EC5_4DAE-SLC,DESCENDING,168,SLC,https://datapool.asf.alaska.edu/SLC/SA/S1A_IW_SLC__1SDV_20180728T052727_20180728T052754_022990_027EC5_4DAE.zip,2018-07-28 05:27:27+00:00,S1A_IW_SLC__1SDV_20180728T052727_20180728T052754_022990_027EC5_4DAE,,Sentinel-1A,4588790364,d54a119b34efdc82ae2a5d2a5d08c0dd,444,SENTINEL_1A_FRAME,22990,VV+VH,2018-07-28T05:27:27Z,C-SAR,S1A_IWDV_0443_0450_022990_168,002.91,S1A_IW_SLC__1SDV_20180728T052727_20180728T052754_022990_027EC5_4DAE.zip,IW,['s3://asf-ngap2w-p-s1-slc-7b420b89/S1A_IW_SLC__1SDV_20180728T052727_20180728T052754_022990_027EC5_4DAE.zip'],570,-20.0,"{'coordinates': [[[11.452248, 43.427315], [11.896444, 45.045116], [8.645502, 45.444508], [8.292712, 43.826607], [11.452248, 43.427315]]], 'type': 'Polygon'}"
44.4489,10.0696,2018-08-03T05:27:13Z,S1B_IW_SLC__1SDV_20180803T052646_20180803T052713_012094_01644D_5E68-SLC,DESCENDING,168,SLC,https://datapool.asf.alaska.edu/SLC/SB/S1B_IW_SLC__1SDV_20180803T052646_20180803T052713_012094_01644D_5E68.zip,2018-08-03 05:26:46+00:00,S1B_IW_SLC__1SDV_20180803T052646_20180803T052713_012094_01644D_5E68,,Sentinel-1B,4527739230,4062be77a53f90001c141e6d785cbb3b,444,SENTINEL_1B_FRAME,12094,VV+VH,2018-08-03T05:26:46Z,C-SAR,S1B_IWDV_0443_0450_012094_168,002.91,S1B_IW_SLC__1SDV_20180803T052646_20180803T052713_012094_01644D_5E68.zip,IW,['s3://asf-ngap2w-p-s1-slc-7b420b89/S1B_IW_SLC__1SDV_20180803T052646_20180803T052713_012094_01644D_5E68.zip'],576,-32.0,"{'coordinates': [[[11.434805, 43.430862], [11.878366, 45.048183], [8.650041, 45.444603], [8.297217, 43.827198], [11.434805, 43.430862]]], 'type': 'Polygon'}"
44.4472,10.0763,2018-08-09T05:27:55Z,S1A_IW_SLC__1SDV_20180809T052728_20180809T052755_023165_02843F_1B64-SLC,DESCENDING,168,SLC,https://datapool.asf.alaska.edu/SLC/SA/S1A_IW_SLC__1SDV_20180809T052728_20180809T052755_023165_02843F_1B64.zip,2018-08-09 05:27:28+00:00,S1A_IW_SLC__1SDV_20180809T052728_20180809T052755_023165_02843F_1B64,,Sentinel-1A,4584963134,47d57b49838a08b67188623c12e6a10e,444,SENTINEL_1A_FRAME,23165,VV+VH,2018-08-09T05:27:28Z,C-SAR,S1A_IWDV_0444_0449_023165_168,002.91,S1A_IW_SLC__1SDV_20180809T052728_20180809T052755_023165_02843F_1B64.zip,IW,['s3://asf-ngap2w-p-s1-slc-7b420b89/S1A_IW_SLC__1SDV_20180809T052728_20180809T052755_023165_02843F_1B64.zip'],582,8.0,"{'coordinates': [[[11.452273, 43.427284], [11.896432, 45.044956], [8.645377, 45.444363], [8.292619, 43.826591], [11.452273, 43.427284]]], 'type': 'Polygon'}"
44.4491,10.0697,2018-08-15T05:27:14Z,S1B_IW_SLC__1SDV_20180815T052647_20180815T052714_012269_0169B5_C097-SLC,DESCENDING,168,SLC,https://datapool.asf.alaska.edu/SLC/SB/S1B_IW_SLC__1SDV_20180815T052647_20180815T052714_012269_0169B5_C097.zip,2018-08-15 05:26:47+00:00,S1B_IW_SLC__1SDV_20180815T052647_20180815T052714_012269_0169B5_C097,,Sentinel-1B,4612270145,cf7861896bd0914d15dd539f20db3867,444,SENTINEL_1B_FRAME,12269,VV+VH,2018-08-15T05:26:47Z,C-SAR,S1B_IWDV_0443_0450_012269_168,002.91,S1B_IW_SLC__1SDV_20180815T052647_20180815T052714_012269_0169B5_C097.zip,IW,['s3://asf-ngap2w-p-s1-slc-7b420b89/S1B_IW_SLC__1SDV_20180815T052647_20180815T052714_012269_0169B5_C097.zip'],588,-44.0,"{'coordinates': [[[11.434855, 43.431023], [11.878462, 45.048466], [8.650161, 45.444881], [8.297301, 43.827351], [11.434855, 43.431023]]], 'type': 'Polygon'}"
44.4466,10.0769,2018-08-21T05:27:56Z,S1A_IW_SLC__1SDV_20180821T052729_20180821T052756_023340_0289E6_9F43-SLC,DESCENDING,168,SLC,https://datapool.asf.alaska.edu/SLC/SA/S1A_IW_SLC__1SDV_20180821T052729_20180821T052756_023340_0289E6_9F43.zip,2018-08-21 05:27:29+00:00,S1A_IW_SLC__1SDV_20180821T052729_20180821T052756_023340_0289E6_9F43,,Sentinel-1A,4568239129,0de51a886314b29569f3cfbdb2dc04ea,444,SENTINEL_1A_FRAME,23340,VV+VH,2018-08-21T05:27:29Z,C-SAR,S1A_IWDV_0443_0450_023340_168,002.91,S1A_IW_SLC__1SDV_20180821T052729_20180821T052756_023340_0289E6_9F43.zip,IW,['s3://asf-ngap2w-p-s1-slc-7b420b89/S1A_IW_SLC__1SDV_20180821T052729_20180821T052756_023340_0289E6_9F43.zip'],594,-78.0,"{'coordinates': [[[11.452814, 43.426773], [11.897001, 45.044323], [8.646135, 45.443775], [8.293338, 43.826122], [11.452814, 43.426773]]], 'type': 'Polygon'}"
44.4488,10.0693,2018-08-27T05:27:14Z,S1B_IW_SLC__1SDV_20180827T052647_20180827T052714_012444_016F26_38C1-SLC,DESCENDING,168,SLC,https://datapool.asf.alaska.edu/SLC/SB/S1B_IW_SLC__1SDV_20180827T052647_20180827T052714_012444_016F26_38C1.zip,2018-08-27 05:26:47+00:00,S1B_IW_SLC__1SDV_20180827T052647_20180827T052714_012444_016F26_38C1,,Sentinel-1B,4535848438,1a72b90a88050eef3665fc188be8bdc4,444,SENTINEL_1B_FRAME,12444,VV+VH,2018-08-27T05:26:47Z,C-SAR,S1B_IWDV_0443_0450_012444_168,002.91,S1B_IW_SLC__1SDV_20180827T052647_20180827T052714_012444_016F26_38C1.zip,IW,['s3://asf-ngap2w-p-s1-slc-7b420b89/S1B_IW_SLC__1SDV_20180827T052647_20180827T052714_012444_016F26_38C1.zip'],600,-41.0,"{'coordinates': [[[11.434408, 43.430649], [11.877992, 45.0481], [8.6498, 45.444481], [8.296962, 43.826946], [11.434408, 43.430649]]], 'type': 'Polygon'}"
44.4467,10.0761,2018-09-02T05:27:57Z,S1A_IW_SLC__1SDV_20180902T052730_20180902T052757_023515_028F75_0BF8-SLC,DESCENDING,168,SLC,https://datapool.asf.alaska.edu/SLC/SA/S1A_IW_SLC__1SDV_20180902T052730_20180902T052757_023515_028F75_0BF8.zip,2018-09-02 05:27:30+00:00,S1A_IW_SLC__1SDV_20180902T052730_20180902T052757_023515_028F75_0BF8,,Sentinel-1A,4648899315,b9d94f5083c4431d7c3c0304e2f2777f,444,SENTINEL_1A_FRAME,23515,VV+VH,2018-09-02T05:27:30Z,C-SAR,S1A_IWDV_0443_0450_023515_168,002.91,S1A_IW_SLC__1SDV_20180902T052730_20180902T052757_023515_028F75_0BF8.zip,IW,['s3://asf-ngap2w-p-s1-slc-7b420b89/S1A_IW_SLC__1SDV_20180902T052730_20180902T052757_023515_028F75_0BF8.zip'],606,-8.0,"{'coordinates': [[[11.451983, 43.426788], [11.896197, 45.04446], [8.645281, 45.443913], [8.292464, 43.826138], [11.451983, 43.426788]]], 'type': 'Polygon'}"
44.4486,10.0685,2018-09-08T05:27:15Z,S1B_IW_SLC__1SDV_20180908T052648_20180908T052715_012619_01748C_8F2F-SLC,DESCENDING,168,SLC,https://datapool.asf.alaska.edu/SLC/SB/S1B_IW_SLC__1SDV_20180908T052648_20180908T052715_012619_01748C_8F2F.zip,2018-09-08 05:26:48+00:00,S1B_IW_SLC__1SDV_20180908T052648_20180908T052715_012619_01748C_8F2F,,Sentinel-1B,4548203454,10fcd880b4829331bb9fe04fcd01d063,444,SENTINEL_1B_FRAME,12619,VV+VH,2018-09-08T05:26:48Z,C-SAR,S1B_IWDV_0443_0450_012619_168,002.91,S1B_IW_SLC__1SDV_20180908T052648_20180908T052715_012619_01748C_8F2F.zip,IW,['s3://asf-ngap2w-p-s1-slc-7b420b89/S1B_IW_SLC__1SDV_20180908T052648_20180908T052715_012619_01748C_8F2F.zip'],612,18.0,"{'coordinates': [[[11.433688, 43.430553], [11.877219, 45.047882], [8.649006, 45.444248], [8.296213, 43.826839], [11.433688, 43.430553]]], 'type': 'Polygon'}"
44.4468,10.0766,2018-09-14T05:27:57Z,S1A_IW_SLC__1SDV_20180914T052730_20180914T052757_023690_029512_F5AB-SLC,DESCENDING,168,SLC,https://datapool.asf.alaska.edu/SLC/SA/S1A_IW_SLC__1SDV_20180914T052730_20180914T052757_023690_029512_F5AB.zip,2018-09-14 05:27:30+00:00,S1A_IW_SLC__1SDV_20180914T052730_20180914T052757_023690_029512_F5AB,,Sentinel-1A,4551171126,a606230b639ac80f0b718c0e60f1b2ca,444,SENTINEL_1A_FRAME,23690,VV+VH,2018-09-14T05:27:30Z,C-SAR,S1A_IWDV_0444_0449_023690_168,002.91,S1A_IW_SLC__1SDV_20180914T052730_20180914T052757_023690_029512_F5AB.zip,IW,['s3://asf-ngap2w-p-s1-slc-7b420b89/S1A_IW_SLC__1SDV_20180914T052730_20180914T052757_023690_029512_F5AB.zip'],618,-25.0,"{'coordinates': [[[11.452535, 43.426945], [11.896725, 45.044617], [8.645721, 45.444054], [8.292932, 43.826279], [11.452535, 43.426945]]], 'type': 'Polygon'}"
44.4485,10.0694,2018-09-20T05:27:15Z,S1B_IW_SLC__1SDV_20180920T052648_20180920T052715_012794_0179E4_EAD9-SLC,DESCENDING,168,SLC,https://datapool.asf.alaska.edu/SLC/SB/S1B_IW_SLC__1SDV_20180920T052648_20180920T052715_012794_0179E4_EAD9.zip,2018-09-20 05:26:48+00:00,S1B_IW_SLC__1SDV_20180920T052648_20180920T052715_012794_0179E4_EAD9,,Sentinel-1B,4530169032,0d7721c77aaed1dca88a738fc178ea85,444,SENTINEL_1B_FRAME,12794,VV+VH,2018-09-20T05:26:48Z,C-SAR,S1B_IWDV_0444_0449_012794_168,002.91,S1B_IW_SLC__1SDV_20180920T052648_20180920T052715_012794_0179E4_EAD9.zip,IW,['s3://asf-ngap2w-p-s1-slc-7b420b89/S1B_IW_SLC__1SDV_20180920T052648_20180920T052715_012794_0179E4_EAD9.zip'],624,-22.0,"{'coordinates': [[[11.434556, 43.43045], [11.8781, 45.047642], [8.649814, 45.444073], [8.297002, 43.826794], [11.434556, 43.43045]]], 'type': 'Polygon'}"
44.4473,10.0761,2018-09-26T05:27:57Z,S1A_IW_SLC__1SDV_20180926T052730_20180926T052757_023865_029AC2_A56B-SLC,DESCENDING,168,SLC,https://datapool.asf.alaska.edu/SLC/SA/S1A_IW_SLC__1SDV_20180926T052730_20180926T052757_023865_029AC2_A56B.zip,2018-09-26 05:27:30+00:00,S1A_IW_SLC__1SDV_20180926T052730_20180926T052757_023865_029AC2_A56B,,Sentinel-1A,4563772843,64ce21554aeb83cbdcb87152924054d2,444,SENTINEL_1A_FRAME,23865,VV+VH,2018-09-26T05:27:30Z,C-SAR,S1A_IWDV_0443_0450_023865_168,002.91,S1A_IW_SLC__1SDV_20180926T052730_20180926T052757_023865_029AC2_A56B.zip,IW,['s3://asf-ngap2w-p-s1-slc-7b420b89/S1A_IW_SLC__1SDV_20180926T052730_20180926T052757_023865_029AC2_A56B.zip'],630,34.0,"{'coordinates': [[[11.452171, 43.427433], [11.896337, 45.045101], [8.645167, 45.444519], [8.292409, 43.826752], [11.452171, 43.427433]]], 'type': 'Polygon'}"
44.4485,10.07,2018-10-02T05:27:16Z,S1B_IW_SLC__1SDV_20181002T052649_20181002T052716_012969_017F41_1AF9-SLC,DESCENDING,168,SLC,https://datapool.asf.alaska.edu/SLC/SB/S1B_IW_SLC__1SDV_20181002T052649_20181002T052716_012969_017F41_1AF9.zip,2018-10-02 05:26:49+00:00,S1B_IW_SLC__1SDV_20181002T052649_20181002T052716_012969_017F41_1AF9,,Sentinel-1B,4654961476,a6078e4b580a2d4a1bb791c1dcd06446,444,SENTINEL_1B_FRAME,12969,VV+VH,2018-10-02T05:26:49Z,C-SAR,S1B_IWDV_0443_0450_012969_168,002.91,S1B_IW_SLC__1SDV_20181002T052649_20181002T052716_012969_017F41_1AF9.zip,IW,['s3://asf-ngap2w-p-s1-slc-7b420b89/S1B_IW_SLC__1SDV_20181002T052649_20181002T052716_012969_017F41_1AF9.zip'],636,-23.0,"{'coordinates': [[[11.435204, 43.430435], [11.878839, 45.047733], [8.650322, 45.444244], [8.297434, 43.826855], [11.435204, 43.430435]]], 'type': 'Polygon'}"
44.4472,10.077,2018-10-08T05:27:58Z,S1A_IW_SLC__1SDV_20181008T052731_20181008T052758_024040_02A081_9F83-SLC,DESCENDING,168,SLC,https://datapool.asf.alaska.edu/SLC/SA/S1A_IW_SLC__1SDV_20181008T052731_20181008T052758_024040_02A081_9F83.zip,2018-10-08 05:27:31+00:00,S1A_IW_SLC__1SDV_20181008T052731_20181008T052758_024040_02A081_9F83,,Sentinel-1A,4583179691,f822408b98cdbc6156174de0ade14375,444,SENTINEL_1A_FRAME,24040,VV+VH,2018-10-08T05:27:31Z,C-SAR,S1A_IWDV_0443_0450_024040_168,002.91,S1A_IW_SLC__1SDV_20181008T052731_20181008T052758_024040_02A081_9F83.zip,IW,['s3://asf-ngap2w-p-s1-slc-7b420b89/S1A_IW_SLC__1SDV_20181008T052731_20181008T052758_024040_02A081_9F83.zip'],642,13.0,"{'coordinates': [[[11.453083, 43.42725], [11.897316, 45.045029], [8.645994, 45.444489], [8.293184, 43.826611], [11.453083, 43.42725]]], 'type': 'Polygon'}"
44.4485,10.0695,2018-10-14T05:27:16Z,S1B_IW_SLC__1SDV_20181014T052649_20181014T052716_013144_018497_7619-SLC,DESCENDING,168,SLC,https://datapool.asf.alaska.edu/SLC/SB/S1B_IW_SLC__1SDV_20181014T052649_20181014T052716_013144_018497_7619.zip,2018-10-14 05:26:49+00:00,S1B_IW_SLC__1SDV_20181014T052649_20181014T052716_013144_018497_7619,,Sentinel-1B,4533971993,b7b04b729ea26e1116632e49dd094eb8,444,SENTINEL_1B_FRAME,13144,VV+VH,2018-10-14T05:26:49Z,C-SAR,S1B_IWDV_0443_0450_013144_168,002.91,S1B_IW_SLC__1SDV_20181014T052649_20181014T052716_013144_018497_7619.zip,IW,['s3://asf-ngap2w-p-s1-slc-7b420b89/S1B_IW_SLC__1SDV_20181014T052649_20181014T052716_013144_018497_7619.zip'],648,26.0,"{'coordinates': [[[11.434774, 43.430504], [11.878367, 45.047676], [8.649823, 45.444176], [8.296975, 43.826912], [11.434774, 43.430504]]], 'type': 'Polygon'}"
44.4474,10.0775,2018-10-20T05:27:58Z,S1A_IW_SLC__1SDV_20181020T052731_20181020T052758_024215_02A631_80DE-SLC,DESCENDING,168,SLC,https://datapool.asf.alaska.edu/SLC/SA/S1A_IW_SLC__1SDV_20181020T052731_20181020T052758_024215_02A631_80DE.zip,2018-10-20 05:27:31+00:00,S1A_IW_SLC__1SDV_20181020T052731_20181020T052758_024215_02A631_80DE,,Sentinel-1A,4562501829,89309863c9e4798af11ada8284409810,444,SENTINEL_1A_FRAME,24215,VV+VH,2018-10-20T05:27:31Z,C-SAR,S1A_IWDV_0444_0449_024215_168,002.91,S1A_IW_SLC__1SDV_20181020T052731_20181020T052758_024215_02A631_80DE.zip,IW,['s3://asf-ngap2w-p-s1-slc-7b420b89/S1A_IW_SLC__1SDV_20181020T052731_20181020T052758_024215_02A631_80DE.zip'],654,-1.0,"{'coordinates': [[[11.453551, 43.427444], [11.897814, 45.04509], [8.646421, 45.444614], [8.293579, 43.826866], [11.453551, 43.427444]]], 'type': 'Polygon'}"
44.4487,10.0689,2018-10-26T05:27:16Z,S1B_IW_SLC__1SDV_20181026T052649_20181026T052716_013319_018A02_6B1E-SLC,DESCENDING,168,SLC,https://datapool.asf.alaska.edu/SLC/SB/S1B_IW_SLC__1SDV_20181026T052649_20181026T052716_013319_018A02_6B1E.zip,2018-10-26 05:26:49+00:00,S1B_IW_SLC__1SDV_20181026T052649_20181026T052716_013319_018A02_6B1E,,Sentinel-1B,4519164692,3e5d7f6c1274ada10fbf13e57f3e42b4,444,SENTINEL_1B_FRAME,13319,VV+VH,2018-10-26T05:26:49Z,C-SAR,S1B_IWDV_0443_0450_013319_168,002.91,S1B_IW_SLC__1SDV_20181026T052649_20181026T052716_013319_018A02_6B1E.zip,IW,['s3://asf-ngap2w-p-s1-slc-7b420b89/S1B_IW_SLC__1SDV_20181026T052649_20181026T052716_013319_018A02_6B1E.zip'],660,94.0,"{'coordinates': [[[11.434168, 43.430531], [11.877819, 45.048073], [8.64915, 45.444527], [8.296272, 43.826893], [11.434168, 43.430531]]], 'type': 'Polygon'}"
44.4474,10.0778,2018-11-01T05:27:58Z,S1A_IW_SLC__1SDV_20181101T052731_20181101T052758_024390_02ABE4_FB5E-SLC,DESCENDING,168,SLC,https://datapool.asf.alaska.edu/SLC/SA/S1A_IW_SLC__1SDV_20181101T052731_20181101T052758_024390_02ABE4_FB5E.zip,2018-11-01 05:27:31+00:00,S1A_IW_SLC__1SDV_20181101T052731_20181101T052758_024390_02ABE4_FB5E,,Sentinel-1A,4768135483,142b9d21be886c5e742ce9cae250356f,444,SENTINEL_1A_FRAME,24390,VV+VH,2018-11-01T05:27:31Z,C-SAR,S1A_IWDV_0443_0450_024390_168,002.91,S1A_IW_SLC__1SDV_20181101T052731_20181101T052758_024390_02ABE4_FB5E.zip,IW,['s3://asf-ngap2w-p-s1-slc-7b420b89/S1A_IW_SLC__1SDV_20181101T052731_20181101T052758_024390_02ABE4_FB5E.zip'],666,-11.0,"{'coordinates': [[[11.453952, 43.427479], [11.898252, 45.045116], [8.646786, 45.444679], [8.293912, 43.826939], [11.453952, 43.427479]]], 'type': 'Polygon'}"
44.2839,10.0253,2018-11-07T05:27:18Z,S1B_IW_SLC__1SDV_20181107T052651_20181107T052718_013494_018F83_3656-SLC,DESCENDING,168,SLC,https://datapool.asf.alaska.edu/SLC/SB/S1B_IW_SLC__1SDV_20181107T052651_20181107T052718_013494_018F83_3656.zip,2018-11-07 05:26:51+00:00,S1B_IW_SLC__1SDV_20181107T052651_20181107T052718_013494_018F83_3656,,Sentinel-1B,4565381193,6e117d58c7e54e2f5ff4a61d4100cf42,445,SENTINEL_1B_FRAME,13494,VV+VH,2018-11-07T05:26:51Z,C-SAR,S1B_IWDV_0444_0450_013494_168,002.91,S1B_IW_SLC__1SDV_20181107T052651_20181107T052718_013494_018F83_3656.zip,IW,['s3://asf-ngap2w-p-s1-slc-7b420b89/S1B_IW_SLC__1SDV_20181107T052651_20181107T052718_013494_018F83_3656.zip'],672,44.0,"{'coordinates': [[[11.387562, 43.265705], [11.829646, 44.883373], [8.609087, 45.279854], [8.257062, 43.662148], [11.387562, 43.265705]]], 'type': 'Polygon'}"
44.4478,10.0773,2018-11-13T05:27:57Z,S1A_IW_SLC__1SDV_20181113T052730_20181113T052757_024565_02B24A_6AD5-SLC,DESCENDING,168,SLC,https://datapool.asf.alaska.edu/SLC/SA/S1A_IW_SLC__1SDV_20181113T052730_20181113T052757_024565_02B24A_6AD5.zip,2018-11-13 05:27:30+00:00,S1A_IW_SLC__1SDV_20181113T052730_20181113T052757_024565_02B24A_6AD5,,Sentinel-1A,4685025483,319b868d4ae9311e277bd40561fedef2,444,SENTINEL_1A_FRAME,24565,VV+VH,2018-11-13T05:27:30Z,C-SAR,S1A_IWDV_0443_0450_024565_168,002.91,S1A_IW_SLC__1SDV_20181113T052730_20181113T052757_024565_02B24A_6AD5.zip,IW,['s3://asf-ngap2w-p-s1-slc-7b420b89/S1A_IW_SLC__1SDV_20181113T052730_20181113T052757_024565_02B24A_6AD5.zip'],678,44.0,"{'coordinates': [[[11.453453, 43.427895], [11.897695, 45.04541], [8.646161, 45.444942], [8.293344, 43.827324], [11.453453, 43.427895]]], 'type': 'Polygon'}"
44.2842,10.0257,2018-11-19T05:27:18Z,S1B_IW_SLC__1SDV_20181119T052651_20181119T052718_013669_019505_C2E0-SLC,DESCENDING,168,SLC,https://datapool.asf.alaska.edu/SLC/SB/S1B_IW_SLC__1SDV_20181119T052651_20181119T052718_013669_019505_C2E0.zip,2018-11-19 05:26:51+00:00,S1B_IW_SLC__1SDV_20181119T052651_20181119T052718_013669_019505_C2E0,,Sentinel-1B,4473181132,68ce0dde407618f6054de6e329c925b1,445,SENTINEL_1B_FRAME,13669,VV+VH,2018-11-19T05:26:51Z,C-SAR,S1B_IWDV_0444_0450_013669_168,002.91,S1B_IW_SLC__1SDV_20181119T052651_20181119T052718_013669_019505_C2E0.zip,IW,['s3://asf-ngap2w-p-s1-slc-7b420b89/S1B_IW_SLC__1SDV_20181119T052651_20181119T052718_013669_019505_C2E0.zip'],684,23.0,"{'coordinates': [[[11.38797, 43.266064], [11.830055, 44.883476], [8.609447, 45.280029], [8.257409, 43.662579], [11.38797, 43.266064]]], 'type': 'Polygon'}"
44.4477,10.0772,2018-11-25T05:27:57Z,S1A_IW_SLC__1SDV_20181125T052730_20181125T052757_024740_02B8BA_8B12-SLC,DESCENDING,168,SLC,https://datapool.asf.alaska.edu/SLC/SA/S1A_IW_SLC__1SDV_20181125T052730_20181125T052757_024740_02B8BA_8B12.zip,2018-11-25 05:27:30+00:00,S1A_IW_SLC__1SDV_20181125T052730_20181125T052757_024740_02B8BA_8B12,,Sentinel-1A,4714055685,b333750f9459d164530ed881a4f23291,444,SENTINEL_1A_FRAME,24740,VV+VH,2018-11-25T05:27:30Z,C-SAR,S1A_IWDV_0444_0449_024740_168,002.91,S1A_IW_SLC__1SDV_20181125T052730_20181125T052757_024740_02B8BA_8B12.zip,IW,['s3://asf-ngap2w-p-s1-slc-7b420b89/S1A_IW_SLC__1SDV_20181125T052730_20181125T052757_024740_02B8BA_8B12.zip'],690,51.0,"{'coordinates': [[[11.45338, 43.427921], [11.89755, 45.045319], [8.646012, 45.444809], [8.293262, 43.827312], [11.45338, 43.427921]]], 'type': 'Polygon'}"
45.2433,10.2949,2018-12-01T05:27:02Z,S1B_IW_SLC__1SDV_20181201T052634_20181201T052702_013844_019AA0_551A-SLC,DESCENDING,168,SLC,https://datapool.asf.alaska.edu/SLC/SB/S1B_IW_SLC__1SDV_20181201T052634_20181201T052702_013844_019AA0_551A.zip,2018-12-01 05:26:34+00:00,S1B_IW_SLC__1SDV_20181201T052634_20181201T052702_013844_019AA0_551A,,Sentinel-1B,4910981037,2b14a92188f476bf709efe0fcbcc893c,441,SENTINEL_1B_FRAME,13844,VV+VH,2018-12-01T05:26:34Z,C-SAR,S1B_IWDV_0441_0447_013844_168,002.91,S1B_IW_SLC__1SDV_20181201T052634_20181201T052702_013844_019AA0_551A.zip,IW,['s3://asf-ngap2w-p-s1-slc-7b420b89/S1B_IW_SLC__1SDV_20181201T052634_20181201T052702_013844_019AA0_551A.zip'],696,-8.0,"{'coordinates': [[[11.660583, 44.197361], [12.128165, 45.871544], [8.87176, 46.266491], [8.501443, 44.59193], [11.660583, 44.197361]]], 'type': 'Polygon'}"
44.4479,10.0768,2018-12-07T05:27:57Z,S1A_IW_SLC__1SDV_20181207T052730_20181207T052757_024915_02BE95_51EE-SLC,DESCENDING,168,SLC,https://datapool.asf.alaska.edu/SLC/SA/S1A_IW_SLC__1SDV_20181207T052730_20181207T052757_024915_02BE95_51EE.zip,2018-12-07 05:27:30+00:00,S1A_IW_SLC__1SDV_20181207T052730_20181207T052757_024915_02BE95_51EE,,Sentinel-1A,4618947136,ec58349b18154551f37e873742e25783,444,SENTINEL_1A_FRAME,24915,VV+VH,2018-12-07T05:27:30Z,C-SAR,S1A_IWDV_0443_0450_024915_168,002.91,S1A_IW_SLC__1SDV_20181207T052730_20181207T052757_024915_02BE95_51EE.zip,IW,['s3://asf-ngap2w-p-s1-slc-7b420b89/S1A_IW_SLC__1SDV_20181207T052730_20181207T052757_024915_02BE95_51EE.zip'],702,91.0,"{'coordinates': [[[11.453009, 43.428097], [11.897217, 45.045612], [8.645622, 45.445114], [8.292842, 43.827496], [11.453009, 43.428097]]], 'type': 'Polygon'}"
45.2432,10.2954,2018-12-13T05:27:02Z,S1B_IW_SLC__1SDV_20181213T052634_20181213T052702_014019_01A04C_25C2-SLC,DESCENDING,168,SLC,https://datapool.asf.alaska.edu/SLC/SB/S1B_IW_SLC__1SDV_20181213T052634_20181213T052702_014019_01A04C_25C2.zip,2018-12-13 05:26:34+00:00,S1B_IW_SLC__1SDV_20181213T052634_20181213T052702_014019_01A04C_25C2,,Sentinel-1B,4834090757,2d7f28fe290ff905e7259ab28408b304,441,SENTINEL_1B_FRAME,14019,VV+VH,2018-12-13T05:26:34Z,C-SAR,S1B_IWDV_0441_0447_014019_168,002.91,S1B_IW_SLC__1SDV_20181213T052634_20181213T052702_014019_01A04C_25C2.zip,IW,['s3://asf-ngap2w-p-s1-slc-7b420b89/S1B_IW_SLC__1SDV_20181213T052634_20181213T052702_014019_01A04C_25C2.zip'],708,-38.0,"{'coordinates': [[[11.661155, 44.197372], [12.128707, 45.871426], [8.87231, 46.266384], [8.502014, 44.591949], [11.661155, 44.197372]]], 'type': 'Polygon'}"
44.4482,10.0787,2018-12-19T05:27:56Z,S1A_IW_SLC__1SDV_20181219T052729_20181219T052756_025090_02C4ED_AE9B-SLC,DESCENDING,168,SLC,https://datapool.asf.alaska.edu/SLC/SA/S1A_IW_SLC__1SDV_20181219T052729_20181219T052756_025090_02C4ED_AE9B.zip,2018-12-19 05:27:29+00:00,S1A_IW_SLC__1SDV_20181219T052729_20181219T052756_025090_02C4ED_AE9B,,Sentinel-1A,4624404607,6b4e181dfec23309c4e572457f858746,444,SENTINEL_1A_FRAME,25090,VV+VH,2018-12-19T05:27:29Z,C-SAR,S1A_IWDV_0444_0450_025090_168,002.91,S1A_IW_SLC__1SDV_20181219T052729_20181219T052756_025090_02C4ED_AE9B.zip,IW,['s3://asf-ngap2w-p-s1-slc-7b420b89/S1A_IW_SLC__1SDV_20181219T052729_20181219T052756_025090_02C4ED_AE9B.zip'],714,-29.0,"{'coordinates': [[[11.454897, 43.428291], [11.899151, 45.045799], [8.647498, 45.445343], [8.294678, 43.827732], [11.454897, 43.428291]]], 'type': 'Polygon'}"
45.2435,10.2934,2018-12-25T05:27:01Z,S1B_IW_SLC__1SDV_20181225T052634_20181225T052701_014194_01A61A_23EE-SLC,DESCENDING,168,SLC,https://datapool.asf.alaska.edu/SLC/SB/S1B_IW_SLC__1SDV_20181225T052634_20181225T052701_014194_01A61A_23EE.zip,2018-12-25 05:26:34+00:00,S1B_IW_SLC__1SDV_20181225T052634_20181225T052701_014194_01A61A_23EE,,Sentinel-1B,4914274814,f6bc510d15dd3fb61e14552eb6964b71,441,SENTINEL_1B_FRAME,14194,VV+VH,2018-12-25T05:26:34Z,C-SAR,S1B_IWDV_0441_0447_014194_168,002.91,S1B_IW_SLC__1SDV_20181225T052634_20181225T052701_014194_01A61A_23EE.zip,IW,['s3://asf-ngap2w-p-s1-slc-7b420b89/S1B_IW_SLC__1SDV_20181225T052634_20181225T052701_014194_01A61A_23EE.zip'],720,106.0,"{'coordinates': [[[11.659202, 44.197723], [12.126672, 45.871662], [8.870218, 46.266567], [8.500002, 44.592255], [11.659202, 44.197723]]], 'type': 'Polygon'}"
44.4475,10.0781,2018-12-31T05:27:56Z,S1A_IW_SLC__1SDV_20181231T052729_20181231T052756_025265_02CB42_9A6C-SLC,DESCENDING,168,SLC,https://datapool.asf.alaska.edu/SLC/SA/S1A_IW_SLC__1SDV_20181231T052729_20181231T052756_025265_02CB42_9A6C.zip,2018-12-31 05:27:29+00:00,S1A_IW_SLC__1SDV_20181231T052729_20181231T052756_025265_02CB42_9A6C,,Sentinel-1A,4548051601,d96d5b160edca5504081268f76bb5737,444,SENTINEL_1A_FRAME,25265,VV+VH,2018-12-31T05:27:29Z,C-SAR,S1A_IWDV_0444_0450_025265_168,002.91,S1A_IW_SLC__1SDV_20181231T052729_20181231T052756_025265_02CB42_9A6C.zip,IW,['s3://asf-ngap2w-p-s1-slc-7b420b89/S1A_IW_SLC__1SDV_20181231T052729_20181231T052756_025265_02CB42_9A6C.zip'],726,-10.0,"{'coordinates': [[[11.454268, 43.427628], [11.898543, 45.045132], [8.646985, 45.444702], [8.294138, 43.827087], [11.454268, 43.427628]]], 'type': 'Polygon'}"
45.2434,10.2935,2019-01-06T05:27:01Z,S1B_IW_SLC__1SDV_20190106T052633_20190106T052701_014369_01ABD6_5EEF-SLC,DESCENDING,168,SLC,https://datapool.asf.alaska.edu/SLC/SB/S1B_IW_SLC__1SDV_20190106T052633_20190106T052701_014369_01ABD6_5EEF.zip,2019-01-06 05:26:33+00:00,S1B_IW_SLC__1SDV_20190106T052633_20190106T052701_014369_01ABD6_5EEF,,Sentinel-1B,4767461282,e8d42aa8e5227893d9f1d1fc9ca463dc,441,SENTINEL_1B_FRAME,14369,VV+VH,2019-01-06T05:26:33Z,C-SAR,S1B_IWDV_0441_0447_014369_168,002.91,S1B_IW_SLC__1SDV_20190106T052633_20190106T052701_014369_01ABD6_5EEF.zip,IW,['s3://asf-ngap2w-p-s1-slc-7b420b89/S1B_IW_SLC__1SDV_20190106T052633_20190106T052701_014369_01ABD6_5EEF.zip'],732,95.0,"{'coordinates': [[[11.659342, 44.197643], [12.12682, 45.871704], [8.870358, 46.266586], [8.50014, 44.592148], [11.659342, 44.197643]]], 'type': 'Polygon'}"
44.4476,10.0782,2019-01-12T05:27:55Z,S1A_IW_SLC__1SDV_20190112T052728_20190112T052755_025440_02D18B_2790-SLC,DESCENDING,168,SLC,https://datapool.asf.alaska.edu/SLC/SA/S1A_IW_SLC__1SDV_20190112T052728_20190112T052755_025440_02D18B_2790.zip,2019-01-12 05:27:28+00:00,S1A_IW_SLC__1SDV_20190112T052728_20190112T052755_025440_02D18B_2790,,Sentinel-1A,4442631780,06a641ba6c2a0604a7809f100852ccbb,444,SENTINEL_1A_FRAME,25440,VV+VH,2019-01-12T05:27:28Z,C-SAR,S1A_IWDV_0443_0450_025440_168,002.91,S1A_IW_SLC__1SDV_20190112T052728_20190112T052755_025440_02D18B_2790.zip,IW,['s3://asf-ngap2w-p-s1-slc-7b420b89/S1A_IW_SLC__1SDV_20190112T052728_20190112T052755_025440_02D18B_2790.zip'],738,-22.0,"{'coordinates': [[[11.45435, 43.427608], [11.898656, 45.045242], [8.64712, 45.444809], [8.294245, 43.827072], [11.45435, 43.427608]]], 'type': 'Polygon'}"
45.2436,10.2947,2019-01-18T05:27:01Z,S1B_IW_SLC__1SDV_20190118T052633_20190118T052701_014544_01B17A_6797-SLC,DESCENDING,168,SLC,https://datapool.asf.alaska.edu/SLC/SB/S1B_IW_SLC__1SDV_20190118T052633_20190118T052701_014544_01B17A_6797.zip,2019-01-18 05:26:33+00:00,S1B_IW_SLC__1SDV_20190118T052633_20190118T052701_014544_01B17A_6797,,Sentinel-1B,4915145226,80c7becbec96e87435157c3b92692678,441,SENTINEL_1B_FRAME,14544,VV+VH,2019-01-18T05:26:33Z,C-SAR,S1B_IWDV_0441_0447_014544_168,002.91,S1B_IW_SLC__1SDV_20190118T052633_20190118T052701_014544_01B17A_6797.zip,IW,['s3://asf-ngap2w-p-s1-slc-7b420b89/S1B_IW_SLC__1SDV_20190118T052633_20190118T052701_014544_01B17A_6797.zip'],744,4.0,"{'coordinates': [[[11.660471, 44.197746], [12.127989, 45.871807], [8.871576, 46.266724], [8.501318, 44.592281], [11.660471, 44.197746]]], 'type': 'Polygon'}"
44.4477,10.0766,2019-01-24T05:27:55Z,S1A_IW_SLC__1SDV_20190124T052728_20190124T052755_025615_02D7ED_F0A7-SLC,DESCENDING,168,SLC,https://datapool.asf.alaska.edu/SLC/SA/S1A_IW_SLC__1SDV_20190124T052728_20190124T052755_025615_02D7ED_F0A7.zip,2019-01-24 05:27:28+00:00,S1A_IW_SLC__1SDV_20190124T052728_20190124T052755_025615_02D7ED_F0A7,,Sentinel-1A,4626532478,821ace6d9d280d0b0670bb2b25c2f1b7,444,SENTINEL_1A_FRAME,25615,VV+VH,2019-01-24T05:27:28Z,C-SAR,S1A_IWDV_0444_0449_025615_168,002.91,S1A_IW_SLC__1SDV_20190124T052728_20190124T052755_025615_02D7ED_F0A7.zip,IW,['s3://asf-ngap2w-p-s1-slc-7b420b89/S1A_IW_SLC__1SDV_20190124T052728_20190124T052755_025615_02D7ED_F0A7.zip'],750,95.0,"{'coordinates': [[[11.452788, 43.427818], [11.897036, 45.045456], [8.645474, 45.444962], [8.292662, 43.827217], [11.452788, 43.427818]]], 'type': 'Polygon'}"
45.2437,10.2942,2019-01-30T05:27:00Z,S1B_IW_SLC__1SDV_20190130T052632_20190130T052700_014719_01B71A_E4CB-SLC,DESCENDING,168,SLC,https://datapool.asf.alaska.edu/SLC/SB/S1B_IW_SLC__1SDV_20190130T052632_20190130T052700_014719_01B71A_E4CB.zip,2019-01-30 05:26:32+00:00,S1B_IW_SLC__1SDV_20190130T052632_20190130T052700_014719_01B71A_E4CB,,Sentinel-1B,4779275840,6e3a023514ab0e4e93fb3f3d14408901,441,SENTINEL_1B_FRAME,14719,VV+VH,2019-01-30T05:26:32Z,C-SAR,S1B_IWDV_0441_0447_014719_168,002.91,S1B_IW_SLC__1SDV_20190130T052632_20190130T052700_014719_01B71A_E4CB.zip,IW,['s3://asf-ngap2w-p-s1-slc-7b420b89/S1B_IW_SLC__1SDV_20190130T052632_20190130T052700_014719_01B71A_E4CB.zip'],756,32.0,"{'coordinates': [[[11.659894, 44.197777], [12.127476, 45.872089], [8.871105, 46.266998], [8.500793, 44.592308], [11.659894, 44.197777]]], 'type': 'Polygon'}"
44.4477,10.0774,2019-02-05T05:27:54Z,S1A_IW_SLC__1SDV_20190205T052727_20190205T052754_025790_02DE47_911F-SLC,DESCENDING,168,SLC,https://datapool.asf.alaska.edu/SLC/SA/S1A_IW_SLC__1SDV_20190205T052727_20190205T052754_025790_02DE47_911F.zip,2019-02-05 05:27:27+00:00,S1A_IW_SLC__1SDV_20190205T052727_20190205T052754_025790_02DE47_911F,,Sentinel-1A,4568359232,7cd6b4aae7e972778be73ab78405188b,444,SENTINEL_1A_FRAME,25790,VV+VH,2019-02-05T05:27:27Z,C-SAR,S1A_IWDV_0443_0450_025790_168,002.91,S1A_IW_SLC__1SDV_20190205T052727_20190205T052754_025790_02DE47_911F.zip,IW,['s3://asf-ngap2w-p-s1-slc-7b420b89/S1A_IW_SLC__1SDV_20190205T052727_20190205T052754_025790_02DE47_911F.zip'],762,36.0,"{'coordinates': [[[11.453634, 43.42786], [11.897821, 45.04538], [8.646264, 45.444859], [8.293503, 43.827236], [11.453634, 43.42786]]], 'type': 'Polygon'}"
45.2434,10.2947,2019-02-11T05:27:00Z,S1B_IW_SLC__1SDV_20190211T052632_20190211T052700_014894_01BCD7_2231-SLC,DESCENDING,168,SLC,https://datapool.asf.alaska.edu/SLC/SB/S1B_IW_SLC__1SDV_20190211T052632_20190211T052700_014894_01BCD7_2231.zip,2019-02-11 05:26:32+00:00,S1B_IW_SLC__1SDV_20190211T052632_20190211T052700_014894_01BCD7_2231,,Sentinel-1B,4902868511,32ec4cd6ba9dbebdcdb42fe2a5c20ea0,441,SENTINEL_1B_FRAME,14894,VV+VH,2019-02-11T05:26:32Z,C-SAR,S1B_IWDV_0441_0447_014894_168,002.91,S1B_IW_SLC__1SDV_20190211T052632_20190211T052700_014894_01BCD7_2231.zip,IW,['s3://asf-ngap2w-p-s1-slc-7b420b89/S1B_IW_SLC__1SDV_20190211T052632_20190211T052700_014894_01BCD7_2231.zip'],768,-25.0,"{'coordinates': [[[11.660363, 44.197514], [12.127934, 45.871704], [8.871667, 46.266632], [8.501354, 44.592064], [11.660363, 44.197514]]], 'type': 'Polygon'}"
44.4478,10.0771,2019-02-17T05:27:54Z,S1A_IW_SLC__1SDV_20190217T052727_20190217T052754_025965_02E479_38FC-SLC,DESCENDING,168,SLC,https://datapool.asf.alaska.edu/SLC/SA/S1A_IW_SLC__1SDV_20190217T052727_20190217T052754_025965_02E479_38FC.zip,2019-02-17 05:27:27+00:00,S1A_IW_SLC__1SDV_20190217T052727_20190217T052754_025965_02E479_38FC,,Sentinel-1A,4496922659,7a54fae41e1f8b91828eb01fc9dc8678,444,SENTINEL_1A_FRAME,25965,VV+VH,2019-02-17T05:27:27Z,C-SAR,S1A_IWDV_0443_0450_025965_168,002.91,S1A_IW_SLC__1SDV_20190217T052727_20190217T052754_025965_02E479_38FC.zip,IW,['s3://asf-ngap2w-p-s1-slc-7b420b89/S1A_IW_SLC__1SDV_20190217T052727_20190217T052754_025965_02E479_38FC.zip'],774,33.0,"{'coordinates': [[[11.453246, 43.427998], [11.897458, 45.045517], [8.64603, 45.445007], [8.293241, 43.827381], [11.453246, 43.427998]]], 'type': 'Polygon'}"
45.2435,10.2932,2019-02-23T05:27:00Z,S1B_IW_SLC__1SDV_20190223T052632_20190223T052700_015069_01C291_394C-SLC,DESCENDING,168,SLC,https://datapool.asf.alaska.edu/SLC/SB/S1B_IW_SLC__1SDV_20190223T052632_20190223T052700_015069_01C291_394C.zip,2019-02-23 05:26:32+00:00,S1B_IW_SLC__1SDV_20190223T052632_20190223T052700_015069_01C291_394C,,Sentinel-1B,4803111111,ea8dea317ee2ef8c276d377ef220f050,441,SENTINEL_1B_FRAME,15069,VV+VH,2019-02-23T05:26:32Z,C-SAR,S1B_IWDV_0441_0447_015069_168,002.91,S1B_IW_SLC__1SDV_20190223T052632_20190223T052700_015069_01C291_394C.zip,IW,['s3://asf-ngap2w-p-s1-slc-7b420b89/S1B_IW_SLC__1SDV_20190223T052632_20190223T052700_015069_01C291_394C.zip'],780,63.0,"{'coordinates': [[[11.658811, 44.197662], [12.1263, 45.871738], [8.870133, 46.266613], [8.499889, 44.592159], [11.658811, 44.197662]]], 'type': 'Polygon'}"
44.4479,10.0768,2019-03-01T05:27:54Z,S1A_IW_SLC__1SDV_20190301T052727_20190301T052754_026140_02EABC_75FE-SLC,DESCENDING,168,SLC,https://datapool.asf.alaska.edu/SLC/SA/S1A_IW_SLC__1SDV_20190301T052727_20190301T052754_026140_02EABC_75FE.zip,2019-03-01 05:27:27+00:00,S1A_IW_SLC__1SDV_20190301T052727_20190301T052754_026140_02EABC_75FE,,Sentinel-1A,4510137770,a37403ec320824b366bc1dcd87c2d89d,444,SENTINEL_1A_FRAME,26140,VV+VH,2019-03-01T05:27:27Z,C-SAR,S1A_IWDV_0443_0450_026140_168,002.91,S1A_IW_SLC__1SDV_20190301T052727_20190301T052754_026140_02EABC_75FE.zip,IW,['s3://asf-ngap2w-p-s1-slc-7b420b89/S1A_IW_SLC__1SDV_20190301T052727_20190301T052754_026140_02EABC_75FE.zip'],786,32.0,"{'coordinates': [[[11.452812, 43.427887], [11.897113, 45.045662], [8.645801, 45.44516], [8.292933, 43.827282], [11.452812, 43.427887]]], 'type': 'Polygon'}"
45.2436,10.2926,2019-03-07T05:27:00Z,S1B_IW_SLC__1SDV_20190307T052632_20190307T052700_015244_01C85A_A3F6-SLC,DESCENDING,168,SLC,https://datapool.asf.alaska.edu/SLC/SB/S1B_IW_SLC__1SDV_20190307T052632_20190307T052700_015244_01C85A_A3F6.zip,2019-03-07 05:26:32+00:00,S1B_IW_SLC__1SDV_20190307T052632_20190307T052700_015244_01C85A_A3F6,,Sentinel-1B,4841489208,ae67e428136622eb1ad5c72ad103dcce,441,SENTINEL_1B_FRAME,15244,VV+VH,2019-03-07T05:26:32Z,C-SAR,S1B_IWDV_0441_0447_015244_168,002.91,S1B_IW_SLC__1SDV_20190307T052632_20190307T052700_015244_01C85A_A3F6.zip,IW,['s3://asf-ngap2w-p-s1-slc-7b420b89/S1B_IW_SLC__1SDV_20190307T052632_20190307T052700_015244_01C85A_A3F6.zip'],792,74.0,"{'coordinates': [[[11.658282, 44.197803], [12.125721, 45.871895], [8.869657, 46.266705], [8.499461, 44.592239], [11.658282, 44.197803]]], 'type': 'Polygon'}"
44.4475,10.0774,2019-03-13T05:27:54Z,S1A_IW_SLC__1SDV_20190313T052727_20190313T052754_026315_02F11A_9B61-SLC,DESCENDING,168,SLC,https://datapool.asf.alaska.edu/SLC/SA/S1A_IW_SLC__1SDV_20190313T052727_20190313T052754_026315_02F11A_9B61.zip,2019-03-13 05:27:27+00:00,S1A_IW_SLC__1SDV_20190313T052727_20190313T052754_026315_02F11A_9B61,,Sentinel-1A,4542605084,e7a89833452d6e1bdb8c1ed6651e3ede,444,SENTINEL_1A_FRAME,26315,VV+VH,2019-03-13T05:27:27Z,C-SAR,S1A_IWDV_0443_0450_026315_168,002.91,S1A_IW_SLC__1SDV_20190313T052727_20190313T052754_026315_02F11A_9B61.zip,IW,['s3://asf-ngap2w-p-s1-slc-7b420b89/S1A_IW_SLC__1SDV_20190313T052727_20190313T052754_026315_02F11A_9B61.zip'],798,-63.0,"{'coordinates': [[[11.453382, 43.427601], [11.89763, 45.045135], [8.646547, 45.444633], [8.293709, 43.826996], [11.453382, 43.427601]]], 'type': 'Polygon'}"
45.2439,10.2931,2019-03-19T05:27:00Z,S1B_IW_SLC__1SDV_20190319T052632_20190319T052700_015419_01CE05_9832-SLC,DESCENDING,168,SLC,https://datapool.asf.alaska.edu/SLC/SB/S1B_IW_SLC__1SDV_20190319T052632_20190319T052700_015419_01CE05_9832.zip,2019-03-19 05:26:32+00:00,S1B_IW_SLC__1SDV_20190319T052632_20190319T052700_015419_01CE05_9832,,Sentinel-1B,4787013399,352a8c0fff6cadde2c38d810b88a3ca9,441,SENTINEL_1B_FRAME,15419,VV+VH,2019-03-19T05:26:32Z,C-SAR,S1B_IWDV_0441_0447_015419_168,002.91,S1B_IW_SLC__1SDV_20190319T052632_20190319T052700_015419_01CE05_9832.zip,IW,['s3://asf-ngap2w-p-s1-slc-7b420b89/S1B_IW_SLC__1SDV_20190319T052632_20190319T052700_015419_01CE05_9832.zip'],804,4.0,"{'coordinates': [[[11.658663, 44.197968], [12.126161, 45.872314], [8.870261, 46.267094], [8.500015, 44.592373], [11.658663, 44.197968]]], 'type': 'Polygon'}"
44.4476,10.0763,2019-03-25T05:27:55Z,S1A_IW_SLC__1SDV_20190325T052728_20190325T052755_026490_02F791_061C-SLC,DESCENDING,168,SLC,https://datapool.asf.alaska.edu/SLC/SA/S1A_IW_SLC__1SDV_20190325T052728_20190325T052755_026490_02F791_061C.zip,2019-03-25 05:27:28+00:00,S1A_IW_SLC__1SDV_20190325T052728_20190325T052755_026490_02F791_061C,,Sentinel-1A,4516192428,e451cb6ceb543af480cb164fcb76307e,444,SENTINEL_1A_FRAME,26490,VV+VH,2019-03-25T05:27:28Z,C-SAR,S1A_IWDV_0443_0450_026490_168,002.91,S1A_IW_SLC__1SDV_20190325T052728_20190325T052755_026490_02F791_061C.zip,IW,['s3://asf-ngap2w-p-s1-slc-7b420b89/S1A_IW_SLC__1SDV_20190325T052728_20190325T052755_026490_02F791_061C.zip'],810,1.0,"{'coordinates': [[[11.452176, 43.427635], [11.896456, 45.045425], [8.645452, 45.444881], [8.29259, 43.826984], [11.452176, 43.427635]]], 'type': 'Polygon'}"
45.2439,10.2931,2019-03-31T05:27:00Z,S1B_IW_SLC__1SDV_20190331T052632_20190331T052700_015594_01D3BB_E08C-SLC,DESCENDING,168,SLC,https://datapool.asf.alaska.edu/SLC/SB/S1B_IW_SLC__1SDV_20190331T052632_20190331T052700_015594_01D3BB_E08C.zip,2019-03-31 05:26:32+00:00,S1B_IW_SLC__1SDV_20190331T052632_20190331T052700_015594_01D3BB_E08C,,Sentinel-1B,4777682858,679059e9b3549c40a707fde4fa27f5f0,441,SENTINEL_1B_FRAME,15594,VV+VH,2019-03-31T05:26:32Z,C-SAR,S1B_IWDV_0441_0447_015594_168,002.91,S1B_IW_SLC__1SDV_20190331T052632_20190331T052700_015594_01D3BB_E08C.zip,IW,['s3://asf-ngap2w-p-s1-slc-7b420b89/S1B_IW_SLC__1SDV_20190331T052632_20190331T052700_015594_01D3BB_E08C.zip'],816,-6.0,"{'coordinates': [[[11.658624, 44.198017], [12.12612, 45.872242], [8.870289, 46.267052], [8.500032, 44.592457], [11.658624, 44.198017]]], 'type': 'Polygon'}"
44.4473,10.0747,2019-04-06T05:27:55Z,S1A_IW_SLC__1SDV_20190406T052728_20190406T052755_026665_02FE08_6CC6-SLC,DESCENDING,168,SLC,https://datapool.asf.alaska.edu/SLC/SA/S1A_IW_SLC__1SDV_20190406T052728_20190406T052755_026665_02FE08_6CC6.zip,2019-04-06 05:27:28+00:00,S1A_IW_SLC__1SDV_20190406T052728_20190406T052755_026665_02FE08_6CC6,,Sentinel-1A,4579355138,284c1e29525377f51071dfbdc7c55a16,444,SENTINEL_1A_FRAME,26665,VV+VH,2019-04-06T05:27:28Z,C-SAR,S1A_IWDV_0443_0450_026665_168,002.91,S1A_IW_SLC__1SDV_20190406T052728_20190406T052755_026665_02FE08_6CC6.zip,IW,['s3://asf-ngap2w-p-s1-slc-7b420b89/S1A_IW_SLC__1SDV_20190406T052728_20190406T052755_026665_02FE08_6CC6.zip'],822,72.0,"{'coordinates': [[[11.450509, 43.427406], [11.894704, 45.045216], [8.643885, 45.444569], [8.291101, 43.82666], [11.450509, 43.427406]]], 'type': 'Polygon'}"
45.244,10.2939,2019-04-12T05:27:00Z,S1B_IW_SLC__1SDV_20190412T052632_20190412T052700_015769_01D98F_9BE6-SLC,DESCENDING,168,SLC,https://datapool.asf.alaska.edu/SLC/SB/S1B_IW_SLC__1SDV_20190412T052632_20190412T052700_015769_01D98F_9BE6.zip,2019-04-12 05:26:32+00:00,S1B_IW_SLC__1SDV_20190412T052632_20190412T052700_015769_01D98F_9BE6,,Sentinel-1B,4958683591,5f826e86a9a811d1940673bd0b1fa2e9,441,SENTINEL_1B_FRAME,15769,VV+VH,2019-04-12T05:26:32Z,C-SAR,S1B_IWDV_0441_0447_015769_168,002.91,S1B_IW_SLC__1SDV_20190412T052632_20190412T052700_015769_01D98F_9BE6.zip,IW,['s3://asf-ngap2w-p-s1-slc-7b420b89/S1B_IW_SLC__1SDV_20190412T052632_20190412T052700_015769_01D98F_9BE6.zip'],828,-40.0,"{'coordinates': [[[11.65948, 44.198231], [12.126945, 45.87233], [8.871071, 46.26717], [8.500831, 44.592701], [11.65948, 44.198231]]], 'type': 'Polygon'}"
45.2439,10.2938,2019-04-24T05:27:01Z,S1B_IW_SLC__1SDV_20190424T052633_20190424T052701_015944_01DF5C_1C3C-SLC,DESCENDING,168,SLC,https://datapool.asf.alaska.edu/SLC/SB/S1B_IW_SLC__1SDV_20190424T052633_20190424T052701_015944_01DF5C_1C3C.zip,2019-04-24 05:26:33+00:00,S1B_IW_SLC__1SDV_20190424T052633_20190424T052701_015944_01DF5C_1C3C,,Sentinel-1B,5011665242,1983c5a2b1b3fda2339596f85743e1b8,441,SENTINEL_1B_FRAME,15944,VV+VH,2019-04-24T05:26:33Z,C-SAR,S1B_IWDV_0441_0447_015944_168,002.91,S1B_IW_SLC__1SDV_20190424T052633_20190424T052701_015944_01DF5C_1C3C.zip,IW,['s3://asf-ngap2w-p-s1-slc-7b420b89/S1B_IW_SLC__1SDV_20190424T052633_20190424T052701_015944_01DF5C_1C3C.zip'],840,-8.0,"{'coordinates': [[[11.659364, 44.198101], [12.126848, 45.872189], [8.870873, 46.267059], [8.500618, 44.592598], [11.659364, 44.198101]]], 'type': 'Polygon'}"
44.4481,10.0757,2019-04-30T05:27:56Z,S1A_IW_SLC__1SDV_20190430T052729_20190430T052756_027015_030ABC_7509-SLC,DESCENDING,168,SLC,https://datapool.asf.alaska.edu/SLC/SA/S1A_IW_SLC__1SDV_20190430T052729_20190430T052756_027015_030ABC_7509.zip,2019-04-30 05:27:29+00:00,S1A_IW_SLC__1SDV_20190430T052729_20190430T052756_027015_030ABC_7509,,Sentinel-1A,4581098539,c41f77ab7f8217fc5863ca0cbfc8f0e8,444,SENTINEL_1A_FRAME,27015,VV+VH,2019-04-30T05:27:29Z,C-SAR,S1A_IWDV_0443_0450_027015_168,002.91,S1A_IW_SLC__1SDV_20190430T052729_20190430T052756_027015_030ABC_7509.zip,IW,['s3://asf-ngap2w-p-s1-slc-7b420b89/S1A_IW_SLC__1SDV_20190430T052729_20190430T052756_027015_030ABC_7509.zip'],846,57.0,"{'coordinates': [[[11.451649, 43.428043], [11.89592, 45.045959], [8.644846, 45.445396], [8.291994, 43.827377], [11.451649, 43.428043]]], 'type': 'Polygon'}"
45.244,10.2922,2019-05-06T05:27:01Z,S1B_IW_SLC__1SDV_20190506T052633_20190506T052701_016119_01E53A_17A0-SLC,DESCENDING,168,SLC,https://datapool.asf.alaska.edu/SLC/SB/S1B_IW_SLC__1SDV_20190506T052633_20190506T052701_016119_01E53A_17A0.zip,2019-05-06 05:26:33+00:00,S1B_IW_SLC__1SDV_20190506T052633_20190506T052701_016119_01E53A_17A0,,Sentinel-1B,4943601529,45938e3e5ed5577fe468ae460c76c903,441,SENTINEL_1B_FRAME,16119,VV+VH,2019-05-06T05:26:33Z,C-SAR,S1B_IWDV_0442_0447_016119_168,002.91,S1B_IW_SLC__1SDV_20190506T052633_20190506T052701_016119_01E53A_17A0.zip,IW,['s3://asf-ngap2w-p-s1-slc-7b420b89/S1B_IW_SLC__1SDV_20190506T052633_20190506T052701_016119_01E53A_17A0.zip'],852,71.0,"{'coordinates': [[[11.657743, 44.198166], [12.125215, 45.872517], [8.869356, 46.267277], [8.499132, 44.592552], [11.657743, 44.198166]]], 'type': 'Polygon'}"
44.4484,10.0782,2019-05-12T05:27:56Z,S1A_IW_SLC__1SDV_20190512T052729_20190512T052756_027190_0310B1_A091-SLC,DESCENDING,168,SLC,https://datapool.asf.alaska.edu/SLC/SA/S1A_IW_SLC__1SDV_20190512T052729_20190512T052756_027190_0310B1_A091.zip,2019-05-12 05:27:29+00:00,S1A_IW_SLC__1SDV_20190512T052729_20190512T052756_027190_0310B1_A091,,Sentinel-1A,4642914828,3de4dca61ed7263d5183448589f89b4d,444,SENTINEL_1A_FRAME,27190,VV+VH,2019-05-12T05:27:29Z,C-SAR,S1A_IWDV_0443_0450_027190_168,002.91,S1A_IW_SLC__1SDV_20190512T052729_20190512T052756_027190_0310B1_A091.zip,IW,['s3://asf-ngap2w-p-s1-slc-7b420b89/S1A_IW_SLC__1SDV_20190512T052729_20190512T052756_027190_0310B1_A091.zip'],858,-85.0,"{'coordinates': [[[11.454179, 43.428249], [11.898548, 45.046272], [8.647314, 45.445786], [8.294379, 43.827656], [11.454179, 43.428249]]], 'type': 'Polygon'}"
45.244,10.2922,2019-05-18T05:27:02Z,S1B_IW_SLC__1SDV_20190518T052634_20190518T052702_016294_01EAAB_FD01-SLC,DESCENDING,168,SLC,https://datapool.asf.alaska.edu/SLC/SB/S1B_IW_SLC__1SDV_20190518T052634_20190518T052702_016294_01EAAB_FD01.zip,2019-05-18 05:26:34+00:00,S1B_IW_SLC__1SDV_20190518T052634_20190518T052702_016294_01EAAB_FD01,,Sentinel-1B,4990913836,566f3ad999d8a497a2827b22a007bb05,441,SENTINEL_1B_FRAME,16294,VV+VH,2019-05-18T05:26:34Z,C-SAR,S1B_IWDV_0441_0447_016294_168,002.91,S1B_IW_SLC__1SDV_20190518T052634_20190518T052702_016294_01EAAB_FD01.zip,IW,['s3://asf-ngap2w-p-s1-slc-7b420b89/S1B_IW_SLC__1SDV_20190518T052634_20190518T052702_016294_01EAAB_FD01.zip'],864,80.0,"{'coordinates': [[[11.657811, 44.198284], [12.125166, 45.872265], [8.869279, 46.267021], [8.499147, 44.59267], [11.657811, 44.198284]]], 'type': 'Polygon'}"
44.4478,10.0763,2019-05-24T05:27:57Z,S1A_IW_SLC__1SDV_20190524T052730_20190524T052757_027365_03162B_4C3C-SLC,DESCENDING,168,SLC,https://datapool.asf.alaska.edu/SLC/SA/S1A_IW_SLC__1SDV_20190524T052730_20190524T052757_027365_03162B_4C3C.zip,2019-05-24 05:27:30+00:00,S1A_IW_SLC__1SDV_20190524T052730_20190524T052757_027365_03162B_4C3C,,Sentinel-1A,4565645554,d024217d21e27596734dd26871410d68,444,SENTINEL_1A_FRAME,27365,VV+VH,2019-05-24T05:27:30Z,C-SAR,S1A_IWDV_0443_0450_027365_168,002.91,S1A_IW_SLC__1SDV_20190524T052730_20190524T052757_027365_03162B_4C3C.zip,IW,['s3://asf-ngap2w-p-s1-slc-7b420b89/S1A_IW_SLC__1SDV_20190524T052730_20190524T052757_027365_03162B_4C3C.zip'],870,0.0,"{'coordinates': [[[11.452255, 43.427822], [11.8965, 45.045616], [8.645479, 45.445042], [8.292651, 43.827145], [11.452255, 43.427822]]], 'type': 'Polygon'}"
44.2844,10.0249,2019-05-30T05:27:18Z,S1B_IW_SLC__1SDV_20190530T052651_20190530T052718_016469_01F003_ECE1-SLC,DESCENDING,168,SLC,https://datapool.asf.alaska.edu/SLC/SB/S1B_IW_SLC__1SDV_20190530T052651_20190530T052718_016469_01F003_ECE1.zip,2019-05-30 05:26:51+00:00,S1B_IW_SLC__1SDV_20190530T052651_20190530T052718_016469_01F003_ECE1,,Sentinel-1B,4478191151,a953ec188cae264335baa097d65e11e5,445,SENTINEL_1B_FRAME,16469,VV+VH,2019-05-30T05:26:51Z,C-SAR,S1B_IWDV_0444_0450_016469_168,002.91,S1B_IW_SLC__1SDV_20190530T052651_20190530T052718_016469_01F003_ECE1.zip,IW,['s3://asf-ngap2w-p-s1-slc-7b420b89/S1B_IW_SLC__1SDV_20190530T052651_20190530T052718_016469_01F003_ECE1.zip'],876,-15.0,"{'coordinates': [[[11.386961, 43.266251], [11.829006, 44.883816], [8.608889, 45.280277], [8.256867, 43.662678], [11.386961, 43.266251]]], 'type': 'Polygon'}"
44.4476,10.0759,2019-06-05T05:27:57Z,S1A_IW_SLC__1SDV_20190605T052730_20190605T052757_027540_031B94_E331-SLC,DESCENDING,168,SLC,https://datapool.asf.alaska.edu/SLC/SA/S1A_IW_SLC__1SDV_20190605T052730_20190605T052757_027540_031B94_E331.zip,2019-06-05 05:27:30+00:00,S1A_IW_SLC__1SDV_20190605T052730_20190605T052757_027540_031B94_E331,,Sentinel-1A,4585463654,23f1992777f263be1cb5e8ef40751650,444,SENTINEL_1A_FRAME,27540,VV+VH,2019-06-05T05:27:30Z,C-SAR,S1A_IWDV_0443_0450_027540_168,002.91,S1A_IW_SLC__1SDV_20190605T052730_20190605T052757_027540_031B94_E331.zip,IW,['s3://asf-ngap2w-p-s1-slc-7b420b89/S1A_IW_SLC__1SDV_20190605T052730_20190605T052757_027540_031B94_E331.zip'],882,15.0,"{'coordinates': [[[11.451869, 43.427727], [11.896039, 45.045406], [8.64504, 45.444801], [8.292273, 43.827023], [11.451869, 43.427727]]], 'type': 'Polygon'}"
44.1432,10.0205,2019-06-11T05:27:21Z,S1B_IW_SLC__1SDV_20190611T052654_20190611T052721_016644_01F53A_8203-SLC,DESCENDING,168,SLC,https://datapool.asf.alaska.edu/SLC/SB/S1B_IW_SLC__1SDV_20190611T052654_20190611T052721_016644_01F53A_8203.zip,2019-06-11 05:26:54+00:00,S1B_IW_SLC__1SDV_20190611T052654_20190611T052721_016644_01F53A_8203,,Sentinel-1B,4467370248,94621c6e3ded46e243680e23a7a9446c,445,SENTINEL_1B_FRAME,16644,VV+VH,2019-06-11T05:26:54Z,C-SAR,S1B_IWDV_0444_0451_016644_168,002.91,S1B_IW_SLC__1SDV_20190611T052654_20190611T052721_016644_01F53A_8203.zip,IW,['s3://asf-ngap2w-p-s1-slc-7b420b89/S1B_IW_SLC__1SDV_20190611T052654_20190611T052721_016644_01F53A_8203.zip'],888,-63.0,"{'coordinates': [[[11.34928, 43.10004], [11.805407, 44.773056], [8.637962, 45.164654], [8.272972, 43.491592], [11.34928, 43.10004]]], 'type': 'Polygon'}"
44.4476,10.0763,2019-06-17T05:27:58Z,S1A_IW_SLC__1SDV_20190617T052731_20190617T052758_027715_0320DB_11E5-SLC,DESCENDING,168,SLC,https://datapool.asf.alaska.edu/SLC/SA/S1A_IW_SLC__1SDV_20190617T052731_20190617T052758_027715_0320DB_11E5.zip,2019-06-17 05:27:31+00:00,S1A_IW_SLC__1SDV_20190617T052731_20190617T052758_027715_0320DB_11E5,,Sentinel-1A,4559815074,eab3d58c2d34ed73991aa8e58c062e92,444,SENTINEL_1A_FRAME,27715,VV+VH,2019-06-17T05:27:31Z,C-SAR,S1A_IWDV_0443_0450_027715_168,002.91,S1A_IW_SLC__1SDV_20190617T052731_20190617T052758_027715_0320DB_11E5.zip,IW,['s3://asf-ngap2w-p-s1-slc-7b420b89/S1A_IW_SLC__1SDV_20190617T052731_20190617T052758_027715_0320DB_11E5.zip'],894,-9.0,"{'coordinates': [[[11.452264, 43.4277], [11.896451, 45.045506], [8.645467, 45.444885], [8.292687, 43.826984], [11.452264, 43.4277]]], 'type': 'Polygon'}"
44.2842,10.025,2019-06-23T05:27:19Z,S1B_IW_SLC__1SDV_20190623T052652_20190623T052719_016819_01FA6A_10DC-SLC,DESCENDING,168,SLC,https://datapool.asf.alaska.edu/SLC/SB/S1B_IW_SLC__1SDV_20190623T052652_20190623T052719_016819_01FA6A_10DC.zip,2019-06-23 05:26:52+00:00,S1B_IW_SLC__1SDV_20190623T052652_20190623T052719_016819_01FA6A_10DC,,Sentinel-1B,4494333040,94e96c41ec18895c7e69e0902c5800af,445,SENTINEL_1B_FRAME,16819,VV+VH,2019-06-23T05:26:52Z,C-SAR,S1B_IWDV_0444_0450_016819_168,002.91,S1B_IW_SLC__1SDV_20190623T052652_20190623T052719_016819_01FA6A_10DC.zip,IW,['s3://asf-ngap2w-p-s1-slc-7b420b89/S1B_IW_SLC__1SDV_20190623T052652_20190623T052719_016819_01FA6A_10DC.zip'],900,-50.0,"{'coordinates': [[[11.386959, 43.266071], [11.829003, 44.883644], [8.609023, 45.280083], [8.257002, 43.662476], [11.386959, 43.266071]]], 'type': 'Polygon'}"
44.4483,10.0749,2019-06-29T05:27:59Z,S1A_IW_SLC__1SDV_20190629T052732_20190629T052759_027890_032617_84C6-SLC,DESCENDING,168,SLC,https://datapool.asf.alaska.edu/SLC/SA/S1A_IW_SLC__1SDV_20190629T052732_20190629T052759_027890_032617_84C6.zip,2019-06-29 05:27:32+00:00,S1A_IW_SLC__1SDV_20190629T052732_20190629T052759_027890_032617_84C6,,Sentinel-1A,4564030331,67bffbbe97e0a9cad8af29693ac06003,444,SENTINEL_1A_FRAME,27890,VV+VH,2019-06-29T05:27:32Z,C-SAR,S1A_IWDV_0443_0450_027890_168,003.10,S1A_IW_SLC__1SDV_20190629T052732_20190629T052759_027890_032617_84C6.zip,IW,['s3://asf-ngap2w-p-s1-slc-7b420b89/S1A_IW_SLC__1SDV_20190629T052732_20190629T052759_027890_032617_84C6.zip'],906,2.0,"{'coordinates': [[[11.450449, 43.428509], [11.894576, 45.046185], [8.644395, 45.44545], [8.291646, 43.827675], [11.450449, 43.428509]]], 'type': 'Polygon'}"
44.2833,10.032,2019-07-05T05:27:20Z,S1B_IW_SLC__1SDV_20190705T052653_20190705T052720_016994_01FF99_D6A5-SLC,DESCENDING,168,SLC,https://datapool.asf.alaska.edu/SLC/SB/S1B_IW_SLC__1SDV_20190705T052653_20190705T052720_016994_01FF99_D6A5.zip,2019-07-05 05:26:53+00:00,S1B_IW_SLC__1SDV_20190705T052653_20190705T052720_016994_01FF99_D6A5,,Sentinel-1B,4423295735,12ad62bf47fb540673c6e0dac9f79a0a,445,SENTINEL_1B_FRAME,16994,VV+VH,2019-07-05T05:26:53Z,C-SAR,S1B_IWDV_0444_0450_016994_168,003.10,S1B_IW_SLC__1SDV_20190705T052653_20190705T052720_016994_01FF99_D6A5.zip,IW,['s3://asf-ngap2w-p-s1-slc-7b420b89/S1B_IW_SLC__1SDV_20190705T052653_20190705T052720_016994_01FF99_D6A5.zip'],912,37.0,"{'coordinates': [[[11.395912, 43.264812], [11.838212, 44.882378], [8.613929, 45.279545], [8.261779, 43.66193], [11.395912, 43.264812]]], 'type': 'Polygon'}"
44.4481,10.076,2019-07-11T05:27:59Z,S1A_IW_SLC__1SDV_20190711T052732_20190711T052759_028065_032B64_EB78-SLC,DESCENDING,168,SLC,https://datapool.asf.alaska.edu/SLC/SA/S1A_IW_SLC__1SDV_20190711T052732_20190711T052759_028065_032B64_EB78.zip,2019-07-11 05:27:32+00:00,S1A_IW_SLC__1SDV_20190711T052732_20190711T052759_028065_032B64_EB78,,Sentinel-1A,4608124997,98c4f4c34a7eb712ff3425f2dfb4502d,444,SENTINEL_1A_FRAME,28065,VV+VH,2019-07-11T05:27:32Z,C-SAR,S1A_IWDV_0443_0450_028065_168,003.10,S1A_IW_SLC__1SDV_20190711T052732_20190711T052759_028065_032B64_EB78.zip,IW,['s3://asf-ngap2w-p-s1-slc-7b420b89/S1A_IW_SLC__1SDV_20190711T052732_20190711T052759_028065_032B64_EB78.zip'],918,-76.0,"{'coordinates': [[[11.451577, 43.428288], [11.895732, 45.045956], [8.64554, 45.445259], [8.292761, 43.827492], [11.451577, 43.428288]]], 'type': 'Polygon'}"
44.2833,10.0322,2019-07-17T05:27:21Z,S1B_IW_SLC__1SDV_20190717T052654_20190717T052721_017169_0204BF_30D7-SLC,DESCENDING,168,SLC,https://datapool.asf.alaska.edu/SLC/SB/S1B_IW_SLC__1SDV_20190717T052654_20190717T052721_017169_0204BF_30D7.zip,2019-07-17 05:26:54+00:00,S1B_IW_SLC__1SDV_20190717T052654_20190717T052721_017169_0204BF_30D7,,Sentinel-1B,4426503058,a83af10c49e35951497a9b599463f3b7,445,SENTINEL_1B_FRAME,17169,VV+VH,2019-07-17T05:26:54Z,C-SAR,S1B_IWDV_0444_0450_017169_168,003.10,S1B_IW_SLC__1SDV_20190717T052654_20190717T052721_017169_0204BF_30D7.zip,IW,['s3://asf-ngap2w-p-s1-slc-7b420b89/S1B_IW_SLC__1SDV_20190717T052654_20190717T052721_017169_0204BF_30D7.zip'],924,26.0,"{'coordinates': [[[11.396216, 43.264591], [11.838572, 44.882401], [8.61414, 45.279575], [8.26195, 43.661716], [11.396216, 43.264591]]], 'type': 'Polygon'}"
44.4483,10.0755,2019-07-23T05:28:00Z,S1A_IW_SLC__1SDV_20190723T052733_20190723T052800_028240_0330AD_C0B7-SLC,DESCENDING,168,SLC,https://datapool.asf.alaska.edu/SLC/SA/S1A_IW_SLC__1SDV_20190723T052733_20190723T052800_028240_0330AD_C0B7.zip,2019-07-23 05:27:33+00:00,S1A_IW_SLC__1SDV_20190723T052733_20190723T052800_028240_0330AD_C0B7,,Sentinel-1A,4549420672,e1710f3d1fd196c2418716e176019f63,444,SENTINEL_1A_FRAME,28240,VV+VH,2019-07-23T05:27:33Z,C-SAR,S1A_IWDV_0443_0450_028240_168,003.10,S1A_IW_SLC__1SDV_20190723T052733_20190723T052800_028240_0330AD_C0B7.zip,IW,['s3://asf-ngap2w-p-s1-slc-7b420b89/S1A_IW_SLC__1SDV_20190723T052733_20190723T052800_028240_0330AD_C0B7.zip'],930,-50.0,"{'coordinates': [[[11.451065, 43.428429], [11.895273, 45.046219], [8.64512, 45.445526], [8.292297, 43.827633], [11.451065, 43.428429]]], 'type': 'Polygon'}"
44.2831,10.0327,2019-07-29T05:27:22Z,S1B_IW_SLC__1SDV_20190729T052655_20190729T052722_017344_0209DE_A100-SLC,DESCENDING,168,SLC,https://datapool.asf.alaska.edu/SLC/SB/S1B_IW_SLC__1SDV_20190729T052655_20190729T052722_017344_0209DE_A100.zip,2019-07-29 05:26:55+00:00,S1B_IW_SLC__1SDV_20190729T052655_20190729T052722_017344_0209DE_A100,,Sentinel-1B,4512082365,47f965b53f8bb6f6fb800c00ec0061d0,445,SENTINEL_1B_FRAME,17344,VV+VH,2019-07-29T05:26:55Z,C-SAR,S1B_IWDV_0444_0450_017344_168,003.10,S1B_IW_SLC__1SDV_20190729T052655_20190729T052722_017344_0209DE_A100.zip,IW,['s3://asf-ngap2w-p-s1-slc-7b420b89/S1B_IW_SLC__1SDV_20190729T052655_20190729T052722_017344_0209DE_A100.zip'],936,-29.0,"{'coordinates': [[[11.396593, 43.264572], [11.838923, 44.882137], [8.614702, 45.279331], [8.262519, 43.661716], [11.396593, 43.264572]]], 'type': 'Polygon'}"
44.448,10.075,2019-08-04T05:28:01Z,S1A_IW_SLC__1SDV_20190804T052734_20190804T052801_028415_033604_65D4-SLC,DESCENDING,168,SLC,https://datapool.asf.alaska.edu/SLC/SA/S1A_IW_SLC__1SDV_20190804T052734_20190804T052801_028415_033604_65D4.zip,2019-08-04 05:27:34+00:00,S1A_IW_SLC__1SDV_20190804T052734_20190804T052801_028415_033604_65D4,,Sentinel-1A,4561362366,9bdfa5308884be8a6d778bc43635c5e0,444,SENTINEL_1A_FRAME,28415,VV+VH,2019-08-04T05:27:34Z,C-SAR,S1A_IWDV_0443_0450_028415_168,003.10,S1A_IW_SLC__1SDV_20190804T052734_20190804T052801_028415_033604_65D4.zip,IW,['s3://asf-ngap2w-p-s1-slc-7b420b89/S1A_IW_SLC__1SDV_20190804T052734_20190804T052801_028415_033604_65D4.zip'],942,-30.0,"{'coordinates': [[[11.450483, 43.428127], [11.894647, 45.045929], [8.64465, 45.445175], [8.291868, 43.827274], [11.450483, 43.428127]]], 'type': 'Polygon'}"
44.283,10.033,2019-08-10T05:27:22Z,S1B_IW_SLC__1SDV_20190810T052656_20190810T052722_017519_020F28_AE33-SLC,DESCENDING,168,SLC,https://datapool.asf.alaska.edu/SLC/SB/S1B_IW_SLC__1SDV_20190810T052656_20190810T052722_017519_020F28_AE33.zip,2019-08-10 05:26:56+00:00,S1B_IW_SLC__1SDV_20190810T052656_20190810T052722_017519_020F28_AE33,,Sentinel-1B,4412675236,eeb13557ce7b79e419da95b9acb22eb7,445,SENTINEL_1B_FRAME,17519,VV+VH,2019-08-10T05:26:56Z,C-SAR,S1B_IWDV_0444_0450_017519_168,003.10,S1B_IW_SLC__1SDV_20190810T052656_20190810T052722_017519_020F28_AE33.zip,IW,['s3://asf-ngap2w-p-s1-slc-7b420b89/S1B_IW_SLC__1SDV_20190810T052656_20190810T052722_017519_020F28_AE33.zip'],948,-26.0,"{'coordinates': [[[11.396945, 43.264408], [11.8393, 44.881966], [8.614881, 45.279221], [8.262673, 43.661613], [11.396945, 43.264408]]], 'type': 'Polygon'}"
44.448,10.0738,2019-08-16T05:28:02Z,S1A_IW_SLC__1SDV_20190816T052735_20190816T052802_028590_033BDA_5B30-SLC,DESCENDING,168,SLC,https://datapool.asf.alaska.edu/SLC/SA/S1A_IW_SLC__1SDV_20190816T052735_20190816T052802_028590_033BDA_5B30.zip,2019-08-16 05:27:35+00:00,S1A_IW_SLC__1SDV_20190816T052735_20190816T052802_028590_033BDA_5B30,,Sentinel-1A,4561368903,56cc550718ec0a0aa0e69da7278ec787,444,SENTINEL_1A_FRAME,28590,VV+VH,2019-08-16T05:27:35Z,C-SAR,S1A_IWDV_0443_0450_028590_168,003.10,S1A_IW_SLC__1SDV_20190816T052735_20190816T052802_028590_033BDA_5B30.zip,IW,['s3://asf-ngap2w-p-s1-slc-7b420b89/S1A_IW_SLC__1SDV_20190816T052735_20190816T052802_028590_033BDA_5B30.zip'],954,73.0,"{'coordinates': [[[11.449417, 43.428185], [11.893503, 45.045864], [8.643328, 45.445087], [8.29062, 43.827316], [11.449417, 43.428185]]], 'type': 'Polygon'}"
44.2829,10.0329,2019-08-22T05:27:23Z,S1B_IW_SLC__1SDV_20190822T052656_20190822T052723_017694_02149F_2D88-SLC,DESCENDING,168,SLC,https://datapool.asf.alaska.edu/SLC/SB/S1B_IW_SLC__1SDV_20190822T052656_20190822T052723_017694_02149F_2D88.zip,2019-08-22 05:26:56+00:00,S1B_IW_SLC__1SDV_20190822T052656_20190822T052723_017694_02149F_2D88,,Sentinel-1B,4418507367,ac943e35c3d169fdade74e73ac95333f,445,SENTINEL_1B_FRAME,17694,VV+VH,2019-08-22T05:26:56Z,C-SAR,S1B_IWDV_0444_0450_017694_168,003.10,S1B_IW_SLC__1SDV_20190822T052656_20190822T052723_017694_02149F_2D88.zip,IW,['s3://asf-ngap2w-p-s1-slc-7b420b89/S1B_IW_SLC__1SDV_20190822T052656_20190822T052723_017694_02149F_2D88.zip'],960,-26.0,"{'coordinates': [[[11.396935, 43.264397], [11.839259, 44.881832], [8.614845, 45.279083], [8.262666, 43.661598], [11.396935, 43.264397]]], 'type': 'Polygon'}"
44.4473,10.0749,2019-08-28T05:28:02Z,S1A_IW_SLC__1SDV_20190828T052735_20190828T052802_028765_0341F8_5329-SLC,DESCENDING,168,SLC,https://datapool.asf.alaska.edu/SLC/SA/S1A_IW_SLC__1SDV_20190828T052735_20190828T052802_028765_0341F8_5329.zip,2019-08-28 05:27:35+00:00,S1A_IW_SLC__1SDV_20190828T052735_20190828T052802_028765_0341F8_5329,,Sentinel-1A,4565249210,ae1544c86ca09a6dcc4111a7769b5700,444,SENTINEL_1A_FRAME,28765,VV+VH,2019-08-28T05:27:35Z,C-SAR,S1A_IWDV_0443_0450_028765_168,003.10,S1A_IW_SLC__1SDV_20190828T052735_20190828T052802_028765_0341F8_5329.zip,IW,['s3://asf-ngap2w-p-s1-slc-7b420b89/S1A_IW_SLC__1SDV_20190828T052735_20190828T052802_028765_0341F8_5329.zip'],966,-26.0,"{'coordinates': [[[11.450453, 43.427521], [11.894587, 45.045197], [8.644498, 45.444466], [8.291739, 43.826691], [11.450453, 43.427521]]], 'type': 'Polygon'}"
44.2829,10.0329,2019-09-03T05:27:24Z,S1B_IW_SLC__1SDV_20190903T052657_20190903T052724_017869_021A0C_DC54-SLC,DESCENDING,168,SLC,https://datapool.asf.alaska.edu/SLC/SB/S1B_IW_SLC__1SDV_20190903T052657_20190903T052724_017869_021A0C_DC54.zip,2019-09-03 05:26:57+00:00,S1B_IW_SLC__1SDV_20190903T052657_20190903T052724_017869_021A0C_DC54,,Sentinel-1B,4452330189,1cd09bc4e32fbe7d9cfeac6bc73a358e,445,SENTINEL_1B_FRAME,17869,VV+VH,2019-09-03T05:26:57Z,C-SAR,S1B_IWDV_0445_0450_017869_168,003.10,S1B_IW_SLC__1SDV_20190903T052657_20190903T052724_017869_021A0C_DC54.zip,IW,['s3://asf-ngap2w-p-s1-slc-7b420b89/S1B_IW_SLC__1SDV_20190903T052657_20190903T052724_017869_021A0C_DC54.zip'],972,-23.0,"{'coordinates': [[[11.396863, 43.26429], [11.839199, 44.881851], [8.614783, 45.279079], [8.262598, 43.661472], [11.396863, 43.26429]]], 'type': 'Polygon'}"
44.4475,10.0753,2019-09-09T05:28:03Z,S1A_IW_SLC__1SDV_20190909T052736_20190909T052803_028940_03480E_39B4-SLC,DESCENDING,168,SLC,https://datapool.asf.alaska.edu/SLC/SA/S1A_IW_SLC__1SDV_20190909T052736_20190909T052803_028940_03480E_39B4.zip,2019-09-09 05:27:36+00:00,S1A_IW_SLC__1SDV_20190909T052736_20190909T052803_028940_03480E_39B4,,Sentinel-1A,4615046064,92f15d8d04b43723b3eec623786b1e55,444,SENTINEL_1A_FRAME,28940,VV+VH,2019-09-09T05:27:36Z,C-SAR,S1A_IWDV_0443_0450_028940_168,003.10,S1A_IW_SLC__1SDV_20190909T052736_20190909T052803_028940_03480E_39B4.zip,IW,['s3://asf-ngap2w-p-s1-slc-7b420b89/S1A_IW_SLC__1SDV_20190909T052736_20190909T052803_028940_03480E_39B4.zip'],978,-47.0,"{'coordinates': [[[11.450846, 43.427612], [11.895051, 45.045406], [8.644929, 45.444714], [8.292108, 43.826824], [11.450846, 43.427612]]], 'type': 'Polygon'}"
44.2828,10.0327,2019-09-15T05:27:24Z,S1B_IW_SLC__1SDV_20190915T052657_20190915T052724_018044_021F7F_4F9E-SLC,DESCENDING,168,SLC,https://datapool.asf.alaska.edu/SLC/SB/S1B_IW_SLC__1SDV_20190915T052657_20190915T052724_018044_021F7F_4F9E.zip,2019-09-15 05:26:57+00:00,S1B_IW_SLC__1SDV_20190915T052657_20190915T052724_018044_021F7F_4F9E,,Sentinel-1B,4424801074,ee338c74ce9979fcae1c2a7d9400d87c,445,SENTINEL_1B_FRAME,18044,VV+VH,2019-09-15T05:26:57Z,C-SAR,S1B_IWDV_0444_0450_018044_168,003.10,S1B_IW_SLC__1SDV_20190915T052657_20190915T052724_018044_021F7F_4F9E.zip,IW,['s3://asf-ngap2w-p-s1-slc-7b420b89/S1B_IW_SLC__1SDV_20190915T052657_20190915T052724_018044_021F7F_4F9E.zip'],984,-5.0,"{'coordinates': [[[11.396719, 43.26432], [11.839008, 44.881756], [8.614567, 45.278973], [8.262424, 43.661488], [11.396719, 43.26432]]], 'type': 'Polygon'}"
44.4479,10.0757,2019-09-21T05:28:03Z,S1A_IW_SLC__1SDV_20190921T052736_20190921T052803_029115_034E0E_1248-SLC,DESCENDING,168,SLC,https://datapool.asf.alaska.edu/SLC/SA/S1A_IW_SLC__1SDV_20190921T052736_20190921T052803_029115_034E0E_1248.zip,2019-09-21 05:27:36+00:00,S1A_IW_SLC__1SDV_20190921T052736_20190921T052803_029115_034E0E_1248,,Sentinel-1A,4572376563,ed944999b1cb1628000334c0c47cbadd,444,SENTINEL_1A_FRAME,29115,VV+VH,2019-09-21T05:27:36Z,C-SAR,S1A_IWDV_0443_0450_029115_168,003.10,S1A_IW_SLC__1SDV_20190921T052736_20190921T052803_029115_034E0E_1248.zip,IW,['s3://asf-ngap2w-p-s1-slc-7b420b89/S1A_IW_SLC__1SDV_20190921T052736_20190921T052803_029115_034E0E_1248.zip'],990,-21.0,"{'coordinates': [[[11.451342, 43.428089], [11.895526, 45.04575], [8.645174, 45.445095], [8.292374, 43.827335], [11.451342, 43.428089]]], 'type': 'Polygon'}"
44.2829,10.0315,2019-09-27T05:27:25Z,S1B_IW_SLC__1SDV_20190927T052658_20190927T052725_018219_0224E4_B9B7-SLC,DESCENDING,168,SLC,https://datapool.asf.alaska.edu/SLC/SB/S1B_IW_SLC__1SDV_20190927T052658_20190927T052725_018219_0224E4_B9B7.zip,2019-09-27 05:26:58+00:00,S1B_IW_SLC__1SDV_20190927T052658_20190927T052725_018219_0224E4_B9B7,,Sentinel-1B,4434827614,0080a84051a77df8426848913b1f7b14,445,SENTINEL_1B_FRAME,18219,VV+VH,2019-09-27T05:26:58Z,C-SAR,S1B_IWDV_0444_0450_018219_168,003.10,S1B_IW_SLC__1SDV_20190927T052658_20190927T052725_018219_0224E4_B9B7.zip,IW,['s3://asf-ngap2w-p-s1-slc-7b420b89/S1B_IW_SLC__1SDV_20190927T052658_20190927T052725_018219_0224E4_B9B7.zip'],996,120.0,"{'coordinates': [[[11.39559, 43.264225], [11.837977, 44.882019], [8.613416, 45.279243], [8.261199, 43.6614], [11.39559, 43.264225]]], 'type': 'Polygon'}"
44.4478,10.0748,2019-10-03T05:28:04Z,S1A_IW_SLC__1SDV_20191003T052737_20191003T052804_029290_03540E_FA05-SLC,DESCENDING,168,SLC,https://datapool.asf.alaska.edu/SLC/SA/S1A_IW_SLC__1SDV_20191003T052737_20191003T052804_029290_03540E_FA05.zip,2019-10-03 05:27:37+00:00,S1A_IW_SLC__1SDV_20191003T052737_20191003T052804_029290_03540E_FA05,,Sentinel-1A,4639406429,68416df2135ae5cd39fe56da24173f9c,444,SENTINEL_1A_FRAME,29290,VV+VH,2019-10-03T05:27:37Z,C-SAR,S1A_IWDV_0443_0450_029290_168,003.10,S1A_IW_SLC__1SDV_20191003T052737_20191003T052804_029290_03540E_FA05.zip,IW,['s3://asf-ngap2w-p-s1-slc-7b420b89/S1A_IW_SLC__1SDV_20191003T052737_20191003T052804_029290_03540E_FA05.zip'],1002,44.0,"{'coordinates': [[[11.450501, 43.428059], [11.894657, 45.045589], [8.64429, 45.444935], [8.291514, 43.827305], [11.450501, 43.428059]]], 'type': 'Polygon'}"
44.2827,10.0341,2019-10-09T05:27:25Z,S1B_IW_SLC__1SDV_20191009T052658_20191009T052725_018394_022A67_7584-SLC,DESCENDING,168,SLC,https://datapool.asf.alaska.edu/SLC/SB/S1B_IW_SLC__1SDV_20191009T052658_20191009T052725_018394_022A67_7584.zip,2019-10-09 05:26:58+00:00,S1B_IW_SLC__1SDV_20191009T052658_20191009T052725_018394_022A67_7584,,Sentinel-1B,4473301862,601fdb1737c18416fbcdf4378f9db7fb,445,SENTINEL_1B_FRAME,18394,VV+VH,2019-10-09T05:26:58Z,C-SAR,S1B_IWDV_0444_0450_018394_168,003.10,S1B_IW_SLC__1SDV_20191009T052658_20191009T052725_018394_022A67_7584.zip,IW,['s3://asf-ngap2w-p-s1-slc-7b420b89/S1B_IW_SLC__1SDV_20191009T052658_20191009T052725_018394_022A67_7584.zip'],1008,-57.0,"{'coordinates': [[[11.398272, 43.264225], [11.84059, 44.881519], [8.6159, 45.27882], [8.263733, 43.661476], [11.398272, 43.264225]]], 'type': 'Polygon'}"
44.4476,10.0756,2019-10-15T05:28:04Z,S1A_IW_SLC__1SDV_20191015T052737_20191015T052804_029465_035A1F_54EB-SLC,DESCENDING,168,SLC,https://datapool.asf.alaska.edu/SLC/SA/S1A_IW_SLC__1SDV_20191015T052737_20191015T052804_029465_035A1F_54EB.zip,2019-10-15 05:27:37+00:00,S1A_IW_SLC__1SDV_20191015T052737_20191015T052804_029465_035A1F_54EB,,Sentinel-1A,4690486339,4a1bc226186503f1c48beedb5f29e980,444,SENTINEL_1A_FRAME,29465,VV+VH,2019-10-15T05:27:37Z,C-SAR,S1A_IWDV_0443_0450_029465_168,003.10,S1A_IW_SLC__1SDV_20191015T052737_20191015T052804_029465_035A1F_54EB.zip,IW,['s3://asf-ngap2w-p-s1-slc-7b420b89/S1A_IW_SLC__1SDV_20191015T052737_20191015T052804_029465_035A1F_54EB.zip'],1014,3.0,"{'coordinates': [[[11.451348, 43.427807], [11.895499, 45.04546], [8.64503, 45.444775], [8.292273, 43.827019], [11.451348, 43.427807]]], 'type': 'Polygon'}"
44.2826,10.034,2019-10-21T05:27:25Z,S1B_IW_SLC__1SDV_20191021T052658_20191021T052725_018569_022FC8_F324-SLC,DESCENDING,168,SLC,https://datapool.asf.alaska.edu/SLC/SB/S1B_IW_SLC__1SDV_20191021T052658_20191021T052725_018569_022FC8_F324.zip,2019-10-21 05:26:58+00:00,S1B_IW_SLC__1SDV_20191021T052658_20191021T052725_018569_022FC8_F324,,Sentinel-1B,4558959381,e76549792260114c07a87326c5b036d9,445,SENTINEL_1B_FRAME,18569,VV+VH,2019-10-21T05:26:58Z,C-SAR,S1B_IWDV_0444_0450_018569_168,003.10,S1B_IW_SLC__1SDV_20191021T052658_20191021T052725_018569_022FC8_F324.zip,IW,['s3://asf-ngap2w-p-s1-slc-7b420b89/S1B_IW_SLC__1SDV_20191021T052658_20191021T052725_018569_022FC8_F324.zip'],1020,-24.0,"{'coordinates': [[[11.398149, 43.264023], [11.840576, 44.881554], [8.615728, 45.278912], [8.263472, 43.661327], [11.398149, 43.264023]]], 'type': 'Polygon'}"
44.4479,10.0761,2019-10-27T05:28:04Z,S1A_IW_SLC__1SDV_20191027T052737_20191027T052804_029640_03601E_59ED-SLC,DESCENDING,168,SLC,https://datapool.asf.alaska.edu/SLC/SA/S1A_IW_SLC__1SDV_20191027T052737_20191027T052804_029640_03601E_59ED.zip,2019-10-27 05:27:37+00:00,S1A_IW_SLC__1SDV_20191027T052737_20191027T052804_029640_03601E_59ED,,Sentinel-1A,4599265171,76c6d9b09a9f72729a788b02f12700c5,444,SENTINEL_1A_FRAME,29640,VV+VH,2019-10-27T05:27:37Z,C-SAR,S1A_IWDV_0443_0450_029640_168,003.10,S1A_IW_SLC__1SDV_20191027T052737_20191027T052804_029640_03601E_59ED.zip,IW,['s3://asf-ngap2w-p-s1-slc-7b420b89/S1A_IW_SLC__1SDV_20191027T052737_20191027T052804_029640_03601E_59ED.zip'],1026,-1.0,"{'coordinates': [[[11.451827, 43.428101], [11.895957, 45.045624], [8.645377, 45.444946], [8.292642, 43.827324], [11.451827, 43.428101]]], 'type': 'Polygon'}"
44.2831,10.032,2019-11-02T05:27:25Z,S1B_IW_SLC__1SDV_20191102T052658_20191102T052725_018744_023546_0C18-SLC,DESCENDING,168,SLC,https://datapool.asf.alaska.edu/SLC/SB/S1B_IW_SLC__1SDV_20191102T052658_20191102T052725_018744_023546_0C18.zip,2019-11-02 05:26:58+00:00,S1B_IW_SLC__1SDV_20191102T052658_20191102T052725_018744_023546_0C18,,Sentinel-1B,4506579923,2aac7eff134aa2607d244ecb26b1f1c6,445,SENTINEL_1B_FRAME,18744,VV+VH,2019-11-02T05:26:58Z,C-SAR,S1B_IWDV_0444_0450_018744_168,003.10,S1B_IW_SLC__1SDV_20191102T052658_20191102T052725_018744_023546_0C18.zip,IW,['s3://asf-ngap2w-p-s1-slc-7b420b89/S1B_IW_SLC__1SDV_20191102T052658_20191102T052725_018744_023546_0C18.zip'],1032,-32.0,"{'coordinates': [[[11.393922, 43.264851], [11.8362, 44.882381], [8.616088, 45.279057], [8.26385, 43.661476], [11.393922, 43.264851]]], 'type': 'Polygon'}"
44.4482,10.0762,2019-11-08T05:28:04Z,S1A_IW_SLC__1SDV_20191108T052737_20191108T052804_029815_036652_DAA7-SLC,DESCENDING,168,SLC,https://datapool.asf.alaska.edu/SLC/SA/S1A_IW_SLC__1SDV_20191108T052737_20191108T052804_029815_036652_DAA7.zip,2019-11-08 05:27:37+00:00,S1A_IW_SLC__1SDV_20191108T052737_20191108T052804_029815_036652_DAA7,,Sentinel-1A,4722627967,5591442d967cb29651682982d3a1738f,444,SENTINEL_1A_FRAME,29815,VV+VH,2019-11-08T05:27:37Z,C-SAR,S1A_IWDV_0443_0450_029815_168,003.10,S1A_IW_SLC__1SDV_20191108T052737_20191108T052804_029815_036652_DAA7.zip,IW,['s3://asf-ngap2w-p-s1-slc-7b420b89/S1A_IW_SLC__1SDV_20191108T052737_20191108T052804_029815_036652_DAA7.zip'],1038,-14.0,"{'coordinates': [[[11.451895, 43.428284], [11.896157, 45.046047], [8.645606, 45.445431], [8.29275, 43.827564], [11.451895, 43.428284]]], 'type': 'Polygon'}"
44.4175,10.0787,2019-11-14T05:27:23Z,S1B_IW_SLC__1SDV_20191114T052655_20191114T052723_018919_023AEE_4D67-SLC,DESCENDING,168,SLC,https://datapool.asf.alaska.edu/SLC/SB/S1B_IW_SLC__1SDV_20191114T052655_20191114T052723_018919_023AEE_4D67.zip,2019-11-14 05:26:55+00:00,S1B_IW_SLC__1SDV_20191114T052655_20191114T052723_018919_023AEE_4D67,,Sentinel-1B,4733462122,64e6184a4ec53a01b40c1d998f56340b,444,SENTINEL_1B_FRAME,18919,VV+VH,2019-11-14T05:26:55Z,C-SAR,S1B_IWDV_0444_0450_018919_168,003.10,S1B_IW_SLC__1SDV_20191114T052655_20191114T052723_018919_023AEE_4D67.zip,IW,['s3://asf-ngap2w-p-s1-slc-7b420b89/S1B_IW_SLC__1SDV_20191114T052655_20191114T052723_018919_023AEE_4D67.zip'],1044,78.0,"{'coordinates': [[[11.420971, 43.372658], [11.880056, 45.047153], [8.681579, 45.440422], [8.315454, 43.765812], [11.420971, 43.372658]]], 'type': 'Polygon'}"
44.448,10.0766,2019-11-20T05:28:04Z,S1A_IW_SLC__1SDV_20191120T052737_20191120T052804_029990_036C61_A237-SLC,DESCENDING,168,SLC,https://datapool.asf.alaska.edu/SLC/SA/S1A_IW_SLC__1SDV_20191120T052737_20191120T052804_029990_036C61_A237.zip,2019-11-20 05:27:37+00:00,S1A_IW_SLC__1SDV_20191120T052737_20191120T052804_029990_036C61_A237,,Sentinel-1A,4696094609,09254489b8c7419ce5c96190192c928b,444,SENTINEL_1A_FRAME,29990,VV+VH,2019-11-20T05:27:37Z,C-SAR,S1A_IWDV_0443_0450_029990_168,003.10,S1A_IW_SLC__1SDV_20191120T052737_20191120T052804_029990_036C61_A237.zip,IW,['s3://asf-ngap2w-p-s1-slc-7b420b89/S1A_IW_SLC__1SDV_20191120T052737_20191120T052804_029990_036C61_A237.zip'],1050,-25.0,"{'coordinates': [[[11.452341, 43.428219], [11.896564, 45.045731], [8.645938, 45.445152], [8.29311, 43.827538], [11.452341, 43.428219]]], 'type': 'Polygon'}"
44.4172,10.0788,2019-11-26T05:27:23Z,S1B_IW_SLC__1SDV_20191126T052655_20191126T052723_019094_02408F_E307-SLC,DESCENDING,168,SLC,https://datapool.asf.alaska.edu/SLC/SB/S1B_IW_SLC__1SDV_20191126T052655_20191126T052723_019094_02408F_E307.zip,2019-11-26 05:26:55+00:00,S1B_IW_SLC__1SDV_20191126T052655_20191126T052723_019094_02408F_E307,,Sentinel-1B,4760112502,e2dc0fabc2882563a215c1cb9e640e13,444,SENTINEL_1B_FRAME,19094,VV+VH,2019-11-26T05:26:55Z,C-SAR,S1B_IWDV_0444_0450_019094_168,003.10,S1B_IW_SLC__1SDV_20191126T052655_20191126T052723_019094_02408F_E307.zip,IW,['s3://asf-ngap2w-p-s1-slc-7b420b89/S1B_IW_SLC__1SDV_20191126T052655_20191126T052723_019094_02408F_E307.zip'],1056,78.0,"{'coordinates': [[[11.421036, 43.372124], [11.880238, 45.047112], [8.681697, 45.440365], [8.315487, 43.765263], [11.421036, 43.372124]]], 'type': 'Polygon'}"
44.4482,10.0763,2019-12-02T05:28:03Z,S1A_IW_SLC__1SDV_20191202T052736_20191202T052803_030165_037270_3899-SLC,DESCENDING,168,SLC,https://datapool.asf.alaska.edu/SLC/SA/S1A_IW_SLC__1SDV_20191202T052736_20191202T052803_030165_037270_3899.zip,2019-12-02 05:27:36+00:00,S1A_IW_SLC__1SDV_20191202T052736_20191202T052803_030165_037270_3899,,Sentinel-1A,4746805620,5c316c2371a09debf459aee0a69e2f24,444,SENTINEL_1A_FRAME,30165,VV+VH,2019-12-02T05:27:36Z,C-SAR,S1A_IWDV_0443_0450_030165_168,003.10,S1A_IW_SLC__1SDV_20191202T052736_20191202T052803_030165_037270_3899.zip,IW,['s3://asf-ngap2w-p-s1-slc-7b420b89/S1A_IW_SLC__1SDV_20191202T052736_20191202T052803_030165_037270_3899.zip'],1062,22.0,"{'coordinates': [[[11.452108, 43.428364], [11.896345, 45.045994], [8.645591, 45.445396], [8.292765, 43.827663], [11.452108, 43.428364]]], 'type': 'Polygon'}"
44.417,10.0797,2019-12-08T05:27:22Z,S1B_IW_SLC__1SDV_20191208T052654_20191208T052722_019269_024619_3706-SLC,DESCENDING,168,SLC,https://datapool.asf.alaska.edu/SLC/SB/S1B_IW_SLC__1SDV_20191208T052654_20191208T052722_019269_024619_3706.zip,2019-12-08 05:26:54+00:00,S1B_IW_SLC__1SDV_20191208T052654_20191208T052722_019269_024619_3706,,Sentinel-1B,4737030997,4b80669939b3608fa8db2a70e878c78a,444,SENTINEL_1B_FRAME,19269,VV+VH,2019-12-08T05:26:54Z,C-SAR,S1B_IWDV_0444_0450_019269_168,003.10,S1B_IW_SLC__1SDV_20191208T052654_20191208T052722_019269_024619_3706.zip,IW,['s3://asf-ngap2w-p-s1-slc-7b420b89/S1B_IW_SLC__1SDV_20191208T052654_20191208T052722_019269_024619_3706.zip'],1068,7.0,"{'coordinates': [[[11.421926, 43.371838], [11.881184, 45.046818], [8.682669, 45.440128], [8.316401, 43.765034], [11.421926, 43.371838]]], 'type': 'Polygon'}"
44.4486,10.0755,2019-12-14T05:28:03Z,S1A_IW_SLC__1SDV_20191214T052736_20191214T052803_030340_03787B_41FA-SLC,DESCENDING,168,SLC,https://datapool.asf.alaska.edu/SLC/SA/S1A_IW_SLC__1SDV_20191214T052736_20191214T052803_030340_03787B_41FA.zip,2019-12-14 05:27:36+00:00,S1A_IW_SLC__1SDV_20191214T052736_20191214T052803_030340_03787B_41FA,,Sentinel-1A,4610271736,1ba0673731e88e444179184ec14364fd,444,SENTINEL_1A_FRAME,30340,VV+VH,2019-12-14T05:27:36Z,C-SAR,S1A_IWDV_0444_0450_030340_168,003.10,S1A_IW_SLC__1SDV_20191214T052736_20191214T052803_030340_03787B_41FA.zip,IW,['s3://asf-ngap2w-p-s1-slc-7b420b89/S1A_IW_SLC__1SDV_20191214T052736_20191214T052803_030340_03787B_41FA.zip'],1074,84.0,"{'coordinates': [[[11.451362, 43.428848], [11.895529, 45.04636], [8.644749, 45.445717], [8.29199, 43.828106], [11.451362, 43.428848]]], 'type': 'Polygon'}"
44.4177,10.0802,2019-12-20T05:27:22Z,S1B_IW_SLC__1SDV_20191220T052654_20191220T052722_019444_024BAF_AE23-SLC,DESCENDING,168,SLC,https://datapool.asf.alaska.edu/SLC/SB/S1B_IW_SLC__1SDV_20191220T052654_20191220T052722_019444_024BAF_AE23.zip,2019-12-20 05:26:54+00:00,S1B_IW_SLC__1SDV_20191220T052654_20191220T052722_019444_024BAF_AE23,,Sentinel-1B,4819551971,fb593b586a98381214b04b2c62a7d155,444,SENTINEL_1B_FRAME,19444,VV+VH,2019-12-20T05:26:54Z,C-SAR,S1B_IWDV_0444_0450_019444_168,003.10,S1B_IW_SLC__1SDV_20191220T052654_20191220T052722_019444_024BAF_AE23.zip,IW,['s3://asf-ngap2w-p-s1-slc-7b420b89/S1B_IW_SLC__1SDV_20191220T052654_20191220T052722_019444_024BAF_AE23.zip'],1080,-15.0,"{'coordinates': [[[11.422494, 43.373058], [11.881519, 45.04705], [8.683011, 45.440388], [8.316924, 43.766277], [11.422494, 43.373058]]], 'type': 'Polygon'}"
44.4485,10.0752,2019-12-26T05:28:02Z,S1A_IW_SLC__1SDV_20191226T052735_20191226T052802_030515_037E84_7CE9-SLC,DESCENDING,168,SLC,https://datapool.asf.alaska.edu/SLC/SA/S1A_IW_SLC__1SDV_20191226T052735_20191226T052802_030515_037E84_7CE9.zip,2019-12-26 05:27:35+00:00,S1A_IW_SLC__1SDV_20191226T052735_20191226T052802_030515_037E84_7CE9,,Sentinel-1A,4586469431,c8e0f28e281300d96639c4eb04c2ae73,444,SENTINEL_1A_FRAME,30515,VV+VH,2019-12-26T05:27:35Z,C-SAR,S1A_IWDV_0444_0450_030515_168,003.10,S1A_IW_SLC__1SDV_20191226T052735_20191226T052802_030515_037E84_7CE9.zip,IW,['s3://asf-ngap2w-p-s1-slc-7b420b89/S1A_IW_SLC__1SDV_20191226T052735_20191226T052802_030515_037E84_7CE9.zip'],1086,110.0,"{'coordinates': [[[11.451034, 43.42868], [11.895216, 45.046318], [8.644414, 45.445656], [8.291649, 43.827919], [11.451034, 43.42868]]], 'type': 'Polygon'}"
44.4174,10.0799,2020-01-01T05:27:21Z,S1B_IW_SLC__1SDV_20200101T052653_20200101T052721_019619_025146_CC04-SLC,DESCENDING,168,SLC,https://datapool.asf.alaska.edu/SLC/SB/S1B_IW_SLC__1SDV_20200101T052653_20200101T052721_019619_025146_CC04.zip,2020-01-01 05:26:53+00:00,S1B_IW_SLC__1SDV_20200101T052653_20200101T052721_019619_025146_CC04,,Sentinel-1B,4626211452,0f2b45f44c743fe3e9a3978e4844d6f9,444,SENTINEL_1B_FRAME,19619,VV+VH,2020-01-01T05:26:53Z,C-SAR,S1B_IWDV_0444_0450_019619_168,003.10,S1B_IW_SLC__1SDV_20200101T052653_20200101T052721_019619_025146_CC04.zip,IW,['s3://asf-ngap2w-p-s1-slc-7b420b89/S1B_IW_SLC__1SDV_20200101T052653_20200101T052721_019619_025146_CC04.zip'],1092,1.0,"{'coordinates': [[[11.422145, 43.372372], [11.881358, 45.047104], [8.682833, 45.44043], [8.316598, 43.765583], [11.422145, 43.372372]]], 'type': 'Polygon'}"
44.4485,10.0763,2020-01-07T05:28:02Z,S1A_IW_SLC__1SDV_20200107T052735_20200107T052802_030690_038490_DD42-SLC,DESCENDING,168,SLC,https://datapool.asf.alaska.edu/SLC/SA/S1A_IW_SLC__1SDV_20200107T052735_20200107T052802_030690_038490_DD42.zip,2020-01-07 05:27:35+00:00,S1A_IW_SLC__1SDV_20200107T052735_20200107T052802_030690_038490_DD42,,Sentinel-1A,4556675306,bdfd1be9175aadbc61229f4ab5e98d87,444,SENTINEL_1A_FRAME,30690,VV+VH,2020-01-07T05:27:35Z,C-SAR,S1A_IWDV_0444_0450_030690_168,003.10,S1A_IW_SLC__1SDV_20200107T052735_20200107T052802_030690_038490_DD42.zip,IW,['s3://asf-ngap2w-p-s1-slc-7b420b89/S1A_IW_SLC__1SDV_20200107T052735_20200107T052802_030690_038490_DD42.zip'],1098,21.0,"{'coordinates': [[[11.452099, 43.428844], [11.896216, 45.046108], [8.645494, 45.44548], [8.29277, 43.82811], [11.452099, 43.428844]]], 'type': 'Polygon'}"
44.418,10.079,2020-01-13T05:27:21Z,S1B_IW_SLC__1SDV_20200113T052653_20200113T052721_019794_0256CD_F5CC-SLC,DESCENDING,168,SLC,https://datapool.asf.alaska.edu/SLC/SB/S1B_IW_SLC__1SDV_20200113T052653_20200113T052721_019794_0256CD_F5CC.zip,2020-01-13 05:26:53+00:00,S1B_IW_SLC__1SDV_20200113T052653_20200113T052721_019794_0256CD_F5CC,,Sentinel-1B,4607701145,4adb70ae686c490f056f36be407f7bf8,444,SENTINEL_1B_FRAME,19794,VV+VH,2020-01-13T05:26:53Z,C-SAR,S1B_IWDV_0444_0450_019794_168,003.10,S1B_IW_SLC__1SDV_20200113T052653_20200113T052721_019794_0256CD_F5CC.zip,IW,['s3://asf-ngap2w-p-s1-slc-7b420b89/S1B_IW_SLC__1SDV_20200113T052653_20200113T052721_019794_0256CD_F5CC.zip'],1104,68.0,"{'coordinates': [[[11.421254, 43.373184], [11.880323, 45.047558], [8.681817, 45.44083], [8.315708, 43.766346], [11.421254, 43.373184]]], 'type': 'Polygon'}"
44.4482,10.0767,2020-01-19T05:28:01Z,S1A_IW_SLC__1SDV_20200119T052734_20200119T052801_030865_038AB8_DB95-SLC,DESCENDING,168,SLC,https://datapool.asf.alaska.edu/SLC/SA/S1A_IW_SLC__1SDV_20200119T052734_20200119T052801_030865_038AB8_DB95.zip,2020-01-19 05:27:34+00:00,S1A_IW_SLC__1SDV_20200119T052734_20200119T052801_030865_038AB8_DB95,,Sentinel-1A,4670753245,e91b31a4ef8c8d24701bd6c3841d3f12,444,SENTINEL_1A_FRAME,30865,VV+VH,2020-01-19T05:27:34Z,C-SAR,S1A_IWDV_0443_0450_030865_168,003.10,S1A_IW_SLC__1SDV_20200119T052734_20200119T052801_030865_038AB8_DB95.zip,IW,['s3://asf-ngap2w-p-s1-slc-7b420b89/S1A_IW_SLC__1SDV_20200119T052734_20200119T052801_030865_038AB8_DB95.zip'],1110,-39.0,"{'coordinates': [[[11.452481, 43.428295], [11.896735, 45.045929], [8.646077, 45.445335], [8.293232, 43.827599], [11.452481, 43.428295]]], 'type': 'Polygon'}"
44.4176,10.0784,2020-01-25T05:27:20Z,S1B_IW_SLC__1SDV_20200125T052652_20200125T052720_019969_025C63_A3FE-SLC,DESCENDING,168,SLC,https://datapool.asf.alaska.edu/SLC/SB/S1B_IW_SLC__1SDV_20200125T052652_20200125T052720_019969_025C63_A3FE.zip,2020-01-25 05:26:52+00:00,S1B_IW_SLC__1SDV_20200125T052652_20200125T052720_019969_025C63_A3FE,,Sentinel-1B,4787079978,4b5d14ab056f9326456317d5832e7920,444,SENTINEL_1B_FRAME,19969,VV+VH,2020-01-25T05:26:52Z,C-SAR,S1B_IWDV_0444_0450_019969_168,003.10,S1B_IW_SLC__1SDV_20200125T052652_20200125T052720_019969_025C63_A3FE.zip,IW,['s3://asf-ngap2w-p-s1-slc-7b420b89/S1B_IW_SLC__1SDV_20200125T052652_20200125T052720_019969_025C63_A3FE.zip'],1116,94.0,"{'coordinates': [[[11.420742, 43.372833], [11.879789, 45.047207], [8.68128, 45.440468], [8.315189, 43.76598], [11.420742, 43.372833]]], 'type': 'Polygon'}"
44.4483,10.0763,2020-01-31T05:28:01Z,S1A_IW_SLC__1SDV_20200131T052734_20200131T052801_031040_0390D4_29FD-SLC,DESCENDING,168,SLC,https://datapool.asf.alaska.edu/SLC/SA/S1A_IW_SLC__1SDV_20200131T052734_20200131T052801_031040_0390D4_29FD.zip,2020-01-31 05:27:34+00:00,S1A_IW_SLC__1SDV_20200131T052734_20200131T052801_031040_0390D4_29FD,,Sentinel-1A,4626495441,716885ed060783df86c45a492fa4be24,444,SENTINEL_1A_FRAME,31040,VV+VH,2020-01-31T05:27:34Z,C-SAR,S1A_IWDV_0443_0450_031040_168,003.20,S1A_IW_SLC__1SDV_20200131T052734_20200131T052801_031040_0390D4_29FD.zip,IW,['s3://asf-ngap2w-p-s1-slc-7b420b89/S1A_IW_SLC__1SDV_20200131T052734_20200131T052801_031040_0390D4_29FD.zip'],1122,-10.0,"{'coordinates': [[[11.452093, 43.428577], [11.896251, 45.045971], [8.645647, 45.445347], [8.292882, 43.82785], [11.452093, 43.428577]]], 'type': 'Polygon'}"
44.4178,10.0787,2020-02-06T05:27:20Z,S1B_IW_SLC__1SDV_20200206T052652_20200206T052720_020144_026219_B0FF-SLC,DESCENDING,168,SLC,https://datapool.asf.alaska.edu/SLC/SB/S1B_IW_SLC__1SDV_20200206T052652_20200206T052720_020144_026219_B0FF.zip,2020-02-06 05:26:52+00:00,S1B_IW_SLC__1SDV_20200206T052652_20200206T052720_020144_026219_B0FF,,Sentinel-1B,4606078906,74fc9ff4b8078e50d21052efda17b401,444,SENTINEL_1B_FRAME,20144,VV+VH,2020-02-06T05:26:52Z,C-SAR,S1B_IWDV_0444_0450_020144_168,003.20,S1B_IW_SLC__1SDV_20200206T052652_20200206T052720_020144_026219_B0FF.zip,IW,['s3://asf-ngap2w-p-s1-slc-7b420b89/S1B_IW_SLC__1SDV_20200206T052652_20200206T052720_020144_026219_B0FF.zip'],1128,75.0,"{'coordinates': [[[11.420907, 43.372898], [11.880024, 45.04752], [8.681573, 45.440777], [8.315424, 43.766041], [11.420907, 43.372898]]], 'type': 'Polygon'}"
44.4486,10.0755,2020-02-12T05:28:01Z,S1A_IW_SLC__1SDV_20200212T052734_20200212T052801_031215_0396EC_9486-SLC,DESCENDING,168,SLC,https://datapool.asf.alaska.edu/SLC/SA/S1A_IW_SLC__1SDV_20200212T052734_20200212T052801_031215_0396EC_9486.zip,2020-02-12 05:27:34+00:00,S1A_IW_SLC__1SDV_20200212T052734_20200212T052801_031215_0396EC_9486,,Sentinel-1A,4559841106,c305d616c849be65460d15bc495824e9,444,SENTINEL_1A_FRAME,31215,VV+VH,2020-02-12T05:27:34Z,C-SAR,S1A_IWDV_0443_0450_031215_168,003.20,S1A_IW_SLC__1SDV_20200212T052734_20200212T052801_031215_0396EC_9486.zip,IW,['s3://asf-ngap2w-p-s1-slc-7b420b89/S1A_IW_SLC__1SDV_20200212T052734_20200212T052801_031215_0396EC_9486.zip'],1134,34.0,"{'coordinates': [[[11.451216, 43.428795], [11.89542, 45.04644], [8.644881, 45.445782], [8.292083, 43.828033], [11.451216, 43.428795]]], 'type': 'Polygon'}"
44.4175,10.0794,2020-02-18T05:27:20Z,S1B_IW_SLC__1SDV_20200218T052652_20200218T052720_020319_0267BB_ABA7-SLC,DESCENDING,168,SLC,https://datapool.asf.alaska.edu/SLC/SB/S1B_IW_SLC__1SDV_20200218T052652_20200218T052720_020319_0267BB_ABA7.zip,2020-02-18 05:26:52+00:00,S1B_IW_SLC__1SDV_20200218T052652_20200218T052720_020319_0267BB_ABA7,,Sentinel-1B,4699984933,ebac66c01ca712daf71f86e2b17b4188,444,SENTINEL_1B_FRAME,20319,VV+VH,2020-02-18T05:26:52Z,C-SAR,S1B_IWDV_0444_0450_020319_168,003.20,S1B_IW_SLC__1SDV_20200218T052652_20200218T052720_020319_0267BB_ABA7.zip,IW,['s3://asf-ngap2w-p-s1-slc-7b420b89/S1B_IW_SLC__1SDV_20200218T052652_20200218T052720_020319_0267BB_ABA7.zip'],1140,-16.0,"{'coordinates': [[[11.421552, 43.372372], [11.880813, 45.047363], [8.682508, 45.440655], [8.316231, 43.765545], [11.421552, 43.372372]]], 'type': 'Polygon'}"
44.4482,10.075,2020-02-24T05:28:00Z,S1A_IW_SLC__1SDV_20200224T052733_20200224T052800_031390_039CF2_FE0E-SLC,DESCENDING,168,SLC,https://datapool.asf.alaska.edu/SLC/SA/S1A_IW_SLC__1SDV_20200224T052733_20200224T052800_031390_039CF2_FE0E.zip,2020-02-24 05:27:33+00:00,S1A_IW_SLC__1SDV_20200224T052733_20200224T052800_031390_039CF2_FE0E,,Sentinel-1A,4575065035,fbda55d115000484094bb0bf4c707a75,444,SENTINEL_1A_FRAME,31390,VV+VH,2020-02-24T05:27:33Z,C-SAR,S1A_IWDV_0443_0450_031390_168,003.20,S1A_IW_SLC__1SDV_20200224T052733_20200224T052800_031390_039CF2_FE0E.zip,IW,['s3://asf-ngap2w-p-s1-slc-7b420b89/S1A_IW_SLC__1SDV_20200224T052733_20200224T052800_031390_039CF2_FE0E.zip'],1146,41.0,"{'coordinates': [[[11.450721, 43.428493], [11.894856, 45.046024], [8.644434, 45.445328], [8.291691, 43.827694], [11.450721, 43.428493]]], 'type': 'Polygon'}"
44.4174,10.0801,2020-03-01T05:27:19Z,S1B_IW_SLC__1SDV_20200301T052652_20200301T052719_020494_026D59_5C7E-SLC,DESCENDING,168,SLC,https://datapool.asf.alaska.edu/SLC/SB/S1B_IW_SLC__1SDV_20200301T052652_20200301T052719_020494_026D59_5C7E.zip,2020-03-01 05:26:52+00:00,S1B_IW_SLC__1SDV_20200301T052652_20200301T052719_020494_026D59_5C7E,,Sentinel-1B,4716449782,e3215a54bbad046353eb696963c201fd,444,SENTINEL_1B_FRAME,20494,VV+VH,2020-03-01T05:26:52Z,C-SAR,S1B_IWDV_0444_0450_020494_168,003.20,S1B_IW_SLC__1SDV_20200301T052652_20200301T052719_020494_026D59_5C7E.zip,IW,['s3://asf-ngap2w-p-s1-slc-7b420b89/S1B_IW_SLC__1SDV_20200301T052652_20200301T052719_020494_026D59_5C7E.zip'],1152,-78.0,"{'coordinates': [[[11.42224, 43.372494], [11.881361, 45.047001], [8.683144, 45.440281], [8.316974, 43.765663], [11.42224, 43.372494]]], 'type': 'Polygon'}"
44.4477,10.0744,2020-03-07T05:28:01Z,S1A_IW_SLC__1SDV_20200307T052734_20200307T052801_031565_03A2FE_ACA9-SLC,DESCENDING,168,SLC,https://datapool.asf.alaska.edu/SLC/SA/S1A_IW_SLC__1SDV_20200307T052734_20200307T052801_031565_03A2FE_ACA9.zip,2020-03-07 05:27:34+00:00,S1A_IW_SLC__1SDV_20200307T052734_20200307T052801_031565_03A2FE_ACA9,,Sentinel-1A,4628515459,53f29c95770e27a9d048328fdb213711,444,SENTINEL_1A_FRAME,31565,VV+VH,2020-03-07T05:27:34Z,C-SAR,S1A_IWDV_0443_0450_031565_168,003.20,S1A_IW_SLC__1SDV_20200307T052734_20200307T052801_031565_03A2FE_ACA9.zip,IW,['s3://asf-ngap2w-p-s1-slc-7b420b89/S1A_IW_SLC__1SDV_20200307T052734_20200307T052801_031565_03A2FE_ACA9.zip'],1158,65.0,"{'coordinates': [[[11.45, 43.427975], [11.894121, 45.045513], [8.643803, 45.444798], [8.291067, 43.82716], [11.45, 43.427975]]], 'type': 'Polygon'}"
44.4175,10.0786,2020-03-13T05:27:20Z,S1B_IW_SLC__1SDV_20200313T052652_20200313T052720_020669_0272E4_BEA7-SLC,DESCENDING,168,SLC,https://datapool.asf.alaska.edu/SLC/SB/S1B_IW_SLC__1SDV_20200313T052652_20200313T052720_020669_0272E4_BEA7.zip,2020-03-13 05:26:52+00:00,S1B_IW_SLC__1SDV_20200313T052652_20200313T052720_020669_0272E4_BEA7,,Sentinel-1B,4669344648,32fbcb127b395409b76aa0339445870b,444,SENTINEL_1B_FRAME,20669,VV+VH,2020-03-13T05:26:52Z,C-SAR,S1B_IWDV_0444_0450_020669_168,003.20,S1B_IW_SLC__1SDV_20200313T052652_20200313T052720_020669_0272E4_BEA7.zip,IW,['s3://asf-ngap2w-p-s1-slc-7b420b89/S1B_IW_SLC__1SDV_20200313T052652_20200313T052720_020669_0272E4_BEA7.zip'],1164,0.0,"{'coordinates': [[[11.420636, 43.372395], [11.879828, 45.047279], [8.681734, 45.440521], [8.315508, 43.765522], [11.420636, 43.372395]]], 'type': 'Polygon'}"
44.4479,10.0747,2020-03-19T05:28:01Z,S1A_IW_SLC__1SDV_20200319T052734_20200319T052801_031740_03A919_5C33-SLC,DESCENDING,168,SLC,https://datapool.asf.alaska.edu/SLC/SA/S1A_IW_SLC__1SDV_20200319T052734_20200319T052801_031740_03A919_5C33.zip,2020-03-19 05:27:34+00:00,S1A_IW_SLC__1SDV_20200319T052734_20200319T052801_031740_03A919_5C33,,Sentinel-1A,4543903561,334c4b0c69b9bd2fe931de6947d20273,444,SENTINEL_1A_FRAME,31740,VV+VH,2020-03-19T05:27:34Z,C-SAR,S1A_IWDV_0443_0450_031740_168,003.20,S1A_IW_SLC__1SDV_20200319T052734_20200319T052801_031740_03A919_5C33.zip,IW,['s3://asf-ngap2w-p-s1-slc-7b420b89/S1A_IW_SLC__1SDV_20200319T052734_20200319T052801_031740_03A919_5C33.zip'],1170,6.0,"{'coordinates': [[[11.450276, 43.428177], [11.894423, 45.045719], [8.644269, 45.445015], [8.291503, 43.82737], [11.450276, 43.428177]]], 'type': 'Polygon'}"
44.4179,10.0776,2020-03-25T05:27:20Z,S1B_IW_SLC__1SDV_20200325T052652_20200325T052720_020844_02786B_7CF7-SLC,DESCENDING,168,SLC,https://datapool.asf.alaska.edu/SLC/SB/S1B_IW_SLC__1SDV_20200325T052652_20200325T052720_020844_02786B_7CF7.zip,2020-03-25 05:26:52+00:00,S1B_IW_SLC__1SDV_20200325T052652_20200325T052720_020844_02786B_7CF7,,Sentinel-1B,4648755237,0c994100eb6d17164e41d0c63f28ee60,444,SENTINEL_1B_FRAME,20844,VV+VH,2020-03-25T05:26:52Z,C-SAR,S1B_IWDV_0444_0449_020844_168,003.20,S1B_IW_SLC__1SDV_20200325T052652_20200325T052720_020844_02786B_7CF7.zip,IW,['s3://asf-ngap2w-p-s1-slc-7b420b89/S1B_IW_SLC__1SDV_20200325T052652_20200325T052720_020844_02786B_7CF7.zip'],1176,41.0,"{'coordinates': [[[11.419638, 43.373047], [11.878667, 45.047581], [8.680684, 45.440739], [8.314598, 43.766094], [11.419638, 43.373047]]], 'type': 'Polygon'}"
44.4477,10.0751,2020-03-31T05:28:01Z,S1A_IW_SLC__1SDV_20200331T052734_20200331T052801_031915_03AF41_38E9-SLC,DESCENDING,168,SLC,https://datapool.asf.alaska.edu/SLC/SA/S1A_IW_SLC__1SDV_20200331T052734_20200331T052801_031915_03AF41_38E9.zip,2020-03-31 05:27:34+00:00,S1A_IW_SLC__1SDV_20200331T052734_20200331T052801_031915_03AF41_38E9,,Sentinel-1A,4636971606,25164422dfaf335e32c9790e0688a26c,444,SENTINEL_1A_FRAME,31915,VV+VH,2020-03-31T05:27:34Z,C-SAR,S1A_IWDV_0444_0449_031915_168,003.20,S1A_IW_SLC__1SDV_20200331T052734_20200331T052801_031915_03AF41_38E9.zip,IW,['s3://asf-ngap2w-p-s1-slc-7b420b89/S1A_IW_SLC__1SDV_20200331T052734_20200331T052801_031915_03AF41_38E9.zip'],1182,-60.0,"{'coordinates': [[[11.450545, 43.427872], [11.89473, 45.045547], [8.644754, 45.444836], [8.291949, 43.827061], [11.450545, 43.427872]]], 'type': 'Polygon'}"
44.4177,10.0767,2020-04-06T05:27:20Z,S1B_IW_SLC__1SDV_20200406T052652_20200406T052720_021019_027DF4_AB54-SLC,DESCENDING,168,SLC,https://datapool.asf.alaska.edu/SLC/SB/S1B_IW_SLC__1SDV_20200406T052652_20200406T052720_021019_027DF4_AB54.zip,2020-04-06 05:26:52+00:00,S1B_IW_SLC__1SDV_20200406T052652_20200406T052720_021019_027DF4_AB54,,Sentinel-1B,4628664483,bb45a37ca139f4153660ec727ae95ab3,444,SENTINEL_1B_FRAME,21019,VV+VH,2020-04-06T05:26:52Z,C-SAR,S1B_IWDV_0444_0450_021019_168,003.20,S1B_IW_SLC__1SDV_20200406T052652_20200406T052720_021019_027DF4_AB54.zip,IW,['s3://asf-ngap2w-p-s1-slc-7b420b89/S1B_IW_SLC__1SDV_20200406T052652_20200406T052720_021019_027DF4_AB54.zip'],1188,67.0,"{'coordinates': [[[11.418697, 43.372787], [11.877759, 45.047581], [8.679926, 45.440701], [8.313812, 43.765797], [11.418697, 43.372787]]], 'type': 'Polygon'}"
44.4478,10.0757,2020-04-12T05:28:01Z,S1A_IW_SLC__1SDV_20200412T052734_20200412T052801_032090_03B56C_ED00-SLC,DESCENDING,168,SLC,https://datapool.asf.alaska.edu/SLC/SA/S1A_IW_SLC__1SDV_20200412T052734_20200412T052801_032090_03B56C_ED00.zip,2020-04-12 05:27:34+00:00,S1A_IW_SLC__1SDV_20200412T052734_20200412T052801_032090_03B56C_ED00,,Sentinel-1A,4516108658,59c260221f491631518549bf2c39ddbd,444,SENTINEL_1A_FRAME,32090,VV+VH,2020-04-12T05:27:34Z,C-SAR,S1A_IWDV_0443_0450_032090_168,003.20,S1A_IW_SLC__1SDV_20200412T052734_20200412T052801_032090_03B56C_ED00.zip,IW,['s3://asf-ngap2w-p-s1-slc-7b420b89/S1A_IW_SLC__1SDV_20200412T052734_20200412T052801_032090_03B56C_ED00.zip'],1194,-59.0,"{'coordinates': [[[11.451221, 43.428009], [11.895393, 45.045677], [8.645227, 45.444992], [8.292432, 43.827225], [11.451221, 43.428009]]], 'type': 'Polygon'}"
44.0575,9.9987,2020-04-18T05:27:26Z,S1B_IW_SLC__1SDV_20200418T052659_20200418T052726_021194_02837E_0816-SLC,DESCENDING,168,SLC,https://datapool.asf.alaska.edu/SLC/SB/S1B_IW_SLC__1SDV_20200418T052659_20200418T052726_021194_02837E_0816.zip,2020-04-18 05:26:59+00:00,S1B_IW_SLC__1SDV_20200418T052659_20200418T052726_021194_02837E_0816,,Sentinel-1B,4307880906,374593f191d8955dacef8f104b8461ba,445,SENTINEL_1B_FRAME,21194,VV+VH,2020-04-18T05:26:59Z,C-SAR,S1B_IWDV_0445_0451_021194_168,003.20,S1B_IW_SLC__1SDV_20200418T052659_20200418T052726_021194_02837E_0816.zip,IW,['s3://asf-ngap2w-p-s1-slc-7b420b89/S1B_IW_SLC__1SDV_20200418T052659_20200418T052726_021194_02837E_0816.zip'],1200,16.0,"{'coordinates': [[[11.344193, 43.040859], [11.784617, 44.657963], [8.60042, 45.052402], [8.248345, 43.435272], [11.344193, 43.040859]]], 'type': 'Polygon'}"
44.4482,10.075,2020-04-24T05:28:02Z,S1A_IW_SLC__1SDV_20200424T052735_20200424T052802_032265_03BB90_D577-SLC,DESCENDING,168,SLC,https://datapool.asf.alaska.edu/SLC/SA/S1A_IW_SLC__1SDV_20200424T052735_20200424T052802_032265_03BB90_D577.zip,2020-04-24 05:27:35+00:00,S1A_IW_SLC__1SDV_20200424T052735_20200424T052802_032265_03BB90_D577,,Sentinel-1A,4518217300,1d06ca77c9602a46b937629ed1c6aa5c,444,SENTINEL_1A_FRAME,32265,VV+VH,2020-04-24T05:27:35Z,C-SAR,S1A_IWDV_0443_0450_032265_168,003.20,S1A_IW_SLC__1SDV_20200424T052735_20200424T052802_032265_03BB90_D577.zip,IW,['s3://asf-ngap2w-p-s1-slc-7b420b89/S1A_IW_SLC__1SDV_20200424T052735_20200424T052802_032265_03BB90_D577.zip'],1206,31.0,"{'coordinates': [[[11.450638, 43.428497], [11.894712, 45.045918], [8.644378, 45.445221], [8.29167, 43.827705], [11.450638, 43.428497]]], 'type': 'Polygon'}"
44.0573,9.9999,2020-04-30T05:27:27Z,S1B_IW_SLC__1SDV_20200430T052700_20200430T052727_021369_028901_0728-SLC,DESCENDING,168,SLC,https://datapool.asf.alaska.edu/SLC/SB/S1B_IW_SLC__1SDV_20200430T052700_20200430T052727_021369_028901_0728.zip,2020-04-30 05:27:00+00:00,S1B_IW_SLC__1SDV_20200430T052700_20200430T052727_021369_028901_0728,,Sentinel-1B,4351096288,b7dcab9237732dfe1aafe89882b8ecb6,445,SENTINEL_1B_FRAME,21369,VV+VH,2020-04-30T05:27:00Z,C-SAR,S1B_IWDV_0445_0451_021369_168,003.20,S1B_IW_SLC__1SDV_20200430T052700_20200430T052727_021369_028901_0728.zip,IW,['s3://asf-ngap2w-p-s1-slc-7b420b89/S1B_IW_SLC__1SDV_20200430T052700_20200430T052727_021369_028901_0728.zip'],1212,-53.0,"{'coordinates': [[[11.345328, 43.040291], [11.78597, 44.658001], [8.601678, 45.052505], [8.24942, 43.434772], [11.345328, 43.040291]]], 'type': 'Polygon'}"
44.4479,10.0745,2020-05-06T05:28:02Z,S1A_IW_SLC__1SDV_20200506T052735_20200506T052802_032440_03C1BA_22D3-SLC,DESCENDING,168,SLC,https://datapool.asf.alaska.edu/SLC/SA/S1A_IW_SLC__1SDV_20200506T052735_20200506T052802_032440_03C1BA_22D3.zip,2020-05-06 05:27:35+00:00,S1A_IW_SLC__1SDV_20200506T052735_20200506T052802_032440_03C1BA_22D3,,Sentinel-1A,4510766181,39c4ab7f5365fbb1c75919c83fbbb2a0,444,SENTINEL_1A_FRAME,32440,VV+VH,2020-05-06T05:27:35Z,C-SAR,S1A_IWDV_0443_0450_032440_168,003.20,S1A_IW_SLC__1SDV_20200506T052735_20200506T052802_032440_03C1BA_22D3.zip,IW,['s3://asf-ngap2w-p-s1-slc-7b420b89/S1A_IW_SLC__1SDV_20200506T052735_20200506T052802_032440_03C1BA_22D3.zip'],1218,30.0,"{'coordinates': [[[11.450088, 43.428005], [11.894256, 45.045929], [8.643997, 45.445168], [8.291225, 43.827148], [11.450088, 43.428005]]], 'type': 'Polygon'}"
44.0572,10.0011,2020-05-12T05:27:27Z,S1B_IW_SLC__1SDV_20200512T052700_20200512T052727_021544_028E77_8519-SLC,DESCENDING,168,SLC,https://datapool.asf.alaska.edu/SLC/SB/S1B_IW_SLC__1SDV_20200512T052700_20200512T052727_021544_028E77_8519.zip,2020-05-12 05:27:00+00:00,S1B_IW_SLC__1SDV_20200512T052700_20200512T052727_021544_028E77_8519,,Sentinel-1B,4412794040,8f7904c49fe40da873db77600eb32ea0,445,SENTINEL_1B_FRAME,21544,VV+VH,2020-05-12T05:27:00Z,C-SAR,S1B_IWDV_0445_0451_021544_168,003.20,S1B_IW_SLC__1SDV_20200512T052700_20200512T052727_021544_028E77_8519.zip,IW,['s3://asf-ngap2w-p-s1-slc-7b420b89/S1B_IW_SLC__1SDV_20200512T052700_20200512T052727_021544_028E77_8519.zip'],1224,-138.0,"{'coordinates': [[[11.34641, 43.039845], [11.787203, 44.658176], [8.602893, 45.052666], [8.250518, 43.434311], [11.34641, 43.039845]]], 'type': 'Polygon'}"
44.4489,10.0752,2020-05-18T05:28:03Z,S1A_IW_SLC__1SDV_20200518T052736_20200518T052803_032615_03C710_982B-SLC,DESCENDING,168,SLC,https://datapool.asf.alaska.edu/SLC/SA/S1A_IW_SLC__1SDV_20200518T052736_20200518T052803_032615_03C710_982B.zip,2020-05-18 05:27:36+00:00,S1A_IW_SLC__1SDV_20200518T052736_20200518T052803_032615_03C710_982B,,Sentinel-1A,4595748212,e6a9d64257e106fc533c291ed7f0ef40,444,SENTINEL_1A_FRAME,32615,VV+VH,2020-05-18T05:27:36Z,C-SAR,S1A_IWDV_0443_0450_032615_168,003.20,S1A_IW_SLC__1SDV_20200518T052736_20200518T052803_032615_03C710_982B.zip,IW,['s3://asf-ngap2w-p-s1-slc-7b420b89/S1A_IW_SLC__1SDV_20200518T052736_20200518T052803_032615_03C710_982B.zip'],1230,-11.0,"{'coordinates': [[[11.450768, 43.429005], [11.894946, 45.046803], [8.644728, 45.446072], [8.29194, 43.828178], [11.450768, 43.429005]]], 'type': 'Polygon'}"
44.2838,10.033,2020-05-24T05:27:24Z,S1B_IW_SLC__1SDV_20200524T052657_20200524T052724_021719_029398_A4C9-SLC,DESCENDING,168,SLC,https://datapool.asf.alaska.edu/SLC/SB/S1B_IW_SLC__1SDV_20200524T052657_20200524T052724_021719_029398_A4C9.zip,2020-05-24 05:26:57+00:00,S1B_IW_SLC__1SDV_20200524T052657_20200524T052724_021719_029398_A4C9,,Sentinel-1B,4489641588,3b5e7fdb970e63d179405371f8d209f3,445,SENTINEL_1B_FRAME,21719,VV+VH,2020-05-24T05:26:57Z,C-SAR,S1B_IWDV_0444_0450_021719_168,003.20,S1B_IW_SLC__1SDV_20200524T052657_20200524T052724_021719_029398_A4C9.zip,IW,['s3://asf-ngap2w-p-s1-slc-7b420b89/S1B_IW_SLC__1SDV_20200524T052657_20200524T052724_021719_029398_A4C9.zip'],1236,-20.0,"{'coordinates': [[[11.397015, 43.265137], [11.839368, 44.88282], [8.614923, 45.280025], [8.262728, 43.662296], [11.397015, 43.265137]]], 'type': 'Polygon'}"
44.4485,10.0762,2020-05-30T05:28:04Z,S1A_IW_SLC__1SDV_20200530T052737_20200530T052804_032790_03CC56_8071-SLC,DESCENDING,168,SLC,https://datapool.asf.alaska.edu/SLC/SA/S1A_IW_SLC__1SDV_20200530T052737_20200530T052804_032790_03CC56_8071.zip,2020-05-30 05:27:37+00:00,S1A_IW_SLC__1SDV_20200530T052737_20200530T052804_032790_03CC56_8071,,Sentinel-1A,4561342535,2bc7697d9ff8529ef653e527f212a3d3,444,SENTINEL_1A_FRAME,32790,VV+VH,2020-05-30T05:27:37Z,C-SAR,S1A_IWDV_0443_0450_032790_168,003.20,S1A_IW_SLC__1SDV_20200530T052737_20200530T052804_032790_03CC56_8071.zip,IW,['s3://asf-ngap2w-p-s1-slc-7b420b89/S1A_IW_SLC__1SDV_20200530T052737_20200530T052804_032790_03CC56_8071.zip'],1242,-95.0,"{'coordinates': [[[11.451741, 43.428623], [11.895961, 45.046417], [8.645796, 45.445732], [8.292962, 43.827843], [11.451741, 43.428623]]], 'type': 'Polygon'}"
44.284,10.0296,2020-06-05T05:27:25Z,S1B_IW_SLC__1SDV_20200605T052658_20200605T052725_021894_0298D7_EB1B-SLC,DESCENDING,168,SLC,https://datapool.asf.alaska.edu/SLC/SB/S1B_IW_SLC__1SDV_20200605T052658_20200605T052725_021894_0298D7_EB1B.zip,2020-06-05 05:26:58+00:00,S1B_IW_SLC__1SDV_20200605T052658_20200605T052725_021894_0298D7_EB1B,,Sentinel-1B,4574678192,c2e72bf039d6e921d68c3a15e3216aef,445,SENTINEL_1B_FRAME,21894,VV+VH,2020-06-05T05:26:58Z,C-SAR,S1B_IWDV_0444_0450_021894_168,003.20,S1B_IW_SLC__1SDV_20200605T052658_20200605T052725_021894_0298D7_EB1B.zip,IW,['s3://asf-ngap2w-p-s1-slc-7b420b89/S1B_IW_SLC__1SDV_20200605T052658_20200605T052725_021894_0298D7_EB1B.zip'],1248,59.0,"{'coordinates': [[[11.391323, 43.265701], [11.833527, 44.883518], [8.613834, 45.280018], [8.261662, 43.662159], [11.391323, 43.265701]]], 'type': 'Polygon'}"
44.4486,10.0756,2020-06-11T05:28:04Z,S1A_IW_SLC__1SDV_20200611T052737_20200611T052804_032965_03D183_772E-SLC,DESCENDING,168,SLC,https://datapool.asf.alaska.edu/SLC/SA/S1A_IW_SLC__1SDV_20200611T052737_20200611T052804_032965_03D183_772E.zip,2020-06-11 05:27:37+00:00,S1A_IW_SLC__1SDV_20200611T052737_20200611T052804_032965_03D183_772E,,Sentinel-1A,4647755594,3ccd3e06eeeba1d459f8699f28b255a1,444,SENTINEL_1A_FRAME,32965,VV+VH,2020-06-11T05:27:37Z,C-SAR,S1A_IWDV_0443_0450_032965_168,003.20,S1A_IW_SLC__1SDV_20200611T052737_20200611T052804_032965_03D183_772E.zip,IW,['s3://asf-ngap2w-p-s1-slc-7b420b89/S1A_IW_SLC__1SDV_20200611T052737_20200611T052804_032965_03D183_772E.zip'],1254,-38.0,"{'coordinates': [[[11.451179, 43.428825], [11.895325, 45.046497], [8.645102, 45.445782], [8.292336, 43.828011], [11.451179, 43.428825]]], 'type': 'Polygon'}"
44.2836,10.0323,2020-06-17T05:27:26Z,S1B_IW_SLC__1SDV_20200617T052659_20200617T052726_022069_029E24_9AED-SLC,DESCENDING,168,SLC,https://datapool.asf.alaska.edu/SLC/SB/S1B_IW_SLC__1SDV_20200617T052659_20200617T052726_022069_029E24_9AED.zip,2020-06-17 05:26:59+00:00,S1B_IW_SLC__1SDV_20200617T052659_20200617T052726_022069_029E24_9AED,,Sentinel-1B,4518272750,a750daf2d369c3c5164bf577c3b924a6,445,SENTINEL_1B_FRAME,22069,VV+VH,2020-06-17T05:26:59Z,C-SAR,S1B_IWDV_0444_0450_022069_168,003.20,S1B_IW_SLC__1SDV_20200617T052659_20200617T052726_022069_029E24_9AED.zip,IW,['s3://asf-ngap2w-p-s1-slc-7b420b89/S1B_IW_SLC__1SDV_20200617T052659_20200617T052726_022069_029E24_9AED.zip'],1260,18.0,"{'coordinates': [[[11.396261, 43.265026], [11.838587, 44.882713], [8.614199, 45.279881], [8.262033, 43.662144], [11.396261, 43.265026]]], 'type': 'Polygon'}"
44.4485,10.0745,2020-06-23T05:28:05Z,S1A_IW_SLC__1SDV_20200623T052738_20200623T052805_033140_03D6D5_C291-SLC,DESCENDING,168,SLC,https://datapool.asf.alaska.edu/SLC/SA/S1A_IW_SLC__1SDV_20200623T052738_20200623T052805_033140_03D6D5_C291.zip,2020-06-23 05:27:38+00:00,S1A_IW_SLC__1SDV_20200623T052738_20200623T052805_033140_03D6D5_C291,,Sentinel-1A,4553355002,8447d9ac328e10853f999d5d0b96b899,444,SENTINEL_1A_FRAME,33140,VV+VH,2020-06-23T05:27:38Z,C-SAR,S1A_IWDV_0443_0450_033140_168,003.30,S1A_IW_SLC__1SDV_20200623T052738_20200623T052805_033140_03D6D5_C291.zip,IW,['s3://asf-ngap2w-p-s1-slc-7b420b89/S1A_IW_SLC__1SDV_20200623T052738_20200623T052805_033140_03D6D5_C291.zip'],1266,31.0,"{'coordinates': [[[11.450072, 43.428555], [11.894283, 45.0466], [8.644076, 45.445843], [8.291265, 43.827698], [11.450072, 43.428555]]], 'type': 'Polygon'}"
44.2837,10.0335,2020-06-29T05:27:26Z,S1B_IW_SLC__1SDV_20200629T052659_20200629T052726_022244_02A37D_A349-SLC,DESCENDING,168,SLC,https://datapool.asf.alaska.edu/SLC/SB/S1B_IW_SLC__1SDV_20200629T052659_20200629T052726_022244_02A37D_A349.zip,2020-06-29 05:26:59+00:00,S1B_IW_SLC__1SDV_20200629T052659_20200629T052726_022244_02A37D_A349,,Sentinel-1B,4476337594,f880c2c36c5bc4e121e63d4fbb7c0556,445,SENTINEL_1B_FRAME,22244,VV+VH,2020-06-29T05:26:59Z,C-SAR,S1B_IWDV_0444_0450_022244_168,003.30,S1B_IW_SLC__1SDV_20200629T052659_20200629T052726_022244_02A37D_A349.zip,IW,['s3://asf-ngap2w-p-s1-slc-7b420b89/S1B_IW_SLC__1SDV_20200629T052659_20200629T052726_022244_02A37D_A349.zip'],1272,-73.0,"{'coordinates': [[[11.397446, 43.265064], [11.839828, 44.882748], [8.615465, 45.279968], [8.263242, 43.662235], [11.397446, 43.265064]]], 'type': 'Polygon'}"
44.4487,10.0748,2020-07-05T05:28:06Z,S1A_IW_SLC__1SDV_20200705T052739_20200705T052806_033315_03DC22_2E9B-SLC,DESCENDING,168,SLC,https://datapool.asf.alaska.edu/SLC/SA/S1A_IW_SLC__1SDV_20200705T052739_20200705T052806_033315_03DC22_2E9B.zip,2020-07-05 05:27:39+00:00,S1A_IW_SLC__1SDV_20200705T052739_20200705T052806_033315_03DC22_2E9B,,Sentinel-1A,4583994127,9084f5f982ffc4eabcf4b59837fc45e3,444,SENTINEL_1A_FRAME,33315,VV+VH,2020-07-05T05:27:39Z,C-SAR,S1A_IWDV_0443_0450_033315_168,003.31,S1A_IW_SLC__1SDV_20200705T052739_20200705T052806_033315_03DC22_2E9B.zip,IW,['s3://asf-ngap2w-p-s1-slc-7b420b89/S1A_IW_SLC__1SDV_20200705T052739_20200705T052806_033315_03DC22_2E9B.zip'],1278,-1.0,"{'coordinates': [[[11.450356, 43.428898], [11.894482, 45.046703], [8.644421, 45.445904], [8.291681, 43.828003], [11.450356, 43.428898]]], 'type': 'Polygon'}"
44.2835,10.0332,2020-07-11T05:27:27Z,S1B_IW_SLC__1SDV_20200711T052700_20200711T052727_022419_02A8D0_4DF9-SLC,DESCENDING,168,SLC,https://datapool.asf.alaska.edu/SLC/SB/S1B_IW_SLC__1SDV_20200711T052700_20200711T052727_022419_02A8D0_4DF9.zip,2020-07-11 05:27:00+00:00,S1B_IW_SLC__1SDV_20200711T052700_20200711T052727_022419_02A8D0_4DF9,,Sentinel-1B,4432111366,35cd59bc5bf45c3003027324d663dc82,445,SENTINEL_1B_FRAME,22419,VV+VH,2020-07-11T05:27:00Z,C-SAR,S1B_IWDV_0444_0450_022419_168,003.31,S1B_IW_SLC__1SDV_20200711T052700_20200711T052727_022419_02A8D0_4DF9.zip,IW,['s3://asf-ngap2w-p-s1-slc-7b420b89/S1B_IW_SLC__1SDV_20200711T052700_20200711T052727_022419_02A8D0_4DF9.zip'],1284,-61.0,"{'coordinates': [[[11.397067, 43.264896], [11.839442, 44.882584], [8.615216, 45.279785], [8.262997, 43.662048], [11.397067, 43.264896]]], 'type': 'Polygon'}"
44.4485,10.0753,2020-07-17T05:28:06Z,S1A_IW_SLC__1SDV_20200717T052739_20200717T052806_033490_03E17A_B0B3-SLC,DESCENDING,168,SLC,https://datapool.asf.alaska.edu/SLC/SA/S1A_IW_SLC__1SDV_20200717T052739_20200717T052806_033490_03E17A_B0B3.zip,2020-07-17 05:27:39+00:00,S1A_IW_SLC__1SDV_20200717T052739_20200717T052806_033490_03E17A_B0B3,,Sentinel-1A,4557925311,4dedaaa7bc64dccd715c9175b31d92e5,444,SENTINEL_1A_FRAME,33490,VV+VH,2020-07-17T05:27:39Z,C-SAR,S1A_IWDV_0443_0450_033490_168,003.31,S1A_IW_SLC__1SDV_20200717T052739_20200717T052806_033490_03E17A_B0B3.zip,IW,['s3://asf-ngap2w-p-s1-slc-7b420b89/S1A_IW_SLC__1SDV_20200717T052739_20200717T052806_033490_03E17A_B0B3.zip'],1290,-19.0,"{'coordinates': [[[11.450881, 43.428593], [11.895044, 45.046391], [8.644821, 45.445663], [8.292043, 43.82777], [11.450881, 43.428593]]], 'type': 'Polygon'}"
44.2837,10.0328,2020-07-23T05:27:28Z,S1B_IW_SLC__1SDV_20200723T052701_20200723T052728_022594_02AE21_F84A-SLC,DESCENDING,168,SLC,https://datapool.asf.alaska.edu/SLC/SB/S1B_IW_SLC__1SDV_20200723T052701_20200723T052728_022594_02AE21_F84A.zip,2020-07-23 05:27:01+00:00,S1B_IW_SLC__1SDV_20200723T052701_20200723T052728_022594_02AE21_F84A,,Sentinel-1B,4464389964,1bfa3d00a7b326e3d8da3607eaba3e30,445,SENTINEL_1B_FRAME,22594,VV+VH,2020-07-23T05:27:01Z,C-SAR,S1B_IWDV_0444_0450_022594_168,003.31,S1B_IW_SLC__1SDV_20200723T052701_20200723T052728_022594_02AE21_F84A.zip,IW,['s3://asf-ngap2w-p-s1-slc-7b420b89/S1B_IW_SLC__1SDV_20200723T052701_20200723T052728_022594_02AE21_F84A.zip'],1296,2.0,"{'coordinates': [[[11.396876, 43.265099], [11.839186, 44.882782], [8.614694, 45.279953], [8.262543, 43.66222], [11.396876, 43.265099]]], 'type': 'Polygon'}"
44.4478,10.0743,2020-07-29T05:28:07Z,S1A_IW_SLC__1SDV_20200729T052740_20200729T052807_033665_03E6D8_5C43-SLC,DESCENDING,168,SLC,https://datapool.asf.alaska.edu/SLC/SA/S1A_IW_SLC__1SDV_20200729T052740_20200729T052807_033665_03E6D8_5C43.zip,2020-07-29 05:27:40+00:00,S1A_IW_SLC__1SDV_20200729T052740_20200729T052807_033665_03E6D8_5C43,,Sentinel-1A,4573402414,962ddf72cad22c07a6253033260dd434,444,SENTINEL_1A_FRAME,33665,VV+VH,2020-07-29T05:27:40Z,C-SAR,S1A_IWDV_0443_0450_033665_168,003.31,S1A_IW_SLC__1SDV_20200729T052740_20200729T052807_033665_03E6D8_5C43.zip,IW,['s3://asf-ngap2w-p-s1-slc-7b420b89/S1A_IW_SLC__1SDV_20200729T052740_20200729T052807_033665_03E6D8_5C43.zip'],1302,36.0,"{'coordinates': [[[11.449831, 43.42799], [11.893976, 45.045662], [8.643829, 45.444946], [8.29106, 43.827175], [11.449831, 43.42799]]], 'type': 'Polygon'}"
44.2835,10.0316,2020-08-04T05:27:29Z,S1B_IW_SLC__1SDV_20200804T052702_20200804T052729_022769_02B36C_3763-SLC,DESCENDING,168,SLC,https://datapool.asf.alaska.edu/SLC/SB/S1B_IW_SLC__1SDV_20200804T052702_20200804T052729_022769_02B36C_3763.zip,2020-08-04 05:27:02+00:00,S1B_IW_SLC__1SDV_20200804T052702_20200804T052729_022769_02B36C_3763,,Sentinel-1B,4565176365,a1b3d0d5f5858dba496fbb434a4aaf84,445,SENTINEL_1B_FRAME,22769,VV+VH,2020-08-04T05:27:02Z,C-SAR,S1B_IWDV_0445_0450_022769_168,003.31,S1B_IW_SLC__1SDV_20200804T052702_20200804T052729_022769_02B36C_3763.zip,IW,['s3://asf-ngap2w-p-s1-slc-7b420b89/S1B_IW_SLC__1SDV_20200804T052702_20200804T052729_022769_02B36C_3763.zip'],1308,68.0,"{'coordinates': [[[11.395626, 43.264812], [11.83798, 44.882622], [8.61356, 45.279789], [8.261373, 43.66193], [11.395626, 43.264812]]], 'type': 'Polygon'}"
44.4477,10.0752,2020-08-10T05:28:08Z,S1A_IW_SLC__1SDV_20200810T052741_20200810T052808_033840_03EC7E_14CF-SLC,DESCENDING,168,SLC,https://datapool.asf.alaska.edu/SLC/SA/S1A_IW_SLC__1SDV_20200810T052741_20200810T052808_033840_03EC7E_14CF.zip,2020-08-10 05:27:41+00:00,S1A_IW_SLC__1SDV_20200810T052741_20200810T052808_033840_03EC7E_14CF,,Sentinel-1A,4567182830,c34ff75c6c6981029eae8e51b151402c,444,SENTINEL_1A_FRAME,33840,VV+VH,2020-08-10T05:27:41Z,C-SAR,S1A_IWDV_0443_0450_033840_168,003.31,S1A_IW_SLC__1SDV_20200810T052741_20200810T052808_033840_03EC7E_14CF.zip,IW,['s3://asf-ngap2w-p-s1-slc-7b420b89/S1A_IW_SLC__1SDV_20200810T052741_20200810T052808_033840_03EC7E_14CF.zip'],1314,-42.0,"{'coordinates': [[[11.450719, 43.428013], [11.894791, 45.045319], [8.644724, 45.444622], [8.292006, 43.827221], [11.450719, 43.428013]]], 'type': 'Polygon'}"
44.2833,10.0326,2020-08-16T05:27:29Z,S1B_IW_SLC__1SDV_20200816T052702_20200816T052729_022944_02B8D4_8C49-SLC,DESCENDING,168,SLC,https://datapool.asf.alaska.edu/SLC/SB/S1B_IW_SLC__1SDV_20200816T052702_20200816T052729_022944_02B8D4_8C49.zip,2020-08-16 05:27:02+00:00,S1B_IW_SLC__1SDV_20200816T052702_20200816T052729_022944_02B8D4_8C49,,Sentinel-1B,4442188499,de97580353b233d31187cc5f5bd16018,445,SENTINEL_1B_FRAME,22944,VV+VH,2020-08-16T05:27:02Z,C-SAR,S1B_IWDV_0444_0450_022944_168,003.31,S1B_IW_SLC__1SDV_20200816T052702_20200816T052729_022944_02B8D4_8C49.zip,IW,['s3://asf-ngap2w-p-s1-slc-7b420b89/S1B_IW_SLC__1SDV_20200816T052702_20200816T052729_022944_02B8D4_8C49.zip'],1320,-22.0,"{'coordinates': [[[11.396488, 43.264591], [11.838899, 44.882401], [8.614582, 45.279613], [8.262336, 43.661755], [11.396488, 43.264591]]], 'type': 'Polygon'}"
44.4475,10.0748,2020-08-22T05:28:09Z,S1A_IW_SLC__1SDV_20200822T052742_20200822T052809_034015_03F2A9_38AC-SLC,DESCENDING,168,SLC,https://datapool.asf.alaska.edu/SLC/SA/S1A_IW_SLC__1SDV_20200822T052742_20200822T052809_034015_03F2A9_38AC.zip,2020-08-22 05:27:42+00:00,S1A_IW_SLC__1SDV_20200822T052742_20200822T052809_034015_03F2A9_38AC,,Sentinel-1A,4583070737,655adca53511c851ce13a38f85048687,444,SENTINEL_1A_FRAME,34015,VV+VH,2020-08-22T05:27:42Z,C-SAR,S1A_IWDV_0443_0450_034015_168,003.31,S1A_IW_SLC__1SDV_20200822T052742_20200822T052809_034015_03F2A9_38AC.zip,IW,['s3://asf-ngap2w-p-s1-slc-7b420b89/S1A_IW_SLC__1SDV_20200822T052742_20200822T052809_034015_03F2A9_38AC.zip'],1326,-19.0,"{'coordinates': [[[11.45039, 43.427731], [11.894506, 45.045406], [8.644409, 45.44466], [8.291668, 43.826885], [11.45039, 43.427731]]], 'type': 'Polygon'}"
44.2831,10.0324,2020-08-28T05:27:30Z,S1B_IW_SLC__1SDV_20200828T052703_20200828T052730_023119_02BE55_8C3E-SLC,DESCENDING,168,SLC,https://datapool.asf.alaska.edu/SLC/SB/S1B_IW_SLC__1SDV_20200828T052703_20200828T052730_023119_02BE55_8C3E.zip,2020-08-28 05:27:03+00:00,S1B_IW_SLC__1SDV_20200828T052703_20200828T052730_023119_02BE55_8C3E,,Sentinel-1B,4464824460,b3d48ae043812d81ce2c898512d888fa,445,SENTINEL_1B_FRAME,23119,VV+VH,2020-08-28T05:27:03Z,C-SAR,S1B_IWDV_0445_0450_023119_168,003.31,S1B_IW_SLC__1SDV_20200828T052703_20200828T052730_023119_02BE55_8C3E.zip,IW,['s3://asf-ngap2w-p-s1-slc-7b420b89/S1B_IW_SLC__1SDV_20200828T052703_20200828T052730_023119_02BE55_8C3E.zip'],1332,7.0,"{'coordinates': [[[11.396358, 43.264576], [11.838717, 44.882133], [8.614335, 45.279377], [8.262126, 43.66177], [11.396358, 43.264576]]], 'type': 'Polygon'}"
44.4473,10.0746,2020-09-03T05:28:09Z,S1A_IW_SLC__1SDV_20200903T052742_20200903T052809_034190_03F8CD_D292-SLC,DESCENDING,168,SLC,https://datapool.asf.alaska.edu/SLC/SA/S1A_IW_SLC__1SDV_20200903T052742_20200903T052809_034190_03F8CD_D292.zip,2020-09-03 05:27:42+00:00,S1A_IW_SLC__1SDV_20200903T052742_20200903T052809_034190_03F8CD_D292,,Sentinel-1A,4623832683,54f6d6f961fc1b93707339fd3e38a969,444,SENTINEL_1A_FRAME,34190,VV+VH,2020-09-03T05:27:42Z,C-SAR,S1A_IWDV_0443_0450_034190_168,003.31,S1A_IW_SLC__1SDV_20200903T052742_20200903T052809_034190_03F8CD_D292.zip,IW,['s3://asf-ngap2w-p-s1-slc-7b420b89/S1A_IW_SLC__1SDV_20200903T052742_20200903T052809_034190_03F8CD_D292.zip'],1338,25.0,"{'coordinates': [[[11.450255, 43.427525], [11.894336, 45.0452], [8.644095, 45.444439], [8.29139, 43.826672], [11.450255, 43.427525]]], 'type': 'Polygon'}"
44.2831,10.0329,2020-09-09T05:27:30Z,S1B_IW_SLC__1SDV_20200909T052703_20200909T052730_023294_02C3D5_38DB-SLC,DESCENDING,168,SLC,https://datapool.asf.alaska.edu/SLC/SB/S1B_IW_SLC__1SDV_20200909T052703_20200909T052730_023294_02C3D5_38DB.zip,2020-09-09 05:27:03+00:00,S1B_IW_SLC__1SDV_20200909T052703_20200909T052730_023294_02C3D5_38DB,,Sentinel-1B,4474239271,b9d7ca16f0004a01cd4a527abf8b6067,445,SENTINEL_1B_FRAME,23294,VV+VH,2020-09-09T05:27:03Z,C-SAR,S1B_IWDV_0444_0450_023294_168,003.31,S1B_IW_SLC__1SDV_20200909T052703_20200909T052730_023294_02C3D5_38DB.zip,IW,['s3://asf-ngap2w-p-s1-slc-7b420b89/S1B_IW_SLC__1SDV_20200909T052703_20200909T052730_023294_02C3D5_38DB.zip'],1344,9.0,"{'coordinates': [[[11.396967, 43.264507], [11.839334, 44.882053], [8.614765, 45.279331], [8.262553, 43.661736], [11.396967, 43.264507]]], 'type': 'Polygon'}"
44.4473,10.0751,2020-09-15T05:28:10Z,S1A_IW_SLC__1SDV_20200915T052743_20200915T052810_034365_03FEFD_519E-SLC,DESCENDING,168,SLC,https://datapool.asf.alaska.edu/SLC/SA/S1A_IW_SLC__1SDV_20200915T052743_20200915T052810_034365_03FEFD_519E.zip,2020-09-15 05:27:43+00:00,S1A_IW_SLC__1SDV_20200915T052743_20200915T052810_034365_03FEFD_519E,,Sentinel-1A,4567162080,bf03f42c98df178942cbbce54721928c,444,SENTINEL_1A_FRAME,34365,VV+VH,2020-09-15T05:27:43Z,C-SAR,S1A_IWDV_0443_0450_034365_168,003.31,S1A_IW_SLC__1SDV_20200915T052743_20200915T052810_034365_03FEFD_519E.zip,IW,['s3://asf-ngap2w-p-s1-slc-7b420b89/S1A_IW_SLC__1SDV_20200915T052743_20200915T052810_034365_03FEFD_519E.zip'],1350,12.0,"{'coordinates': [[[11.450691, 43.427441], [11.894867, 45.045223], [8.644546, 45.44453], [8.291759, 43.826645], [11.450691, 43.427441]]], 'type': 'Polygon'}"
44.2832,10.0329,2020-09-21T05:27:31Z,S1B_IW_SLC__1SDV_20200921T052704_20200921T052731_023469_02C94E_F6FB-SLC,DESCENDING,168,SLC,https://datapool.asf.alaska.edu/SLC/SB/S1B_IW_SLC__1SDV_20200921T052704_20200921T052731_023469_02C94E_F6FB.zip,2020-09-21 05:27:04+00:00,S1B_IW_SLC__1SDV_20200921T052704_20200921T052731_023469_02C94E_F6FB,,Sentinel-1B,4510929666,7be065df8a49938ba4446839fbfd3c86,445,SENTINEL_1B_FRAME,23469,VV+VH,2020-09-21T05:27:04Z,C-SAR,S1B_IWDV_0444_0450_023469_168,003.31,S1B_IW_SLC__1SDV_20200921T052704_20200921T052731_023469_02C94E_F6FB.zip,IW,['s3://asf-ngap2w-p-s1-slc-7b420b89/S1B_IW_SLC__1SDV_20200921T052704_20200921T052731_023469_02C94E_F6FB.zip'],1356,14.0,"{'coordinates': [[[11.397071, 43.264706], [11.839354, 44.882008], [8.61475, 45.279263], [8.262613, 43.661911], [11.397071, 43.264706]]], 'type': 'Polygon'}"
44.4482,10.0756,2020-09-27T05:28:10Z,S1A_IW_SLC__1SDV_20200927T052743_20200927T052810_034540_040528_FA21-SLC,DESCENDING,168,SLC,https://datapool.asf.alaska.edu/SLC/SA/S1A_IW_SLC__1SDV_20200927T052743_20200927T052810_034540_040528_FA21.zip,2020-09-27 05:27:43+00:00,S1A_IW_SLC__1SDV_20200927T052743_20200927T052810_034540_040528_FA21,,Sentinel-1A,4591677749,74e05162adc410d4672fcfa6780505b6,444,SENTINEL_1A_FRAME,34540,VV+VH,2020-09-27T05:27:43Z,C-SAR,S1A_IWDV_0444_0449_034540_168,003.31,S1A_IW_SLC__1SDV_20200927T052743_20200927T052810_034540_040528_FA21.zip,IW,['s3://asf-ngap2w-p-s1-slc-7b420b89/S1A_IW_SLC__1SDV_20200927T052743_20200927T052810_034540_040528_FA21.zip'],1362,0.0,"{'coordinates': [[[11.451265, 43.428371], [11.895457, 45.046024], [8.645043, 45.44537], [8.292242, 43.827618], [11.451265, 43.428371]]], 'type': 'Polygon'}"
44.2829,10.0332,2020-10-03T05:27:31Z,S1B_IW_SLC__1SDV_20201003T052704_20201003T052731_023644_02CEC7_8541-SLC,DESCENDING,168,SLC,https://datapool.asf.alaska.edu/SLC/SB/S1B_IW_SLC__1SDV_20201003T052704_20201003T052731_023644_02CEC7_8541.zip,2020-10-03 05:27:04+00:00,S1B_IW_SLC__1SDV_20201003T052704_20201003T052731_023644_02CEC7_8541,,Sentinel-1B,4667900963,e69f82f5edab51d7e6302b9ad3631f9c,445,SENTINEL_1B_FRAME,23644,VV+VH,2020-10-03T05:27:04Z,C-SAR,S1B_IWDV_0444_0450_023644_168,003.31,S1B_IW_SLC__1SDV_20201003T052704_20201003T052731_023644_02CEC7_8541.zip,IW,['s3://asf-ngap2w-p-s1-slc-7b420b89/S1B_IW_SLC__1SDV_20201003T052704_20201003T052731_023644_02CEC7_8541.zip'],1368,12.0,"{'coordinates': [[[11.397351, 43.264221], [11.839723, 44.881889], [8.615004, 45.27914], [8.262803, 43.661423], [11.397351, 43.264221]]], 'type': 'Polygon'}"
44.4479,10.0755,2020-10-09T05:28:10Z,S1A_IW_SLC__1SDV_20201009T052743_20201009T052810_034715_040B45_2877-SLC,DESCENDING,168,SLC,https://datapool.asf.alaska.edu/SLC/SA/S1A_IW_SLC__1SDV_20201009T052743_20201009T052810_034715_040B45_2877.zip,2020-10-09 05:27:43+00:00,S1A_IW_SLC__1SDV_20201009T052743_20201009T052810_034715_040B45_2877,,Sentinel-1A,4540645036,b391b52c7b25295f05ade18a946e918f,444,SENTINEL_1A_FRAME,34715,VV+VH,2020-10-09T05:27:43Z,C-SAR,S1A_IWDV_0444_0449_034715_168,003.31,S1A_IW_SLC__1SDV_20201009T052743_20201009T052810_034715_040B45_2877.zip,IW,['s3://asf-ngap2w-p-s1-slc-7b420b89/S1A_IW_SLC__1SDV_20201009T052743_20201009T052810_034715_040B45_2877.zip'],1374,17.0,"{'coordinates': [[[11.451209, 43.428066], [11.895438, 45.045712], [8.644966, 45.445099], [8.29213, 43.827354], [11.451209, 43.428066]]], 'type': 'Polygon'}"
44.2828,10.0337,2020-10-15T05:27:31Z,S1B_IW_SLC__1SDV_20201015T052704_20201015T052731_023819_02D439_18DB-SLC,DESCENDING,168,SLC,https://datapool.asf.alaska.edu/SLC/SB/S1B_IW_SLC__1SDV_20201015T052704_20201015T052731_023819_02D439_18DB.zip,2020-10-15 05:27:04+00:00,S1B_IW_SLC__1SDV_20201015T052704_20201015T052731_023819_02D439_18DB,,Sentinel-1B,4624380577,fbeae231497a09b68d1502f777214a20,445,SENTINEL_1B_FRAME,23819,VV+VH,2020-10-15T05:27:04Z,C-SAR,S1B_IWDV_0444_0450_023819_168,003.31,S1B_IW_SLC__1SDV_20201015T052704_20201015T052731_023819_02D439_18DB.zip,IW,['s3://asf-ngap2w-p-s1-slc-7b420b89/S1B_IW_SLC__1SDV_20201015T052704_20201015T052731_023819_02D439_18DB.zip'],1380,-10.0,"{'coordinates': [[[11.397798, 43.264141], [11.840227, 44.881927], [8.615452, 45.279198], [8.263206, 43.661362], [11.397798, 43.264141]]], 'type': 'Polygon'}"
44.448,10.0762,2020-10-21T05:28:10Z,S1A_IW_SLC__1SDV_20201021T052743_20201021T052810_034890_041162_AF7D-SLC,DESCENDING,168,SLC,https://datapool.asf.alaska.edu/SLC/SA/S1A_IW_SLC__1SDV_20201021T052743_20201021T052810_034890_041162_AF7D.zip,2020-10-21 05:27:43+00:00,S1A_IW_SLC__1SDV_20201021T052743_20201021T052810_034890_041162_AF7D,,Sentinel-1A,4661380754,f0b85b695cc100540a0038d12e47ec4f,444,SENTINEL_1A_FRAME,34890,VV+VH,2020-10-21T05:27:43Z,C-SAR,S1A_IWDV_0443_0450_034890_168,003.31,S1A_IW_SLC__1SDV_20201021T052743_20201021T052810_034890_041162_AF7D.zip,IW,['s3://asf-ngap2w-p-s1-slc-7b420b89/S1A_IW_SLC__1SDV_20201021T052743_20201021T052810_034890_041162_AF7D.zip'],1386,-24.0,"{'coordinates': [[[11.4519, 43.42815], [11.89612, 45.045792], [8.645568, 45.445171], [8.292747, 43.827423], [11.4519, 43.42815]]], 'type': 'Polygon'}"
44.2831,10.0344,2020-10-27T05:27:31Z,S1B_IW_SLC__1SDV_20201027T052704_20201027T052731_023994_02D9B8_3011-SLC,DESCENDING,168,SLC,https://datapool.asf.alaska.edu/SLC/SB/S1B_IW_SLC__1SDV_20201027T052704_20201027T052731_023994_02D9B8_3011.zip,2020-10-27 05:27:04+00:00,S1B_IW_SLC__1SDV_20201027T052704_20201027T052731_023994_02D9B8_3011,,Sentinel-1B,4589566607,02b3d98b31ac738ae7b87b07354e2721,445,SENTINEL_1B_FRAME,23994,VV+VH,2020-10-27T05:27:04Z,C-SAR,S1B_IWDV_0444_0450_023994_168,003.31,S1B_IW_SLC__1SDV_20201027T052704_20201027T052731_023994_02D9B8_3011.zip,IW,['s3://asf-ngap2w-p-s1-slc-7b420b89/S1B_IW_SLC__1SDV_20201027T052704_20201027T052731_023994_02D9B8_3011.zip'],1392,-45.0,"{'coordinates': [[[11.398528, 43.264408], [11.840964, 44.882061], [8.616136, 45.279377], [8.26388, 43.661667], [11.398528, 43.264408]]], 'type': 'Polygon'}"
44.4488,10.0752,2020-11-02T05:28:10Z,S1A_IW_SLC__1SDV_20201102T052743_20201102T052810_035065_04175E_207B-SLC,DESCENDING,168,SLC,https://datapool.asf.alaska.edu/SLC/SA/S1A_IW_SLC__1SDV_20201102T052743_20201102T052810_035065_04175E_207B.zip,2020-11-02 05:27:43+00:00,S1A_IW_SLC__1SDV_20201102T052743_20201102T052810_035065_04175E_207B,,Sentinel-1A,4614337421,47b2ffe57807b85f6babf4182a60e8b6,444,SENTINEL_1A_FRAME,35065,VV+VH,2020-11-02T05:27:43Z,C-SAR,S1A_IWDV_0443_0450_035065_168,003.31,S1A_IW_SLC__1SDV_20201102T052743_20201102T052810_035065_04175E_207B.zip,IW,['s3://asf-ngap2w-p-s1-slc-7b420b89/S1A_IW_SLC__1SDV_20201102T052743_20201102T052810_035065_04175E_207B.zip'],1398,67.0,"{'coordinates': [[[11.450977, 43.429031], [11.895113, 45.046558], [8.644521, 45.445869], [8.291784, 43.828243], [11.450977, 43.429031]]], 'type': 'Polygon'}"
44.2837,10.0338,2020-11-08T05:27:31Z,S1B_IW_SLC__1SDV_20201108T052704_20201108T052731_024169_02DF1E_457C-SLC,DESCENDING,168,SLC,https://datapool.asf.alaska.edu/SLC/SB/S1B_IW_SLC__1SDV_20201108T052704_20201108T052731_024169_02DF1E_457C.zip,2020-11-08 05:27:04+00:00,S1B_IW_SLC__1SDV_20201108T052704_20201108T052731_024169_02DF1E_457C,,Sentinel-1B,4500826403,c66a37ec4a287488c13a213149e6a7cd,445,SENTINEL_1B_FRAME,24169,VV+VH,2020-11-08T05:27:04Z,C-SAR,S1B_IWDV_0444_0450_024169_168,003.31,S1B_IW_SLC__1SDV_20201108T052704_20201108T052731_024169_02DF1E_457C.zip,IW,['s3://asf-ngap2w-p-s1-slc-7b420b89/S1B_IW_SLC__1SDV_20201108T052704_20201108T052731_024169_02DF1E_457C.zip'],1404,6.0,"{'coordinates': [[[11.398008, 43.265091], [11.84044, 44.882618], [8.615592, 45.279949], [8.263338, 43.662369], [11.398008, 43.265091]]], 'type': 'Polygon'}"
44.4482,10.0756,2020-11-14T05:28:10Z,S1A_IW_SLC__1SDV_20201114T052743_20201114T052810_035240_041D81_B6F4-SLC,DESCENDING,168,SLC,https://datapool.asf.alaska.edu/SLC/SA/S1A_IW_SLC__1SDV_20201114T052743_20201114T052810_035240_041D81_B6F4.zip,2020-11-14 05:27:43+00:00,S1A_IW_SLC__1SDV_20201114T052743_20201114T052810_035240_041D81_B6F4,,Sentinel-1A,4626207639,0e5b1cf9b188aa759e1757752fb3ad02,444,SENTINEL_1A_FRAME,35240,VV+VH,2020-11-14T05:27:43Z,C-SAR,S1A_IWDV_0443_0450_035240_168,003.31,S1A_IW_SLC__1SDV_20201114T052743_20201114T052810_035240_041D81_B6F4.zip,IW,['s3://asf-ngap2w-p-s1-slc-7b420b89/S1A_IW_SLC__1SDV_20201114T052743_20201114T052810_035240_041D81_B6F4.zip'],1410,37.0,"{'coordinates': [[[11.451353, 43.428467], [11.895511, 45.045986], [8.64488, 45.445332], [8.292123, 43.827705], [11.451353, 43.428467]]], 'type': 'Polygon'}"
44.2832,10.0336,2020-11-20T05:27:31Z,S1B_IW_SLC__1SDV_20201120T052704_20201120T052731_024344_02E49B_D239-SLC,DESCENDING,168,SLC,https://datapool.asf.alaska.edu/SLC/SB/S1B_IW_SLC__1SDV_20201120T052704_20201120T052731_024344_02E49B_D239.zip,2020-11-20 05:27:04+00:00,S1B_IW_SLC__1SDV_20201120T052704_20201120T052731_024344_02E49B_D239,,Sentinel-1B,4638262155,76ee87c85d6178e035c2ef951a331ba1,445,SENTINEL_1B_FRAME,24344,VV+VH,2020-11-20T05:27:04Z,C-SAR,S1B_IWDV_0444_0450_024344_168,003.31,S1B_IW_SLC__1SDV_20201120T052704_20201120T052731_024344_02E49B_D239.zip,IW,['s3://asf-ngap2w-p-s1-slc-7b420b89/S1B_IW_SLC__1SDV_20201120T052704_20201120T052731_024344_02E49B_D239.zip'],1416,31.0,"{'coordinates': [[[11.397773, 43.264542], [11.840243, 44.882191], [8.61529, 45.279545], [8.263006, 43.661842], [11.397773, 43.264542]]], 'type': 'Polygon'}"
44.4479,10.0771,2020-11-26T05:28:10Z,S1A_IW_SLC__1SDV_20201126T052743_20201126T052810_035415_042383_029C-SLC,DESCENDING,168,SLC,https://datapool.asf.alaska.edu/SLC/SA/S1A_IW_SLC__1SDV_20201126T052743_20201126T052810_035415_042383_029C.zip,2020-11-26 05:27:43+00:00,S1A_IW_SLC__1SDV_20201126T052743_20201126T052810_035415_042383_029C,,Sentinel-1A,4559266493,17bd4c52711ab21e3dffeaf2aa73cbdf,444,SENTINEL_1A_FRAME,35415,VV+VH,2020-11-26T05:27:43Z,C-SAR,S1A_IWDV_0443_0450_035415_168,003.31,S1A_IW_SLC__1SDV_20201126T052743_20201126T052810_035415_042383_029C.zip,IW,['s3://asf-ngap2w-p-s1-slc-7b420b89/S1A_IW_SLC__1SDV_20201126T052743_20201126T052810_035415_042383_029C.zip'],1422,-67.0,"{'coordinates': [[[11.452889, 43.42807], [11.897106, 45.045708], [8.646474, 45.445084], [8.293664, 43.827339], [11.452889, 43.42807]]], 'type': 'Polygon'}"
44.9128,10.2103,2020-12-02T05:27:20Z,S1B_IW_SLC__1SDV_20201202T052652_20201202T052720_024519_02EA28_CC32-SLC,DESCENDING,168,SLC,https://datapool.asf.alaska.edu/SLC/SB/S1B_IW_SLC__1SDV_20201202T052652_20201202T052720_024519_02EA28_CC32.zip,2020-12-02 05:26:52+00:00,S1B_IW_SLC__1SDV_20201202T052652_20201202T052720_024519_02EA28_CC32,,Sentinel-1B,4996016555,ff66a0bac2b4c7c542166970cc4ba989,442,SENTINEL_1B_FRAME,24519,VV+VH,2020-12-02T05:26:52Z,C-SAR,S1B_IWDV_0442_0448_024519_168,003.31,S1B_IW_SLC__1SDV_20201202T052652_20201202T052720_024519_02EA28_CC32.zip,IW,['s3://asf-ngap2w-p-s1-slc-7b420b89/S1B_IW_SLC__1SDV_20201202T052652_20201202T052720_024519_02EA28_CC32.zip'],1428,106.0,"{'coordinates': [[[11.566356, 43.867542], [12.030425, 45.541512], [8.798016, 45.935749], [8.429429, 44.261505], [11.566356, 43.867542]]], 'type': 'Polygon'}"
44.4474,10.0762,2020-12-08T05:28:09Z,S1A_IW_SLC__1SDV_20201208T052742_20201208T052809_035590_042995_4806-SLC,DESCENDING,168,SLC,https://datapool.asf.alaska.edu/SLC/SA/S1A_IW_SLC__1SDV_20201208T052742_20201208T052809_035590_042995_4806.zip,2020-12-08 05:27:42+00:00,S1A_IW_SLC__1SDV_20201208T052742_20201208T052809_035590_042995_4806,,Sentinel-1A,4753981192,275f6ebaba55fafa88d5127cece55ee1,444,SENTINEL_1A_FRAME,35590,VV+VH,2020-12-08T05:27:42Z,C-SAR,S1A_IWDV_0443_0450_035590_168,003.31,S1A_IW_SLC__1SDV_20201208T052742_20201208T052809_035590_042995_4806.zip,IW,['s3://asf-ngap2w-p-s1-slc-7b420b89/S1A_IW_SLC__1SDV_20201208T052742_20201208T052809_035590_042995_4806.zip'],1434,-2.0,"{'coordinates': [[[11.451907, 43.427628], [11.896113, 45.045139], [8.645503, 45.444538], [8.292695, 43.826923], [11.451907, 43.427628]]], 'type': 'Polygon'}"
44.9131,10.2105,2020-12-14T05:27:20Z,S1B_IW_SLC__1SDV_20201214T052652_20201214T052720_024694_02EFD8_1E0E-SLC,DESCENDING,168,SLC,https://datapool.asf.alaska.edu/SLC/SB/S1B_IW_SLC__1SDV_20201214T052652_20201214T052720_024694_02EFD8_1E0E.zip,2020-12-14 05:26:52+00:00,S1B_IW_SLC__1SDV_20201214T052652_20201214T052720_024694_02EFD8_1E0E,,Sentinel-1B,4983452815,3380f046d57cb74830292e79548b3a59,442,SENTINEL_1B_FRAME,24694,VV+VH,2020-12-14T05:26:52Z,C-SAR,S1B_IWDV_0442_0448_024694_168,003.31,S1B_IW_SLC__1SDV_20201214T052652_20201214T052720_024694_02EFD8_1E0E.zip,IW,['s3://asf-ngap2w-p-s1-slc-7b420b89/S1B_IW_SLC__1SDV_20201214T052652_20201214T052720_024694_02EFD8_1E0E.zip'],1440,103.0,"{'coordinates': [[[11.566483, 43.867577], [12.030649, 45.541916], [8.798183, 45.93615], [8.429523, 44.261536], [11.566483, 43.867577]]], 'type': 'Polygon'}"
44.4484,10.0761,2020-12-20T05:28:09Z,S1A_IW_SLC__1SDV_20201220T052742_20201220T052809_035765_042F95_D318-SLC,DESCENDING,168,SLC,https://datapool.asf.alaska.edu/SLC/SA/S1A_IW_SLC__1SDV_20201220T052742_20201220T052809_035765_042F95_D318.zip,2020-12-20 05:27:42+00:00,S1A_IW_SLC__1SDV_20201220T052742_20201220T052809_035765_042F95_D318,,Sentinel-1A,4520437933,0443efb07fdccaf8fb1e407c95840ad8,444,SENTINEL_1A_FRAME,35765,VV+VH,2020-12-20T05:27:42Z,C-SAR,S1A_IWDV_0443_0450_035765_168,003.31,S1A_IW_SLC__1SDV_20201220T052742_20201220T052809_035765_042F95_D318.zip,IW,['s3://asf-ngap2w-p-s1-slc-7b420b89/S1A_IW_SLC__1SDV_20201220T052742_20201220T052809_035765_042F95_D318.zip'],1446,29.0,"{'coordinates': [[[11.451914, 43.428585], [11.896128, 45.046093], [8.64537, 45.445503], [8.292561, 43.827892], [11.451914, 43.428585]]], 'type': 'Polygon'}"
44.9132,10.2119,2020-12-26T05:27:19Z,S1B_IW_SLC__1SDV_20201226T052651_20201226T052719_024869_02F584_1449-SLC,DESCENDING,168,SLC,https://datapool.asf.alaska.edu/SLC/SB/S1B_IW_SLC__1SDV_20201226T052651_20201226T052719_024869_02F584_1449.zip,2020-12-26 05:26:51+00:00,S1B_IW_SLC__1SDV_20201226T052651_20201226T052719_024869_02F584_1449,,Sentinel-1B,4827711776,999a7ca7558c244f2922b14e8d15cbc0,442,SENTINEL_1B_FRAME,24869,VV+VH,2020-12-26T05:26:51Z,C-SAR,S1B_IWDV_0442_0448_024869_168,003.31,S1B_IW_SLC__1SDV_20201226T052651_20201226T052719_024869_02F584_1449.zip,IW,['s3://asf-ngap2w-p-s1-slc-7b420b89/S1B_IW_SLC__1SDV_20201226T052651_20201226T052719_024869_02F584_1449.zip'],1452,12.0,"{'coordinates': [[[11.567841, 43.867725], [12.032015, 45.541939], [8.799543, 45.936214], [8.430869, 44.261726], [11.567841, 43.867725]]], 'type': 'Polygon'}"
44.4493,10.0753,2021-01-01T05:28:08Z,S1A_IW_SLC__1SDV_20210101T052741_20210101T052808_035940_0435A9_F516-SLC,DESCENDING,168,SLC,https://datapool.asf.alaska.edu/SLC/SA/S1A_IW_SLC__1SDV_20210101T052741_20210101T052808_035940_0435A9_F516.zip,2021-01-01 05:27:41+00:00,S1A_IW_SLC__1SDV_20210101T052741_20210101T052808_035940_0435A9_F516,,Sentinel-1A,4486531552,1ba4e0100038cd0e4e6c2355f5a2761d,444,SENTINEL_1A_FRAME,35940,VV+VH,2021-01-01T05:27:41Z,C-SAR,S1A_IWDV_0443_0450_035940_168,003.31,S1A_IW_SLC__1SDV_20210101T052741_20210101T052808_035940_0435A9_F516.zip,IW,['s3://asf-ngap2w-p-s1-slc-7b420b89/S1A_IW_SLC__1SDV_20210101T052741_20210101T052808_035940_0435A9_F516.zip'],1458,98.0,"{'coordinates': [[[11.451055, 43.429398], [11.895283, 45.047157], [8.644533, 45.446495], [8.291729, 43.828629], [11.451055, 43.429398]]], 'type': 'Polygon'}"
44.2227,10.0404,2021-01-07T05:27:30Z,S1B_IW_SLC__1SDV_20210107T052703_20210107T052730_025044_02FB1E_53A0-SLC,DESCENDING,168,SLC,https://datapool.asf.alaska.edu/SLC/SB/S1B_IW_SLC__1SDV_20210107T052703_20210107T052730_025044_02FB1E_53A0.zip,2021-01-07 05:27:03+00:00,S1B_IW_SLC__1SDV_20210107T052703_20210107T052730_025044_02FB1E_53A0,,Sentinel-1B,4299872245,88b973fe23c1b90f7bb38565484c6833,445,SENTINEL_1B_FRAME,25044,VV+VH,2021-01-07T05:27:03Z,C-SAR,S1B_IWDV_0444_0451_025044_168,003.31,S1B_IW_SLC__1SDV_20210107T052703_20210107T052730_025044_02FB1E_53A0.zip,IW,['s3://asf-ngap2w-p-s1-slc-7b420b89/S1B_IW_SLC__1SDV_20210107T052703_20210107T052730_025044_02FB1E_53A0.zip'],1464,-72.0,"{'coordinates': [[[11.389305, 43.205452], [11.831568, 44.823627], [8.638238, 45.218075], [8.285141, 43.599827], [11.389305, 43.205452]]], 'type': 'Polygon'}"
44.3067,10.0706,2021-01-13T05:28:10Z,S1A_IW_SLC__1SDV_20210113T052742_20210113T052810_036115_043BDA_AEFF-SLC,DESCENDING,168,SLC,https://datapool.asf.alaska.edu/SLC/SA/S1A_IW_SLC__1SDV_20210113T052742_20210113T052810_036115_043BDA_AEFF.zip,2021-01-13 05:27:42+00:00,S1A_IW_SLC__1SDV_20210113T052742_20210113T052810_036115_043BDA_AEFF,,Sentinel-1A,4391871368,86f5b99f5202dbe94a002f12d2328df9,444,SENTINEL_1A_FRAME,36115,VV+VH,2021-01-13T05:27:42Z,C-SAR,S1A_IWDV_0444_0450_036115_168,003.31,S1A_IW_SLC__1SDV_20210113T052742_20210113T052810_036115_043BDA_AEFF.zip,IW,['s3://asf-ngap2w-p-s1-slc-7b420b89/S1A_IW_SLC__1SDV_20210113T052742_20210113T052810_036115_043BDA_AEFF.zip'],1470,89.0,"{'coordinates': [[[11.412353, 43.261898], [11.870698, 44.935226], [8.674191, 45.329544], [8.308363, 43.656097], [11.412353, 43.261898]]], 'type': 'Polygon'}"
45.05,10.2442,2021-01-19T05:27:15Z,S1B_IW_SLC__1SDV_20210119T052648_20210119T052715_025219_0300BA_B183-SLC,DESCENDING,168,SLC,https://datapool.asf.alaska.edu/SLC/SB/S1B_IW_SLC__1SDV_20210119T052648_20210119T052715_025219_0300BA_B183.zip,2021-01-19 05:26:48+00:00,S1B_IW_SLC__1SDV_20210119T052648_20210119T052715_025219_0300BA_B183,,Sentinel-1B,4468252946,f6ae5888f0487c45322d44918ce7ee00,442,SENTINEL_1B_FRAME,25219,VV+VH,2021-01-19T05:26:48Z,C-SAR,S1B_IWDV_0441_0448_025219_168,003.31,S1B_IW_SLC__1SDV_20210119T052648_20210119T052715_025219_0300BA_B183.zip,IW,['s3://asf-ngap2w-p-s1-slc-7b420b89/S1B_IW_SLC__1SDV_20210119T052648_20210119T052715_025219_0300BA_B183.zip'],1476,-24.0,"{'coordinates': [[[11.61431, 44.03278], [12.063982, 45.6497], [8.818542, 46.044792], [8.461938, 44.427567], [11.61431, 44.03278]]], 'type': 'Polygon'}"
44.3065,10.0714,2021-01-25T05:28:10Z,S1A_IW_SLC__1SDV_20210125T052742_20210125T052810_036290_0441E9_6E89-SLC,DESCENDING,168,SLC,https://datapool.asf.alaska.edu/SLC/SA/S1A_IW_SLC__1SDV_20210125T052742_20210125T052810_036290_0441E9_6E89.zip,2021-01-25 05:27:42+00:00,S1A_IW_SLC__1SDV_20210125T052742_20210125T052810_036290_0441E9_6E89,,Sentinel-1A,4579367510,118f69de6df7371ca9714f66001f26b5,444,SENTINEL_1A_FRAME,36290,VV+VH,2021-01-25T05:27:42Z,C-SAR,S1A_IWDV_0444_0450_036290_168,003.31,S1A_IW_SLC__1SDV_20210125T052742_20210125T052810_036290_0441E9_6E89.zip,IW,['s3://asf-ngap2w-p-s1-slc-7b420b89/S1A_IW_SLC__1SDV_20210125T052742_20210125T052810_036290_0441E9_6E89.zip'],1482,35.0,"{'coordinates': [[[11.413163, 43.261623], [11.871567, 44.93507], [8.675071, 45.329418], [8.309189, 43.655853], [11.413163, 43.261623]]], 'type': 'Polygon'}"
45.0496,10.2423,2021-01-31T05:27:15Z,S1B_IW_SLC__1SDV_20210131T052648_20210131T052715_025394_030647_1EED-SLC,DESCENDING,168,SLC,https://datapool.asf.alaska.edu/SLC/SB/S1B_IW_SLC__1SDV_20210131T052648_20210131T052715_025394_030647_1EED.zip,2021-01-31 05:26:48+00:00,S1B_IW_SLC__1SDV_20210131T052648_20210131T052715_025394_030647_1EED,,Sentinel-1B,4691121006,713164c123cb0d2a907c7aa9ca5dd7a0,442,SENTINEL_1B_FRAME,25394,VV+VH,2021-01-31T05:26:48Z,C-SAR,S1B_IWDV_0441_0448_025394_168,003.31,S1B_IW_SLC__1SDV_20210131T052648_20210131T052715_025394_030647_1EED.zip,IW,['s3://asf-ngap2w-p-s1-slc-7b420b89/S1B_IW_SLC__1SDV_20210131T052648_20210131T052715_025394_030647_1EED.zip'],1488,108.0,"{'coordinates': [[[11.612388, 44.032482], [12.061925, 45.649166], [8.81655, 46.044189], [8.460065, 44.427204], [11.612388, 44.032482]]], 'type': 'Polygon'}"
44.3068,10.0718,2021-02-06T05:28:10Z,S1A_IW_SLC__1SDV_20210206T052742_20210206T052810_036465_0447F6_596F-SLC,DESCENDING,168,SLC,https://datapool.asf.alaska.edu/SLC/SA/S1A_IW_SLC__1SDV_20210206T052742_20210206T052810_036465_0447F6_596F.zip,2021-02-06 05:27:42+00:00,S1A_IW_SLC__1SDV_20210206T052742_20210206T052810_036465_0447F6_596F,,Sentinel-1A,4508352178,3338b1c34b88f8afc4e0135f632fb96f,444,SENTINEL_1A_FRAME,36465,VV+VH,2021-02-06T05:27:42Z,C-SAR,S1A_IWDV_0444_0450_036465_168,003.31,S1A_IW_SLC__1SDV_20210206T052742_20210206T052810_036465_0447F6_596F.zip,IW,['s3://asf-ngap2w-p-s1-slc-7b420b89/S1A_IW_SLC__1SDV_20210206T052742_20210206T052810_036465_0447F6_596F.zip'],1494,-6.0,"{'coordinates': [[[11.413538, 43.262127], [11.871875, 44.935207], [8.67535, 45.329586], [8.309515, 43.656391], [11.413538, 43.262127]]], 'type': 'Polygon'}"
44.3082,10.0613,2021-02-12T05:27:28Z,S1B_IW_SLC__1SDV_20210212T052700_20210212T052728_025569_030C04_1B7F-SLC,DESCENDING,168,SLC,https://datapool.asf.alaska.edu/SLC/SB/S1B_IW_SLC__1SDV_20210212T052700_20210212T052728_025569_030C04_1B7F.zip,2021-02-12 05:27:00+00:00,S1B_IW_SLC__1SDV_20210212T052700_20210212T052728_025569_030C04_1B7F,,Sentinel-1B,4510056504,aca2bdb9876d156950b6aae4c48a8260,444,SENTINEL_1B_FRAME,25569,VV+VH,2021-02-12T05:27:00Z,C-SAR,S1B_IWDV_0444_0450_025569_168,003.31,S1B_IW_SLC__1SDV_20210212T052700_20210212T052728_025569_030C04_1B7F.zip,IW,['s3://asf-ngap2w-p-s1-slc-7b420b89/S1B_IW_SLC__1SDV_20210212T052700_20210212T052728_025569_030C04_1B7F.zip'],1500,146.0,"{'coordinates': [[[11.394552, 43.264973], [11.852279, 44.93795], [8.673905, 45.329773], [8.308146, 43.656693], [11.394552, 43.264973]]], 'type': 'Polygon'}"
44.4485,10.0769,2021-02-18T05:28:06Z,S1A_IW_SLC__1SDV_20210218T052739_20210218T052806_036640_044E13_C75B-SLC,DESCENDING,168,SLC,https://datapool.asf.alaska.edu/SLC/SA/S1A_IW_SLC__1SDV_20210218T052739_20210218T052806_036640_044E13_C75B.zip,2021-02-18 05:27:39+00:00,S1A_IW_SLC__1SDV_20210218T052739_20210218T052806_036640_044E13_C75B,,Sentinel-1A,4405907743,d3d4c336aff7b76fc651d44d936c3888,444,SENTINEL_1A_FRAME,36640,VV+VH,2021-02-18T05:27:39Z,C-SAR,S1A_IWDV_0443_0450_036640_168,003.31,S1A_IW_SLC__1SDV_20210218T052739_20210218T052806_036640_044E13_C75B.zip,IW,['s3://asf-ngap2w-p-s1-slc-7b420b89/S1A_IW_SLC__1SDV_20210218T052739_20210218T052806_036640_044E13_C75B.zip'],1506,-71.0,"{'coordinates': [[[11.452645, 43.428673], [11.896856, 45.046192], [8.646335, 45.445576], [8.293521, 43.827953], [11.452645, 43.428673]]], 'type': 'Polygon'}"
44.3081,10.0625,2021-02-24T05:27:27Z,S1B_IW_SLC__1SDV_20210224T052659_20210224T052727_025744_0311BA_395D-SLC,DESCENDING,168,SLC,https://datapool.asf.alaska.edu/SLC/SB/S1B_IW_SLC__1SDV_20210224T052659_20210224T052727_025744_0311BA_395D.zip,2021-02-24 05:26:59+00:00,S1B_IW_SLC__1SDV_20210224T052659_20210224T052727_025744_0311BA_395D,,Sentinel-1B,4352398205,b628e87fd96db81efb9cc734c1b6af48,444,SENTINEL_1B_FRAME,25744,VV+VH,2021-02-24T05:26:59Z,C-SAR,S1B_IWDV_0444_0450_025744_168,003.31,S1B_IW_SLC__1SDV_20210224T052659_20210224T052727_025744_0311BA_395D.zip,IW,['s3://asf-ngap2w-p-s1-slc-7b420b89/S1B_IW_SLC__1SDV_20210224T052659_20210224T052727_025744_0311BA_395D.zip'],1512,23.0,"{'coordinates': [[[11.39563, 43.264969], [11.853321, 44.937706], [8.675141, 45.32954], [8.309399, 43.6567], [11.39563, 43.264969]]], 'type': 'Polygon'}"
44.4482,10.0757,2021-03-02T05:28:06Z,S1A_IW_SLC__1SDV_20210302T052739_20210302T052806_036815_045422_DB18-SLC,DESCENDING,168,SLC,https://datapool.asf.alaska.edu/SLC/SA/S1A_IW_SLC__1SDV_20210302T052739_20210302T052806_036815_045422_DB18.zip,2021-03-02 05:27:39+00:00,S1A_IW_SLC__1SDV_20210302T052739_20210302T052806_036815_045422_DB18,,Sentinel-1A,4325415179,0baa4ce2fa5036288a5f6e1fadf8bc51,444,SENTINEL_1A_FRAME,36815,VV+VH,2021-03-02T05:27:39Z,C-SAR,S1A_IWDV_0443_0450_036815_168,003.31,S1A_IW_SLC__1SDV_20210302T052739_20210302T052806_036815_045422_DB18.zip,IW,['s3://asf-ngap2w-p-s1-slc-7b420b89/S1A_IW_SLC__1SDV_20210302T052739_20210302T052806_036815_045422_DB18.zip'],1518,-25.0,"{'coordinates': [[[11.451356, 43.428467], [11.895528, 45.045998], [8.645192, 45.445324], [8.29241, 43.82769], [11.451356, 43.428467]]], 'type': 'Polygon'}"
44.3084,10.0632,2021-03-08T05:27:27Z,S1B_IW_SLC__1SDV_20210308T052659_20210308T052727_025919_031775_A250-SLC,DESCENDING,168,SLC,https://datapool.asf.alaska.edu/SLC/SB/S1B_IW_SLC__1SDV_20210308T052659_20210308T052727_025919_031775_A250.zip,2021-03-08 05:26:59+00:00,S1B_IW_SLC__1SDV_20210308T052659_20210308T052727_025919_031775_A250,,Sentinel-1B,4354844696,89cf1ddecf2241e00c3a587f1c90ea29,444,SENTINEL_1B_FRAME,25919,VV+VH,2021-03-08T05:26:59Z,C-SAR,S1B_IWDV_0444_0450_025919_168,003.31,S1B_IW_SLC__1SDV_20210308T052659_20210308T052727_025919_031775_A250.zip,IW,['s3://asf-ngap2w-p-s1-slc-7b420b89/S1B_IW_SLC__1SDV_20210308T052659_20210308T052727_025919_031775_A250.zip'],1524,-55.0,"{'coordinates': [[[11.396241, 43.265224], [11.853987, 44.938091], [8.676032, 45.329922], [8.310233, 43.656952], [11.396241, 43.265224]]], 'type': 'Polygon'}"
44.4483,10.0745,2021-03-14T05:28:06Z,S1A_IW_SLC__1SDV_20210314T052739_20210314T052806_036990_045A45_0F92-SLC,DESCENDING,168,SLC,https://datapool.asf.alaska.edu/SLC/SA/S1A_IW_SLC__1SDV_20210314T052739_20210314T052806_036990_045A45_0F92.zip,2021-03-14 05:27:39+00:00,S1A_IW_SLC__1SDV_20210314T052739_20210314T052806_036990_045A45_0F92,,Sentinel-1A,4414316455,6126514770e62dc8ba417312852c8a0b,444,SENTINEL_1A_FRAME,36990,VV+VH,2021-03-14T05:27:39Z,C-SAR,S1A_IWDV_0444_0449_036990_168,003.31,S1A_IW_SLC__1SDV_20210314T052739_20210314T052806_036990_045A45_0F92.zip,IW,['s3://asf-ngap2w-p-s1-slc-7b420b89/S1A_IW_SLC__1SDV_20210314T052739_20210314T052806_036990_045A45_0F92.zip'],1530,36.0,"{'coordinates': [[[11.450097, 43.428478], [11.894247, 45.046146], [8.644017, 45.445404], [8.291261, 43.827637], [11.450097, 43.428478]]], 'type': 'Polygon'}"
44.3085,10.0636,2021-03-20T05:27:27Z,S1B_IW_SLC__1SDV_20210320T052659_20210320T052727_026094_031D17_942E-SLC,DESCENDING,168,SLC,https://datapool.asf.alaska.edu/SLC/SB/S1B_IW_SLC__1SDV_20210320T052659_20210320T052727_026094_031D17_942E.zip,2021-03-20 05:26:59+00:00,S1B_IW_SLC__1SDV_20210320T052659_20210320T052727_026094_031D17_942E,,Sentinel-1B,4332820729,8c18955c2359e3cc29e67d05aea0b13d,444,SENTINEL_1B_FRAME,26094,VV+VH,2021-03-20T05:26:59Z,C-SAR,S1B_IWDV_0444_0450_026094_168,003.31,S1B_IW_SLC__1SDV_20210320T052659_20210320T052727_026094_031D17_942E.zip,IW,['s3://asf-ngap2w-p-s1-slc-7b420b89/S1B_IW_SLC__1SDV_20210320T052659_20210320T052727_026094_031D17_942E.zip'],1536,-116.0,"{'coordinates': [[[11.396543, 43.26524], [11.854327, 44.93824], [8.676526, 45.330063], [8.310688, 43.65696], [11.396543, 43.26524]]], 'type': 'Polygon'}"
44.4483,10.0743,2021-03-26T05:28:07Z,S1A_IW_SLC__1SDV_20210326T052740_20210326T052807_037165_04604D_AB9A-SLC,DESCENDING,168,SLC,https://datapool.asf.alaska.edu/SLC/SA/S1A_IW_SLC__1SDV_20210326T052740_20210326T052807_037165_04604D_AB9A.zip,2021-03-26 05:27:40+00:00,S1A_IW_SLC__1SDV_20210326T052740_20210326T052807_037165_04604D_AB9A,,Sentinel-1A,4315738586,5b2b3ff295ec7bbd99f9c3c7620a0197,444,SENTINEL_1A_FRAME,37165,VV+VH,2021-03-26T05:27:40Z,C-SAR,S1A_IWDV_0443_0450_037165_168,003.31,S1A_IW_SLC__1SDV_20210326T052740_20210326T052807_037165_04604D_AB9A.zip,IW,['s3://asf-ngap2w-p-s1-slc-7b420b89/S1A_IW_SLC__1SDV_20210326T052740_20210326T052807_037165_04604D_AB9A.zip'],1542,14.0,"{'coordinates': [[[11.449844, 43.428463], [11.893987, 45.046139], [8.643927, 45.445377], [8.291169, 43.827602], [11.449844, 43.428463]]], 'type': 'Polygon'}"
45.0502,10.2431,2021-04-01T05:27:15Z,S1B_IW_SLC__1SDV_20210401T052648_20210401T052715_026269_032297_AD70-SLC,DESCENDING,168,SLC,https://datapool.asf.alaska.edu/SLC/SB/S1B_IW_SLC__1SDV_20210401T052648_20210401T052715_026269_032297_AD70.zip,2021-04-01 05:26:48+00:00,S1B_IW_SLC__1SDV_20210401T052648_20210401T052715_026269_032297_AD70,,Sentinel-1B,4483005990,174592a2dfe8b21ef1246a9b75a03b28,442,SENTINEL_1B_FRAME,26269,VV+VH,2021-04-01T05:26:48Z,C-SAR,S1B_IWDV_0441_0448_026269_168,003.31,S1B_IW_SLC__1SDV_20210401T052648_20210401T052715_026269_032297_AD70.zip,IW,['s3://asf-ngap2w-p-s1-slc-7b420b89/S1B_IW_SLC__1SDV_20210401T052648_20210401T052715_026269_032297_AD70.zip'],1548,-69.0,"{'coordinates': [[[11.612955, 44.033035], [12.062501, 45.649876], [8.817684, 46.044819], [8.461174, 44.427677], [11.612955, 44.033035]]], 'type': 'Polygon'}"
44.4482,10.0745,2021-04-07T05:28:07Z,S1A_IW_SLC__1SDV_20210407T052740_20210407T052807_037340_04665D_0CA9-SLC,DESCENDING,168,SLC,https://datapool.asf.alaska.edu/SLC/SA/S1A_IW_SLC__1SDV_20210407T052740_20210407T052807_037340_04665D_0CA9.zip,2021-04-07 05:27:40+00:00,S1A_IW_SLC__1SDV_20210407T052740_20210407T052807_037340_04665D_0CA9,,Sentinel-1A,4333163344,44da6da4b9ca4287fe30e959ad44e5ac,444,SENTINEL_1A_FRAME,37340,VV+VH,2021-04-07T05:27:40Z,C-SAR,S1A_IWDV_0443_0450_037340_168,003.31,S1A_IW_SLC__1SDV_20210407T052740_20210407T052807_037340_04665D_0CA9.zip,IW,['s3://asf-ngap2w-p-s1-slc-7b420b89/S1A_IW_SLC__1SDV_20210407T052740_20210407T052807_037340_04665D_0CA9.zip'],1554,-24.0,"{'coordinates': [[[11.449949, 43.428318], [11.894125, 45.046127], [8.644181, 45.445354], [8.291392, 43.82745], [11.449949, 43.428318]]], 'type': 'Polygon'}"
45.0504,10.2423,2021-04-13T05:27:15Z,S1B_IW_SLC__1SDV_20210413T052648_20210413T052715_026444_032830_BCEB-SLC,DESCENDING,168,SLC,https://datapool.asf.alaska.edu/SLC/SB/S1B_IW_SLC__1SDV_20210413T052648_20210413T052715_026444_032830_BCEB.zip,2021-04-13 05:26:48+00:00,S1B_IW_SLC__1SDV_20210413T052648_20210413T052715_026444_032830_BCEB,,Sentinel-1B,4609425918,f106197ec1abe26d4a2b687b4fe260b7,442,SENTINEL_1B_FRAME,26444,VV+VH,2021-04-13T05:26:48Z,C-SAR,S1B_IWDV_0441_0448_026444_168,003.31,S1B_IW_SLC__1SDV_20210413T052648_20210413T052715_026444_032830_BCEB.zip,IW,['s3://asf-ngap2w-p-s1-slc-7b420b89/S1B_IW_SLC__1SDV_20210413T052648_20210413T052715_026444_032830_BCEB.zip'],1560,-4.0,"{'coordinates': [[[11.612144, 44.033264], [12.061658, 45.650108], [8.816818, 46.045036], [8.460336, 44.427891], [11.612144, 44.033264]]], 'type': 'Polygon'}"
44.4482,10.076,2021-04-19T05:28:08Z,S1A_IW_SLC__1SDV_20210419T052741_20210419T052808_037515_046C67_B156-SLC,DESCENDING,168,SLC,https://datapool.asf.alaska.edu/SLC/SA/S1A_IW_SLC__1SDV_20210419T052741_20210419T052808_037515_046C67_B156.zip,2021-04-19 05:27:41+00:00,S1A_IW_SLC__1SDV_20210419T052741_20210419T052808_037515_046C67_B156,,Sentinel-1A,4334236935,05b02f786fd329eb065bd2f69ded609e,444,SENTINEL_1A_FRAME,37515,VV+VH,2021-04-19T05:27:41Z,C-SAR,S1A_IWDV_0443_0450_037515_168,003.31,S1A_IW_SLC__1SDV_20210419T052741_20210419T052808_037515_046C67_B156.zip,IW,['s3://asf-ngap2w-p-s1-slc-7b420b89/S1A_IW_SLC__1SDV_20210419T052741_20210419T052808_037515_046C67_B156.zip'],1566,-94.0,"{'coordinates': [[[11.451498, 43.428318], [11.895721, 45.046112], [8.64561, 45.445427], [8.292771, 43.827534], [11.451498, 43.428318]]], 'type': 'Polygon'}"
45.0507,10.2412,2021-04-25T05:27:16Z,S1B_IW_SLC__1SDV_20210425T052649_20210425T052716_026619_032DCD_4881-SLC,DESCENDING,168,SLC,https://datapool.asf.alaska.edu/SLC/SB/S1B_IW_SLC__1SDV_20210425T052649_20210425T052716_026619_032DCD_4881.zip,2021-04-25 05:26:49+00:00,S1B_IW_SLC__1SDV_20210425T052649_20210425T052716_026619_032DCD_4881,,Sentinel-1B,4455250468,ea711a47afe2daf05501093410955ec5,442,SENTINEL_1B_FRAME,26619,VV+VH,2021-04-25T05:26:49Z,C-SAR,S1B_IWDV_0442_0447_026619_168,003.31,S1B_IW_SLC__1SDV_20210425T052649_20210425T052716_026619_032DCD_4881.zip,IW,['s3://asf-ngap2w-p-s1-slc-7b420b89/S1B_IW_SLC__1SDV_20210425T052649_20210425T052716_026619_032DCD_4881.zip'],1572,71.0,"{'coordinates': [[[11.61112, 44.033535], [12.060603, 45.650387], [8.815771, 46.045273], [8.45932, 44.428127], [11.61112, 44.033535]]], 'type': 'Polygon'}"
44.449,10.0761,2021-05-01T05:28:08Z,S1A_IW_SLC__1SDV_20210501T052741_20210501T052808_037690_04727A_4318-SLC,DESCENDING,168,SLC,https://datapool.asf.alaska.edu/SLC/SA/S1A_IW_SLC__1SDV_20210501T052741_20210501T052808_037690_04727A_4318.zip,2021-05-01 05:27:41+00:00,S1A_IW_SLC__1SDV_20210501T052741_20210501T052808_037690_04727A_4318,,Sentinel-1A,4351244931,97cc1d5360e27f65169c23bd9a798ad7,444,SENTINEL_1A_FRAME,37690,VV+VH,2021-05-01T05:27:41Z,C-SAR,S1A_IWDV_0443_0450_037690_168,003.31,S1A_IW_SLC__1SDV_20210501T052741_20210501T052808_037690_04727A_4318.zip,IW,['s3://asf-ngap2w-p-s1-slc-7b420b89/S1A_IW_SLC__1SDV_20210501T052741_20210501T052808_037690_04727A_4318.zip'],1578,-88.0,"{'coordinates': [[[11.45166, 43.429237], [11.895801, 45.046913], [8.645634, 45.446171], [8.292876, 43.828396], [11.45166, 43.429237]]], 'type': 'Polygon'}"
45.0507,10.2427,2021-05-07T05:27:16Z,S1B_IW_SLC__1SDV_20210507T052649_20210507T052716_026794_033365_E539-SLC,DESCENDING,168,SLC,https://datapool.asf.alaska.edu/SLC/SB/S1B_IW_SLC__1SDV_20210507T052649_20210507T052716_026794_033365_E539.zip,2021-05-07 05:26:49+00:00,S1B_IW_SLC__1SDV_20210507T052649_20210507T052716_026794_033365_E539,,Sentinel-1B,4487131531,957d4822112b58ebaecafc122f608022,442,SENTINEL_1B_FRAME,26794,VV+VH,2021-05-07T05:26:49Z,C-SAR,S1B_IWDV_0441_0448_026794_168,003.31,S1B_IW_SLC__1SDV_20210507T052649_20210507T052716_026794_033365_E539.zip,IW,['s3://asf-ngap2w-p-s1-slc-7b420b89/S1B_IW_SLC__1SDV_20210507T052649_20210507T052716_026794_033365_E539.zip'],1584,2.0,"{'coordinates': [[[11.612576, 44.03347], [12.062176, 45.650555], [8.81719, 46.045521], [8.460636, 44.428139], [11.612576, 44.03347]]], 'type': 'Polygon'}"
44.4488,10.0743,2021-05-13T05:28:09Z,S1A_IW_SLC__1SDV_20210513T052742_20210513T052809_037865_047810_42D3-SLC,DESCENDING,168,SLC,https://datapool.asf.alaska.edu/SLC/SA/S1A_IW_SLC__1SDV_20210513T052742_20210513T052809_037865_047810_42D3.zip,2021-05-13 05:27:42+00:00,S1A_IW_SLC__1SDV_20210513T052742_20210513T052809_037865_047810_42D3,,Sentinel-1A,4385472929,4a5aac7fa01c6e75f65ba4c152a08325,444,SENTINEL_1A_FRAME,37865,VV+VH,2021-05-13T05:27:42Z,C-SAR,S1A_IWDV_0443_0450_037865_168,003.31,S1A_IW_SLC__1SDV_20210513T052742_20210513T052809_037865_047810_42D3.zip,IW,['s3://asf-ngap2w-p-s1-slc-7b420b89/S1A_IW_SLC__1SDV_20210513T052742_20210513T052809_037865_047810_42D3.zip'],1590,46.0,"{'coordinates': [[[11.449825, 43.428928], [11.893969, 45.04673], [8.64378, 45.445957], [8.291026, 43.82806], [11.449825, 43.428928]]], 'type': 'Polygon'}"
45.0505,10.2424,2021-05-19T05:27:17Z,S1B_IW_SLC__1SDV_20210519T052650_20210519T052717_026969_0338DC_11C3-SLC,DESCENDING,168,SLC,https://datapool.asf.alaska.edu/SLC/SB/S1B_IW_SLC__1SDV_20210519T052650_20210519T052717_026969_0338DC_11C3.zip,2021-05-19 05:26:50+00:00,S1B_IW_SLC__1SDV_20210519T052650_20210519T052717_026969_0338DC_11C3,,Sentinel-1B,4533792983,fd2472d1b01d88cfbffb4502a02726eb,442,SENTINEL_1B_FRAME,26969,VV+VH,2021-05-19T05:26:50Z,C-SAR,S1B_IWDV_0441_0448_026969_168,003.31,S1B_IW_SLC__1SDV_20210519T052650_20210519T052717_026969_0338DC_11C3.zip,IW,['s3://asf-ngap2w-p-s1-slc-7b420b89/S1B_IW_SLC__1SDV_20210519T052650_20210519T052717_026969_0338DC_11C3.zip'],1596,-12.0,"{'coordinates': [[[11.612251, 44.033348], [12.061787, 45.650192], [8.816962, 46.045135], [8.460459, 44.427994], [11.612251, 44.033348]]], 'type': 'Polygon'}"
44.4488,10.0743,2021-05-25T05:28:09Z,S1A_IW_SLC__1SDV_20210525T052742_20210525T052809_038040_047D59_743B-SLC,DESCENDING,168,SLC,https://datapool.asf.alaska.edu/SLC/SA/S1A_IW_SLC__1SDV_20210525T052742_20210525T052809_038040_047D59_743B.zip,2021-05-25 05:27:42+00:00,S1A_IW_SLC__1SDV_20210525T052742_20210525T052809_038040_047D59_743B,,Sentinel-1A,4458827523,385070b5cac077b0bf27f5bc412a8c3c,444,SENTINEL_1A_FRAME,38040,VV+VH,2021-05-25T05:27:42Z,C-SAR,S1A_IWDV_0443_0450_038040_168,003.31,S1A_IW_SLC__1SDV_20210525T052742_20210525T052809_038040_047D59_743B.zip,IW,['s3://asf-ngap2w-p-s1-slc-7b420b89/S1A_IW_SLC__1SDV_20210525T052742_20210525T052809_038040_047D59_743B.zip'],1602,59.0,"{'coordinates': [[[11.449898, 43.428898], [11.89404, 45.046696], [8.64378, 45.445938], [8.291026, 43.828045], [11.449898, 43.428898]]], 'type': 'Polygon'}"
44.2839,10.0331,2021-05-31T05:27:30Z,S1B_IW_SLC__1SDV_20210531T052703_20210531T052730_027144_033E10_A0C2-SLC,DESCENDING,168,SLC,https://datapool.asf.alaska.edu/SLC/SB/S1B_IW_SLC__1SDV_20210531T052703_20210531T052730_027144_033E10_A0C2.zip,2021-05-31 05:27:03+00:00,S1B_IW_SLC__1SDV_20210531T052703_20210531T052730_027144_033E10_A0C2,,Sentinel-1B,4269438155,6157376a8c3dfc7cd7e80694bc776f75,445,SENTINEL_1B_FRAME,27144,VV+VH,2021-05-31T05:27:03Z,C-SAR,S1B_IWDV_0445_0450_027144_168,003.31,S1B_IW_SLC__1SDV_20210531T052703_20210531T052730_027144_033E10_A0C2.zip,IW,['s3://asf-ngap2w-p-s1-slc-7b420b89/S1B_IW_SLC__1SDV_20210531T052703_20210531T052730_027144_033E10_A0C2.zip'],1608,-20.0,"{'coordinates': [[[11.397112, 43.265293], [11.839451, 44.882851], [8.615059, 45.280064], [8.262872, 43.66246], [11.397112, 43.265293]]], 'type': 'Polygon'}"
44.4485,10.0754,2021-06-06T05:28:10Z,S1A_IW_SLC__1SDV_20210606T052743_20210606T052810_038215_04828D_F1C8-SLC,DESCENDING,168,SLC,https://datapool.asf.alaska.edu/SLC/SA/S1A_IW_SLC__1SDV_20210606T052743_20210606T052810_038215_04828D_F1C8.zip,2021-06-06 05:27:43+00:00,S1A_IW_SLC__1SDV_20210606T052743_20210606T052810_038215_04828D_F1C8,,Sentinel-1A,4357627100,d91bf8f3f482c19c5fe2cf329360a412,444,SENTINEL_1A_FRAME,38215,VV+VH,2021-06-06T05:27:43Z,C-SAR,S1A_IWDV_0443_0450_038215_168,003.31,S1A_IW_SLC__1SDV_20210606T052743_20210606T052810_038215_04828D_F1C8.zip,IW,['s3://asf-ngap2w-p-s1-slc-7b420b89/S1A_IW_SLC__1SDV_20210606T052743_20210606T052810_038215_04828D_F1C8.zip'],1614,-13.0,"{'coordinates': [[[11.450996, 43.428604], [11.895188, 45.046394], [8.644908, 45.445694], [8.292105, 43.827808], [11.450996, 43.428604]]], 'type': 'Polygon'}"
44.2838,10.0321,2021-06-12T05:27:31Z,S1B_IW_SLC__1SDV_20210612T052704_20210612T052731_027319_034352_B4EB-SLC,DESCENDING,168,SLC,https://datapool.asf.alaska.edu/SLC/SB/S1B_IW_SLC__1SDV_20210612T052704_20210612T052731_027319_034352_B4EB.zip,2021-06-12 05:27:04+00:00,S1B_IW_SLC__1SDV_20210612T052704_20210612T052731_027319_034352_B4EB,,Sentinel-1B,4235281769,e7a900cfc468f4899e6ad12c1d68c1e0,445,SENTINEL_1B_FRAME,27319,VV+VH,2021-06-12T05:27:04Z,C-SAR,S1B_IWDV_0444_0450_027319_168,003.31,S1B_IW_SLC__1SDV_20210612T052704_20210612T052731_027319_034352_B4EB.zip,IW,['s3://asf-ngap2w-p-s1-slc-7b420b89/S1B_IW_SLC__1SDV_20210612T052704_20210612T052731_027319_034352_B4EB.zip'],1620,44.0,"{'coordinates': [[[11.396102, 43.265213], [11.838419, 44.882771], [8.614052, 45.279953], [8.261889, 43.662346], [11.396102, 43.265213]]], 'type': 'Polygon'}"
44.4487,10.0753,2021-06-18T05:28:11Z,S1A_IW_SLC__1SDV_20210618T052744_20210618T052811_038390_0487C0_C64E-SLC,DESCENDING,168,SLC,https://datapool.asf.alaska.edu/SLC/SA/S1A_IW_SLC__1SDV_20210618T052744_20210618T052811_038390_0487C0_C64E.zip,2021-06-18 05:27:44+00:00,S1A_IW_SLC__1SDV_20210618T052744_20210618T052811_038390_0487C0_C64E,,Sentinel-1A,4394844518,5902429f2bb5d35155984d1e69022640,444,SENTINEL_1A_FRAME,38390,VV+VH,2021-06-18T05:27:44Z,C-SAR,S1A_IWDV_0443_0450_038390_168,003.31,S1A_IW_SLC__1SDV_20210618T052744_20210618T052811_038390_0487C0_C64E.zip,IW,['s3://asf-ngap2w-p-s1-slc-7b420b89/S1A_IW_SLC__1SDV_20210618T052744_20210618T052811_038390_0487C0_C64E.zip'],1626,-31.0,"{'coordinates': [[[11.45078, 43.428913], [11.894963, 45.046585], [8.644819, 45.445881], [8.29202, 43.82811], [11.45078, 43.428913]]], 'type': 'Polygon'}"
44.2835,10.0323,2021-06-24T05:27:32Z,S1B_IW_SLC__1SDV_20210624T052705_20210624T052732_027494_034848_474E-SLC,DESCENDING,168,SLC,https://datapool.asf.alaska.edu/SLC/SB/S1B_IW_SLC__1SDV_20210624T052705_20210624T052732_027494_034848_474E.zip,2021-06-24 05:27:05+00:00,S1B_IW_SLC__1SDV_20210624T052705_20210624T052732_027494_034848_474E,,Sentinel-1B,4241823913,b9ad900acccc40fafe853bf8fb425a9d,445,SENTINEL_1B_FRAME,27494,VV+VH,2021-06-24T05:27:05Z,C-SAR,S1B_IWDV_0444_0450_027494_168,003.31,S1B_IW_SLC__1SDV_20210624T052705_20210624T052732_027494_034848_474E.zip,IW,['s3://asf-ngap2w-p-s1-slc-7b420b89/S1B_IW_SLC__1SDV_20210624T052705_20210624T052732_027494_034848_474E.zip'],1632,33.0,"{'coordinates': [[[11.396295, 43.264866], [11.838639, 44.882679], [8.614159, 45.279846], [8.26198, 43.661987], [11.396295, 43.264866]]], 'type': 'Polygon'}"
44.4489,10.0757,2021-06-30T05:28:11Z,S1A_IW_SLC__1SDV_20210630T052744_20210630T052811_038565_048CFD_FB70-SLC,DESCENDING,168,SLC,https://datapool.asf.alaska.edu/SLC/SA/S1A_IW_SLC__1SDV_20210630T052744_20210630T052811_038565_048CFD_FB70.zip,2021-06-30 05:27:44+00:00,S1A_IW_SLC__1SDV_20210630T052744_20210630T052811_038565_048CFD_FB70,,Sentinel-1A,4392387829,32fcff4a6e2beef033382f3ea57bc71e,444,SENTINEL_1A_FRAME,38565,VV+VH,2021-06-30T05:27:44Z,C-SAR,S1A_IWDV_0444_0449_038565_168,003.31,S1A_IW_SLC__1SDV_20210630T052744_20210630T052811_038565_048CFD_FB70.zip,IW,['s3://asf-ngap2w-p-s1-slc-7b420b89/S1A_IW_SLC__1SDV_20210630T052744_20210630T052811_038565_048CFD_FB70.zip'],1638,-38.0,"{'coordinates': [[[11.451213, 43.429035], [11.895406, 45.046829], [8.645245, 45.44611], [8.292439, 43.82822], [11.451213, 43.429035]]], 'type': 'Polygon'}"
44.2835,10.0329,2021-07-06T05:27:32Z,S1B_IW_SLC__1SDV_20210706T052705_20210706T052732_027669_034D60_B1C7-SLC,DESCENDING,168,SLC,https://datapool.asf.alaska.edu/SLC/SB/S1B_IW_SLC__1SDV_20210706T052705_20210706T052732_027669_034D60_B1C7.zip,2021-07-06 05:27:05+00:00,S1B_IW_SLC__1SDV_20210706T052705_20210706T052732_027669_034D60_B1C7,,Sentinel-1B,4238374559,b1d10c525501f32e7a8b31e1e01db295,445,SENTINEL_1B_FRAME,27669,VV+VH,2021-07-06T05:27:05Z,C-SAR,S1B_IWDV_0444_0450_027669_168,003.31,S1B_IW_SLC__1SDV_20210706T052705_20210706T052732_027669_034D60_B1C7.zip,IW,['s3://asf-ngap2w-p-s1-slc-7b420b89/S1B_IW_SLC__1SDV_20210706T052705_20210706T052732_027669_034D60_B1C7.zip'],1644,-32.0,"{'coordinates': [[[11.396936, 43.264969], [11.839251, 44.882534], [8.614865, 45.27972], [8.262704, 43.662109], [11.396936, 43.264969]]], 'type': 'Polygon'}"
44.4489,10.0745,2021-07-12T05:28:12Z,S1A_IW_SLC__1SDV_20210712T052745_20210712T052812_038740_049246_9206-SLC,DESCENDING,168,SLC,https://datapool.asf.alaska.edu/SLC/SA/S1A_IW_SLC__1SDV_20210712T052745_20210712T052812_038740_049246_9206.zip,2021-07-12 05:27:45+00:00,S1A_IW_SLC__1SDV_20210712T052745_20210712T052812_038740_049246_9206,,Sentinel-1A,4411687272,3aac9ac8a38d277434de2725267cffda,444,SENTINEL_1A_FRAME,38740,VV+VH,2021-07-12T05:27:45Z,C-SAR,S1A_IWDV_0443_0450_038740_168,003.31,S1A_IW_SLC__1SDV_20210712T052745_20210712T052812_038740_049246_9206.zip,IW,['s3://asf-ngap2w-p-s1-slc-7b420b89/S1A_IW_SLC__1SDV_20210712T052745_20210712T052812_038740_049246_9206.zip'],1650,20.0,"{'coordinates': [[[11.449998, 43.429005], [11.894181, 45.046928], [8.644037, 45.446156], [8.291251, 43.828129], [11.449998, 43.429005]]], 'type': 'Polygon'}"
44.2834,10.0331,2021-07-18T05:27:33Z,S1B_IW_SLC__1SDV_20210718T052706_20210718T052733_027844_035293_52FD-SLC,DESCENDING,168,SLC,https://datapool.asf.alaska.edu/SLC/SB/S1B_IW_SLC__1SDV_20210718T052706_20210718T052733_027844_035293_52FD.zip,2021-07-18 05:27:06+00:00,S1B_IW_SLC__1SDV_20210718T052706_20210718T052733_027844_035293_52FD,,Sentinel-1B,4215187523,de212377d0fecfdb893d3e1cf7128c87,445,SENTINEL_1B_FRAME,27844,VV+VH,2021-07-18T05:27:06Z,C-SAR,S1B_IWDV_0444_0450_027844_168,003.31,S1B_IW_SLC__1SDV_20210718T052706_20210718T052733_027844_035293_52FD.zip,IW,['s3://asf-ngap2w-p-s1-slc-7b420b89/S1B_IW_SLC__1SDV_20210718T052706_20210718T052733_027844_035293_52FD.zip'],1656,-66.0,"{'coordinates': [[[11.396938, 43.264702], [11.839369, 44.882515], [8.6151, 45.279736], [8.262835, 43.661873], [11.396938, 43.264702]]], 'type': 'Polygon'}"
44.4483,10.0749,2021-07-24T05:28:13Z,S1A_IW_SLC__1SDV_20210724T052746_20210724T052813_038915_049781_33FF-SLC,DESCENDING,168,SLC,https://datapool.asf.alaska.edu/SLC/SA/S1A_IW_SLC__1SDV_20210724T052746_20210724T052813_038915_049781_33FF.zip,2021-07-24 05:27:46+00:00,S1A_IW_SLC__1SDV_20210724T052746_20210724T052813_038915_049781_33FF,,Sentinel-1A,4341221338,5d8ee1916b32e67fb17ed2b0ab713f8f,444,SENTINEL_1A_FRAME,38915,VV+VH,2021-07-24T05:27:46Z,C-SAR,S1A_IWDV_0443_0450_038915_168,003.31,S1A_IW_SLC__1SDV_20210724T052746_20210724T052813_038915_049781_33FF.zip,IW,['s3://asf-ngap2w-p-s1-slc-7b420b89/S1A_IW_SLC__1SDV_20210724T052746_20210724T052813_038915_049781_33FF.zip'],1662,-4.0,"{'coordinates': [[[11.450516, 43.428493], [11.894627, 45.046169], [8.644436, 45.445415], [8.291704, 43.827641], [11.450516, 43.428493]]], 'type': 'Polygon'}"
44.2835,10.0333,2021-07-30T05:27:34Z,S1B_IW_SLC__1SDV_20210730T052707_20210730T052734_028019_0357B2_11EE-SLC,DESCENDING,168,SLC,https://datapool.asf.alaska.edu/SLC/SB/S1B_IW_SLC__1SDV_20210730T052707_20210730T052734_028019_0357B2_11EE.zip,2021-07-30 05:27:07+00:00,S1B_IW_SLC__1SDV_20210730T052707_20210730T052734_028019_0357B2_11EE,,Sentinel-1B,4240621038,825a2cd94872a8b1388b006e3ff58461,445,SENTINEL_1B_FRAME,28019,VV+VH,2021-07-30T05:27:07Z,C-SAR,S1B_IWDV_0444_0450_028019_168,003.31,S1B_IW_SLC__1SDV_20210730T052707_20210730T052734_028019_0357B2_11EE.zip,IW,['s3://asf-ngap2w-p-s1-slc-7b420b89/S1B_IW_SLC__1SDV_20210730T052707_20210730T052734_028019_0357B2_11EE.zip'],1668,-38.0,"{'coordinates': [[[11.397301, 43.264904], [11.839666, 44.882584], [8.615271, 45.279797], [8.263062, 43.662067], [11.397301, 43.264904]]], 'type': 'Polygon'}"
44.4479,10.0746,2021-08-05T05:28:14Z,S1A_IW_SLC__1SDV_20210805T052747_20210805T052814_039090_049CCC_BF6A-SLC,DESCENDING,168,SLC,https://datapool.asf.alaska.edu/SLC/SA/S1A_IW_SLC__1SDV_20210805T052747_20210805T052814_039090_049CCC_BF6A.zip,2021-08-05 05:27:47+00:00,S1A_IW_SLC__1SDV_20210805T052747_20210805T052814_039090_049CCC_BF6A,,Sentinel-1A,4381832071,786cf0195aedad2394ef29daeccf0d10,444,SENTINEL_1A_FRAME,39090,VV+VH,2021-08-05T05:27:47Z,C-SAR,S1A_IWDV_0443_0450_039090_168,003.31,S1A_IW_SLC__1SDV_20210805T052747_20210805T052814_039090_049CCC_BF6A.zip,IW,['s3://asf-ngap2w-p-s1-slc-7b420b89/S1A_IW_SLC__1SDV_20210805T052747_20210805T052814_039090_049CCC_BF6A.zip'],1674,25.0,"{'coordinates': [[[11.450145, 43.428097], [11.894265, 45.045773], [8.644066, 45.445034], [8.291324, 43.827263], [11.450145, 43.428097]]], 'type': 'Polygon'}"
44.2834,10.0305,2021-08-11T05:27:35Z,S1B_IW_SLC__1SDV_20210811T052708_20210811T052735_028194_035D14_25ED-SLC,DESCENDING,168,SLC,https://datapool.asf.alaska.edu/SLC/SB/S1B_IW_SLC__1SDV_20210811T052708_20210811T052735_028194_035D14_25ED.zip,2021-08-11 05:27:08+00:00,S1B_IW_SLC__1SDV_20210811T052708_20210811T052735_028194_035D14_25ED,,Sentinel-1B,4200491593,b85223c369b6436bd96706ae4937550e,445,SENTINEL_1B_FRAME,28194,VV+VH,2021-08-11T05:27:08Z,C-SAR,S1B_IWDV_0444_0450_028194_168,003.31,S1B_IW_SLC__1SDV_20210811T052708_20210811T052735_028194_035D14_25ED.zip,IW,['s3://asf-ngap2w-p-s1-slc-7b420b89/S1B_IW_SLC__1SDV_20210811T052708_20210811T052735_028194_035D14_25ED.zip'],1680,-42.0,"{'coordinates': [[[11.392231, 43.265179], [11.834443, 44.882874], [8.614864, 45.2794], [8.262676, 43.661663], [11.392231, 43.265179]]], 'type': 'Polygon'}"
44.4479,10.075,2021-08-17T05:28:14Z,S1A_IW_SLC__1SDV_20210817T052747_20210817T052814_039265_04A2DC_402E-SLC,DESCENDING,168,SLC,https://datapool.asf.alaska.edu/SLC/SA/S1A_IW_SLC__1SDV_20210817T052747_20210817T052814_039265_04A2DC_402E.zip,2021-08-17 05:27:47+00:00,S1A_IW_SLC__1SDV_20210817T052747_20210817T052814_039265_04A2DC_402E,,Sentinel-1A,4331482525,9e7089ce3c78f8f975c6a64a589ebc1e,444,SENTINEL_1A_FRAME,39265,VV+VH,2021-08-17T05:27:47Z,C-SAR,S1A_IWDV_0443_0450_039265_168,003.31,S1A_IW_SLC__1SDV_20210817T052747_20210817T052814_039265_04A2DC_402E.zip,IW,['s3://asf-ngap2w-p-s1-slc-7b420b89/S1A_IW_SLC__1SDV_20210817T052747_20210817T052814_039265_04A2DC_402E.zip'],1686,-10.0,"{'coordinates': [[[11.450567, 43.427937], [11.894781, 45.045853], [8.644587, 45.445137], [8.291765, 43.827122], [11.450567, 43.427937]]], 'type': 'Polygon'}"
44.2832,10.032,2021-08-23T05:27:35Z,S1B_IW_SLC__1SDV_20210823T052708_20210823T052735_028369_03628D_BA55-SLC,DESCENDING,168,SLC,https://datapool.asf.alaska.edu/SLC/SB/S1B_IW_SLC__1SDV_20210823T052708_20210823T052735_028369_03628D_BA55.zip,2021-08-23 05:27:08+00:00,S1B_IW_SLC__1SDV_20210823T052708_20210823T052735_028369_03628D_BA55,,Sentinel-1B,4254249116,1d64d7603d38f7e34ac83ff479a52edc,445,SENTINEL_1B_FRAME,28369,VV+VH,2021-08-23T05:27:08Z,C-SAR,S1B_IWDV_0444_0450_028369_168,003.31,S1B_IW_SLC__1SDV_20210823T052708_20210823T052735_028369_03628D_BA55.zip,IW,['s3://asf-ngap2w-p-s1-slc-7b420b89/S1B_IW_SLC__1SDV_20210823T052708_20210823T052735_028369_03628D_BA55.zip'],1692,46.0,"{'coordinates': [[[11.396137, 43.264824], [11.838322, 44.882015], [8.613861, 45.279194], [8.261808, 43.661953], [11.396137, 43.264824]]], 'type': 'Polygon'}"
44.4478,10.0756,2021-08-29T05:28:15Z,S1A_IW_SLC__1SDV_20210829T052748_20210829T052815_039440_04A8CE_F96B-SLC,DESCENDING,168,SLC,https://datapool.asf.alaska.edu/SLC/SA/S1A_IW_SLC__1SDV_20210829T052748_20210829T052815_039440_04A8CE_F96B.zip,2021-08-29 05:27:48+00:00,S1A_IW_SLC__1SDV_20210829T052748_20210829T052815_039440_04A8CE_F96B,,Sentinel-1A,4341570756,51cf2cc71b966b10e4a67a491c2e2873,444,SENTINEL_1A_FRAME,39440,VV+VH,2021-08-29T05:27:48Z,C-SAR,S1A_IWDV_0443_0450_039440_168,003.31,S1A_IW_SLC__1SDV_20210829T052748_20210829T052815_039440_04A8CE_F96B.zip,IW,['s3://asf-ngap2w-p-s1-slc-7b420b89/S1A_IW_SLC__1SDV_20210829T052748_20210829T052815_039440_04A8CE_F96B.zip'],1698,-52.0,"{'coordinates': [[[11.45108, 43.427929], [11.895303, 45.045719], [8.645131, 45.445042], [8.292295, 43.827152], [11.45108, 43.427929]]], 'type': 'Polygon'}"
44.2832,10.0331,2021-09-04T05:27:36Z,S1B_IW_SLC__1SDV_20210904T052709_20210904T052736_028544_036806_5330-SLC,DESCENDING,168,SLC,https://datapool.asf.alaska.edu/SLC/SB/S1B_IW_SLC__1SDV_20210904T052709_20210904T052736_028544_036806_5330.zip,2021-09-04 05:27:09+00:00,S1B_IW_SLC__1SDV_20210904T052709_20210904T052736_028544_036806_5330,,Sentinel-1B,4220457652,406dc8901bc0c605914062391cccb669,445,SENTINEL_1B_FRAME,28544,VV+VH,2021-09-04T05:27:09Z,C-SAR,S1B_IWDV_0444_0450_028544_168,003.31,S1B_IW_SLC__1SDV_20210904T052709_20210904T052736_028544_036806_5330.zip,IW,['s3://asf-ngap2w-p-s1-slc-7b420b89/S1B_IW_SLC__1SDV_20210904T052709_20210904T052736_028544_036806_5330.zip'],1704,-30.0,"{'coordinates': [[[11.397162, 43.264729], [11.839482, 44.88216], [8.615023, 45.2794], [8.262851, 43.661919], [11.397162, 43.264729]]], 'type': 'Polygon'}"
44.4481,10.0751,2021-09-10T05:28:15Z,S1A_IW_SLC__1SDV_20210910T052748_20210910T052815_039615_04AEE1_8C96-SLC,DESCENDING,168,SLC,https://datapool.asf.alaska.edu/SLC/SA/S1A_IW_SLC__1SDV_20210910T052748_20210910T052815_039615_04AEE1_8C96.zip,2021-09-10 05:27:48+00:00,S1A_IW_SLC__1SDV_20210910T052748_20210910T052815_039615_04AEE1_8C96,,Sentinel-1A,4325538293,d2686e612c1c1b344fd79bebad15c52a,444,SENTINEL_1A_FRAME,39615,VV+VH,2021-09-10T05:27:48Z,C-SAR,S1A_IWDV_0443_0450_039615_168,003.31,S1A_IW_SLC__1SDV_20210910T052748_20210910T052815_039615_04AEE1_8C96.zip,IW,['s3://asf-ngap2w-p-s1-slc-7b420b89/S1A_IW_SLC__1SDV_20210910T052748_20210910T052815_039615_04AEE1_8C96.zip'],1710,6.0,"{'coordinates': [[[11.450727, 43.428219], [11.894889, 45.046009], [8.644588, 45.44529], [8.291814, 43.8274], [11.450727, 43.428219]]], 'type': 'Polygon'}"
44.2831,10.0338,2021-09-16T05:27:36Z,S1B_IW_SLC__1SDV_20210916T052709_20210916T052736_028719_036D65_946D-SLC,DESCENDING,168,SLC,https://datapool.asf.alaska.edu/SLC/SB/S1B_IW_SLC__1SDV_20210916T052709_20210916T052736_028719_036D65_946D.zip,2021-09-16 05:27:09+00:00,S1B_IW_SLC__1SDV_20210916T052709_20210916T052736_028719_036D65_946D,,Sentinel-1B,4284792314,febf8d80f06cbbca76050c126c162b6e,445,SENTINEL_1B_FRAME,28719,VV+VH,2021-09-16T05:27:09Z,C-SAR,S1B_IWDV_0445_0450_028719_168,003.31,S1B_IW_SLC__1SDV_20210916T052709_20210916T052736_028719_036D65_946D.zip,IW,['s3://asf-ngap2w-p-s1-slc-7b420b89/S1B_IW_SLC__1SDV_20210916T052709_20210916T052736_028719_036D65_946D.zip'],1716,-47.0,"{'coordinates': [[[11.397839, 43.26453], [11.840179, 44.881954], [8.615582, 45.27924], [8.263391, 43.661766], [11.397839, 43.26453]]], 'type': 'Polygon'}"
44.4484,10.0756,2021-09-22T05:28:16Z,S1A_IW_SLC__1SDV_20210922T052749_20210922T052816_039790_04B4CC_9EFE-SLC,DESCENDING,168,SLC,https://datapool.asf.alaska.edu/SLC/SA/S1A_IW_SLC__1SDV_20210922T052749_20210922T052816_039790_04B4CC_9EFE.zip,2021-09-22 05:27:49+00:00,S1A_IW_SLC__1SDV_20210922T052749_20210922T052816_039790_04B4CC_9EFE,,Sentinel-1A,4354258951,392baa032f7853715621cc13f18f5c68,444,SENTINEL_1A_FRAME,39790,VV+VH,2021-09-22T05:27:49Z,C-SAR,S1A_IWDV_0443_0450_039790_168,003.31,S1A_IW_SLC__1SDV_20210922T052749_20210922T052816_039790_04B4CC_9EFE.zip,IW,['s3://asf-ngap2w-p-s1-slc-7b420b89/S1A_IW_SLC__1SDV_20210922T052749_20210922T052816_039790_04B4CC_9EFE.zip'],1722,-7.0,"{'coordinates': [[[11.451302, 43.428574], [11.895446, 45.046234], [8.645047, 45.44553], [8.292292, 43.82777], [11.451302, 43.428574]]], 'type': 'Polygon'}"
44.2833,10.0337,2021-09-28T05:27:37Z,S1B_IW_SLC__1SDV_20210928T052710_20210928T052737_028894_0372C3_C44A-SLC,DESCENDING,168,SLC,https://datapool.asf.alaska.edu/SLC/SB/S1B_IW_SLC__1SDV_20210928T052710_20210928T052737_028894_0372C3_C44A.zip,2021-09-28 05:27:10+00:00,S1B_IW_SLC__1SDV_20210928T052710_20210928T052737_028894_0372C3_C44A,,Sentinel-1B,4252397279,4790850796fd02980f91f8bc18c9fc8b,445,SENTINEL_1B_FRAME,28894,VV+VH,2021-09-28T05:27:10Z,C-SAR,S1B_IWDV_0444_0450_028894_168,003.31,S1B_IW_SLC__1SDV_20210928T052710_20210928T052737_028894_0372C3_C44A.zip,IW,['s3://asf-ngap2w-p-s1-slc-7b420b89/S1B_IW_SLC__1SDV_20210928T052710_20210928T052737_028894_0372C3_C44A.zip'],1728,-16.0,"{'coordinates': [[[11.397818, 43.264858], [11.840113, 44.882027], [8.615417, 45.279335], [8.263267, 43.662113], [11.397818, 43.264858]]], 'type': 'Polygon'}"
44.4482,10.0754,2021-10-04T05:28:16Z,S1A_IW_SLC__1SDV_20211004T052749_20211004T052816_039965_04BAE4_3486-SLC,DESCENDING,168,SLC,https://datapool.asf.alaska.edu/SLC/SA/S1A_IW_SLC__1SDV_20211004T052749_20211004T052816_039965_04BAE4_3486.zip,2021-10-04 05:27:49+00:00,S1A_IW_SLC__1SDV_20211004T052749_20211004T052816_039965_04BAE4_3486,,Sentinel-1A,4463813536,58a8ba6d81ae62a4ef022f3b3067ce07,444,SENTINEL_1A_FRAME,39965,VV+VH,2021-10-04T05:27:49Z,C-SAR,S1A_IWDV_0444_0449_039965_168,003.31,S1A_IW_SLC__1SDV_20211004T052749_20211004T052816_039965_04BAE4_3486.zip,IW,['s3://asf-ngap2w-p-s1-slc-7b420b89/S1A_IW_SLC__1SDV_20211004T052749_20211004T052816_039965_04BAE4_3486.zip'],1734,26.0,"{'coordinates': [[[11.451138, 43.428349], [11.895306, 45.046001], [8.644814, 45.445324], [8.292042, 43.827572], [11.451138, 43.428349]]], 'type': 'Polygon'}"
44.2829,10.0335,2021-10-10T05:27:37Z,S1B_IW_SLC__1SDV_20211010T052710_20211010T052737_029069_037802_2AE0-SLC,DESCENDING,168,SLC,https://datapool.asf.alaska.edu/SLC/SB/S1B_IW_SLC__1SDV_20211010T052710_20211010T052737_029069_037802_2AE0.zip,2021-10-10 05:27:10+00:00,S1B_IW_SLC__1SDV_20211010T052710_20211010T052737_029069_037802_2AE0,,Sentinel-1B,4256223500,32d30072cd107dbc07a4c5703793b539,445,SENTINEL_1B_FRAME,29069,VV+VH,2021-10-10T05:27:10Z,C-SAR,S1B_IWDV_0444_0450_029069_168,003.31,S1B_IW_SLC__1SDV_20211010T052710_20211010T052737_029069_037802_2AE0.zip,IW,['s3://asf-ngap2w-p-s1-slc-7b420b89/S1B_IW_SLC__1SDV_20211010T052710_20211010T052737_029069_037802_2AE0.zip'],1740,-2.0,"{'coordinates': [[[11.397673, 43.264431], [11.839984, 44.881725], [8.615204, 45.279022], [8.263046, 43.661678], [11.397673, 43.264431]]], 'type': 'Polygon'}"
44.4479,10.0759,2021-10-16T05:28:16Z,S1A_IW_SLC__1SDV_20211016T052749_20211016T052816_040140_04C0F0_6664-SLC,DESCENDING,168,SLC,https://datapool.asf.alaska.edu/SLC/SA/S1A_IW_SLC__1SDV_20211016T052749_20211016T052816_040140_04C0F0_6664.zip,2021-10-16 05:27:49+00:00,S1A_IW_SLC__1SDV_20211016T052749_20211016T052816_040140_04C0F0_6664,,Sentinel-1A,4313596621,ea75c29774dd8485ac2146a0ba24b3f6,444,SENTINEL_1A_FRAME,40140,VV+VH,2021-10-16T05:27:49Z,C-SAR,S1A_IWDV_0443_0450_040140_168,003.31,S1A_IW_SLC__1SDV_20211016T052749_20211016T052816_040140_04C0F0_6664.zip,IW,['s3://asf-ngap2w-p-s1-slc-7b420b89/S1A_IW_SLC__1SDV_20211016T052749_20211016T052816_040140_04C0F0_6664.zip'],1746,-5.0,"{'coordinates': [[[11.451571, 43.428005], [11.895816, 45.045776], [8.645314, 45.445141], [8.292473, 43.827271], [11.451571, 43.428005]]], 'type': 'Polygon'}"
44.2828,10.0323,2021-10-22T05:27:37Z,S1B_IW_SLC__1SDV_20211022T052710_20211022T052737_029244_037D72_4B24-SLC,DESCENDING,168,SLC,https://datapool.asf.alaska.edu/SLC/SB/S1B_IW_SLC__1SDV_20211022T052710_20211022T052737_029244_037D72_4B24.zip,2021-10-22 05:27:10+00:00,S1B_IW_SLC__1SDV_20211022T052710_20211022T052737_029244_037D72_4B24,,Sentinel-1B,4264065466,c084305848e33f809b40c9bdb555f4ff,445,SENTINEL_1B_FRAME,29244,VV+VH,2021-10-22T05:27:10Z,C-SAR,S1B_IWDV_0444_0450_029244_168,003.31,S1B_IW_SLC__1SDV_20211022T052710_20211022T052737_029244_037D72_4B24.zip,IW,['s3://asf-ngap2w-p-s1-slc-7b420b89/S1B_IW_SLC__1SDV_20211022T052710_20211022T052737_029244_037D72_4B24.zip'],1752,94.0,"{'coordinates': [[[11.396469, 43.264175], [11.838852, 44.88184], [8.614045, 45.279099], [8.261842, 43.661385], [11.396469, 43.264175]]], 'type': 'Polygon'}"
44.4476,10.0758,2021-10-28T05:28:16Z,S1A_IW_SLC__1SDV_20211028T052749_20211028T052816_040315_04C704_E04E-SLC,DESCENDING,168,SLC,https://datapool.asf.alaska.edu/SLC/SA/S1A_IW_SLC__1SDV_20211028T052749_20211028T052816_040315_04C704_E04E.zip,2021-10-28 05:27:49+00:00,S1A_IW_SLC__1SDV_20211028T052749_20211028T052816_040315_04C704_E04E,,Sentinel-1A,4316587412,cba4609e97b2a64916a9ff140f3a8e45,444,SENTINEL_1A_FRAME,40315,VV+VH,2021-10-28T05:27:49Z,C-SAR,S1A_IWDV_0444_0449_040315_168,003.31,S1A_IW_SLC__1SDV_20211028T052749_20211028T052816_040315_04C704_E04E.zip,IW,['s3://asf-ngap2w-p-s1-slc-7b420b89/S1A_IW_SLC__1SDV_20211028T052749_20211028T052816_040315_04C704_E04E.zip'],1758,0.0,"{'coordinates': [[[11.451507, 43.427727], [11.895736, 45.045368], [8.645232, 45.444752], [8.292402, 43.827003], [11.451507, 43.427727]]], 'type': 'Polygon'}"
44.2833,10.0332,2021-11-03T05:27:37Z,S1B_IW_SLC__1SDV_20211103T052710_20211103T052737_029419_0382D5_1A28-SLC,DESCENDING,168,SLC,https://datapool.asf.alaska.edu/SLC/SB/S1B_IW_SLC__1SDV_20211103T052710_20211103T052737_029419_0382D5_1A28.zip,2021-11-03 05:27:10+00:00,S1B_IW_SLC__1SDV_20211103T052710_20211103T052737_029419_0382D5_1A28,,Sentinel-1B,4387797035,64337f8ce93647203f9170152440b388,445,SENTINEL_1B_FRAME,29419,VV+VH,2021-11-03T05:27:10Z,C-SAR,S1B_IWDV_0445_0450_029419_168,003.31,S1B_IW_SLC__1SDV_20211103T052710_20211103T052737_029419_0382D5_1A28.zip,IW,['s3://asf-ngap2w-p-s1-slc-7b420b89/S1B_IW_SLC__1SDV_20211103T052710_20211103T052737_029419_0382D5_1A28.zip'],1764,42.0,"{'coordinates': [[[11.397418, 43.264687], [11.839809, 44.882347], [8.614955, 45.279602], [8.262749, 43.661892], [11.397418, 43.264687]]], 'type': 'Polygon'}"
44.4476,10.0759,2021-11-09T05:28:16Z,S1A_IW_SLC__1SDV_20211109T052749_20211109T052816_040490_04CD29_8A6F-SLC,DESCENDING,168,SLC,https://datapool.asf.alaska.edu/SLC/SA/S1A_IW_SLC__1SDV_20211109T052749_20211109T052816_040490_04CD29_8A6F.zip,2021-11-09 05:27:49+00:00,S1A_IW_SLC__1SDV_20211109T052749_20211109T052816_040490_04CD29_8A6F,,Sentinel-1A,4466366309,ad6cd63d4a5f8c2e295cdfed9309a94e,444,SENTINEL_1A_FRAME,40490,VV+VH,2021-11-09T05:27:49Z,C-SAR,S1A_IWDV_0443_0450_040490_168,003.40,S1A_IW_SLC__1SDV_20211109T052749_20211109T052816_040490_04CD29_8A6F.zip,IW,['s3://asf-ngap2w-p-s1-slc-7b420b89/S1A_IW_SLC__1SDV_20211109T052749_20211109T052816_040490_04CD29_8A6F.zip'],1770,-8.0,"{'coordinates': [[[11.451612, 43.4277], [11.895873, 45.045467], [8.645358, 45.444847], [8.292503, 43.826981], [11.451612, 43.4277]]], 'type': 'Polygon'}"
44.2835,10.0336,2021-11-15T05:27:37Z,S1B_IW_SLC__1SDV_20211115T052710_20211115T052737_029594_038826_0B82-SLC,DESCENDING,168,SLC,https://datapool.asf.alaska.edu/SLC/SB/S1B_IW_SLC__1SDV_20211115T052710_20211115T052737_029594_038826_0B82.zip,2021-11-15 05:27:10+00:00,S1B_IW_SLC__1SDV_20211115T052710_20211115T052737_029594_038826_0B82,,Sentinel-1B,4414673588,36553b0fe0ff52478ae328c530de28cb,445,SENTINEL_1B_FRAME,29594,VV+VH,2021-11-15T05:27:10Z,C-SAR,S1B_IWDV_0444_0450_029594_168,003.40,S1B_IW_SLC__1SDV_20211115T052710_20211115T052737_029594_038826_0B82.zip,IW,['s3://asf-ngap2w-p-s1-slc-7b420b89/S1B_IW_SLC__1SDV_20211115T052710_20211115T052737_029594_038826_0B82.zip'],1776,27.0,"{'coordinates': [[[11.397792, 43.264801], [11.840238, 44.88245], [8.615341, 45.279766], [8.263083, 43.66206], [11.397792, 43.264801]]], 'type': 'Polygon'}"
44.4477,10.0744,2021-11-21T05:28:16Z,S1A_IW_SLC__1SDV_20211121T052749_20211121T052816_040665_04D32B_16C9-SLC,DESCENDING,168,SLC,https://datapool.asf.alaska.edu/SLC/SA/S1A_IW_SLC__1SDV_20211121T052749_20211121T052816_040665_04D32B_16C9.zip,2021-11-21 05:27:49+00:00,S1A_IW_SLC__1SDV_20211121T052749_20211121T052816_040665_04D32B_16C9,,Sentinel-1A,4438809711,76d06c55974c2493b7d415cf81515081,444,SENTINEL_1A_FRAME,40665,VV+VH,2021-11-21T05:27:49Z,C-SAR,S1A_IWDV_0443_0450_040665_168,003.40,S1A_IW_SLC__1SDV_20211121T052749_20211121T052816_040665_04D32B_16C9.zip,IW,['s3://asf-ngap2w-p-s1-slc-7b420b89/S1A_IW_SLC__1SDV_20211121T052749_20211121T052816_040665_04D32B_16C9.zip'],1782,117.0,"{'coordinates': [[[11.450134, 43.427883], [11.894303, 45.045528], [8.643718, 45.444843], [8.290956, 43.827095], [11.450134, 43.427883]]], 'type': 'Polygon'}"
44.9127,10.211,2021-11-27T05:27:26Z,S1B_IW_SLC__1SDV_20211127T052658_20211127T052726_029769_038D9E_E246-SLC,DESCENDING,168,SLC,https://datapool.asf.alaska.edu/SLC/SB/S1B_IW_SLC__1SDV_20211127T052658_20211127T052726_029769_038D9E_E246.zip,2021-11-27 05:26:58+00:00,S1B_IW_SLC__1SDV_20211127T052658_20211127T052726_029769_038D9E_E246,,Sentinel-1B,4818317832,6f0e18b7c419d29514c771391982d62e,442,SENTINEL_1B_FRAME,29769,VV+VH,2021-11-27T05:26:58Z,C-SAR,S1B_IWDV_0442_0448_029769_168,003.40,S1B_IW_SLC__1SDV_20211127T052658_20211127T052726_029769_038D9E_E246.zip,IW,['s3://asf-ngap2w-p-s1-slc-7b420b89/S1B_IW_SLC__1SDV_20211127T052658_20211127T052726_029769_038D9E_E246.zip'],1788,50.0,"{'coordinates': [[[11.566997, 43.867352], [12.031163, 45.541439], [8.798741, 45.935745], [8.430063, 44.261383], [11.566997, 43.867352]]], 'type': 'Polygon'}"
44.4474,10.0754,2021-12-03T05:28:15Z,S1A_IW_SLC__1SDV_20211203T052748_20211203T052815_040840_04D945_ACAF-SLC,DESCENDING,168,SLC,https://datapool.asf.alaska.edu/SLC/SA/S1A_IW_SLC__1SDV_20211203T052748_20211203T052815_040840_04D945_ACAF.zip,2021-12-03 05:27:48+00:00,S1A_IW_SLC__1SDV_20211203T052748_20211203T052815_040840_04D945_ACAF,,Sentinel-1A,4461893447,093da4c600a5827e48ad0d1b8f9dd937,444,SENTINEL_1A_FRAME,40840,VV+VH,2021-12-03T05:27:48Z,C-SAR,S1A_IWDV_0443_0450_040840_168,003.40,S1A_IW_SLC__1SDV_20211203T052748_20211203T052815_040840_04D945_ACAF.zip,IW,['s3://asf-ngap2w-p-s1-slc-7b420b89/S1A_IW_SLC__1SDV_20211203T052748_20211203T052815_040840_04D945_ACAF.zip'],1794,46.0,"{'coordinates': [[[11.451209, 43.427666], [11.895364, 45.045185], [8.644763, 45.444527], [8.292007, 43.826908], [11.451209, 43.427666]]], 'type': 'Polygon'}"
44.9129,10.2113,2021-12-09T05:27:26Z,S1B_IW_SLC__1SDV_20211209T052658_20211209T052726_029944_039327_E855-SLC,DESCENDING,168,SLC,https://datapool.asf.alaska.edu/SLC/SB/S1B_IW_SLC__1SDV_20211209T052658_20211209T052726_029944_039327_E855.zip,2021-12-09 05:26:58+00:00,S1B_IW_SLC__1SDV_20211209T052658_20211209T052726_029944_039327_E855,,Sentinel-1B,4744675441,5bce496650f71fca89e70b7d380571d1,442,SENTINEL_1B_FRAME,29944,VV+VH,2021-12-09T05:26:58Z,C-SAR,S1B_IWDV_0442_0448_029944_168,003.40,S1B_IW_SLC__1SDV_20211209T052658_20211209T052726_029944_039327_E855.zip,IW,['s3://asf-ngap2w-p-s1-slc-7b420b89/S1B_IW_SLC__1SDV_20211209T052658_20211209T052726_029944_039327_E855.zip'],1800,43.0,"{'coordinates': [[[11.567285, 43.867359], [12.031539, 45.541687], [8.799048, 45.936016], [8.4303, 44.26141], [11.567285, 43.867359]]], 'type': 'Polygon'}"
44.4476,10.0758,2021-12-15T05:28:15Z,S1A_IW_SLC__1SDV_20211215T052748_20211215T052815_041015_04DF48_0FF8-SLC,DESCENDING,168,SLC,https://datapool.asf.alaska.edu/SLC/SA/S1A_IW_SLC__1SDV_20211215T052748_20211215T052815_041015_04DF48_0FF8.zip,2021-12-15 05:27:48+00:00,S1A_IW_SLC__1SDV_20211215T052748_20211215T052815_041015_04DF48_0FF8,,Sentinel-1A,4335435491,f4c66d244eeeb9ad4a4bb1ec76384049,444,SENTINEL_1A_FRAME,41015,VV+VH,2021-12-15T05:27:48Z,C-SAR,S1A_IWDV_0444_0449_041015_168,003.40,S1A_IW_SLC__1SDV_20211215T052748_20211215T052815_041015_04DF48_0FF8.zip,IW,['s3://asf-ngap2w-p-s1-slc-7b420b89/S1A_IW_SLC__1SDV_20211215T052748_20211215T052815_041015_04DF48_0FF8.zip'],1806,33.0,"{'coordinates': [[[11.451558, 43.427769], [11.895772, 45.045406], [8.645112, 45.444782], [8.292306, 43.827042], [11.451558, 43.427769]]], 'type': 'Polygon'}"
44.9127,10.2107,2021-12-21T05:27:25Z,S1B_IW_SLC__1SDV_20211221T052657_20211221T052725_030119_0398B0_849F-SLC,DESCENDING,168,SLC,https://datapool.asf.alaska.edu/SLC/SB/S1B_IW_SLC__1SDV_20211221T052657_20211221T052725_030119_0398B0_849F.zip,2021-12-21 05:26:57+00:00,S1B_IW_SLC__1SDV_20211221T052657_20211221T052725_030119_0398B0_849F,,Sentinel-1B,4732492189,a571464b08c51aa3511598788546e6c0,442,SENTINEL_1B_FRAME,30119,VV+VH,2021-12-21T05:26:57Z,C-SAR,S1B_IWDV_0442_0448_030119_168,003.40,S1B_IW_SLC__1SDV_20211221T052657_20211221T052725_030119_0398B0_849F.zip,IW,['s3://asf-ngap2w-p-s1-slc-7b420b89/S1B_IW_SLC__1SDV_20211221T052657_20211221T052725_030119_0398B0_849F.zip'],1812,70.0,"{'coordinates': [[[11.566733, 43.867229], [12.03088, 45.541443], [8.798439, 45.935696], [8.429791, 44.261204], [11.566733, 43.867229]]], 'type': 'Polygon'}"
44.4479,10.077,2021-12-27T05:28:14Z,S1A_IW_SLC__1SDV_20211227T052747_20211227T052814_041190_04E503_4ED7-SLC,DESCENDING,168,SLC,https://datapool.asf.alaska.edu/SLC/SA/S1A_IW_SLC__1SDV_20211227T052747_20211227T052814_041190_04E503_4ED7.zip,2021-12-27 05:27:47+00:00,S1A_IW_SLC__1SDV_20211227T052747_20211227T052814_041190_04E503_4ED7,,Sentinel-1A,4462273665,c19e7a62c4fe8516c83667f879d83a9f,444,SENTINEL_1A_FRAME,41190,VV+VH,2021-12-27T05:27:47Z,C-SAR,S1A_IWDV_0443_0450_041190_168,003.40,S1A_IW_SLC__1SDV_20211227T052747_20211227T052814_041190_04E503_4ED7.zip,IW,['s3://asf-ngap2w-p-s1-slc-7b420b89/S1A_IW_SLC__1SDV_20211227T052747_20211227T052814_041190_04E503_4ED7.zip'],1818,-50.0,"{'coordinates': [[[11.452676, 43.42794], [11.896963, 45.045696], [8.646316, 45.44511], [8.293443, 43.827251], [11.452676, 43.42794]]], 'type': 'Polygon'}"
44.4487,10.0765,2022-01-08T05:28:13Z,S1A_IW_SLC__1SDV_20220108T052746_20220108T052813_041365_04EB00_C211-SLC,DESCENDING,168,SLC,https://datapool.asf.alaska.edu/SLC/SA/S1A_IW_SLC__1SDV_20220108T052746_20220108T052813_041365_04EB00_C211.zip,2022-01-08 05:27:46+00:00,S1A_IW_SLC__1SDV_20220108T052746_20220108T052813_041365_04EB00_C211,,Sentinel-1A,4325929081,755c28a853757fcf4e7f4810763742a6,444,SENTINEL_1A_FRAME,41365,VV+VH,2022-01-08T05:27:46Z,C-SAR,S1A_IWDV_0443_0450_041365_168,003.40,S1A_IW_SLC__1SDV_20220108T052746_20220108T052813_041365_04EB00_C211.zip,IW,['s3://asf-ngap2w-p-s1-slc-7b420b89/S1A_IW_SLC__1SDV_20220108T052746_20220108T052813_041365_04EB00_C211.zip'],1830,5.0,"{'coordinates': [[[11.45225, 43.42886], [11.896506, 45.04649], [8.645791, 45.4459], [8.292946, 43.828163], [11.45225, 43.42886]]], 'type': 'Polygon'}"
44.4488,10.076,2022-01-20T05:28:13Z,S1A_IW_SLC__1SDV_20220120T052746_20220120T052813_041540_04F0B2_0E27-SLC,DESCENDING,168,SLC,https://datapool.asf.alaska.edu/SLC/SA/S1A_IW_SLC__1SDV_20220120T052746_20220120T052813_041540_04F0B2_0E27.zip,2022-01-20 05:27:46+00:00,S1A_IW_SLC__1SDV_20220120T052746_20220120T052813_041540_04F0B2_0E27,,Sentinel-1A,4434223121,7f38c977bef7e0a70168725e5c49908a,444,SENTINEL_1A_FRAME,41540,VV+VH,2022-01-20T05:27:46Z,C-SAR,S1A_IWDV_0443_0450_041540_168,003.40,S1A_IW_SLC__1SDV_20220120T052746_20220120T052813_041540_04F0B2_0E27.zip,IW,['s3://asf-ngap2w-p-s1-slc-7b420b89/S1A_IW_SLC__1SDV_20220120T052746_20220120T052813_041540_04F0B2_0E27.zip'],1842,45.0,"{'coordinates': [[[11.45188, 43.428963], [11.896053, 45.046604], [8.64528, 45.445934], [8.292519, 43.828194], [11.45188, 43.428963]]], 'type': 'Polygon'}"
44.4485,10.0756,2022-02-01T05:28:12Z,S1A_IW_SLC__1SDV_20220201T052745_20220201T052812_041715_04F6B0_93F0-SLC,DESCENDING,168,SLC,https://datapool.asf.alaska.edu/SLC/SA/S1A_IW_SLC__1SDV_20220201T052745_20220201T052812_041715_04F6B0_93F0.zip,2022-02-01 05:27:45+00:00,S1A_IW_SLC__1SDV_20220201T052745_20220201T052812_041715_04F6B0_93F0,,Sentinel-1A,4391359606,c7840c3c660ba5f1646ef07611679020,444,SENTINEL_1A_FRAME,41715,VV+VH,2022-02-01T05:27:45Z,C-SAR,S1A_IWDV_0443_0450_041715_168,003.40,S1A_IW_SLC__1SDV_20220201T052745_20220201T052812_041715_04F6B0_93F0.zip,IW,['s3://asf-ngap2w-p-s1-slc-7b420b89/S1A_IW_SLC__1SDV_20220201T052745_20220201T052812_041715_04F6B0_93F0.zip'],1854,53.0,"{'coordinates': [[[11.451397, 43.428711], [11.895561, 45.046356], [8.64489, 45.445667], [8.292136, 43.827923], [11.451397, 43.428711]]], 'type': 'Polygon'}"
44.4485,10.0755,2022-02-13T05:28:12Z,S1A_IW_SLC__1SDV_20220213T052745_20220213T052812_041890_04FCC8_2C51-SLC,DESCENDING,168,SLC,https://datapool.asf.alaska.edu/SLC/SA/S1A_IW_SLC__1SDV_20220213T052745_20220213T052812_041890_04FCC8_2C51.zip,2022-02-13 05:27:45+00:00,S1A_IW_SLC__1SDV_20220213T052745_20220213T052812_041890_04FCC8_2C51,,Sentinel-1A,4282742236,f291eb7ce2c7d223d0807a77541cd2f2,444,SENTINEL_1A_FRAME,41890,VV+VH,2022-02-13T05:27:45Z,C-SAR,S1A_IWDV_0443_0450_041890_168,003.40,S1A_IW_SLC__1SDV_20220213T052745_20220213T052812_041890_04FCC8_2C51.zip,IW,['s3://asf-ngap2w-p-s1-slc-7b420b89/S1A_IW_SLC__1SDV_20220213T052745_20220213T052812_041890_04FCC8_2C51.zip'],1866,21.0,"{'coordinates': [[[11.451193, 43.428638], [11.895392, 45.046291], [8.644911, 45.445625], [8.292113, 43.827873], [11.451193, 43.428638]]], 'type': 'Polygon'}"
44.4482,10.0799,2022-02-25T05:28:12Z,S1A_IW_SLC__1SDV_20220225T052745_20220225T052812_042065_0502D5_ECDA-SLC,DESCENDING,168,SLC,https://datapool.asf.alaska.edu/SLC/SA/S1A_IW_SLC__1SDV_20220225T052745_20220225T052812_042065_0502D5_ECDA.zip,2022-02-25 05:27:45+00:00,S1A_IW_SLC__1SDV_20220225T052745_20220225T052812_042065_0502D5_ECDA,,Sentinel-1A,4328228398,245a8fde9d17f4cd6a6d1b3f2d26dd07,444,SENTINEL_1A_FRAME,42065,VV+VH,2022-02-25T05:27:45Z,C-SAR,S1A_IWDV_0443_0450_042065_168,003.40,S1A_IW_SLC__1SDV_20220225T052745_20220225T052812_042065_0502D5_ECDA.zip,IW,['s3://asf-ngap2w-p-s1-slc-7b420b89/S1A_IW_SLC__1SDV_20220225T052745_20220225T052812_042065_0502D5_ECDA.zip'],1878,-11.0,"{'coordinates': [[[11.459364, 43.427719], [11.903816, 45.045361], [8.64535, 45.445827], [8.292523, 43.828075], [11.459364, 43.427719]]], 'type': 'Polygon'}"
44.4479,10.0801,2022-03-09T05:28:12Z,S1A_IW_SLC__1SDV_20220309T052745_20220309T052812_042240_0508CF_DA73-SLC,DESCENDING,168,SLC,https://datapool.asf.alaska.edu/SLC/SA/S1A_IW_SLC__1SDV_20220309T052745_20220309T052812_042240_0508CF_DA73.zip,2022-03-09 05:27:45+00:00,S1A_IW_SLC__1SDV_20220309T052745_20220309T052812_042240_0508CF_DA73,,Sentinel-1A,4271758803,f0c6e817e2e686ac1a7d7551f8a84073,444,SENTINEL_1A_FRAME,42240,VV+VH,2022-03-09T05:27:45Z,C-SAR,S1A_IWDV_0443_0450_042240_168,003.40,S1A_IW_SLC__1SDV_20220309T052745_20220309T052812_042240_0508CF_DA73.zip,IW,['s3://asf-ngap2w-p-s1-slc-7b420b89/S1A_IW_SLC__1SDV_20220309T052745_20220309T052812_042240_0508CF_DA73.zip'],1890,-76.0,"{'coordinates': [[[11.459512, 43.427479], [11.903931, 45.045006], [8.645686, 45.445454], [8.292879, 43.827816], [11.459512, 43.427479]]], 'type': 'Polygon'}"
44.448,10.0785,2022-03-21T05:28:12Z,S1A_IW_SLC__1SDV_20220321T052745_20220321T052812_042415_050EB8_10DA-SLC,DESCENDING,168,SLC,https://datapool.asf.alaska.edu/SLC/SA/S1A_IW_SLC__1SDV_20220321T052745_20220321T052812_042415_050EB8_10DA.zip,2022-03-21 05:27:45+00:00,S1A_IW_SLC__1SDV_20220321T052745_20220321T052812_042415_050EB8_10DA,,Sentinel-1A,4306196760,762f3f6794db3a2658e9674e03e46e7c,444,SENTINEL_1A_FRAME,42415,VV+VH,2022-03-21T05:27:45Z,C-SAR,S1A_IWDV_0443_0450_042415_168,003.40,S1A_IW_SLC__1SDV_20220321T052745_20220321T052812_042415_050EB8_10DA.zip,IW,['s3://asf-ngap2w-p-s1-slc-7b420b89/S1A_IW_SLC__1SDV_20220321T052745_20220321T052812_042415_050EB8_10DA.zip'],1902,40.0,"{'coordinates': [[[11.457814, 43.42754], [11.902222, 45.0452], [8.643995, 45.445602], [8.291205, 43.827835], [11.457814, 43.42754]]], 'type': 'Polygon'}"
44.4477,10.0773,2022-04-02T05:28:13Z,S1A_IW_SLC__1SDV_20220402T052746_20220402T052813_042590_0514A4_7691-SLC,DESCENDING,168,SLC,https://datapool.asf.alaska.edu/SLC/SA/S1A_IW_SLC__1SDV_20220402T052746_20220402T052813_042590_0514A4_7691.zip,2022-04-02 05:27:46+00:00,S1A_IW_SLC__1SDV_20220402T052746_20220402T052813_042590_0514A4_7691,,Sentinel-1A,4442301853,debd35f6784f656d24b4b3aacdd5fef9,444,SENTINEL_1A_FRAME,42590,VV+VH,2022-04-02T05:27:46Z,C-SAR,S1A_IWDV_0443_0450_042590_168,003.51,S1A_IW_SLC__1SDV_20220402T052746_20220402T052813_042590_0514A4_7691.zip,IW,['s3://asf-ngap2w-p-s1-slc-7b420b89/S1A_IW_SLC__1SDV_20220402T052746_20220402T052813_042590_0514A4_7691.zip'],1914,91.0,"{'coordinates': [[[11.456633, 43.427353], [11.900974, 45.045025], [8.642879, 45.445354], [8.290148, 43.827576], [11.456633, 43.427353]]], 'type': 'Polygon'}"
44.4485,10.0785,2022-04-26T05:28:13Z,S1A_IW_SLC__1SDV_20220426T052746_20220426T052813_042940_05204A_A45F-SLC,DESCENDING,168,SLC,https://datapool.asf.alaska.edu/SLC/SA/S1A_IW_SLC__1SDV_20220426T052746_20220426T052813_042940_05204A_A45F.zip,2022-04-26 05:27:46+00:00,S1A_IW_SLC__1SDV_20220426T052746_20220426T052813_042940_05204A_A45F,,Sentinel-1A,4387426937,c3899273dbc9c476127a2b137bd68596,444,SENTINEL_1A_FRAME,42940,VV+VH,2022-04-26T05:27:46Z,C-SAR,S1A_IWDV_0443_0450_042940_168,003.51,S1A_IW_SLC__1SDV_20220426T052746_20220426T052813_042940_05204A_A45F.zip,IW,['s3://asf-ngap2w-p-s1-slc-7b420b89/S1A_IW_SLC__1SDV_20220426T052746_20220426T052813_042940_05204A_A45F.zip'],1938,30.0,"{'coordinates': [[[11.457848, 43.42815], [11.902181, 45.045696], [8.644011, 45.446064], [8.29128, 43.828411], [11.457848, 43.42815]]], 'type': 'Polygon'}"
44.4484,10.081,2022-05-08T05:28:14Z,S1A_IW_SLC__1SDV_20220508T052747_20220508T052814_043115_052620_4730-SLC,DESCENDING,168,SLC,https://datapool.asf.alaska.edu/SLC/SA/S1A_IW_SLC__1SDV_20220508T052747_20220508T052814_043115_052620_4730.zip,2022-05-08 05:27:47+00:00,S1A_IW_SLC__1SDV_20220508T052747_20220508T052814_043115_052620_4730,,Sentinel-1A,4560118865,983e08369ff0c8139cd546d56ba1f8c5,444,SENTINEL_1A_FRAME,43115,VV+VH,2022-05-08T05:27:47Z,C-SAR,S1A_IWDV_0443_0450_043115_168,003.51,S1A_IW_SLC__1SDV_20220508T052747_20220508T052814_043115_052620_4730.zip,IW,['s3://asf-ngap2w-p-s1-slc-7b420b89/S1A_IW_SLC__1SDV_20220508T052747_20220508T052814_043115_052620_4730.zip'],1950,-125.0,"{'coordinates': [[[11.460363, 43.427803], [11.904846, 45.045704], [8.646533, 45.446144], [8.293674, 43.828133], [11.460363, 43.427803]]], 'type': 'Polygon'}"
44.4482,10.0808,2022-05-20T05:28:15Z,S1A_IW_SLC__1SDV_20220520T052748_20220520T052815_043290_052B73_9189-SLC,DESCENDING,168,SLC,https://datapool.asf.alaska.edu/SLC/SA/S1A_IW_SLC__1SDV_20220520T052748_20220520T052815_043290_052B73_9189.zip,2022-05-20 05:27:48+00:00,S1A_IW_SLC__1SDV_20220520T052748_20220520T052815_043290_052B73_9189,,Sentinel-1A,4486017100,674dba08bd9dc5d8f8ef55d05c7e1a53,444,SENTINEL_1A_FRAME,43290,VV+VH,2022-05-20T05:27:48Z,C-SAR,S1A_IWDV_0443_0450_043290_168,003.52,S1A_IW_SLC__1SDV_20220520T052748_20220520T052815_043290_052B73_9189.zip,IW,['s3://asf-ngap2w-p-s1-slc-7b420b89/S1A_IW_SLC__1SDV_20220520T052748_20220520T052815_043290_052B73_9189.zip'],1962,-121.0,"{'coordinates': [[[11.460172, 43.427765], [11.904569, 45.045425], [8.646323, 45.445843], [8.293532, 43.828075], [11.460172, 43.427765]]], 'type': 'Polygon'}"
44.4473,10.0785,2022-06-01T05:28:16Z,S1A_IW_SLC__1SDV_20220601T052749_20220601T052816_043465_0530A1_A235-SLC,DESCENDING,168,SLC,https://datapool.asf.alaska.edu/SLC/SA/S1A_IW_SLC__1SDV_20220601T052749_20220601T052816_043465_0530A1_A235.zip,2022-06-01 05:27:49+00:00,S1A_IW_SLC__1SDV_20220601T052749_20220601T052816_043465_0530A1_A235,,Sentinel-1A,4516056307,6b8733b2f8dd7758ac9c9abe2328602e,444,SENTINEL_1A_FRAME,43465,VV+VH,2022-06-01T05:27:49Z,C-SAR,S1A_IWDV_0443_0450_043465_168,003.52,S1A_IW_SLC__1SDV_20220601T052749_20220601T052816_043465_0530A1_A235.zip,IW,['s3://asf-ngap2w-p-s1-slc-7b420b89/S1A_IW_SLC__1SDV_20220601T052749_20220601T052816_043465_0530A1_A235.zip'],1974,29.0,"{'coordinates': [[[11.457854, 43.426907], [11.902223, 45.044571], [8.64402, 45.444958], [8.291259, 43.82719], [11.457854, 43.426907]]], 'type': 'Polygon'}"
44.4476,10.078,2022-06-13T05:28:16Z,S1A_IW_SLC__1SDV_20220613T052750_20220613T052816_043640_0535D2_E355-SLC,DESCENDING,168,SLC,https://datapool.asf.alaska.edu/SLC/SA/S1A_IW_SLC__1SDV_20220613T052750_20220613T052816_043640_0535D2_E355.zip,2022-06-13 05:27:50+00:00,S1A_IW_SLC__1SDV_20220613T052750_20220613T052816_043640_0535D2_E355,,Sentinel-1A,4476790192,f6a83a74c110307ba0e7c49005ccea3a,444,SENTINEL_1A_FRAME,43640,VV+VH,2022-06-13T05:27:50Z,C-SAR,S1A_IWDV_0443_0450_043640_168,003.52,S1A_IW_SLC__1SDV_20220613T052750_20220613T052816_043640_0535D2_E355.zip,IW,['s3://asf-ngap2w-p-s1-slc-7b420b89/S1A_IW_SLC__1SDV_20220613T052750_20220613T052816_043640_0535D2_E355.zip'],1986,74.0,"{'coordinates': [[[11.457476, 43.427433], [11.901707, 45.044731], [8.643466, 45.445084], [8.290821, 43.827682], [11.457476, 43.427433]]], 'type': 'Polygon'}"
44.4476,10.0779,2022-06-25T05:28:17Z,S1A_IW_SLC__1SDV_20220625T052750_20220625T052817_043815_053B13_4FDD-SLC,DESCENDING,168,SLC,https://datapool.asf.alaska.edu/SLC/SA/S1A_IW_SLC__1SDV_20220625T052750_20220625T052817_043815_053B13_4FDD.zip,2022-06-25 05:27:50+00:00,S1A_IW_SLC__1SDV_20220625T052750_20220625T052817_043815_053B13_4FDD,,Sentinel-1A,4531041100,edca46b88bb27dc40f557ce0a46a6142,444,SENTINEL_1A_FRAME,43815,VV+VH,2022-06-25T05:27:50Z,C-SAR,S1A_IWDV_0443_0450_043815_168,003.52,S1A_IW_SLC__1SDV_20220625T052750_20220625T052817_043815_053B13_4FDD.zip,IW,['s3://asf-ngap2w-p-s1-slc-7b420b89/S1A_IW_SLC__1SDV_20220625T052750_20220625T052817_043815_053B13_4FDD.zip'],1998,70.0,"{'coordinates': [[[11.457224, 43.427094], [11.901637, 45.04501], [8.64344, 45.44537], [8.290647, 43.827351], [11.457224, 43.427094]]], 'type': 'Polygon'}"
44.448,10.0794,2022-07-07T05:28:18Z,S1A_IW_SLC__1SDV_20220707T052751_20220707T052818_043990_054042_43A6-SLC,DESCENDING,168,SLC,https://datapool.asf.alaska.edu/SLC/SA/S1A_IW_SLC__1SDV_20220707T052751_20220707T052818_043990_054042_43A6.zip,2022-07-07 05:27:51+00:00,S1A_IW_SLC__1SDV_20220707T052751_20220707T052818_043990_054042_43A6,,Sentinel-1A,4491016569,680df9f8099e339225dc827e303a7ab2,444,SENTINEL_1A_FRAME,43990,VV+VH,2022-07-07T05:27:51Z,C-SAR,S1A_IWDV_0443_0450_043990_168,003.52,S1A_IW_SLC__1SDV_20220707T052751_20220707T052818_043990_054042_43A6.zip,IW,['s3://asf-ngap2w-p-s1-slc-7b420b89/S1A_IW_SLC__1SDV_20220707T052751_20220707T052818_043990_054042_43A6.zip'],2010,-27.0,"{'coordinates': [[[11.4588, 43.427513], [11.903222, 45.045296], [8.644984, 45.445705], [8.292175, 43.827816], [11.4588, 43.427513]]], 'type': 'Polygon'}"
44.4482,10.0795,2022-07-19T05:28:19Z,S1A_IW_SLC__1SDV_20220719T052752_20220719T052819_044165_054588_4AB1-SLC,DESCENDING,168,SLC,https://datapool.asf.alaska.edu/SLC/SA/S1A_IW_SLC__1SDV_20220719T052752_20220719T052819_044165_054588_4AB1.zip,2022-07-19 05:27:52+00:00,S1A_IW_SLC__1SDV_20220719T052752_20220719T052819_044165_054588_4AB1,,Sentinel-1A,4471724858,54068acf709bfa553dd53d0a813463ea,444,SENTINEL_1A_FRAME,44165,VV+VH,2022-07-19T05:27:52Z,C-SAR,S1A_IWDV_0443_0450_044165_168,003.52,S1A_IW_SLC__1SDV_20220719T052752_20220719T052819_044165_054588_4AB1.zip,IW,['s3://asf-ngap2w-p-s1-slc-7b420b89/S1A_IW_SLC__1SDV_20220719T052752_20220719T052819_044165_054588_4AB1.zip'],2022,-38.0,"{'coordinates': [[[11.458871, 43.427608], [11.903344, 45.045517], [8.645122, 45.445934], [8.29227, 43.827923], [11.458871, 43.427608]]], 'type': 'Polygon'}"
44.448,10.0785,2022-07-31T05:28:19Z,S1A_IW_SLC__1SDV_20220731T052752_20220731T052819_044340_054AAA_02CB-SLC,DESCENDING,168,SLC,https://datapool.asf.alaska.edu/SLC/SA/S1A_IW_SLC__1SDV_20220731T052752_20220731T052819_044340_054AAA_02CB.zip,2022-07-31 05:27:52+00:00,S1A_IW_SLC__1SDV_20220731T052752_20220731T052819_044340_054AAA_02CB,,Sentinel-1A,4484097696,f9e24a648ba9275f4d116362aeed1de9,444,SENTINEL_1A_FRAME,44340,VV+VH,2022-07-31T05:27:52Z,C-SAR,S1A_IWDV_0443_0450_044340_168,003.52,S1A_IW_SLC__1SDV_20220731T052752_20220731T052819_044340_054AAA_02CB.zip,IW,['s3://asf-ngap2w-p-s1-slc-7b420b89/S1A_IW_SLC__1SDV_20220731T052752_20220731T052819_044340_054AAA_02CB.zip'],2034,35.0,"{'coordinates': [[[11.457883, 43.427498], [11.90225, 45.045292], [8.644023, 45.445641], [8.291268, 43.827744], [11.457883, 43.427498]]], 'type': 'Polygon'}"
44.4477,10.0784,2022-08-12T05:28:20Z,S1A_IW_SLC__1SDV_20220812T052753_20220812T052820_044515_054FF1_A12B-SLC,DESCENDING,168,SLC,https://datapool.asf.alaska.edu/SLC/SA/S1A_IW_SLC__1SDV_20220812T052753_20220812T052820_044515_054FF1_A12B.zip,2022-08-12 05:27:53+00:00,S1A_IW_SLC__1SDV_20220812T052753_20220812T052820_044515_054FF1_A12B,,Sentinel-1A,4483723607,8be45eb2fbf3e29936c75de04d081c85,444,SENTINEL_1A_FRAME,44515,VV+VH,2022-08-12T05:27:53Z,C-SAR,S1A_IWDV_0443_0450_044515_168,003.52,S1A_IW_SLC__1SDV_20220812T052753_20220812T052820_044515_054FF1_A12B.zip,IW,['s3://asf-ngap2w-p-s1-slc-7b420b89/S1A_IW_SLC__1SDV_20220812T052753_20220812T052820_044515_054FF1_A12B.zip'],2046,44.0,"{'coordinates': [[[11.457747, 43.427273], [11.902099, 45.045067], [8.643864, 45.4454], [8.291127, 43.827503], [11.457747, 43.427273]]], 'type': 'Polygon'}"
44.4475,10.0777,2022-09-05T05:28:22Z,S1A_IW_SLC__1SDV_20220905T052755_20220905T052822_044865_055BC8_F4BF-SLC,DESCENDING,168,SLC,https://datapool.asf.alaska.edu/SLC/SA/S1A_IW_SLC__1SDV_20220905T052755_20220905T052822_044865_055BC8_F4BF.zip,2022-09-05 05:27:55+00:00,S1A_IW_SLC__1SDV_20220905T052755_20220905T052822_044865_055BC8_F4BF,,Sentinel-1A,4490048581,d51ac286bd79e1a357abcdb0959f379e,444,SENTINEL_1A_FRAME,44865,VV+VH,2022-09-05T05:27:55Z,C-SAR,S1A_IWDV_0443_0450_044865_168,003.52,S1A_IW_SLC__1SDV_20220905T052755_20220905T052822_044865_055BC8_F4BF.zip,IW,['s3://asf-ngap2w-p-s1-slc-7b420b89/S1A_IW_SLC__1SDV_20220905T052755_20220905T052822_044865_055BC8_F4BF.zip'],2070,72.0,"{'coordinates': [[[11.456991, 43.426968], [11.901474, 45.044876], [8.643339, 45.445305], [8.290473, 43.82729], [11.456991, 43.426968]]], 'type': 'Polygon'}"
44.4476,10.08,2022-09-17T05:28:22Z,S1A_IW_SLC__1SDV_20220917T052755_20220917T052822_045040_0561A9_F6A4-SLC,DESCENDING,168,SLC,https://datapool.asf.alaska.edu/SLC/SA/S1A_IW_SLC__1SDV_20220917T052755_20220917T052822_045040_0561A9_F6A4.zip,2022-09-17 05:27:55+00:00,S1A_IW_SLC__1SDV_20220917T052755_20220917T052822_045040_0561A9_F6A4,,Sentinel-1A,4574368815,f24a3fc94b4674b3fb1641b40e87453d,444,SENTINEL_1A_FRAME,45040,VV+VH,2022-09-17T05:27:55Z,C-SAR,S1A_IWDV_0443_0450_045040_168,003.52,S1A_IW_SLC__1SDV_20220917T052755_20220917T052822_045040_0561A9_F6A4.zip,IW,['s3://asf-ngap2w-p-s1-slc-7b420b89/S1A_IW_SLC__1SDV_20220917T052755_20220917T052822_045040_0561A9_F6A4.zip'],2082,-53.0,"{'coordinates': [[[11.459363, 43.427143], [11.903782, 45.044796], [8.645479, 45.445244], [8.292671, 43.827484], [11.459363, 43.427143]]], 'type': 'Polygon'}"
44.4478,10.0792,2022-09-29T05:28:22Z,S1A_IW_SLC__1SDV_20220929T052755_20220929T052822_045215_05677E_DC6E-SLC,DESCENDING,168,SLC,https://datapool.asf.alaska.edu/SLC/SA/S1A_IW_SLC__1SDV_20220929T052755_20220929T052822_045215_05677E_DC6E.zip,2022-09-29 05:27:55+00:00,S1A_IW_SLC__1SDV_20220929T052755_20220929T052822_045215_05677E_DC6E,,Sentinel-1A,4548513765,edce24743b62df579877e00292c78eb5,444,SENTINEL_1A_FRAME,45215,VV+VH,2022-09-29T05:27:55Z,C-SAR,S1A_IWDV_0443_0450_045215_168,003.52,S1A_IW_SLC__1SDV_20220929T052755_20220929T052822_045215_05677E_DC6E.zip,IW,['s3://asf-ngap2w-p-s1-slc-7b420b89/S1A_IW_SLC__1SDV_20220929T052755_20220929T052822_045215_05677E_DC6E.zip'],2094,35.0,"{'coordinates': [[[11.458632, 43.427269], [11.90309, 45.045162], [8.644629, 45.445587], [8.291801, 43.827587], [11.458632, 43.427269]]], 'type': 'Polygon'}"
44.4473,10.0797,2022-10-11T05:28:22Z,S1A_IW_SLC__1SDV_20221011T052755_20221011T052822_045390_056D69_82CF-SLC,DESCENDING,168,SLC,https://datapool.asf.alaska.edu/SLC/SA/S1A_IW_SLC__1SDV_20221011T052755_20221011T052822_045390_056D69_82CF.zip,2022-10-11 05:27:55+00:00,S1A_IW_SLC__1SDV_20221011T052755_20221011T052822_045390_056D69_82CF,,Sentinel-1A,4505160920,d144a4b2be1a9f6de659288a22bd82f4,444,SENTINEL_1A_FRAME,45390,VV+VH,2022-10-11T05:27:55Z,C-SAR,S1A_IWDV_0443_0450_045390_168,003.52,S1A_IW_SLC__1SDV_20221011T052755_20221011T052822_045390_056D69_82CF.zip,IW,['s3://asf-ngap2w-p-s1-slc-7b420b89/S1A_IW_SLC__1SDV_20221011T052755_20221011T052822_045390_056D69_82CF.zip'],2106,-18.0,"{'coordinates': [[[11.459227, 43.426838], [11.903632, 45.044613], [8.645125, 45.445023], [8.292347, 43.827145], [11.459227, 43.426838]]], 'type': 'Polygon'}"
44.4477,10.0797,2022-10-23T05:28:22Z,S1A_IW_SLC__1SDV_20221023T052755_20221023T052822_045565_057294_CAD9-SLC,DESCENDING,168,SLC,https://datapool.asf.alaska.edu/SLC/SA/S1A_IW_SLC__1SDV_20221023T052755_20221023T052822_045565_057294_CAD9.zip,2022-10-23 05:27:55+00:00,S1A_IW_SLC__1SDV_20221023T052755_20221023T052822_045565_057294_CAD9,,Sentinel-1A,4522864587,459566f4e6259836f4a895898213d00e,444,SENTINEL_1A_FRAME,45565,VV+VH,2022-10-23T05:27:55Z,C-SAR,S1A_IWDV_0444_0449_045565_168,003.52,S1A_IW_SLC__1SDV_20221023T052755_20221023T052822_045565_057294_CAD9.zip,IW,['s3://asf-ngap2w-p-s1-slc-7b420b89/S1A_IW_SLC__1SDV_20221023T052755_20221023T052822_045565_057294_CAD9.zip'],2118,21.0,"{'coordinates': [[[11.459248, 43.42717], [11.903679, 45.044937], [8.645094, 45.44537], [8.292297, 43.827496], [11.459248, 43.42717]]], 'type': 'Polygon'}"
44.448,10.0816,2022-11-04T05:28:22Z,S1A_IW_SLC__1SDV_20221104T052755_20221104T052822_045740_057878_0C52-SLC,DESCENDING,168,SLC,https://datapool.asf.alaska.edu/SLC/SA/S1A_IW_SLC__1SDV_20221104T052755_20221104T052822_045740_057878_0C52.zip,2022-11-04 05:27:55+00:00,S1A_IW_SLC__1SDV_20221104T052755_20221104T052822_045740_057878_0C52,,Sentinel-1A,4640889686,b0d2bca76dc788cd6697844834db65e7,444,SENTINEL_1A_FRAME,45740,VV+VH,2022-11-04T05:27:55Z,C-SAR,S1A_IWDV_0443_0450_045740_168,003.52,S1A_IW_SLC__1SDV_20221104T052755_20221104T052822_045740_057878_0C52.zip,IW,['s3://asf-ngap2w-p-s1-slc-7b420b89/S1A_IW_SLC__1SDV_20221104T052755_20221104T052822_045740_057878_0C52.zip'],2130,-98.0,"{'coordinates': [[[11.461122, 43.427494], [11.905593, 45.045128], [8.64696, 45.445633], [8.294121, 43.827892], [11.461122, 43.427494]]], 'type': 'Polygon'}"
44.448,10.0809,2022-11-16T05:28:21Z,S1A_IW_SLC__1SDV_20221116T052754_20221116T052821_045915_057E6A_4613-SLC,DESCENDING,168,SLC,https://datapool.asf.alaska.edu/SLC/SA/S1A_IW_SLC__1SDV_20221116T052754_20221116T052821_045915_057E6A_4613.zip,2022-11-16 05:27:54+00:00,S1A_IW_SLC__1SDV_20221116T052754_20221116T052821_045915_057E6A_4613,,Sentinel-1A,4642834630,cba0e65673030b5fc492c400254ee1cb,444,SENTINEL_1A_FRAME,45915,VV+VH,2022-11-16T05:27:54Z,C-SAR,S1A_IWDV_0443_0450_045915_168,003.52,S1A_IW_SLC__1SDV_20221116T052754_20221116T052821_045915_057E6A_4613.zip,IW,['s3://asf-ngap2w-p-s1-slc-7b420b89/S1A_IW_SLC__1SDV_20221116T052754_20221116T052821_045915_057E6A_4613.zip'],2142,-59.0,"{'coordinates': [[[11.460417, 43.427517], [11.904894, 45.045151], [8.646306, 45.445648], [8.293463, 43.827904], [11.460417, 43.427517]]], 'type': 'Polygon'}"
44.4479,10.0787,2022-11-28T05:28:21Z,S1A_IW_SLC__1SDV_20221128T052754_20221128T052821_046090_058452_126C-SLC,DESCENDING,168,SLC,https://datapool.asf.alaska.edu/SLC/SA/S1A_IW_SLC__1SDV_20221128T052754_20221128T052821_046090_058452_126C.zip,2022-11-28 05:27:54+00:00,S1A_IW_SLC__1SDV_20221128T052754_20221128T052821_046090_058452_126C,,Sentinel-1A,4567260780,8120824f34c424b79d8a7f8df6dbbaa1,444,SENTINEL_1A_FRAME,46090,VV+VH,2022-11-28T05:27:54Z,C-SAR,S1A_IWDV_0443_0450_046090_168,003.52,S1A_IW_SLC__1SDV_20221128T052754_20221128T052821_046090_058452_126C.zip,IW,['s3://asf-ngap2w-p-s1-slc-7b420b89/S1A_IW_SLC__1SDV_20221128T052754_20221128T052821_046090_058452_126C.zip'],2154,106.0,"{'coordinates': [[[11.458266, 43.427586], [11.902644, 45.044975], [8.644028, 45.445446], [8.29127, 43.82795], [11.458266, 43.427586]]], 'type': 'Polygon'}"
44.4483,10.0784,2022-12-10T05:28:21Z,S1A_IW_SLC__1SDV_20221210T052754_20221210T052821_046265_058A4F_B53E-SLC,DESCENDING,168,SLC,https://datapool.asf.alaska.edu/SLC/SA/S1A_IW_SLC__1SDV_20221210T052754_20221210T052821_046265_058A4F_B53E.zip,2022-12-10 05:27:54+00:00,S1A_IW_SLC__1SDV_20221210T052754_20221210T052821_046265_058A4F_B53E,,Sentinel-1A,4617023234,86ed0657a6a30d53ee621007e83fb1ae,444,SENTINEL_1A_FRAME,46265,VV+VH,2022-12-10T05:27:54Z,C-SAR,S1A_IWDV_0443_0450_046265_168,003.52,S1A_IW_SLC__1SDV_20221210T052754_20221210T052821_046265_058A4F_B53E.zip,IW,['s3://asf-ngap2w-p-s1-slc-7b420b89/S1A_IW_SLC__1SDV_20221210T052754_20221210T052821_046265_058A4F_B53E.zip'],2166,144.0,"{'coordinates': [[[11.458007, 43.427959], [11.902347, 45.045349], [8.643658, 45.445782], [8.290942, 43.828285], [11.458007, 43.427959]]], 'type': 'Polygon'}"
44.4481,10.0804,2022-12-22T05:28:20Z,S1A_IW_SLC__1SDV_20221222T052753_20221222T052820_046440_059046_DE19-SLC,DESCENDING,168,SLC,https://datapool.asf.alaska.edu/SLC/SA/S1A_IW_SLC__1SDV_20221222T052753_20221222T052820_046440_059046_DE19.zip,2022-12-22 05:27:53+00:00,S1A_IW_SLC__1SDV_20221222T052753_20221222T052820_046440_059046_DE19,,Sentinel-1A,4646258365,2d33530515b20e1e362ee455cc005a4a,444,SENTINEL_1A_FRAME,46440,VV+VH,2022-12-22T05:27:53Z,C-SAR,S1A_IWDV_0444_0450_046440_168,003.52,S1A_IW_SLC__1SDV_20221222T052753_20221222T052820_046440_059046_DE19.zip,IW,['s3://asf-ngap2w-p-s1-slc-7b420b89/S1A_IW_SLC__1SDV_20221222T052753_20221222T052820_046440_059046_DE19.zip'],2178,10.0,"{'coordinates': [[[11.460072, 43.427891], [11.90438, 45.045155], [8.645635, 45.445595], [8.292947, 43.828224], [11.460072, 43.427891]]], 'type': 'Polygon'}"
44.4475,10.08,2023-01-03T05:28:19Z,S1A_IW_SLC__1SDV_20230103T052753_20230103T052819_046615_059639_4587-SLC,DESCENDING,168,SLC,https://datapool.asf.alaska.edu/SLC/SA/S1A_IW_SLC__1SDV_20230103T052753_20230103T052819_046615_059639_4587.zip,2023-01-03 05:27:53+00:00,S1A_IW_SLC__1SDV_20230103T052753_20230103T052819_046615_059639_4587,,Sentinel-1A,4656033973,19de0673989768b39e508090dd8471fa,444,SENTINEL_1A_FRAME,46615,VV+VH,2023-01-03T05:27:53Z,C-SAR,S1A_IWDV_0443_0450_046615_168,003.52,S1A_IW_SLC__1SDV_20230103T052753_20230103T052819_046615_059639_4587.zip,IW,['s3://asf-ngap2w-p-s1-slc-7b420b89/S1A_IW_SLC__1SDV_20230103T052753_20230103T052819_046615_059639_4587.zip'],2190,21.0,"{'coordinates': [[[11.459536, 43.427025], [11.904005, 45.044777], [8.645327, 45.445248], [8.2925, 43.827381], [11.459536, 43.427025]]], 'type': 'Polygon'}"
44.4472,10.082,2023-01-15T05:28:19Z,S1A_IW_SLC__1SDV_20230115T052752_20230115T052819_046790_059C18_D107-SLC,DESCENDING,168,SLC,https://datapool.asf.alaska.edu/SLC/SA/S1A_IW_SLC__1SDV_20230115T052752_20230115T052819_046790_059C18_D107.zip,2023-01-15 05:27:52+00:00,S1A_IW_SLC__1SDV_20230115T052752_20230115T052819_046790_059C18_D107,,Sentinel-1A,4573026860,a7bcab1b13877f245dce3a80c3715d96,444,SENTINEL_1A_FRAME,46790,VV+VH,2023-01-15T05:27:52Z,C-SAR,S1A_IWDV_0444_0449_046790_168,003.52,S1A_IW_SLC__1SDV_20230115T052752_20230115T052819_046790_059C18_D107.zip,IW,['s3://asf-ngap2w-p-s1-slc-7b420b89/S1A_IW_SLC__1SDV_20230115T052752_20230115T052819_046790_059C18_D107.zip'],2202,-131.0,"{'coordinates': [[[11.461482, 43.426716], [11.905971, 45.044342], [8.647345, 45.444866], [8.294489, 43.827129], [11.461482, 43.426716]]], 'type': 'Polygon'}"
44.4474,10.0796,2023-01-27T05:28:19Z,S1A_IW_SLC__1SDV_20230127T052752_20230127T052819_046965_05A203_59A8-SLC,DESCENDING,168,SLC,https://datapool.asf.alaska.edu/SLC/SA/S1A_IW_SLC__1SDV_20230127T052752_20230127T052819_046965_05A203_59A8.zip,2023-01-27 05:27:52+00:00,S1A_IW_SLC__1SDV_20230127T052752_20230127T052819_046965_05A203_59A8,,Sentinel-1A,4555261150,a625a3801083fb4f22edb2496cc81dfa,444,SENTINEL_1A_FRAME,46965,VV+VH,2023-01-27T05:27:52Z,C-SAR,S1A_IWDV_0443_0450_046965_168,003.52,S1A_IW_SLC__1SDV_20230127T052752_20230127T052819_046965_05A203_59A8.zip,IW,['s3://asf-ngap2w-p-s1-slc-7b420b89/S1A_IW_SLC__1SDV_20230127T052752_20230127T052819_046965_05A203_59A8.zip'],2214,61.0,"{'coordinates': [[[11.45922, 43.427052], [11.903637, 45.044556], [8.644908, 45.445057], [8.292118, 43.827442], [11.45922, 43.427052]]], 'type': 'Polygon'}"
44.447,10.0799,2023-02-08T05:28:18Z,S1A_IW_SLC__1SDV_20230208T052751_20230208T052818_047140_05A7DD_0C3D-SLC,DESCENDING,168,SLC,https://datapool.asf.alaska.edu/SLC/SA/S1A_IW_SLC__1SDV_20230208T052751_20230208T052818_047140_05A7DD_0C3D.zip,2023-02-08 05:27:51+00:00,S1A_IW_SLC__1SDV_20230208T052751_20230208T052818_047140_05A7DD_0C3D,,Sentinel-1A,4430379497,49ec323d1c48cb8012940928f4eb5f36,444,SENTINEL_1A_FRAME,47140,VV+VH,2023-02-08T05:27:51Z,C-SAR,S1A_IWDV_0444_0449_047140_168,003.52,S1A_IW_SLC__1SDV_20230208T052751_20230208T052818_047140_05A7DD_0C3D.zip,IW,['s3://asf-ngap2w-p-s1-slc-7b420b89/S1A_IW_SLC__1SDV_20230208T052751_20230208T052818_047140_05A7DD_0C3D.zip'],2226,-40.0,"{'coordinates': [[[11.45935, 43.426556], [11.903775, 45.044327], [8.645387, 45.444729], [8.292593, 43.826851], [11.45935, 43.426556]]], 'type': 'Polygon'}"
44.4472,10.0793,2023-02-20T05:28:18Z,S1A_IW_SLC__1SDV_20230220T052751_20230220T052818_047315_05ADC6_6AC4-SLC,DESCENDING,168,SLC,https://datapool.asf.alaska.edu/SLC/SA/S1A_IW_SLC__1SDV_20230220T052751_20230220T052818_047315_05ADC6_6AC4.zip,2023-02-20 05:27:51+00:00,S1A_IW_SLC__1SDV_20230220T052751_20230220T052818_047315_05ADC6_6AC4,,Sentinel-1A,4426402277,867003dc2aa5ae00e6f4009713005a59,444,SENTINEL_1A_FRAME,47315,VV+VH,2023-02-20T05:27:51Z,C-SAR,S1A_IWDV_0444_0450_047315_168,003.52,S1A_IW_SLC__1SDV_20230220T052751_20230220T052818_047315_05ADC6_6AC4.zip,IW,['s3://asf-ngap2w-p-s1-slc-7b420b89/S1A_IW_SLC__1SDV_20230220T052751_20230220T052818_047315_05ADC6_6AC4.zip'],2238,11.0,"{'coordinates': [[[11.458768, 43.426796], [11.903153, 45.044445], [8.644742, 45.444843], [8.291981, 43.827087], [11.458768, 43.426796]]], 'type': 'Polygon'}"
44.4473,10.0777,2023-03-04T05:28:18Z,S1A_IW_SLC__1SDV_20230304T052751_20230304T052818_047490_05B3B1_333C-SLC,DESCENDING,168,SLC,https://datapool.asf.alaska.edu/SLC/SA/S1A_IW_SLC__1SDV_20230304T052751_20230304T052818_047490_05B3B1_333C.zip,2023-03-04 05:27:51+00:00,S1A_IW_SLC__1SDV_20230304T052751_20230304T052818_047490_05B3B1_333C,,Sentinel-1A,4518164447,989d98dd7cb39eaf52fc7a4ff57bb0d6,444,SENTINEL_1A_FRAME,47490,VV+VH,2023-03-04T05:27:51Z,C-SAR,S1A_IWDV_0443_0450_047490_168,003.52,S1A_IW_SLC__1SDV_20230304T052751_20230304T052818_047490_05B3B1_333C.zip,IW,['s3://asf-ngap2w-p-s1-slc-7b420b89/S1A_IW_SLC__1SDV_20230304T052751_20230304T052818_047490_05B3B1_333C.zip'],2250,102.0,"{'coordinates': [[[11.457108, 43.426907], [11.901499, 45.044563], [8.643207, 45.444954], [8.290436, 43.827194], [11.457108, 43.426907]]], 'type': 'Polygon'}"
44.4476,10.0824,2023-03-16T05:28:17Z,S1A_IW_SLC__1SDV_20230316T052750_20230316T052817_047665_05B99A_EC1E-SLC,DESCENDING,168,SLC,https://datapool.asf.alaska.edu/SLC/SA/S1A_IW_SLC__1SDV_20230316T052750_20230316T052817_047665_05B99A_EC1E.zip,2023-03-16 05:27:50+00:00,S1A_IW_SLC__1SDV_20230316T052750_20230316T052817_047665_05B99A_EC1E,,Sentinel-1A,4480175195,ba55e9276149a2edcd894a69c5e6b2dc,444,SENTINEL_1A_FRAME,47665,VV+VH,2023-03-16T05:27:50Z,C-SAR,S1A_IWDV_0443_0450_047665_168,003.52,S1A_IW_SLC__1SDV_20230316T052750_20230316T052817_047665_05B99A_EC1E.zip,IW,['s3://asf-ngap2w-p-s1-slc-7b420b89/S1A_IW_SLC__1SDV_20230316T052750_20230316T052817_047665_05B99A_EC1E.zip'],2262,-231.0,"{'coordinates': [[[11.461801, 43.426991], [11.906311, 45.044888], [8.647999, 45.445339], [8.295121, 43.827332], [11.461801, 43.426991]]], 'type': 'Polygon'}"
44.4473,10.0792,2023-03-28T05:28:18Z,S1A_IW_SLC__1SDV_20230328T052751_20230328T052818_047840_05BF83_097A-SLC,DESCENDING,168,SLC,https://datapool.asf.alaska.edu/SLC/SA/S1A_IW_SLC__1SDV_20230328T052751_20230328T052818_047840_05BF83_097A.zip,2023-03-28 05:27:51+00:00,S1A_IW_SLC__1SDV_20230328T052751_20230328T052818_047840_05BF83_097A,,Sentinel-1A,4462254642,fee3763e07bd734049a2f115e5112116,444,SENTINEL_1A_FRAME,47840,VV+VH,2023-03-28T05:27:51Z,C-SAR,S1A_IWDV_0443_0450_047840_168,003.52,S1A_IW_SLC__1SDV_20230328T052751_20230328T052818_047840_05BF83_097A.zip,IW,['s3://asf-ngap2w-p-s1-slc-7b420b89/S1A_IW_SLC__1SDV_20230328T052751_20230328T052818_047840_05BF83_097A.zip'],2274,-75.0,"{'coordinates': [[[11.458475, 43.426918], [11.902886, 45.044586], [8.644919, 45.444973], [8.292115, 43.827194], [11.458475, 43.426918]]], 'type': 'Polygon'}"
44.4481,10.0774,2023-04-09T05:28:19Z,S1A_IW_SLC__1SDV_20230409T052752_20230409T052819_048015_05C56B_325E-SLC,DESCENDING,168,SLC,https://datapool.asf.alaska.edu/SLC/SA/S1A_IW_SLC__1SDV_20230409T052752_20230409T052819_048015_05C56B_325E.zip,2023-04-09 05:27:52+00:00,S1A_IW_SLC__1SDV_20230409T052752_20230409T052819_048015_05C56B_325E,,Sentinel-1A,4464709170,3ec62c1f64ab820f195f32f3f5210893,444,SENTINEL_1A_FRAME,48015,VV+VH,2023-04-09T05:27:52Z,C-SAR,S1A_IWDV_0444_0449_048015_168,003.61,S1A_IW_SLC__1SDV_20230409T052752_20230409T052819_048015_05C56B_325E.zip,IW,['s3://asf-ngap2w-p-s1-slc-7b420b89/S1A_IW_SLC__1SDV_20230409T052752_20230409T052819_048015_05C56B_325E.zip'],2286,84.0,"{'coordinates': [[[11.456715, 43.427738], [11.901069, 45.045414], [8.642986, 45.445744], [8.290244, 43.827965], [11.456715, 43.427738]]], 'type': 'Polygon'}"
44.4481,10.0797,2023-04-21T05:28:18Z,S1A_IW_SLC__1SDV_20230421T052751_20230421T052818_048190_05CB44_D258-SLC,DESCENDING,168,SLC,https://datapool.asf.alaska.edu/SLC/SA/S1A_IW_SLC__1SDV_20230421T052751_20230421T052818_048190_05CB44_D258.zip,2023-04-21 05:27:51+00:00,S1A_IW_SLC__1SDV_20230421T052751_20230421T052818_048190_05CB44_D258,,Sentinel-1A,4484115193,55434257070bbe5c0266e371d660a27d,444,SENTINEL_1A_FRAME,48190,VV+VH,2023-04-21T05:27:51Z,C-SAR,S1A_IWDV_0444_0449_048190_168,003.61,S1A_IW_SLC__1SDV_20230421T052751_20230421T052818_048190_05CB44_D258.zip,IW,['s3://asf-ngap2w-p-s1-slc-7b420b89/S1A_IW_SLC__1SDV_20230421T052751_20230421T052818_048190_05CB44_D258.zip'],2298,-36.0,"{'coordinates': [[[11.459185, 43.427723], [11.903477, 45.045265], [8.645174, 45.445614], [8.292483, 43.827969], [11.459185, 43.427723]]], 'type': 'Polygon'}"
44.4486,10.0782,2023-05-03T05:28:19Z,S1A_IW_SLC__1SDV_20230503T052752_20230503T052819_048365_05D12D_4D4F-SLC,DESCENDING,168,SLC,https://datapool.asf.alaska.edu/SLC/SA/S1A_IW_SLC__1SDV_20230503T052752_20230503T052819_048365_05D12D_4D4F.zip,2023-05-03 05:27:52+00:00,S1A_IW_SLC__1SDV_20230503T052752_20230503T052819_048365_05D12D_4D4F,,Sentinel-1A,4582797573,f36e2bc153bf202697c8877cfff1d569,444,SENTINEL_1A_FRAME,48365,VV+VH,2023-05-03T05:27:52Z,C-SAR,S1A_IWDV_0443_0450_048365_168,003.61,S1A_IW_SLC__1SDV_20230503T052752_20230503T052819_048365_05D12D_4D4F.zip,IW,['s3://asf-ngap2w-p-s1-slc-7b420b89/S1A_IW_SLC__1SDV_20230503T052752_20230503T052819_048365_05D12D_4D4F.zip'],2310,52.0,"{'coordinates': [[[11.457573, 43.428173], [11.901912, 45.045845], [8.643724, 45.446182], [8.290994, 43.828407], [11.457573, 43.428173]]], 'type': 'Polygon'}"
44.448,10.0781,2023-05-15T05:28:20Z,S1A_IW_SLC__1SDV_20230515T052753_20230515T052820_048540_05D6AC_039B-SLC,DESCENDING,168,SLC,https://datapool.asf.alaska.edu/SLC/SA/S1A_IW_SLC__1SDV_20230515T052753_20230515T052820_048540_05D6AC_039B.zip,2023-05-15 05:27:53+00:00,S1A_IW_SLC__1SDV_20230515T052753_20230515T052820_048540_05D6AC_039B,,Sentinel-1A,4550968689,75d43878c9288aa6e7a3b9dcb096834d,444,SENTINEL_1A_FRAME,48540,VV+VH,2023-05-15T05:27:53Z,C-SAR,S1A_IWDV_0444_0450_048540_168,003.61,S1A_IW_SLC__1SDV_20230515T052753_20230515T052820_048540_05D6AC_039B.zip,IW,['s3://asf-ngap2w-p-s1-slc-7b420b89/S1A_IW_SLC__1SDV_20230515T052753_20230515T052820_048540_05D6AC_039B.zip'],2322,72.0,"{'coordinates': [[[11.457457, 43.42741], [11.9019, 45.045322], [8.643642, 45.445721], [8.290818, 43.827705], [11.457457, 43.42741]]], 'type': 'Polygon'}"
44.4481,10.0788,2023-05-27T05:28:21Z,S1A_IW_SLC__1SDV_20230527T052754_20230527T052821_048715_05DBDD_76D7-SLC,DESCENDING,168,SLC,https://datapool.asf.alaska.edu/SLC/SA/S1A_IW_SLC__1SDV_20230527T052754_20230527T052821_048715_05DBDD_76D7.zip,2023-05-27 05:27:54+00:00,S1A_IW_SLC__1SDV_20230527T052754_20230527T052821_048715_05DBDD_76D7,,Sentinel-1A,4522141567,2a2a7879e6daabb4fb957ad4e336d30b,444,SENTINEL_1A_FRAME,48715,VV+VH,2023-05-27T05:27:54Z,C-SAR,S1A_IWDV_0443_0450_048715_168,003.61,S1A_IW_SLC__1SDV_20230527T052754_20230527T052821_048715_05DBDD_76D7.zip,IW,['s3://asf-ngap2w-p-s1-slc-7b420b89/S1A_IW_SLC__1SDV_20230527T052754_20230527T052821_048715_05DBDD_76D7.zip'],2334,17.0,"{'coordinates': [[[11.458178, 43.42767], [11.902578, 45.045456], [8.644341, 45.445835], [8.291555, 43.827942], [11.458178, 43.42767]]], 'type': 'Polygon'}"
44.4483,10.0814,2023-06-08T05:28:21Z,S1A_IW_SLC__1SDV_20230608T052754_20230608T052821_048890_05E11C_8B09-SLC,DESCENDING,168,SLC,https://datapool.asf.alaska.edu/SLC/SA/S1A_IW_SLC__1SDV_20230608T052754_20230608T052821_048890_05E11C_8B09.zip,2023-06-08 05:27:54+00:00,S1A_IW_SLC__1SDV_20230608T052754_20230608T052821_048890_05E11C_8B09,,Sentinel-1A,4530639160,552d2ad39edec19997362f9d58f5784d,444,SENTINEL_1A_FRAME,48890,VV+VH,2023-06-08T05:27:54Z,C-SAR,S1A_IWDV_0444_0449_048890_168,003.61,S1A_IW_SLC__1SDV_20230608T052754_20230608T052821_048890_05E11C_8B09.zip,IW,['s3://asf-ngap2w-p-s1-slc-7b420b89/S1A_IW_SLC__1SDV_20230608T052754_20230608T052821_048890_05E11C_8B09.zip'],2346,-150.0,"{'coordinates': [[[11.460823, 43.427883], [11.905202, 45.045544], [8.646882, 45.445942], [8.294115, 43.828175], [11.460823, 43.427883]]], 'type': 'Polygon'}"
44.4479,10.0785,2023-06-20T05:28:22Z,S1A_IW_SLC__1SDV_20230620T052755_20230620T052822_049065_05E675_B101-SLC,DESCENDING,168,SLC,https://datapool.asf.alaska.edu/SLC/SA/S1A_IW_SLC__1SDV_20230620T052755_20230620T052822_049065_05E675_B101.zip,2023-06-20 05:27:55+00:00,S1A_IW_SLC__1SDV_20230620T052755_20230620T052822_049065_05E675_B101,,Sentinel-1A,4549181508,f2504b69f76fcc8d7ab176604c41cf07,444,SENTINEL_1A_FRAME,49065,VV+VH,2023-06-20T05:27:55Z,C-SAR,S1A_IWDV_0443_0450_049065_168,003.61,S1A_IW_SLC__1SDV_20230620T052755_20230620T052822_049065_05E675_B101.zip,IW,['s3://asf-ngap2w-p-s1-slc-7b420b89/S1A_IW_SLC__1SDV_20230620T052755_20230620T052822_049065_05E675_B101.zip'],2358,0.0,"{'coordinates': [[[11.457824, 43.427544], [11.90215, 45.045219], [8.644084, 45.44553], [8.291365, 43.827751], [11.457824, 43.427544]]], 'type': 'Polygon'}"
44.4474,10.0783,2023-07-02T05:28:22Z,S1A_IW_SLC__1SDV_20230702T052755_20230702T052822_049240_05EBC4_6ECD-SLC,DESCENDING,168,SLC,https://datapool.asf.alaska.edu/SLC/SA/S1A_IW_SLC__1SDV_20230702T052755_20230702T052822_049240_05EBC4_6ECD.zip,2023-07-02 05:27:55+00:00,S1A_IW_SLC__1SDV_20230702T052755_20230702T052822_049240_05EBC4_6ECD,,Sentinel-1A,4540561230,c0e3cb7779c6cfec8f1f5702acde298c,444,SENTINEL_1A_FRAME,49240,VV+VH,2023-07-02T05:27:55Z,C-SAR,S1A_IWDV_0443_0450_049240_168,003.61,S1A_IW_SLC__1SDV_20230702T052755_20230702T052822_049240_05EBC4_6ECD.zip,IW,['s3://asf-ngap2w-p-s1-slc-7b420b89/S1A_IW_SLC__1SDV_20230702T052755_20230702T052822_049240_05EBC4_6ECD.zip'],2370,43.0,"{'coordinates': [[[11.457648, 43.426945], [11.901995, 45.044739], [8.643787, 45.445072], [8.291053, 43.827175], [11.457648, 43.426945]]], 'type': 'Polygon'}"
44.4474,10.0779,2023-07-14T05:28:23Z,S1A_IW_SLC__1SDV_20230714T052756_20230714T052823_049415_05F130_0F19-SLC,DESCENDING,168,SLC,https://datapool.asf.alaska.edu/SLC/SA/S1A_IW_SLC__1SDV_20230714T052756_20230714T052823_049415_05F130_0F19.zip,2023-07-14 05:27:56+00:00,S1A_IW_SLC__1SDV_20230714T052756_20230714T052823_049415_05F130_0F19,,Sentinel-1A,4532984791,3a1657eb8e1b1cb5c847c3da8fc7f190,444,SENTINEL_1A_FRAME,49415,VV+VH,2023-07-14T05:27:56Z,C-SAR,S1A_IWDV_0443_0450_049415_168,003.61,S1A_IW_SLC__1SDV_20230714T052756_20230714T052823_049415_05F130_0F19.zip,IW,['s3://asf-ngap2w-p-s1-slc-7b420b89/S1A_IW_SLC__1SDV_20230714T052756_20230714T052823_049415_05F130_0F19.zip'],2382,66.0,"{'coordinates': [[[11.457307, 43.426914], [11.901698, 45.044704], [8.643499, 45.445084], [8.290719, 43.82719], [11.457307, 43.426914]]], 'type': 'Polygon'}"
44.4473,10.0782,2023-07-26T05:28:24Z,S1A_IW_SLC__1SDV_20230726T052757_20230726T052824_049590_05F68C_E633-SLC,DESCENDING,168,SLC,https://datapool.asf.alaska.edu/SLC/SA/S1A_IW_SLC__1SDV_20230726T052757_20230726T052824_049590_05F68C_E633.zip,2023-07-26 05:27:57+00:00,S1A_IW_SLC__1SDV_20230726T052757_20230726T052824_049590_05F68C_E633,,Sentinel-1A,4537628816,4b10620c72f1ffe2d7f920f224fe7beb,444,SENTINEL_1A_FRAME,49590,VV+VH,2023-07-26T05:27:57Z,C-SAR,S1A_IWDV_0443_0450_049590_168,003.61,S1A_IW_SLC__1SDV_20230726T052757_20230726T052824_049590_05F68C_E633.zip,IW,['s3://asf-ngap2w-p-s1-slc-7b420b89/S1A_IW_SLC__1SDV_20230726T052757_20230726T052824_049590_05F68C_E633.zip'],2394,21.0,"{'coordinates': [[[11.457489, 43.426731], [11.901939, 45.044647], [8.643859, 45.445034], [8.291026, 43.827011], [11.457489, 43.426731]]], 'type': 'Polygon'}"
44.4471,10.0791,2023-08-07T05:28:25Z,S1A_IW_SLC__1SDV_20230807T052758_20230807T052825_049765_05FBF2_AEB1-SLC,DESCENDING,168,SLC,https://datapool.asf.alaska.edu/SLC/SA/S1A_IW_SLC__1SDV_20230807T052758_20230807T052825_049765_05FBF2_AEB1.zip,2023-08-07 05:27:58+00:00,S1A_IW_SLC__1SDV_20230807T052758_20230807T052825_049765_05FBF2_AEB1,,Sentinel-1A,4509546383,702b3af013eca26200ea805f9817a95a,444,SENTINEL_1A_FRAME,49765,VV+VH,2023-08-07T05:27:58Z,C-SAR,S1A_IWDV_0444_0449_049765_168,003.61,S1A_IW_SLC__1SDV_20230807T052758_20230807T052825_049765_05FBF2_AEB1.zip,IW,['s3://asf-ngap2w-p-s1-slc-7b420b89/S1A_IW_SLC__1SDV_20230807T052758_20230807T052825_049765_05FBF2_AEB1.zip'],2406,-56.0,"{'coordinates': [[[11.458371, 43.426582], [11.902798, 45.044376], [8.644774, 45.444763], [8.291958, 43.826866], [11.458371, 43.426582]]], 'type': 'Polygon'}"
44.4469,10.078,2023-08-19T05:28:26Z,S1A_IW_SLC__1SDV_20230819T052759_20230819T052826_049940_0601E9_17C6-SLC,DESCENDING,168,SLC,https://datapool.asf.alaska.edu/SLC/SA/S1A_IW_SLC__1SDV_20230819T052759_20230819T052826_049940_0601E9_17C6.zip,2023-08-19 05:27:59+00:00,S1A_IW_SLC__1SDV_20230819T052759_20230819T052826_049940_0601E9_17C6,,Sentinel-1A,4474053864,588d98538eda4e0d5b21f49a7b1a6a32,444,SENTINEL_1A_FRAME,49940,VV+VH,2023-08-19T05:27:59Z,C-SAR,S1A_IWDV_0443_0450_049940_168,003.61,S1A_IW_SLC__1SDV_20230819T052759_20230819T052826_049940_0601E9_17C6.zip,IW,['s3://asf-ngap2w-p-s1-slc-7b420b89/S1A_IW_SLC__1SDV_20230819T052759_20230819T052826_049940_0601E9_17C6.zip'],2418,60.0,"{'coordinates': [[[11.457372, 43.426487], [11.901736, 45.044277], [8.643533, 45.444637], [8.290779, 43.82674], [11.457372, 43.426487]]], 'type': 'Polygon'}"
44.4477,10.0787,2023-08-31T05:28:26Z,S1A_IW_SLC__1SDV_20230831T052759_20230831T052826_050115_0607E8_B60F-SLC,DESCENDING,168,SLC,https://datapool.asf.alaska.edu/SLC/SA/S1A_IW_SLC__1SDV_20230831T052759_20230831T052826_050115_0607E8_B60F.zip,2023-08-31 05:27:59+00:00,S1A_IW_SLC__1SDV_20230831T052759_20230831T052826_050115_0607E8_B60F,,Sentinel-1A,4548069557,f1badb6789c72055c2a5f331cc4ad620,444,SENTINEL_1A_FRAME,50115,VV+VH,2023-08-31T05:27:59Z,C-SAR,S1A_IWDV_0444_0449_050115_168,003.61,S1A_IW_SLC__1SDV_20230831T052759_20230831T052826_050115_0607E8_B60F.zip,IW,['s3://asf-ngap2w-p-s1-slc-7b420b89/S1A_IW_SLC__1SDV_20230831T052759_20230831T052826_050115_0607E8_B60F.zip'],2430,33.0,"{'coordinates': [[[11.458074, 43.427147], [11.902467, 45.045059], [8.644171, 45.445404], [8.291403, 43.827389], [11.458074, 43.427147]]], 'type': 'Polygon'}"
44.4483,10.0793,2023-09-12T05:28:27Z,S1A_IW_SLC__1SDV_20230912T052800_20230912T052827_050290_060DE1_B2BF-SLC,DESCENDING,168,SLC,https://datapool.asf.alaska.edu/SLC/SA/S1A_IW_SLC__1SDV_20230912T052800_20230912T052827_050290_060DE1_B2BF.zip,2023-09-12 05:28:00+00:00,S1A_IW_SLC__1SDV_20230912T052800_20230912T052827_050290_060DE1_B2BF,,Sentinel-1A,4462017002,a5f9d1e01681b570b8001e1ac9f931ae,444,SENTINEL_1A_FRAME,50290,VV+VH,2023-09-12T05:28:00Z,C-SAR,S1A_IWDV_0443_0450_050290_168,003.61,S1A_IW_SLC__1SDV_20230912T052800_20230912T052827_050290_060DE1_B2BF.zip,IW,['s3://asf-ngap2w-p-s1-slc-7b420b89/S1A_IW_SLC__1SDV_20230912T052800_20230912T052827_050290_060DE1_B2BF.zip'],2442,-1.0,"{'coordinates': [[[11.458672, 43.427902], [11.903056, 45.045563], [8.644808, 45.445965], [8.292029, 43.828201], [11.458672, 43.427902]]], 'type': 'Polygon'}"
44.4486,10.0789,2023-09-24T05:28:27Z,S1A_IW_SLC__1SDV_20230924T052800_20230924T052827_050465_0613D4_8221-SLC,DESCENDING,168,SLC,https://datapool.asf.alaska.edu/SLC/SA/S1A_IW_SLC__1SDV_20230924T052800_20230924T052827_050465_0613D4_8221.zip,2023-09-24 05:28:00+00:00,S1A_IW_SLC__1SDV_20230924T052800_20230924T052827_050465_0613D4_8221,,Sentinel-1A,4539862973,1f859618fa0c93120282a4dcb0cfaf7a,444,SENTINEL_1A_FRAME,50465,VV+VH,2023-09-24T05:28:00Z,C-SAR,S1A_IWDV_0444_0449_050465_168,003.61,S1A_IW_SLC__1SDV_20230924T052800_20230924T052827_050465_0613D4_8221.zip,IW,['s3://asf-ngap2w-p-s1-slc-7b420b89/S1A_IW_SLC__1SDV_20230924T052800_20230924T052827_050465_0613D4_8221.zip'],2454,58.0,"{'coordinates': [[[11.458294, 43.428112], [11.902761, 45.045883], [8.644322, 45.446342], [8.29148, 43.828465], [11.458294, 43.428112]]], 'type': 'Polygon'}"
44.4484,10.0806,2023-10-06T05:28:27Z,S1A_IW_SLC__1SDV_20231006T052800_20231006T052827_050640_0619D2_8AF2-SLC,DESCENDING,168,SLC,https://datapool.asf.alaska.edu/SLC/SA/S1A_IW_SLC__1SDV_20231006T052800_20231006T052827_050640_0619D2_8AF2.zip,2023-10-06 05:28:00+00:00,S1A_IW_SLC__1SDV_20231006T052800_20231006T052827_050640_0619D2_8AF2,,Sentinel-1A,8263578330,a4ff9579e74885266a86100b77d6831f,444,SENTINEL_1A_FRAME,50640,VV+VH,2023-10-06T05:28:00Z,C-SAR,S1A_IWDV_0443_0450_050640_168,003.61,S1A_IW_SLC__1SDV_20231006T052800_20231006T052827_050640_0619D2_8AF2.zip,IW,['s3://asf-ngap2w-p-s1-slc-7b420b89/S1A_IW_SLC__1SDV_20231006T052800_20231006T052827_050640_0619D2_8AF2.zip'],2466,-48.0,"{'coordinates': [[[11.460133, 43.427967], [11.904592, 45.045609], [8.646064, 45.446102], [8.293227, 43.828354], [11.460133, 43.427967]]], 'type': 'Polygon'}"
44.4482,10.0791,2023-10-18T05:28:27Z,S1A_IW_SLC__1SDV_20231018T052800_20231018T052827_050815_061FDA_F5FD-SLC,DESCENDING,168,SLC,https://datapool.asf.alaska.edu/SLC/SA/S1A_IW_SLC__1SDV_20231018T052800_20231018T052827_050815_061FDA_F5FD.zip,2023-10-18 05:28:00+00:00,S1A_IW_SLC__1SDV_20231018T052800_20231018T052827_050815_061FDA_F5FD,,Sentinel-1A,8263617523,0ce501c091a9cfaddbafe35fa77fd814,444,SENTINEL_1A_FRAME,50815,VV+VH,2023-10-18T05:28:00Z,C-SAR,S1A_IWDV_0444_0449_050815_168,003.61,S1A_IW_SLC__1SDV_20231018T052800_20231018T052827_050815_061FDA_F5FD.zip,IW,['s3://asf-ngap2w-p-s1-slc-7b420b89/S1A_IW_SLC__1SDV_20231018T052800_20231018T052827_050815_061FDA_F5FD.zip'],2478,45.0,"{'coordinates': [[[11.458578, 43.4277], [11.903022, 45.045467], [8.644547, 45.445892], [8.291736, 43.828014], [11.458578, 43.4277]]], 'type': 'Polygon'}"
44.4485,10.079,2023-10-30T05:28:27Z,S1A_IW_SLC__1SDV_20231030T052800_20231030T052827_050990_0625CB_9D51-SLC,DESCENDING,168,SLC,https://datapool.asf.alaska.edu/SLC/SA/S1A_IW_SLC__1SDV_20231030T052800_20231030T052827_050990_0625CB_9D51.zip,2023-10-30 05:28:00+00:00,S1A_IW_SLC__1SDV_20231030T052800_20231030T052827_050990_0625CB_9D51,,Sentinel-1A,8263690479,a06b5275197a84a818e564f51c6acff4,444,SENTINEL_1A_FRAME,50990,VV+VH,2023-10-30T05:28:00Z,C-SAR,S1A_IWDV_0443_0450_050990_168,003.71,S1A_IW_SLC__1SDV_20231030T052800_20231030T052827_050990_0625CB_9D51.zip,IW,['s3://asf-ngap2w-p-s1-slc-7b420b89/S1A_IW_SLC__1SDV_20231030T052800_20231030T052827_050990_0625CB_9D51.zip'],2490,65.0,"{'coordinates': [[[11.458504, 43.428139], [11.902837, 45.045666], [8.644324, 45.446045], [8.291612, 43.828411], [11.458504, 43.428139]]], 'type': 'Polygon'}"
44.4488,10.0807,2023-11-11T05:28:26Z,S1A_IW_SLC__1SDV_20231111T052759_20231111T052826_051165_062BCE_24E0-SLC,DESCENDING,168,SLC,https://datapool.asf.alaska.edu/SLC/SA/S1A_IW_SLC__1SDV_20231111T052759_20231111T052826_051165_062BCE_24E0.zip,2023-11-11 05:27:59+00:00,S1A_IW_SLC__1SDV_20231111T052759_20231111T052826_051165_062BCE_24E0,,Sentinel-1A,8263605614,4749f541b28e333fa9b117105784dd2e,444,SENTINEL_1A_FRAME,51165,VV+VH,2023-11-11T05:27:59Z,C-SAR,S1A_IWDV_0443_0450_051165_168,003.71,S1A_IW_SLC__1SDV_20231111T052759_20231111T052826_051165_062BCE_24E0.zip,IW,['s3://asf-ngap2w-p-s1-slc-7b420b89/S1A_IW_SLC__1SDV_20231111T052759_20231111T052826_051165_062BCE_24E0.zip'],2502,-14.0,"{'coordinates': [[[11.460269, 43.428276], [11.90477, 45.046158], [8.646045, 45.446617], [8.293196, 43.828625], [11.460269, 43.428276]]], 'type': 'Polygon'}"
44.4472,10.0811,2023-11-23T05:28:26Z,S1A_IW_SLC__1SDV_20231123T052759_20231123T052826_051340_0631DC_C848-SLC,DESCENDING,168,SLC,https://datapool.asf.alaska.edu/SLC/SA/S1A_IW_SLC__1SDV_20231123T052759_20231123T052826_051340_0631DC_C848.zip,2023-11-23 05:27:59+00:00,S1A_IW_SLC__1SDV_20231123T052759_20231123T052826_051340_0631DC_C848,,Sentinel-1A,8263691374,75fd3e57678d4e93858090c1bcdad485,444,SENTINEL_1A_FRAME,51340,VV+VH,2023-11-23T05:27:59Z,C-SAR,S1A_IWDV_0443_0450_051340_168,003.71,S1A_IW_SLC__1SDV_20231123T052759_20231123T052826_051340_0631DC_C848.zip,IW,['s3://asf-ngap2w-p-s1-slc-7b420b89/S1A_IW_SLC__1SDV_20231123T052759_20231123T052826_051340_0631DC_C848.zip'],2514,-79.0,"{'coordinates': [[[11.460546, 43.426731], [11.905013, 45.044365], [8.646456, 45.44487], [8.293615, 43.827126], [11.460546, 43.426731]]], 'type': 'Polygon'}"
44.4474,10.0799,2023-12-05T05:28:26Z,S1A_IW_SLC__1SDV_20231205T052759_20231205T052826_051515_0637DD_F32E-SLC,DESCENDING,168,SLC,https://datapool.asf.alaska.edu/SLC/SA/S1A_IW_SLC__1SDV_20231205T052759_20231205T052826_051515_0637DD_F32E.zip,2023-12-05 05:27:59+00:00,S1A_IW_SLC__1SDV_20231205T052759_20231205T052826_051515_0637DD_F32E,,Sentinel-1A,8263622972,1909a894211d1f25c933a137ffe06238,444,SENTINEL_1A_FRAME,51515,VV+VH,2023-12-05T05:27:59Z,C-SAR,S1A_IWDV_0443_0450_051515_168,003.71,S1A_IW_SLC__1SDV_20231205T052759_20231205T052826_051515_0637DD_F32E.zip,IW,['s3://asf-ngap2w-p-s1-slc-7b420b89/S1A_IW_SLC__1SDV_20231205T052759_20231205T052826_051515_0637DD_F32E.zip'],2526,3.0,"{'coordinates': [[[11.459419, 43.426918], [11.903898, 45.044548], [8.645338, 45.445057], [8.29249, 43.827316], [11.459419, 43.426918]]], 'type': 'Polygon'}"
44.4473,10.0792,2023-12-17T05:28:25Z,S1A_IW_SLC__1SDV_20231217T052758_20231217T052825_051690_063DFB_A400-SLC,DESCENDING,168,SLC,https://datapool.asf.alaska.edu/SLC/SA/S1A_IW_SLC__1SDV_20231217T052758_20231217T052825_051690_063DFB_A400.zip,2023-12-17 05:27:58+00:00,S1A_IW_SLC__1SDV_20231217T052758_20231217T052825_051690_063DFB_A400,,Sentinel-1A,8263662816,4edec3682adf4a6682704b9c3a762e7d,444,SENTINEL_1A_FRAME,51690,VV+VH,2023-12-17T05:27:58Z,C-SAR,S1A_IWDV_0444_0449_051690_168,003.71,S1A_IW_SLC__1SDV_20231217T052758_20231217T052825_051690_063DFB_A400.zip,IW,['s3://asf-ngap2w-p-s1-slc-7b420b89/S1A_IW_SLC__1SDV_20231217T052758_20231217T052825_051690_063DFB_A400.zip'],2538,64.0,"{'coordinates': [[[11.458694, 43.426773], [11.903152, 45.044533], [8.644548, 45.445007], [8.291723, 43.827137], [11.458694, 43.426773]]], 'type': 'Polygon'}"
44.4478,10.0791,2023-12-29T05:28:24Z,S1A_IW_SLC__1SDV_20231229T052757_20231229T052824_051865_06440B_8521-SLC,DESCENDING,168,SLC,https://datapool.asf.alaska.edu/SLC/SA/S1A_IW_SLC__1SDV_20231229T052757_20231229T052824_051865_06440B_8521.zip,2023-12-29 05:27:57+00:00,S1A_IW_SLC__1SDV_20231229T052757_20231229T052824_051865_06440B_8521,,Sentinel-1A,8263659674,e48e42245485efcbb09761deecd304cf,444,SENTINEL_1A_FRAME,51865,VV+VH,2023-12-29T05:27:57Z,C-SAR,S1A_IWDV_0443_0450_051865_168,003.71,S1A_IW_SLC__1SDV_20231229T052757_20231229T052824_051865_06440B_8521.zip,IW,['s3://asf-ngap2w-p-s1-slc-7b420b89/S1A_IW_SLC__1SDV_20231229T052757_20231229T052824_051865_06440B_8521.zip'],2550,60.0,"{'coordinates': [[[11.458676, 43.427456], [11.903031, 45.044975], [8.644471, 45.445385], [8.29174, 43.827755], [11.458676, 43.427456]]], 'type': 'Polygon'}"
44.4474,10.0792,2024-01-10T05:28:24Z,S1A_IW_SLC__1SDV_20240110T052757_20240110T052824_052040_064A04_BE7A-SLC,DESCENDING,168,SLC,https://datapool.asf.alaska.edu/SLC/SA/S1A_IW_SLC__1SDV_20240110T052757_20240110T052824_052040_064A04_BE7A.zip,2024-01-10 05:27:57+00:00,S1A_IW_SLC__1SDV_20240110T052757_20240110T052824_052040_064A04_BE7A,,Sentinel-1A,8263711848,54fb050da92e83fac1f0def497580de3,444,SENTINEL_1A_FRAME,52040,VV+VH,2024-01-10T05:27:57Z,C-SAR,S1A_IWDV_0443_0450_052040_168,003.71,S1A_IW_SLC__1SDV_20240110T052757_20240110T052824_052040_064A04_BE7A.zip,IW,['s3://asf-ngap2w-p-s1-slc-7b420b89/S1A_IW_SLC__1SDV_20240110T052757_20240110T052824_052040_064A04_BE7A.zip'],2562,26.0,"{'coordinates': [[[11.458691, 43.426884], [11.903084, 45.044655], [8.644633, 45.445042], [8.291868, 43.827164], [11.458691, 43.426884]]], 'type': 'Polygon'}"
44.4476,10.0797,2024-01-22T05:28:24Z,S1A_IW_SLC__1SDV_20240122T052757_20240122T052824_052215_064FE6_7F94-SLC,DESCENDING,168,SLC,https://datapool.asf.alaska.edu/SLC/SA/S1A_IW_SLC__1SDV_20240122T052757_20240122T052824_052215_064FE6_7F94.zip,2024-01-22 05:27:57+00:00,S1A_IW_SLC__1SDV_20240122T052757_20240122T052824_052215_064FE6_7F94,,Sentinel-1A,8263658293,77a6cdaa186d4c5a86be1ec086f1a6fd,444,SENTINEL_1A_FRAME,52215,VV+VH,2024-01-22T05:27:57Z,C-SAR,S1A_IWDV_0443_0450_052215_168,003.71,S1A_IW_SLC__1SDV_20240122T052757_20240122T052824_052215_064FE6_7F94.zip,IW,['s3://asf-ngap2w-p-s1-slc-7b420b89/S1A_IW_SLC__1SDV_20240122T052757_20240122T052824_052215_064FE6_7F94.zip'],2574,24.0,"{'coordinates': [[[11.459186, 43.42712], [11.903618, 45.044758], [8.645042, 45.445221], [8.29224, 43.827473], [11.459186, 43.42712]]], 'type': 'Polygon'}"
44.4475,10.0804,2024-02-03T05:28:23Z,S1A_IW_SLC__1SDV_20240203T052756_20240203T052823_052390_0655D1_FAA4-SLC,DESCENDING,168,SLC,https://datapool.asf.alaska.edu/SLC/SA/S1A_IW_SLC__1SDV_20240203T052756_20240203T052823_052390_0655D1_FAA4.zip,2024-02-03 05:27:56+00:00,S1A_IW_SLC__1SDV_20240203T052756_20240203T052823_052390_0655D1_FAA4,,Sentinel-1A,8263725021,1594bc39b80d5069b9dc40e1076184c8,444,SENTINEL_1A_FRAME,52390,VV+VH,2024-02-03T05:27:56Z,C-SAR,S1A_IWDV_0443_0450_052390_168,003.71,S1A_IW_SLC__1SDV_20240203T052756_20240203T052823_052390_0655D1_FAA4.zip,IW,['s3://asf-ngap2w-p-s1-slc-7b420b89/S1A_IW_SLC__1SDV_20240203T052756_20240203T052823_052390_0655D1_FAA4.zip'],2586,-61.0,"{'coordinates': [[[11.459794, 43.427017], [11.904272, 45.044785], [8.645856, 45.445244], [8.293009, 43.827366], [11.459794, 43.427017]]], 'type': 'Polygon'}"
44.4475,10.0797,2024-02-15T05:28:23Z,S1A_IW_SLC__1SDV_20240215T052756_20240215T052823_052565_065BBA_BFC6-SLC,DESCENDING,168,SLC,https://datapool.asf.alaska.edu/SLC/SA/S1A_IW_SLC__1SDV_20240215T052756_20240215T052823_052565_065BBA_BFC6.zip,2024-02-15 05:27:56+00:00,S1A_IW_SLC__1SDV_20240215T052756_20240215T052823_052565_065BBA_BFC6,,Sentinel-1A,8263723939,604e53ecbe320c366d88b8b7a112a073,444,SENTINEL_1A_FRAME,52565,VV+VH,2024-02-15T05:27:56Z,C-SAR,S1A_IWDV_0443_0450_052565_168,003.71,S1A_IW_SLC__1SDV_20240215T052756_20240215T052823_052565_065BBA_BFC6.zip,IW,['s3://asf-ngap2w-p-s1-slc-7b420b89/S1A_IW_SLC__1SDV_20240215T052756_20240215T052823_052565_065BBA_BFC6.zip'],2598,-30.0,"{'coordinates': [[[11.459188, 43.427608], [11.903325, 45.044151], [8.645047, 45.444595], [8.292468, 43.827946], [11.459188, 43.427608]]], 'type': 'Polygon'}"
44.4488,10.0788,2024-02-27T05:28:23Z,S1A_IW_SLC__1SDV_20240227T052756_20240227T052823_052740_0661B3_D2A7-SLC,DESCENDING,168,SLC,https://datapool.asf.alaska.edu/SLC/SA/S1A_IW_SLC__1SDV_20240227T052756_20240227T052823_052740_0661B3_D2A7.zip,2024-02-27 05:27:56+00:00,S1A_IW_SLC__1SDV_20240227T052756_20240227T052823_052740_0661B3_D2A7,,Sentinel-1A,8263793573,186563ec40e4b3c3576163cd3dfc904b,444,SENTINEL_1A_FRAME,52740,VV+VH,2024-02-27T05:27:56Z,C-SAR,S1A_IWDV_0443_0450_052740_168,003.71,S1A_IW_SLC__1SDV_20240227T052756_20240227T052823_052740_0661B3_D2A7.zip,IW,['s3://asf-ngap2w-p-s1-slc-7b420b89/S1A_IW_SLC__1SDV_20240227T052756_20240227T052823_052740_0661B3_D2A7.zip'],2610,19.0,"{'coordinates': [[[11.458129, 43.428345], [11.902539, 45.046005], [8.644322, 45.446396], [8.291531, 43.828625], [11.458129, 43.428345]]], 'type': 'Polygon'}"
44.4485,10.079,2024-03-10T05:28:23Z,S1A_IW_SLC__1SDV_20240310T052756_20240310T052823_052915_0667A2_4638-SLC,DESCENDING,168,SLC,https://datapool.asf.alaska.edu/SLC/SA/S1A_IW_SLC__1SDV_20240310T052756_20240310T052823_052915_0667A2_4638.zip,2024-03-10 05:27:56+00:00,S1A_IW_SLC__1SDV_20240310T052756_20240310T052823_052915_0667A2_4638,,Sentinel-1A,8263568511,85cfaf4cb8cba564eb0dc20062afd825,444,SENTINEL_1A_FRAME,52915,VV+VH,2024-03-10T05:27:56Z,C-SAR,S1A_IWDV_0443_0450_052915_168,003.71,S1A_IW_SLC__1SDV_20240310T052756_20240310T052823_052915_0667A2_4638.zip,IW,['s3://asf-ngap2w-p-s1-slc-7b420b89/S1A_IW_SLC__1SDV_20240310T052756_20240310T052823_052915_0667A2_4638.zip'],2622,-7.0,"{'coordinates': [[[11.458344, 43.428059], [11.902719, 45.045727], [8.64458, 45.446083], [8.291817, 43.828312], [11.458344, 43.428059]]], 'type': 'Polygon'}"
44.4472,10.0782,2024-03-22T05:28:23Z,S1A_IW_SLC__1SDV_20240322T052756_20240322T052823_053090_066E23_CB50-SLC,DESCENDING,168,SLC,https://datapool.asf.alaska.edu/SLC/SA/S1A_IW_SLC__1SDV_20240322T052756_20240322T052823_053090_066E23_CB50.zip,2024-03-22 05:27:56+00:00,S1A_IW_SLC__1SDV_20240322T052756_20240322T052823_053090_066E23_CB50,,Sentinel-1A,8263749919,5cb3480e4728f966e5c0b4ef9e504d17,444,SENTINEL_1A_FRAME,53090,VV+VH,2024-03-22T05:27:56Z,C-SAR,S1A_IWDV_0443_0450_053090_168,003.71,S1A_IW_SLC__1SDV_20240322T052756_20240322T052823_053090_066E23_CB50.zip,IW,['s3://asf-ngap2w-p-s1-slc-7b420b89/S1A_IW_SLC__1SDV_20240322T052756_20240322T052823_053090_066E23_CB50.zip'],2634,-23.0,"{'coordinates': [[[11.457397, 43.426842], [11.901758, 45.044521], [8.643893, 45.444855], [8.291132, 43.827068], [11.457397, 43.426842]]], 'type': 'Polygon'}"
44.4471,10.0788,2024-04-03T05:28:24Z,S1A_IW_SLC__1SDV_20240403T052757_20240403T052824_053265_0674B9_97E5-SLC,DESCENDING,168,SLC,https://datapool.asf.alaska.edu/SLC/SA/S1A_IW_SLC__1SDV_20240403T052757_20240403T052824_053265_0674B9_97E5.zip,2024-04-03 05:27:57+00:00,S1A_IW_SLC__1SDV_20240403T052757_20240403T052824_053265_0674B9_97E5,,Sentinel-1A,8263720001,f68cbabadee4b032ca775489daf6ea7b,444,SENTINEL_1A_FRAME,53265,VV+VH,2024-04-03T05:27:57Z,C-SAR,S1A_IWDV_0443_0450_053265_168,003.71,S1A_IW_SLC__1SDV_20240403T052757_20240403T052824_053265_0674B9_97E5.zip,IW,['s3://asf-ngap2w-p-s1-slc-7b420b89/S1A_IW_SLC__1SDV_20240403T052757_20240403T052824_053265_0674B9_97E5.zip'],2646,-12.0,"{'coordinates': [[[11.458144, 43.42659], [11.902571, 45.044376], [8.644442, 45.444794], [8.291622, 43.826904], [11.458144, 43.42659]]], 'type': 'Polygon'}"
44.4469,10.0821,2024-04-15T05:28:23Z,S1A_IW_SLC__1SDV_20240415T052756_20240415T052823_053440_067BAC_6BFF-SLC,DESCENDING,168,SLC,https://datapool.asf.alaska.edu/SLC/SA/S1A_IW_SLC__1SDV_20240415T052756_20240415T052823_053440_067BAC_6BFF.zip,2024-04-15 05:27:56+00:00,S1A_IW_SLC__1SDV_20240415T052756_20240415T052823_053440_067BAC_6BFF,,Sentinel-1A,8263732938,fa10f0733618182c50c899126db4ad1f,444,SENTINEL_1A_FRAME,53440,VV+VH,2024-04-15T05:27:56Z,C-SAR,S1A_IWDV_0443_0450_053440_168,003.71,S1A_IW_SLC__1SDV_20240415T052756_20240415T052823_053440_067BAC_6BFF.zip,IW,['s3://asf-ngap2w-p-s1-slc-7b420b89/S1A_IW_SLC__1SDV_20240415T052756_20240415T052823_053440_067BAC_6BFF.zip'],2658,-209.0,"{'coordinates': [[[11.461562, 43.426487], [11.905937, 45.044147], [8.647602, 45.444572], [8.294832, 43.826809], [11.461562, 43.426487]]], 'type': 'Polygon'}"
44.4486,10.0777,2024-04-27T05:28:24Z,S1A_IW_SLC__1SDV_20240427T052757_20240427T052824_053615_06828C_0B08-SLC,DESCENDING,168,SLC,https://datapool.asf.alaska.edu/SLC/SA/S1A_IW_SLC__1SDV_20240427T052757_20240427T052824_053615_06828C_0B08.zip,2024-04-27 05:27:57+00:00,S1A_IW_SLC__1SDV_20240427T052757_20240427T052824_053615_06828C_0B08,,Sentinel-1A,8263687116,0d64545ca3ee9ff10a33f9bd1b1bdf1e,444,SENTINEL_1A_FRAME,53615,VV+VH,2024-04-27T05:27:57Z,C-SAR,S1A_IWDV_0443_0450_053615_168,003.71,S1A_IW_SLC__1SDV_20240427T052757_20240427T052824_053615_06828C_0B08.zip,IW,['s3://asf-ngap2w-p-s1-slc-7b420b89/S1A_IW_SLC__1SDV_20240427T052757_20240427T052824_053615_06828C_0B08.zip'],2670,110.0,"{'coordinates': [[[11.457118, 43.4282], [11.901422, 45.045868], [8.643116, 45.446186], [8.290423, 43.828415], [11.457118, 43.4282]]], 'type': 'Polygon'}"
44.4488,10.0754,2024-05-09T05:28:25Z,S1A_IW_SLC__1SDV_20240509T052758_20240509T052825_053790_06895D_AB4D-SLC,DESCENDING,168,SLC,https://datapool.asf.alaska.edu/SLC/SA/S1A_IW_SLC__1SDV_20240509T052758_20240509T052825_053790_06895D_AB4D.zip,2024-05-09 05:27:58+00:00,S1A_IW_SLC__1SDV_20240509T052758_20240509T052825_053790_06895D_AB4D,,Sentinel-1A,8263715621,bdece9738b5c2a666240d314a26822d5,444,SENTINEL_1A_FRAME,53790,VV+VH,2024-05-09T05:27:58Z,C-SAR,S1A_IWDV_0443_0450_053790_168,003.71,S1A_IW_SLC__1SDV_20240509T052758_20240509T052825_053790_06895D_AB4D.zip,IW,['s3://asf-ngap2w-p-s1-slc-7b420b89/S1A_IW_SLC__1SDV_20240509T052758_20240509T052825_053790_06895D_AB4D.zip'],2682,261.0,"{'coordinates': [[[11.454857, 43.428364], [11.899146, 45.046295], [8.640885, 45.446518], [8.28822, 43.828487], [11.454857, 43.428364]]], 'type': 'Polygon'}"
44.4475,10.0761,2024-05-21T05:28:24Z,S1A_IW_SLC__1SDV_20240521T052757_20240521T052824_053965_068F5D_8438-SLC,DESCENDING,168,SLC,https://datapool.asf.alaska.edu/SLC/SA/S1A_IW_SLC__1SDV_20240521T052757_20240521T052824_053965_068F5D_8438.zip,2024-05-21 05:27:57+00:00,S1A_IW_SLC__1SDV_20240521T052757_20240521T052824_053965_068F5D_8438,,Sentinel-1A,8263765769,08c33c62b2fa18bbd31847fd79c29a4e,444,SENTINEL_1A_FRAME,53965,VV+VH,2024-05-21T05:27:57Z,C-SAR,S1A_IWDV_0443_0450_053965_168,003.71,S1A_IW_SLC__1SDV_20240521T052757_20240521T052824_053965_068F5D_8438.zip,IW,['s3://asf-ngap2w-p-s1-slc-7b420b89/S1A_IW_SLC__1SDV_20240521T052757_20240521T052824_053965_068F5D_8438.zip'],2694,144.0,"{'coordinates': [[[11.455449, 43.427017], [11.899695, 45.044956], [8.641698, 45.44511], [8.28907, 43.827068], [11.455449, 43.427017]]], 'type': 'Polygon'}"
44.4477,10.0754,2024-06-02T05:28:24Z,S1A_IW_SLC__1SDV_20240602T052757_20240602T052824_054140_06956E_D3DA-SLC,DESCENDING,168,SLC,https://datapool.asf.alaska.edu/SLC/SA/S1A_IW_SLC__1SDV_20240602T052757_20240602T052824_054140_06956E_D3DA.zip,2024-06-02 05:27:57+00:00,S1A_IW_SLC__1SDV_20240602T052757_20240602T052824_054140_06956E_D3DA,,Sentinel-1A,8263648594,179363f0d02ae3171c27624e4a3d57e3,444,SENTINEL_1A_FRAME,54140,VV+VH,2024-06-02T05:27:57Z,C-SAR,S1A_IWDV_0444_0449_054140_168,003.71,S1A_IW_SLC__1SDV_20240602T052757_20240602T052824_054140_06956E_D3DA.zip,IW,['s3://asf-ngap2w-p-s1-slc-7b420b89/S1A_IW_SLC__1SDV_20240602T052757_20240602T052824_054140_06956E_D3DA.zip'],2706,258.0,"{'coordinates': [[[11.45491, 43.427536], [11.899029, 45.044971], [8.640774, 45.445175], [8.288249, 43.827641], [11.45491, 43.427536]]], 'type': 'Polygon'}"
44.4478,10.0756,2024-06-14T05:28:23Z,S1A_IW_SLC__1SDV_20240614T052756_20240614T052823_054315_069B7A_62E6-SLC,DESCENDING,168,SLC,https://datapool.asf.alaska.edu/SLC/SA/S1A_IW_SLC__1SDV_20240614T052756_20240614T052823_054315_069B7A_62E6.zip,2024-06-14 05:27:56+00:00,S1A_IW_SLC__1SDV_20240614T052756_20240614T052823_054315_069B7A_62E6,,Sentinel-1A,8263640052,0f51ea7d6247f6d14884bb8a1d3e4abf,444,SENTINEL_1A_FRAME,54315,VV+VH,2024-06-14T05:27:56Z,C-SAR,S1A_IWDV_0443_0450_054315_168,003.80,S1A_IW_SLC__1SDV_20240614T052756_20240614T052823_054315_069B7A_62E6.zip,IW,['s3://asf-ngap2w-p-s1-slc-7b420b89/S1A_IW_SLC__1SDV_20240614T052756_20240614T052823_054315_069B7A_62E6.zip'],2718,232.0,"{'coordinates': [[[11.455089, 43.427353], [11.899344, 45.045284], [8.641109, 45.445484], [8.288475, 43.827454], [11.455089, 43.427353]]], 'type': 'Polygon'}"
44.4491,10.0724,2024-06-26T05:28:23Z,S1A_IW_SLC__1SDV_20240626T052756_20240626T052823_054490_06A192_EDDB-SLC,DESCENDING,168,SLC,https://datapool.asf.alaska.edu/SLC/SA/S1A_IW_SLC__1SDV_20240626T052756_20240626T052823_054490_06A192_EDDB.zip,2024-06-26 05:27:56+00:00,S1A_IW_SLC__1SDV_20240626T052756_20240626T052823_054490_06A192_EDDB,,Sentinel-1A,4577255952,e56212dc834e60273dfcc8714fbd1d7f,444,SENTINEL_1A_FRAME,54490,VV+VH,2024-06-26T05:27:56Z,C-SAR,S1A_IWDV_0444_0449_054490_168,003.80,S1A_IW_SLC__1SDV_20240626T052756_20240626T052823_054490_06A192_EDDB.zip,IW,['s3://asf-ngap2w-p-s1-slc-7b420b89/S1A_IW_SLC__1SDV_20240626T052756_20240626T052823_054490_06A192_EDDB.zip'],2730,187.0,"{'coordinates': [[[11.448068, 43.429451], [11.891979, 45.047024], [8.641837, 45.446072], [8.289303, 43.828407], [11.448068, 43.429451]]], 'type': 'Polygon'}"
44.4481,10.0706,2024-07-08T05:28:22Z,S1A_IW_SLC__1SDV_20240708T052755_20240708T052822_054665_06A7A7_47A9-SLC,DESCENDING,168,SLC,https://datapool.asf.alaska.edu/SLC/SA/S1A_IW_SLC__1SDV_20240708T052755_20240708T052822_054665_06A7A7_47A9.zip,2024-07-08 05:27:55+00:00,S1A_IW_SLC__1SDV_20240708T052755_20240708T052822_054665_06A7A7_47A9,,Sentinel-1A,4525624000,b504f9480544eba88f24990ee1950baf,444,SENTINEL_1A_FRAME,54665,VV+VH,2024-07-08T05:27:55Z,C-SAR,S1A_IWDV_0443_0450_054665_168,003.80,S1A_IW_SLC__1SDV_20240708T052755_20240708T052822_054665_06A7A7_47A9.zip,IW,['s3://asf-ngap2w-p-s1-slc-7b420b89/S1A_IW_SLC__1SDV_20240708T052755_20240708T052822_054665_06A7A7_47A9.zip'],2742,266.0,"{'coordinates': [[[11.446194, 43.428455], [11.89008, 45.046036], [8.640054, 45.445045], [8.287543, 43.827374], [11.446194, 43.428455]]], 'type': 'Polygon'}"
44.4481,10.0722,2024-07-20T05:28:22Z,S1A_IW_SLC__1SDV_20240720T052755_20240720T052822_054840_06ADB3_9DD4-SLC,DESCENDING,168,SLC,https://datapool.asf.alaska.edu/SLC/SA/S1A_IW_SLC__1SDV_20240720T052755_20240720T052822_054840_06ADB3_9DD4.zip,2024-07-20 05:27:55+00:00,S1A_IW_SLC__1SDV_20240720T052755_20240720T052822_054840_06ADB3_9DD4,,Sentinel-1A,4588158969,3e0299ee794585e8bc99d5b641774c8c,444,SENTINEL_1A_FRAME,54840,VV+VH,2024-07-20T05:27:55Z,C-SAR,S1A_IWDV_0444_0449_054840_168,003.80,S1A_IW_SLC__1SDV_20240720T052755_20240720T052822_054840_06ADB3_9DD4.zip,IW,['s3://asf-ngap2w-p-s1-slc-7b420b89/S1A_IW_SLC__1SDV_20240720T052755_20240720T052822_054840_06ADB3_9DD4.zip'],2754,168.0,"{'coordinates': [[[11.447837, 43.428307], [11.891808, 45.046131], [8.641674, 45.445179], [8.289093, 43.827267], [11.447837, 43.428307]]], 'type': 'Polygon'}"
44.4483,10.0698,2024-08-01T05:28:22Z,S1A_IW_SLC__1SDV_20240801T052755_20240801T052822_055015_06B3CE_8354-SLC,DESCENDING,168,SLC,https://datapool.asf.alaska.edu/SLC/SA/S1A_IW_SLC__1SDV_20240801T052755_20240801T052822_055015_06B3CE_8354.zip,2024-08-01 05:27:55+00:00,S1A_IW_SLC__1SDV_20240801T052755_20240801T052822_055015_06B3CE_8354,,Sentinel-1A,4495390907,f1d8fb1ac941f560bb25d44f4ab78d6a,444,SENTINEL_1A_FRAME,55015,VV+VH,2024-08-01T05:27:55Z,C-SAR,S1A_IWDV_0443_0450_055015_168,003.80,S1A_IW_SLC__1SDV_20240801T052755_20240801T052822_055015_06B3CE_8354.zip,IW,['s3://asf-ngap2w-p-s1-slc-7b420b89/S1A_IW_SLC__1SDV_20240801T052755_20240801T052822_055015_06B3CE_8354.zip'],2766,199.0,"{'coordinates': [[[11.443417, 43.428833], [11.887339, 45.04665], [8.641456, 45.44519], [8.288801, 43.827282], [11.443417, 43.428833]]], 'type': 'Polygon'}"
44.4476,10.0738,2024-08-13T05:28:21Z,S1A_IW_SLC__1SDV_20240813T052755_20240813T052821_055190_06BA07_09F5-SLC,DESCENDING,168,SLC,https://datapool.asf.alaska.edu/SLC/SA/S1A_IW_SLC__1SDV_20240813T052755_20240813T052821_055190_06BA07_09F5.zip,2024-08-13 05:27:55+00:00,S1A_IW_SLC__1SDV_20240813T052755_20240813T052821_055190_06BA07_09F5,,Sentinel-1A,4497149314,64c2c83d949d4eece1d0403b62fd00a9,444,SENTINEL_1A_FRAME,55190,VV+VH,2024-08-13T05:27:55Z,C-SAR,S1A_IWDV_0443_0450_055190_168,003.80,S1A_IW_SLC__1SDV_20240813T052755_20240813T052821_055190_06BA07_09F5.zip,IW,['s3://asf-ngap2w-p-s1-slc-7b420b89/S1A_IW_SLC__1SDV_20240813T052755_20240813T052821_055190_06BA07_09F5.zip'],2778,-22.0,"{'coordinates': [[[11.449193, 43.427837], [11.893259, 45.045536], [8.643503, 45.444683], [8.290808, 43.826889], [11.449193, 43.427837]]], 'type': 'Polygon'}"
44.4481,10.0717,2024-08-25T05:28:22Z,S1A_IW_SLC__1SDV_20240825T052755_20240825T052822_055365_06C085_AB4A-SLC,DESCENDING,168,SLC,https://datapool.asf.alaska.edu/SLC/SA/S1A_IW_SLC__1SDV_20240825T052755_20240825T052822_055365_06C085_AB4A.zip,2024-08-25 05:27:55+00:00,S1A_IW_SLC__1SDV_20240825T052755_20240825T052822_055365_06C085_AB4A,,Sentinel-1A,4485648370,34bb067cba1b7935d407c5119eaac712,444,SENTINEL_1A_FRAME,55365,VV+VH,2024-08-25T05:27:55Z,C-SAR,S1A_IWDV_0444_0449_055365_168,003.80,S1A_IW_SLC__1SDV_20240825T052755_20240825T052822_055365_06C085_AB4A.zip,IW,['s3://asf-ngap2w-p-s1-slc-7b420b89/S1A_IW_SLC__1SDV_20240825T052755_20240825T052822_055365_06C085_AB4A.zip'],2790,27.0,"{'coordinates': [[[11.445184, 43.428654], [11.889161, 45.046215], [8.643474, 45.444855], [8.290748, 43.827198], [11.445184, 43.428654]]], 'type': 'Polygon'}"
44.4466,10.0783,2024-09-06T05:28:22Z,S1A_IW_SLC__1SDV_20240906T052755_20240906T052822_055540_06C715_B502-SLC,DESCENDING,168,SLC,https://datapool.asf.alaska.edu/SLC/SA/S1A_IW_SLC__1SDV_20240906T052755_20240906T052822_055540_06C715_B502.zip,2024-09-06 05:27:55+00:00,S1A_IW_SLC__1SDV_20240906T052755_20240906T052822_055540_06C715_B502,,Sentinel-1A,4608415449,87c0369761763a9ae72eb3d68cd137ce,444,SENTINEL_1A_FRAME,55540,VV+VH,2024-09-06T05:27:55Z,C-SAR,S1A_IWDV_0443_0450_055540_168,003.80,S1A_IW_SLC__1SDV_20240906T052755_20240906T052822_055540_06C715_B502.zip,IW,['s3://asf-ngap2w-p-s1-slc-7b420b89/S1A_IW_SLC__1SDV_20240906T052755_20240906T052822_055540_06C715_B502.zip'],2802,-16.0,"{'coordinates': [[[11.457535, 43.426243], [11.901879, 45.043922], [8.64393, 45.444244], [8.291191, 43.826462], [11.457535, 43.426243]]], 'type': 'Polygon'}"
44.4468,10.0781,2024-09-18T05:28:23Z,S1A_IW_SLC__1SDV_20240918T052756_20240918T052823_055715_06CE01_D195-SLC,DESCENDING,168,SLC,https://datapool.asf.alaska.edu/SLC/SA/S1A_IW_SLC__1SDV_20240918T052756_20240918T052823_055715_06CE01_D195.zip,2024-09-18 05:27:56+00:00,S1A_IW_SLC__1SDV_20240918T052756_20240918T052823_055715_06CE01_D195,,Sentinel-1A,4613886188,a9bc0c04984abc19f32cede4d8e359e5,444,SENTINEL_1A_FRAME,55715,VV+VH,2024-09-18T05:27:56Z,C-SAR,S1A_IWDV_0443_0450_055715_168,003.80,S1A_IW_SLC__1SDV_20240918T052756_20240918T052823_055715_06CE01_D195.zip,IW,['s3://asf-ngap2w-p-s1-slc-7b420b89/S1A_IW_SLC__1SDV_20240918T052756_20240918T052823_055715_06CE01_D195.zip'],2814,41.0,"{'coordinates': [[[11.457438, 43.426315], [11.901817, 45.044106], [8.643663, 45.444466], [8.290896, 43.826572], [11.457438, 43.426315]]], 'type': 'Polygon'}"
44.4475,10.0797,2024-09-30T05:28:23Z,S1A_IW_SLC__1SDV_20240930T052756_20240930T052823_055890_06D4F1_5BCD-SLC,DESCENDING,168,SLC,https://datapool.asf.alaska.edu/SLC/SA/S1A_IW_SLC__1SDV_20240930T052756_20240930T052823_055890_06D4F1_5BCD.zip,2024-09-30 05:27:56+00:00,S1A_IW_SLC__1SDV_20240930T052756_20240930T052823_055890_06D4F1_5BCD,,Sentinel-1A,4521691243,d753db4b1cd901f15a1d71a45c7fb37f,444,SENTINEL_1A_FRAME,55890,VV+VH,2024-09-30T05:27:56Z,C-SAR,S1A_IWDV_0444_0449_055890_168,003.80,S1A_IW_SLC__1SDV_20240930T052756_20240930T052823_055890_06D4F1_5BCD.zip,IW,['s3://asf-ngap2w-p-s1-slc-7b420b89/S1A_IW_SLC__1SDV_20240930T052756_20240930T052823_055890_06D4F1_5BCD.zip'],2826,-68.0,"{'coordinates': [[[11.459007, 43.426994], [11.903428, 45.044785], [8.645278, 45.445179], [8.29247, 43.827286], [11.459007, 43.426994]]], 'type': 'Polygon'}"
44.4472,10.0818,2024-10-12T05:28:23Z,S1A_IW_SLC__1SDV_20241012T052756_20241012T052823_056065_06DBD4_B7B5-SLC,DESCENDING,168,SLC,https://datapool.asf.alaska.edu/SLC/SA/S1A_IW_SLC__1SDV_20241012T052756_20241012T052823_056065_06DBD4_B7B5.zip,2024-10-12 05:27:56+00:00,S1A_IW_SLC__1SDV_20241012T052756_20241012T052823_056065_06DBD4_B7B5,,Sentinel-1A,4567826454,5d3ef95a9c744dd19a7b5fad82fdd8cb,444,SENTINEL_1A_FRAME,56065,VV+VH,2024-10-12T05:27:56Z,C-SAR,S1A_IWDV_0444_0449_056065_168,003.80,S1A_IW_SLC__1SDV_20241012T052756_20241012T052823_056065_06DBD4_B7B5.zip,IW,['s3://asf-ngap2w-p-s1-slc-7b420b89/S1A_IW_SLC__1SDV_20241012T052756_20241012T052823_056065_06DBD4_B7B5.zip'],2838,-165.0,"{'coordinates': [[[11.461183, 43.426689], [11.905656, 45.04446], [8.647267, 45.444954], [8.294408, 43.82708], [11.461183, 43.426689]]], 'type': 'Polygon'}"
44.447,10.0829,2024-10-24T05:28:23Z,S1A_IW_SLC__1SDV_20241024T052756_20241024T052823_056240_06E2C2_6986-SLC,DESCENDING,168,SLC,https://datapool.asf.alaska.edu/SLC/SA/S1A_IW_SLC__1SDV_20241024T052756_20241024T052823_056240_06E2C2_6986.zip,2024-10-24 05:27:56+00:00,S1A_IW_SLC__1SDV_20241024T052756_20241024T052823_056240_06E2C2_6986,,Sentinel-1A,4641364813,38c5a238c6c2be53c7cac50f78e9eb1e,444,SENTINEL_1A_FRAME,56240,VV+VH,2024-10-24T05:27:56Z,C-SAR,S1A_IWDV_0443_0450_056240_168,003.80,S1A_IW_SLC__1SDV_20241024T052756_20241024T052823_056240_06E2C2_6986.zip,IW,['s3://asf-ngap2w-p-s1-slc-7b420b89/S1A_IW_SLC__1SDV_20241024T052756_20241024T052823_056240_06E2C2_6986.zip'],2850,-241.0,"{'coordinates': [[[11.462308, 43.426479], [11.90677, 45.04425], [8.648356, 45.444736], [8.295509, 43.826859], [11.462308, 43.426479]]], 'type': 'Polygon'}"
44.447,10.0791,2024-11-05T05:28:23Z,S1A_IW_SLC__1SDV_20241105T052756_20241105T052823_056415_06E9B5_3560-SLC,DESCENDING,168,SLC,https://datapool.asf.alaska.edu/SLC/SA/S1A_IW_SLC__1SDV_20241105T052756_20241105T052823_056415_06E9B5_3560.zip,2024-11-05 05:27:56+00:00,S1A_IW_SLC__1SDV_20241105T052756_20241105T052823_056415_06E9B5_3560,,Sentinel-1A,4569050020,03ca971b4dfd03cb624065904a5777fa,444,SENTINEL_1A_FRAME,56415,VV+VH,2024-11-05T05:27:56Z,C-SAR,S1A_IWDV_0443_0450_056415_168,003.80,S1A_IW_SLC__1SDV_20241105T052756_20241105T052823_056415_06E9B5_3560.zip,IW,['s3://asf-ngap2w-p-s1-slc-7b420b89/S1A_IW_SLC__1SDV_20241105T052756_20241105T052823_056415_06E9B5_3560.zip'],2862,11.0,"{'coordinates': [[[11.45847, 43.426548], [11.90287, 45.044327], [8.644543, 45.444717], [8.291763, 43.826836], [11.45847, 43.426548]]], 'type': 'Polygon'}"
44.447,10.0773,2024-11-17T05:28:23Z,S1A_IW_SLC__1SDV_20241117T052756_20241117T052823_056590_06F0B1_44C3-SLC,DESCENDING,168,SLC,https://datapool.asf.alaska.edu/SLC/SA/S1A_IW_SLC__1SDV_20241117T052756_20241117T052823_056590_06F0B1_44C3.zip,2024-11-17 05:27:56+00:00,S1A_IW_SLC__1SDV_20241117T052756_20241117T052823_056590_06F0B1_44C3,,Sentinel-1A,4563293357,57920ff7c16785383bcd8a080e892a9e,444,SENTINEL_1A_FRAME,56590,VV+VH,2024-11-17T05:27:56Z,C-SAR,S1A_IWDV_0443_0450_056590_168,003.80,S1A_IW_SLC__1SDV_20241117T052756_20241117T052823_056590_06F0B1_44C3.zip,IW,['s3://asf-ngap2w-p-s1-slc-7b420b89/S1A_IW_SLC__1SDV_20241117T052756_20241117T052823_056590_06F0B1_44C3.zip'],2874,173.0,"{'coordinates': [[[11.456776, 43.426529], [11.901134, 45.044304], [8.642632, 45.444668], [8.289903, 43.826786], [11.456776, 43.426529]]], 'type': 'Polygon'}"
44.4475,10.0784,2024-11-29T05:28:22Z,S1A_IW_SLC__1SDV_20241129T052755_20241129T052822_056765_06F7AD_4280-SLC,DESCENDING,168,SLC,https://datapool.asf.alaska.edu/SLC/SA/S1A_IW_SLC__1SDV_20241129T052755_20241129T052822_056765_06F7AD_4280.zip,2024-11-29 05:27:55+00:00,S1A_IW_SLC__1SDV_20241129T052755_20241129T052822_056765_06F7AD_4280,,Sentinel-1A,4581391920,b7c60977022cdb8a8a65e94864951330,444,SENTINEL_1A_FRAME,56765,VV+VH,2024-11-29T05:27:55Z,C-SAR,S1A_IWDV_0444_0449_056765_168,003.90,S1A_IW_SLC__1SDV_20241129T052755_20241129T052822_056765_06F7AD_4280.zip,IW,['s3://asf-ngap2w-p-s1-slc-7b420b89/S1A_IW_SLC__1SDV_20241129T052755_20241129T052822_056765_06F7AD_4280.zip'],2886,139.0,"{'coordinates': [[[11.457994, 43.427109], [11.90234, 45.04475], [8.643639, 45.445133], [8.290929, 43.827385], [11.457994, 43.427109]]], 'type': 'Polygon'}"
44.4475,10.0789,2024-12-11T05:28:21Z,S1A_IW_SLC__1SDV_20241211T052754_20241211T052821_056940_06FE85_C7DA-SLC,DESCENDING,168,SLC,https://datapool.asf.alaska.edu/SLC/SA/S1A_IW_SLC__1SDV_20241211T052754_20241211T052821_056940_06FE85_C7DA.zip,2024-12-11 05:27:54+00:00,S1A_IW_SLC__1SDV_20241211T052754_20241211T052821_056940_06FE85_C7DA,,Sentinel-1A,4621703324,1094196e778b90e9dd2ea498313a6807,444,SENTINEL_1A_FRAME,56940,VV+VH,2024-12-11T05:27:54Z,C-SAR,S1A_IWDV_0443_0450_056940_168,003.90,S1A_IW_SLC__1SDV_20241211T052754_20241211T052821_056940_06FE85_C7DA.zip,IW,['s3://asf-ngap2w-p-s1-slc-7b420b89/S1A_IW_SLC__1SDV_20241211T052754_20241211T052821_056940_06FE85_C7DA.zip'],2898,115.0,"{'coordinates': [[[11.458605, 43.427185], [11.902957, 45.044697], [8.644182, 45.445126], [8.291463, 43.827507], [11.458605, 43.427185]]], 'type': 'Polygon'}"
44.4474,10.079,2024-12-23T05:28:20Z,S1A_IW_SLC__1SDV_20241223T052753_20241223T052820_057115_070590_ACCD-SLC,DESCENDING,168,SLC,https://datapool.asf.alaska.edu/SLC/SA/S1A_IW_SLC__1SDV_20241223T052753_20241223T052820_057115_070590_ACCD.zip,2024-12-23 05:27:53+00:00,S1A_IW_SLC__1SDV_20241223T052753_20241223T052820_057115_070590_ACCD,,Sentinel-1A,4609657152,f5d7aba5a74490fd4433b4073fc0ac89,444,SENTINEL_1A_FRAME,57115,VV+VH,2024-12-23T05:27:53Z,C-SAR,S1A_IWDV_0444_0450_057115_168,003.90,S1A_IW_SLC__1SDV_20241223T052753_20241223T052820_057115_070590_ACCD.zip,IW,['s3://asf-ngap2w-p-s1-slc-7b420b89/S1A_IW_SLC__1SDV_20241223T052753_20241223T052820_057115_070590_ACCD.zip'],2910,81.0,"{'coordinates': [[[11.458607, 43.426952], [11.903001, 45.04459], [8.644352, 45.445011], [8.291594, 43.827267], [11.458607, 43.426952]]], 'type': 'Polygon'}"
44.4476,10.0797,2025-01-04T05:28:18Z,S1A_IW_SLC__1SDV_20250104T052751_20250104T052818_057290_070C6E_F0DC-SLC,DESCENDING,168,SLC,https://datapool.asf.alaska.edu/SLC/SA/S1A_IW_SLC__1SDV_20250104T052751_20250104T052818_057290_070C6E_F0DC.zip,2025-01-04 05:27:51+00:00,S1A_IW_SLC__1SDV_20250104T052751_20250104T052818_057290_070C6E_F0DC,,Sentinel-1A,4515479143,747b116ba1f759fe6d7492b61150f6d9,444,SENTINEL_1A_FRAME,57290,VV+VH,2025-01-04T05:27:51Z,C-SAR,S1A_IWDV_0444_0449_057290_168,003.90,S1A_IW_SLC__1SDV_20250104T052751_20250104T052818_057290_070C6E_F0DC.zip,IW,['s3://asf-ngap2w-p-s1-slc-7b420b89/S1A_IW_SLC__1SDV_20250104T052751_20250104T052818_057290_070C6E_F0DC.zip'],2922,59.0,"{'coordinates': [[[11.459288, 43.427162], [11.903669, 45.044796], [8.644917, 45.445217], [8.292174, 43.827473], [11.459288, 43.427162]]], 'type': 'Polygon'}"
44.4478,10.0783,2025-01-16T05:28:17Z,S1A_IW_SLC__1SDV_20250116T052750_20250116T052817_057465_071357_3DA9-SLC,DESCENDING,168,SLC,https://datapool.asf.alaska.edu/SLC/SA/S1A_IW_SLC__1SDV_20250116T052750_20250116T052817_057465_071357_3DA9.zip,2025-01-16 05:27:50+00:00,S1A_IW_SLC__1SDV_20250116T052750_20250116T052817_057465_071357_3DA9,,Sentinel-1A,4501422767,04b8780eaed18b6d7be258b7491e6351,444,SENTINEL_1A_FRAME,57465,VV+VH,2025-01-16T05:27:50Z,C-SAR,S1A_IWDV_0444_0449_057465_168,003.90,S1A_IW_SLC__1SDV_20250116T052750_20250116T052817_057465_071357_3DA9.zip,IW,['s3://asf-ngap2w-p-s1-slc-7b420b89/S1A_IW_SLC__1SDV_20250116T052750_20250116T052817_057465_071357_3DA9.zip'],2934,120.0,"{'coordinates': [[[11.457866, 43.427387], [11.902215, 45.045036], [8.643631, 45.445396], [8.290918, 43.827641], [11.457866, 43.427387]]], 'type': 'Polygon'}"
44.4472,10.0772,2025-01-28T05:28:17Z,S1A_IW_SLC__1SDV_20250128T052750_20250128T052817_057640_071A53_5C66-SLC,DESCENDING,168,SLC,https://datapool.asf.alaska.edu/SLC/SA/S1A_IW_SLC__1SDV_20250128T052750_20250128T052817_057640_071A53_5C66.zip,2025-01-28 05:27:50+00:00,S1A_IW_SLC__1SDV_20250128T052750_20250128T052817_057640_071A53_5C66,,Sentinel-1A,4701731942,5f7823db9100bd7ef7f443ebae6ae14e,444,SENTINEL_1A_FRAME,57640,VV+VH,2025-01-28T05:27:50Z,C-SAR,S1A_IWDV_0444_0449_057640_168,003.90,S1A_IW_SLC__1SDV_20250128T052750_20250128T052817_057640_071A53_5C66.zip,IW,['s3://asf-ngap2w-p-s1-slc-7b420b89/S1A_IW_SLC__1SDV_20250128T052750_20250128T052817_057640_071A53_5C66.zip'],2946,155.0,"{'coordinates': [[[11.901049, 45.04459], [8.64265, 45.444923], [8.289944, 43.82716], [11.456716, 43.426933], [11.901049, 45.04459]]], 'type': 'Polygon'}"
44.4472,10.0778,2025-02-09T05:28:17Z,S1A_IW_SLC__1SDV_20250209T052750_20250209T052817_057815_07213A_1AF0-SLC,DESCENDING,168,SLC,https://datapool.asf.alaska.edu/SLC/SA/S1A_IW_SLC__1SDV_20250209T052750_20250209T052817_057815_07213A_1AF0.zip,2025-02-09 05:27:50+00:00,S1A_IW_SLC__1SDV_20250209T052750_20250209T052817_057815_07213A_1AF0,,Sentinel-1A,4701708492,da750189f7f7ac79cadce13fb4802648,444,SENTINEL_1A_FRAME,57815,VV+VH,2025-02-09T05:27:50Z,C-SAR,S1A_IWDV_0443_0450_057815_168,003.90,S1A_IW_SLC__1SDV_20250209T052750_20250209T052817_057815_07213A_1AF0.zip,IW,['s3://asf-ngap2w-p-s1-slc-7b420b89/S1A_IW_SLC__1SDV_20250209T052750_20250209T052817_057815_07213A_1AF0.zip'],2958,114.0,"{'coordinates': [[[11.901591, 45.044491], [8.643219, 45.444878], [8.290493, 43.82724], [11.457251, 43.42696], [11.901591, 45.044491]]], 'type': 'Polygon'}"
44.4469,10.0803,2025-02-21T05:28:16Z,S1A_IW_SLC__1SDV_20250221T052749_20250221T052816_057990_072856_3D27-SLC,DESCENDING,168,SLC,https://datapool.asf.alaska.edu/SLC/SA/S1A_IW_SLC__1SDV_20250221T052749_20250221T052816_057990_072856_3D27.zip,2025-02-21 05:27:49+00:00,S1A_IW_SLC__1SDV_20250221T052749_20250221T052816_057990_072856_3D27,,Sentinel-1A,4520746407,2b578eb8f760463e6701196aa4b5b9ce,444,SENTINEL_1A_FRAME,57990,VV+VH,2025-02-21T05:27:49Z,C-SAR,S1A_IWDV_0444_0449_057990_168,003.90,S1A_IW_SLC__1SDV_20250221T052749_20250221T052816_057990_072856_3D27.zip,IW,['s3://asf-ngap2w-p-s1-slc-7b420b89/S1A_IW_SLC__1SDV_20250221T052749_20250221T052816_057990_072856_3D27.zip'],2970,-90.0,"{'coordinates': [[[11.904123, 45.044228], [8.645856, 45.444672], [8.293041, 43.826912], [11.459694, 43.426579], [11.904123, 45.044228]]], 'type': 'Polygon'}"
44.447,10.0803,2025-03-05T05:28:16Z,S1A_IW_SLC__1SDV_20250305T052749_20250305T052816_058165_072F82_A82A-SLC,DESCENDING,168,SLC,https://datapool.asf.alaska.edu/SLC/SA/S1A_IW_SLC__1SDV_20250305T052749_20250305T052816_058165_072F82_A82A.zip,2025-03-05 05:27:49+00:00,S1A_IW_SLC__1SDV_20250305T052749_20250305T052816_058165_072F82_A82A,,Sentinel-1A,4518004062,e1c074cea0ddde7a6d3cae455e0e7075,444,SENTINEL_1A_FRAME,58165,VV+VH,2025-03-05T05:27:49Z,C-SAR,S1A_IWDV_0443_0450_058165_168,003.91,S1A_IW_SLC__1SDV_20250305T052749_20250305T052816_058165_072F82_A82A.zip,IW,['s3://asf-ngap2w-p-s1-slc-7b420b89/S1A_IW_SLC__1SDV_20250305T052749_20250305T052816_058165_072F82_A82A.zip'],2982,-77.0,"{'coordinates': [[[11.904083, 45.04422], [8.645778, 45.444679], [8.29301, 43.827168], [11.459714, 43.426815], [11.904083, 45.04422]]], 'type': 'Polygon'}"
44.4471,10.078,2025-03-17T05:28:16Z,S1A_IW_SLC__1SDV_20250317T052749_20250317T052816_058340_073676_E9BD-SLC,DESCENDING,168,SLC,https://datapool.asf.alaska.edu/SLC/SA/S1A_IW_SLC__1SDV_20250317T052749_20250317T052816_058340_073676_E9BD.zip,2025-03-17 05:27:49+00:00,S1A_IW_SLC__1SDV_20250317T052749_20250317T052816_058340_073676_E9BD,,Sentinel-1A,4567899134,58a49f33709287fc999c60c9a344ca26,444,SENTINEL_1A_FRAME,58340,VV+VH,2025-03-17T05:27:49Z,C-SAR,S1A_IWDV_0443_0450_058340_168,003.91,S1A_IW_SLC__1SDV_20250317T052749_20250317T052816_058340_073676_E9BD.zip,IW,['s3://asf-ngap2w-p-s1-slc-7b420b89/S1A_IW_SLC__1SDV_20250317T052749_20250317T052816_058340_073676_E9BD.zip'],2994,63.0,"{'coordinates': [[[11.901792, 45.044575], [8.643574, 45.444962], [8.290756, 43.826946], [11.457349, 43.426666], [11.901792, 45.044575]]], 'type': 'Polygon'}"
44.4471,10.0767,2025-03-29T05:28:16Z,S1A_IW_SLC__1SDV_20250329T052749_20250329T052816_058515_073D6E_DDD2-SLC,DESCENDING,168,SLC,https://datapool.asf.alaska.edu/SLC/SA/S1A_IW_SLC__1SDV_20250329T052749_20250329T052816_058515_073D6E_DDD2.zip,2025-03-29 05:27:49+00:00,S1A_IW_SLC__1SDV_20250329T052749_20250329T052816_058515_073D6E_DDD2,,Sentinel-1A,4573606636,b7bf73bcc077a887e6cd5a3e73a1f76d,444,SENTINEL_1A_FRAME,58515,VV+VH,2025-03-29T05:27:49Z,C-SAR,S1A_IWDV_0444_0449_058515_168,003.91,S1A_IW_SLC__1SDV_20250329T052749_20250329T052816_058515_073D6E_DDD2.zip,IW,['s3://asf-ngap2w-p-s1-slc-7b420b89/S1A_IW_SLC__1SDV_20250329T052749_20250329T052816_058515_073D6E_DDD2.zip'],3006,,"{'coordinates': [[[11.900427, 45.044441], [8.642218, 45.444771], [8.289528, 43.827122], [11.45613, 43.426895], [11.900427, 45.044441]]], 'type': 'Polygon'}"
44.4472,10.0774,2025-04-10T05:28:16Z,S1A_IW_SLC__1SDV_20250410T052749_20250410T052816_058690_074497_D8B1-SLC,DESCENDING,168,SLC,https://datapool.asf.alaska.edu/SLC/SA/S1A_IW_SLC__1SDV_20250410T052749_20250410T052816_058690_074497_D8B1.zip,2025-04-10 05:27:49+00:00,S1A_IW_SLC__1SDV_20250410T052749_20250410T052816_058690_074497_D8B1,,Sentinel-1A,4477208220,153822c81db1644b4cab47e934486c64,444,SENTINEL_1A_FRAME,58690,VV+VH,2025-04-10T05:27:49Z,C-SAR,S1A_IWDV_0443_0450_058690_168,003.91,S1A_IW_SLC__1SDV_20250410T052749_20250410T052816_058690_074497_D8B1.zip,IW,['s3://asf-ngap2w-p-s1-slc-7b420b89/S1A_IW_SLC__1SDV_20250410T052749_20250410T052816_058690_074497_D8B1.zip'],3018,51.0,"{'coordinates': [[[11.90104, 45.044651], [8.643062, 45.444923], [8.290344, 43.827015], [11.45671, 43.426846], [11.90104, 45.044651]]], 'type': 'Polygon'}"
43.7805,9.9644,2025-04-16T05:27:12Z,S1C_IW_SLC__1SDV_20250416T052645_20250416T052712_001914_003B88_BA68-SLC,DESCENDING,168,SLC,https://datapool.asf.alaska.edu/SLC/SC/S1C_IW_SLC__1SDV_20250416T052645_20250416T052712_001914_003B88_BA68.zip,2025-04-16 05:26:45+00:00,S1C_IW_SLC__1SDV_20250416T052645_20250416T052712_001914_003B88_BA68,,Sentinel-1C,4186752865,c5f9171e8272fabaf9bea0ed14c5ff6c,446,SENTINEL_1C_FRAME,1914,VV+VH,2025-04-16T05:26:45Z,C-SAR,S1C_IWDV_0446_0452_001914_168,003.91,S1C_IW_SLC__1SDV_20250416T052645_20250416T052712_001914_003B88_BA68.zip,IW,['s3://asf-ngap2w-p-s1-slc-7b420b89/S1C_IW_SLC__1SDV_20250416T052645_20250416T052712_001914_003B88_BA68.zip'],3024,-368.0,"{'coordinates': [[[11.75182, 44.379124], [8.563247, 44.776798], [8.211982, 43.160133], [11.312889, 42.762455], [11.75182, 44.379124]]], 'type': 'Polygon'}"
45.381,10.3582,2025-04-16T05:26:47Z,S1C_IW_SLC__1SDV_20250416T052617_20250416T052647_001914_003B88_D402-SLC,DESCENDING,168,SLC,https://datapool.asf.alaska.edu/SLC/SC/S1C_IW_SLC__1SDV_20250416T052617_20250416T052647_001914_003B88_D402.zip,2025-04-16 05:26:17+00:00,S1C_IW_SLC__1SDV_20250416T052617_20250416T052647_001914_003B88_D402,,Sentinel-1C,5424586461,ac161f076c97d34cbc2c34f89d670218,441,SENTINEL_1C_FRAME,1914,VV+VH,2025-04-16T05:26:17Z,C-SAR,S1C_IWDV_0441_0447_001914_168,003.91,S1C_IW_SLC__1SDV_20250416T052617_20250416T052647_001914_003B88_D402.zip,IW,['s3://asf-ngap2w-p-s1-slc-7b420b89/S1C_IW_SLC__1SDV_20250416T052617_20250416T052647_001914_003B88_D402.zip'],3024,-377.0,"{'coordinates': [[[12.229362, 46.089428], [8.941106, 46.487366], [8.533427, 44.6493], [11.713541, 44.251869], [12.229362, 46.089428]]], 'type': 'Polygon'}"
44.4472,10.078,2025-04-22T05:28:17Z,S1A_IW_SLC__1SDV_20250422T052750_20250422T052817_058865_074BC1_EE23-SLC,DESCENDING,168,SLC,https://datapool.asf.alaska.edu/SLC/SA/S1A_IW_SLC__1SDV_20250422T052750_20250422T052817_058865_074BC1_EE23.zip,2025-04-22 05:27:50+00:00,S1A_IW_SLC__1SDV_20250422T052750_20250422T052817_058865_074BC1_EE23,,Sentinel-1A,4538133424,9e044ad656ac01766b20dff74c3bae83,444,SENTINEL_1A_FRAME,58865,VV+VH,2025-04-22T05:27:50Z,C-SAR,S1A_IWDV_0443_0450_058865_168,003.91,S1A_IW_SLC__1SDV_20250422T052750_20250422T052817_058865_074BC1_EE23.zip,IW,['s3://asf-ngap2w-p-s1-slc-7b420b89/S1A_IW_SLC__1SDV_20250422T052750_20250422T052817_058865_074BC1_EE23.zip'],3030,54.0,"{'coordinates': [[[11.901699, 45.044598], [8.643529, 45.444923], [8.290825, 43.827148], [11.457393, 43.426926], [11.901699, 45.044598]]], 'type': 'Polygon'}"
45.0498,10.2763,2025-04-28T05:26:54Z,S1C_IW_SLC__1SDV_20250428T052623_20250428T052654_002089_0045F6_764C-SLC,DESCENDING,168,SLC,https://datapool.asf.alaska.edu/SLC/SC/S1C_IW_SLC__1SDV_20250428T052623_20250428T052654_002089_0045F6_764C.zip,2025-04-28 05:26:23+00:00,S1C_IW_SLC__1SDV_20250428T052623_20250428T052654_002089_0045F6_764C,,Sentinel-1C,5344492908,00e712410361f360d607404ff22361df,442,SENTINEL_1C_FRAME,2089,VV+VH,2025-04-28T05:26:23Z,C-SAR,S1C_IWDV_0442_0448_002089_168,003.91,S1C_IW_SLC__1SDV_20250428T052623_20250428T052654_002089_0045F6_764C.zip,IW,['s3://asf-ngap2w-p-s1-slc-7b420b89/S1C_IW_SLC__1SDV_20250428T052623_20250428T052654_002089_0045F6_764C.zip'],3036,-211.0,"{'coordinates': [[[12.134823, 45.758629], [8.869158, 46.156193], [8.463202, 44.318066], [11.622632, 43.920902], [12.134823, 45.758629]]], 'type': 'Polygon'}"
44.4474,10.0769,2025-05-04T05:28:17Z,S1A_IW_SLC__1SDV_20250504T052750_20250504T052817_059040_0752C4_8948-SLC,DESCENDING,168,SLC,https://datapool.asf.alaska.edu/SLC/SA/S1A_IW_SLC__1SDV_20250504T052750_20250504T052817_059040_0752C4_8948.zip,2025-05-04 05:27:50+00:00,S1A_IW_SLC__1SDV_20250504T052750_20250504T052817_059040_0752C4_8948,,Sentinel-1A,4536329884,171e8a707ac74160d368225b615962ec,444,SENTINEL_1A_FRAME,59040,VV+VH,2025-05-04T05:27:50Z,C-SAR,S1A_IWDV_0444_0449_059040_168,003.91,S1A_IW_SLC__1SDV_20250504T052750_20250504T052817_059040_0752C4_8948.zip,IW,['s3://asf-ngap2w-p-s1-slc-7b420b89/S1A_IW_SLC__1SDV_20250504T052750_20250504T052817_059040_0752C4_8948.zip'],3042,114.0,"{'coordinates': [[[11.900484, 45.044891], [8.642412, 45.445148], [8.289725, 43.82724], [11.456185, 43.427086], [11.900484, 45.044891]]], 'type': 'Polygon'}"
43.7844,9.939,2025-05-10T05:27:14Z,S1C_IW_SLC__1SDV_20250510T052647_20250510T052714_002264_004CDC_B596-SLC,DESCENDING,168,SLC,https://datapool.asf.alaska.edu/SLC/SC/S1C_IW_SLC__1SDV_20250510T052647_20250510T052714_002264_004CDC_B596.zip,2025-05-10 05:26:47+00:00,S1C_IW_SLC__1SDV_20250510T052647_20250510T052714_002264_004CDC_B596,,Sentinel-1C,3992346329,2d4455a1dbaac62f8cc53990d0ebaffa,446,SENTINEL_1C_FRAME,2264,VV+VH,2025-05-10T05:26:47Z,C-SAR,S1C_IWDV_0446_0452_002264_168,003.91,S1C_IW_SLC__1SDV_20250510T052647_20250510T052714_002264_004CDC_B596.zip,IW,['s3://asf-ngap2w-p-s1-slc-7b420b89/S1C_IW_SLC__1SDV_20250510T052647_20250510T052714_002264_004CDC_B596.zip'],3048,-259.0,"{'coordinates': [[[11.751363, 44.380527], [8.512014, 44.783764], [8.161887, 43.165916], [11.312116, 42.762634], [11.751363, 44.380527]]], 'type': 'Polygon'}"
45.2738,10.3052,2025-05-10T05:26:49Z,S1C_IW_SLC__1SDV_20250510T052622_20250510T052649_002264_004CDC_A592-SLC,DESCENDING,168,SLC,https://datapool.asf.alaska.edu/SLC/SC/S1C_IW_SLC__1SDV_20250510T052622_20250510T052649_002264_004CDC_A592.zip,2025-05-10 05:26:22+00:00,S1C_IW_SLC__1SDV_20250510T052622_20250510T052649_002264_004CDC_A592,,Sentinel-1C,4718942061,8566d062498865464ffa96f685e8c239,441,SENTINEL_1C_FRAME,2264,VV+VH,2025-05-10T05:26:22Z,C-SAR,S1C_IWDV_0441_0447_002264_168,003.91,S1C_IW_SLC__1SDV_20250510T052622_20250510T052649_002264_004CDC_A592.zip,IW,['s3://asf-ngap2w-p-s1-slc-7b420b89/S1C_IW_SLC__1SDV_20250510T052622_20250510T052649_002264_004CDC_A592.zip'],3048,-275.0,"{'coordinates': [[[12.166159, 45.868828], [8.839122, 46.27224], [8.482495, 44.655113], [11.713435, 44.252075], [12.166159, 45.868828]]], 'type': 'Polygon'}"
44.4474,10.0755,2025-05-16T05:28:16Z,S1A_IW_SLC__1SDV_20250516T052749_20250516T052816_059215_075912_0083-SLC,DESCENDING,168,SLC,https://datapool.asf.alaska.edu/SLC/SA/S1A_IW_SLC__1SDV_20250516T052749_20250516T052816_059215_075912_0083.zip,2025-05-16 05:27:49+00:00,S1A_IW_SLC__1SDV_20250516T052749_20250516T052816_059215_075912_0083,,Sentinel-1A,4570544898,54521af95a42eae5a76ba090900713e2,444,SENTINEL_1A_FRAME,59215,VV+VH,2025-05-16T05:27:49Z,C-SAR,S1A_IWDV_0443_0450_059215_168,003.91,S1A_IW_SLC__1SDV_20250516T052749_20250516T052816_059215_075912_0083.zip,IW,['s3://asf-ngap2w-p-s1-slc-7b420b89/S1A_IW_SLC__1SDV_20250516T052749_20250516T052816_059215_075912_0083.zip'],3054,215.0,"{'coordinates': [[[11.899105, 45.044708], [8.640992, 45.444893], [8.288466, 43.827351], [11.454988, 43.427269], [11.899105, 45.044708]]], 'type': 'Polygon'}"
43.7847,9.9391,2025-05-22T05:27:15Z,S1C_IW_SLC__1SDV_20250522T052648_20250522T052715_002439_0051B0_6A61-SLC,DESCENDING,168,SLC,https://datapool.asf.alaska.edu/SLC/SC/S1C_IW_SLC__1SDV_20250522T052648_20250522T052715_002439_0051B0_6A61.zip,2025-05-22 05:26:48+00:00,S1C_IW_SLC__1SDV_20250522T052648_20250522T052715_002439_0051B0_6A61,,Sentinel-1C,4226554467,a3be46101e9479968ad05e09a4dc8bef,446,SENTINEL_1C_FRAME,2439,VV+VH,2025-05-22T05:26:48Z,C-SAR,S1C_IWDV_0446_0452_002439_168,003.91,S1C_IW_SLC__1SDV_20250522T052648_20250522T052715_002439_0051B0_6A61.zip,IW,['s3://asf-ngap2w-p-s1-slc-7b420b89/S1C_IW_SLC__1SDV_20250522T052648_20250522T052715_002439_0051B0_6A61.zip'],3060,-210.0,"{'coordinates': [[[11.751571, 44.380653], [8.511994, 44.783993], [8.161853, 43.166409], [11.312318, 42.763023], [11.751571, 44.380653]]], 'type': 'Polygon'}"
45.274,10.3053,2025-05-22T05:26:50Z,S1C_IW_SLC__1SDV_20250522T052623_20250522T052650_002439_0051B0_D5F0-SLC,DESCENDING,168,SLC,https://datapool.asf.alaska.edu/SLC/SC/S1C_IW_SLC__1SDV_20250522T052623_20250522T052650_002439_0051B0_D5F0.zip,2025-05-22 05:26:23+00:00,S1C_IW_SLC__1SDV_20250522T052623_20250522T052650_002439_0051B0_D5F0,,Sentinel-1C,4784965806,4232fb8c39c56ab8b549c892a2adb039,441,SENTINEL_1C_FRAME,2439,VV+VH,2025-05-22T05:26:23Z,C-SAR,S1C_IWDV_0441_0447_002439_168,003.91,S1C_IW_SLC__1SDV_20250522T052623_20250522T052650_002439_0051B0_D5F0.zip,IW,['s3://asf-ngap2w-p-s1-slc-7b420b89/S1C_IW_SLC__1SDV_20250522T052623_20250522T052650_002439_0051B0_D5F0.zip'],3060,-229.0,"{'coordinates': [[[12.166438, 45.868938], [8.839167, 46.272457], [8.482442, 44.65522], [11.713604, 44.252079], [12.166438, 45.868938]]], 'type': 'Polygon'}"
44.4479,10.0746,2025-05-28T05:28:16Z,S1A_IW_SLC__1SDV_20250528T052749_20250528T052816_059390_075F2B_7C91-SLC,DESCENDING,168,SLC,https://datapool.asf.alaska.edu/SLC/SA/S1A_IW_SLC__1SDV_20250528T052749_20250528T052816_059390_075F2B_7C91.zip,2025-05-28 05:27:49+00:00,S1A_IW_SLC__1SDV_20250528T052749_20250528T052816_059390_075F2B_7C91,,Sentinel-1A,4524392246,691b99b36fed625ea6a451bdd7444dc9,444,SENTINEL_1A_FRAME,59390,VV+VH,2025-05-28T05:27:49Z,C-SAR,S1A_IWDV_0443_0450_059390_168,003.91,S1A_IW_SLC__1SDV_20250528T052749_20250528T052816_059390_075F2B_7C91.zip,IW,['s3://asf-ngap2w-p-s1-slc-7b420b89/S1A_IW_SLC__1SDV_20250528T052749_20250528T052816_059390_075F2B_7C91.zip'],3066,296.0,"{'coordinates': [[[11.898261, 45.045441], [8.640059, 45.44556], [8.287516, 43.827644], [11.4541, 43.427624], [11.898261, 45.045441]]], 'type': 'Polygon'}"
43.7837,9.9352,2025-06-03T05:27:16Z,S1C_IW_SLC__1SDV_20250603T052649_20250603T052716_002614_0056AB_FBD0-SLC,DESCENDING,168,SLC,https://datapool.asf.alaska.edu/SLC/SC/S1C_IW_SLC__1SDV_20250603T052649_20250603T052716_002614_0056AB_FBD0.zip,2025-06-03 05:26:49+00:00,S1C_IW_SLC__1SDV_20250603T052649_20250603T052716_002614_0056AB_FBD0,,Sentinel-1C,4178712998,1a4e45819f3a8ada8d381a9ef3376623,446,SENTINEL_1C_FRAME,2614,VV+VH,2025-06-03T05:26:49Z,C-SAR,S1C_IWDV_0446_0452_002614_168,003.91,S1C_IW_SLC__1SDV_20250603T052649_20250603T052716_002614_0056AB_FBD0.zip,IW,['s3://asf-ngap2w-p-s1-slc-7b420b89/S1C_IW_SLC__1SDV_20250603T052649_20250603T052716_002614_0056AB_FBD0.zip'],3072,-29.0,"{'coordinates': [[[11.747677, 44.380226], [8.508498, 44.783482], [8.158172, 43.16489], [11.308192, 42.761593], [11.747677, 44.380226]]], 'type': 'Polygon'}"
45.2735,10.3016,2025-06-03T05:26:51Z,S1C_IW_SLC__1SDV_20250603T052624_20250603T052651_002614_0056AB_CA0F-SLC,DESCENDING,168,SLC,https://datapool.asf.alaska.edu/SLC/SC/S1C_IW_SLC__1SDV_20250603T052624_20250603T052651_002614_0056AB_CA0F.zip,2025-06-03 05:26:24+00:00,S1C_IW_SLC__1SDV_20250603T052624_20250603T052651_002614_0056AB_CA0F,,Sentinel-1C,4713359816,5a3226baae537d578d2d1a576772906d,441,SENTINEL_1C_FRAME,2614,VV+VH,2025-06-03T05:26:24Z,C-SAR,S1C_IWDV_0441_0447_002614_168,003.91,S1C_IW_SLC__1SDV_20250603T052624_20250603T052651_002614_0056AB_CA0F.zip,IW,['s3://asf-ngap2w-p-s1-slc-7b420b89/S1C_IW_SLC__1SDV_20250603T052624_20250603T052651_002614_0056AB_CA0F.zip'],3072,-43.0,"{'coordinates': [[[12.162511, 45.868526], [8.835603, 46.271961], [8.478908, 44.654709], [11.709711, 44.251652], [12.162511, 45.868526]]], 'type': 'Polygon'}"
44.4478,10.074,2025-06-09T05:28:15Z,S1A_IW_SLC__1SDV_20250609T052748_20250609T052815_059565_076523_2F2F-SLC,DESCENDING,168,SLC,https://datapool.asf.alaska.edu/SLC/SA/S1A_IW_SLC__1SDV_20250609T052748_20250609T052815_059565_076523_2F2F.zip,2025-06-09 05:27:48+00:00,S1A_IW_SLC__1SDV_20250609T052748_20250609T052815_059565_076523_2F2F,,Sentinel-1A,4502751276,5b291512192b3d16ba21b11287220490,444,SENTINEL_1A_FRAME,59565,VV+VH,2025-06-09T05:27:48Z,C-SAR,S1A_IWDV_0443_0450_059565_168,003.91,S1A_IW_SLC__1SDV_20250609T052748_20250609T052815_059565_076523_2F2F.zip,IW,['s3://asf-ngap2w-p-s1-slc-7b420b89/S1A_IW_SLC__1SDV_20250609T052748_20250609T052815_059565_076523_2F2F.zip'],3078,327.0,"{'coordinates': [[[11.897656, 45.045418], [8.6395, 45.445515], [8.286944, 43.827473], [11.453477, 43.427475], [11.897656, 45.045418]]], 'type': 'Polygon'}"
43.7842,9.9352,2025-06-15T05:27:17Z,S1C_IW_SLC__1SDV_20250615T052650_20250615T052717_002789_005BB9_453C-SLC,DESCENDING,168,SLC,https://datapool.asf.alaska.edu/SLC/SC/S1C_IW_SLC__1SDV_20250615T052650_20250615T052717_002789_005BB9_453C.zip,2025-06-15 05:26:50+00:00,S1C_IW_SLC__1SDV_20250615T052650_20250615T052717_002789_005BB9_453C,,Sentinel-1C,4028085219,2b432d83ebc94a9241b1b013b3361cb5,446,SENTINEL_1C_FRAME,2789,VV+VH,2025-06-15T05:26:50Z,C-SAR,S1C_IWDV_0446_0451_002789_168,003.92,S1C_IW_SLC__1SDV_20250615T052650_20250615T052717_002789_005BB9_453C.zip,IW,['s3://asf-ngap2w-p-s1-slc-7b420b89/S1C_IW_SLC__1SDV_20250615T052650_20250615T052717_002789_005BB9_453C.zip'],3084,13.0,"{'coordinates': [[[11.747536, 44.38028], [8.508245, 44.783512], [8.15814, 43.165787], [11.308317, 42.762508], [11.747536, 44.38028]]], 'type': 'Polygon'}"
45.2736,10.3014,2025-06-15T05:26:52Z,S1C_IW_SLC__1SDV_20250615T052625_20250615T052652_002789_005BB9_3BFB-SLC,DESCENDING,168,SLC,https://datapool.asf.alaska.edu/SLC/SC/S1C_IW_SLC__1SDV_20250615T052625_20250615T052652_002789_005BB9_3BFB.zip,2025-06-15 05:26:25+00:00,S1C_IW_SLC__1SDV_20250615T052625_20250615T052652_002789_005BB9_3BFB,,Sentinel-1C,4717938754,640cfbe70ea6b1c959c1d8b097eb84ac,441,SENTINEL_1C_FRAME,2789,VV+VH,2025-06-15T05:26:25Z,C-SAR,S1C_IWDV_0441_0447_002789_168,003.92,S1C_IW_SLC__1SDV_20250615T052625_20250615T052652_002789_005BB9_3BFB.zip,IW,['s3://asf-ngap2w-p-s1-slc-7b420b89/S1C_IW_SLC__1SDV_20250615T052625_20250615T052652_002789_005BB9_3BFB.zip'],3084,-7.0,"{'coordinates': [[[12.162371, 45.868702], [8.835343, 46.272114], [8.478659, 44.654739], [11.709573, 44.251701], [12.162371, 45.868702]]], 'type': 'Polygon'}"
44.4478,10.0749,2025-06-21T05:28:15Z,S1A_IW_SLC__1SDV_20250621T052748_20250621T052815_059740_076B2D_5242-SLC,DESCENDING,168,SLC,https://datapool.asf.alaska.edu/SLC/SA/S1A_IW_SLC__1SDV_20250621T052748_20250621T052815_059740_076B2D_5242.zip,2025-06-21 05:27:48+00:00,S1A_IW_SLC__1SDV_20250621T052748_20250621T052815_059740_076B2D_5242,,Sentinel-1A,4496688664,ce713e0995bf60321d5f9bca054206c7,444,SENTINEL_1A_FRAME,59740,VV+VH,2025-06-21T05:27:48Z,C-SAR,S1A_IWDV_0443_0450_059740_168,003.92,S1A_IW_SLC__1SDV_20250621T052748_20250621T052815_059740_076B2D_5242.zip,IW,['s3://asf-ngap2w-p-s1-slc-7b420b89/S1A_IW_SLC__1SDV_20250621T052748_20250621T052815_059740_076B2D_5242.zip'],3090,268.0,"{'coordinates': [[[11.898543, 45.045345], [8.64038, 45.445484], [8.287844, 43.82769], [11.454397, 43.427654], [11.898543, 45.045345]]], 'type': 'Polygon'}"
43.7556,9.9268,2025-06-27T05:27:19Z,S1C_IW_SLC__1SDV_20250627T052651_20250627T052719_002964_0060C9_5498-SLC,DESCENDING,168,SLC,https://datapool.asf.alaska.edu/SLC/SC/S1C_IW_SLC__1SDV_20250627T052651_20250627T052719_002964_0060C9_5498.zip,2025-06-27 05:26:51+00:00,S1C_IW_SLC__1SDV_20250627T052651_20250627T052719_002964_0060C9_5498,,Sentinel-1C,4118895761,239a42c1b20a06c28ee4d949d0603f3c,446,SENTINEL_1C_FRAME,2964,VV+VH,2025-06-27T05:26:51Z,C-SAR,S1C_IWDV_0446_0452_002964_168,003.92,S1C_IW_SLC__1SDV_20250627T052651_20250627T052719_002964_0060C9_5498.zip,IW,['s3://asf-ngap2w-p-s1-slc-7b420b89/S1C_IW_SLC__1SDV_20250627T052651_20250627T052719_002964_0060C9_5498.zip'],3096,89.0,"{'coordinates': [[[11.746288, 44.380638], [8.507058, 44.783829], [8.144584, 43.108265], [11.291646, 42.705017], [11.746288, 44.380638]]], 'type': 'Polygon'}"
45.2738,10.3002,2025-06-27T05:26:53Z,S1C_IW_SLC__1SDV_20250627T052626_20250627T052653_002964_0060C9_7812-SLC,DESCENDING,168,SLC,https://datapool.asf.alaska.edu/SLC/SC/S1C_IW_SLC__1SDV_20250627T052626_20250627T052653_002964_0060C9_7812.zip,2025-06-27 05:26:26+00:00,S1C_IW_SLC__1SDV_20250627T052626_20250627T052653_002964_0060C9_7812,,Sentinel-1C,4701839094,d6037e9a286f396a5b1b5f9fe21d32c4,441,SENTINEL_1C_FRAME,2964,VV+VH,2025-06-27T05:26:26Z,C-SAR,S1C_IWDV_0441_0447_002964_168,003.92,S1C_IW_SLC__1SDV_20250627T052626_20250627T052653_002964_0060C9_7812.zip,IW,['s3://asf-ngap2w-p-s1-slc-7b420b89/S1C_IW_SLC__1SDV_20250627T052626_20250627T052653_002964_0060C9_7812.zip'],3096,69.0,"{'coordinates': [[[12.161084, 45.868938], [8.834114, 46.272312], [8.477454, 44.654934], [11.708308, 44.251938], [12.161084, 45.868938]]], 'type': 'Polygon'}"
