station_code,station_type,province,municipality,gwb_code,gwb_name,x_utm_etrs89,y_utm_etrs89,ground_elevation_m,well_depth_m,filter_position,n_filters,filter_start_m,filter_end_m,source_type,lon,lat,metadata_source,use
BO03-01,Pozzo,BO,SAN PIETRO IN CASALE,IT080610ER-DQ2-PACS-ITB,Pianura Alluvionale Appenninica - confinato superiore,690997,4952708,16.0,205.0,,3.0,61.0,202.0,manual,11.4108891803,44.7022996781,manual,
BO05-00,Pozzo,BO,SANT'AGATA BOLOGNESE,IT082700ER-DQ2-PACI-ITB,Pianura Alluvionale - confinato inferiore,669136,4947084,22.19,177.0,Fondo foro,1.0,168.0,172.0,manual,11.1332904598,44.6571959699,manual,
BO06-00,Pozzo,BO,SAN GIOVANNI IN PERSICETO,IT082700ER-DQ2-PACI-ITB,Pianura Alluvionale - confinato inferiore,674133,4946699,17.92,615.19,,32.0,73.5,615.19,manual,11.1961406834,44.6525382329,manual,
BO07-00,Pozzo,BO,SALA BOLOGNESE,IT080610ER-DQ2-PACS-ITB,Pianura Alluvionale Appenninica - confinato superiore,680112,4947393,22.5,125.09,Fondo foro,1.0,119.0,125.09,manual,11.2717327148,44.657306564,manual,
BO08-00,Pozzo,BO,SAN GIOVANNI IN PERSICETO,IT080610ER-DQ2-PACS-ITB,Pianura Alluvionale Appenninica - confinato superiore,676011,4943790,25.25,106.0,Fondo foro,1.0,103.0,106.0,manual,11.2188100982,44.625911863,manual,
BO11-01,Pozzo,BO,ANZOLA EMILIA,IT080410ER-DQ2-CCS,Conoide Panaro - confinato superiore,669527,4937118,44.0,175.92,,5.0,84.0,171.44,manual,11.1349299845,44.5674469272,manual,
BO12-00,Pozzo,BO,VALSAMOGGIA,IT080410ER-DQ2-CCS,Conoide Panaro - confinato superiore,668956,4935544,48.0,54.0,,,,,manual,11.1272278068,44.5534207413,manual,
BO13-00,Pozzo,BO,CALDERARA DI RENO,IT082442ER-DQ2-CCI,Conoide Reno-Lavino - confinato inferiore,677141,4935958,36.4,348.0,,3.0,180.5,347.74,manual,11.2303467918,44.5551797062,manual,
BO14-00,Pozzo,BO,CALDERARA DI RENO,IT080442ER-DQ2-CCS,Conoide Reno-Lavino - confinato superiore,677197,4935970,36.89,30.0,Fondo foro,1.0,22.0,30.0,manual,11.231055471,44.5552738883,manual,
BO15-01,Pozzo,BO,ANZOLA EMILIA,IT082420ER-DQ2-CCI,Conoide Samoggia - confinato inferiore,675076,4934381,41.5,318.61,,5.0,127.4,306.5,manual,11.203830425,44.5414977042,manual,
BO16-00,Pozzo,BO,ANZOLA EMILIA,IT080442ER-DQ2-CCS,Conoide Reno-Lavino - confinato superiore,676572,4933961,43.19,88.3,Fondo foro,1.0,77.35,82.1,manual,11.2225039932,44.5373546163,manual,
BO16-01,Pozzo,BO,ANZOLA EMILIA,IT080442ER-DQ2-CCS,Conoide Reno-Lavino - confinato superiore,676411,4934263,37.0,105.0,Fondo foro,1.0,95.0,100.0,manual,11.2205823156,44.5401107795,manual,
BO17-00,Pozzo,BO,CALDERARA DI RENO,IT080442ER-DQ2-CCS,Conoide Reno-Lavino - confinato superiore,679930,4934498,37.3,75.0,Fondo foro,1.0,62.0,73.0,manual,11.264925778,44.5413551902,manual,
BO18-00,Pozzo,BO,VALSAMOGGIA,IT082420ER-DQ2-CCI,Conoide Samoggia - confinato inferiore,667844,4931516,68.51,99.0,,4.0,53.0,97.0,manual,11.1119259964,44.5174425504,manual,
BO18-01,Pozzo,BO,VALSAMOGGIA,IT080150ER-DQ1-CL,Conoide Samoggia - libero,666872,4930794,75.0,100.0,,,,,manual,11.0994705052,44.511172418,manual,
BO19-00,Pozzo,BO,VALSAMOGGIA,IT082420ER-DQ2-CCI,Conoide Samoggia - confinato inferiore,672674,4932138,49.16,85.0,,2.0,55.0,83.3,manual,11.1728654644,44.5218985521,manual,
BO20-00,Pozzo,BO,BOLOGNA,IT080160ER-DQ1-CL,Conoide Reno-Lavino - libero,680192,4931629,47.43,131.0,,3.0,65.0,125.0,manual,11.2672193216,44.5154813511,manual,
BO20-01,Pozzo,BO,BOLOGNA,IT082442ER-DQ2-CCI,Conoide Reno-Lavino - confinato inferiore,681784,4931646,42.0,344.0,,12.0,143.4,324.0,manual,11.2872404168,44.5152350062,manual,
BO23-00,Pozzo,BO,BENTIVOGLIO,IT082700ER-DQ2-PACI-ITB,Pianura Alluvionale - confinato inferiore,691580,4946084,13.44,391.0,,3.0,323.0,382.4,manual,11.4157638807,44.6425650838,manual,
BO23-01,Pozzo,BO,BENTIVOGLIO,IT080610ER-DQ2-PACS-ITB,Pianura Alluvionale Appenninica - confinato superiore,692260,4944161,15.85,115.0,,,,,manual,11.4236104084,44.6250871438,manual,
BO24-01,Pozzo,BO,SALA BOLOGNESE,IT080610ER-DQ2-PACS-ITB,Pianura Alluvionale Appenninica - confinato superiore,682073,4942667,24.6,100.0,,,,,manual,11.2947699689,44.6143004117,manual,
BO25-03,Pozzo,BO,ARGELATO,IT080610ER-DQ2-PACS-ITB,Pianura Alluvionale Appenninica - confinato superiore,687588,4942301,23.4,133.0,Fondo foro,1.0,122.3,132.6,manual,11.3640869249,44.6095909737,manual,
BO26-00,Pozzo,BO,GRANAROLO DELL'EMILIA,IT080610ER-DQ2-PACS-ITB,Pianura Alluvionale Appenninica - confinato superiore,692735,4938114,24.33,140.0,Fondo foro,1.0,125.0,132.0,manual,11.4273260914,44.5705704331,manual,
BO26-01,Pozzo,BO,GRANAROLO DELL'EMILIA,IT080610ER-DQ2-PACS-ITB,Pianura Alluvionale Appenninica - confinato superiore,695084,4938007,21.0,140.0,,,,,manual,11.4568421915,44.5689756799,manual,
BO27-00,Pozzo,BO,CALDERARA DI RENO,IT080442ER-DQ2-CCS,Conoide Reno-Lavino - confinato superiore,683070,4935411,30.58,450.94,,11.0,100.01,429.53,manual,11.3047441556,44.548777516,manual,
BO28-00,Pozzo,BO,CASTEL MAGGIORE,IT080610ER-DQ2-PACS-ITB,Pianura Alluvionale Appenninica - confinato superiore,688501,4936637,28.8,67.0,Fondo foro,1.0,58.0,67.0,manual,11.3735081436,44.5584055091,manual,
BO29-00,Pozzo,BO,GRANAROLO DELL'EMILIA,IT082700ER-DQ2-PACI-ITB,Pianura Alluvionale - confinato inferiore,693713,4936362,26.64,231.35,,2.0,120.0,231.35,manual,11.4389731704,44.5545498067,manual,
BO30-00,Pozzo,BO,BOLOGNA,IT082442ER-DQ2-CCI,Conoide Reno-Lavino - confinato inferiore,682893,4931879,39.82,351.93,,10.0,156.0,334.0,manual,11.3012654262,44.517050733,manual,
BO30-01,Pozzo,BO,BOLOGNA,IT082442ER-DQ2-CCI,Conoide Reno-Lavino - confinato inferiore,682915,4931988,40.84,350.0,,11.0,101.0,323.5,manual,11.301580638,44.5180256571,manual,
BO32-00,Pozzo,BO,BOLOGNA,IT080462ER-DQ2-CCS,Conoide Savena - confinato superiore,690256,4932321,41.1,211.0,,4.0,95.5,203.3,manual,11.3939948817,44.5191228057,manual,
BO33-00,Pozzo,BO,GRANAROLO DELL'EMILIA,IT080462ER-DQ2-CCS,Conoide Savena - confinato superiore,692966,4932801,39.98,375.0,,9.0,84.09,354.11,manual,11.4282440206,44.5227205929,manual,
BO36-01,Pozzo,BO,BUDRIO,IT080610ER-DQ2-PACS-ITB,Pianura Alluvionale Appenninica - confinato superiore,704526,4940673,16.2,516.0,,,,,manual,11.576695009,44.5903334755,manual,
BO37-00,Pozzo,BO,BUDRIO,IT082700ER-DQ2-PACI-ITB,Pianura Alluvionale - confinato inferiore,697601,4937796,21.46,165.0,,,,,manual,11.4884301462,44.5663918779,manual,
BO38-00,Pozzo,BO,BUDRIO,IT082700ER-DQ2-PACI-ITB,Pianura Alluvionale - confinato inferiore,701070,4934896,23.64,475.0,,2.0,389.0,474.0,manual,11.5309424591,44.5393499172,manual,
BO40-02,Pozzo,BO,MOLINELLA,IT082700ER-DQ2-PACI-ITB,Pianura Alluvionale - confinato inferiore,712284,4945264,7.74,176.0,,1.0,137.0,159.0,manual,11.6762255385,44.6293730631,manual,
BO41-00,Pozzo,BO,MEDICINA,IT082700ER-DQ2-PACI-ITB,Pianura Alluvionale - confinato inferiore,713599,4938274,10.9,500.0,Fondo foro,1.0,477.0,500.0,manual,11.6898816426,44.5661251506,manual,
BO43-01,Pozzo,BO,MOLINELLA,IT082700ER-DQ2-PACI-ITB,Pianura Alluvionale - confinato inferiore,708368,4936856,10.67,190.0,,,,,manual,11.6235030725,44.5549047773,manual,
BO44-00,Pozzo,BO,MEDICINA,IT082700ER-DQ2-PACI-ITB,Pianura Alluvionale - confinato inferiore,716532,4931281,7.9,440.0,,3.0,230.0,410.0,manual,11.7238409064,44.5023653216,manual,
BO47-01,Pozzo,BO,BOLOGNA,IT080160ER-DQ1-CL,Conoide Reno-Lavino - libero,680182,4929208,53.8,110.0,Fondo foro,1.0,89.0,108.0,manual,11.2662492432,44.4937053672,manual,
BO50-00,Pozzo,BO,BOLOGNA,IT082462ER-DQ2-CCI,Conoide Savena - confinato inferiore,689421,4928818,55.23,269.58,,9.0,78.54,249.97,manual,11.3822128744,44.4878332994,manual,
BO50-01,Pozzo,BO,BOLOGNA,IT082462ER-DQ2-CCI,Conoide Savena - confinato inferiore,689537,4928883,55.23,272.01,,11.0,80.0,256.0,manual,11.3836942932,44.4883875425,manual,
BO50-02,Pozzo,BO,BOLOGNA,IT082462ER-DQ2-CCI,Conoide Savena - confinato inferiore,689316,4928818,55.23,276.77,,11.0,84.0,261.5,manual,11.3808934992,44.4878608255,manual,
BO52-00,Pozzo,BO,BOLOGNA,IT080170ER-DQ1-CL,Conoide Savena - libero,689193,4925716,73.26,14.0,,,,,manual,11.3782138151,44.4599905973,manual,
BO53-02,Pozzo,BO,SAN LAZZARO DI SAVENA,IT080470ER-DQ2-CCS,Conoide Zena-Idice - confinato superiore,692897,4926261,66.0,70.0,,,,,manual,11.4249361724,44.4639140651,manual,
BO53-03,Pozzo,BO,SAN LAZZARO DI SAVENA,IT082470ER-DQ2-CCI,Conoide Zena-Idice - confinato inferiore,692456,4927345,55.0,93.0,,1.0,56.5,61.3,manual,11.4198002693,44.4737818802,manual,
BO55-01,Pozzo,BO,CASTENASO,IT080470ER-DQ2-CCS,Conoide Zena-Idice - confinato superiore,696514,4928048,47.5,84.0,,,,,manual,11.4710428538,44.479012932,manual,
BO55-02,Pozzo,BO,SAN LAZZARO DI SAVENA,IT080470ER-DQ2-CCS,Conoide Zena-Idice - confinato superiore,695621,4927462,54.6,87.8,,9.0,17.0,87.0,manual,11.4596026938,44.4739844928,manual,
BO56-01,Pozzo,BO,SAN LAZZARO DI SAVENA,IT082470ER-DQ2-CCI,Conoide Zena-Idice - confinato inferiore,695449,4925917,52.42,203.04,,5.0,80.5,185.45,manual,11.4568587358,44.4601345587,manual,
BO57-01,Pozzo,BO,OZZANO DELL'EMILIA,IT080470ER-DQ2-CCS,Conoide Zena-Idice - confinato superiore,696479,4924615,61.4,81.0,,2.0,45.0,81.0,manual,11.469300406,44.4481446825,manual,
BO58-00,Pozzo,BO,CASTEL SAN PIETRO TERME,IT082700ER-DQ2-PACI-ITB,Pianura Alluvionale - confinato inferiore,704957,4925609,37.4,453.0,,2.0,354.0,444.39,manual,11.5761381681,44.4547320841,manual,
BO60-00,Pozzo,BO,CASTEL SAN PIETRO TERME,IT080660ER-DET1-CMSG,Conoidi montane e Sabbie gialle orientali,704907,4919915,75.5,136.0,,4.0,36.4,131.3,manual,11.5732609892,44.4035359609,manual,
BO61-00,Pozzo,BO,CASTEL SAN PIETRO TERME,IT082492ER-DQ2-CCI,Conoide Sillaro-Sellustra - confinato inferiore,706826,4919601,59.65,101.0,,6.0,73.3,95.72,manual,11.597210628,44.4001666971,manual,
BO62-01,Pozzo,BO,MEDICINA,IT082700ER-DQ2-PACI-ITB,Pianura Alluvionale - confinato inferiore,710530,4929431,19.9,259.0,,2.0,177.0,245.0,manual,11.6476673533,44.4875031131,manual,
BO65-00,Pozzo,BO,IMOLA,IT082700ER-DQ2-PACI-ITB,Pianura Alluvionale - confinato inferiore,717206,4926821,17.34,235.0,Fondo foro,1.0,221.0,235.0,manual,11.7304371463,44.462056332,manual,
BO66-00,Pozzo,BO,DOZZA,IT082492ER-DQ2-CCI,Conoide Sillaro-Sellustra - confinato inferiore,710921,4920769,43.2,190.0,,2.0,96.0,189.0,manual,11.6490536894,44.4094903966,manual,
BO67-02,Pozzo,BO,IMOLA,IT080510ER-DQ2-CCS,Conoide Santerno - confinato superiore,718087,4921334,23.4,59.0,Fondo foro,1.0,54.0,58.0,manual,11.7391915165,44.4124492749,manual,
BO68-00,Pozzo,BO,DOZZA,IT082492ER-DQ2-CCI,Conoide Sillaro-Sellustra - confinato inferiore,709768,4918965,59.7,196.4,Fondo foro,1.0,188.9,196.4,manual,11.633859389,44.3936012162,manual,
BO69-00,Pozzo,BO,IMOLA,IT082510ER-DQ2-CCI,Conoide Santerno - confinato inferiore,717196,4917436,33.2,101.0,,4.0,53.0,98.9,manual,11.726383847,44.3776635755,manual,
BO70-01,Pozzo,BO,DOZZA,IT082492ER-DQ2-CCI,Conoide Sillaro-Sellustra - confinato inferiore,710050,4918123,67.0,201.0,,4.0,93.0,180.0,manual,11.6370562024,44.3859471497,manual,
BO71-01,Pozzo,BO,IMOLA,IT080210ER-DQ1-CL,Conoide Santerno - libero,715791,4916868,42.0,97.0,,2.0,54.0,97.0,manual,11.7085314008,44.3729750868,manual,
BO72-00,Pozzo,BO,IMOLA,IT082510ER-DQ2-CCI,Conoide Santerno - confinato inferiore,720981,4915871,31.2,62.0,,4.0,47.0,61.0,manual,11.7731761016,44.3624470667,manual,
BO73-00,Pozzo,BO,IMOLA,IT080660ER-DET1-CMSG,Conoidi montane e Sabbie gialle orientali,719825,4912888,58.8,97.0,,,,,manual,11.7574268555,44.3359735597,manual,
BO75-00,Pozzo,BO,CASTENASO,IT080470ER-DQ2-CCS,Conoide Zena-Idice - confinato superiore,692566,4929401,49.17,104.0,,6.0,52.5,97.5,manual,11.4219475515,44.4922456661,manual,
BO75-01,Pozzo,BO,CASTENASO,IT080470ER-DQ2-CCS,Conoide Zena-Idice - confinato superiore,693061,4929852,48.0,46.0,,,,,manual,11.4283361619,44.4961700989,manual,
BO77-01,Pozzo,BO,VALSAMOGGIA,IT080420ER-DQ2-CCS,Conoide Samoggia - confinato superiore,671263,4931041,60.0,100.0,,,,,manual,11.1547586171,44.5123659233,manual,
BO78-01,Pozzo,BO,BOLOGNA,IT082700ER-DQ2-PACI-ITB,Pianura Alluvionale - confinato inferiore,689825,4933567,37.46,450.63,,9.0,135.0,420.45,manual,11.3890345806,44.5304438914,manual,
BO79-00,Pozzo,BO,IMOLA,IT082700ER-DQ2-PACI-ITB,Pianura Alluvionale - confinato inferiore,721626,4928881,8.0,459.0,,9.0,165.25,454.55,manual,11.7868170599,44.4792388558,manual,
BO82-01,Pozzo,BO,CREVALCORE,IT080620ER-DQ2-TPAPCS-ITB,Transizione Pianura Appenninica-Padana - confinato superiore,680090,4962867,16.0,85.0,,,,,manual,11.2769121939,44.7965046849,manual,
BO83-00,Pozzo,BO,GALLIERA,IT082700ER-DQ2-PACI-ITB,Pianura Alluvionale - confinato inferiore,690975,4958871,13.77,190.0,,,,,manual,11.4129166974,44.7577378195,manual,
BO84-01,Pozzo,BO,CASTEL SAN PIETRO TERME,IT080492ER-DQ2-CCS,Conoide Sillaro-Sellustra - confinato superiore,706413,4922717,51.2,20.0,,,,,manual,11.5932687025,44.4283085926,manual,
BO87-01,Pozzo,BO,CALDERARA DI RENO,IT082442ER-DQ2-CCI,Conoide Reno-Lavino - confinato inferiore,680579,4938855,25.0,,,,,,manual,11.2746162386,44.5803864231,manual,
BO88-02,Pozzo,BO,ZOLA PREDOSA,IT080160ER-DQ1-CL,Conoide Reno-Lavino - libero,676914,4928322,77.0,101.93,,3.0,29.07,99.7,manual,11.2248737438,44.4865429365,manual,
BO89-00,Pozzo,BO,ZOLA PREDOSA,IT082442ER-DQ2-CCI,Conoide Reno-Lavino - confinato inferiore,674322,4930012,73.8,226.3,,8.0,106.78,223.8,manual,11.1928705844,44.5023765525,manual,
BO92-00,Pozzo,BO,ANZOLA EMILIA,IT082420ER-DQ2-CCI,Conoide Samoggia - confinato inferiore,672582,4936972,35.72,150.0,,2.0,88.5,147.0,manual,11.1733267224,44.5654080376,manual,
BO95-00,Pozzo,BO,BUDRIO,IT082700ER-DQ2-PACI-ITB,Pianura Alluvionale - confinato inferiore,702423,4935153,23.5,486.0,,3.0,246.0,476.0,manual,11.5480573332,44.5412827717,manual,
BO99-00,Pozzo,BO,GRANAROLO DELL'EMILIA,IT080610ER-DQ2-PACS-ITB,Pianura Alluvionale Appenninica - confinato superiore,691566,4935651,29.8,213.0,,3.0,88.82,212.75,manual,11.4117007494,44.548728504,manual,
BOA5-00,Pozzo,BO,CASTENASO,IT080470ER-DQ2-CCS,Conoide Zena-Idice - confinato superiore,695616,4930400,39.01,159.0,,2.0,61.0,74.5,manual,11.4606512623,44.5004114728,manual,
BOA6-01,Pozzo,BO,DOZZA,IT082492ER-DQ2-CCI,Conoide Sillaro-Sellustra - confinato inferiore,711138,4917725,68.4,165.0,,,,,manual,11.6505392983,44.3820517848,manual,
BOA7-00,Pozzo,BO,MOLINELLA,IT082700ER-DQ2-PACI-ITB,Pianura Alluvionale - confinato inferiore,714286,4942901,7.3,190.0,,1.0,175.0,183.75,manual,11.7004507469,44.6075297829,manual,
BOB3-00,Pozzo,BO,CREVALCORE,IT080610ER-DQ2-PACS-ITB,Pianura Alluvionale Appenninica - confinato superiore,672436,4955556,15.87,100.0,,,,,manual,11.1777391437,44.732624444,manual,
BOB8-00,Pozzo,BO,CREVALCORE,IT080620ER-DQ2-TPAPCS-ITB,Transizione Pianura Appenninica-Padana - confinato superiore,670194,4959181,19.21,80.0,Fondo foro,1.0,70.0,76.0,manual,11.1506538833,44.7657711352,manual,
BOE8-00,Pozzo,BO,VALSAMOGGIA,IT080150ER-DQ1-CL,Conoide Samoggia - libero,667087,4928063,100.0,21.0,,,,,manual,11.1012906617,44.4865528144,manual,
BOE9-00,Pozzo,BO,BOLOGNA,IT080160ER-DQ1-CL,Conoide Reno-Lavino - libero,678075,4933190,44.9,68.0,Fondo foro,1.0,64.0,68.0,manual,11.241141682,44.5300492804,manual,
BOE9-01,Pozzo,BO,BOLOGNA,IT080160ER-DQ1-CL,Conoide Reno-Lavino - libero,678135,4933504,41.7,70.0,,,,,manual,11.2420046485,44.532859135,manual,
BO-F01-00,Pozzo,BO,SALA BOLOGNESE,IT089015ER-DQ1-FPF-ITB,Freatico di pianura fluviale,677394,4940978,24.2,6.6,,,,,manual,11.2352601279,44.600276082,manual,
BO-F02-00,Pozzo,BO,SALA BOLOGNESE,IT089015ER-DQ1-FPF-ITB,Freatico di pianura fluviale,681965,4942653,24.2,7.5,,,,,manual,11.2934049112,44.6142018113,manual,
BO-F04-00,Pozzo,BO,MALALBERGO,IT089015ER-DQ1-FPF-ITB,Freatico di pianura fluviale,699177,4949318,12.3,7.3,,,,,manual,11.5127261959,44.6695853263,manual,
BO-F07-00,Pozzo,BO,SAN GIOVANNI IN PERSICETO,IT089015ER-DQ1-FPF-ITB,Freatico di pianura fluviale,676768,4948948,18.1,7.0,,,,,manual,11.2301238711,44.6721257244,manual,
BO-F08-00,Pozzo,BO,ARGELATO,IT089015ER-DQ1-FPF-ITB,Freatico di pianura fluviale,684902,4947067,21.2,6.7,,,,,manual,11.3319816123,44.6531568435,manual,
BO-F11-00,Pozzo,BO,MOLINELLA,IT089015ER-DQ1-FPF-ITB,Freatico di pianura fluviale,705857,4940727,14.3,7.2,,,,,manual,11.5934679961,44.5904397099,manual,
BO-F12-00,Pozzo,BO,CASTENASO,IT089015ER-DQ1-FPF-ITB,Freatico di pianura fluviale,699279,4932056,31.0,6.65,,,,,manual,11.5073234095,44.5143040328,manual,
BO-F13-00,Pozzo,BO,CASTENASO,IT089015ER-DQ1-FPF-ITB,Freatico di pianura fluviale,695284,4934008,34.5,7.65,,,,,manual,11.4578434616,44.5329531364,manual,
BO-F15-00,Pozzo,BO,CASTEL GUELFO DI BOLOGNA,IT089015ER-DQ1-FPF-ITB,Freatico di pianura fluviale,711231,4923429,37.0,6.3,,,,,manual,11.654025749,44.4333219062,manual,
BO-F16-00,Pozzo,BO,IMOLA,IT089015ER-DQ1-FPF-ITB,Freatico di pianura fluviale,715642,4923009,27.6,10.0,,,,,manual,11.7092124411,44.4282442175,manual,
BO-F18-00,Pozzo,BO,MORDANO,IT089015ER-DQ1-FPF-ITB,Freatico di pianura fluviale,724554,4920253,19.7,7.5,,,,,manual,11.8198537826,44.4007530321,manual,
BOF2-01,Pozzo,BO,CASTELLO D'ARGILE,IT080610ER-DQ2-PACS-ITB,Pianura Alluvionale Appenninica - confinato superiore,682666,4952366,19.2,100.0,,,,,manual,11.3056945623,44.701394279,manual,
BO-F21-00,Pozzo,BO,BOLOGNA,IT089015ER-DQ1-FPF-ITB,Freatico di pianura fluviale,678805,4934906,36.7,7.4,,,,,manual,11.2509168933,44.5453053083,manual,
BOF3-00,Pozzo,BO,OZZANO DELL'EMILIA,IT080482ER-DQ2-CC,Conoide Quaderna - confinato,700760,4926540,39.0,80.0,,,,,manual,11.5237977354,44.4642827891,manual,
BOF3-01,Pozzo,BO,OZZANO DELL'EMILIA,IT080482ER-DQ2-CC,Conoide Quaderna - confinato,701768,4926171,37.5,75.0,,,,,manual,11.5363134152,44.4606834153,manual,
BOF6-00,Pozzo,BO,ZOLA PREDOSA,IT080160ER-DQ1-CL,Conoide Reno-Lavino - libero,677832,4929734,64.5,131.9,,5.0,90.3,130.85,manual,11.2368955317,44.4990196804,manual,
BOF7-00,Piezometro,BO,BENTIVOGLIO,IT080610ER-DQ2-PACS-ITB,Pianura Alluvionale Appenninica - confinato superiore,691203,4942161,18.7,80.0,,2.0,41.0,74.0,manual,11.4095532775,44.6073799188,manual,
BOF8-00,Piezometro,BO,BOLOGNA,IT080442ER-DQ2-CCS,Conoide Reno-Lavino - confinato superiore,682966,4931939,39.19,60.0,Fondo foro,1.0,50.0,60.0,manual,11.3022044794,44.5175719521,manual,
BOF9-00,Piezometro,BO,CASTELLO D'ARGILE,IT080610ER-DQ2-PACS-ITB,Pianura Alluvionale Appenninica - confinato superiore,680802,4950302,19.0,200.0,,1.0,100.0,130.0,manual,11.2814555925,44.6833005099,manual,
BOG0-00,Piezometro,BO,IMOLA,IT080210ER-DQ1-CL,Conoide Santerno - libero,718555,4915467,36.5,183.5,Fondo foro,1.0,154.0,183.5,manual,11.7425965237,44.3595488655,manual,
BOH0-00,Pozzo,BO,SAN LAZZARO DI SAVENA,IT080192ER-DQ1-CL,Conoide Zena-Idice - libero,692784,4924110,79.0,51.0,,,,,manual,11.4227163668,44.4445965484,manual,
BOH1-00,Pozzo,BO,SAN LAZZARO DI SAVENA,IT080192ER-DQ1-CL,Conoide Zena-Idice - libero,694780,4924511,71.0,100.0,,,,,manual,11.4479281627,44.4476687338,manual,
BOH2-00,Pozzo,BO,DOZZA,IT080660ER-DET1-CMSG,Conoidi montane e Sabbie gialle orientali,709871,4917220,76.0,16.0,,,,,manual,11.6344468618,44.3778779758,manual,
BOH2-01,Pozzo,BO,DOZZA,IT080660ER-DET1-CMSG,Conoidi montane e Sabbie gialle orientali,709980,4917172,76.0,15.0,,,,,manual,11.635794288,44.37741474,manual,
BOK1-00,Pozzo,BO,CASTEL SAN PIETRO TERME,IT080200ER-DQ1-CL,Conoide Sillaro - libero,706731,4917663,84.5,14.0,,,,,manual,11.5952479988,44.3827641381,manual,
BOK2-00,Pozzo,BO,CASTEL SAN PIETRO TERME,IT080200ER-DQ1-CL,Conoide Sillaro - libero,708077,4920226,59.5,80.0,,,,,manual,11.6131541996,44.4054294747,manual,
BOK3-00,Pozzo,BO,VALSAMOGGIA,IT080420ER-DQ2-CCS,Conoide Samoggia - confinato superiore,672484,4936180,37.0,30.0,Fondo foro,1.0,20.0,25.0,manual,11.1718282782,44.5583065646,manual,
BOK5-00,Pozzo,BO,MEDICINA,IT080492ER-DQ2-CCS,Conoide Sillaro-Sellustra - confinato superiore,709366,4927310,28.0,28.0,,,,,manual,11.6321857961,44.4687667461,manual,
BOK9-00,Pozzo,BO,MINERBIO,IT080610ER-DQ2-PACS-ITB,Pianura Alluvionale Appenninica - confinato superiore,696947,4942912,18.0,87.0,,2.0,75.0,87.0,manual,11.4821607066,44.6125848961,manual,
FC01-00,Pozzo,FC,FORLÌ,IT080610ER-DQ2-PACS-ITB,Pianura Alluvionale Appenninica - confinato superiore,745412,4902354,22.0,176.0,,2.0,116.4,166.0,manual,12.073002448,44.2330780661,manual,
FC02-00,Pozzo,FC,FORLÌ,IT080540ER-DQ2-CCS,Conoide Ronco-Montone - confinato superiore,737408,4900953,39.1,30.0,,,,,manual,11.9722794425,44.2231326848,manual,
FC03-02,Pozzo,FC,FORLÌ,IT082540ER-DQ2-CCI,Conoide Ronco-Montone - confinato inferiore,742205,4898227,41.0,44.0,Fondo foro,1.0,38.0,44.0,manual,12.0309955849,44.1970468052,manual,
FC04-00,Pozzo,FC,FORLIMPOPOLI,IT080540ER-DQ2-CCS,Conoide Ronco-Montone - confinato superiore,749779,4897241,31.0,41.9,,,,,manual,12.125171307,44.1856301204,manual,
FC06-02,Pozzo,FC,CESENA,IT080550ER-DQ2-CCS,Conoide Savio - confinato superiore,757142,4894783,33.5,131.5,,4.0,52.5,122.4,manual,12.2159511749,44.1609792015,manual,
FC06-03,Pozzo,FC,CESENA,IT080550ER-DQ2-CCS,Conoide Savio - confinato superiore,757656,4894146,35.0,71.0,Fondo foro,1.0,60.27,66.07,manual,12.2220575163,44.1550721632,manual,
FC07-02,Pozzo,FC,GAMBETTOLA,IT080610ER-DQ2-PACS-ITB,Pianura Alluvionale Appenninica - confinato superiore,769221,4889764,20.7,40.0,Fondo foro,1.0,36.0,40.0,manual,12.3641998199,44.1115200129,manual,
FC12-00,Pozzo,FC,FORLÌ,IT082700ER-DQ2-PACI-ITB,Pianura Alluvionale - confinato inferiore,745334,4908329,17.03,200.0,Fondo foro,1.0,199.0,200.0,manual,12.0748280839,44.2868203251,manual,
FC13-00,Pozzo,FC,FORLÌ,IT082700ER-DQ2-PACI-ITB,Pianura Alluvionale - confinato inferiore,742537,4904150,23.46,150.0,Fondo foro,1.0,149.0,150.0,manual,12.0378842856,44.2501872384,manual,
FC14-02,Pozzo,FC,FORLÌ,IT082700ER-DQ2-PACI-ITB,Pianura Alluvionale - confinato inferiore,748563,4900097,24.5,170.3,Fondo foro,1.0,156.9,160.3,manual,12.1113314502,44.2117202824,manual,
FC16-01,Pozzo,FC,SAVIGNANO SUL RUBICONE,IT080610ER-DQ2-PACS-ITB,Pianura Alluvionale Appenninica - confinato superiore,775163,4896146,1.0,218.0,,2.0,90.0,218.0,manual,12.4416542758,44.1666660999,manual,
FC18-00,Pozzo,FC,CESENATICO,IT080610ER-DQ2-PACS-ITB,Pianura Alluvionale Appenninica - confinato superiore,769089,4894534,11.2,107.0,,,,,manual,12.3649894247,44.1544401605,manual,
FC19-00,Pozzo,FC,FORLÌ,IT082700ER-DQ2-PACI-ITB,Pianura Alluvionale - confinato inferiore,741051,4909431,17.0,300.0,Fondo foro,1.0,278.2,282.6,manual,12.0217314546,44.2981595488,manual,
FC19-02,Pozzo,FC,FORLÌ,IT080610ER-DQ2-PACS-ITB,Pianura Alluvionale Appenninica - confinato superiore,739672,4906371,19.3,70.0,Fondo foro,1.0,65.0,70.0,manual,12.0030652643,44.271103876,manual,
FC19-03,Pozzo,FC,FORLÌ,IT080610ER-DQ2-PACS-ITB,Pianura Alluvionale Appenninica - confinato superiore,741133,4907692,16.0,76.0,Fondo foro,1.0,73.0,76.0,manual,12.0219554393,44.2824978762,manual,
FC20-00,Pozzo,FC,FORLÌ,IT082540ER-DQ2-CCI,Conoide Ronco-Montone - confinato inferiore,741466,4901290,29.7,108.5,Fondo foro,1.0,101.0,108.5,manual,12.0231700578,44.2248299843,manual,
FC22-00,Pozzo,FC,FORLÌ,IT080610ER-DQ2-PACS-ITB,Pianura Alluvionale Appenninica - confinato superiore,749384,4904116,19.7,200.0,,,,,manual,12.1235050955,44.2475698972,manual,
FC25-00,Pozzo,FC,CESENA,IT080550ER-DQ2-CCS,Conoide Savio - confinato superiore,765677,4896373,12.4,88.9,Fondo foro,1.0,84.0,88.0,manual,12.3233223843,44.1722173613,manual,
FC27-00,Pozzo,FC,CESENA,IT080550ER-DQ2-CCS,Conoide Savio - confinato superiore,759087,4897759,24.3,90.0,,,,,manual,12.2417045709,44.1870429205,manual,
FC28-03,Pozzo,FC,CESENA,IT080270ER-DQ1-CL,Conoide Savio - libero,755996,4889685,51.6,23.0,,,,,manual,12.199162996,44.1155544945,manual,
FC41-00,Pozzo,FC,CESENA,IT080550ER-DQ2-CCS,Conoide Savio - confinato superiore,762976,4897161,14.5,30.0,,,,,manual,12.2899856152,44.1802775363,manual,
FC43-00,Pozzo,FC,GATTEO,IT082700ER-DQ2-PACI-ITB,Pianura Alluvionale - confinato inferiore,772727,4894282,6.0,182.0,Fondo foro,1.0,171.0,182.0,manual,12.4102731123,44.1508271193,manual,
FC50-02,Pozzo,FC,FORLÌ,IT082700ER-DQ2-PACI-ITB,Pianura Alluvionale - confinato inferiore,745193,4901314,22.0,162.12,,1.0,140.42,154.12,manual,12.0697776256,44.2238019543,manual,
FC52-00,Pozzo,FC,FORLÌ,IT082700ER-DQ2-PACI-ITB,Pianura Alluvionale - confinato inferiore,754245,4901885,16.0,256.0,Fondo foro,1.0,238.0,256.0,manual,12.1832136934,44.2258348936,manual,
FC53-00,Pozzo,FC,FORLIMPOPOLI,IT082540ER-DQ2-CCI,Conoide Ronco-Montone - confinato inferiore,749482,4897978,27.0,400.0,,4.0,25.0,345.0,manual,12.1218108264,44.1923571682,manual,
FC56-00,Pozzo,FC,CESENA,IT080550ER-DQ2-CCS,Conoide Savio - confinato superiore,760890,4901578,12.0,89.0,,,,,manual,12.2661256847,44.2207281556,manual,
FC57-03,Pozzo,FC,GAMBETTOLA,IT080565ER-DQ2-CCS,Conoide Pisciatello-Rubicone-Uso - confinato superiore,765900,4890320,32.0,50.0,Fondo foro,1.0,31.4,45.2,manual,12.3230503577,44.1177312492,manual,
FC70-00,Pozzo,FC,SAN MAURO PASCOLI,IT080590ER-DQ2-CCS,Conoide Marecchia - confinato superiore,775377,4889943,15.0,40.0,,,,,manual,12.4410830575,44.1108390354,manual,
FC71-00,Piezometro,FC,FORLÌ,IT082540ER-DQ2-CCI,Conoide Ronco-Montone - confinato inferiore,741252,4901195,30.0,141.5,Fondo foro,1.0,132.5,141.5,manual,12.020450746,44.224046716,manual,
FC73-00,Piezometro,FC,FORLÌ,IT082540ER-DQ2-CCI,Conoide Ronco-Montone - confinato inferiore,744374,4897325,35.0,56.0,Fondo foro,1.0,38.0,50.0,manual,12.0576809451,44.188214456,manual,
FC77-00,Piezometro,FC,FORLÌ,IT082700ER-DQ2-PACI-ITB,Pianura Alluvionale - confinato inferiore,751113,4901473,20.0,128.0,Fondo foro,1.0,120.0,128.0,manual,12.1438618501,44.2232166174,manual,
FC79-01,Pozzo,FC,BERTINORO,IT080610ER-DQ2-PACS-ITB,Pianura Alluvionale Appenninica - confinato superiore,754406,4899487,27.0,70.0,,1.0,24.0,27.0,manual,12.184063425,44.2042225348,manual,
FC80-02,Pozzo,FC,CESENA,IT080550ER-DQ2-CCS,Conoide Savio - confinato superiore,757412,4895571,29.0,83.0,Fondo foro,1.0,76.0,78.0,manual,12.2197083038,44.1679674884,manual,
FC80-03,Pozzo,FC,CESENA,IT080550ER-DQ2-CCS,Conoide Savio - confinato superiore,757312,4895953,28.0,70.0,Fondo foro,1.0,63.0,65.0,manual,12.2186463919,44.1714365183,manual,
FC81-03,Pozzo,FC,CESENATICO,IT080610ER-DQ2-PACS-ITB,Pianura Alluvionale Appenninica - confinato superiore,770077,4900261,0.3,99.0,,,,,manual,12.3802661448,44.2055474731,manual,
FC81-04,Pozzo,FC,CESENATICO,IT080610ER-DQ2-PACS-ITB,Pianura Alluvionale Appenninica - confinato superiore,772420,4898589,2.5,105.0,,,,,manual,12.4086722985,44.1896498569,manual,
FC83-00,Pozzo,FC,FORLÌ,IT082540ER-DQ2-CCI,Conoide Ronco-Montone - confinato inferiore,744553,4898760,28.0,100.0,,2.0,57.0,85.0,manual,12.0605857705,44.2010556538,manual,
FC83-01,Pozzo,FC,FORLÌ,IT082540ER-DQ2-CCI,Conoide Ronco-Montone - confinato inferiore,744603,4898725,27.9,90.6,,2.0,56.7,86.6,manual,12.0611943274,44.2007242342,manual,
FC85-00,Pozzo,FC,FORLIMPOPOLI,IT080245ER-DQ1-CL,Conoide Ronco-Montone - libero,747556,4896538,23.0,22.65,,,,,manual,12.0970669659,44.1800672451,manual,
FC86-00,Pozzo,FC,FORLÌ,IT082700ER-DQ2-PACI-ITB,Pianura Alluvionale - confinato inferiore,738934,4903088,26.0,249.5,,3.0,205.4,242.0,manual,11.9923321273,44.2418296913,manual,
FC89-00,Pozzo,FC,FORLÌ,IT080245ER-DQ1-CL,Conoide Ronco-Montone - libero,745925,4893453,47.0,10.0,,,,,manual,12.0752488141,44.152883409,manual,
FC90-00,Pozzo,FC,CESENA,IT080270ER-DQ1-CL,Conoide Savio - libero,757886,4893264,25.0,125.0,,1.0,63.5,72.0,manual,12.2244970654,44.1470627617,manual,
FC93-00,Pozzo,FC,FORLÌ,IT082700ER-DQ2-PACI-ITB,Pianura Alluvionale - confinato inferiore,746304,4901831,22.0,132.0,Fondo foro,1.0,120.0,129.0,manual,12.0839101138,44.2280753883,manual,
FC94-00,Pozzo,FC,CASTROCARO TERME E TERRA DEL SOLE,IT085090ER-AV2-VA,Depositi vallate App. Senio-Savio,736705,4896222,55.0,13.5,,,,,manual,11.9613563346,44.1808241737,manual,
FC95-00,Pozzo,FC,MELDOLA,IT085090ER-AV2-VA,Depositi vallate App. Senio-Savio,744829,4888543,81.0,5.0,,,,,manual,12.0592812666,44.109108284,manual,
FC96-00,Pozzo,FC,CESENA,IT085090ER-AV2-VA,Depositi vallate App. Senio-Savio,754308,4882052,73.0,5.5,,,,,manual,12.1744255567,44.0475259079,manual,
FC97-00,Pozzo,FC,FORLÌ,IT080245ER-DQ1-CL,Conoide Ronco-Montone - libero,738566,4899203,47.1,42.0,,,,,manual,11.9859618832,44.2070206116,manual,
FC98-00,Pozzo,FC,FORLÌ,IT080245ER-DQ1-CL,Conoide Ronco-Montone - libero,741429,4895561,53.0,8.0,,,,,manual,12.0200728562,44.1733347606,manual,
FC99-00,Pozzo,FC,FORLÌ,IT080540ER-DQ2-CCS,Conoide Ronco-Montone - confinato superiore,746228,4900780,22.4,80.0,,1.0,61.5,68.5,manual,12.0824663619,44.2186524602,manual,
FCA0-00,Pozzo,FC,CESENA,IT082550ER-DQ2-CCI,Conoide Savio - confinato inferiore,757656,4894146,35.0,110.0,Fondo foro,1.0,73.7,98.0,manual,12.2220575163,44.1550721632,manual,
FC-F01-00,Pozzo,FC,FORLÌ,IT089015ER-DQ1-FPF-ITB,Freatico di pianura fluviale,742161,4912623,14.4,11.59,,,,,manual,12.037107683,44.3264880036,manual,
FC-F04-00,Pozzo,FC,FORLIMPOPOLI,IT089015ER-DQ1-FPF-ITB,Freatico di pianura fluviale,750030,4899225,25.6,10.52,,,,,manual,12.1292517439,44.2033798889,manual,
FC-F06-00,Pozzo,FC,CESENA,IT089015ER-DQ1-FPF-ITB,Freatico di pianura fluviale,760216,4896293,27.3,8.69,,,,,manual,12.2550822271,44.1734640279,manual,
FC-F07-00,Pozzo,FC,GATTEO,IT089015ER-DQ1-FPF-ITB,Freatico di pianura fluviale,771211,4889465,21.4,9.04,,,,,manual,12.388870295,44.1080982057,manual,
FE01-01,Pozzo,FE,BONDENO,IT080630ER-DQ2-PPCS,Pianura Alluvionale Padana - confinato superiore,690795,4978495,12.5,35.0,,2.0,21.0,34.0,manual,11.4180214421,44.9342873504,manual,
FE05-02,Pozzo,FE,FERRARA,IT080630ER-DQ2-PPCS,Pianura Alluvionale Padana - confinato superiore,704595,4973733,10.12,37.55,,1.0,22.0,32.05,manual,11.5908154691,44.8876280599,manual,
FE05-03,Pozzo,FE,FERRARA,IT080630ER-DQ2-PPCS,Pianura Alluvionale Padana - confinato superiore,704670,4973700,10.12,34.5,,1.0,16.1,31.2,manual,11.5917508979,44.8873097529,manual,
FE07-01,Pozzo,FE,RIVA DEL PO,IT080630ER-DQ2-PPCS,Pianura Alluvionale Padana - confinato superiore,718990,4981747,3.3,50.0,,1.0,23.2,46.0,manual,11.7763656861,44.9554069643,manual,
FE09-01,Pozzo,FE,FERRARA,IT080640ER-DQ2-PCC-ITB,Pianura Alluvionale Costiera - confinato,714625,4970293,5.0,38.0,Fondo foro,1.0,30.0,36.0,manual,11.7162309692,44.8537448513,manual,
FE12-00,Pozzo,FE,TRESIGNANA,IT080630ER-DQ2-PPCS,Pianura Alluvionale Padana - confinato superiore,726466,4969250,2.5,130.0,,1.0,95.0,129.0,manual,11.8654394277,44.8407065818,manual,
FE13-01,Pozzo,FE,RIVA DEL PO,IT080630ER-DQ2-PPCS,Pianura Alluvionale Padana - confinato superiore,733775,4984419,0.72,49.0,,1.0,29.0,35.0,manual,11.9648057241,44.9747197453,manual,
FE15-00,Pozzo,FE,RIVA DEL PO,IT080630ER-DQ2-PPCS,Pianura Alluvionale Padana - confinato superiore,743260,4982671,-2.3,26.0,,,,,manual,12.0840835001,44.9558226276,manual,
FE16-00,Pozzo,FE,ARGENTA,IT080640ER-DQ2-PCC-ITB,Pianura Alluvionale Costiera - confinato,747705,4938463,0.12,200.0,,,,,manual,12.1188838787,44.5569079479,manual,
FE18-01,Pozzo,FE,MESOLA,IT080640ER-DQ2-PCC-ITB,Pianura Alluvionale Costiera - confinato,755380,4973165,-1.03,170.0,,,,,manual,12.2327052527,44.8661351389,manual,
FE18-02,Pozzo,FE,CODIGORO,IT080640ER-DQ2-PCC-ITB,Pianura Alluvionale Costiera - confinato,751375,4971717,-0.7,160.0,Fondo foro,1.0,135.0,155.0,manual,12.1813695197,44.8545432262,manual,
FE19-04,Pozzo,FE,CODIGORO,IT080640ER-DQ2-PCC-ITB,Pianura Alluvionale Costiera - confinato,742967,4970243,-3.0,141.0,Fondo foro,1.0,120.0,138.0,manual,12.0744091072,44.8442065256,manual,
FE21-00,Pozzo,FE,GORO,IT080640ER-DQ2-PCC-ITB,Pianura Alluvionale Costiera - confinato,759844,4971650,-1.61,34.7,,,,,manual,12.28834425,44.85090682,manual,
FE22-00,Pozzo,FE,TERRE DEL RENO,IT082700ER-DQ2-PACI-ITB,Pianura Alluvionale - confinato inferiore,685137,4960021,13.5,172.0,,,,,manual,11.3396352147,44.7696160039,manual,
FE23-00,Pozzo,FE,TERRE DEL RENO,IT080620ER-DQ2-TPAPCS-ITB,Transizione Pianura Appenninica-Padana - confinato superiore,690581,4964056,17.88,140.2,,3.0,72.12,140.19,manual,11.4098833695,44.8044783245,manual,
FE24-03,Pozzo,FE,CENTO,IT082700ER-DQ2-PACI-ITB,Pianura Alluvionale - confinato inferiore,682224,4955674,14.3,123.5,,1.0,114.5,123.5,manual,11.3012996223,44.73126256,manual,
FE30-00,Pozzo,FE,FERRARA,IT080620ER-DQ2-TPAPCS-ITB,Transizione Pianura Appenninica-Padana - confinato superiore,703494,4960438,10.45,102.0,Fondo foro,1.0,85.0,102.0,manual,11.5715622258,44.7683801324,manual,
FE33-00,Pozzo,FE,FERRARA,IT080620ER-DQ2-TPAPCS-ITB,Transizione Pianura Appenninica-Padana - confinato superiore,711280,4961583,3.0,123.0,Fondo foro,1.0,98.0,123.0,manual,11.6703243006,44.7764195707,manual,
FE34-01,Pozzo,FE,FERRARA,IT080620ER-DQ2-TPAPCS-ITB,Transizione Pianura Appenninica-Padana - confinato superiore,712605,4955291,5.59,117.0,Fondo foro,1.0,96.0,116.0,manual,11.6844303955,44.7194466191,manual,
FE34-02,Pozzo,FE,FERRARA,IT080620ER-DQ2-TPAPCS-ITB,Transizione Pianura Appenninica-Padana - confinato superiore,709642,4957129,7.4,81.6,Fondo foro,1.0,58.0,81.0,manual,11.6478130715,44.7368481911,manual,
FE35-00,Pozzo,FE,ARGENTA,IT082700ER-DQ2-PACI-ITB,Pianura Alluvionale - confinato inferiore,708486,4953080,7.91,138.0,Fondo foro,1.0,133.6,138.0,manual,11.6315758925,44.7007735677,manual,
FE36-01,Pozzo,FE,MASI TORELLO,IT080620ER-DQ2-TPAPCS-ITB,Transizione Pianura Appenninica-Padana - confinato superiore,720507,4964328,4.1,120.0,Fondo foro,1.0,105.0,120.0,manual,11.7879963289,44.7983164416,manual,
FE37-00,Pozzo,FE,PORTOMAGGIORE,IT082700ER-DQ2-PACI-ITB,Pianura Alluvionale - confinato inferiore,721344,4959241,0.43,159.0,Fondo foro,1.0,135.88,153.88,manual,11.7963563577,44.7523177647,manual,
FE38-00,Pozzo,FE,OSTELLATO,IT080620ER-DQ2-TPAPCS-ITB,Transizione Pianura Appenninica-Padana - confinato superiore,730536,4959854,0.9,88.0,Fondo foro,1.0,73.0,86.0,manual,11.9126140538,44.7549279748,manual,
FE39-01,Pozzo,FE,OSTELLATO,IT080620ER-DQ2-TPAPCS-ITB,Transizione Pianura Appenninica-Padana - confinato superiore,727496,4958786,1.0,122.0,Fondo foro,1.0,101.0,122.0,manual,11.8737786816,44.7462982635,manual,
FE41-01,Pozzo,FE,MIGLIARO,IT080640ER-DQ2-PCC-ITB,Pianura Alluvionale Costiera - confinato,733513,4963263,4.28,36.0,Fondo foro,1.0,34.0,36.0,manual,11.9517382272,44.7846110592,manual,
FE41-02,Pozzo,FE,FISCAGLIA,IT080640ER-DQ2-PCC-ITB,Pianura Alluvionale Costiera - confinato,734408,4965154,0.3,70.0,Fondo foro,1.0,45.0,70.0,manual,11.9639072581,44.8013186906,manual,
FE45-01,Pozzo,FE,COMACCHIO,IT080640ER-DQ2-PCC-ITB,Pianura Alluvionale Costiera - confinato,747136,4958603,-1.6,160.0,,3.0,45.0,160.0,manual,12.1214339153,44.7381446912,manual,
FE47-01,Pozzo,FE,ARGENTA,IT082700ER-DQ2-PACI-ITB,Pianura Alluvionale - confinato inferiore,717666,4951764,0.81,110.0,Fondo foro,1.0,96.0,110.0,manual,11.7467588375,44.6862124471,manual,
FE48-00,Pozzo,FE,PORTOMAGGIORE,IT080640ER-DQ2-PCC-ITB,Pianura Alluvionale Costiera - confinato,727660,4948452,0.86,80.0,,,,,manual,11.8712482237,44.6533324886,manual,
FE49-00,Pozzo,FE,ARGENTA,IT080620ER-DQ2-TPAPCS-ITB,Transizione Pianura Appenninica-Padana - confinato superiore,725007,4944875,0.7,230.0,,5.0,17.0,229.0,manual,11.8362612499,44.622006029,manual,
FE52-00,Pozzo,FE,BONDENO,IT080630ER-DQ2-PPCS,Pianura Alluvionale Padana - confinato superiore,680585,4979784,8.0,36.0,,1.0,25.0,30.0,manual,11.2891931691,44.9485473702,manual,
FE53-00,Pozzo,FE,BONDENO,IT080630ER-DQ2-PPCS,Pianura Alluvionale Padana - confinato superiore,685655,4972210,8.2,30.0,,,,,manual,11.3506294875,44.8791173165,manual,
FE54-01,Pozzo,FE,LAGOSANTO,IT080640ER-DQ2-PCC-ITB,Pianura Alluvionale Costiera - confinato,747977,4959578,-1.0,90.0,Fondo foro,1.0,83.0,90.0,manual,12.1325139914,44.7466181656,manual,
FE54-02,Pozzo,FE,LAGOSANTO,IT080640ER-DQ2-PCC-ITB,Pianura Alluvionale Costiera - confinato,748261,4961674,0.4,90.0,,,,,manual,12.1371164166,44.7653602908,manual,
FE56-00,Pozzo,FE,FERRARA,IT080630ER-DQ2-PPCS,Pianura Alluvionale Padana - confinato superiore,702655,4970438,7.0,60.0,Fondo foro,1.0,42.0,60.0,manual,11.5649562668,44.8585503125,manual,
FE58-01,Piezometro,FE,FERRARA,IT080640ER-DQ2-PCC-ITB,Pianura Alluvionale Costiera - confinato,705549,4971137,6.0,47.0,,,,,manual,11.601830757,44.8640080889,manual,
FE58-02,Pozzo,FE,FERRARA,IT080640ER-DQ2-PCC-ITB,Pianura Alluvionale Costiera - confinato,705536,4971213,6.0,45.0,,1.0,26.0,42.0,manual,11.6016971779,44.8646952927,manual,
FE59-01,Pozzo,FE,FERRARA,IT082700ER-DQ2-PACI-ITB,Pianura Alluvionale - confinato inferiore,708187,4967809,6.0,140.0,Fondo foro,1.0,126.0,140.0,manual,11.6338222099,44.8333152616,manual,
FE60-00,Pozzo,FE,FERRARA,IT080630ER-DQ2-PPCS,Pianura Alluvionale Padana - confinato superiore,705138,4965716,7.2,42.0,,,,,manual,11.5944434713,44.8153757795,manual,
FE61-01,Pozzo,FE,FERRARA,IT080630ER-DQ2-PPCS,Pianura Alluvionale Padana - confinato superiore,714115,4976957,3.8,38.0,,,,,manual,11.7126004012,44.9138209254,manual,
FE63-00,Pozzo,FE,CENTO,IT080620ER-DQ2-TPAPCS-ITB,Transizione Pianura Appenninica-Padana - confinato superiore,678700,4954402,18.99,101.0,,,,,manual,11.2563848758,44.7207083324,manual,
FE64-00,Pozzo,FE,RIVA DEL PO,IT080630ER-DQ2-PPCS,Pianura Alluvionale Padana - confinato superiore,727936,4983760,2.5,70.0,,,,,manual,11.8905513913,44.9706926375,manual,
FE65-00,Pozzo,FE,JOLANDA DI SAVOIA,IT080640ER-DQ2-PCC-ITB,Pianura Alluvionale Costiera - confinato,735836,4974726,-2.6,36.0,,,,,manual,11.9863853665,44.8869006502,manual,
FE69-00,Pozzo,FE,OSTELLATO,IT080640ER-DQ2-PCC-ITB,Pianura Alluvionale Costiera - confinato,745041,4953044,-1.09,145.0,Fondo foro,1.0,128.0,145.0,manual,12.0923469416,44.6888933173,manual,
FE70-00,Piezometro,FE,COMACCHIO,IT089020ER-DQ1-FPC-ITB,Freatico di pianura costiero,757807,4948325,2.77,2.4,,,,,manual,12.2508238861,44.642006154,manual,
FE71-00,Piezometro,FE,COMACCHIO,IT089020ER-DQ1-FPC-ITB,Freatico di pianura costiero,757488,4963960,0.77,1.6,,,,,manual,12.2546828462,44.7826458958,manual,
FE72-00,Pozzo,FE,CENTO,IT082700ER-DQ2-PACI-ITB,Pianura Alluvionale - confinato inferiore,682383,4958363,13.0,194.0,,2.0,170.0,194.0,manual,11.3042671419,44.755409767,manual,
FE73-00,Pozzo,FE,FERRARA,IT080620ER-DQ2-TPAPCS-ITB,Transizione Pianura Appenninica-Padana - confinato superiore,705664,4957355,10.0,126.0,,2.0,55.0,126.0,manual,11.5977133701,44.7400340363,manual,
FE74-00,Pozzo,FE,ARGENTA,IT080640ER-DQ2-PCC-ITB,Pianura Alluvionale Costiera - confinato,744292,4943212,-1.9,86.0,,,,,manual,12.0782263219,44.600764386,manual,
FE75-00,Pozzo,FE,COPPARO,IT080640ER-DQ2-PCC-ITB,Pianura Alluvionale Costiera - confinato,723796,4971332,1.85,30.0,,,,,manual,11.8326159589,44.8602684451,manual,
FE77-00,Pozzo,FE,VIGARANO MAINARDA,IT080630ER-DQ2-PPCS,Pianura Alluvionale Padana - confinato superiore,697179,4968963,10.4,97.0,,,,,manual,11.4951412216,44.8468198554,manual,
FE78-00,Pozzo,FE,BONDENO,IT082700ER-DQ2-PACI-ITB,Pianura Alluvionale - confinato inferiore,690480,4973681,9.8,63.0,,,,,manual,11.4122199034,44.8910743316,manual,
FE78-01,Pozzo,FE,BONDENO,IT080630ER-DQ2-PPCS,Pianura Alluvionale Padana - confinato superiore,689953,4972978,8.9,34.0,Fondo foro,1.0,24.0,34.0,manual,11.4052882367,44.8848921655,manual,
FE80-00,Piezometro,FE,BONDENO,IT080630ER-DQ2-PPCS,Pianura Alluvionale Padana - confinato superiore,679931,4979526,9.0,40.0,,1.0,7.0,40.0,manual,11.2808173432,44.9463925278,manual,
FE81-00,Piezometro,FE,BONDENO,IT080630ER-DQ2-PPCS,Pianura Alluvionale Padana - confinato superiore,682819,4978747,8.4,40.0,,1.0,12.0,33.0,manual,11.3171140894,44.9386489279,manual,
FE82-00,Pozzo,FE,ARGENTA,IT080620ER-DQ2-TPAPCS-ITB,Transizione Pianura Appenninica-Padana - confinato superiore,714812,4954000,4.4,85.0,Fondo foro,1.0,73.0,85.0,manual,11.7117232327,44.7071794407,manual,
FE-F01-00,Pozzo,FE,BONDENO,IT089015ER-DQ1-FPF-ITB,Freatico di pianura fluviale,687196,4974399,8.3,4.9,,,,,manual,11.3709330541,44.8984028955,manual,
FE-F01-01,Pozzo,FE,BONDENO,IT089015ER-DQ1-FPF-ITB,Freatico di pianura fluviale,682120,4979446,8.8,4.65,,,,,manual,11.3085139991,44.9451155797,manual,
FE-F03-00,Pozzo,FE,FERRARA,IT089015ER-DQ1-FPF-ITB,Freatico di pianura fluviale,700188,4974344,6.3,5.5,,,,,manual,11.5353057741,44.894374923,manual,
FE-F04-00,Pozzo,FE,TERRE DEL RENO,IT089015ER-DQ1-FPF-ITB,Freatico di pianura fluviale,686995,4961580,13.2,7.94,,,,,manual,11.3636678096,44.7831553156,manual,
FE-F04-01,Pozzo,FE,TERRE DEL RENO,IT089015ER-DQ1-FPF-ITB,Freatico di pianura fluviale,686434,4961020,14.0,9.2,,,,,manual,11.3563776101,44.7782648136,manual,
FE-F09-00,Pozzo,FE,VOGHIERA,IT089015ER-DQ1-FPF-ITB,Freatico di pianura fluviale,717485,4959398,3.9,3.2,,,,,manual,11.7477269621,44.7549123691,manual,
FE-F13-00,Pozzo,FE,COPPARO,IT089015ER-DQ1-FPF-ITB,Freatico di pianura fluviale,726662,4978146,1.5,4.69,,,,,manual,11.8718957706,44.920626572,manual,
FE-F15-00,Pozzo,FE,RIVA DEL PO,IT089015ER-DQ1-FPF-ITB,Freatico di pianura fluviale,717844,4981133,4.4,3.68,,,,,manual,11.7615885913,44.9502383103,manual,
FE-F21-00,Pozzo,FE,COMACCHIO,IT089020ER-DQ1-FPC-ITB,Freatico di pianura costiero,755130,4956058,1.15,2.14,,,,,manual,12.220973831,44.7124672994,manual,
FE-F22-00,Piezometro,FE,LAGOSANTO,IT089020ER-DQ1-FPC-ITB,Freatico di pianura costiero,747369,4959658,-0.5,5.34,,,,,manual,12.1248837646,44.7475475789,manual,
FE-F24-00,Pozzo,FE,MESOLA,IT089020ER-DQ1-FPC-ITB,Freatico di pianura costiero,757112,4970216,-0.1,2.59,,,,,manual,12.2531003719,44.8390082798,manual,
FE-F26-00,Pozzo,FE,FISCAGLIA,IT089015ER-DQ1-FPF-ITB,Freatico di pianura fluviale,735355,4964826,1.0,3.75,,,,,manual,11.9757135353,44.7980587017,manual,
FE-F28-00,Piezometro,FE,MESOLA,IT089020ER-DQ1-FPC-ITB,Freatico di pianura costiero,757087,4970252,-0.1,16.4,,1.0,1.0,16.4,manual,12.2528027937,44.8393408401,manual,
FE-F29-00,Piezometro,FE,MESOLA,IT089020ER-DQ1-FPC-ITB,Freatico di pianura costiero,754913,4974386,0.3,12.5,,1.0,1.0,12.5,manual,12.2274170738,44.8772763696,manual,
FE-F30-00,Piezometro,FE,COMACCHIO,IT089020ER-DQ1-FPC-ITB,Freatico di pianura costiero,757442,4963877,0.7,11.7,,1.0,1.0,11.7,manual,12.2540603866,44.7819164739,manual,
FE-F31-00,Piezometro,FE,COMACCHIO,IT089020ER-DQ1-FPC-ITB,Freatico di pianura costiero,751608,4965796,-1.1,11.9,,1.0,1.0,11.9,manual,12.1813819825,44.801241425,manual,
FE-F32-00,Piezometro,FE,COMACCHIO,IT089020ER-DQ1-FPC-ITB,Freatico di pianura costiero,755256,4957683,-0.2,16.0,,1.0,1.0,16.0,manual,12.2233737428,44.7270281235,manual,
FE-F33-00,Piezometro,FE,COMACCHIO,IT089020ER-DQ1-FPC-ITB,Freatico di pianura costiero,748044,4957253,-0.7,9.9,,1.0,1.0,9.9,manual,12.1322295601,44.7256958411,manual,
FE-F34-00,Piezometro,FE,COMACCHIO,IT089020ER-DQ1-FPC-ITB,Freatico di pianura costiero,757563,4948710,1.81,8.8,,1.0,1.0,8.8,manual,12.2479453715,44.6455540229,manual,
FE-F35-00,Piezometro,FE,MESOLA,IT089020ER-DQ1-FPC-ITB,Freatico di pianura costiero,755222,4979542,-2.23,14.5,,1.0,1.0,14.5,manual,12.2339225178,44.9235065736,manual,
MO03-01,Pozzo,MO,MIRANDOLA,IT080630ER-DQ2-PPCS,Pianura Alluvionale Padana - confinato superiore,665202,4973006,15.0,34.0,,,,,manual,11.0921112651,44.8913138282,manual,
MO03-02,Pozzo,MO,MIRANDOLA,IT080630ER-DQ2-PPCS,Pianura Alluvionale Padana - confinato superiore,664231,4973480,14.0,45.0,Fondo foro,1.0,35.0,45.0,manual,11.0799764543,44.8958025554,manual,
MO07-01,Pozzo,MO,NOVI DI MODENA,IT080630ER-DQ2-PPCS,Pianura Alluvionale Padana - confinato superiore,652382,4966843,20.3,60.0,,,,,manual,10.9280027716,44.8387233858,manual,
MO08-00,Pozzo,MO,CAMPOSANTO,IT080620ER-DQ2-TPAPCS-ITB,Transizione Pianura Appenninica-Padana - confinato superiore,667234,4965144,16.81,256.0,,7.0,49.3,243.6,manual,11.1152350247,44.8201130561,manual,
MO10-01,Pozzo,MO,CARPI,IT080610ER-DQ2-PACS-ITB,Pianura Alluvionale Appenninica - confinato superiore,647863,4961224,27.1,120.0,,,,,manual,10.8692228903,44.7891176601,manual,
MO11-00,Pozzo,MO,BOMPORTO,IT080610ER-DQ2-PACS-ITB,Pianura Alluvionale Appenninica - confinato superiore,658816,4957800,25.52,143.0,Fondo foro,1.0,137.0,143.0,manual,11.0065368958,44.7559631426,manual,
MO12-01,Pozzo,MO,BOMPORTO,IT080610ER-DQ2-PACS-ITB,Pianura Alluvionale Appenninica - confinato superiore,661295,4954293,25.0,120.0,Fondo foro,1.0,117.0,120.0,manual,11.0367293967,44.7238574757,manual,
MO13-01,Pozzo,MO,CAMPOGALLIANO,IT080390ER-DQ2-CCS,Conoide Secchia - confinato superiore,646967,4950441,36.5,110.0,Fondo foro,1.0,105.0,110.0,manual,10.8547963428,44.6922812811,manual,
MO14-00,Pozzo,MO,MODENA,IT080610ER-DQ2-PACS-ITB,Pianura Alluvionale Appenninica - confinato superiore,652035,4952807,25.94,121.0,Fondo foro,1.0,115.0,121.0,manual,10.9194253358,44.7125125441,manual,
MO15-01,Pozzo,MO,MODENA,IT080610ER-DQ2-PACS-ITB,Pianura Alluvionale Appenninica - confinato superiore,655299,4951540,29.25,120.0,,,,,manual,10.9602242645,44.700413358,manual,
MO16-00,Pozzo,MO,RAVARINO,IT082700ER-DQ2-PACI-ITB,Pianura Alluvionale - confinato inferiore,665873,4954168,22.28,538.0,,3.0,449.0,530.5,manual,11.0944588288,44.7216876275,manual,
MO17-02,Pozzo,MO,NONANTOLA,IT080610ER-DQ2-PACS-ITB,Pianura Alluvionale Appenninica - confinato superiore,661132,4949049,26.3,320.0,,,,,manual,11.0330200676,44.6767153528,manual,
MO19-00,Pozzo,MO,MODENA,IT080390ER-DQ2-CCS,Conoide Secchia - confinato superiore,642782,4943967,56.9,70.0,,2.0,17.0,68.0,manual,10.8002017167,44.6348736265,manual,
MO20-00,Pozzo,MO,MODENA,IT080390ER-DQ2-CCS,Conoide Secchia - confinato superiore,651345,4943531,37.16,82.0,,2.0,64.0,77.5,manual,10.9079778252,44.6291983238,manual,
MO20-02,Pozzo,MO,MODENA,IT080390ER-DQ2-CCS,Conoide Secchia - confinato superiore,650052,4944626,36.0,71.0,Fondo foro,1.0,61.0,71.0,manual,10.8920063263,44.6393217873,manual,
MO20-03,Pozzo,MO,MODENA,IT080390ER-DQ2-CCS,Conoide Secchia - confinato superiore,651201,4943327,40.6,106.0,,2.0,49.0,66.0,manual,10.9061033524,44.6273931359,manual,
MO22-01,Pozzo,MO,CASTELFRANCO EMILIA,IT080410ER-DQ2-CCS,Conoide Panaro - confinato superiore,662932,4943277,33.3,62.0,,,,,manual,11.0538820968,44.6243800645,manual,
MO24-01,Pozzo,MO,SAN CESARIO SUL PANARO,IT080410ER-DQ2-CCS,Conoide Panaro - confinato superiore,660766,4938412,44.37,45.0,,,,,manual,11.0250734162,44.5810977056,manual,
MO25-00,Pozzo,MO,SASSUOLO,IT080120ER-DQ1-CL,Conoide Secchia - libero,641385,4934288,111.5,22.8,,2.0,5.0,22.8,manual,10.7799357226,44.5480561189,manual,
MO26-01,Pozzo,MO,SASSUOLO,IT080120ER-DQ1-CL,Conoide Secchia - libero,642158,4935612,102.1,70.0,,2.0,17.0,44.0,manual,10.790027809,44.5598177329,manual,
MO27-01,Pozzo,MO,FORMIGINE,IT082390ER-DQ2-CCI,Conoide Secchia - confinato inferiore,645265,4936419,92.1,80.0,,2.0,54.0,76.0,manual,10.8293585647,44.5664593915,manual,
MO28-01,Pozzo,MO,FORMIGINE,IT080400ER-DQ2-CCS,Conoide Tiepido - confinato superiore,650024,4935999,81.0,70.0,,2.0,35.0,59.5,manual,10.889135559,44.5617048954,manual,
MO29-01,Pozzo,MO,CASTELVETRO DI MODENA,IT080140ER-DQ1-CL,Conoide Panaro - libero,657853,4932974,70.8,110.0,,,,,manual,10.9867361128,44.5328154992,manual,
MO30-00,Pozzo,MO,SPILAMBERTO,IT080140ER-DQ1-CL,Conoide Panaro - libero,660534,4932763,73.0,118.0,,3.0,23.0,100.0,manual,11.020392775,44.5303253117,manual,
MO30-02,Pozzo,MO,SPILAMBERTO,IT080140ER-DQ1-CL,Conoide Panaro - libero,660616,4931654,79.5,90.0,,,,,manual,11.0210789752,44.5203293076,manual,
MO31-02,Pozzo,MO,CASTELFRANCO EMILIA,IT080140ER-DQ1-CL,Conoide Panaro - libero,663446,4934309,58.2,57.0,,,,,manual,11.0575082437,44.5435804102,manual,
MO32-01,Pozzo,MO,VIGNOLA,IT080140ER-DQ1-CL,Conoide Panaro - libero,660049,4929925,95.0,54.0,,,,,manual,11.0134127544,44.5048992734,manual,
MO34-00,Pozzo,MO,MARANO,IT080140ER-DQ1-CL,Conoide Panaro - libero,657555,4925015,128.7,8.5,,1.0,2.0,8.0,manual,10.9805613026,44.4612709234,manual,
MO35-03,Pozzo,MO,CARPI,IT080610ER-DQ2-PACS-ITB,Pianura Alluvionale Appenninica - confinato superiore,646513,4956091,31.0,105.0,Fondo foro,1.0,100.0,105.0,manual,10.8506899274,44.7432110325,manual,
MO36-00,Pozzo,MO,MODENA,IT080120ER-DQ1-CL,Conoide Secchia - libero,647618,4941941,52.0,51.0,Fondo foro,1.0,42.0,51.0,manual,10.8605601049,44.6156670066,manual,
MO37-02,Pozzo,MO,CARPI,IT080610ER-DQ2-PACS-ITB,Pianura Alluvionale Appenninica - confinato superiore,649636,4959512,24.0,95.0,Fondo foro,1.0,90.0,95.0,manual,10.8911212123,44.7733452049,manual,
MO38-00,Pozzo,MO,CAVEZZO,IT080620ER-DQ2-TPAPCS-ITB,Transizione Pianura Appenninica-Padana - confinato superiore,660176,4966605,23.33,59.0,Fondo foro,1.0,53.0,58.0,manual,11.0264806063,44.8348752585,manual,
MO38-02,Pozzo,MO,CAVEZZO,IT080620ER-DQ2-TPAPCS-ITB,Transizione Pianura Appenninica-Padana - confinato superiore,660176,4966605,23.33,75.0,Fondo foro,,,,manual,11.0264806063,44.8348752585,manual,
MO41-01,Pozzo,MO,CARPI,IT080620ER-DQ2-TPAPCS-ITB,Transizione Pianura Appenninica-Padana - confinato superiore,644988,4966064,22.7,60.0,,,,,manual,10.8342773804,44.8332550568,manual,
MO42-00,Pozzo,MO,CASTELVETRO DI MODENA,IT082400ER-DQ2-CCI,Conoide Tiepido - confinato inferiore,651596,4932533,115.24,90.0,,,,,manual,10.9079003567,44.5301899923,manual,
MO42-01,Pozzo,MO,CASTELVETRO DI MODENA,IT082400ER-DQ2-CCI,Conoide Tiepido - confinato inferiore,651583,4932810,110.0,146.0,,3.0,65.0,141.5,manual,10.9078182296,44.5326850793,manual,
MO43-01,Pozzo,MO,CAMPOSANTO,IT080620ER-DQ2-TPAPCS-ITB,Transizione Pianura Appenninica-Padana - confinato superiore,668808,4962027,17.0,148.0,,2.0,98.0,144.0,manual,11.1340952025,44.7917022183,manual,
MO44-01,Pozzo,MO,CARPI,IT080630ER-DQ2-PPCS,Pianura Alluvionale Padana - confinato superiore,650950,4968357,19.8,50.0,,,,,manual,10.9103449201,44.8526494633,manual,
MO45-01,Pozzo,MO,SAN FELICE SUL PANARO,IT082700ER-DQ2-PACI-ITB,Pianura Alluvionale - confinato inferiore,667148,4966901,17.0,180.0,,1.0,102.0,113.0,manual,11.1147261258,44.8359392696,manual,
MO47-00,Pozzo,MO,CONCORDIA SULLA SECCHIA,IT080630ER-DQ2-PPCS,Pianura Alluvionale Padana - confinato superiore,654906,4974982,19.0,43.0,,,,,manual,10.9624070307,44.9114052234,manual,
MO48-01,Pozzo,MO,FINALE EMILIA,IT082700ER-DQ2-PACI-ITB,Pianura Alluvionale - confinato inferiore,676728,4969138,11.0,224.0,,5.0,108.0,165.4,manual,11.236619695,44.8537537905,manual,
MO49-00,Pozzo,MO,MODENA,IT080390ER-DQ2-CCS,Conoide Secchia - confinato superiore,646494,4945211,44.1,27.0,,,,,manual,10.8473341037,44.6453197674,manual,
MO50-03,Pozzo,MO,VIGNOLA,IT080140ER-DQ1-CL,Conoide Panaro - libero,660689,4929438,96.0,60.0,,2.0,18.0,60.0,manual,11.0213074974,44.5003755039,manual,
MO51-00,Pozzo,MO,CASTELNUOVO RANGONE,IT080130ER-DQ1-CL,Conoide Tiepido - libero,653493,4934363,82.0,120.0,,2.0,67.0,120.0,manual,10.932306167,44.5462542472,manual,
MO53-00,Pozzo,MO,SAN CESARIO SUL PANARO,IT080140ER-DQ1-CL,Conoide Panaro - libero,662655,4935035,57.0,40.0,,,,,manual,11.0477863281,44.5502910531,manual,
MO55-00,Pozzo,MO,SAN CESARIO SUL PANARO,IT080140ER-DQ1-CL,Conoide Panaro - libero,661360,4936076,54.0,110.0,,2.0,30.0,85.0,manual,11.0318188546,44.5599479823,manual,
MO56-02,Pozzo,MO,CASTELFRANCO EMILIA,IT080410ER-DQ2-CCS,Conoide Panaro - confinato superiore,660481,4941487,37.0,100.0,,,,,manual,11.0224454043,44.6088269201,manual,
MO58-00,Pozzo,MO,FORMIGINE,IT080120ER-DQ1-CL,Conoide Secchia - libero,644069,4939402,74.2,138.0,,6.0,45.0,133.0,manual,10.8151397853,44.5935408384,manual,
MO58-01,Pozzo,MO,FORMIGINE,IT082390ER-DQ2-CCI,Conoide Secchia - confinato inferiore,644069,4939402,74.2,138.0,,3.0,72.0,120.0,manual,10.8151397853,44.5935408384,manual,
MO59-00,Pozzo,MO,FIORANO MODENESE,IT080120ER-DQ1-CL,Conoide Secchia - libero,643786,4935108,105.5,93.0,,4.0,45.0,68.0,manual,10.8103764864,44.5549596125,manual,
MO60-00,Pozzo,MO,MARANELLO,IT080130ER-DQ1-CL,Conoide Tiepido - libero,648346,4933151,118.0,95.0,,,,,manual,10.8671973138,44.5364264971,manual,
MO62-00,Pozzo,MO,SAVIGNANO SUL PANARO,IT080140ER-DQ1-CL,Conoide Panaro - libero,662657,4931157,77.7,108.0,,,,,manual,11.0465886853,44.5154005827,manual,
MO63-00,Pozzo,MO,CASTELVETRO DI MODENA,IT080400ER-DQ2-CCS,Conoide Tiepido - confinato superiore,655537,4933802,72.0,156.0,,,,,manual,10.9578537434,44.5407685688,manual,
MO64-00,Pozzo,MO,CASTELFRANCO EMILIA,IT080140ER-DQ1-CL,Conoide Panaro - libero,663978,4932716,65.0,73.0,,,,,manual,11.0636944303,44.5291276788,manual,
MO64-01,Pozzo,MO,SAN CESARIO SUL PANARO,IT080140ER-DQ1-CL,Conoide Panaro - libero,662467,4933879,63.8,60.0,,2.0,30.0,54.0,manual,11.045056642,44.5399330372,manual,
MO65-00,Pozzo,MO,CASTELVETRO DI MODENA,IT082400ER-DQ2-CCI,Conoide Tiepido - confinato inferiore,651514,4932590,115.0,100.0,,1.0,67.5,73.5,manual,10.9068856612,44.530720091,manual,
MO66-00,Pozzo,MO,CASTELFRANCO EMILIA,IT080410ER-DQ2-CCS,Conoide Panaro - confinato superiore,667381,4933587,59.2,120.0,,,,,manual,11.1067759163,44.5361820217,manual,
MO68-01,Pozzo,MO,MODENA,IT080400ER-DQ2-CCS,Conoide Tiepido - confinato superiore,651527,4939092,53.3,40.0,Fondo foro,1.0,39.0,40.0,manual,10.9089618476,44.589219909,manual,
MO69-00,Pozzo,MO,MODENA,IT080390ER-DQ2-CCS,Conoide Secchia - confinato superiore,645367,4943903,47.3,43.5,,,,,manual,10.8327589043,44.6337794872,manual,
MO71-01,Pozzo,MO,FIORANO MODENESE,IT080120ER-DQ1-CL,Conoide Secchia - libero,645242,4933838,116.4,116.5,,,,,manual,10.8283415,44.5432400916,manual,
MO72-01,Pozzo,MO,FORMIGINE,IT080120ER-DQ1-CL,Conoide Secchia - libero,647747,4938930,65.0,104.0,Fondo foro,1.0,93.0,104.0,manual,10.8613196121,44.5885481476,manual,
MO73-01,Pozzo,MO,SASSUOLO,IT080120ER-DQ1-CL,Conoide Secchia - libero,642270,4937458,90.8,97.0,,3.0,57.0,96.0,manual,10.7919474883,44.5764063055,manual,
MO74-00,Pozzo,MO,CASTELFRANCO EMILIA,IT080410ER-DQ2-CCS,Conoide Panaro - confinato superiore,667917,4939476,36.0,52.0,Fondo foro,1.0,42.0,48.0,manual,11.1154377252,44.5890376724,manual,
MO75-00,Pozzo,MO,CAMPOGALLIANO,IT080390ER-DQ2-CCS,Conoide Secchia - confinato superiore,644555,4948280,46.0,60.0,,3.0,37.0,56.0,manual,10.8237608821,44.6733271383,manual,
MO76-00,Pozzo,MO,CASTELFRANCO EMILIA,IT080410ER-DQ2-CCS,Conoide Panaro - confinato superiore,662292,4939319,42.0,123.0,,4.0,75.0,121.0,manual,11.044569521,44.5889154779,manual,
MO77-01,Pozzo,MO,CASTELFRANCO EMILIA,IT080410ER-DQ2-CCS,Conoide Panaro - confinato superiore,666200,4936040,43.0,30.0,,,,,manual,11.0927118326,44.558523924,manual,
MO80-00,Pozzo,MO,MIRANDOLA,IT082700ER-DQ2-PACI-ITB,Pianura Alluvionale - confinato inferiore,664133,4971866,17.5,300.0,,4.0,24.85,300.0,manual,11.0782129657,44.8813053286,manual,
MO81-00,Pozzo,MO,SASSUOLO,IT080120ER-DQ1-CL,Conoide Secchia - libero,642602,4937030,92.4,116.0,,4.0,48.0,107.0,manual,10.7960085378,44.5724894145,manual,
MO82-00,Pozzo,MO,CONCORDIA SULLA SECCHIA,IT082700ER-DQ2-PACI-ITB,Pianura Alluvionale - confinato inferiore,657362,4975110,17.6,120.0,,,,,manual,10.9935416938,44.9120180375,manual,
MO84-00,Pozzo,MO,MARANO,IT085050ER-AV2-VA,Depositi vallate App. Panaro-Tiepido,655346,4923873,143.3,15.0,,,,,manual,10.952466445,44.451473761,manual,
MO85-00,Pozzo,MO,MARANELLO,IT080130ER-DQ1-CL,Conoide Tiepido - libero,649736,4932259,127.6,30.0,,,,,manual,10.8844246258,44.5281131614,manual,
MO86-00,Pozzo,MO,FORMIGINE,IT080130ER-DQ1-CL,Conoide Tiepido - libero,650218,4934914,92.2,40.0,,1.0,23.0,25.0,manual,10.8912607641,44.5519019493,manual,
MO87-00,Pozzo,MO,CASTELFRANCO EMILIA,IT082700ER-DQ2-PACI-ITB,Pianura Alluvionale - confinato inferiore,660753,4944674,31.5,280.0,,3.0,143.0,275.0,manual,11.0268689571,44.6374392518,manual,
MO88-00,Pozzo,MO,CASTELFRANCO EMILIA,IT082410ER-DQ2-CCI,Conoide Panaro - confinato inferiore,668887,4941029,30.0,200.0,,3.0,98.0,192.0,manual,11.1281596303,44.6027820588,manual,
MO-F01-00,Pozzo,MO,NONANTOLA,IT089015ER-DQ1-FPF-ITB,Freatico di pianura fluviale,658842,4947531,28.2,12.0,,,,,manual,11.0036738553,44.6635685742,manual,
MO-F02-00,Pozzo,MO,MODENA,IT089015ER-DQ1-FPF-ITB,Freatico di pianura fluviale,650986,4948885,36.2,3.8,,,,,manual,10.9050314547,44.6774464199,manual,
MO-F05-00,Pozzo,MO,SAN PROSPERO,IT089015ER-DQ1-FPF-ITB,Freatico di pianura fluviale,658710,4957831,26.2,5.43,,,,,manual,11.005208123,44.75626556,manual,
MO-F08-00,Pozzo,MO,CAMPOSANTO,IT089015ER-DQ1-FPF-ITB,Freatico di pianura fluviale,668888,4962026,17.0,6.6,,,,,manual,11.1351055411,44.7916743234,manual,
MO-F13-00,Pozzo,MO,CAVEZZO,IT089015ER-DQ1-FPF-ITB,Freatico di pianura fluviale,656642,4967080,21.6,9.0,,,,,manual,10.9819434707,44.8399331821,manual,
MO-F14-00,Pozzo,MO,MIRANDOLA,IT089015ER-DQ1-FPF-ITB,Freatico di pianura fluviale,660089,4969370,19.0,6.0,,,,,manual,11.0262528668,44.8597701931,manual,
MO-F20-00,Pozzo,MO,CONCORDIA SULLA SECCHIA,IT089015ER-DQ1-FPF-ITB,Freatico di pianura fluviale,654014,4977233,20.2,7.8,,,,,manual,10.9517992456,44.931850644,manual,
MO-F20-01,Pozzo,MO,NOVI DI MODENA,IT089015ER-DQ1-FPF-ITB,Freatico di pianura fluviale,654751,4968708,25.0,10.38,,,,,manual,10.9585277383,44.8549927721,manual,
PC01-00,Pozzo,PC,ROTTOFRENO,IT080032ER-DQ1-CL,Conoide Trebbia-Luretta - libero,544503,4991341,59.86,39.0,,,,,manual,9.5653788137,45.0741316111,manual,
PC02-00,Pozzo,PC,ROTTOFRENO,IT080300ER-DQ2-CCS,Conoide Tidone-Luretta - confinato superiore,543007,4989237,64.02,42.0,Fondo foro,1.0,41.0,42.0,manual,9.5461937032,45.0552851377,manual,
PC03-02,Pozzo,PC,GRAGNANO TREBBIENSE,IT080032ER-DQ1-CL,Conoide Trebbia-Luretta - libero,541802,4983035,92.3,49.0,Fondo foro,1.0,39.0,48.0,manual,9.5303749296,44.9995300162,manual,
PC04-01,Pozzo,PC,PIACENZA,IT082301ER-DQ2-CCI,Conoide Trebbia - confinato inferiore,550226,4985278,76.7,155.0,,3.0,108.8,153.0,manual,9.6374747175,45.0191736975,manual,
PC05-02,Pozzo,PC,PIACENZA,IT082301ER-DQ2-CCI,Conoide Trebbia - confinato inferiore,553513,4985289,71.6,152.5,,3.0,125.0,150.0,manual,9.6791920611,45.0190322328,manual,
PC07-00,Pozzo,PC,GRAGNANO TREBBIENSE,IT080032ER-DQ1-CL,Conoide Trebbia-Luretta - libero,544823,4984661,81.5,64.0,,2.0,40.0,60.0,manual,9.5688477578,45.0139819781,manual,
PC09-01,Pozzo,PC,CAORSO,IT080630ER-DQ2-PPCS,Pianura Alluvionale Padana - confinato superiore,567937,4988928,43.5,133.0,,1.0,89.0,120.0,manual,9.862736307,45.0505509395,manual,
PC10-01,Pozzo,PC,MONTICELLI D'ONGINA,IT080630ER-DQ2-PPCS,Pianura Alluvionale Padana - confinato superiore,572309,4992801,40.19,140.0,,3.0,67.0,136.0,manual,9.9188080246,45.0849776205,manual,
PC11-02,Pozzo,PC,CASTELVETRO PIACENTINO,IT080630ER-DQ2-PPCS,Pianura Alluvionale Padana - confinato superiore,578168,4991421,37.6,107.0,,1.0,87.0,96.0,manual,9.9930305498,45.0719338321,manual,
PC12-01,Pozzo,PC,VILLANOVA SULL'ARDA,IT080630ER-DQ2-PPCS,Pianura Alluvionale Padana - confinato superiore,578359,4986601,39.61,109.0,Fondo foro,1.0,93.0,96.0,manual,9.9947043013,45.0285303588,manual,
PC13-00,Pozzo,PC,CORTEMAGGIORE,IT080630ER-DQ2-PPCS,Pianura Alluvionale Padana - confinato superiore,568819,4984090,53.25,86.0,Fondo foro,1.0,69.5,76.5,manual,9.8732731393,45.0069197504,manual,
PC15-01,Pozzo,PC,GOSSOLENGO,IT080032ER-DQ1-CL,Conoide Trebbia-Luretta - libero,548321,4983170,88.1,105.0,,1.0,67.0,103.0,manual,9.6130951611,45.0003311531,manual,
PC17-00,Pozzo,PC,SAN GIORGIO PIACENTINO,IT080040ER-DQ1-CL,Conoide Nure - libero,558127,4978445,101.86,70.0,Fondo foro,1.0,62.0,70.0,manual,9.7369588719,44.9570647542,manual,
PC20-00,Pozzo,PC,FIORENZUOLA D'ARDA,IT080330ER-DQ2-CCS,Conoide Arda - confinato superiore,571853,4979134,62.31,76.45,,4.0,18.5,73.6,manual,9.9110611831,44.9620108701,manual,
PC21-03,Pozzo,PC,BESENZONE,IT080630ER-DQ2-PPCS,Pianura Alluvionale Padana - confinato superiore,575970,4981456,49.1,73.0,Fondo foro,1.0,62.0,71.5,manual,9.9636055015,44.9824821506,manual,
PC23-02,Pozzo,PC,PONTENURE,IT080040ER-DQ1-CL,Conoide Nure - libero,561563,4982935,67.0,80.0,,3.0,47.0,78.0,manual,9.7810665063,44.9971904056,manual,
PC23-05,Pozzo,PC,PONTENURE,IT080040ER-DQ1-CL,Conoide Nure - libero,561569,4979400,79.5,60.0,,2.0,25.0,59.0,manual,9.7807106516,44.9653709286,manual,
PC23-06,Pozzo,PC,PONTENURE,IT080040ER-DQ1-CL,Conoide Nure - libero,561700,4979761,79.0,97.0,,1.0,59.0,63.0,manual,9.7824157847,44.9686089726,manual,
PC26-02,Pozzo,PC,CARPANETO PIACENTINO,IT080322ER-DQ2-CCS,Conoide Chiavenna-Nure - confinato superiore,564593,4973084,110.5,92.0,,4.0,30.0,78.5,manual,9.8182440886,44.9082513841,manual,
PC27-02,Pozzo,PC,FIORENZUOLA D'ARDA,IT080050ER-DQ1-CL,Conoide Arda - libero,570609,4975231,85.0,120.0,,3.0,48.0,114.0,manual,9.8947438953,44.9270050348,manual,
PC28-00,Pozzo,PC,ALSENO,IT080330ER-DQ2-CCS,Conoide Arda - confinato superiore,576755,4975214,54.0,30.0,Fondo foro,1.0,24.0,28.0,manual,9.9726114879,44.9262153467,manual,
PC30-03,Pozzo,PC,SAN GIORGIO PIACENTINO,IT080650ER-DET1-CMSG,Conoidi montane e Sabbie gialle occidentali,560035,4972595,132.5,43.5,Fondo foro,1.0,37.0,43.0,manual,9.7604519991,44.9042488332,manual,
PC33-01,Pozzo,PC,ALSENO,IT080330ER-DQ2-CCS,Conoide Arda - confinato superiore,576995,4971934,73.8,39.0,,3.0,19.0,35.0,manual,9.9751528407,44.8966669128,manual,
PC34-00,Pozzo,PC,ALSENO,IT080050ER-DQ1-CL,Conoide Arda - libero,571640,4970705,121.58,101.0,,4.0,30.0,95.0,manual,9.9071658803,44.8861636648,manual,
PC36-00,Pozzo,PC,GRAGNANO TREBBIENSE,IT082301ER-DQ2-CCI,Conoide Trebbia - confinato inferiore,545036,4982629,87.88,130.0,Fondo foro,1.0,125.0,130.0,manual,9.5713689463,44.9956774932,manual,
PC41-01,Pozzo,PC,CASTEL SAN GIOVANNI,IT080300ER-DQ2-CCS,Conoide Tidone-Luretta - confinato superiore,535351,4990174,70.8,32.0,Fondo foro,1.0,30.0,32.0,manual,9.4490309767,45.0641432115,manual,
PC45-01,Pozzo,PC,SAN PIETRO IN CERRO,IT080630ER-DQ2-PPCS,Pianura Alluvionale Padana - confinato superiore,574864,4985753,45.22,16.0,,,,,manual,9.9502180624,45.021275591,manual,
PC48-00,Pozzo,PC,ROTTOFRENO,IT080032ER-DQ1-CL,Conoide Trebbia-Luretta - libero,547963,4989045,63.3,35.0,,1.0,84.0,110.0,manual,9.6091137304,45.0532385285,manual,
PC55-01,Pozzo,PC,PODENZANO,IT080040ER-DQ1-CL,Conoide Nure - libero,554491,4980651,91.69,200.0,,,,,manual,9.6911019869,44.9772098329,manual,
PC56-00,Pozzo,PC,PIACENZA,IT080032ER-DQ1-CL,Conoide Trebbia-Luretta - libero,554675,4986794,62.03,102.0,,4.0,47.0,101.6,manual,9.6941029,45.0324904182,manual,
PC56-02,Pozzo,PC,PIACENZA,IT080032ER-DQ1-CL,Conoide Trebbia-Luretta - libero,553310,4989082,56.4,116.5,,5.0,66.5,113.5,manual,9.6770182245,45.0531892323,manual,
PC56-03,Pozzo,PC,PIACENZA,IT080032ER-DQ1-CL,Conoide Trebbia-Luretta - libero,551663,4988893,59.6,94.0,,2.0,72.0,94.0,manual,9.6560838482,45.0516100688,manual,
PC56-06,Pozzo,PC,PIACENZA,IT080040ER-DQ1-CL,Conoide Nure - libero,556118,4987070,57.7,160.0,,3.0,54.5,154.0,manual,9.7124513098,45.0348619419,manual,
PC56-07,Pozzo,PC,PIACENZA,IT080040ER-DQ1-CL,Conoide Nure - libero,557993,4987826,52.0,103.3,,4.0,46.5,102.0,manual,9.7363408862,45.0415158176,manual,
PC56-08,Pozzo,PC,PIACENZA,IT080032ER-DQ1-CL,Conoide Trebbia-Luretta - libero,552523,4987217,64.0,103.0,,3.0,66.0,93.0,manual,9.6668292208,45.0364607191,manual,
PC56-09,Pozzo,PC,PIACENZA,IT080630ER-DQ2-PPCS,Pianura Alluvionale Padana - confinato superiore,561572,4986046,56.1,75.0,,3.0,41.0,73.5,manual,9.7815614532,45.0251919562,manual,
PC56-10,Pozzo,PC,PIACENZA,IT080630ER-DQ2-PPCS,Pianura Alluvionale Padana - confinato superiore,559545,4991988,50.0,106.0,,1.0,82.0,98.0,manual,9.756538937,45.0788494252,manual,
PC56-11,Pozzo,PC,PIACENZA,IT080630ER-DQ2-PPCS,Pianura Alluvionale Padana - confinato superiore,559012,4989339,46.6,54.0,Fondo foro,1.0,40.0,50.5,manual,9.7494559261,45.0550503021,manual,
PC63-01,Pozzo,PC,PIACENZA,IT080630ER-DQ2-PPCS,Pianura Alluvionale Padana - confinato superiore,562514,4988071,48.9,81.7,,2.0,40.0,76.5,manual,9.7937694942,45.0433365462,manual,
PC64-00,Pozzo,PC,PIACENZA,IT080040ER-DQ1-CL,Conoide Nure - libero,560601,4984310,67.14,114.5,,4.0,89.0,114.5,manual,9.7690280327,45.0096497485,manual,
PC69-00,Pozzo,PC,PIACENZA,IT080032ER-DQ1-CL,Conoide Trebbia-Luretta - libero,552041,4988752,61.0,111.0,,4.0,43.0,108.0,manual,9.6608692474,45.0503132165,manual,
PC75-00,Pozzo,PC,RIVERGARO,IT080650ER-DET1-CMSG,Conoidi montane e Sabbie gialle occidentali,549945,4975082,153.8,156.0,,2.0,134.0,154.0,manual,9.6328981518,44.927415087,manual,
PC77-01,Pozzo,PC,PIACENZA,IT080032ER-DQ1-CL,Conoide Trebbia-Luretta - libero,546273,4977835,137.0,107.0,,,,,manual,9.586621756,44.9524447332,manual,
PC80-00,Pozzo,PC,MONTICELLI D'ONGINA,IT080630ER-DQ2-PPCS,Pianura Alluvionale Padana - confinato superiore,575399,4993161,38.41,68.0,Fondo foro,1.0,52.45,64.95,manual,9.9581204764,45.0878952014,manual,
PC81-00,Pozzo,PC,PODENZANO,IT080032ER-DQ1-CL,Conoide Trebbia-Luretta - libero,554375,4983243,75.39,97.0,,2.0,57.0,95.0,manual,9.6899107234,45.000550073,manual,
PC82-00,Pozzo,PC,BORGONOVO VAL TIDONE,IT080010ER-DQ1-CL,Conoide Tidone - libero,538911,4983568,100.8,101.5,,2.0,34.0,70.0,manual,9.4937371554,45.0044923144,manual,
PC83-00,Pozzo,PC,BORGONOVO VAL TIDONE,IT080010ER-DQ1-CL,Conoide Tidone - libero,535349,4985113,105.7,97.0,,4.0,30.0,91.0,manual,9.4486493771,45.0185862898,manual,
PC85-00,Pozzo,PC,GRAGNANO TREBBIENSE,IT080032ER-DQ1-CL,Conoide Trebbia-Luretta - libero,542330,4980858,109.7,101.0,,1.0,45.0,57.0,manual,9.5368908072,44.9799023407,manual,
PC86-00,Pozzo,PC,BORGONOVO VAL TIDONE,IT080300ER-DQ2-CCS,Conoide Tidone-Luretta - confinato superiore,540266,4984618,88.0,40.0,,,,,manual,9.511013957,45.0138683226,manual,
PC87-01,Pozzo,PC,GAZZOLA,IT080032ER-DQ1-CL,Conoide Trebbia-Luretta - libero,545997,4980073,102.6,105.0,,,,,manual,9.5833270873,44.9726080519,manual,
PC88-00,Pozzo,PC,SARMATO,IT080630ER-DQ2-PPCS,Pianura Alluvionale Padana - confinato superiore,538209,4990129,59.0,18.5,Fondo foro,1.0,16.0,18.5,manual,9.4853288174,45.0635896457,manual,
PC89-00,Pozzo,PC,PONTE DELL'OLIO,IT085020ER-AV2-VA,Depositi vallate App. Trebbia-Nure-Arda,549899,4967923,215.0,35.0,,,,,manual,9.631609449,44.8629762586,manual,
PC90-00,Pozzo,PC,PIANELLO VAL TIDONE,IT085020ER-AV2-VA,Depositi vallate App. Trebbia-Nure-Arda,533539,4977204,170.0,11.0,,,,,manual,9.425150983,44.947479736,manual,
PC91-01,Pozzo,PC,VIGOLZONE,IT080650ER-DET1-CMSG,Conoidi montane e Sabbie gialle occidentali,551234,4972786,211.0,175.0,,4.0,107.0,169.0,manual,9.6489985068,44.9066560044,manual,
PC94-01,Pozzo,PC,RIVERGARO,IT080032ER-DQ1-CL,Conoide Trebbia-Luretta - libero,546517,4972735,135.5,12.0,,,,,manual,9.5892452931,44.9065208392,manual,
PC95-00,Pozzo,PC,PODENZANO,IT080040ER-DQ1-CL,Conoide Nure - libero,553537,4977885,123.0,118.0,,2.0,60.0,100.0,manual,9.6787097352,44.9523846746,manual,
PC96-00,Pozzo,PC,PODENZANO,IT080040ER-DQ1-CL,Conoide Nure - libero,557881,4982179,80.5,80.0,Fondo foro,1.0,65.0,80.0,manual,9.7342690285,44.9906954238,manual,
PC97-00,Pozzo,PC,GOSSOLENGO,IT082301ER-DQ2-CCI,Conoide Trebbia - confinato inferiore,551468,4980393,96.8,200.0,,1.0,183.0,193.0,manual,9.6527379018,44.9751130473,manual,
PC98-00,Pozzo,PC,CADEO,IT082700ER-DQ2-PACI-ITB,Pianura Alluvionale - confinato inferiore,567199,4976628,77.0,102.0,Fondo foro,1.0,87.5,100.0,manual,9.8517237719,44.939909831,manual,
PC99-00,Pozzo,PC,CASTELL’ARQUATO,IT080050ER-DQ1-CL,Conoide Arda - libero,569013,4967757,158.0,65.0,Fondo foro,1.0,51.0,57.0,manual,9.8735030212,44.8598878625,manual,
PCA0-00,Pozzo,PC,CASTEL SAN GIOVANNI,IT082700ER-DQ2-PACI-ITB,Pianura Alluvionale - confinato inferiore,535335,4988056,87.0,158.0,,,,,manual,9.4486786395,45.0450786976,manual,
PCA2-00,Pozzo,PC,AGAZZANO,IT082300ER-DQ2-CCI,Conoide Tidone-Luretta - confinato inferiore,540084,4983319,87.4,94.0,,4.0,45.0,85.0,manual,9.5086008048,45.0021856088,manual,
PC-F01-00,Pozzo,PC,SARMATO,IT089015ER-DQ1-FPF-ITB,Freatico di pianura fluviale,541032,4990346,60.0,6.1,,,,,manual,9.5212027371,45.0653849564,manual,
PC-F03-00,Pozzo,PC,PIACENZA,IT089015ER-DQ1-FPF-ITB,Freatico di pianura fluviale,559271,4988654,46.5,7.2,,,,,manual,9.7526640779,45.0488629394,manual,
PC-F05-00,Pozzo,PC,SAN PIETRO IN CERRO,IT089015ER-DQ1-FPF-ITB,Freatico di pianura fluviale,571874,4988422,41.9,4.0,,,,,manual,9.912653909,45.0456079795,manual,
PR03-01,Pozzo,PR,BUSSETO,IT080630ER-DQ2-PPCS,Pianura Alluvionale Padana - confinato superiore,584189,4978451,40.0,100.0,,,,,manual,10.0673365245,44.954508795,manual,
PR04-01,Pozzo,PR,SORAGNA,IT080630ER-DQ2-PPCS,Pianura Alluvionale Padana - confinato superiore,591204,4978826,37.3,161.0,,,,,manual,10.1563220899,44.9570181335,manual,
PR05-00,Pozzo,PR,PARMA,IT080360ER-DQ2-CCS,Conoide Parma-Baganza - confinato superiore,606371,4961131,54.53,75.5,,5.0,32.0,75.5,manual,10.3448511842,44.7956610286,manual,
PR06-01,Pozzo,PR,SISSA TRECASALI,IT080630ER-DQ2-PPCS,Pianura Alluvionale Padana - confinato superiore,598909,4982301,30.0,105.0,,,,,manual,10.2546685674,44.9872617243,manual,
PR08-03,Pozzo,PR,COLORNO,IT080630ER-DQ2-PPCS,Pianura Alluvionale Padana - confinato superiore,608780,4979630,26.9,45.0,,,,,manual,10.3792718884,44.9617803679,manual,
PR09-02,Pozzo,PR,FIDENZA,IT080340ER-DQ2-CCS,Conoide Stirone-Parola - confinato superiore,583155,4972760,57.2,26.0,,,,,manual,10.0532931845,44.9034086201,manual,
PR12-00,Pozzo,PR,SAN SECONDO PARMENSE,IT080350ER-DQ2-CCS,Conoide Taro - confinato superiore,596519,4972121,36.2,86.0,,1.0,35.0,39.7,manual,10.2224122131,44.8959711101,manual,
PR19-01,Pozzo,PR,FIDENZA,IT082700ER-DQ2-PACI-ITB,Pianura Alluvionale - confinato inferiore,583719,4969761,67.0,175.0,Fondo foro,1.0,170.0,175.0,manual,10.0599400125,44.8763498405,manual,
PR20-00,Pozzo,PR,FIDENZA,IT080072ER-DQ1-CL,Conoide Taro-Parola - libero,587029,4967231,73.0,97.0,,5.0,49.15,93.6,manual,10.1014049467,44.8531820415,manual,
PR21-02,Pozzo,PR,FONTANELLATO,IT080350ER-DQ2-CCS,Conoide Taro - confinato superiore,590292,4970941,49.0,30.0,,,,,manual,10.1433530995,44.886167612,manual,
PR23-01,Pozzo,PR,FONTEVIVO,IT080072ER-DQ1-CL,Conoide Taro-Parola - libero,593592,4966261,56.0,20.0,,,,,manual,10.1842676629,44.8436206524,manual,
PR23-02,Piezometro,PR,FONTANELLATO,IT082352ER-DQ2-CCI,Conoide Taro-Parola - confinato inferiore,595949,4968921,46.5,166.0,Fondo foro,1.0,154.0,163.0,manual,10.214588597,44.8672478661,manual,
PR23-03,Piezometro,PR,FONTANELLATO,IT080072ER-DQ1-CL,Conoide Taro-Parola - libero,595949,4968921,46.5,70.0,Fondo foro,1.0,58.0,67.0,manual,10.214588597,44.8672478661,manual,
PR23-04,Pozzo,PR,FONTEVIVO,IT080072ER-DQ1-CL,Conoide Taro-Parola - libero,594520,4966495,54.3,14.0,,,,,manual,10.1960511635,44.8456043425,manual,
PR25-00,Pozzo,PR,TORRILE,IT080630ER-DQ2-PPCS,Pianura Alluvionale Padana - confinato superiore,607779,4972291,30.2,46.0,Fondo foro,1.0,34.0,41.0,manual,10.3650178538,44.8958857643,manual,
PR31-00,Pozzo,PR,FONTEVIVO,IT080072ER-DQ1-CL,Conoide Taro-Parola - libero,592099,4965566,65.18,31.5,Fondo foro,1.0,25.5,31.5,manual,10.1652537963,44.837559757,manual,
PR32-00,Pozzo,PR,PARMA,IT080080ER-DQ1-CL,Conoide Parma-Baganza - libero,604589,4959501,66.7,109.0,,5.0,45.5,105.0,manual,10.3219924035,44.7812543129,manual,
PR33-00,Pozzo,PR,PARMA,IT080350ER-DQ2-CCS,Conoide Taro - confinato superiore,600299,4963056,56.6,64.4,,1.0,32.0,55.0,manual,10.2684817659,44.8138642083,manual,
PR34-00,Pozzo,PR,PARMA,IT080360ER-DQ2-CCS,Conoide Parma-Baganza - confinato superiore,605319,4963221,49.9,55.0,,2.0,34.0,46.0,manual,10.3319871808,44.8146264421,manual,
PR38-00,Pozzo,PR,COLLECCHIO,IT080072ER-DQ1-CL,Conoide Taro-Parola - libero,596259,4961201,71.0,78.0,,2.0,53.0,78.0,manual,10.2170484815,44.7977248667,manual,
PR45-01,Pozzo,PR,PARMA,IT080080ER-DQ1-CL,Conoide Parma-Baganza - libero,600839,4953341,128.7,108.0,,9.0,45.0,102.5,manual,10.2733865152,44.7263525674,manual,
PR47-01,Pozzo,PR,PARMA,IT080080ER-DQ1-CL,Conoide Parma-Baganza - libero,605553,4953996,106.0,30.0,,,,,manual,10.3330342145,44.731568346,manual,
PR54-01,Pozzo,PR,PARMA,IT080080ER-DQ1-CL,Conoide Parma-Baganza - libero,607354,4958917,60.0,103.3,,9.0,42.0,102.5,manual,10.3568088967,44.7755885997,manual,
PR55-01,Pozzo,PR,PARMA,IT080360ER-DQ2-CCS,Conoide Parma-Baganza - confinato superiore,611838,4960151,45.8,93.0,,,,,manual,10.4137347344,44.7860067605,manual,
PR57-02,Pozzo,PR,PARMA,IT080080ER-DQ1-CL,Conoide Parma-Baganza - libero,609058,4953996,91.0,40.0,,,,,manual,10.3772864798,44.731043163,manual,
PR61-02,Pozzo,PR,MONTECHIARUGOLO,IT080650ER-DET1-CMSG,Conoidi montane e Sabbie gialle occidentali,608593,4949252,130.0,28.0,,,,,manual,10.3704076799,44.6884187476,manual,
PR61-05,Pozzo,PR,MONTECHIARUGOLO,IT080080ER-DQ1-CL,Conoide Parma-Baganza - libero,606648,4948801,147.0,40.0,Fondo foro,1.0,35.0,40.0,manual,10.3457752393,44.6846516346,manual,
PR69-00,Pozzo,PR,MONTECHIARUGOLO,IT080650ER-DET1-CMSG,Conoidi montane e Sabbie gialle occidentali,611028,4954246,83.69,40.0,,2.0,9.0,26.0,manual,10.4022124889,44.73299037,manual,
PR76-00,Pozzo,PR,PARMA,IT080360ER-DQ2-CCS,Conoide Parma-Baganza - confinato superiore,608748,4960721,48.5,86.0,,6.0,23.5,82.7,manual,10.3748074826,44.7916133651,manual,
PR77-00,Pozzo,PR,FONTANELLATO,IT080072ER-DQ1-CL,Conoide Taro-Parola - libero,590991,4966781,61.7,93.0,,6.0,33.0,86.5,manual,10.1514558547,44.8486373512,manual,
PR90-03,Pozzo,PR,TRAVERSETOLO,IT080650ER-DET1-CMSG,Conoidi montane e Sabbie gialle occidentali,609788,4944321,165.0,50.0,Fondo foro,1.0,32.0,47.0,manual,10.3844269282,44.6438586985,manual,
PR93-02,Pozzo,PR,PARMA,IT080080ER-DQ1-CL,Conoide Parma-Baganza - libero,606458,4956181,89.0,30.0,,,,,manual,10.3449162785,44.7510990634,manual,
PR94-00,Pozzo,PR,COLLECCHIO,IT080072ER-DQ1-CL,Conoide Taro-Parola - libero,595642,4956836,103.5,25.0,,,,,manual,10.208429383,44.7585215419,manual,
PR99-00,Piezometro,PR,PARMA,IT080080ER-DQ1-CL,Conoide Parma-Baganza - libero,601967,4950366,149.1,175.0,,,,,manual,10.2870335645,44.699417559,manual,
PRA0-00,Pozzo,PR,COLLECCHIO,IT080072ER-DQ1-CL,Conoide Taro-Parola - libero,591559,4952941,117.5,10.0,,,,,manual,10.1561527412,44.7239987699,manual,
PRA1-00,Pozzo,PR,PARMA,IT080080ER-DQ1-CL,Conoide Parma-Baganza - libero,602713,4950961,143.5,30.0,,,,,manual,10.2965667604,44.7046661229,manual,
PRA2-00,Pozzo,PR,SALA BAGANZA,IT080080ER-DQ1-CL,Conoide Parma-Baganza - libero,596597,4949571,194.0,10.3,,,,,manual,10.2191186757,44.6930059319,manual,
PRA5-01,Pozzo,PR,ROCCABIANCA,IT080630ER-DQ2-PPCS,Pianura Alluvionale Padana - confinato superiore,592872,4983796,32.0,18.0,,,,,manual,10.1783812229,45.001532346,manual,
PRA5-02,Pozzo,PR,ROCCABIANCA,IT080630ER-DQ2-PPCS,Pianura Alluvionale Padana - confinato superiore,593275,4984280,32.0,30.0,,,,,manual,10.183583192,45.0058354747,manual,
PRA6-00,Pozzo,PR,SORBOLO,IT080630ER-DQ2-PPCS,Pianura Alluvionale Padana - confinato superiore,614301,4972981,25.0,30.0,,,,,manual,10.4477490231,44.9010782017,manual,
PRA7-00,Pozzo,PR,COLORNO,IT080630ER-DQ2-PPCS,Pianura Alluvionale Padana - confinato superiore,611088,4974251,25.5,110.0,,,,,manual,10.4073441724,44.9130159744,manual,
PRB3-00,Pozzo,PR,NOCETO,IT080072ER-DQ1-CL,Conoide Taro-Parola - libero,593423,4962701,74.6,70.15,,2.0,15.0,65.0,manual,10.1814748765,44.8116018023,manual,
PRB4-00,Piezometro,PR,FONTANELLATO,IT080072ER-DQ1-CL,Conoide Taro-Parola - libero,591053,4966331,63.5,45.0,,1.0,8.0,45.0,manual,10.1521595324,44.8445792827,manual,
PRB5-00,Pozzo,PR,SOLIGNANO,IT085030ER-AV2-VA,Depositi vallate App. Taro-Enza-Tresinaro,584579,4947421,158.0,11.5,,,,,manual,10.0671162429,44.6751723523,manual,
PRB8-00,Pozzo,PR,PARMA,IT082360ER-DQ2-CCI,Conoide Parma-Baganza - confinato inferiore,611468,4957571,58.0,111.5,,,,,manual,10.4084943898,44.7628456952,manual,
PRB9-00,Pozzo,PR,PARMA,IT082360ER-DQ2-CCI,Conoide Parma-Baganza - confinato inferiore,609420,4960060,51.0,150.0,,3.0,103.0,147.0,manual,10.3831584321,44.7855620331,manual,
PRC0-00,Pozzo,PR,PARMA,IT082352ER-DQ2-CCI,Conoide Taro-Parola - confinato inferiore,597409,4963096,61.5,110.0,,,,,manual,10.2319481578,44.8146242921,manual,
PR-F01-00,Pozzo,PR,POLESINE ZIBELLO,IT089015ER-DQ1-FPF-ITB,Freatico di pianura fluviale,591029,4984941,32.5,4.37,,,,,manual,10.1552087568,45.012076312,manual,
PR-F01-01,Pozzo,PR,POLESINE ZIBELLO,IT089015ER-DQ1-FPF-ITB,Freatico di pianura fluviale,591454,4984386,32.0,4.55,,,,,manual,10.1605002541,45.0070265984,manual,
PR-F06-00,Pozzo,PR,PARMA,IT089015ER-DQ1-FPF-ITB,Freatico di pianura fluviale,604719,4970511,36.7,6.81,,,,,manual,10.325905435,44.8803229114,manual,
PR-F07-00,Pozzo,PR,SAN SECONDO PARMENSE,IT089015ER-DQ1-FPF-ITB,Freatico di pianura fluviale,598925,4974770,36.4,8.22,,,,,manual,10.2533950663,44.919481693,manual,
PR-F09-01,Pozzo,PR,SORAGNA,IT089015ER-DQ1-FPF-ITB,Freatico di pianura fluviale,587184,4974510,49.3,6.57,,,,,manual,10.1046194496,44.9186772657,manual,
PR-F10-01,Pozzo,PR,BUSSETO,IT089015ER-DQ1-FPF-ITB,Freatico di pianura fluviale,579735,4977078,48.9,6.52,,,,,manual,10.0106614572,44.9426647065,manual,
PR-F11-00,Pozzo,PR,FIDENZA,IT089015ER-DQ1-FPF-ITB,Freatico di pianura fluviale,586763,4968685,65.8,6.79,,,,,manual,10.0982879644,44.8663011721,manual,
RA03-00,Pozzo,RA,MASSALOMBARDA,IT080610ER-DQ2-PACS-ITB,Pianura Alluvionale Appenninica - confinato superiore,724418,4924919,11.3,102.0,Fondo foro,1.0,95.0,102.0,manual,11.8201658614,44.4427514984,manual,
RA05-00,Pozzo,RA,BAGNACAVALLO,IT080610ER-DQ2-PACS-ITB,Pianura Alluvionale Appenninica - confinato superiore,741015,4930369,5.0,108.0,Fondo foro,1.0,101.72,106.72,manual,12.0309898501,44.4864106546,manual,
RA08-00,Pozzo,RA,FAENZA,IT080610ER-DQ2-PACS-ITB,Pianura Alluvionale Appenninica - confinato superiore,738690,4915703,15.0,96.0,Fondo foro,1.0,87.56,96.0,manual,11.99504565,44.3553278646,manual,
RA09-00,Pozzo,RA,RAVENNA,IT080640ER-DQ2-PCC-ITB,Pianura Alluvionale Costiera - confinato,758180,4941791,0.43,273.0,,1.0,142.0,150.0,manual,12.2522369434,44.5831446513,manual,
RA09-01,Pozzo,RA,RAVENNA,IT080640ER-DQ2-PCC-ITB,Pianura Alluvionale Costiera - confinato,758227,4940523,0.43,150.0,Fondo foro,1.0,142.0,150.0,manual,12.2521920343,44.571730928,manual,
RA12-01,Pozzo,RA,RAVENNA,IT080640ER-DQ2-PCC-ITB,Pianura Alluvionale Costiera - confinato,755883,4938447,1.57,155.0,,,,,manual,12.2216866056,44.5539074527,manual,
RA13-02,Pozzo,RA,RAVENNA,IT080640ER-DQ2-PCC-ITB,Pianura Alluvionale Costiera - confinato,756201,4911624,2.08,215.0,Fondo foro,1.0,206.0,215.0,manual,12.2124350449,44.3126934419,manual,
RA14-01,Pozzo,RA,RAVENNA,IT082700ER-DQ2-PACI-ITB,Pianura Alluvionale - confinato inferiore,745922,4913833,7.3,248.0,Fondo foro,1.0,242.0,248.0,manual,12.0847802771,44.3361025509,manual,
RA15-00,Pozzo,RA,CASTEL BOLOGNESE,IT080522ER-DQ2-CC,Conoide Senio - confinato,723585,4913863,29.82,31.74,,1.0,17.61,21.0,manual,11.8049539369,44.3435931189,manual,
RA17-01,Pozzo,RA,FAENZA,IT082700ER-DQ2-PACI-ITB,Pianura Alluvionale - confinato inferiore,730858,4912855,22.0,106.0,Fondo foro,1.0,100.0,106.0,manual,11.8956359099,44.3322537622,manual,
RA18-00,Pozzo,RA,FAENZA,IT082700ER-DQ2-PACI-ITB,Pianura Alluvionale - confinato inferiore,726769,4909433,38.2,67.0,Fondo foro,1.0,57.0,67.0,manual,11.8429238617,44.3027715939,manual,
RA21-01,Pozzo,RA,RAVENNA,IT080640ER-DQ2-PCC-ITB,Pianura Alluvionale Costiera - confinato,766702,4912271,1.65,370.0,,,,,manual,12.3442165103,44.3147319664,manual,
RA24-00,Pozzo,RA,RAVENNA,IT080640ER-DQ2-PCC-ITB,Pianura Alluvionale Costiera - confinato,760513,4938208,1.2,265.3,Fondo foro,1.0,240.8,265.3,manual,12.2797654226,44.5501010819,manual,
RA24-01,Pozzo,RA,RAVENNA,IT080640ER-DQ2-PCC-ITB,Pianura Alluvionale Costiera - confinato,760474,4936523,0.7,183.5,,,,,manual,12.2784242582,44.534970581,manual,
RA29-00,Pozzo,RA,RAVENNA,IT080640ER-DQ2-PCC-ITB,Pianura Alluvionale Costiera - confinato,760044,4932212,0.7,251.0,Fondo foro,1.0,232.92,250.87,manual,12.2708503605,44.4963784831,manual,
RA30-00,Pozzo,RA,RAVENNA,IT082700ER-DQ2-PACI-ITB,Pianura Alluvionale - confinato inferiore,752680,4930373,1.6,230.08,Fondo foro,1.0,218.0,230.08,manual,12.1774708266,44.4824616754,manual,
RA33-00,Pozzo,RA,RAVENNA,IT080640ER-DQ2-PCC-ITB,Pianura Alluvionale Costiera - confinato,761243,4922887,1.5,214.0,Fondo foro,1.0,206.3,213.6,manual,12.2812052372,44.4121328783,manual,
RA33-01,Pozzo,RA,RAVENNA,IT080640ER-DQ2-PCC-ITB,Pianura Alluvionale Costiera - confinato,761244,4922912,0.5,205.0,Fondo foro,1.0,187.0,205.0,manual,12.2812303542,44.4123572195,manual,
RA34-00,Pozzo,RA,RAVENNA,IT082700ER-DQ2-PACI-ITB,Pianura Alluvionale - confinato inferiore,755369,4918940,2.9,207.5,Fondo foro,1.0,197.18,207.41,manual,12.2056046675,44.3787487458,manual,
RA34-02,Pozzo,RA,RAVENNA,IT080610ER-DQ2-PACS-ITB,Pianura Alluvionale Appenninica - confinato superiore,754282,4919291,3.9,120.0,,,,,manual,12.192152433,44.3822857793,manual,
RA35-00,Pozzo,RA,RAVENNA,IT082700ER-DQ2-PACI-ITB,Pianura Alluvionale - confinato inferiore,750390,4917832,4.9,237.0,Fondo foro,1.0,223.0,236.91,manual,12.142665223,44.3705246449,manual,
RA35-01,Pozzo,RA,RAVENNA,IT082700ER-DQ2-PACI-ITB,Pianura Alluvionale - confinato inferiore,747923,4916849,8.5,230.0,,,,,manual,12.1112790556,44.3625351332,manual,
RA36-00,Pozzo,RA,RAVENNA,IT080640ER-DQ2-PCC-ITB,Pianura Alluvionale Costiera - confinato,763639,4917210,0.66,280.0,Fondo foro,1.0,265.0,280.0,manual,12.3083708918,44.3602408549,manual,
RA36-01,Pozzo,RA,RAVENNA,IT080640ER-DQ2-PCC-ITB,Pianura Alluvionale Costiera - confinato,761527,4918363,0.4,180.0,,,,,manual,12.2824903776,44.3713683208,manual,
RA38-00,Pozzo,RA,RAVENNA,IT082700ER-DQ2-PACI-ITB,Pianura Alluvionale - confinato inferiore,759174,4907496,4.8,285.0,,2.0,256.0,282.0,manual,12.2476058128,44.2745348371,manual,
RA39-00,Pozzo,RA,RAVENNA,IT082700ER-DQ2-PACI-ITB,Pianura Alluvionale - confinato inferiore,754064,4906316,9.55,180.0,Fondo foro,1.0,173.0,177.0,manual,12.1831004051,44.2657291998,manual,
RA41-02,Pozzo,RA,RAVENNA,IT080640ER-DQ2-PCC-ITB,Pianura Alluvionale Costiera - confinato,764107,4912914,1.7,318.68,Fondo foro,1.0,286.0,318.0,manual,12.3120571105,44.3214586964,manual,
RA42-01,Pozzo,RA,RAVENNA,IT080610ER-DQ2-PACS-ITB,Pianura Alluvionale Appenninica - confinato superiore,755862,4924811,2.2,150.0,,,,,manual,12.214675393,44.4313475929,manual,
RA42-02,Pozzo,RA,RAVENNA,IT080610ER-DQ2-PACS-ITB,Pianura Alluvionale Appenninica - confinato superiore,750215,4924945,2.1,180.0,,,,,manual,12.1438979848,44.4345260148,manual,
RA44-00,Pozzo,RA,CONSELICE,IT080610ER-DQ2-PACS-ITB,Pianura Alluvionale Appenninica - confinato superiore,722038,4933143,9.0,327.0,,,,,manual,11.7938224718,44.517436327,manual,
RA45-01,Pozzo,RA,RAVENNA,IT080640ER-DQ2-PCC-ITB,Pianura Alluvionale Costiera - confinato,751774,4936004,2.89,271.0,,,,,manual,12.1688391464,44.5333945523,manual,
RA47-00,Pozzo,RA,RAVENNA,IT082700ER-DQ2-PACI-ITB,Pianura Alluvionale - confinato inferiore,746633,4927545,4.1,325.2,Fondo foro,1.0,317.0,325.2,manual,12.1001941045,44.4591283648,manual,
RA47-02,Pozzo,RA,RAVENNA,IT080610ER-DQ2-PACS-ITB,Pianura Alluvionale Appenninica - confinato superiore,745830,4928479,3.8,130.0,Fondo foro,1.0,110.0,120.0,manual,12.090558346,44.4677981026,manual,
RA48-01,Pozzo,RA,FAENZA,IT082700ER-DQ2-PACI-ITB,Pianura Alluvionale - confinato inferiore,737141,4909916,19.0,281.28,,6.0,75.77,281.28,manual,11.9730033493,44.3038056402,manual,
RA48-02,Pozzo,RA,RUSSI,IT082700ER-DQ2-PACI-ITB,Pianura Alluvionale - confinato inferiore,742338,4919132,9.6,253.0,Fondo foro,1.0,242.0,252.0,manual,12.0423534988,44.3849465134,manual,
RA49-00,Pozzo,RA,RAVENNA,IT082700ER-DQ2-PACI-ITB,Pianura Alluvionale - confinato inferiore,752304,4925658,1.1,229.0,Fondo foro,1.0,205.0,229.0,manual,12.1704529282,44.4402100729,manual,
RA53-04,Pozzo,RA,CERVIA,IT080640ER-DQ2-PCC-ITB,Pianura Alluvionale Costiera - confinato,765442,4909103,2.0,120.0,Fondo foro,1.0,114.0,120.0,manual,12.3268336302,44.2867197316,manual,
RA54-01,Pozzo,RA,CERVIA,IT082700ER-DQ2-PACI-ITB,Pianura Alluvionale - confinato inferiore,766736,4905970,1.3,350.0,Fondo foro,1.0,345.0,350.0,manual,12.3414265632,44.2580879367,manual,
RA54-02,Pozzo,RA,CERVIA,IT080610ER-DQ2-PACS-ITB,Pianura Alluvionale Appenninica - confinato superiore,766938,4906596,1.2,280.0,,,,,manual,12.3442720418,44.2636402568,manual,
RA54-03,Pozzo,RA,CERVIA,IT082700ER-DQ2-PACI-ITB,Pianura Alluvionale - confinato inferiore,763492,4906179,0.9,240.0,,,,,manual,12.3009612355,44.2611472893,manual,
RA54-04,Pozzo,RA,CERVIA,IT080610ER-DQ2-PACS-ITB,Pianura Alluvionale Appenninica - confinato superiore,766420,4906148,0.2,140.0,,,,,manual,12.3375652725,44.2598034235,manual,
RA55-02,Pozzo,RA,COTIGNOLA,IT080610ER-DQ2-PACS-ITB,Pianura Alluvionale Appenninica - confinato superiore,729890,4918790,18.0,300.0,,3.0,69.5,300.0,manual,11.8861303179,44.3859253981,manual,
RA58-00,Pozzo,RA,FUSIGNANO,IT082700ER-DQ2-PACI-ITB,Pianura Alluvionale - confinato inferiore,735531,4928175,8.7,460.0,,4.0,236.0,451.0,manual,11.9611174959,44.4684936254,manual,
RA59-01,Pozzo,RA,BAGNACAVALLO,IT082700ER-DQ2-PACI-ITB,Pianura Alluvionale - confinato inferiore,737143,4921852,9.0,408.1,Fondo foro,1.0,381.2,408.1,manual,11.9784644881,44.4111189766,manual,
RA60-01,Pozzo,RA,ALFONSINE,IT080610ER-DQ2-PACS-ITB,Pianura Alluvionale Appenninica - confinato superiore,735399,4932471,4.76,250.0,,,,,manual,11.9614155503,44.5071606736,manual,
RA66-01,Pozzo,RA,RAVENNA,IT080640ER-DQ2-PCC-ITB,Pianura Alluvionale Costiera - confinato,757991,4912838,0.7,150.0,,,,,manual,12.2354441818,44.3229725812,manual,
RA67-00,Pozzo,RA,RAVENNA,IT082700ER-DQ2-PACI-ITB,Pianura Alluvionale - confinato inferiore,747675,4921574,4.3,275.0,,,,,manual,12.1104218587,44.4050958031,manual,
RA67-01,Pozzo,RA,RAVENNA,IT080610ER-DQ2-PACS-ITB,Pianura Alluvionale Appenninica - confinato superiore,747277,4920444,2.3,236.0,,,,,manual,12.1048930835,44.3950734495,manual,
RA71-00,Pozzo,RA,CONSELICE,IT082700ER-DQ2-PACI-ITB,Pianura Alluvionale - confinato inferiore,726046,4937271,4.95,225.0,,,,,manual,11.8460010675,44.5533092327,manual,
RA73-00,Pozzo,RA,CERVIA,IT082700ER-DQ2-PACI-ITB,Pianura Alluvionale - confinato inferiore,769981,4902222,2.0,180.0,,,,,manual,12.3800758235,44.2232074581,manual,
RA73-01,Pozzo,RA,CERVIA,IT082700ER-DQ2-PACI-ITB,Pianura Alluvionale - confinato inferiore,768984,4904266,1.5,242.0,,,,,manual,12.3686640958,44.2419464704,manual,
RA76-03,Pozzo,RA,COTIGNOLA,IT080610ER-DQ2-PACS-ITB,Pianura Alluvionale Appenninica - confinato superiore,734106,4919319,16.0,356.0,,,,,manual,11.9392292738,44.3893326169,manual,
RA77-00,Pozzo,RA,CASTEL BOLOGNESE,IT080220ER-DQ1-CL,Conoide Senio - libero,722887,4911491,39.84,37.2,Fondo foro,1.0,29.0,35.2,manual,11.7951935256,44.3224781144,manual,
RA78-00,Pozzo,RA,FAENZA,IT080230ER-DQ1-CL,Conoide Lamone - libero,730747,4908299,33.0,45.0,Fondo foro,1.0,35.0,44.88,manual,11.8922311293,44.2913236663,manual,
RA79-00,Pozzo,RA,SOLAROLO,IT080522ER-DQ2-CC,Conoide Senio - confinato,726558,4915324,24.83,300.0,,,,,manual,11.8428414434,44.35580865,manual,
RA80-01,Pozzo,RA,RAVENNA,IT080610ER-DQ2-PACS-ITB,Pianura Alluvionale Appenninica - confinato superiore,748414,4919186,2.5,115.0,Fondo foro,1.0,103.0,115.0,manual,12.1185475295,44.3833758377,manual,
RA80-02,Pozzo,RA,RAVENNA,IT080610ER-DQ2-PACS-ITB,Pianura Alluvionale Appenninica - confinato superiore,748688,4920131,2.6,120.0,Fondo foro,1.0,114.0,120.0,manual,12.1224342311,44.3917770062,manual,
RA82-00,Pozzo,RA,RAVENNA,IT082700ER-DQ2-PACI-ITB,Pianura Alluvionale - confinato inferiore,747033,4929315,3.32,221.0,,,,,manual,12.1060592865,44.4749033077,manual,
RA84-01,Pozzo,RA,RAVENNA,IT080640ER-DQ2-PCC-ITB,Pianura Alluvionale Costiera - confinato,752295,4908913,11.06,180.0,Fondo foro,1.0,175.0,180.0,manual,12.1622237614,44.2896896481,manual,
RA85-00,Pozzo,RA,FAENZA,IT082700ER-DQ2-PACI-ITB,Pianura Alluvionale - confinato inferiore,737064,4904662,24.2,242.0,,3.0,129.0,242.0,manual,11.969656794,44.2565923233,manual,
RA89-00,Pozzo,RA,FAENZA,IT080532ER-DQ2-CC,Conoide Lamone - confinato,728640,4908289,38.6,87.63,,1.0,52.0,87.63,manual,11.8658501263,44.2918990934,manual,
RA89-02,Pozzo,RA,FAENZA,IT080532ER-DQ2-CC,Conoide Lamone - confinato,731384,4905584,45.2,65.0,,,,,manual,11.8990036737,44.2667093373,manual,
RA90-00,Pozzo,RA,FAENZA,IT080230ER-DQ1-CL,Conoide Lamone - libero,727550,4905022,45.0,15.3,Fondo foro,1.0,10.3,15.3,manual,11.8507826791,44.2628643543,manual,
RAA1-00,Pozzo,RA,CASTEL BOLOGNESE,IT080220ER-DQ1-CL,Conoide Senio - libero,723285,4911696,37.9,60.0,Fondo foro,1.0,42.5,58.0,manual,11.8002666281,44.3241993238,manual,
RAA2-00,Pozzo,RA,RIOLO TERME,IT085090ER-AV2-VA,Depositi vallate App. Senio-Savio,715831,4905590,82.0,12.0,,,,,manual,11.7043662586,44.2715408295,manual,
RA-F01-00,Pozzo,RA,CONSELICE,IT089015ER-DQ1-FPF-ITB,Freatico di pianura fluviale,728959,4940178,5.0,5.73,,,,,manual,11.8839230442,44.5785272618,manual,
RA-F06-00,Piezometro,RA,RAVENNA,IT089020ER-DQ1-FPC-ITB,Freatico di pianura costiero,755574,4929643,1.12,10.0,,,,,manual,12.2134459265,44.4748823479,manual,
RA-F13-01,Pozzo,RA,BAGNACAVALLO,IT089015ER-DQ1-FPF-ITB,Freatico di pianura fluviale,737935,4924053,8.3,7.0,,,,,manual,11.9894074744,44.4306475297,manual,
RA-F14-00,Pozzo,RA,RUSSI,IT089015ER-DQ1-FPF-ITB,Freatico di pianura fluviale,745191,4920756,5.8,7.25,,,,,manual,12.0788855319,44.3985869357,manual,
RA-F16-00,Piezometro,RA,RAVENNA,IT089020ER-DQ1-FPC-ITB,Freatico di pianura costiero,765347,4915210,1.0,10.5,,,,,manual,12.3287497823,44.3416429392,manual,
RA-F22-00,Pozzo,RA,RAVENNA,IT089015ER-DQ1-FPF-ITB,Freatico di pianura fluviale,747972,4908087,13.9,7.7,,,,,manual,12.1077279095,44.2837504879,manual,
RA-F23-01,Pozzo,RA,CERVIA,IT089015ER-DQ1-FPF-ITB,Freatico di pianura fluviale,758727,4902869,16.0,11.0,,,,,manual,12.2397269457,44.2331032168,manual,
RE01-03,Pozzo,RE,BRESCELLO,IT080630ER-DQ2-PPCS,Pianura Alluvionale Padana - confinato superiore,616999,4968726,28.6,130.0,,,,,manual,10.4809280382,44.8623487651,manual,
RE03-01,Pozzo,RE,GUALTIERI,IT080630ER-DQ2-PPCS,Pianura Alluvionale Padana - confinato superiore,629018,4969333,19.07,60.0,,,,,manual,10.6331554629,44.8657371296,manual,
RE04-00,Pozzo,RE,POVIGLIO,IT080610ER-DQ2-PACS-ITB,Pianura Alluvionale Appenninica - confinato superiore,622139,4966148,28.37,108.0,Fondo foro,1.0,105.5,108.0,manual,10.5453443784,44.8382875795,manual,
RE06-00,Pozzo,RE,GATTATICO,IT080610ER-DQ2-PACS-ITB,Pianura Alluvionale Appenninica - confinato superiore,616008,4965393,33.42,113.0,Fondo foro,1.0,110.0,113.0,manual,10.4676264694,44.8325163519,manual,
RE10-00,Pozzo,RE,GUASTALLA,IT080630ER-DQ2-PPCS,Pianura Alluvionale Padana - confinato superiore,630724,4975490,22.13,112.0,Fondo foro,1.0,85.0,112.0,manual,10.6563316164,44.9208290515,manual,
RE14-01,Pozzo,RE,CAMPAGNOLA EMILIA,IT080620ER-DQ2-TPAPCS-ITB,Transizione Pianura Appenninica-Padana - confinato superiore,638714,4966789,24.71,97.0,,,,,manual,10.755139656,44.8410256455,manual,
RE15-00,Pozzo,RE,CAMPAGNOLA EMILIA,IT082700ER-DQ2-PACI-ITB,Pianura Alluvionale - confinato inferiore,638692,4964900,25.86,170.0,,,,,manual,10.7543455275,44.8240327681,manual,
RE16-01,Pozzo,RE,CAMPEGINE,IT082370ER-DQ2-CCI,Conoide Enza - confinato inferiore,618355,4958394,39.0,120.0,,1.0,86.0,89.0,manual,10.4956799907,44.7691458048,manual,
RE18-03,Pozzo,RE,CADELBOSCO DI SOPRA,IT082700ER-DQ2-PACI-ITB,Pianura Alluvionale - confinato inferiore,628927,4964032,22.3,240.0,Fondo foro,1.0,238.0,240.0,manual,10.6306575377,44.8180524259,manual,
RE19-01,Pozzo,RE,BAGNOLO IN PIANO,IT080610ER-DQ2-PACS-ITB,Pianura Alluvionale Appenninica - confinato superiore,632515,4957696,32.0,70.0,Fondo foro,1.0,65.0,70.0,manual,10.6743695289,44.7603816468,manual,
RE19-02,Pozzo,RE,BAGNOLO IN PIANO,IT080610ER-DQ2-PACS-ITB,Pianura Alluvionale Appenninica - confinato superiore,632048,4958671,32.0,75.0,,,,,manual,10.6687239682,44.7692415048,manual,
RE19-03,Pozzo,RE,BAGNOLO IN PIANO,IT080610ER-DQ2-PACS-ITB,Pianura Alluvionale Appenninica - confinato superiore,631967,4957053,33.2,70.0,,,,,manual,10.6672818642,44.7546969056,manual,
RE21-00,Pozzo,RE,CORREGGIO,IT080610ER-DQ2-PACS-ITB,Pianura Alluvionale Appenninica - confinato superiore,643429,4959572,29.1,116.0,Fondo foro,1.0,108.0,111.0,manual,10.8127331996,44.7751568853,manual,
RE22-00,Pozzo,RE,SANT'ILARIO D'ENZA,IT082370ER-DQ2-CCI,Conoide Enza - confinato inferiore,616819,4954961,60.67,90.0,,3.0,45.0,86.0,manual,10.4754891597,44.7385036531,manual,
RE23-00,Pozzo,RE,REGGIO NELL'EMILIA,IT080370ER-DQ2-CCS,Conoide Enza - confinato superiore,623908,4955035,38.7,74.0,,3.0,27.2,73.6,manual,10.5650127694,44.7379778712,manual,
RE23-01,Pozzo,RE,REGGIO NELL'EMILIA,IT082370ER-DQ2-CCI,Conoide Enza - confinato inferiore,624032,4954957,38.7,267.5,,5.0,129.64,259.96,manual,10.5665594031,44.7372544817,manual,
RE23-02,Pozzo,RE,REGGIO NELL'EMILIA,IT080370ER-DQ2-CCS,Conoide Enza - confinato superiore,623977,4954802,38.7,33.5,,,,,manual,10.5658273441,44.7358691656,manual,
RE24-00,Pozzo,RE,REGGIO NELL'EMILIA,IT082370ER-DQ2-CCI,Conoide Enza - confinato inferiore,623901,4955026,38.98,278.0,,6.0,132.94,263.86,manual,10.5649222042,44.7378980917,manual,
RE25-00,Pozzo,RE,CAVRIAGO,IT082370ER-DQ2-CCI,Conoide Enza - confinato inferiore,620162,4952943,58.99,160.0,,7.0,52.0,156.0,manual,10.5172235982,44.7197900372,manual,
RE25-01,Piezometro,RE,CAVRIAGO,IT082370ER-DQ2-CCI,Conoide Enza - confinato inferiore,619416,4952951,60.47,84.0,Fondo foro,1.0,69.0,84.0,manual,10.5078093761,44.7199867621,manual,
RE26-00,Pozzo,RE,CAVRIAGO,IT082370ER-DQ2-CCI,Conoide Enza - confinato inferiore,621961,4951098,59.65,150.0,,9.0,50.5,76.0,manual,10.5394902013,44.7028826613,manual,
RE31-00,Pozzo,RE,SAN MARTINO IN RIO,IT082700ER-DQ2-PACI-ITB,Pianura Alluvionale - confinato inferiore,641894,4952670,38.32,165.0,Fondo foro,1.0,152.5,157.5,manual,10.7914229439,44.7133594741,manual,
RE32-00,Pozzo,RE,MONTECCHIO EMILIA,IT080090ER-DQ1-CL,Conoide Enza - libero,614113,4949322,106.66,80.0,,1.0,30.5,37.5,manual,10.4400624465,44.6881917072,manual,
RE33-00,Pozzo,RE,BIBBIANO,IT080090ER-DQ1-CL,Conoide Enza - libero,615503,4948290,112.72,56.0,,4.0,20.0,56.0,manual,10.4573651734,44.6786817117,manual,
RE33-02,Pozzo,RE,BIBBIANO,IT080090ER-DQ1-CL,Conoide Enza - libero,615874,4947650,116.2,61.0,,1.0,18.0,59.0,manual,10.4618999184,44.672862206,manual,
RE34-03,Pozzo,RE,REGGIO NELL'EMILIA,IT080610ER-DQ2-PACS-ITB,Pianura Alluvionale Appenninica - confinato superiore,627945,4955902,37.2,85.0,,,,,manual,10.6161993419,44.7450697908,manual,
RE36-00,Pozzo,RE,REGGIO NELL'EMILIA,IT082380ER-DQ2-CCI,Conoide Crostolo-Tresinaro - confinato inferiore,633837,4948233,54.79,109.0,Fondo foro,1.0,82.0,101.0,manual,10.6885871431,44.6749832137,manual,
RE37-00,Pozzo,RE,REGGIO NELL'EMILIA,IT080650ER-DET1-CMSG,Conoidi montane e Sabbie gialle occidentali,625488,4946534,100.41,90.0,,3.0,41.5,80.7,manual,10.5828751182,44.6612025655,manual,
RE38-03,Pozzo,RE,RUBIERA,IT080390ER-DQ2-CCS,Conoide Secchia - confinato superiore,641074,4948577,46.0,60.0,,,,,manual,10.7799464876,44.6766923228,manual,
RE39-00,Pozzo,RE,REGGIO NELL'EMILIA,IT080380ER-DQ2-CCS,Conoide Crostolo-Tresinaro - confinato superiore,633322,4946975,57.38,28.0,Fondo foro,1.0,24.0,26.0,manual,10.6817648457,44.6637588876,manual,
RE42-03,Pozzo,RE,REGGIO NELL'EMILIA,IT080610ER-DQ2-PACS-ITB,Pianura Alluvionale Appenninica - confinato superiore,634445,4954582,38.0,50.0,,,,,manual,10.6979243705,44.7320006593,manual,
RE43-00,Pozzo,RE,ALBINEA,IT080650ER-DET1-CMSG,Conoidi montane e Sabbie gialle occidentali,630696,4942166,111.93,41.0,Fondo foro,1.0,37.0,41.0,manual,10.6474280046,44.6209667465,manual,
RE44-00,Pozzo,RE,ALBINEA,IT080650ER-DET1-CMSG,Conoidi montane e Sabbie gialle occidentali,631486,4942979,91.3,90.0,,4.0,26.6,72.9,manual,10.6575900768,44.6281386774,manual,
RE45-00,Pozzo,RE,RUBIERA,IT082390ER-DQ2-CCI,Conoide Secchia - confinato inferiore,641743,4945300,53.38,305.0,,6.0,243.0,295.0,manual,10.7874766972,44.6470738001,manual,
RE46-00,Pozzo,RE,SCANDIANO,IT080380ER-DQ2-CCS,Conoide Crostolo-Tresinaro - confinato superiore,637544,4942699,67.72,48.0,Fondo foro,1.0,46.0,48.0,manual,10.7338516823,44.6244853837,manual,
RE46-01,Pozzo,RE,SCANDIANO,IT080380ER-DQ2-CCS,Conoide Crostolo-Tresinaro - confinato superiore,636501,4943043,70.9,64.0,,,,,manual,10.7208012451,44.6277796638,manual,
RE47-00,Pozzo,RE,CASALGRANDE,IT082390ER-DQ2-CCI,Conoide Secchia - confinato inferiore,641368,4942502,62.3,258.0,Fondo foro,1.0,213.0,247.0,manual,10.7819790791,44.6219709002,manual,
RE48-00,Pozzo,RE,CASALGRANDE,IT080380ER-DQ2-CCS,Conoide Crostolo-Tresinaro - confinato superiore,637473,4939413,94.07,30.0,,,,,manual,10.7320778047,44.5949301494,manual,
RE48-03,Pozzo,RE,SCANDIANO,IT080110ER-DQ1-CL,Conoide Tresinaro - libero,635422,4940058,89.0,30.0,,,,,manual,10.7064178464,44.6011231395,manual,
RE48-04,Pozzo,RE,SCANDIANO,IT080380ER-DQ2-CCS,Conoide Crostolo-Tresinaro - confinato superiore,637693,4941644,68.0,36.0,,,,,manual,10.7354461898,44.614963555,manual,
RE49-01,Pozzo,RE,CASALGRANDE,IT080390ER-DQ2-CCS,Conoide Secchia - confinato superiore,638432,4939123,88.88,80.0,,,,,manual,10.7440769999,44.592136764,manual,
RE50-00,Pozzo,RE,CASALGRANDE,IT080120ER-DQ1-CL,Conoide Secchia - libero,641180,4939682,79.85,158.0,,6.0,55.0,156.0,manual,10.778835526,44.5966329266,manual,
RE53-02,Pozzo,RE,ROLO,IT080630ER-DQ2-PPCS,Pianura Alluvionale Padana - confinato superiore,645934,4972889,18.7,81.0,Fondo foro,1.0,67.0,81.0,manual,10.8482036928,44.894469885,manual,
RE54-00,Pozzo,RE,SANT'ILARIO D'ENZA,IT080090ER-DQ1-CL,Conoide Enza - libero,614257,4956182,63.77,113.0,,5.0,11.0,113.0,manual,10.4434134957,44.7499054441,manual,
RE54-02,Pozzo,RE,SANT'ILARIO D'ENZA,IT080090ER-DQ1-CL,Conoide Enza - libero,614059,4955328,66.0,50.0,,,,,manual,10.4407219889,44.7422514726,manual,
RE55-00,Pozzo,RE,REGGIO NELL'EMILIA,IT082380ER-DQ2-CCI,Conoide Crostolo-Tresinaro - confinato inferiore,627553,4950455,55.35,150.0,,3.0,90.0,146.0,manual,10.6098893581,44.6961232477,manual,
RE58-00,Pozzo,RE,GUASTALLA,IT080630ER-DQ2-PPCS,Pianura Alluvionale Padana - confinato superiore,636117,4975145,20.2,119.0,,,,,manual,10.7245401066,44.9167134568,manual,
RE60-00,Pozzo,RE,BORETTO,IT080630ER-DQ2-PPCS,Pianura Alluvionale Padana - confinato superiore,623377,4973053,22.51,110.0,,,,,manual,10.562683009,44.90021119,manual,
RE68-00,Pozzo,RE,RIO SALICETO,IT082700ER-DQ2-PACI-ITB,Pianura Alluvionale - confinato inferiore,642964,4965924,22.6,225.0,Fondo foro,1.0,220.0,225.0,manual,10.808644704,44.8324037048,manual,
RE68-02,Pozzo,RE,RIO SALICETO,IT082700ER-DQ2-PACI-ITB,Pianura Alluvionale - confinato inferiore,642668,4963947,25.0,181.0,,1.0,178.0,181.0,manual,10.80434671,44.8146744174,manual,
RE69-00,Pozzo,RE,SANT'ILARIO D'ENZA,IT080090ER-DQ1-CL,Conoide Enza - libero,615347,4955861,60.8,112.0,Fondo foro,1.0,81.0,100.0,manual,10.4571064929,44.7468417902,manual,
RE70-00,Pozzo,RE,QUATTRO CASTELLA,IT080650ER-DET1-CMSG,Conoidi montane e Sabbie gialle occidentali,621239,4944491,138.3,88.0,,3.0,46.0,74.0,manual,10.5288154255,44.6435472134,manual,
RE71-00,Pozzo,RE,MONTECCHIO EMILIA,IT080090ER-DQ1-CL,Conoide Enza - libero,613417,4947904,116.0,57.0,,1.0,43.0,48.0,manual,10.4309677053,44.6755406484,manual,
RE72-02,Pozzo,RE,BIBBIANO,IT080090ER-DQ1-CL,Conoide Enza - libero,614707,4946585,127.1,70.0,,,,,manual,10.446942898,44.6634651481,manual,
RE73-01,Pozzo,RE,REGGIO NELL'EMILIA,IT082370ER-DQ2-CCI,Conoide Enza - confinato inferiore,624110,4950447,57.8,63.0,Fondo foro,1.0,60.0,63.0,manual,10.5664485806,44.6966554633,manual,
RE74-00,Pozzo,RE,BIBBIANO,IT080650ER-DET1-CMSG,Conoidi montane e Sabbie gialle occidentali,619199,4949267,100.0,44.0,,1.0,35.0,38.0,manual,10.5042114166,44.6868695247,manual,
RE75-01,Pozzo,RE,REGGIO NELL'EMILIA,IT080100ER-DQ1-CL,Conoide Crostolo - libero,627347,4946952,85.0,30.5,Fondo foro,1.0,23.0,28.0,manual,10.6064188691,44.6646367621,manual,
RE76-00,Pozzo,RE,REGGIO NELL'EMILIA,IT082380ER-DQ2-CCI,Conoide Crostolo-Tresinaro - confinato inferiore,630151,4946622,65.3,103.0,Fondo foro,1.0,100.0,103.0,manual,10.6416917744,44.661164254,manual,
RE77-00,Pozzo,RE,ALBINEA,IT080650ER-DET1-CMSG,Conoidi montane e Sabbie gialle occidentali,627659,4942140,145.0,70.0,Fondo foro,1.0,64.0,66.0,manual,10.6091552678,44.6212784765,manual,
RE77-01,Pozzo,RE,ALBINEA,IT080650ER-DET1-CMSG,Conoidi montane e Sabbie gialle occidentali,627726,4942145,143.0,100.0,Fondo foro,,,,manual,10.6100007215,44.6213115707,manual,
RE78-00,Pozzo,RE,QUATTRO CASTELLA,IT080380ER-DQ2-CCS,Conoide Crostolo-Tresinaro - confinato superiore,623581,4943104,149.1,100.0,,2.0,29.1,50.3,manual,10.558002983,44.6306662814,manual,
RE79-01,Pozzo,RE,BIBBIANO,IT080650ER-DET1-CMSG,Conoidi montane e Sabbie gialle occidentali,616803,4945480,135.0,60.0,Fondo foro,1.0,40.0,60.0,manual,10.4731218635,44.653182727,manual,
RE80-01,Pozzo,RE,CASALGRANDE,IT080110ER-DQ1-CL,Conoide Tresinaro - libero,636801,4939110,102.4,101.0,,,,,manual,10.7235342183,44.5923316765,manual,
RE80-03,Pozzo,RE,SCANDIANO,IT080650ER-DET1-CMSG,Conoidi montane e Sabbie gialle occidentali,634705,4938158,139.0,20.0,,,,,manual,10.6968893431,44.5841603784,manual,
RE80-04,Pozzo,RE,CASALGRANDE,IT080650ER-DET1-CMSG,Conoidi montane e Sabbie gialle occidentali,637736,4937195,132.0,78.0,,,,,manual,10.7347960699,44.5749212956,manual,
RE81-00,Pozzo,RE,REGGIO NELL'EMILIA,IT080380ER-DQ2-CCS,Conoide Crostolo-Tresinaro - confinato superiore,631235,4952549,40.2,60.0,,,,,manual,10.6568795743,44.7143019449,manual,
RE82-00,Pozzo,RE,MONTECCHIO EMILIA,IT080090ER-DQ1-CL,Conoide Enza - libero,613605,4948382,116.0,67.0,,1.0,45.0,52.0,manual,10.4334450144,44.6798127239,manual,
RE83-00,Pozzo,RE,CANOSSA,IT085030ER-AV2-VA,Depositi vallate App. Taro-Enza-Tresinaro,611593,4939680,190.0,5.5,,,,,manual,10.4061723962,44.601812454,manual,
RE84-00,Pozzo,RE,SCANDIANO,IT080110ER-DQ1-CL,Conoide Tresinaro - libero,631535,4937605,121.3,10.0,,,,,manual,10.6568320632,44.5797702644,manual,
RE85-00,Pozzo,RE,REGGIO NELL'EMILIA,IT080100ER-DQ1-CL,Conoide Crostolo - libero,627808,4948101,74.2,14.2,,,,,manual,10.6125185985,44.6748945424,manual,
RE85-01,Pozzo,RE,REGGIO NELL'EMILIA,IT080100ER-DQ1-CL,Conoide Crostolo - libero,627138,4949623,63.0,55.0,Fondo foro,,,,manual,10.6044467717,44.6887098844,manual,
RE86-00,Pozzo,RE,CASTELLARANO,IT085040ER-AV2-VA,Depositi vallate App. Secchia,634199,4926401,181.0,17.0,,,,,manual,10.6874594118,44.478456575,manual,
RE86-01,Pozzo,RE,CASTELLARANO,IT085040ER-AV2-VA,Depositi vallate App. Secchia,633255,4926551,197.0,15.0,,,,,manual,10.6756329782,44.4799811373,manual,
RE90-00,Pozzo,RE,REGGIO NELL'EMILIA,IT080100ER-DQ1-CL,Conoide Crostolo - libero,627639,4946815,93.4,34.0,,,,,manual,10.6100667214,44.6633520511,manual,
RE-F01-00,Pozzo,RE,REGGIO NELL'EMILIA,IT089015ER-DQ1-FPF-ITB,Freatico di pianura fluviale,635132,4948538,53.5,7.2,,,,,manual,10.7049991474,44.6774850404,manual,
RE-F03-00,Pozzo,RE,CORREGGIO,IT089015ER-DQ1-FPF-ITB,Freatico di pianura fluviale,643911,4960799,27.5,11.0,,,,,manual,10.819168681,44.7861002635,manual,
RE-F05-00,Pozzo,RE,CADELBOSCO DI SOPRA,IT089015ER-DQ1-FPF-ITB,Freatico di pianura fluviale,628880,4959432,27.5,6.5,,,,,manual,10.6288980365,44.776667345,manual,
RE-F11-00,Pozzo,RE,BRESCELLO,IT089015ER-DQ1-FPF-ITB,Freatico di pianura fluviale,617034,4972417,25.0,5.4,,,,,manual,10.4822236229,44.8955587102,manual,
RE-F11-01,Pozzo,RE,BRESCELLO,IT089015ER-DQ1-FPF-ITB,Freatico di pianura fluviale,620232,4972010,25.0,8.0,,,,,manual,10.5226151856,44.8913633768,manual,
RE-F12-00,Pozzo,RE,GUALTIERI,IT089015ER-DQ1-FPF-ITB,Freatico di pianura fluviale,629949,4973962,22.0,5.3,,,,,manual,10.6461234149,44.907221559,manual,
RN02-00,Pozzo,RN,MISANO ADRIATICO,IT080600ER-DQ2-CCS,Conoide Conca - confinato superiore,797566,4874609,8.0,36.5,Fondo foro,1.0,23.0,29.0,manual,12.7091828179,43.9643896199,manual,
RN03-00,Piezometro,RN,SANTARCANGELO DI ROMAGNA,IT080280ER-DQ1-CL,Conoide Marecchia - libero,777283,4881282,50.336,28.0,Fondo foro,1.0,12.0,28.0,manual,12.46031366,44.0322838193,manual,
RN04-00,Pozzo,RN,RIMINI,IT080590ER-DQ2-CCS,Conoide Marecchia - confinato superiore,784553,4884990,8.16,50.0,,1.0,28.0,29.0,manual,12.5528619091,44.0628225147,manual,
RN05-00,Piezometro,RN,RIMINI,IT080590ER-DQ2-CCS,Conoide Marecchia - confinato superiore,780345,4885373,20.451,96.0,Fondo foro,1.0,90.0,96.0,manual,12.5006227132,44.0678851337,manual,
RN06-00,Pozzo,RN,MISANO ADRIATICO,IT080600ER-DQ2-CCS,Conoide Conca - confinato superiore,798118,4874977,2.4,34.7,,,,,manual,12.7162556521,43.9674725439,manual,
RN21-02,Pozzo,RN,RIMINI,IT080280ER-DQ1-CL,Conoide Marecchia - libero,779194,4882616,33.3,53.6,Fondo foro,1.0,39.5,52.5,manual,12.4848216285,44.04354789,manual,
RN29-00,Pozzo,RN,RIMINI,IT080590ER-DQ2-CCS,Conoide Marecchia - confinato superiore,777722,4887408,22.37,37.4,Fondo foro,1.0,26.0,37.4,manual,12.4689990571,44.0871716459,manual,
RN30-00,Pozzo,RN,RIMINI,IT080590ER-DQ2-CCS,Conoide Marecchia - confinato superiore,781291,4887309,14.07,42.0,,2.0,25.5,38.5,manual,12.5134438782,44.0849205716,manual,
RN31-01,Pozzo,RN,RIMINI,IT080590ER-DQ2-CCS,Conoide Marecchia - confinato superiore,783994,4885076,6.6,31.0,Fondo foro,1.0,25.4,28.4,manual,12.5459418021,44.0638120119,manual,
RN33-01,Pozzo,RN,SANTARCANGELO DI ROMAGNA,IT080280ER-DQ1-CL,Conoide Marecchia - libero,776419,4884064,41.2,27.0,,,,,manual,12.4510038082,44.057611742,manual,
RN34-00,Pozzo,RN,RIMINI,IT080590ER-DQ2-CCS,Conoide Marecchia - confinato superiore,785421,4884848,3.0,30.0,Fondo foro,1.0,26.6,29.5,manual,12.5636021875,44.0612091977,manual,
RN36-00,Pozzo,RN,RICCIONE,IT080600ER-DQ2-CCS,Conoide Conca - confinato superiore,794961,4876586,13.5,33.0,,,,,manual,12.6778753734,43.9832016771,manual,
RN38-00,Pozzo,RN,SAN GIOVANNI IN MARIGNANO,IT080600ER-DQ2-CCS,Conoide Conca - confinato superiore,799246,4872215,21.0,34.3,,,,,manual,12.7287333982,43.9421995477,manual,
RN38-01,Pozzo,RN,SAN GIOVANNI IN MARIGNANO,IT080290ER-DQ1-CL,Conoide Conca - libero,798396,4872593,25.0,38.0,,,,,manual,12.7183760989,43.9459406141,manual,
RN59-00,Pozzo,RN,BELLARIA-IGEA MARINA,IT082590ER-DQ2-CCI,Conoide Marecchia - confinato inferiore,778854,4890670,10.5,234.0,,5.0,42.0,219.0,manual,12.4848365597,44.11605626,manual,
RN60-01,Pozzo,RN,RIMINI,IT080590ER-DQ2-CCS,Conoide Marecchia - confinato superiore,778815,4885449,28.5,78.0,,1.0,65.5,71.5,manual,12.4815929577,44.0691515381,manual,
RN62-00,Pozzo,RN,CATTOLICA,IT080600ER-DQ2-CCS,Conoide Conca - confinato superiore,800113,4873916,10.29,35.6,,2.0,10.0,15.5,manual,12.7404735324,43.9571291927,manual,
RN63-01,Pozzo,RN,RIMINI,IT089015ER-DQ1-FPF-ITB,Freatico di pianura fluviale,786274,4881805,13.6,7.0,,,,,manual,12.5725857505,44.0335326466,manual,
RN66-00,Pozzo,RN,RICCIONE,IT089015ER-DQ1-FPF-ITB,Freatico di pianura fluviale,792434,4877742,12.08,8.0,,,,,manual,12.6470663854,43.9945978506,manual,
RN67-00,Pozzo,RN,MISANO ADRIATICO,IT080600ER-DQ2-CCS,Conoide Conca - confinato superiore,798091,4874982,4.0,32.3,,,,,manual,12.7159225823,43.9675284053,manual,
RN67-01,Pozzo,RN,MISANO ADRIATICO,IT080600ER-DQ2-CCS,Conoide Conca - confinato superiore,796795,4875645,4.0,42.0,Fondo foro,1.0,28.6,36.9,manual,12.7001707108,43.9740091841,manual,
RN68-00,Pozzo,RN,MISANO ADRIATICO,IT080600ER-DQ2-CCS,Conoide Conca - confinato superiore,797093,4875432,3.1,36.0,,,,,manual,12.7037591237,43.9719751548,manual,
RN70-00,Piezometro,RN,SAN GIOVANNI IN MARIGNANO,IT089015ER-DQ1-FPF-ITB,Freatico di pianura fluviale,796986,4873830,18.6,15.0,,,,,manual,12.7015328329,43.9576247947,manual,
RN71-00,Pozzo,RN,RIMINI,IT080590ER-DQ2-CCS,Conoide Marecchia - confinato superiore,780313,4886907,17.7,101.2,Fondo foro,1.0,90.7,96.7,manual,12.5010375457,44.0816827546,manual,
RN72-00,Pozzo,RN,RIMINI,IT080590ER-DQ2-CCS,Conoide Marecchia - confinato superiore,781199,4884985,17.75,105.0,Fondo foro,1.0,89.0,101.0,manual,12.511060315,44.0640713575,manual,
RN73-00,Pozzo,RN,RIMINI,IT080590ER-DQ2-CCS,Conoide Marecchia - confinato superiore,782375,4885516,12.9,50.0,,1.0,35.0,44.0,manual,12.5260000168,44.0683912069,manual,
RN74-00,Pozzo,RN,RIMINI,IT080590ER-DQ2-CCS,Conoide Marecchia - confinato superiore,780624,4889890,1.5,25.0,Fondo foro,1.0,20.5,23.8,manual,12.5065003289,44.1083704082,manual,
RN76-00,Pozzo,RN,SAN CLEMENTE,IT080290ER-DQ1-CL,Conoide Conca - libero,794124,4870628,75.0,13.0,,,,,manual,12.664164372,43.9300035434,manual,
RN77-00,Pozzo,RN,RIMINI,IT082590ER-DQ2-CCI,Conoide Marecchia - confinato inferiore,781240,4884920,17.0,119.0,Fondo foro,1.0,107.0,113.0,manual,12.5115367186,44.0634715134,manual,
RN-F01-00,Piezometro,RN,RIMINI,IT089020ER-DQ1-FPC-ITB,Freatico di pianura costiero,781166,4889206,2.0,5.5,,,,,manual,12.5128957328,44.1020157821,manual,
RN-F02-00,Pozzo,RN,RIMINI,IT089015ER-DQ1-FPF-ITB,Freatico di pianura fluviale,786461,4881183,16.0,7.8,,,,,manual,12.5745785581,44.0278704627,manual,
RN-F03-00,Piezometro,RN,MISANO ADRIATICO,IT089020ER-DQ1-FPC-ITB,Freatico di pianura costiero,795537,4876404,4.0,5.7,,,,,manual,12.6849415624,43.9813351812,manual,
RN-M11-00,Pozzo,RN,NOVAFELTRIA,IT085100IR-AV2-VA,Depositi vallate App. Marecchia-Conca,766128,4868356,210.0,9.8,,,,,manual,12.314865418,43.9202285174,manual,
BO03-01,Pozzo,BO,SAN PIETRO IN CASALE,0610ER-DQ2-PACS,Pianura Alluvionale Appenninica - confinato superiore,690997,4952708,16.0,205.0,,3.0,61.0,202.0,automatic,11.4108891803,44.7022996781,automatic,Industriale
BO05-00,Pozzo,BO,SANT AGATA BOLOGNESE,2700ER-DQ2-PACI,Pianura Alluvionale - confinato inferiore,669136,4947084,22.19,177.0,Fondo foro,1.0,168.0,172.0,automatic,11.1332904598,44.6571959699,automatic,Industriale
BO06-00,Pozzo,BO,SAN GIOVANNI IN PERSICETO,2700ER-DQ2-PACI,Pianura Alluvionale - confinato inferiore,674133,4946699,17.92,615.19,,32.0,73.5,615.19,automatic,11.1961406834,44.6525382329,automatic,Non in uso
BO07-00,Pozzo,BO,SALA BOLOGNESE,0610ER-DQ2-PACS,Pianura Alluvionale Appenninica - confinato superiore,680112,4947393,22.5,125.09,Fondo foro,1.0,119.0,125.09,automatic,11.2717327148,44.657306564,automatic,Non in uso
BO08-00,Pozzo,BO,SAN GIOVANNI IN PERSICETO,0610ER-DQ2-PACS,Pianura Alluvionale Appenninica - confinato superiore,676011,4943790,25.25,106.0,Fondo foro,1.0,103.0,106.0,automatic,11.2188100982,44.625911863,automatic,Non in uso
BO11-01,Pozzo,BO,ANZOLA EMILIA,0410ER-DQ2-CCS,Conoide Panaro - confinato superiore,669527,4937118,44.0,175.92,,5.0,84.0,171.44,automatic,11.1349299845,44.5674469272,automatic,Antincendio
BO12-00,Pozzo,BO,VALSAMOGGIA,0410ER-DQ2-CCS,Conoide Panaro - confinato superiore,668956,4935544,48.0,54.0,,,,,automatic,11.1272278068,44.5534207413,automatic,Irriguo
BO13-00,Pozzo,BO,CALDERARA DI RENO,2442ER-DQ2-CCI,Conoide Reno-Lavino - confinato inferiore,677141,4935958,36.4,348.0,,3.0,180.5,347.74,automatic,11.2303467918,44.5551797062,automatic,Industriale
BO14-00,Pozzo,BO,CALDERARA DI RENO,0442ER-DQ2-CCS,Conoide Reno-Lavino - confinato superiore,677197,4935970,36.89,30.0,Fondo foro,1.0,22.0,30.0,automatic,11.231055471,44.5552738883,automatic,Industriale
BO15-01,Pozzo,BO,ANZOLA EMILIA,2420ER-DQ2-CCI,Conoide Samoggia - confinato inferiore,675076,4934381,41.5,318.61,,5.0,127.4,306.5,automatic,11.203830425,44.5414977042,automatic,Industriale
BO16-00,Pozzo,BO,ANZOLA EMILIA,0442ER-DQ2-CCS,Conoide Reno-Lavino - confinato superiore,676572,4933961,43.19,88.3,Fondo foro,1.0,77.35,82.1,automatic,11.2225039932,44.5373546163,automatic,Industriale
BO17-00,Pozzo,BO,CALDERARA DI RENO,0442ER-DQ2-CCS,Conoide Reno-Lavino - confinato superiore,679930,4934498,37.3,75.0,Fondo foro,1.0,62.0,73.0,automatic,11.264925778,44.5413551902,automatic,Industriale
BO18-00,Pozzo,BO,VALSAMOGGIA,2420ER-DQ2-CCI,Conoide Samoggia - confinato inferiore,667844,4931516,68.51,99.0,,4.0,52.0,97.0,automatic,11.1119259964,44.5174425504,automatic,Irriguo
BO18-01,Pozzo,BO,VALSAMOGGIA,0150ER-DQ1-CL,Conoide Samoggia - libero,666872,4930794,75.0,100.0,,,,,automatic,11.0994705052,44.511172418,automatic,Irriguo
BO19-00,Pozzo,BO,VALSAMOGGIA,2420ER-DQ2-CCI,Conoide Samoggia - confinato inferiore,672674,4932138,49.16,85.0,,2.0,55.0,83.3,automatic,11.1728654644,44.5218985521,automatic,Irriguo
BO20-00,Pozzo,BO,BOLOGNA,0160ER-DQ1-CL,Conoide Reno-Lavino - libero,680192,4931629,47.43,131.0,,3.0,65.0,125.0,automatic,11.2672193216,44.5154813511,automatic,Industriale
BO20-01,Pozzo,BO,BOLOGNA,2442ER-DQ2-CCI,Conoide Reno-Lavino - confinato inferiore,681784,4931646,42.0,344.0,,12.0,143.4,324.0,automatic,11.2872404168,44.5152350062,automatic,Acquedottistico
BO23-00,Pozzo,BO,BENTIVOGLIO,2700ER-DQ2-PACI,Pianura Alluvionale - confinato inferiore,691580,4946084,13.44,391.0,,3.0,323.0,382.4,automatic,11.4157638807,44.6425650838,automatic,Non in uso
BO23-01,Pozzo,BO,BENTIVOGLIO,0610ER-DQ2-PACS,Pianura Alluvionale Appenninica - confinato superiore,692260,4944161,15.85,115.0,,,,,automatic,11.4236104084,44.6250871438,automatic,Industriale
BO24-01,Pozzo,BO,SALA BOLOGNESE,0610ER-DQ2-PACS,Pianura Alluvionale Appenninica - confinato superiore,682073,4942667,24.6,100.0,,,,,automatic,11.2947699689,44.6143004117,automatic,Irriguo
BO25-03,Pozzo,BO,ARGELATO,0610ER-DQ2-PACS,Pianura Alluvionale Appenninica - confinato superiore,687588,4942301,23.4,133.0,Fondo foro,1.0,122.3,132.6,automatic,11.3640869249,44.6095909737,automatic,Antincendio
BO26-00,Pozzo,BO,GRANAROLO DELL'EMILIA,0610ER-DQ2-PACS,Pianura Alluvionale Appenninica - confinato superiore,692735,4938114,24.33,140.0,Fondo foro,1.0,125.0,132.0,automatic,11.4273260914,44.5705704331,automatic,Industriale
BO27-00,Pozzo,BO,CALDERARA DI RENO,0442ER-DQ2-CCS,Conoide Reno-Lavino - confinato superiore,683070,4935411,30.58,450.94,,11.0,100.01,429.53,automatic,11.3047441556,44.548777516,automatic,Civile
BO28-00,Pozzo,BO,CASTEL MAGGIORE,0610ER-DQ2-PACS,Pianura Alluvionale Appenninica - confinato superiore,688501,4936637,28.8,67.0,Fondo foro,1.0,58.0,67.0,automatic,11.3735081436,44.5584055091,automatic,Industriale
BO29-00,Pozzo,BO,GRANAROLO DELL'EMILIA,2700ER-DQ2-PACI,Pianura Alluvionale - confinato inferiore,693713,4936362,26.64,231.35,,2.0,120.0,231.35,automatic,11.4389731704,44.5545498067,automatic,Irriguo
BO30-00,Pozzo,BO,BOLOGNA,2442ER-DQ2-CCI,Conoide Reno-Lavino - confinato inferiore,682893,4931879,39.82,351.93,,10.0,156.0,334.0,automatic,11.3012654262,44.517050733,automatic,Non in uso
BO30-01,Pozzo,BO,BOLOGNA,2442ER-DQ2-CCI,Conoide Reno-Lavino - confinato inferiore,682915,4931988,40.84,350.0,,11.0,101.0,323.5,automatic,11.301580638,44.5180256571,automatic,Civile
BO32-00,Pozzo,BO,BOLOGNA,0462ER-DQ2-CCS,Conoide Savena - confinato superiore,690256,4932321,41.1,211.0,,4.0,95.5,203.3,automatic,11.3939948817,44.5191228057,automatic,Industriale
BO33-00,Pozzo,BO,GRANAROLO DELL'EMILIA,0462ER-DQ2-CCS,Conoide Savena - confinato superiore,692966,4932801,39.98,375.0,,9.0,84.09,354.11,automatic,11.4282440206,44.5227205929,automatic,Industriale
BO36-01,Pozzo,BO,BUDRIO,0610ER-DQ2-PACS,Pianura Alluvionale Appenninica - confinato superiore,704526,4940673,16.2,516.0,,,,,automatic,11.576695009,44.5903334755,automatic,Irriguo
BO37-00,Pozzo,BO,BUDRIO,2700ER-DQ2-PACI,Pianura Alluvionale - confinato inferiore,697601,4937796,21.46,165.0,,,,,automatic,11.4884301462,44.5663918779,automatic,Irriguo
BO38-00,Pozzo,BO,BUDRIO,2700ER-DQ2-PACI,Pianura Alluvionale - confinato inferiore,701070,4934896,23.64,475.0,,2.0,389.0,474.0,automatic,11.5309424591,44.5393499172,automatic,Civile
BO40-02,Pozzo,BO,MOLINELLA,2700ER-DQ2-PACI,Pianura Alluvionale - confinato inferiore,712284,4945264,7.74,176.0,,1.0,137.0,159.0,automatic,11.6762255385,44.6293730631,automatic,Industriale
BO41-00,Pozzo,BO,MEDICINA,2700ER-DQ2-PACI,Pianura Alluvionale - confinato inferiore,713599,4938274,10.9,500.0,Fondo foro,1.0,477.0,500.0,automatic,11.6898816426,44.5661251506,automatic,Irriguo
BO43-01,Pozzo,BO,MOLINELLA,2700ER-DQ2-PACI,Pianura Alluvionale - confinato inferiore,708368,4936856,10.67,190.0,,,,,automatic,11.6235030725,44.5549047773,automatic,Irriguo
BO44-00,Pozzo,BO,MEDICINA,2700ER-DQ2-PACI,Pianura Alluvionale - confinato inferiore,716532,4931281,7.9,440.0,,3.0,230.0,410.0,automatic,11.7238409064,44.5023653216,automatic,Irriguo
BO47-01,Pozzo,BO,BOLOGNA,0160ER-DQ1-CL,Conoide Reno-Lavino - libero,680182,4929208,53.8,110.0,Fondo foro,1.0,89.0,108.0,automatic,11.2662492432,44.4937053672,automatic,Irriguo
BO50-00,Pozzo,BO,BOLOGNA,2462ER-DQ2-CCI,Conoide Savena - confinato inferiore,689421,4928818,55.23,269.58,,9.0,78.54,249.97,automatic,11.3822128744,44.4878332994,automatic,Civile
BO50-01,Pozzo,BO,BOLOGNA,2462ER-DQ2-CCI,Conoide Savena - confinato inferiore,689537,4928883,55.23,272.01,,11.0,80.0,256.0,automatic,11.3836942932,44.4883875425,automatic,Civile
BO50-02,Pozzo,BO,BOLOGNA,2462ER-DQ2-CCI,Conoide Savena - confinato inferiore,689316,4928818,55.23,276.77,,11.0,84.0,261.5,automatic,11.3808934992,44.4878608255,automatic,Acquedottistico
BO52-00,Pozzo,BO,BOLOGNA,0170ER-DQ1-CL,Conoide Savena - libero,689193,4925716,73.26,14.0,,,,,automatic,11.3782138151,44.4599905973,automatic,Irriguo
BO53-02,Pozzo,BO,SAN LAZZARO DI SAVENA,0470ER-DQ2-CCS,Conoide Zena-Idice - confinato superiore,692897,4926261,66.0,70.0,,,,,automatic,11.4249361724,44.4639140651,automatic,Antincendio
BO53-03,Pozzo,BO,SAN LAZZARO DI SAVENA,2470ER-DQ2-CCI,Conoide Zena-Idice - confinato inferiore,692456,4927345,55.0,93.0,,1.0,56.5,61.3,automatic,11.4198002693,44.4737818802,automatic,Irriguo
BO55-01,Pozzo,BO,CASTENASO,0470ER-DQ2-CCS,Conoide Zena-Idice - confinato superiore,696514,4928048,47.5,84.0,,,,,automatic,11.4710428538,44.479012932,automatic,Domestico
BO55-02,Pozzo,BO,SAN LAZZARO DI SAVENA,0470ER-DQ2-CCS,Conoide Zena-Idice - confinato superiore,695621,4927462,54.6,87.0,,,,,automatic,11.4596026938,44.4739844928,automatic,Irriguo
BO56-01,Pozzo,BO,SAN LAZZARO DI SAVENA,2470ER-DQ2-CCI,Conoide Zena-Idice - confinato inferiore,695449,4925917,52.42,203.04,,5.0,80.5,185.45,automatic,11.4568587358,44.4601345587,automatic,Civile
BO57-01,Pozzo,BO,OZZANO DELL'EMILIA,2470ER-DQ2-CCI,Conoide Zena-Idice - confinato inferiore,696479,4924615,61.4,81.0,,2.0,45.0,81.0,automatic,11.469300406,44.4481446825,automatic,Irriguo
BO58-00,Pozzo,BO,CASTEL SAN PIETRO TERME,2700ER-DQ2-PACI,Pianura Alluvionale - confinato inferiore,704957,4925609,37.4,453.0,,2.0,354.0,444.39,automatic,11.5761381681,44.4547320841,automatic,Industriale
BO60-00,Pozzo,BO,CASTEL SAN PIETRO TERME,0660ER-DET1-CMSG,Conoidi montane e Sabbie gialle orientali,704907,4919915,75.5,136.0,,4.0,36.4,131.3,automatic,11.5732609892,44.4035359609,automatic,Non in uso
BO61-00,Pozzo,BO,CASTEL SAN PIETRO TERME,2492ER-DQ2-CCI,Conoide Sillaro-Sellustra - confinato inferiore,706826,4919601,59.65,101.0,,6.0,73.3,95.72,automatic,11.597210628,44.4001666971,automatic,Irriguo
BO62-01,Pozzo,BO,MEDICINA,2700ER-DQ2-PACI,Pianura Alluvionale - confinato inferiore,710530,4929431,19.9,259.0,,2.0,177.0,245.0,automatic,11.6476673533,44.4875031131,automatic,Industriale
BO65-00,Pozzo,BO,IMOLA,2700ER-DQ2-PACI,Pianura Alluvionale - confinato inferiore,717206,4926821,17.34,235.0,Fondo foro,1.0,221.0,235.0,automatic,11.7304371463,44.462056332,automatic,Industriale
BO66-00,Pozzo,BO,DOZZA,2492ER-DQ2-CCI,Conoide Sillaro-Sellustra - confinato inferiore,710921,4920769,43.2,190.0,,2.0,96.0,189.0,automatic,11.6490536894,44.4094903966,automatic,Non in uso
BO67-02,Pozzo,BO,IMOLA,0510ER-DQ2-CCS,Conoide Santerno - confinato superiore,718087,4921334,23.4,59.0,Fondo foro,1.0,54.0,58.0,automatic,11.7391915165,44.4124492749,automatic,Irriguo
BO68-00,Pozzo,BO,DOZZA,2492ER-DQ2-CCI,Conoide Sillaro-Sellustra - confinato inferiore,709768,4918965,59.7,196.4,Fondo foro,1.0,188.9,196.4,automatic,11.633859389,44.3936012162,automatic,Civile
BO69-00,Pozzo,BO,IMOLA,2510ER-DQ2-CCI,Conoide Santerno - confinato inferiore,717196,4917436,33.2,101.0,,4.0,53.0,98.9,automatic,11.726383847,44.3776635755,automatic,Acquedottistico
BO70-01,Pozzo,BO,DOZZA,2492ER-DQ2-CCI,Conoide Sillaro-Sellustra - confinato inferiore,710050,4918123,67.0,201.0,,4.0,93.0,180.0,automatic,11.6370562024,44.3859471497,automatic,Civile
BO71-01,Pozzo,BO,IMOLA,0210ER-DQ1-CL,Conoide Santerno - libero,715791,4916868,42.0,97.0,,2.0,54.0,97.0,automatic,11.7085314008,44.3729750868,automatic,Acquedottistico
BO72-00,Pozzo,BO,IMOLA,2510ER-DQ2-CCI,Conoide Santerno - confinato inferiore,720981,4915871,31.2,62.0,,4.0,47.0,61.0,automatic,11.7731761016,44.3624470667,automatic,Civile
BO73-00,Pozzo,BO,IMOLA,0660ER-DET1-CMSG,Conoidi montane e Sabbie gialle orientali,719825,4912888,58.8,97.0,,,,,automatic,11.7574268555,44.3359735597,automatic,Irriguo
BO75-00,Pozzo,BO,CASTENASO,0470ER-DQ2-CCS,Conoide Zena-Idice - confinato superiore,692566,4929401,49.17,104.0,,6.0,52.5,97.5,automatic,11.4219475515,44.4922456661,automatic,Industriale
BO75-01,Pozzo,BO,CASTENASO,0470ER-DQ2-CCS,Conoide Zena-Idice - confinato superiore,693061,4929852,48.0,46.0,,,,,automatic,11.4283361619,44.4961700989,automatic,Irriguo
BO77-01,Pozzo,BO,VALSAMOGGIA,0420ER-DQ2-CCS,Conoide Samoggia - confinato superiore,671263,4931041,60.0,100.0,,,,,automatic,11.1547586171,44.5123659233,automatic,Irriguo
BO78-01,Pozzo,BO,BOLOGNA,2700ER-DQ2-PACI,Pianura Alluvionale - confinato inferiore,689825,4933567,37.46,450.63,,9.0,135.0,420.45,automatic,11.3890345806,44.5304438914,automatic,Industriale
BO79-00,Pozzo,BO,IMOLA,2700ER-DQ2-PACI,Pianura Alluvionale - confinato inferiore,721626,4928881,8.0,459.0,,9.0,165.25,454.55,automatic,11.7868170599,44.4792388558,automatic,Irriguo
BO82-01,Pozzo,BO,CREVALCORE,0620ER-DQ2-TPAPCS,Transizione Pianura Appenninica-Padana - confinato superiore,680090,4962867,16.0,85.0,,,,,automatic,11.2769121939,44.7965046849,automatic,Irriguo
BO83-00,Pozzo,BO,GALLIERA,2700ER-DQ2-PACI,Pianura Alluvionale - confinato inferiore,690975,4958871,13.77,190.0,,,,,automatic,11.4129166974,44.7577378195,automatic,Non in uso
BO84-01,Pozzo,BO,CASTEL SAN PIETRO TERME,0492ER-DQ2-CCS,Conoide Sillaro-Sellustra - confinato superiore,706413,4922717,51.2,20.0,,,,,automatic,11.5932687025,44.4283085926,automatic,Irriguo
BO87-01,Pozzo,BO,CALDERARA DI RENO,2442ER-DQ2-CCI,Conoide Reno-Lavino - confinato inferiore,680579,4938855,25.0,0.0,,,,,automatic,11.2746162386,44.5803864231,automatic,Non in uso
BO88-02,Pozzo,BO,ZOLA PREDOSA,0160ER-DQ1-CL,Conoide Reno-Lavino - libero,676914,4928322,77.0,101.93,,3.0,29.07,99.7,automatic,11.2248737438,44.4865429365,automatic,Industriale
BO89-00,Pozzo,BO,ZOLA PREDOSA,2442ER-DQ2-CCI,Conoide Reno-Lavino - confinato inferiore,674322,4930012,73.8,226.3,,8.0,106.78,223.8,automatic,11.1928705844,44.5023765525,automatic,Industriale
BO92-00,Pozzo,BO,ANZOLA EMILIA,2420ER-DQ2-CCI,Conoide Samoggia - confinato inferiore,672582,4936972,35.72,150.0,,2.0,88.5,147.0,automatic,11.1733267224,44.5654080376,automatic,Civile
BO95-00,Pozzo,BO,BUDRIO,2700ER-DQ2-PACI,Pianura Alluvionale - confinato inferiore,702423,4935153,23.5,486.0,,3.0,246.0,476.0,automatic,11.5480573332,44.5412827717,automatic,Industriale
BO99-00,Pozzo,BO,GRANAROLO DELL'EMILIA,0610ER-DQ2-PACS,Pianura Alluvionale Appenninica - confinato superiore,691566,4935651,29.8,213.0,,3.0,88.82,212.75,automatic,11.4117007494,44.548728504,automatic,Civile
BOA5-00,Pozzo,BO,CASTENASO,0470ER-DQ2-CCS,Conoide Zena-Idice - confinato superiore,695616,4930400,39.01,159.0,,2.0,61.0,74.5,automatic,11.4606512623,44.5004114728,automatic,Non in uso
BOA6-01,Pozzo,BO,DOZZA,2492ER-DQ2-CCI,Conoide Sillaro-Sellustra - confinato inferiore,711138,4917725,68.4,165.0,,,,,automatic,11.6505392983,44.3820517848,automatic,Acquedottistico
BOA7-00,Pozzo,BO,MOLINELLA,2700ER-DQ2-PACI,Pianura Alluvionale - confinato inferiore,714286,4942901,7.3,190.0,,1.0,175.0,183.75,automatic,11.7004507469,44.6075297829,automatic,Industriale
BOB3-00,Pozzo,BO,CREVALCORE,0610ER-DQ2-PACS,Pianura Alluvionale Appenninica - confinato superiore,672436,4955556,15.87,100.0,,,,,automatic,11.1777391437,44.732624444,automatic,Industriale
BOB8-00,Pozzo,BO,CREVALCORE,0620ER-DQ2-TPAPCS,Transizione Pianura Appenninica-Padana - confinato superiore,670194,4959181,19.21,80.0,Fondo foro,1.0,70.0,76.0,automatic,11.1506538833,44.7657711352,automatic,Irriguo
BOE9-00,Pozzo,BO,BOLOGNA,0160ER-DQ1-CL,Conoide Reno-Lavino - libero,678075,4933190,44.9,68.0,Fondo foro,1.0,64.0,68.0,automatic,11.241141682,44.5300492804,automatic,Irriguo
BOE9-01,Pozzo,BO,BOLOGNA,0160ER-DQ1-CL,Conoide Reno-Lavino - libero,678135,4933504,41.7,70.0,,,,,automatic,11.2420046485,44.532859135,automatic,Irriguo
BO-F02-00,Pozzo,BO,SALA BOLOGNESE,9015ER-DQ1-FPF,Freatico di pianura fluviale,681965,4942653,24.2,7.5,,,,,automatic,11.2934049112,44.6142018113,automatic,Domestico
BO-F04-00,Pozzo,BO,MALALBERGO,9015ER-DQ1-FPF,Freatico di pianura fluviale,699177,4949318,12.3,7.3,,,,,automatic,11.5127261959,44.6695853263,automatic,Irriguo
BO-F07-00,Pozzo,BO,SAN GIOVANNI IN PERSICETO,9015ER-DQ1-FPF,Freatico di pianura fluviale,676768,4948948,18.1,7.0,,,,,automatic,11.2301238711,44.6721257244,automatic,Irriguo
BO-F08-00,Pozzo,BO,ARGELATO,9015ER-DQ1-FPF,Freatico di pianura fluviale,684902,4947067,21.2,6.7,,,,,automatic,11.3319816123,44.6531568435,automatic,Domestico
BO-F11-00,Pozzo,BO,MOLINELLA,9015ER-DQ1-FPF,Freatico di pianura fluviale,705857,4940727,14.3,7.2,,,,,automatic,11.5934679961,44.5904397099,automatic,Irriguo
BO-F12-00,Pozzo,BO,CASTENASO,9015ER-DQ1-FPF,Freatico di pianura fluviale,699279,4932056,31.0,6.65,,,,,automatic,11.5073234095,44.5143040328,automatic,Domestico
BO-F13-00,Pozzo,BO,CASTENASO,9015ER-DQ1-FPF,Freatico di pianura fluviale,695284,4934008,34.5,7.65,,,,,automatic,11.4578434616,44.5329531364,automatic,Domestico
BO-F15-00,Pozzo,BO,CASTEL GUELFO DI BOLOGNA,9015ER-DQ1-FPF,Freatico di pianura fluviale,711231,4923429,37.0,6.3,,,,,automatic,11.654025749,44.4333219062,automatic,Irriguo
BO-F16-00,Pozzo,BO,IMOLA,9015ER-DQ1-FPF,Freatico di pianura fluviale,715642,4923009,27.6,10.0,,,,,automatic,11.7092124411,44.4282442175,automatic,Irriguo
BO-F18-00,Pozzo,BO,MORDANO,9015ER-DQ1-FPF,Freatico di pianura fluviale,724554,4920253,19.7,7.5,,,,,automatic,11.8198537826,44.4007530321,automatic,Irriguo
BOF2-01,Pozzo,BO,CASTELLO D'ARGILE,0610ER-DQ2-PACS,Pianura Alluvionale Appenninica - confinato superiore,682666,4952366,19.2,100.0,,,,,automatic,11.3056945623,44.701394279,automatic,Industriale
BO-F21-00,Pozzo,BO,BOLOGNA,9015ER-DQ1-FPF,Freatico di pianura fluviale,678805,4934906,36.7,7.4,,,,,automatic,11.2509168933,44.5453053083,automatic,Irriguo
BOF3-00,Pozzo,BO,OZZANO DELL'EMILIA,0482ER-DQ2-CC,Conoide Quaderna - confinato,700760,4926540,39.0,80.0,,,,,automatic,11.5237977354,44.4642827891,automatic,Irriguo
BOF3-01,Pozzo,BO,OZZANO DELL'EMILIA,0482ER-DQ2-CC,Conoide Quaderna - confinato,701768,4926171,37.5,75.0,,,,,automatic,11.5363134152,44.4606834153,automatic,Irriguo
BOF6-00,Pozzo,BO,ZOLA PREDOSA,0160ER-DQ1-CL,Conoide Reno-Lavino - libero,677832,4929734,64.5,131.9,,,90.3,130.85,automatic,11.2368955317,44.4990196804,automatic,Industriale
BOF7-00,Piezometro,BO,BENTIVOGLIO,0610ER-DQ2-PACS,Pianura Alluvionale Appenninica - confinato superiore,691203,4942161,18.7,80.0,,2.0,41.0,74.0,automatic,11.4095532775,44.6073799188,automatic,Monitoraggio
BOF8-00,Piezometro,BO,BOLOGNA,0442ER-DQ2-CCS,Conoide Reno-Lavino - confinato superiore,682966,4931939,39.19,60.0,Fondo foro,1.0,50.0,60.0,automatic,11.3022044794,44.5175719521,automatic,Monitoraggio
BOF9-00,Piezometro,BO,CASTELLO D'ARGILE,0610ER-DQ2-PACS,Pianura Alluvionale Appenninica - confinato superiore,680802,4950302,19.0,200.0,,1.0,100.0,130.0,automatic,11.2814555925,44.6833005099,automatic,Monitoraggio
BOG0-00,Piezometro,BO,IMOLA,0210ER-DQ1-CL,Conoide Santerno - libero,718555,4915467,36.5,183.5,Fondo foro,1.0,154.0,183.5,automatic,11.7425965237,44.3595488655,automatic,Monitoraggio
BOH0-00,Pozzo,BO,SAN LAZZARO DI SAVENA,0192ER-DQ1-CL,Conoide Zena-Idice - libero,692784,4924110,79.0,51.0,,,,,automatic,11.4227163668,44.4445965484,automatic,Irriguo
BOH1-00,Pozzo,BO,S. LAZZARO,0192ER-DQ1-CL,Conoide Zena-Idice - libero,694780,4924511,71.0,100.0,,,,,automatic,11.4479281627,44.4476687338,automatic,Irriguo
BOH2-00,Pozzo,BO,DOZZA,0660ER-DET1-CMSG,Conoidi montane e Sabbie gialle orientali,709871,4917220,76.0,16.0,,,,,automatic,11.6344468618,44.3778779758,automatic,Irriguo
BOH2-01,Pozzo,BO,DOZZA,0660ER-DET1-CMSG,Conoidi montane e Sabbie gialle orientali,709980,4917172,76.0,15.0,,,,,automatic,11.635794288,44.37741474,automatic,Irriguo
BOK1-00,Pozzo,BO,CASTEL S. PIETRO TERME,0200ER-DQ1-CL,Conoide Sillaro - libero,706731,4917663,84.5,14.0,,,,,automatic,11.5952479988,44.3827641381,automatic,Domestico
BOK2-00,Pozzo,BO,CASTEL S. PIETRO TERME,0200ER-DQ1-CL,Conoide Sillaro - libero,708077,4920226,59.5,80.0,,,,,automatic,11.6131541996,44.4054294747,automatic,Irriguo
BOK3-00,Pozzo,BO,VALSAMOGGIA,0420ER-DQ2-CCS,Conoide Samoggia - confinato superiore,672484,4936180,37.0,30.0,Fondo foro,1.0,20.0,25.0,automatic,11.1718282782,44.5583065646,automatic,Irriguo
BOK5-00,Pozzo,BO,MEDICINA,0492ER-DQ2-CCS,Conoide Sillaro-Sellustra - confinato superiore,709366,4927310,28.0,28.0,,,,,automatic,11.6321857961,44.4687667461,automatic,Irriguo
BOK9-00,Pozzo,BO,MINERBIO,0610ER-DQ2-PACS,Pianura Alluvionale Appenninica - confinato superiore,696947,4942912,18.0,87.0,,2.0,75.0,86.5,automatic,11.4821607066,44.6125848961,automatic,Irriguo
FC01-00,Pozzo,FC,FORLI',0610ER-DQ2-PACS,Pianura Alluvionale Appenninica - confinato superiore,745412,4902354,22.0,176.0,,2.0,116.4,166.0,automatic,12.073002448,44.2330780661,automatic,Acquedottistico
FC02-00,Pozzo,FC,FORLI',0540ER-DQ2-CCS,Conoide Ronco-Montone - confinato superiore,737408,4900953,39.1,30.0,,,,,automatic,11.9722794425,44.2231326848,automatic,Domestico
FC03-02,Pozzo,FC,FORLI',2540ER-DQ2-CCI,Conoide Ronco-Montone - confinato inferiore,742205,4898227,41.0,44.0,Fondo foro,1.0,38.0,44.0,automatic,12.0309955849,44.1970468052,automatic,Industriale
FC04-00,Pozzo,FC,FORLIMPOPOLI,0540ER-DQ2-CCS,Conoide Ronco-Montone - confinato superiore,749779,4897241,31.0,41.9,,,,,automatic,12.125171307,44.1856301204,automatic,Non in uso
FC06-02,Pozzo,FC,CESENA,0550ER-DQ2-CCS,Conoide Savio - confinato superiore,757142,4894783,33.5,131.5,,4.0,52.5,122.4,automatic,12.2159511749,44.1609792015,automatic,Acquedottistico
FC06-03,Pozzo,FC,CESENA,0550ER-DQ2-CCS,Conoide Savio - confinato superiore,757656,4894146,35.0,71.0,Fondo foro,1.0,60.27,66.07,automatic,12.2220575163,44.1550721632,automatic,Acquedottistico
FC07-02,Pozzo,FC,GAMBETTOLA,0610ER-DQ2-PACS,Pianura Alluvionale Appenninica - confinato superiore,769221,4889764,20.7,40.0,Fondo foro,1.0,36.0,40.0,automatic,12.3641998199,44.1115200129,automatic,Irriguo
FC12-00,Pozzo,FC,FORLI',2700ER-DQ2-PACI,Pianura Alluvionale - confinato inferiore,745334,4908329,17.03,200.0,Fondo foro,1.0,199.0,200.0,automatic,12.0748280839,44.2868203251,automatic,Non in uso
FC13-00,Pozzo,FC,FORLI',2700ER-DQ2-PACI,Pianura Alluvionale - confinato inferiore,742537,4904150,23.46,150.0,Fondo foro,1.0,149.0,150.0,automatic,12.0378842856,44.2501872384,automatic,Non in uso
FC14-02,Pozzo,FC,FORLI',2700ER-DQ2-PACI,Pianura Alluvionale - confinato inferiore,748563,4900097,24.5,170.3,Fondo foro,1.0,156.9,160.3,automatic,12.1113314502,44.2117202824,automatic,Acquedottistico
FC16-01,Pozzo,FC,SAVIGNANO SUL RUBICONE,0610ER-DQ2-PACS,Pianura Alluvionale Appenninica - confinato superiore,775163,4896146,1.0,218.0,,2.0,90.0,218.0,automatic,12.4416542758,44.1666660999,automatic,Irriguo
FC18-00,Pozzo,FC,CESENATICO,0610ER-DQ2-PACS,Pianura Alluvionale Appenninica - confinato superiore,769089,4894534,11.2,107.0,,,,,automatic,12.3649894247,44.1544401605,automatic,Non in uso
FC19-00,Pozzo,FC,FORLI',2700ER-DQ2-PACI,Pianura Alluvionale - confinato inferiore,741051,4909431,17.0,300.0,Fondo foro,1.0,278.2,282.6,automatic,12.0217314546,44.2981595488,automatic,Non in uso
FC19-02,Pozzo,FC,FORLI',0610ER-DQ2-PACS,Pianura Alluvionale Appenninica - confinato superiore,739672,4906371,19.3,70.0,Fondo foro,1.0,65.0,70.0,automatic,12.0030652643,44.271103876,automatic,Irriguo
FC19-03,Pozzo,FC,FORLI',0610ER-DQ2-PACS,Pianura Alluvionale Appenninica - confinato superiore,741133,4907692,16.0,76.0,Fondo foro,1.0,73.0,76.0,automatic,12.0219554393,44.2824978762,automatic,Irriguo
FC20-00,Pozzo,FC,FORLI',2540ER-DQ2-CCI,Conoide Ronco-Montone - confinato inferiore,741466,4901290,29.7,108.5,Fondo foro,1.0,101.0,108.5,automatic,12.0231700578,44.2248299843,automatic,Acquedottistico
FC22-00,Pozzo,FC,FORLI',0610ER-DQ2-PACS,Pianura Alluvionale Appenninica - confinato superiore,749384,4904116,19.7,200.0,,,,,automatic,12.1235050955,44.2475698972,automatic,Non in uso
FC25-00,Pozzo,FC,CESENA,0550ER-DQ2-CCS,Conoide Savio - confinato superiore,765677,4896373,12.4,88.9,Fondo foro,1.0,84.0,88.0,automatic,12.3233223843,44.1722173613,automatic,Zootecnico
FC27-00,Pozzo,FC,CESENA,0550ER-DQ2-CCS,Conoide Savio - confinato superiore,759087,4897759,24.3,90.0,,,,,automatic,12.2417045709,44.1870429205,automatic,Irriguo
FC28-03,Pozzo,FC,CESENA,0270ER-DQ1-CL,Conoide Savio - libero,755996,4889685,51.6,23.0,,,,,automatic,12.199162996,44.1155544945,automatic,Industriale
FC41-00,Pozzo,FC,CESENA,0550ER-DQ2-CCS,Conoide Savio - confinato superiore,762976,4897161,14.5,30.0,,,,,automatic,12.2899856152,44.1802775363,automatic,Irriguo
FC43-00,Pozzo,FC,GATTEO,2700ER-DQ2-PACI,Pianura Alluvionale - confinato inferiore,772727,4894282,6.0,182.0,Fondo foro,1.0,171.0,182.0,automatic,12.4102731123,44.1508271193,automatic,Industriale
FC50-02,Pozzo,FC,FORLI',2700ER-DQ2-PACI,Pianura Alluvionale - confinato inferiore,745193,4901314,22.0,162.12,,1.0,140.42,154.12,automatic,12.0697776256,44.2238019543,automatic,Acquedottistico
FC52-00,Pozzo,FC,FORLI',2700ER-DQ2-PACI,Pianura Alluvionale - confinato inferiore,754245,4901885,16.0,256.0,Fondo foro,1.0,238.0,256.0,automatic,12.1832136934,44.2258348936,automatic,Industriale
FC53-00,Pozzo,FC,FORLIMPOPOLI,2540ER-DQ2-CCI,Conoide Ronco-Montone - confinato inferiore,749482,4897978,27.0,400.0,,4.0,25.0,345.0,automatic,12.1218108264,44.1923571682,automatic,Industriale
FC56-00,Pozzo,FC,CESENA,0550ER-DQ2-CCS,Conoide Savio - confinato superiore,760890,4901578,12.0,89.0,,,,,automatic,12.2661256847,44.2207281556,automatic,Irriguo
FC57-03,Pozzo,FC,GAMBETTOLA,0565ER-DQ2-CCS,Conoide Pisciatello-Rubicone-Uso - confinato superiore,765900,4890320,32.0,50.0,Fondo foro,1.0,31.4,45.2,automatic,12.3230503577,44.1177312492,automatic,Industriale
FC70-00,Pozzo,FC,SAN MAURO PASCOLI,0590ER-DQ2-CCS,Conoide Marecchia - confinato superiore,775377,4889943,15.0,40.0,,,,,automatic,12.4410830575,44.1108390354,automatic,Irriguo
FC71-00,Piezometro,FC,FORLI',2540ER-DQ2-CCI,Conoide Ronco-Montone - confinato inferiore,741252,4901195,30.0,141.5,Fondo foro,1.0,132.5,141.5,automatic,12.020450746,44.224046716,automatic,Monitoraggio
FC73-00,Piezometro,FC,FORLI',2540ER-DQ2-CCI,Conoide Ronco-Montone - confinato inferiore,744374,4897325,35.0,56.0,Fondo foro,1.0,38.0,50.0,automatic,12.0576809451,44.188214456,automatic,Monitoraggio
FC77-00,Piezometro,FC,FORLI',2700ER-DQ2-PACI,Pianura Alluvionale - confinato inferiore,751113,4901473,20.0,128.0,Fondo foro,1.0,120.0,128.0,automatic,12.1438618501,44.2232166174,automatic,Monitoraggio
FC79-01,Pozzo,FC,BERTINORO,0610ER-DQ2-PACS,Pianura Alluvionale Appenninica - confinato superiore,754406,4899487,27.0,70.0,,1.0,24.0,27.0,automatic,12.184063425,44.2042225348,automatic,Irriguo
FC80-02,Pozzo,FC,CESENA,0550ER-DQ2-CCS,Conoide Savio - confinato superiore,757412,4895571,29.0,83.0,Fondo foro,1.0,76.0,78.0,automatic,12.2197083038,44.1679674884,automatic,Industriale
FC80-03,Pozzo,FC,CESENA,0550ER-DQ2-CCS,Conoide Savio - confinato superiore,757312,4895953,28.0,70.0,Fondo foro,1.0,63.0,65.0,automatic,12.2186463919,44.1714365183,automatic,Industriale
FC81-03,Pozzo,FC,CESENATICO,0610ER-DQ2-PACS,Pianura Alluvionale Appenninica - confinato superiore,770077,4900261,0.3,99.0,,,,,automatic,12.3802661448,44.2055474731,automatic,Irriguo
FC81-04,Pozzo,FC,CESENATICO,0610ER-DQ2-PACS,Pianura Alluvionale Appenninica - confinato superiore,772420,4898589,2.5,105.0,,,,,automatic,12.4086722985,44.1896498569,automatic,Non in uso
FC83-00,Pozzo,FC,FORLI',2540ER-DQ2-CCI,Conoide Ronco-Montone - confinato inferiore,744553,4898760,28.0,100.0,,2.0,57.0,85.0,automatic,12.0605857705,44.2010556538,automatic,Acquedottistico
FC83-01,Pozzo,FC,FORLI,2540ER-DQ2-CCI,Conoide Ronco-Montone - confinato inferiore,744603,4898725,27.9,90.6,,2.0,56.7,86.6,automatic,12.0611943274,44.2007242342,automatic,Acquedottistico
FC85-00,Pozzo,FC,FORLIMPOPOLI,0245ER-DQ1-CL,Conoide Ronco-Montone - libero,747556,4896538,23.0,22.65,,,,,automatic,12.0970669659,44.1800672451,automatic,Non in uso
FC86-00,Pozzo,FC,FORLI',2700ER-DQ2-PACI,Pianura Alluvionale - confinato inferiore,738934,4903088,26.0,249.5,,3.0,205.4,242.0,automatic,11.9923321273,44.2418296913,automatic,Industriale
FC89-00,Pozzo,FC,FORLI',0245ER-DQ1-CL,Conoide Ronco-Montone - libero,745925,4893453,47.0,10.0,,,,,automatic,12.0752488141,44.152883409,automatic,Domestico
FC90-00,Pozzo,FC,CESENA,0270ER-DQ1-CL,Conoide Savio - libero,757886,4893264,25.0,125.0,,1.0,63.5,72.0,automatic,12.2244970654,44.1470627617,automatic,Acquedottistico
FC93-00,Pozzo,FC,FORLI',2700ER-DQ2-PACI,Pianura Alluvionale - confinato inferiore,746304,4901831,22.0,132.0,Fondo foro,1.0,120.0,129.0,automatic,12.0839101138,44.2280753883,automatic,Acquedottistico
FC94-00,Pozzo,FC,CASTROCARO TERME E TERRA DEL SOLE,5090ER-AV2-VA,Depositi vallate App. Senio-Savio,736705,4896222,55.0,13.5,,,,,automatic,11.9613563346,44.1808241737,automatic,Irriguo
FC95-00,Pozzo,FC,MELDOLA,5090ER-AV2-VA,Depositi vallate App. Senio-Savio,744829,4888543,81.0,5.0,,,,,automatic,12.0592812666,44.109108284,automatic,Domestico
FC96-00,Pozzo,FC,CESENA,5090ER-AV2-VA,Depositi vallate App. Senio-Savio,754308,4882052,73.0,5.5,,,,,automatic,12.1744255567,44.0475259079,automatic,Domestico
FC97-00,Pozzo,FC,FORLÌ,0245ER-DQ1-CL,Conoide Ronco-Montone - libero,738566,4899203,47.1,42.0,,,,,automatic,11.9859618832,44.2070206116,automatic,Irriguo
FC98-00,Pozzo,FC,FORLÌ,0245ER-DQ1-CL,Conoide Ronco-Montone - libero,741429,4895561,53.0,8.0,,,,,automatic,12.0200728562,44.1733347606,automatic,Domestico
FC99-00,Pozzo,FC,FORLÌ,0540ER-DQ2-CCS,Conoide Ronco-Montone - confinato superiore,746228,4900780,22.4,80.0,,1.0,61.5,68.5,automatic,12.0824663619,44.2186524602,automatic,Industriale
FCA0-00,Pozzo,FC,CESENA,2550ER-DQ2-CCI,Conoide Savio - confinato inferiore,757656,4894146,35.0,110.0,,1.0,73.7,98.0,automatic,12.2220575163,44.1550721632,automatic,Acquedottistico
FC-F04-00,Pozzo,FC,FORLIMPOPOLI,9015ER-DQ1-FPF,Freatico di pianura fluviale,750030,4899225,25.6,10.52,,,,,automatic,12.1292517439,44.2033798889,automatic,Domestico
FC-F06-00,Pozzo,FC,CESENA,9015ER-DQ1-FPF,Freatico di pianura fluviale,760216,4896293,27.3,8.69,,,,,automatic,12.2550822271,44.1734640279,automatic,Domestico
FC-F07-00,Pozzo,FC,GATTEO,9015ER-DQ1-FPF,Freatico di pianura fluviale,771211,4889465,21.4,9.04,,,,,automatic,12.388870295,44.1080982057,automatic,Domestico
FE01-01,Pozzo,FE,BONDENO,0630ER-DQ2-PPCS,Pianura Alluvionale Padana - confinato superiore,690795,4978495,12.5,35.0,,2.0,21.0,34.0,automatic,11.4180214421,44.9342873504,automatic,Acquedottistico
FE05-02,Pozzo,FE,FERRARA,0630ER-DQ2-PPCS,Pianura Alluvionale Padana - confinato superiore,704595,4973733,10.12,37.55,,1.0,22.0,32.05,automatic,11.5908154691,44.8876280599,automatic,Acquedottistico
FE05-03,Pozzo,FE,FERRARA,0630ER-DQ2-PPCS,Pianura Alluvionale Padana - confinato superiore,704670,4973700,10.12,34.5,,1.0,16.1,31.2,automatic,11.5917508979,44.8873097529,automatic,Acquedottistico
FE07-01,Pozzo,FE,RIVA DEL PO,0630ER-DQ2-PPCS,Pianura Alluvionale Padana - confinato superiore,718990,4981747,3.3,50.0,,1.0,23.2,46.0,automatic,11.7763656861,44.9554069643,automatic,Acquedottistico
FE09-01,Pozzo,FE,FERRARA,0640ER-DQ2-PCC,Pianura Alluvionale Costiera - confinato,714625,4970293,5.0,38.0,Fondo foro,1.0,30.0,36.0,automatic,11.7162309692,44.8537448513,automatic,Irriguo
FE12-00,Pozzo,FE,TRESIGNANA,0630ER-DQ2-PPCS,Pianura Alluvionale Padana - confinato superiore,726466,4969250,2.5,130.0,,1.0,95.0,129.0,automatic,11.8654394277,44.8407065818,automatic,Antincendio
FE13-01,Pozzo,FE,RIVA DEL PO,0630ER-DQ2-PPCS,Pianura Alluvionale Padana - confinato superiore,733775,4984419,0.72,49.0,,1.0,29.0,35.0,automatic,11.9648057241,44.9747197453,automatic,Non in uso
FE15-00,Pozzo,FE,RIVA DEL PO,0630ER-DQ2-PPCS,Pianura Alluvionale Padana - confinato superiore,743260,4982671,-2.3,26.0,,,,,automatic,12.0840835001,44.9558226276,automatic,Irriguo
FE16-00,Pozzo,FE,ARGENTA,0640ER-DQ2-PCC,Pianura Alluvionale Costiera - confinato,747705,4938463,0.12,200.0,,,,,automatic,12.1188838787,44.5569079479,automatic,Irriguo
FE18-01,Pozzo,FE,MESOLA,0640ER-DQ2-PCC,Pianura Alluvionale Costiera - confinato,755380,4973165,-1.03,170.0,,,,,automatic,12.2327052527,44.8661351389,automatic,Non in uso
FE18-02,Pozzo,FE,CODIGORO,0640ER-DQ2-PCC,Pianura Alluvionale Costiera - confinato,751375,4971717,-0.7,160.0,Fondo foro,1.0,135.0,155.0,automatic,12.1813695197,44.8545432262,automatic,Non in uso
FE19-04,Pozzo,FE,CODIGORO,0640ER-DQ2-PCC,Pianura Alluvionale Costiera - confinato,742967,4970243,-3.0,141.0,Fondo foro,1.0,120.0,138.0,automatic,12.0744091072,44.8442065256,automatic,Zootecnico
FE21-00,Pozzo,FE,GORO,0640ER-DQ2-PCC,Pianura Alluvionale Costiera - confinato,759844,4971650,-1.61,34.7,,,,,automatic,12.28834425,44.85090682,automatic,Non in uso
FE22-00,Pozzo,FE,TERRE DEL RENO,2700ER-DQ2-PACI,Pianura Alluvionale - confinato inferiore,685137,4960021,13.5,172.0,,,,,automatic,11.3396352147,44.7696160039,automatic,Industriale
FE23-00,Pozzo,FE,TERRE DEL RENO,0620ER-DQ2-TPAPCS,Transizione Pianura Appenninica-Padana - confinato superiore,690581,4964056,17.88,140.2,,3.0,72.12,140.19,automatic,11.4098833695,44.8044783245,automatic,Industriale
FE24-03,Pozzo,FE,CENTO,2700ER-DQ2-PACI,Pianura Alluvionale - confinato inferiore,682224,4955674,14.3,93.0,,,,,automatic,11.3012996223,44.73126256,automatic,Irriguo
FE30-00,Pozzo,FE,FERRARA,0620ER-DQ2-TPAPCS,Transizione Pianura Appenninica-Padana - confinato superiore,703494,4960438,10.45,102.0,Fondo foro,1.0,85.0,102.0,automatic,11.5715622258,44.7683801324,automatic,Irriguo
FE33-00,Pozzo,FE,FERRARA,0620ER-DQ2-TPAPCS,Transizione Pianura Appenninica-Padana - confinato superiore,711280,4961583,3.0,123.0,Fondo foro,1.0,98.0,123.0,automatic,11.6703243006,44.7764195707,automatic,Industriale
FE34-01,Pozzo,FE,FERRARA,0620ER-DQ2-TPAPCS,Transizione Pianura Appenninica-Padana - confinato superiore,712605,4955291,5.59,117.0,Fondo foro,1.0,96.0,116.0,automatic,11.6844303955,44.7194466191,automatic,Industriale
FE34-02,Pozzo,FE,FERRARA,0620ER-DQ2-TPAPCS,Transizione Pianura Appenninica-Padana - confinato superiore,709642,4957129,7.4,81.6,Fondo foro,1.0,58.0,81.0,automatic,11.6478130715,44.7368481911,automatic,Industriale
FE35-00,Pozzo,FE,ARGENTA,2700ER-DQ2-PACI,Pianura Alluvionale - confinato inferiore,708486,4953080,7.91,138.0,Fondo foro,1.0,133.6,138.0,automatic,11.6315758925,44.7007735677,automatic,Irriguo
FE36-01,Pozzo,FE,MASI TORELLO,0620ER-DQ2-TPAPCS,Transizione Pianura Appenninica-Padana - confinato superiore,720507,4964328,4.1,120.0,Fondo foro,1.0,105.0,120.0,automatic,11.7879963289,44.7983164416,automatic,Industriale
FE37-00,Pozzo,FE,PORTOMAGGIORE,2700ER-DQ2-PACI,Pianura Alluvionale - confinato inferiore,721344,4959241,0.43,159.0,Fondo foro,1.0,135.88,153.88,automatic,11.7963563577,44.7523177647,automatic,Industriale
FE38-00,Pozzo,FE,OSTELLATO,0620ER-DQ2-TPAPCS,Transizione Pianura Appenninica-Padana - confinato superiore,730536,4959854,0.9,88.0,Fondo foro,1.0,73.0,86.0,automatic,11.9126140538,44.7549279748,automatic,Industriale
FE39-01,Pozzo,FE,OSTELLATO,0620ER-DQ2-TPAPCS,Transizione Pianura Appenninica-Padana - confinato superiore,727496,4958786,1.0,122.0,Fondo foro,1.0,101.0,122.0,automatic,11.8737786816,44.7462982635,automatic,Irriguo
FE41-01,Pozzo,FE,MIGLIARO,0640ER-DQ2-PCC,Pianura Alluvionale Costiera - confinato,733513,4963263,4.28,36.0,Fondo foro,1.0,34.0,36.0,automatic,11.9517382272,44.7846110592,automatic,Non in uso
FE41-02,Pozzo,FE,FISCAGLIA,0640ER-DQ2-PCC,Pianura Alluvionale Costiera - confinato,734408,4965154,0.3,70.0,Fondo foro,1.0,45.0,70.0,automatic,11.9639072581,44.8013186906,automatic,Antincendio
FE45-01,Pozzo,FE,COMACCHIO,0640ER-DQ2-PCC,Pianura Alluvionale Costiera - confinato,747136,4958603,-1.6,160.0,,3.0,45.0,160.0,automatic,12.1214339153,44.7381446912,automatic,Irriguo
FE47-01,Pozzo,FE,ARGENTA,2700ER-DQ2-PACI,Pianura Alluvionale - confinato inferiore,717666,4951764,0.81,110.0,Fondo foro,1.0,96.0,110.0,automatic,11.7467588375,44.6862124471,automatic,Irriguo
FE48-00,Pozzo,FE,PORTOMAGGIORE,0640ER-DQ2-PCC,Pianura Alluvionale Costiera - confinato,727660,4948452,0.86,80.0,,,,,automatic,11.8712482237,44.6533324886,automatic,Industriale
FE49-00,Pozzo,FE,ARGENTA,0620ER-DQ2-TPAPCS,Transizione Pianura Appenninica-Padana - confinato superiore,725007,4944875,0.7,230.0,,5.0,17.0,229.0,automatic,11.8362612499,44.622006029,automatic,Industriale
FE52-00,Pozzo,FE,BONDENO,0630ER-DQ2-PPCS,Pianura Alluvionale Padana - confinato superiore,680585,4979784,8.0,36.0,,1.0,25.0,30.0,automatic,11.2891931691,44.9485473702,automatic,Industriale
FE53-00,Pozzo,FE,BONDENO,0630ER-DQ2-PPCS,Pianura Alluvionale Padana - confinato superiore,685655,4972210,8.2,30.0,,,,,automatic,11.3506294875,44.8791173165,automatic,Irriguo
FE54-01,Pozzo,FE,LAGOSANTO,0640ER-DQ2-PCC,Pianura Alluvionale Costiera - confinato,747977,4959578,-1.0,90.0,Fondo foro,1.0,83.0,90.0,automatic,12.1325139914,44.7466181656,automatic,Industriale
FE54-02,Pozzo,FE,LAGOSANTO,0640ER-DQ2-PCC,Pianura Alluvionale Costiera - confinato,748261,4961674,0.4,90.0,,,,,automatic,12.1371164166,44.7653602908,automatic,Irriguo
FE56-00,Pozzo,FE,FERRARA,0630ER-DQ2-PPCS,Pianura Alluvionale Padana - confinato superiore,702655,4970438,7.0,60.0,Fondo foro,1.0,42.0,60.0,automatic,11.5649562668,44.8585503125,automatic,Domestico
FE58-01,Piezometro,FE,FERRARA,0640ER-DQ2-PCC,Pianura Alluvionale Costiera - confinato,705549,4971137,6.0,47.0,,,,,automatic,11.601830757,44.8640080889,automatic,Monitoraggio
FE58-02,Pozzo,FE,FERRARA,0640ER-DQ2-PCC,Pianura Alluvionale Costiera - confinato,705536,4971213,6.0,45.0,,1.0,26.0,42.0,automatic,11.6016971779,44.8646952927,automatic,Industriale
FE59-01,Pozzo,FE,FERRARA,2700ER-DQ2-PACI,Pianura Alluvionale - confinato inferiore,708187,4967809,6.0,140.0,Fondo foro,1.0,126.0,140.0,automatic,11.6338222099,44.8333152616,automatic,Civile
FE60-00,Pozzo,FE,FERRARA,0630ER-DQ2-PPCS,Pianura Alluvionale Padana - confinato superiore,705138,4965716,7.2,42.0,,,,,automatic,11.5944434713,44.8153757795,automatic,Antincendio
FE61-01,Pozzo,FE,FERRARA,0630ER-DQ2-PPCS,Pianura Alluvionale Padana - confinato superiore,714115,4976957,3.8,38.0,,,,,automatic,11.7126004012,44.9138209254,automatic,Civile
FE63-00,Pozzo,FE,CENTO,0620ER-DQ2-TPAPCS,Transizione Pianura Appenninica-Padana - confinato superiore,678700,4954402,18.99,101.0,,,,,automatic,11.2563848758,44.7207083324,automatic,Domestico
FE64-00,Pozzo,FE,RIVA DEL PO,0630ER-DQ2-PPCS,Pianura Alluvionale Padana - confinato superiore,727936,4983760,2.5,70.0,,,,,automatic,11.8905513913,44.9706926375,automatic,Industriale
FE65-00,Pozzo,FE,JOLANDA DI SAVOIA,0640ER-DQ2-PCC,Pianura Alluvionale Costiera - confinato,735836,4974726,-2.6,36.0,,,,,automatic,11.9863853665,44.8869006502,automatic,Antincendio
FE69-00,Pozzo,FE,OSTELLATO,0640ER-DQ2-PCC,Pianura Alluvionale Costiera - confinato,745041,4953044,-1.09,145.0,Fondo foro,1.0,128.0,145.0,automatic,12.0923469416,44.6888933173,automatic,Industriale
FE70-00,Piezometro,FE,COMACCHIO,9020ER-DQ1-FPC,Freatico di pianura costiero,757807,4948325,2.77,2.4,,,,,automatic,12.2508238861,44.642006154,automatic,Monitoraggio
FE71-00,Piezometro,FE,COMACCHIO,9020ER-DQ1-FPC,Freatico di pianura costiero,757488,4963960,0.77,1.6,,,,,automatic,12.2546828462,44.7826458958,automatic,Monitoraggio
FE72-00,Pozzo,FE,CENTO,2700ER-DQ2-PACI,Pianura Alluvionale - confinato inferiore,682383,4958363,13.0,194.0,,2.0,170.0,194.0,automatic,11.3042671419,44.755409767,automatic,Industriale
FE73-00,Pozzo,FE,FERRARA,0620ER-DQ2-TPAPCS,Transizione Pianura Appenninica-Padana - confinato superiore,705664,4957355,10.0,126.0,,2.0,55.0,126.0,automatic,11.5977133701,44.7400340363,automatic,Industriale
FE74-00,Pozzo,FE,ARGENTA,0640ER-DQ2-PCC,Pianura Alluvionale Costiera - confinato,744292,4943212,-1.9,86.0,,,,,automatic,12.0782263219,44.600764386,automatic,Irriguo
FE75-00,Pozzo,FE,COPPARO,0640ER-DQ2-PCC,Pianura Alluvionale Costiera - confinato,723796,4971332,1.85,30.0,,,,,automatic,11.8326159589,44.8602684451,automatic,Industriale
FE77-00,Pozzo,FE,VIGARANO MAINARDA,0630ER-DQ2-PPCS,Pianura Alluvionale Padana - confinato superiore,697179,4968963,10.4,97.0,,,,,automatic,11.4951412216,44.8468198554,automatic,Irriguo
FE78-00,Pozzo,FE,BONDENO,2700ER-DQ2-PACI,Pianura Alluvionale - confinato inferiore,690480,4973681,9.8,63.0,,,,,automatic,11.4122199034,44.8910743316,automatic,Antincendio
FE78-01,Pozzo,FE,BONDENO,0630ER-DQ2-PPCS,Pianura Alluvionale Padana - confinato superiore,689953,4972978,8.9,34.0,Fondo foro,1.0,24.0,34.0,automatic,11.4052882367,44.8848921655,automatic,Irriguo
FE80-00,Piezometro,FE,BONDENO,0630ER-DQ2-PPCS,Pianura Alluvionale Padana - confinato superiore,679931,4979526,9.0,40.0,,1.0,7.0,40.0,automatic,11.2808173432,44.9463925278,automatic,Monitoraggio
FE81-00,Piezometro,FE,BONDENO,0630ER-DQ2-PPCS,Pianura Alluvionale Padana - confinato superiore,682819,4978747,8.4,40.0,,1.0,12.0,33.0,automatic,11.3171140894,44.9386489279,automatic,Monitoraggio
FE82-00,Pozzo,FE,ARGENTA,0620ER-DQ2-TPAPCS,Transizione Pianura Appenninica-Padana - confinato superiore,714812,4954000,4.4,85.0,Fondo foro,1.0,73.0,85.0,automatic,11.7117232327,44.7071794407,automatic,Irriguo
FE-F01-00,Pozzo,FE,BONDENO,9015ER-DQ1-FPF,Freatico di pianura fluviale,687196,4974399,8.3,4.9,,,,,automatic,11.3709330541,44.8984028955,automatic,Irriguo
FE-F01-01,Pozzo,FE,BONDENO,9015ER-DQ1-FPF,Freatico di pianura fluviale,682120,4979446,8.8,4.65,,,,,automatic,11.3085139991,44.9451155797,automatic,Irriguo
FE-F03-00,Pozzo,FE,FERRARA,9015ER-DQ1-FPF,Freatico di pianura fluviale,700188,4974344,6.3,5.5,,,,,automatic,11.5353057741,44.894374923,automatic,Domestico
FE-F04-00,Pozzo,FE,TERRE DEL RENO,9015ER-DQ1-FPF,Freatico di pianura fluviale,686995,4961580,13.2,7.94,,,,,automatic,11.3636678096,44.7831553156,automatic,Irriguo
FE-F04-01,Pozzo,FE,TERRE DEL RENO,9015ER-DQ1-FPF,Freatico di pianura fluviale,686434,4961020,14.0,9.2,,,,,automatic,11.3563776101,44.7782648136,automatic,Domestico
FE-F09-00,Pozzo,FE,VOGHIERA,9015ER-DQ1-FPF,Freatico di pianura fluviale,717485,4959398,3.9,3.2,,,,,automatic,11.7477269621,44.7549123691,automatic,Domestico
FE-F13-00,Pozzo,FE,COPPARO,9015ER-DQ1-FPF,Freatico di pianura fluviale,726662,4978146,1.5,4.69,,,,,automatic,11.8718957706,44.920626572,automatic,Domestico
FE-F15-00,Pozzo,FE,RIVA DEL PO,9015ER-DQ1-FPF,Freatico di pianura fluviale,717844,4981133,4.4,3.68,,,,,automatic,11.7615885913,44.9502383103,automatic,Domestico
FE-F21-00,Pozzo,FE,COMACCHIO,9020ER-DQ1-FPC,Freatico di pianura costiero,755130,4956058,1.15,2.14,,,,,automatic,12.220973831,44.7124672994,automatic,Domestico
FE-F22-00,Piezometro,FE,LAGOSANTO,9020ER-DQ1-FPC,Freatico di pianura costiero,747369,4959658,-0.5,5.34,,,,,automatic,12.1248837646,44.7475475789,automatic,Domestico
FE-F24-00,Pozzo,FE,MESOLA,9020ER-DQ1-FPC,Freatico di pianura costiero,757112,4970216,-0.1,2.59,,,,,automatic,12.2531003719,44.8390082798,automatic,Zootecnico
FE-F26-00,Pozzo,FE,FISCAGLIA,9015ER-DQ1-FPF,Freatico di pianura fluviale,735355,4964826,1.0,3.75,,,,,automatic,11.9757135353,44.7980587017,automatic,Domestico
FE-F28-00,Piezometro,FE,MESOLA,9020ER-DQ1-FPC,Freatico di pianura costiero,757087,4970252,-0.1,16.4,,1.0,1.0,16.4,automatic,12.2528027937,44.8393408401,automatic,Monitoraggio
FE-F29-00,Piezometro,FE,MESOLA,9020ER-DQ1-FPC,Freatico di pianura costiero,754913,4974386,0.3,12.5,,1.0,1.0,12.5,automatic,12.2274170738,44.8772763696,automatic,Monitoraggio
FE-F30-00,Piezometro,FE,COMACCHIO,9020ER-DQ1-FPC,Freatico di pianura costiero,757442,4963877,0.7,11.7,,1.0,1.0,11.7,automatic,12.2540603866,44.7819164739,automatic,Monitoraggio
FE-F31-00,Piezometro,FE,COMACCHIO,9020ER-DQ1-FPC,Freatico di pianura costiero,751608,4965796,-1.1,11.9,,1.0,1.0,11.9,automatic,12.1813819825,44.801241425,automatic,Monitoraggio
FE-F32-00,Piezometro,FE,COMACCHIO,9020ER-DQ1-FPC,Freatico di pianura costiero,755256,4957683,-0.2,16.0,,1.0,1.0,16.0,automatic,12.2233737428,44.7270281235,automatic,Monitoraggio
FE-F33-00,Piezometro,FE,COMACCHIO,9020ER-DQ1-FPC,Freatico di pianura costiero,748044,4957253,-0.7,9.9,,1.0,1.0,9.9,automatic,12.1322295601,44.7256958411,automatic,Monitoraggio
FE-F34-00,Piezometro,FE,COMACCHIO,9020ER-DQ1-FPC,Freatico di pianura costiero,757563,4948710,1.81,8.8,,1.0,1.0,8.8,automatic,12.2479453715,44.6455540229,automatic,Monitoraggio
MO03-01,Pozzo,MO,MIRANDOLA,0630ER-DQ2-PPCS,Pianura Alluvionale Padana - confinato superiore,665202,4973006,15.0,34.0,,,,,automatic,11.0921112651,44.8913138282,automatic,Irriguo
MO03-02,Pozzo,MO,MIRANDOLA,0630ER-DQ2-PPCS,Pianura Alluvionale Padana - confinato superiore,664231,4973480,14.0,45.0,Fondo foro,1.0,35.0,45.0,automatic,11.0799764543,44.8958025554,automatic,Domestico
MO07-01,Pozzo,MO,NOVI DI MODENA,0630ER-DQ2-PPCS,Pianura Alluvionale Padana - confinato superiore,652382,4966843,20.3,60.0,,,,,automatic,10.9280027716,44.8387233858,automatic,Domestico
MO08-00,Pozzo,MO,CAMPOSANTO,0620ER-DQ2-TPAPCS,Transizione Pianura Appenninica-Padana - confinato superiore,667234,4965144,16.81,256.0,,7.0,49.3,243.6,automatic,11.1152350247,44.8201130561,automatic,Industriale
MO10-01,Pozzo,MO,CARPI,0610ER-DQ2-PACS,Pianura Alluvionale Appenninica - confinato superiore,647863,4961224,27.1,120.0,,,,,automatic,10.8692228903,44.7891176601,automatic,Irriguo
MO11-00,Pozzo,MO,BOMPORTO,0610ER-DQ2-PACS,Pianura Alluvionale Appenninica - confinato superiore,658816,4957800,25.52,143.0,Fondo foro,1.0,137.0,143.0,automatic,11.0065368958,44.7559631426,automatic,Irriguo
MO12-01,Pozzo,MO,BOMPORTO,0610ER-DQ2-PACS,Pianura Alluvionale Appenninica - confinato superiore,661295,4954293,25.0,120.0,Fondo foro,1.0,117.0,120.0,automatic,11.0367293967,44.7238574757,automatic,Industriale
MO13-01,Pozzo,MO,CAMPOGALLIANO,0390ER-DQ2-CCS,Conoide Secchia - confinato superiore,646967,4950441,36.5,110.0,Fondo foro,1.0,105.0,110.0,automatic,10.8547963428,44.6922812811,automatic,Industriale
MO14-00,Pozzo,MO,MODENA,0610ER-DQ2-PACS,Pianura Alluvionale Appenninica - confinato superiore,652035,4952807,25.94,121.0,Fondo foro,1.0,115.0,121.0,automatic,10.9194253358,44.7125125441,automatic,Zootecnico
MO15-01,Pozzo,MO,MODENA,0610ER-DQ2-PACS,Pianura Alluvionale Appenninica - confinato superiore,655299,4951540,29.25,120.0,,,,,automatic,10.9602242645,44.700413358,automatic,Irriguo
MO16-00,Pozzo,MO,RAVARINO,2700ER-DQ2-PACI,Pianura Alluvionale - confinato inferiore,665873,4954168,22.28,538.0,,3.0,449.0,530.5,automatic,11.0944588288,44.7216876275,automatic,Industriale
MO17-02,Pozzo,MO,NONANTOLA,0610ER-DQ2-PACS,Pianura Alluvionale Appenninica - confinato superiore,661132,4949049,26.3,320.0,,,,,automatic,11.0330200676,44.6767153528,automatic,Industriale
MO19-00,Pozzo,MO,MODENA,0390ER-DQ2-CCS,Conoide Secchia - confinato superiore,642782,4943967,56.9,70.0,,2.0,17.0,68.0,automatic,10.8002017167,44.6348736265,automatic,Domestico
MO20-00,Pozzo,MO,MODENA,0390ER-DQ2-CCS,Conoide Secchia - confinato superiore,651345,4943531,37.16,82.0,,2.0,64.0,77.5,automatic,10.9079778252,44.6291983238,automatic,Acquedottistico
MO20-02,Pozzo,MO,MODENA,0390ER-DQ2-CCS,Conoide Secchia - confinato superiore,650052,4944626,36.0,71.0,Fondo foro,1.0,61.0,71.0,automatic,10.8920063263,44.6393217873,automatic,Acquedottistico
MO22-01,Pozzo,MO,CASTELFRANCO EMILIA,0410ER-DQ2-CCS,Conoide Panaro - confinato superiore,662932,4943277,33.3,62.0,,,,,automatic,11.0538820968,44.6243800645,automatic,Irriguo
MO24-01,Pozzo,MO,SAN CESARIO SUL PANARO,0410ER-DQ2-CCS,Conoide Panaro - confinato superiore,660766,4938412,44.37,45.0,,,,,automatic,11.0250734162,44.5810977056,automatic,Irriguo
MO25-00,Pozzo,MO,SASSUOLO,0120ER-DQ1-CL,Conoide Secchia - libero,641385,4934288,111.5,23.5,,4.0,37.5,59.5,automatic,10.7799357226,44.5480561189,automatic,Industriale
MO26-01,Pozzo,MO,SASSUOLO,0120ER-DQ1-CL,Conoide Secchia - libero,642158,4935612,102.1,70.0,,2.0,17.0,44.0,automatic,10.790027809,44.5598177329,automatic,Civile
MO27-01,Pozzo,MO,FORMIGINE,0120ER-DQ1-CL,Conoide Secchia - libero,645265,4936419,92.1,80.0,,,,,automatic,10.8293585647,44.5664593915,automatic,Acquedottistico
MO28-01,Pozzo,MO,FORMIGINE,0400ER-DQ2-CCS,Conoide Tiepido - confinato superiore,650024,4935999,81.0,70.0,,2.0,35.0,59.5,automatic,10.889135559,44.5617048954,automatic,Zootecnico
MO29-01,Pozzo,MO,CASTELVETRO DI MODENA,0140ER-DQ1-CL,Conoide Panaro - libero,657853,4932974,70.8,110.0,,,,,automatic,10.9867361128,44.5328154992,automatic,Acquedottistico
MO30-00,Pozzo,MO,SPILAMBERTO,0140ER-DQ1-CL,Conoide Panaro - libero,660534,4932763,73.0,118.0,,3.0,23.0,100.0,automatic,11.020392775,44.5303253117,automatic,Acquedottistico
MO30-02,Pozzo,MO,SPILAMBERTO,0140ER-DQ1-CL,Conoide Panaro - libero,660616,4931654,79.5,90.0,,,,,automatic,11.0210789752,44.5203293076,automatic,Industriale
MO31-02,Pozzo,MO,CASTELFRANCO EMILIA,0140ER-DQ1-CL,Conoide Panaro - libero,663446,4934309,58.2,57.0,,,,,automatic,11.0575082437,44.5435804102,automatic,Domestico
MO32-01,Pozzo,MO,VIGNOLA,0140ER-DQ1-CL,Conoide Panaro - libero,660049,4929925,95.0,54.0,,,,,automatic,11.0134127544,44.5048992734,automatic,Industriale
MO34-00,Pozzo,MO,MARANO,0140ER-DQ1-CL,Conoide Panaro - libero,657555,4925015,128.7,8.5,Fondo foro,1.0,,,automatic,10.9805613026,44.4612709234,automatic,Domestico
MO35-03,Pozzo,MO,CARPI,0610ER-DQ2-PACS,Pianura Alluvionale Appenninica - confinato superiore,646513,4956091,31.0,105.0,Fondo foro,1.0,100.0,105.0,automatic,10.8506899274,44.7432110325,automatic,Zootecnico
MO36-00,Pozzo,MO,MODENA,0120ER-DQ1-CL,Conoide Secchia - libero,647618,4941941,52.0,51.0,Fondo foro,1.0,42.0,51.0,automatic,10.8605601049,44.6156670066,automatic,Zootecnico
MO37-02,Pozzo,MO,CARPI,0610ER-DQ2-PACS,Pianura Alluvionale Appenninica - confinato superiore,649636,4959512,24.0,95.0,Fondo foro,1.0,90.0,95.0,automatic,10.8911212123,44.7733452049,automatic,Industriale
MO38-00,Pozzo,MO,CAVEZZO,0620ER-DQ2-TPAPCS,Transizione Pianura Appenninica-Padana - confinato superiore,660176,4966605,23.33,59.0,Fondo foro,1.0,53.0,58.0,automatic,11.0264806063,44.8348752585,automatic,Irriguo
MO38-02,Pozzo,MO,CAVEZZO,0620ER-DQ2-TPAPCS,Transizione Pianura Appenninica-Padana - confinato superiore,660176,4966605,23.33,75.0,Fondo foro,0.0,0.0,0.0,automatic,11.0264806063,44.8348752585,automatic,Irriguo
MO41-01,Pozzo,MO,CARPI,0620ER-DQ2-TPAPCS,Transizione Pianura Appenninica-Padana - confinato superiore,644988,4966064,22.7,60.0,,,,,automatic,10.8342773804,44.8332550568,automatic,Domestico
MO42-00,Pozzo,MO,CASTELVETRO DI MODENA,2400ER-DQ2-CCI,Conoide Tiepido - confinato inferiore,651596,4932533,115.24,90.0,,,,,automatic,10.9079003567,44.5301899923,automatic,Industriale
MO42-01,Pozzo,MO,CASTELVETRO DI MODENA,2400ER-DQ2-CCI,Conoide Tiepido - confinato inferiore,651583,4932810,110.0,146.0,,3.0,65.0,141.5,automatic,10.9078182296,44.5326850793,automatic,Industriale
MO43-01,Pozzo,MO,CAMPOSANTO,0620ER-DQ2-TPAPCS,Transizione Pianura Appenninica-Padana - confinato superiore,668808,4962027,17.0,148.0,,2.0,98.0,144.0,automatic,11.1340952025,44.7917022183,automatic,Industriale
MO44-01,Pozzo,MO,CARPI,0630ER-DQ2-PPCS,Pianura Alluvionale Padana - confinato superiore,650950,4968357,19.8,50.0,,,,,automatic,10.9103449201,44.8526494633,automatic,Domestico
MO45-01,Pozzo,MO,SAN FELICE SUL PANARO,2700ER-DQ2-PACI,Pianura Alluvionale - confinato inferiore,667148,4966901,17.0,180.0,,1.0,102.0,113.0,automatic,11.1147261258,44.8359392696,automatic,Antincendio
MO47-00,Pozzo,MO,CONCORDIA SULLA SECCHIA,0630ER-DQ2-PPCS,Pianura Alluvionale Padana - confinato superiore,654906,4974982,19.0,43.0,,,,,automatic,10.9624070307,44.9114052234,automatic,Industriale
MO48-01,Pozzo,MO,FINALE EMILIA,2700ER-DQ2-PACI,Pianura Alluvionale - confinato inferiore,676728,4969138,11.0,224.0,,5.0,108.0,165.4,automatic,11.236619695,44.8537537905,automatic,Industriale
MO49-00,Pozzo,MO,MODENA,0390ER-DQ2-CCS,Conoide Secchia - confinato superiore,646494,4945211,44.1,27.0,,,,,automatic,10.8473341037,44.6453197674,automatic,Piscicoltura
MO50-03,Pozzo,MO,VIGNOLA,0140ER-DQ1-CL,Conoide Panaro - libero,660689,4929438,96.0,60.0,,2.0,18.0,60.0,automatic,11.0213074974,44.5003755039,automatic,Acquedottistico
MO51-00,Pozzo,MO,CASTELNUOVO RANGONE,0130ER-DQ1-CL,Conoide Tiepido - libero,653493,4934363,82.0,120.0,,2.0,67.0,120.0,automatic,10.932306167,44.5462542472,automatic,Industriale
MO53-00,Pozzo,MO,SAN CESARIO SUL PANARO,0140ER-DQ1-CL,Conoide Panaro - libero,662655,4935035,57.0,40.0,,,,,automatic,11.0477863281,44.5502910531,automatic,Irriguo
MO55-00,Pozzo,MO,SAN CESARIO SUL PANARO,0140ER-DQ1-CL,Conoide Panaro - libero,661360,4936076,54.0,110.0,,2.0,30.0,85.0,automatic,11.0318188546,44.5599479823,automatic,Acquedottistico
MO56-02,Pozzo,MO,CASTELFRANCO EMILIA,0410ER-DQ2-CCS,Conoide Panaro - confinato superiore,660481,4941487,37.0,100.0,,,,,automatic,11.0224454043,44.6088269201,automatic,Zootecnico
MO58-00,Pozzo,MO,FORMIGINE,0120ER-DQ1-CL,Conoide Secchia - libero,644069,4939402,74.2,138.0,,6.0,45.0,133.0,automatic,10.8151397853,44.5935408384,automatic,Acquedottistico
MO59-00,Pozzo,MO,FIORANO MODENESE,0120ER-DQ1-CL,Conoide Secchia - libero,643786,4935108,105.5,93.0,,4.0,45.0,68.0,automatic,10.8103764864,44.5549596125,automatic,Industriale
MO60-00,Pozzo,MO,MARANELLO,0130ER-DQ1-CL,Conoide Tiepido - libero,648346,4933151,118.0,95.0,,,,,automatic,10.8671973138,44.5364264971,automatic,Industriale
MO62-00,Pozzo,MO,SAVIGNANO SUL PANARO,0140ER-DQ1-CL,Conoide Panaro - libero,662657,4931157,77.7,108.0,,,,,automatic,11.0465886853,44.5154005827,automatic,Acquedottistico
MO63-00,Pozzo,MO,CASTELVETRO DI MODENA,0400ER-DQ2-CCS,Conoide Tiepido - confinato superiore,655537,4933802,72.0,156.0,,,,,automatic,10.9578537434,44.5407685688,automatic,Industriale
MO64-00,Pozzo,MO,CASTELFRANCO EMILIA,0140ER-DQ1-CL,Conoide Panaro - libero,663978,4932716,65.0,73.0,,,,,automatic,11.0636944303,44.5291276788,automatic,Domestico
MO65-00,Pozzo,MO,CASTELVETRO DI MODENA,2400ER-DQ2-CCI,Conoide Tiepido - confinato inferiore,651514,4932590,115.0,100.0,,1.0,67.5,73.5,automatic,10.9068856612,44.530720091,automatic,Industriale
MO66-00,Pozzo,MO,CASTELFRANCO EMILIA,0410ER-DQ2-CCS,Conoide Panaro - confinato superiore,667381,4933587,59.2,120.0,,,,,automatic,11.1067759163,44.5361820217,automatic,Irriguo
MO68-01,Pozzo,MO,MODENA,0400ER-DQ2-CCS,Conoide Tiepido - confinato superiore,651527,4939092,53.3,40.0,Fondo foro,1.0,39.0,40.0,automatic,10.9089618476,44.589219909,automatic,Domestico
MO69-00,Pozzo,MO,MODENA,0390ER-DQ2-CCS,Conoide Secchia - confinato superiore,645367,4943903,47.3,43.5,,,,,automatic,10.8327589043,44.6337794872,automatic,Domestico
MO71-01,Pozzo,MO,FIORANO MODENESE,0120ER-DQ1-CL,Conoide Secchia - libero,645242,4933838,116.4,116.5,,,,,automatic,10.8283415,44.5432400916,automatic,Industriale
MO72-01,Pozzo,MO,FORMIGINE,0120ER-DQ1-CL,Conoide Secchia - libero,647747,4938930,65.0,104.0,Fondo foro,1.0,93.0,104.0,automatic,10.8613196121,44.5885481476,automatic,Industriale
MO73-01,Pozzo,MO,SASSUOLO,0120ER-DQ1-CL,Conoide Secchia - libero,642270,4937458,90.8,97.0,,3.0,57.0,96.0,automatic,10.7919474883,44.5764063055,automatic,Acquedottistico
MO74-00,Pozzo,MO,CASTELFRANCO EMILIA,0410ER-DQ2-CCS,Conoide Panaro - confinato superiore,667917,4939476,36.0,52.0,Fondo foro,1.0,42.0,48.0,automatic,11.1154377252,44.5890376724,automatic,Irriguo
MO75-00,Pozzo,MO,CAMPOGALLIANO,0390ER-DQ2-CCS,Conoide Secchia - confinato superiore,644555,4948280,46.0,60.0,,3.0,37.0,56.0,automatic,10.8237608821,44.6733271383,automatic,Acquedottistico
MO76-00,Pozzo,MO,CASTELFRANCO EMILIA,0410ER-DQ2-CCS,Conoide Panaro - confinato superiore,662292,4939319,42.0,123.0,,4.0,75.0,121.0,automatic,11.044569521,44.5889154779,automatic,Acquedottistico
MO77-01,Pozzo,MO,CASTELFRANCO EMILIA,0410ER-DQ2-CCS,Conoide Panaro - confinato superiore,666200,4936040,43.0,30.0,,,,,automatic,11.0927118326,44.558523924,automatic,Domestico
MO80-00,Pozzo,MO,MIRANDOLA,2700ER-DQ2-PACI,Pianura Alluvionale - confinato inferiore,664133,4971866,17.5,300.0,,4.0,24.85,300.0,automatic,11.0782129657,44.8813053286,automatic,Non in uso
MO81-00,Pozzo,MO,SASSUOLO,0120ER-DQ1-CL,Conoide Secchia - libero,642602,4937030,92.4,116.0,,4.0,48.0,107.0,automatic,10.7960085378,44.5724894145,automatic,Acquedottistico
MO82-00,Pozzo,MO,CONCORDIA SULLA SECCHIA,2700ER-DQ2-PACI,Pianura Alluvionale - confinato inferiore,657362,4975110,17.6,120.0,,,,,automatic,10.9935416938,44.9120180375,automatic,Industriale
MO84-00,Pozzo,MO,MARANO,5050ER-AV2-VA,Depositi vallate App. Panaro-Tiepido,655346,4923873,143.3,15.0,,,,,automatic,10.952466445,44.451473761,automatic,Acquedottistico
MO85-00,Pozzo,MO,MARANELLO,0130ER-DQ1-CL,Conoide Tiepido - libero,649736,4932259,127.6,30.0,,,,,automatic,10.8844246258,44.5281131614,automatic,Irriguo
MO86-00,Pozzo,MO,FORMIGINE,0130ER-DQ1-CL,Conoide Tiepido - libero,650218,4934914,92.2,40.0,,1.0,23.0,25.0,automatic,10.8912607641,44.5519019493,automatic,Industriale
MO87-00,Pozzo,MO,CASTELFRANCO EMILIA,2700ER-DQ2-PACI,Pianura Alluvionale - confinato inferiore,660753,4944674,31.5,280.0,,3.0,143.0,275.0,automatic,11.0268689571,44.6374392518,automatic,Irriguo
MO88-00,Pozzo,MO,CASTELFRANCO EMILIA,2410ER-DQ2-CCI,Conoide Panaro - confinato inferiore,668887,4941029,30.0,200.0,,3.0,98.0,192.0,automatic,11.1281596303,44.6027820588,automatic,Acquedottistico
MO-F01-00,Pozzo,MO,NONANTOLA,9015ER-DQ1-FPF,Freatico di pianura fluviale,658842,4947531,28.2,12.0,,,,,automatic,11.0036738553,44.6635685742,automatic,Domestico
MO-F02-00,Pozzo,MO,MODENA,9015ER-DQ1-FPF,Freatico di pianura fluviale,650986,4948885,36.2,3.8,,,,,automatic,10.9050314547,44.6774464199,automatic,Domestico
MO-F05-00,Pozzo,MO,SAN PROSPERO,9015ER-DQ1-FPF,Freatico di pianura fluviale,658710,4957831,26.2,5.43,,,,,automatic,11.005208123,44.75626556,automatic,Domestico
MO-F08-00,Pozzo,MO,CAMPOSANTO,9015ER-DQ1-FPF,Freatico di pianura fluviale,668888,4962026,17.0,6.6,,,,,automatic,11.1351055411,44.7916743234,automatic,Domestico
MO-F13-00,Pozzo,MO,CAVEZZO,9015ER-DQ1-FPF,Freatico di pianura fluviale,656642,4967080,21.6,9.0,,,,,automatic,10.9819434707,44.8399331821,automatic,Domestico
MO-F14-00,Pozzo,MO,MIRANDOLA,9015ER-DQ1-FPF,Freatico di pianura fluviale,660089,4969370,19.0,6.0,,,,,automatic,11.0262528668,44.8597701931,automatic,Irriguo
MO-F20-00,Pozzo,MO,CONCORDIA SULLA SECCHIA,9015ER-DQ1-FPF,Freatico di pianura fluviale,654014,4977233,20.2,7.8,,,,,automatic,10.9517992456,44.931850644,automatic,Domestico
PC01-00,Pozzo,PC,ROTTOFRENO,0032ER-DQ1-CL,Conoide Trebbia-Luretta - libero,544503,4991341,59.86,39.0,,,,,automatic,9.5653788137,45.0741316111,automatic,Civile
PC02-00,Pozzo,PC,ROTTOFRENO,0300ER-DQ2-CCS,Conoide Tidone-Luretta - confinato superiore,543007,4989237,64.02,42.0,Fondo foro,1.0,41.0,42.0,automatic,9.5461937032,45.0552851377,automatic,Civile
PC03-02,Pozzo,PC,GRAGNANO TREBBIENSE,0032ER-DQ1-CL,Conoide Trebbia-Luretta - libero,541802,4983035,92.3,49.0,Fondo foro,1.0,39.0,48.0,automatic,9.5303749296,44.9995300162,automatic,Irriguo
PC04-01,Pozzo,PC,PIACENZA,2301ER-DQ2-CCI,Conoide Trebbia - confinato inferiore,550226,4985278,76.7,155.0,,3.0,108.8,153.0,automatic,9.6374747175,45.0191736975,automatic,Civile
PC05-02,Pozzo,PC,PIACENZA,2301ER-DQ2-CCI,Conoide Trebbia - confinato inferiore,553513,4985289,71.6,152.5,,3.0,125.0,150.0,automatic,9.6791920611,45.0190322328,automatic,Acquedottistico
PC07-00,Pozzo,PC,GRAGNANO TREBBIENSE,0032ER-DQ1-CL,Conoide Trebbia-Luretta - libero,544823,4984661,81.5,64.0,,2.0,40.0,60.0,automatic,9.5688477578,45.0139819781,automatic,Civile
PC09-01,Pozzo,PC,CAORSO,0630ER-DQ2-PPCS,Pianura Alluvionale Padana - confinato superiore,567937,4988928,43.5,133.0,,1.0,89.0,120.0,automatic,9.862736307,45.0505509395,automatic,Civile
PC10-01,Pozzo,PC,MONTICELLI D'ONGINA,0630ER-DQ2-PPCS,Pianura Alluvionale Padana - confinato superiore,572309,4992801,40.19,140.0,,3.0,67.0,136.0,automatic,9.9188080246,45.0849776205,automatic,Civile
PC11-02,Pozzo,PC,CASTELVETRO PIACENTINO,0630ER-DQ2-PPCS,Pianura Alluvionale Padana - confinato superiore,578168,4991421,37.6,107.0,,1.0,87.0,96.0,automatic,9.9930305498,45.0719338321,automatic,Civile
PC12-01,Pozzo,PC,VILLANOVA SULL'ARDA,0630ER-DQ2-PPCS,Pianura Alluvionale Padana - confinato superiore,578359,4986601,39.61,109.0,Fondo foro,1.0,93.0,96.0,automatic,9.9947043013,45.0285303588,automatic,Civile
PC13-00,Pozzo,PC,CORTEMAGGIORE,0630ER-DQ2-PPCS,Pianura Alluvionale Padana - confinato superiore,568819,4984090,53.25,86.0,Fondo foro,1.0,69.5,76.5,automatic,9.8732731393,45.0069197504,automatic,Civile
PC15-01,Pozzo,PC,GOSSOLENGO,0032ER-DQ1-CL,Conoide Trebbia-Luretta - libero,548321,4983170,88.1,105.0,,1.0,67.0,103.0,automatic,9.6130951611,45.0003311531,automatic,Civile
PC17-00,Pozzo,PC,SAN GIORGIO PIACENTINO,0040ER-DQ1-CL,Conoide Nure - libero,558127,4978445,101.86,70.0,Fondo foro,1.0,62.0,70.0,automatic,9.7369588719,44.9570647542,automatic,Civile
PC20-00,Pozzo,PC,FIORENZUOLA D'ARDA,0330ER-DQ2-CCS,Conoide Arda - confinato superiore,571853,4979134,62.31,76.45,,4.0,18.5,73.6,automatic,9.9110611831,44.9620108701,automatic,Civile
PC21-03,Pozzo,PC,BESENZONE,0630ER-DQ2-PPCS,Pianura Alluvionale Padana - confinato superiore,575970,4981456,49.1,73.0,Fondo foro,1.0,62.0,71.5,automatic,9.9636055015,44.9824821506,automatic,Civile
PC23-02,Pozzo,PC,PONTENURE,0040ER-DQ1-CL,Conoide Nure - libero,561563,4982935,67.0,80.0,,3.0,47.0,78.0,automatic,9.7810665063,44.9971904056,automatic,Civile
PC23-05,Pozzo,PC,PONTENURE,0040ER-DQ1-CL,Conoide Nure - libero,561569,4979400,79.5,60.0,,2.0,25.0,59.0,automatic,9.7807106516,44.9653709286,automatic,Industriale
PC23-06,Pozzo,PC,PONTENURE,0040ER-DQ1-CL,Conoide Nure - libero,561700,4979761,79.0,97.0,,1.0,59.0,63.0,automatic,9.7824157847,44.9686089726,automatic,Civile
PC26-02,Pozzo,PC,CARPANETO PIACENTINO,0322ER-DQ2-CCS,Conoide Chiavenna-Nure - confinato superiore,564593,4973084,110.5,92.0,,4.0,30.0,78.5,automatic,9.8182440886,44.9082513841,automatic,Civile
PC27-02,Pozzo,PC,FIORENZUOLA D'ARDA,0050ER-DQ1-CL,Conoide Arda - libero,570609,4975231,85.0,120.0,,3.0,48.0,114.0,automatic,9.8947438953,44.9270050348,automatic,Irriguo
PC28-00,Pozzo,PC,ALSENO,0330ER-DQ2-CCS,Conoide Arda - confinato superiore,576755,4975214,54.0,30.0,Fondo foro,1.0,24.0,28.0,automatic,9.9726114879,44.9262153467,automatic,Civile
PC30-03,Pozzo,PC,SAN GIORGIO PIACENTINO,0650ER-DET1-CMSG,Conoidi montane e Sabbie gialle occidentali,560035,4972595,132.5,43.5,Fondo foro,1.0,37.0,43.0,automatic,9.7604519991,44.9042488332,automatic,Civile
PC33-01,Pozzo,PC,ALSENO,0330ER-DQ2-CCS,Conoide Arda - confinato superiore,576995,4971934,73.8,39.0,,3.0,19.0,35.0,automatic,9.9751528407,44.8966669128,automatic,Acquedottistico
PC34-00,Pozzo,PC,ALSENO,0050ER-DQ1-CL,Conoide Arda - libero,571640,4970705,121.58,101.0,,4.0,30.0,95.0,automatic,9.9071658803,44.8861636648,automatic,Civile
PC36-00,Pozzo,PC,GRAGNANO TREBBIENSE,2301ER-DQ2-CCI,Conoide Trebbia - confinato inferiore,545036,4982629,87.88,130.0,Fondo foro,1.0,125.0,130.0,automatic,9.5713689463,44.9956774932,automatic,Industriale
PC41-01,Pozzo,PC,CASTEL SAN GIOVANNI,0300ER-DQ2-CCS,Conoide Tidone-Luretta - confinato superiore,535351,4990174,70.8,32.0,Fondo foro,1.0,30.0,32.0,automatic,9.4490309767,45.0641432115,automatic,Civile
PC45-01,Pozzo,PC,SAN PIETRO IN CERRO,0630ER-DQ2-PPCS,Pianura Alluvionale Padana - confinato superiore,574864,4985753,45.22,16.0,,,,,automatic,9.9502180624,45.021275591,automatic,Irriguo
PC48-00,Pozzo,PC,ROTTOFRENO,0032ER-DQ1-CL,Conoide Trebbia-Luretta - libero,547963,4989045,63.3,35.0,,,,,automatic,9.6091137304,45.0532385285,automatic,civile
PC55-01,Pozzo,PC,PODENZANO,0040ER-DQ1-CL,Conoide Nure - libero,554491,4980651,91.69,200.0,,,,,automatic,9.6911019869,44.9772098329,automatic,Irriguo
PC56-00,Pozzo,PC,PIACENZA,0032ER-DQ1-CL,Conoide Trebbia-Luretta - libero,554675,4986794,62.03,102.0,,4.0,47.0,101.6,automatic,9.6941029,45.0324904182,automatic,civile
PC56-02,Pozzo,PC,PIACENZA,0032ER-DQ1-CL,Conoide Trebbia-Luretta - libero,553310,4989082,56.4,116.5,,5.0,66.5,113.5,automatic,9.6770182245,45.0531892323,automatic,civile
PC56-03,Pozzo,PC,PIACENZA,0032ER-DQ1-CL,Conoide Trebbia-Luretta - libero,551663,4988893,59.6,94.0,,2.0,72.0,94.0,automatic,9.6560838482,45.0516100688,automatic,Acquedottistico
PC56-06,Pozzo,PC,PIACENZA,0040ER-DQ1-CL,Conoide Nure - libero,556118,4987070,57.7,160.0,,3.0,54.5,154.0,automatic,9.7124513098,45.0348619419,automatic,Acquedottistico
PC56-07,Pozzo,PC,PIACENZA,0040ER-DQ1-CL,Conoide Nure - libero,557993,4987826,52.0,103.3,,4.0,46.5,102.0,automatic,9.7363408862,45.0415158176,automatic,Acquedottistico
PC56-08,Pozzo,PC,PIACENZA,0032ER-DQ1-CL,Conoide Trebbia-Luretta - libero,552523,4987217,64.0,103.0,,3.0,66.0,93.0,automatic,9.6668292208,45.0364607191,automatic,Acquedottistico
PC56-09,Pozzo,PC,PIACENZA,0630ER-DQ2-PPCS,Pianura Alluvionale Padana - confinato superiore,561572,4986046,56.1,75.0,,3.0,41.0,73.5,automatic,9.7815614532,45.0251919562,automatic,Acquedottistico
PC56-10,Pozzo,PC,PIACENZA,0630ER-DQ2-PPCS,Pianura Alluvionale Padana - confinato superiore,559545,4991988,50.0,106.0,,1.0,82.0,98.0,automatic,9.756538937,45.0788494252,automatic,Acquedottistico
PC56-11,Pozzo,PC,PIACENZA,0630ER-DQ2-PPCS,Pianura Alluvionale Padana - confinato superiore,559012,4989339,46.6,54.0,Fondo foro,1.0,40.0,50.5,automatic,9.7494559261,45.0550503021,automatic,Acquedottistico
PC63-01,Pozzo,PC,PIACENZA,0630ER-DQ2-PPCS,Pianura Alluvionale Padana - confinato superiore,562514,4988071,48.9,81.7,,2.0,40.0,76.5,automatic,9.7937694942,45.0433365462,automatic,civile
PC64-00,Pozzo,PC,PIACENZA,0040ER-DQ1-CL,Conoide Nure - libero,560601,4984310,67.14,114.5,,4.0,89.0,114.5,automatic,9.7690280327,45.0096497485,automatic,civile
PC69-00,Pozzo,PC,PIACENZA,0032ER-DQ1-CL,Conoide Trebbia-Luretta - libero,552041,4988752,61.0,111.0,,4.0,43.0,108.0,automatic,9.6608692474,45.0503132165,automatic,civile
PC75-00,Pozzo,PC,RIVERGARO,0650ER-DET1-CMSG,Conoidi montane e Sabbie gialle occidentali,549945,4975082,153.8,156.0,,2.0,134.0,154.0,automatic,9.6328981518,44.927415087,automatic,civile
PC77-01,Pozzo,PC,PIACENZA,0032ER-DQ1-CL,Conoide Trebbia-Luretta - libero,546273,4977835,137.0,107.0,,,,,automatic,9.586621756,44.9524447332,automatic,Acquedottistico
PC80-00,Pozzo,PC,MONTICELLI,0630ER-DQ2-PPCS,Pianura Alluvionale Padana - confinato superiore,575399,4993161,38.41,68.0,Fondo foro,1.0,52.45,64.95,automatic,9.9581204764,45.0878952014,automatic,Acquedottistico
PC81-00,Pozzo,PC,PODENZANO,0032ER-DQ1-CL,Conoide Trebbia-Luretta - libero,554375,4983243,75.39,97.0,,2.0,57.0,95.0,automatic,9.6899107234,45.000550073,automatic,Acquedottistico
PC82-00,Pozzo,PC,BORGONOVO VAL TIDONE,0010ER-DQ1-CL,Conoide Tidone - libero,538911,4983568,100.8,101.5,,2.0,34.0,70.0,automatic,9.4937371554,45.0044923144,automatic,Acquedottistico
PC83-00,Pozzo,PC,BORGONOVO VAL TIDONE,0010ER-DQ1-CL,Conoide Tidone - libero,535349,4985113,105.7,97.0,,4.0,30.0,91.0,automatic,9.4486493771,45.0185862898,automatic,Acquedottistico
PC85-00,Pozzo,PC,GRAGNANO TREBBIENSE,0032ER-DQ1-CL,Conoide Trebbia-Luretta - libero,542330,4980858,109.7,101.0,,,50.0,101.0,automatic,9.5368908072,44.9799023407,automatic,Acquedottistico
PC86-00,Pozzo,PC,BORGONOVO VAL TIDONE,0300ER-DQ2-CCS,Conoide Tidone-Luretta - confinato superiore,540266,4984618,88.0,40.0,,,,,automatic,9.511013957,45.0138683226,automatic,Acquedottistico
PC87-01,Pozzo,PC,GAZZOLA,0032ER-DQ1-CL,Conoide Trebbia-Luretta - libero,545997,4980073,102.6,105.0,,,,,automatic,9.5833270873,44.9726080519,automatic,Acquedottistico
PC88-00,Pozzo,PC,SARMATO,0630ER-DQ2-PPCS,Pianura Alluvionale Padana - confinato superiore,538209,4990129,59.0,18.5,Fondo foro,1.0,16.0,18.5,automatic,9.4853288174,45.0635896457,automatic,Acquedottistico
PC89-00,Pozzo,PC,PONTE DELL'OLIO,5020ER-AV2-VA,Depositi vallate App. Trebbia-Nure-Arda,549899,4967923,215.0,35.0,,,,,automatic,9.631609449,44.8629762586,automatic,Acquedottistico
PC90-00,Pozzo,PC,PIANELLO VAL TIDONE,5020ER-AV2-VA,Depositi vallate App. Trebbia-Nure-Arda,533539,4977204,170.0,11.0,,,,,automatic,9.425150983,44.947479736,automatic,Acquedottistico
PC91-01,Pozzo,PC,VIGOLZONE,0650ER-DET1-CMSG,Conoidi montane e Sabbie gialle occidentali,551234,4972786,211.0,175.0,,4.0,107.0,169.0,automatic,9.6489985068,44.9066560044,automatic,civile
PC94-01,Pozzo,PC,RIVERGARO,0032ER-DQ1-CL,Conoide Trebbia-Luretta - libero,546517,4972735,135.5,12.0,,,,,automatic,9.5892452931,44.9065208392,automatic,Industriale
PC95-00,Pozzo,PC,PODENZANO,0040ER-DQ1-CL,Conoide Nure - libero,553537,4977885,123.0,118.0,,2.0,60.0,100.0,automatic,9.6787097352,44.9523846746,automatic,Industriale
PC96-00,Pozzo,PC,PODENZANO,0040ER-DQ1-CL,Conoide Nure - libero,557881,4982179,80.5,80.0,Fondo foro,1.0,65.0,80.0,automatic,9.7342690285,44.9906954238,automatic,Industriale
PC97-00,Pozzo,PC,GOSSOLENGO,2301ER-DQ2-CCI,Conoide Trebbia - confinato inferiore,551468,4980393,96.8,200.0,,1.0,183.0,193.0,automatic,9.6527379018,44.9751130473,automatic,Civile
PC98-00,Pozzo,PC,CADEO,2700ER-DQ2-PACI,Pianura Alluvionale - confinato inferiore,567199,4976628,77.0,102.0,Fondo foro,1.0,87.5,100.0,automatic,9.8517237719,44.939909831,automatic,Industriale
PC99-00,Pozzo,PC,CASTELL’ARQUATO,0050ER-DQ1-CL,Conoide Arda - libero,569013,4967757,158.0,65.0,Fondo foro,1.0,51.0,57.0,automatic,9.8735030212,44.8598878625,automatic,Industriale
PCA0-00,Pozzo,PC,CASTEL SAN GIOVANNI,2700ER-DQ2-PACI,Pianura Alluvionale - confinato inferiore,535335,4988056,87.0,158.0,,,,,automatic,9.4486786395,45.0450786976,automatic,Industriale
PCA2-00,Pozzo,PC,AGAZZANO,2300ER-DQ2-CCI,Conoide Tidone-Luretta - confinato inferiore,540084,4983319,87.4,94.0,,4.0,45.0,85.0,automatic,9.5086008048,45.0021856088,automatic,Irriguo
PC-F01-00,Pozzo,PC,SARMATO,9015ER-DQ1-FPF,Freatico di pianura fluviale,541032,4990346,60.0,6.1,,,,,automatic,9.5212027371,45.0653849564,automatic,Domestico
PC-F03-00,Pozzo,PC,PIACENZA,9015ER-DQ1-FPF,Freatico di pianura fluviale,559271,4988654,46.5,7.2,,,,,automatic,9.7526640779,45.0488629394,automatic,Irriguo
PC-F05-00,Pozzo,PC,SAN PIETRO IN CERRO,9015ER-DQ1-FPF,Freatico di pianura fluviale,571874,4988422,41.9,4.0,,,,,automatic,9.912653909,45.0456079795,automatic,Domestico
PR04-01,Pozzo,PR,SORAGNA,0630ER-DQ2-PPCS,Pianura Alluvionale Padana - confinato superiore,591204,4978826,37.3,161.0,,,,,automatic,10.1563220899,44.9570181335,automatic,Zootecnico
PR05-00,Pozzo,PR,PARMA,0360ER-DQ2-CCS,Conoide Parma-Baganza - confinato superiore,606371,4961131,54.53,75.5,,5.0,32.0,75.5,automatic,10.3448511842,44.7956610286,automatic,Idropotabile
PR06-01,Pozzo,PR,SISSA TRECASALI,0630ER-DQ2-PPCS,Pianura Alluvionale Padana - confinato superiore,598909,4982301,30.0,105.0,,,,,automatic,10.2546685674,44.9872617243,automatic,Zootecnico
PR08-03,Pozzo,PR,COLORNO,0630ER-DQ2-PPCS,Pianura Alluvionale Padana - confinato superiore,608780,4979630,26.9,45.0,,,,,automatic,10.3792718884,44.9617803679,automatic,Irriguo
PR09-02,Pozzo,PR,FIDENZA,0340ER-DQ2-CCS,Conoide Stirone-Parola - confinato superiore,583155,4972760,57.2,26.0,,,,,automatic,10.0532931845,44.9034086201,automatic,Irriguo
PR12-00,Pozzo,PR,SAN SECONDO PARMENSE,0350ER-DQ2-CCS,Conoide Taro - confinato superiore,596519,4972121,36.2,86.0,,1.0,35.0,39.7,automatic,10.2224122131,44.8959711101,automatic,civile
PR19-01,Pozzo,PR,FIDENZA,2700ER-DQ2-PACI,Pianura Alluvionale - confinato inferiore,583719,4969761,67.0,175.0,Fondo foro,1.0,170.0,175.0,automatic,10.0599400125,44.8763498405,automatic,Domestico
PR20-00,Pozzo,PR,FIDENZA,0072ER-DQ1-CL,Conoide Taro-Parola - libero,587029,4967231,73.0,97.0,,5.0,49.15,93.6,automatic,10.1014049467,44.8531820415,automatic,Acquedottistico
PR21-02,Pozzo,PR,FONTANELLATO,0350ER-DQ2-CCS,Conoide Taro - confinato superiore,590292,4970941,49.0,30.0,,,,,automatic,10.1433530995,44.886167612,automatic,Irriguo
PR23-01,Pozzo,PR,FONTEVIVO,0072ER-DQ1-CL,Conoide Taro-Parola - libero,593592,4966261,56.0,20.0,,,,,automatic,10.1842676629,44.8436206524,automatic,Irriguo
PR23-02,Piezometro,PR,FONTANELLATO,2352ER-DQ2-CCI,Conoide Taro-Parola - confinato inferiore,595949,4968921,46.5,166.0,Fondo foro,1.0,154.0,163.0,automatic,10.214588597,44.8672478661,automatic,Monitoraggio
PR23-03,Piezometro,PR,FONTANELLATO,0072ER-DQ1-CL,Conoide Taro-Parola - libero,595949,4968921,46.5,70.0,Fondo foro,1.0,58.0,67.0,automatic,10.214588597,44.8672478661,automatic,Monitoraggio
PR23-04,Pozzo,PR,FONTEVIVO,0072ER-DQ1-CL,Conoide Taro-Parola - libero,594520,4966495,54.3,14.0,,,,,automatic,10.1960511635,44.8456043425,automatic,Irriguo
PR25-00,Pozzo,PR,TORRILE,0630ER-DQ2-PPCS,Pianura Alluvionale Padana - confinato superiore,607779,4972291,30.2,46.0,Fondo foro,1.0,34.0,41.0,automatic,10.3650178538,44.8958857643,automatic,Industriale
PR31-00,Pozzo,PR,FONTEVIVO,0072ER-DQ1-CL,Conoide Taro-Parola - libero,592099,4965566,65.18,31.5,Fondo foro,1.0,25.5,31.5,automatic,10.1652537963,44.837559757,automatic,civile
PR32-00,Pozzo,PR,PARMA,0080ER-DQ1-CL,Conoide Parma-Baganza - libero,604589,4959501,66.7,109.0,,5.0,45.5,105.0,automatic,10.3219924035,44.7812543129,automatic,Acquedottistico
PR33-00,Pozzo,PR,PARMA,0350ER-DQ2-CCS,Conoide Taro - confinato superiore,600299,4963056,56.6,64.4,,1.0,32.0,55.0,automatic,10.2684817659,44.8138642083,automatic,Non in uso
PR34-00,Pozzo,PR,PARMA,0360ER-DQ2-CCS,Conoide Parma-Baganza - confinato superiore,605319,4963221,49.9,55.0,,2.0,34.0,46.0,automatic,10.3319871808,44.8146264421,automatic,civile
PR38-00,Pozzo,PR,COLLECCHIO,0072ER-DQ1-CL,Conoide Taro-Parola - libero,596259,4961201,71.0,78.0,,2.0,53.0,78.0,automatic,10.2170484815,44.7977248667,automatic,Industriale
PR45-01,Pozzo,PR,PARMA,0080ER-DQ1-CL,Conoide Parma-Baganza - libero,600839,4953341,128.7,108.0,,,,,automatic,10.2733865152,44.7263525674,automatic,Acquedottistico
PR47-01,Pozzo,PR,PARMA,0080ER-DQ1-CL,Conoide Parma-Baganza - libero,605553,4953996,106.0,30.0,,,,,automatic,10.3330342145,44.731568346,automatic,Irriguo
PR54-01,Pozzo,PR,PARMA,0080ER-DQ1-CL,Conoide Parma-Baganza - libero,607354,4958917,60.0,103.3,,9.0,42.0,102.5,automatic,10.3568088967,44.7755885997,automatic,Acquedottistico
PR55-01,Pozzo,PR,PARMA,0360ER-DQ2-CCS,Conoide Parma-Baganza - confinato superiore,611838,4960151,45.8,93.0,,,,,automatic,10.4137347344,44.7860067605,automatic,Irriguo
PR57-02,Pozzo,PR,PARMA,0080ER-DQ1-CL,Conoide Parma-Baganza - libero,609058,4953996,91.0,40.0,,,,,automatic,10.3772864798,44.731043163,automatic,Irriguo
PR61-02,Pozzo,PR,MONTECHIARUGOLO,0650ER-DET1-CMSG,Conoidi montane e Sabbie gialle occidentali,608593,4949252,130.0,28.0,,,,,automatic,10.3704076799,44.6884187476,automatic,Domestico
PR61-05,Pozzo,PR,MONTECHIARUGOLO,0080ER-DQ1-CL,Conoide Parma-Baganza - libero,606648,4948801,147.0,40.0,Fondo foro,1.0,35.0,40.0,automatic,10.3457752393,44.6846516346,automatic,Domestico
PR69-00,Pozzo,PR,MONTECHIARUGOLO,0650ER-DET1-CMSG,Conoidi montane e Sabbie gialle occidentali,611028,4954246,83.69,40.0,,2.0,9.0,26.0,automatic,10.4022124889,44.73299037,automatic,civile
PR76-00,Pozzo,PR,PARMA,0360ER-DQ2-CCS,Conoide Parma-Baganza - confinato superiore,608748,4960721,48.5,86.0,,6.0,23.5,82.7,automatic,10.3748074826,44.7916133651,automatic,Acquedottistico
PR77-00,Pozzo,PR,FONTANELLATO,0072ER-DQ1-CL,Conoide Taro-Parola - libero,590991,4966781,61.7,93.0,,6.0,33.0,86.5,automatic,10.1514558547,44.8486373512,automatic,Acquedottistico
PR93-02,Pozzo,PR,PARMA,0080ER-DQ1-CL,Conoide Parma-Baganza - libero,606458,4956181,89.0,30.0,,,,,automatic,10.3449162785,44.7510990634,automatic,Domestico
PR94-00,Pozzo,PR,COLLECCHIO,0072ER-DQ1-CL,Conoide Taro-Parola - libero,595642,4956836,103.5,25.0,,,,,automatic,10.208429383,44.7585215419,automatic,Domestico
PR99-00,Piezometro,PR,PARMA,0080ER-DQ1-CL,Conoide Parma-Baganza - libero,601967,4950366,149.1,175.0,,,,,automatic,10.2870335645,44.699417559,automatic,Monitoraggio
PRA0-00,Pozzo,PR,COLLECCHIO,0072ER-DQ1-CL,Conoide Taro-Parola - libero,591559,4952941,117.5,10.0,,,,,automatic,10.1561527412,44.7239987699,automatic,Irriguo
PRA1-00,Pozzo,PR,PARMA,0080ER-DQ1-CL,Conoide Parma-Baganza - libero,602713,4950961,143.5,30.0,,,,,automatic,10.2965667604,44.7046661229,automatic,Zootecnico
PRA2-00,Pozzo,PR,SALA BAGANZA,0080ER-DQ1-CL,Conoide Parma-Baganza - libero,596597,4949571,194.0,10.3,,,,,automatic,10.2191186757,44.6930059319,automatic,Domestico
PRA5-01,Pozzo,PR,ROCCABIANCA,0630ER-DQ2-PPCS,Pianura Alluvionale Padana - confinato superiore,592872,4983796,32.0,18.0,,,,,automatic,10.1783812229,45.001532346,automatic,Irriguo
PRA5-02,Pozzo,PR,ROCCABIANCA,0630ER-DQ2-PPCS,Pianura Alluvionale Padana - confinato superiore,593275,4984280,32.0,30.0,,,,,automatic,10.183583192,45.0058354747,automatic,Irriguo
PRA6-00,Pozzo,PR,SORBOLO,0630ER-DQ2-PPCS,Pianura Alluvionale Padana - confinato superiore,614301,4972981,25.0,30.0,,,,,automatic,10.4477490231,44.9010782017,automatic,Irriguo
PRA7-00,Pozzo,PR,COLORNO,0630ER-DQ2-PPCS,Pianura Alluvionale Padana - confinato superiore,611088,4974251,25.5,110.0,,,,,automatic,10.4073441724,44.9130159744,automatic,Domestico
PRB3-00,Pozzo,PR,NOCETO,0072ER-DQ1-CL,Conoide Taro-Parola - libero,593423,4962701,74.6,70.15,,2.0,15.0,65.0,automatic,10.1814748765,44.8116018023,automatic,Acquedottistico
PRB4-00,Piezometro,PR,FONTANELLATO,0072ER-DQ1-CL,Conoide Taro-Parola - libero,591053,4966331,63.5,45.0,,1.0,8.0,45.0,automatic,10.1521595324,44.8445792827,automatic,Monitoraggio
PRB5-00,Pozzo,PR,SOLIGNANO,5030ER-AV2-VA,Depositi vallate App. Taro-Enza-Tresinaro,584579,4947421,158.0,11.5,,,,,automatic,10.0671162429,44.6751723523,automatic,Acquedottistico
PRB8-00,Pozzo,PR,PARMA,2360ER-DQ2-CCI,Conoide Parma-Baganza - confinato inferiore,611468,4957571,58.0,111.5,,,,,automatic,10.4084943898,44.7628456952,automatic,Irriguo
PRB9-00,Pozzo,PR,PARMA,2360ER-DQ2-CCI,Conoide Parma-Baganza - confinato inferiore,609420,4960060,51.0,150.0,,3.0,103.0,147.0,automatic,10.3831584321,44.7855620331,automatic,Acquedottistico
PRC0-00,Pozzo,PR,PARMA,2352ER-DQ2-CCI,Conoide Taro-Parola - confinato inferiore,597409,4963096,61.5,110.0,,,,,automatic,10.2319481578,44.8146242921,automatic,Irriguo
PR-F01-00,Pozzo,PR,POLESINE ZIBELLO,9015ER-DQ1-FPF,Freatico di pianura fluviale,591029,4984941,32.5,4.37,,,,,automatic,10.1552087568,45.012076312,automatic,Non in uso
PR-F01-01,Pozzo,PR,POLESINE ZIBELLO,9015ER-DQ1-FPF,Freatico di pianura fluviale,591454,4984386,32.0,4.55,,,,,automatic,10.1605002541,45.0070265984,automatic,Irriguo
PR-F06-00,Pozzo,PR,PARMA,9015ER-DQ1-FPF,Freatico di pianura fluviale,604719,4970511,36.7,6.81,,,,,automatic,10.325905435,44.8803229114,automatic,Non in uso
PR-F07-00,Pozzo,PR,SAN SECONDO PARMENSE,9015ER-DQ1-FPF,Freatico di pianura fluviale,598925,4974770,36.4,8.22,,,,,automatic,10.2533950663,44.919481693,automatic,Non in uso
PR-F09-01,Pozzo,PR,SORAGNA,9015ER-DQ1-FPF,Freatico di pianura fluviale,587184,4974510,49.3,6.57,,,,,automatic,10.1046194496,44.9186772657,automatic,Irriguo
PR-F10-01,Pozzo,PR,BUSSETO,9015ER-DQ1-FPF,Freatico di pianura fluviale,579735,4977078,48.9,6.52,,,,,automatic,10.0106614572,44.9426647065,automatic,Domestico
PR-F11-00,Pozzo,PR,FIDENZA,9015ER-DQ1-FPF,Freatico di pianura fluviale,586763,4968685,65.8,6.79,,,,,automatic,10.0982879644,44.8663011721,automatic,Non in uso
RA03-00,Pozzo,RA,MASSALOMBARDA,0610ER-DQ2-PACS,Pianura Alluvionale Appenninica - confinato superiore,724418,4924919,11.3,102.0,Fondo foro,1.0,95.0,102.0,automatic,11.8201658614,44.4427514984,automatic,Irriguo
RA05-00,Pozzo,RA,BAGNACAVALLO,0610ER-DQ2-PACS,Pianura Alluvionale Appenninica - confinato superiore,741015,4930369,5.0,108.0,Fondo foro,1.0,101.72,106.72,automatic,12.0309898501,44.4864106546,automatic,Non in uso
RA08-00,Pozzo,RA,FAENZA,0610ER-DQ2-PACS,Pianura Alluvionale Appenninica - confinato superiore,738690,4915703,15.0,96.0,Fondo foro,1.0,87.56,96.0,automatic,11.99504565,44.3553278646,automatic,
RA09-00,Pozzo,RA,RAVENNA,0640ER-DQ2-PCC,Pianura Alluvionale Costiera - confinato,758180,4941791,0.43,273.0,,,142.0,150.0,automatic,12.2522369434,44.5831446513,automatic,Non in uso
RA09-01,Pozzo,RA,RAVENNA,0640ER-DQ2-PCC,Pianura Alluvionale Costiera - confinato,758227,4940523,0.43,150.0,Fondo foro,1.0,142.0,150.0,automatic,12.2521920343,44.571730928,automatic,Zootecnico
RA12-01,Pozzo,RA,RAVENNA,0640ER-DQ2-PCC,Pianura Alluvionale Costiera - confinato,755883,4938447,1.57,155.0,,,,,automatic,12.2216866056,44.5539074527,automatic,Non in uso
RA13-02,Pozzo,RA,RAVENNA,0640ER-DQ2-PCC,Pianura Alluvionale Costiera - confinato,756201,4911624,2.08,215.0,Fondo foro,1.0,206.0,215.0,automatic,12.2124350449,44.3126934419,automatic,Irriguo
RA14-01,Pozzo,RA,RAVENNA,2700ER-DQ2-PACI,Pianura Alluvionale - confinato inferiore,745922,4913833,7.3,248.0,Fondo foro,1.0,242.0,248.0,automatic,12.0847802771,44.3361025509,automatic,Industriale
RA15-00,Pozzo,RA,CASTEL BOLOGNESE,0522ER-DQ2-CC,Conoide Senio - confinato,723585,4913863,29.82,31.74,,1.0,17.61,21.0,automatic,11.8049539369,44.3435931189,automatic,civile
RA17-01,Pozzo,RA,FAENZA,2700ER-DQ2-PACI,Pianura Alluvionale - confinato inferiore,730858,4912855,22.0,106.0,Fondo foro,1.0,100.0,106.0,automatic,11.8956359099,44.3322537622,automatic,Domestico
RA18-00,Pozzo,RA,FAENZA,2700ER-DQ2-PACI,Pianura Alluvionale - confinato inferiore,726769,4909433,38.2,67.0,Fondo foro,1.0,57.0,67.0,automatic,11.8429238617,44.3027715939,automatic,Domestico
RA21-01,Pozzo,RA,RAVENNA,0640ER-DQ2-PCC,Pianura Alluvionale Costiera - confinato,766702,4912271,1.65,370.0,,,,,automatic,12.3442165103,44.3147319664,automatic,Irriguo
RA24-00,Pozzo,RA,RAVENNA,0640ER-DQ2-PCC,Pianura Alluvionale Costiera - confinato,760513,4938208,1.2,265.3,Fondo foro,1.0,240.8,265.3,automatic,12.2797654226,44.5501010819,automatic,Non in uso
RA24-01,Pozzo,RA,RAVENNA,0640ER-DQ2-PCC,Pianura Alluvionale Costiera - confinato,760474,4936523,0.7,183.5,,,,,automatic,12.2784242582,44.534970581,automatic,Irriguo
RA29-00,Pozzo,RA,RAVENNA,0640ER-DQ2-PCC,Pianura Alluvionale Costiera - confinato,760044,4932212,0.7,251.0,Fondo foro,1.0,232.92,250.87,automatic,12.2708503605,44.4963784831,automatic,Irriguo
RA30-00,Pozzo,RA,RAVENNA,2700ER-DQ2-PACI,Pianura Alluvionale - confinato inferiore,752680,4930373,1.6,230.08,Fondo foro,1.0,218.0,230.08,automatic,12.1774708266,44.4824616754,automatic,Irriguo
RA33-00,Pozzo,RA,RAVENNA,0640ER-DQ2-PCC,Pianura Alluvionale Costiera - confinato,761243,4922887,1.5,214.0,Fondo foro,1.0,206.3,213.6,automatic,12.2812052372,44.4121328783,automatic,Irriguo
RA33-01,Pozzo,RA,RAVENNA,0640ER-DQ2-PCC,Pianura Alluvionale Costiera - confinato,761244,4922912,0.5,205.0,Fondo foro,1.0,187.0,205.0,automatic,12.2812303542,44.4123572195,automatic,Irriguo
RA34-00,Pozzo,RA,RAVENNA,2700ER-DQ2-PACI,Pianura Alluvionale - confinato inferiore,755369,4918940,2.9,207.5,Fondo foro,1.0,197.18,207.41,automatic,12.2056046675,44.3787487458,automatic,Domestico
RA34-02,Pozzo,RA,RAVENNA,0610ER-DQ2-PACS,Pianura Alluvionale Appenninica - confinato superiore,754282,4919291,3.9,120.0,,,,,automatic,12.192152433,44.3822857793,automatic,Domestico
RA35-00,Pozzo,RA,RAVENNA,2700ER-DQ2-PACI,Pianura Alluvionale - confinato inferiore,750390,4917832,4.9,237.0,Fondo foro,1.0,223.0,236.91,automatic,12.142665223,44.3705246449,automatic,Non in uso
RA35-01,Pozzo,RA,RAVENNA,2700ER-DQ2-PACI,Pianura Alluvionale - confinato inferiore,747923,4916849,8.5,230.0,,,,,automatic,12.1112790556,44.3625351332,automatic,Irriguo
RA36-00,Pozzo,RA,RAVENNA,0640ER-DQ2-PCC,Pianura Alluvionale Costiera - confinato,763639,4917210,0.66,280.0,Fondo foro,1.0,265.0,280.0,automatic,12.3083708918,44.3602408549,automatic,Irriguo
RA36-01,Pozzo,RA,RAVENNA,0640ER-DQ2-PCC,Pianura Alluvionale Costiera - confinato,761527,4918363,0.4,180.0,,,,,automatic,12.2824903776,44.3713683208,automatic,Irriguo
RA38-00,Pozzo,RA,RAVENNA,2700ER-DQ2-PACI,Pianura Alluvionale - confinato inferiore,759174,4907496,4.8,285.0,,2.0,256.0,282.0,automatic,12.2476058128,44.2745348371,automatic,Non in uso
RA39-00,Pozzo,RA,RAVENNA,2700ER-DQ2-PACI,Pianura Alluvionale - confinato inferiore,754064,4906316,9.55,180.0,Fondo foro,1.0,173.0,177.0,automatic,12.1831004051,44.2657291998,automatic,Non in uso
RA41-02,Pozzo,RA,RAVENNA,0640ER-DQ2-PCC,Pianura Alluvionale Costiera - confinato,764107,4912914,1.7,318.68,Fondo foro,1.0,286.0,318.0,automatic,12.3120571105,44.3214586964,automatic,Zootecnico
RA42-01,Pozzo,RA,RAVENNA,0610ER-DQ2-PACS,Pianura Alluvionale Appenninica - confinato superiore,755862,4924811,2.2,150.0,,,,,automatic,12.214675393,44.4313475929,automatic,Domestico
RA42-02,Pozzo,RA,RAVENNA,0610ER-DQ2-PACS,Pianura Alluvionale Appenninica - confinato superiore,750215,4924945,2.1,180.0,,,,,automatic,12.1438979848,44.4345260148,automatic,Irriguo
RA44-00,Pozzo,RA,CONSELICE,0610ER-DQ2-PACS,Pianura Alluvionale Appenninica - confinato superiore,722038,4933143,9.0,327.0,,,,,automatic,11.7938224718,44.517436327,automatic,Irriguo
RA45-01,Pozzo,RA,RAVENNA,0640ER-DQ2-PCC,Pianura Alluvionale Costiera - confinato,751774,4936004,2.89,271.0,,,,,automatic,12.1688391464,44.5333945523,automatic,Non in uso
RA47-00,Pozzo,RA,RAVENNA,2700ER-DQ2-PACI,Pianura Alluvionale - confinato inferiore,746633,4927545,4.1,325.2,Fondo foro,1.0,317.0,325.2,automatic,12.1001941045,44.4591283648,automatic,Non in uso
RA48-01,Pozzo,RA,FAENZA,2700ER-DQ2-PACI,Pianura Alluvionale - confinato inferiore,737141,4909916,19.0,281.28,,6.0,75.77,281.28,automatic,11.9730033493,44.3038056402,automatic,Non in uso
RA48-02,Pozzo,RA,RUSSI,2700ER-DQ2-PACI,Pianura Alluvionale - confinato inferiore,742338,4919132,9.6,253.0,Fondo foro,1.0,242.0,252.0,automatic,12.0423534988,44.3849465134,automatic,Industriale
RA49-00,Pozzo,RA,RAVENNA,2700ER-DQ2-PACI,Pianura Alluvionale - confinato inferiore,752304,4925658,1.1,229.0,Fondo foro,1.0,205.0,229.0,automatic,12.1704529282,44.4402100729,automatic,Non in uso
RA53-04,Pozzo,RA,CERVIA,0640ER-DQ2-PCC,Pianura Alluvionale Costiera - confinato,765442,4909103,2.0,120.0,Fondo foro,1.0,114.0,120.0,automatic,12.3268336302,44.2867197316,automatic,Irriguo
RA54-01,Pozzo,RA,CERVIA,2700ER-DQ2-PACI,Pianura Alluvionale - confinato inferiore,766736,4905970,1.3,350.0,Fondo foro,1.0,345.0,350.0,automatic,12.3414265632,44.2580879367,automatic,Non in uso
RA54-02,Pozzo,RA,CERVIA,0610ER-DQ2-PACS,Pianura Alluvionale Appenninica - confinato superiore,766938,4906596,1.2,280.0,,,,,automatic,12.3442720418,44.2636402568,automatic,Non in uso
RA54-03,Pozzo,RA,CERVIA,2700ER-DQ2-PACI,Pianura Alluvionale - confinato inferiore,763492,4906179,0.9,240.0,,,,,automatic,12.3009612355,44.2611472893,automatic,Irriguo
RA55-02,Pozzo,RA,COTIGNOLA,0610ER-DQ2-PACS,Pianura Alluvionale Appenninica - confinato superiore,729890,4918790,18.0,300.0,,3.0,69.5,300.0,automatic,11.8861303179,44.3859253981,automatic,Domestico
RA58-00,Pozzo,RA,FUSIGNANO,2700ER-DQ2-PACI,Pianura Alluvionale - confinato inferiore,735531,4928175,8.7,460.0,,4.0,236.0,451.0,automatic,11.9611174959,44.4684936254,automatic,Irriguo
RA59-01,Pozzo,RA,BAGNACAVALLO,2700ER-DQ2-PACI,Pianura Alluvionale - confinato inferiore,737143,4921852,9.0,408.1,Fondo foro,1.0,381.2,408.1,automatic,11.9784644881,44.4111189766,automatic,Industriale
RA60-01,Pozzo,RA,ALFONSINE,0610ER-DQ2-PACS,Pianura Alluvionale Appenninica - confinato superiore,735399,4932471,4.76,250.0,,,,,automatic,11.9614155503,44.5071606736,automatic,Irriguo
RA66-01,Pozzo,RA,RAVENNA,0640ER-DQ2-PCC,Pianura Alluvionale Costiera - confinato,757991,4912838,0.7,150.0,,,,,automatic,12.2354441818,44.3229725812,automatic,Zootecnico
RA67-00,Pozzo,RA,RAVENNA,2700ER-DQ2-PACI,Pianura Alluvionale - confinato inferiore,747675,4921574,4.3,275.0,,,,,automatic,12.1104218587,44.4050958031,automatic,Non in uso
RA67-01,Pozzo,RA,RAVENNA,0610ER-DQ2-PACS,Pianura Alluvionale Appenninica - confinato superiore,747277,4920444,2.3,236.0,,,,,automatic,12.1048930835,44.3950734495,automatic,Irriguo
RA71-00,Pozzo,RA,CONSELICE,2700ER-DQ2-PACI,Pianura Alluvionale - confinato inferiore,726046,4937271,4.95,225.0,,,,,automatic,11.8460010675,44.5533092327,automatic,Non in uso
RA73-00,Pozzo,RA,CERVIA,2700ER-DQ2-PACI,Pianura Alluvionale - confinato inferiore,769981,4902222,2.0,180.0,,,,,automatic,12.3800758235,44.2232074581,automatic,Non in uso
RA73-01,Pozzo,RA,CERVIA,2700ER-DQ2-PACI,Pianura Alluvionale - confinato inferiore,768984,4904266,1.5,242.0,,,,,automatic,12.3686640958,44.2419464704,automatic,Domestico
RA76-03,Pozzo,RA,COTIGNOLA,0610ER-DQ2-PACS,Pianura Alluvionale Appenninica - confinato superiore,734106,4919319,16.0,356.0,,,,,automatic,11.9392292738,44.3893326169,automatic,Industriale
RA77-00,Pozzo,RA,CASTEL BOLOGNESE,0220ER-DQ1-CL,Conoide Senio - libero,722887,4911491,39.84,37.2,Fondo foro,1.0,29.0,35.2,automatic,11.7951935256,44.3224781144,automatic,civile
RA78-00,Pozzo,RA,FAENZA,0230ER-DQ1-CL,Conoide Lamone - libero,730747,4908299,33.0,45.0,Fondo foro,1.0,35.0,44.88,automatic,11.8922311293,44.2913236663,automatic,Monitoraggio
RA79-00,Pozzo,RA,SOLAROLO,0522ER-DQ2-CC,Conoide Senio - confinato,726558,4915324,24.83,300.0,,,,,automatic,11.8428414434,44.35580865,automatic,Altro
RA80-01,Pozzo,RA,RAVENNA,0610ER-DQ2-PACS,Pianura Alluvionale Appenninica - confinato superiore,748414,4919186,2.5,115.0,Fondo foro,1.0,103.0,115.0,automatic,12.1185475295,44.3833758377,automatic,Irriguo
RA80-02,Pozzo,RA,RAVENNA,0610ER-DQ2-PACS,Pianura Alluvionale Appenninica - confinato superiore,748688,4920131,2.6,120.0,Fondo foro,1.0,114.0,120.0,automatic,12.1224342311,44.3917770062,automatic,Zootecnico
RA82-00,Pozzo,RA,RAVENNA,2700ER-DQ2-PACI,Pianura Alluvionale - confinato inferiore,747033,4929315,3.32,221.0,,,,,automatic,12.1060592865,44.4749033077,automatic,Non in uso
RA84-01,Pozzo,RA,RAVENNA,0640ER-DQ2-PCC,Pianura Alluvionale Costiera - confinato,752295,4908913,11.06,180.0,Fondo foro,1.0,175.0,180.0,automatic,12.1622237614,44.2896896481,automatic,Irriguo
RA85-00,Pozzo,RA,FAENZA,2700ER-DQ2-PACI,Pianura Alluvionale - confinato inferiore,737064,4904662,24.2,242.0,,3.0,129.0,242.0,automatic,11.969656794,44.2565923233,automatic,Irriguo
RA89-00,Pozzo,RA,FAENZA,0532ER-DQ2-CC,Conoide Lamone - confinato,728640,4908289,38.6,87.63,,1.0,52.0,87.63,automatic,11.8658501263,44.2918990934,automatic,Industriale
RA89-02,Pozzo,RA,FAENZA,0532ER-DQ2-CC,Conoide Lamone - confinato,731384,4905584,45.2,65.0,,,,,automatic,11.8990036737,44.2667093373,automatic,Domestico
RA90-00,Pozzo,RA,FAENZA,0230ER-DQ1-CL,Conoide Lamone - libero,727550,4905022,45.0,15.3,Fondo foro,1.0,10.3,15.3,automatic,11.8507826791,44.2628643543,automatic,Irriguo
RAA1-00,Pozzo,RA,CASTEL BOLOGNESE,0220ER-DQ1-CL,Conoide Senio - libero,723285,4911696,37.9,60.0,Fondo foro,1.0,42.5,58.0,automatic,11.8002666281,44.3241993238,automatic,Irriguo
RAA2-00,Pozzo,RA,RIOLO TERME,5090ER-AV2-VA,Depositi vallate App. Senio-Savio,715831,4905590,82.0,12.0,,,,,automatic,11.7043662586,44.2715408295,automatic,Domestico
RA-F01-00,Pozzo,RA,CONSELICE,9015ER-DQ1-FPF,Freatico di pianura fluviale,728959,4940178,5.0,5.73,,,,,automatic,11.8839230442,44.5785272618,automatic,Domestico
RA-F06-00,Piezometro,RA,RAVENNA,9020ER-DQ1-FPC,Freatico di pianura costiero,755574,4929643,1.12,10.0,,,,,automatic,12.2134459265,44.4748823479,automatic,Monitoraggio
RA-F13-01,Pozzo,RA,BAGNACAVALLO,9015ER-DQ1-FPF,Freatico di pianura fluviale,737935,4924053,8.3,7.0,,,,,automatic,11.9894074744,44.4306475297,automatic,Domestico
RA-F14-00,Pozzo,RA,RUSSI,9015ER-DQ1-FPF,Freatico di pianura fluviale,745191,4920756,5.8,7.25,,,,,automatic,12.0788855319,44.3985869357,automatic,Domestico
RA-F16-00,Piezometro,RA,RAVENNA,9020ER-DQ1-FPC,Freatico di pianura costiero,765347,4915210,1.0,10.5,,,,,automatic,12.3287497823,44.3416429392,automatic,Monitoraggio
RA-F22-00,Pozzo,RA,RAVENNA,9015ER-DQ1-FPF,Freatico di pianura fluviale,747972,4908087,13.9,7.7,,,,,automatic,12.1077279095,44.2837504879,automatic,Non in uso
RA-F23-01,Pozzo,RA,CERVIA,9015ER-DQ1-FPF,Freatico di pianura fluviale,758727,4902869,16.0,11.0,,,,,automatic,12.2397269457,44.2331032168,automatic,Domestico
RE01-03,Pozzo,RE,BRESCELLO,0630ER-DQ2-PPCS,Pianura Alluvionale Padana - confinato superiore,616999,4968726,28.6,130.0,,,,,automatic,10.4809280382,44.8623487651,automatic,Industriale
RE03-01,Pozzo,RE,GUALTIERI,0630ER-DQ2-PPCS,Pianura Alluvionale Padana - confinato superiore,629018,4969333,19.07,60.0,,,,,automatic,10.6331554629,44.8657371296,automatic,Industriale
RE04-00,Pozzo,RE,POVIGLIO,0610ER-DQ2-PACS,Pianura Alluvionale Appenninica - confinato superiore,622139,4966148,28.37,108.0,Fondo foro,1.0,105.5,108.0,automatic,10.5453443784,44.8382875795,automatic,Irriguo
RE06-00,Pozzo,RE,GATTATICO,0610ER-DQ2-PACS,Pianura Alluvionale Appenninica - confinato superiore,616008,4965393,33.42,113.0,Fondo foro,1.0,110.0,113.0,automatic,10.4676264694,44.8325163519,automatic,Zootecnico
RE10-00,Pozzo,RE,GUASTALLA,0630ER-DQ2-PPCS,Pianura Alluvionale Padana - confinato superiore,630724,4975490,22.13,112.0,Fondo foro,1.0,85.0,112.0,automatic,10.6563316164,44.9208290515,automatic,Non in uso
RE14-01,Pozzo,RE,CAMPAGNOLA E.,0620ER-DQ2-TPAPCS,Transizione Pianura Appenninica-Padana - confinato superiore,638714,4966789,24.71,97.0,,,,,automatic,10.755139656,44.8410256455,automatic,Irriguo
RE15-00,Pozzo,RE,CAMPAGNOLA E.,2700ER-DQ2-PACI,Pianura Alluvionale - confinato inferiore,638692,4964900,25.86,170.0,,,,,automatic,10.7543455275,44.8240327681,automatic,Non in uso
RE16-01,Pozzo,RE,CAMPEGINE,2370ER-DQ2-CCI,Conoide Enza - confinato inferiore,618355,4958394,39.0,120.0,,1.0,86.0,89.0,automatic,10.4956799907,44.7691458048,automatic,civile
RE18-03,Pozzo,RE,CADELBOSCO DI SOPRA,2700ER-DQ2-PACI,Pianura Alluvionale - confinato inferiore,628927,4964032,22.3,240.0,Fondo foro,1.0,238.0,240.0,automatic,10.6306575377,44.8180524259,automatic,Zootecnico
RE19-01,Pozzo,RE,BAGNOLO IN PIANO,0610ER-DQ2-PACS,Pianura Alluvionale Appenninica - confinato superiore,632515,4957696,32.0,70.0,Fondo foro,1.0,65.0,70.0,automatic,10.6743695289,44.7603816468,automatic,Industriale
RE19-02,Pozzo,RE,BAGNOLO IN PIANO,0610ER-DQ2-PACS,Pianura Alluvionale Appenninica - confinato superiore,632048,4958671,32.0,75.0,,,,,automatic,10.6687239682,44.7692415048,automatic,Irriguo
RE19-03,Pozzo,RE,BAGNOLO IN PIANO,0610ER-DQ2-PACS,Pianura Alluvionale Appenninica - confinato superiore,631967,4957053,33.2,70.0,,,,,automatic,10.6672818642,44.7546969056,automatic,
RE21-00,Pozzo,RE,CORREGGIO,0610ER-DQ2-PACS,Pianura Alluvionale Appenninica - confinato superiore,643429,4959572,29.1,116.0,Fondo foro,1.0,108.0,111.0,automatic,10.8127331996,44.7751568853,automatic,Zootecnico
RE22-00,Pozzo,RE,S.ILARIO D'ENZA,2370ER-DQ2-CCI,Conoide Enza - confinato inferiore,616819,4954961,60.67,90.0,,3.0,45.0,86.0,automatic,10.4754891597,44.7385036531,automatic,Irriguo
RE23-00,Pozzo,RE,REGGIO NELL'EMILIA,0370ER-DQ2-CCS,Conoide Enza - confinato superiore,623908,4955035,38.7,74.0,,3.0,27.2,73.6,automatic,10.5650127694,44.7379778712,automatic,civile
RE23-01,Pozzo,RE,REGGIO NELL'EMILIA,2370ER-DQ2-CCI,Conoide Enza - confinato inferiore,624032,4954957,38.7,267.5,,5.0,82.63,218.42,automatic,10.5665594031,44.7372544817,automatic,Non in uso
RE23-02,Pozzo,RE,REGGIO NELL'EMILIA,0370ER-DQ2-CCS,Conoide Enza - confinato superiore,623977,4954802,38.7,33.5,,,,,automatic,10.5658273441,44.7358691656,automatic,Acquedottistico
RE24-00,Pozzo,RE,REGGIO NELL'EMILIA,2370ER-DQ2-CCI,Conoide Enza - confinato inferiore,623901,4955026,38.98,278.0,,6.0,132.9,263.9,automatic,10.5649222042,44.7378980917,automatic,Non in uso
RE25-00,Pozzo,RE,CAVRIAGO,2370ER-DQ2-CCI,Conoide Enza - confinato inferiore,620162,4952943,58.99,160.0,,7.0,52.0,156.0,automatic,10.5172235982,44.7197900372,automatic,acquedottistico
RE25-01,Piezometro,RE,CAVRIAGO,2370ER-DQ2-CCI,Conoide Enza - confinato inferiore,619416,4952951,60.47,84.0,Fondo foro,1.0,69.0,84.0,automatic,10.5078093761,44.7199867621,automatic,Monitoraggio
RE26-00,Pozzo,RE,CAVRIAGO,2370ER-DQ2-CCI,Conoide Enza - confinato inferiore,621961,4951098,59.65,150.0,,9.0,50.5,76.0,automatic,10.5394902013,44.7028826613,automatic,civile
RE31-00,Pozzo,RE,S.MARTINO IN RIO,2700ER-DQ2-PACI,Pianura Alluvionale - confinato inferiore,641894,4952670,38.32,165.0,Fondo foro,1.0,152.5,157.5,automatic,10.7914229439,44.7133594741,automatic,Irriguo
RE32-00,Pozzo,RE,MONTECCHIO EMILIA,0090ER-DQ1-CL,Conoide Enza - libero,614113,4949322,106.66,80.0,,1.0,30.5,37.5,automatic,10.4400624465,44.6881917072,automatic,civile
RE33-00,Pozzo,RE,BIBBIANO,0090ER-DQ1-CL,Conoide Enza - libero,615503,4948290,112.72,56.0,,4.0,20.0,56.0,automatic,10.4573651734,44.6786817117,automatic,Irriguo
RE33-02,Pozzo,RE,BIBBIANO,0090ER-DQ1-CL,Conoide Enza - libero,615874,4947650,116.2,61.0,,1.0,18.0,59.0,automatic,10.4618999184,44.672862206,automatic,Acquedottistico
RE34-03,Pozzo,RE,REGGIO NELL'EMILIA,0610ER-DQ2-PACS,Pianura Alluvionale Appenninica - confinato superiore,627945,4955902,37.2,85.0,,,,,automatic,10.6161993419,44.7450697908,automatic,Industriale
RE36-00,Pozzo,RE,REGGIO NELL'EMILIA,2380ER-DQ2-CCI,Conoide Crostolo-Tresinaro - confinato inferiore,633837,4948233,54.79,109.0,Fondo foro,1.0,82.0,101.0,automatic,10.6885871431,44.6749832137,automatic,Irriguo
RE37-00,Pozzo,RE,REGGIO NELL'EMILIA,0650ER-DET1-CMSG,Conoidi montane e Sabbie gialle occidentali,625488,4946534,100.41,90.0,,3.0,41.5,80.7,automatic,10.5828751182,44.6612025655,automatic,Acquedottistico
RE38-03,Pozzo,RE,RUBIERA,0390ER-DQ2-CCS,Conoide Secchia - confinato superiore,641074,4948577,46.0,60.0,,,,,automatic,10.7799464876,44.6766923228,automatic,Irriguo
RE39-00,Pozzo,RE,REGGIO NELL'EMILIA,0380ER-DQ2-CCS,Conoide Crostolo-Tresinaro - confinato superiore,633322,4946975,57.38,28.0,Fondo foro,1.0,24.0,26.0,automatic,10.6817648457,44.6637588876,automatic,Irriguo
RE42-03,Pozzo,RE,REGGIO NELL'EMILIA,0610ER-DQ2-PACS,Pianura Alluvionale Appenninica - confinato superiore,634445,4954582,38.0,50.0,,,,,automatic,10.6979243705,44.7320006593,automatic,
RE43-00,Pozzo,RE,ALBINEA,0650ER-DET1-CMSG,Conoidi montane e Sabbie gialle occidentali,630696,4942166,111.93,41.0,Fondo foro,1.0,37.0,41.0,automatic,10.6474280046,44.6209667465,automatic,civile
RE44-00,Pozzo,RE,ALBINEA,0650ER-DET1-CMSG,Conoidi montane e Sabbie gialle occidentali,631486,4942979,91.3,90.0,,4.0,26.6,72.9,automatic,10.6575900768,44.6281386774,automatic,Irriguo
RE45-00,Pozzo,RE,RUBIERA,2390ER-DQ2-CCI,Conoide Secchia - confinato inferiore,641743,4945300,53.38,305.0,,6.0,243.0,295.0,automatic,10.7874766972,44.6470738001,automatic,acquedottistico
RE46-00,Pozzo,RE,SCANDIANO,0380ER-DQ2-CCS,Conoide Crostolo-Tresinaro - confinato superiore,637544,4942699,67.72,48.0,Fondo foro,1.0,46.0,48.0,automatic,10.7338516823,44.6244853837,automatic,Irriguo
RE46-01,Pozzo,RE,SCANDIANO,0380ER-DQ2-CCS,Conoide Crostolo-Tresinaro - confinato superiore,636501,4943043,70.9,64.0,,,,,automatic,10.7208012451,44.6277796638,automatic,civile
RE47-00,Pozzo,RE,CASALGRANDE,2390ER-DQ2-CCI,Conoide Secchia - confinato inferiore,641368,4942502,62.3,258.0,Fondo foro,1.0,213.0,247.0,automatic,10.7819790791,44.6219709002,automatic,acquedottistico
RE48-00,Pozzo,RE,CASALGRANDE,0380ER-DQ2-CCS,Conoide Crostolo-Tresinaro - confinato superiore,637473,4939413,94.07,30.0,,,,,automatic,10.7320778047,44.5949301494,automatic,Non in uso
RE48-03,Pozzo,RE,SCANDIANO,0110ER-DQ1-CL,Conoide Tresinaro - libero,635422,4940058,89.0,30.0,,,,,automatic,10.7064178464,44.6011231395,automatic,Irriguo
RE48-04,Pozzo,RE,SCANDIANO,0380ER-DQ2-CCS,Conoide Crostolo-Tresinaro - confinato superiore,637693,4941644,68.0,36.0,,,,,automatic,10.7354461898,44.614963555,automatic,Irriguo
RE49-01,Pozzo,RE,CASALGRANDE,0390ER-DQ2-CCS,Conoide Secchia - confinato superiore,638432,4939123,88.88,80.0,,,,,automatic,10.7440769999,44.592136764,automatic,civile
RE50-00,Pozzo,RE,CASALGRANDE,0120ER-DQ1-CL,Conoide Secchia - libero,641180,4939682,79.85,158.0,,6.0,55.0,156.0,automatic,10.778835526,44.5966329266,automatic,Acquedottistico
RE53-02,Pozzo,RE,ROLO,0630ER-DQ2-PPCS,Pianura Alluvionale Padana - confinato superiore,645934,4972889,18.7,81.0,Fondo foro,1.0,67.0,81.0,automatic,10.8482036928,44.894469885,automatic,Industriale
RE54-00,Pozzo,RE,SANT'ILARIO D'ENZA,0090ER-DQ1-CL,Conoide Enza - libero,614257,4956182,63.77,113.0,,5.0,11.0,113.0,automatic,10.4434134957,44.7499054441,automatic,Industriale
RE54-02,Pozzo,RE,SANT'ILARIO D'ENZA,0090ER-DQ1-CL,Conoide Enza - libero,614059,4955328,66.0,50.0,,,,,automatic,10.4407219889,44.7422514726,automatic,Irriguo
RE55-00,Pozzo,RE,REGGIO NELL'EMILIA,2380ER-DQ2-CCI,Conoide Crostolo-Tresinaro - confinato inferiore,627553,4950455,55.35,150.0,,3.0,90.0,146.0,automatic,10.6098893581,44.6961232477,automatic,Irriguo
RE58-00,Pozzo,RE,GUASTALLA,0630ER-DQ2-PPCS,Pianura Alluvionale Padana - confinato superiore,636117,4975145,20.2,119.0,,,,,automatic,10.7245401066,44.9167134568,automatic,Zootecnico
RE60-00,Pozzo,RE,BORETTO,0630ER-DQ2-PPCS,Pianura Alluvionale Padana - confinato superiore,623377,4973053,22.51,110.0,,,,,automatic,10.562683009,44.90021119,automatic,civile
RE68-00,Pozzo,RE,RIO SALICETO,2700ER-DQ2-PACI,Pianura Alluvionale - confinato inferiore,642964,4965924,22.6,225.0,Fondo foro,1.0,220.0,225.0,automatic,10.808644704,44.8324037048,automatic,Zootecnico
RE69-00,Pozzo,RE,SANT'ILARIO D'ENZA,0090ER-DQ1-CL,Conoide Enza - libero,615347,4955861,60.8,112.0,Fondo foro,1.0,81.0,100.0,automatic,10.4571064929,44.7468417902,automatic,Acquedottistico
RE70-00,Pozzo,RE,QUATTRO CASTELLA,0650ER-DET1-CMSG,Conoidi montane e Sabbie gialle occidentali,621239,4944491,138.3,88.0,,3.0,46.0,74.0,automatic,10.5288154255,44.6435472134,automatic,Acquedottistico
RE71-00,Pozzo,RE,MONTECCHIO EMILIA,0090ER-DQ1-CL,Conoide Enza - libero,613417,4947904,116.0,57.0,,1.0,43.0,48.0,automatic,10.4309677053,44.6755406484,automatic,Irriguo
RE72-02,Pozzo,RE,BIBBIANO,0090ER-DQ1-CL,Conoide Enza - libero,614707,4946585,127.1,70.0,,,,,automatic,10.446942898,44.6634651481,automatic,Industriale
RE73-01,Pozzo,RE,REGGIO NELL'EMILIA,2370ER-DQ2-CCI,Conoide Enza - confinato inferiore,624110,4950447,57.8,63.0,Fondo foro,1.0,60.0,63.0,automatic,10.5664485806,44.6966554633,automatic,civile
RE74-00,Pozzo,RE,BIBBIANO,0650ER-DET1-CMSG,Conoidi montane e Sabbie gialle occidentali,619199,4949267,100.0,44.0,,1.0,35.0,38.0,automatic,10.5042114166,44.6868695247,automatic,Irriguo
RE76-00,Pozzo,RE,REGGIO NELL'EMILIA,2380ER-DQ2-CCI,Conoide Crostolo-Tresinaro - confinato inferiore,630151,4946622,65.3,103.0,Fondo foro,1.0,100.0,103.0,automatic,10.6416917744,44.661164254,automatic,irriguo
RE77-00,Pozzo,RE,ALBINEA,0650ER-DET1-CMSG,Conoidi montane e Sabbie gialle occidentali,627659,4942140,145.0,70.0,Fondo foro,1.0,64.0,66.0,automatic,10.6091552678,44.6212784765,automatic,Irriguo
RE77-01,Pozzo,RE,ALBINEA,0650ER-DET1-CMSG,Conoidi montane e Sabbie gialle occidentali,627726,4942145,143.0,100.0,Fondo foro,0.0,0.0,0.0,automatic,10.6100007215,44.6213115707,automatic,Irriguo
RE78-00,Pozzo,RE,QUATTRO CASTELLA,0380ER-DQ2-CCS,Conoide Crostolo-Tresinaro - confinato superiore,623581,4943104,149.1,100.0,,2.0,29.1,50.3,automatic,10.558002983,44.6306662814,automatic,Domestico
RE79-01,Pozzo,RE,BIBBIANO,0650ER-DET1-CMSG,Conoidi montane e Sabbie gialle occidentali,616803,4945480,135.0,60.0,Fondo foro,1.0,40.0,60.0,automatic,10.4731218635,44.653182727,automatic,Irriguo
RE80-01,Pozzo,RE,CASALGRANDE,0110ER-DQ1-CL,Conoide Tresinaro - libero,636801,4939110,102.4,101.0,,,,,automatic,10.7235342183,44.5923316765,automatic,Zootecnico
RE80-03,Pozzo,RE,SCANDIANO,0650ER-DET1-CMSG,Conoidi montane e Sabbie gialle occidentali,634705,4938158,139.0,20.0,,,,,automatic,10.6968893431,44.5841603784,automatic,Irriguo
RE80-04,Pozzo,RE,CASALGRANDE,0650ER-DET1-CMSG,Conoidi montane e Sabbie gialle occidentali,637736,4937195,132.0,78.0,,,,,automatic,10.7347960699,44.5749212956,automatic,Industriale
RE81-00,Pozzo,RE,REGGIO NELL'EMILIA,0380ER-DQ2-CCS,Conoide Crostolo-Tresinaro - confinato superiore,631235,4952549,40.2,60.0,,,,,automatic,10.6568795743,44.7143019449,automatic,Irriguo
RE82-00,Pozzo,RE,MONTECCHIO EMILIA,0090ER-DQ1-CL,Conoide Enza - libero,613605,4948382,116.0,67.0,,1.0,45.0,52.0,automatic,10.4334450144,44.6798127239,automatic,Domestico
RE83-00,Pozzo,RE,CANOSSA,5030ER-AV2-VA,Depositi vallate App. Taro-Enza-Tresinaro,611593,4939680,190.0,5.5,,,,,automatic,10.4061723962,44.601812454,automatic,Irriguo
RE84-00,Pozzo,RE,SCANDIANO,0110ER-DQ1-CL,Conoide Tresinaro - libero,631535,4937605,121.3,10.0,,,,,automatic,10.6568320632,44.5797702644,automatic,Domestico
RE85-00,Pozzo,RE,REGGIO NELL'EMILIA,0100ER-DQ1-CL,Conoide Crostolo - libero,627808,4948101,74.2,14.2,,,,,automatic,10.6125185985,44.6748945424,automatic,Domestico
RE85-01,Pozzo,RE,REGGIO NELL'EMILIA,0100ER-DQ1-CL,Conoide Crostolo - libero,627138,4949623,63.0,55.0,Fondo foro,,,,automatic,10.6044467717,44.6887098844,automatic,Irriguo
RE86-00,Pozzo,RE,CASTELLARANO,5040ER-AV2-VA,Depositi vallate App. Secchia,634199,4926401,181.0,17.0,,,,,automatic,10.6874594118,44.478456575,automatic,Domestico
RE86-01,Pozzo,RE,CASTELLARANO,5040ER-AV2-VA,Depositi vallate App. Secchia,633255,4926551,197.0,15.0,,,,,automatic,10.6756329782,44.4799811373,automatic,Domestico
RE90-00,Pozzo,RE,REGGIO NELL'EMILIA,0100ER-DQ1-CL,Conoide Crostolo - libero,627639,4946815,93.4,34.0,,,,,automatic,10.6100667214,44.6633520511,automatic,Irriguo
RE-F01-00,Pozzo,RE,REGGIO NELL'EMILIA,9015ER-DQ1-FPF,Freatico di pianura fluviale,635132,4948538,53.5,7.2,,,,,automatic,10.7049991474,44.6774850404,automatic,Domestico
RE-F03-00,Pozzo,RE,CORREGGIO,9015ER-DQ1-FPF,Freatico di pianura fluviale,643911,4960799,27.5,11.0,,,,,automatic,10.819168681,44.7861002635,automatic,Domestico
RE-F05-00,Pozzo,RE,CADELBOSCO DI SOPRA,9015ER-DQ1-FPF,Freatico di pianura fluviale,628880,4959432,27.5,6.5,,,,,automatic,10.6288980365,44.776667345,automatic,Domestico
RE-F11-00,Pozzo,RE,BRESCELLO,9015ER-DQ1-FPF,Freatico di pianura fluviale,617034,4972417,25.0,5.4,,,,,automatic,10.4822236229,44.8955587102,automatic,Domestico
RE-F11-01,Pozzo,RE,BRESCELLO,9015ER-DQ1-FPF,Freatico di pianura fluviale,620232,4972010,25.0,8.0,,,,,automatic,10.5226151856,44.8913633768,automatic,Domestico
RE-F12-00,Pozzo,RE,GUALTIERI,9015ER-DQ1-FPF,Freatico di pianura fluviale,629949,4973962,22.0,5.3,,,,,automatic,10.6461234149,44.907221559,automatic,Domestico
RN02-00,Pozzo,RN,MISANO ADRIATICO,0600ER-DQ2-CCS,Conoide Conca - confinato superiore,797566,4874609,8.0,36.5,Fondo foro,1.0,23.0,29.0,automatic,12.7091828179,43.9643896199,automatic,Acquedottistico
RN03-00,Piezometro,RN,SANTARCANGELO DI ROMAGNA,0280ER-DQ1-CL,Conoide Marecchia - libero,777283,4881282,50.33,28.0,Fondo foro,1.0,12.0,28.0,automatic,12.46031366,44.0322838193,automatic,Monitoraggio
RN04-00,Pozzo,RN,RIMINI,0590ER-DQ2-CCS,Conoide Marecchia - confinato superiore,784553,4884990,8.15,50.0,,1.0,28.0,29.0,automatic,12.5528619091,44.0628225147,automatic,Acquedottistico
RN05-00,Piezometro,RN,RIMINI,0590ER-DQ2-CCS,Conoide Marecchia - confinato superiore,780345,4885373,20.45,96.0,Fondo foro,1.0,90.0,96.0,automatic,12.5006227132,44.0678851337,automatic,Monitoraggio
RN06-00,Pozzo,RN,MISANO ADRIATICO,0600ER-DQ2-CCS,Conoide Conca - confinato superiore,798118,4874977,2.4,34.7,,,,,automatic,12.7162556521,43.9674725439,automatic,Acquedottistico
RN21-02,Pozzo,RN,RIMINI,0280ER-DQ1-CL,Conoide Marecchia - libero,779194,4882616,33.3,53.6,Fondo foro,1.0,39.5,52.5,automatic,12.4848216285,44.04354789,automatic,Acquedottistico
RN29-00,Pozzo,RN,RIMINI,0590ER-DQ2-CCS,Conoide Marecchia - confinato superiore,777722,4887408,22.37,37.4,Fondo foro,1.0,26.0,37.4,automatic,12.4689990571,44.0871716459,automatic,Domestico
RN30-00,Pozzo,RN,RIMINI,0590ER-DQ2-CCS,Conoide Marecchia - confinato superiore,781291,4887309,14.07,42.0,,2.0,25.5,38.5,automatic,12.5134438782,44.0849205716,automatic,Acquedottistico
RN31-01,Pozzo,RN,RIMINI,0590ER-DQ2-CCS,Conoide Marecchia - confinato superiore,783994,4885076,6.6,31.0,Fondo foro,1.0,25.4,28.4,automatic,12.5459418021,44.0638120119,automatic,Acquedottistico
RN33-01,Pozzo,RN,SANTARCANGELO DI ROMAGNA,0280ER-DQ1-CL,Conoide Marecchia - libero,776419,4884064,41.2,27.0,,,,,automatic,12.4510038082,44.057611742,automatic,Irriguo
RN34-00,Pozzo,RN,RIMINI,0590ER-DQ2-CCS,Conoide Marecchia - confinato superiore,785421,4884848,3.0,30.0,Fondo foro,1.0,26.6,29.5,automatic,12.5636021875,44.0612091977,automatic,civile
RN36-00,Pozzo,RN,RICCIONE,0600ER-DQ2-CCS,Conoide Conca - confinato superiore,794961,4876586,13.5,33.0,,,,,automatic,12.6778753734,43.9832016771,automatic,civile
RN38-00,Pozzo,RN,SAN GIOVANNI IN MARIGNANO,0600ER-DQ2-CCS,Conoide Conca - confinato superiore,799246,4872215,21.0,34.3,,,,,automatic,12.7287333982,43.9421995477,automatic,civile
RN38-01,Pozzo,RN,SAN GIOVANNI IN MARIGNANO,0290ER-DQ1-CL,Conoide Conca - libero,798396,4872593,25.0,38.0,,,,,automatic,12.7183760989,43.9459406141,automatic,civile
RN59-00,Pozzo,RN,BELLARIA-IGEA MARINA,2590ER-DQ2-CCI,Conoide Marecchia - confinato inferiore,778854,4890670,10.5,234.0,,5.0,42.0,219.0,automatic,12.4848365597,44.11605626,automatic,Acquedottistico
RN60-01,Pozzo,RN,RIMINI,0590ER-DQ2-CCS,Conoide Marecchia - confinato superiore,778815,4885449,28.5,78.0,,1.0,65.5,71.5,automatic,12.4815929577,44.0691515381,automatic,civile
RN62-00,Pozzo,RN,CATTOLICA,0600ER-DQ2-CCS,Conoide Conca - confinato superiore,800113,4873916,10.29,35.6,,2.0,10.0,15.5,automatic,12.7404735324,43.9571291927,automatic,civile
RN63-01,Pozzo,RN,RIMINI,9015ER-DQ1-FPF,Freatico di pianura fluviale,786274,4881805,13.6,7.0,,,,,automatic,12.5725857505,44.0335326466,automatic,Domestico
RN66-00,Pozzo,RN,RICCIONE,9015ER-DQ1-FPF,Freatico di pianura fluviale,792434,4877742,12.08,8.0,,,,,automatic,12.6470663854,43.9945978506,automatic,Domestico
RN67-00,Pozzo,RN,MISANO ADRIATICO,0600ER-DQ2-CCS,Conoide Conca - confinato superiore,798091,4874982,4.0,32.3,,,,,automatic,12.7159225823,43.9675284053,automatic,Acquedottistico
RN67-01,Pozzo,RN,MISANO ADRIATICO,0600ER-DQ2-CCS,Conoide Conca - confinato superiore,796795,4875645,4.0,42.0,Fondo foro,1.0,28.6,36.9,automatic,12.7001707108,43.9740091841,automatic,Acquedottistico
RN68-00,Pozzo,RN,MISANO ADRIATICO,0600ER-DQ2-CCS,Conoide Conca - confinato superiore,797093,4875432,3.1,36.0,,,,,automatic,12.7037591237,43.9719751548,automatic,civile
RN70-00,Piezometro,RN,SAN GIOVANNI IN MARIGNANO,9015ER-DQ1-FPF,Freatico di pianura fluviale,796986,4873830,18.6,15.0,,,,,automatic,12.7015328329,43.9576247947,automatic,Monitoraggio
RN71-00,Pozzo,RN,RIMINI,0590ER-DQ2-CCS,Conoide Marecchia - confinato superiore,780313,4886907,17.7,101.2,Fondo foro,1.0,90.7,96.7,automatic,12.5010375457,44.0816827546,automatic,civile
RN72-00,Pozzo,RN,RIMINI,0590ER-DQ2-CCS,Conoide Marecchia - confinato superiore,781199,4884985,17.75,105.0,Fondo foro,1.0,89.0,101.0,automatic,12.511060315,44.0640713575,automatic,Acquedottistico
RN73-00,Pozzo,RN,RIMINI,0590ER-DQ2-CCS,Conoide Marecchia - confinato superiore,782375,4885516,12.9,50.0,,1.0,35.0,44.0,automatic,12.5260000168,44.0683912069,automatic,civile
RN74-00,Pozzo,RN,RIMINI,0590ER-DQ2-CCS,Conoide Marecchia - confinato superiore,780624,4889890,1.5,25.0,Fondo foro,1.0,20.5,23.8,automatic,12.5065003289,44.1083704082,automatic,civile
RN76-00,Pozzo,RN,SAN CLEMENTE,0290ER-DQ1-CL,Conoide Conca - libero,794124,4870628,75.0,13.0,,,,,automatic,12.664164372,43.9300035434,automatic,Irriguo
RN77-00,Pozzo,RN,RIMINI,2590ER-DQ2-CCI,Conoide Marecchia - confinato inferiore,781240,4884920,17.0,119.0,Fondo foro,1.0,107.0,113.0,automatic,12.5115367186,44.0634715134,automatic,Acquedottistico
RN-F01-00,Piezometro,RN,RIMINI,9020ER-DQ1-FPC,Freatico di pianura costiero,781166,4889206,2.0,5.5,,,,,automatic,12.5128957328,44.1020157821,automatic,irriguo
RN-F02-00,Pozzo,RN,RIMINI,9015ER-DQ1-FPF,Freatico di pianura fluviale,786461,4881183,16.0,7.8,,,,,automatic,12.5745785581,44.0278704627,automatic,Domestico
RN-F03-00,Piezometro,RN,MISANO ADRIATICO,9020ER-DQ1-FPC,Freatico di pianura costiero,795537,4876404,4.0,5.7,,,,,automatic,12.6849415624,43.9813351812,automatic,Domestico
RN-M11-00,Pozzo,RN,NOVAFELTRIA,5100IR-AV2-VA,Depositi vallate App. Marecchia-Conca,766128,4868356,210.0,9.8,,,,,automatic,12.314865418,43.9202285174,automatic,Acquedottistico
