time,y_insar,y_insar_prior,y_insar_post,y_grace,y_grace_prior,y_grace_post,y_smap,y_smap_prior,y_smap_post,theta_shallow,theta_deep,theta_groundwater,x_shallow,x_deep,x_groundwater
2017-01-04,0.00041276848642802475,0.0021669604099185946,0.0004274049016340026,32.73444978003281,17.272689819335938,8.959069206168357,-0.03400892886897949,0.012470219657670789,0.004544890609844075,0.3644595471939729,1.4552707074208295,0.19722706928824352,1.3597475443810998,5.701162156471469,1.8981595053157883
2017-01-10,0.0005094181164232517,0.0015988175946031191,0.0005292771483322255,32.73444978003281,10.640652775764465,6.152839409385799,-0.10125027637708281,0.0042098081539365595,0.0014698893985777516,0.34915828580057007,1.4746044545832446,0.33103644427807505,0.43976382971657035,3.3624025765645853,2.3506730031046437
2017-01-28,0.0004932391224493707,0.0005980958604210329,0.00038796491710588524,32.73444978003281,4.696088075637817,3.413059699160847,-0.09129013880198211,0.0039783553626516616,0.0014197502482783898,0.35686863511662137,1.4893930018173567,0.6486643901368511,0.4247631196116354,1.2652140549529132,1.7230825245962986
2017-02-03,0.0003869399319292945,0.00010778470643534044,6.097308960037726e-05,47.33357050922236,4.5916779190301895,1.7880540457504068,-0.0549671239651785,0.013929189745303822,0.005344219887249141,0.38367054975691794,1.5024312286032984,0.5657226183954087,1.5988921389175008,-0.08161854582338057,0.27078045265628664
2017-02-09,0.0004455246802600534,0.0018317149845792358,0.0004779448903690393,47.33357050922236,33.06137943267822,27.347800703749865,,0.0392257265838601,0.017480963059880544,0.44565045908093637,1.5158684545976375,0.2608876868399662,5.229982112793859,19.995504165253248,2.1223144257027586
2017-02-15,0.0004891459088022323,0.0015927127551584874,0.0005016598415993128,47.33357050922236,24.490867137908936,21.118029201156098,,0.0242229050214532,0.011846724904659671,0.48907118672048333,1.5089101032206031,0.31493913131561346,3.544321850822732,15.345955470953683,2.2277518793796833
2017-02-21,0.0003777159894590234,0.0008497806835681132,0.0004071033741417491,47.33357050922236,17.342886447906494,16.503511015625307,0.009405865828501586,0.018739803891685145,0.009696501478032554,0.5174281189962129,1.4813121832717273,0.4790311479224683,2.9010146130436376,11.794636196216254,1.8078602063654141
2017-02-27,0.0005171992510505455,0.000583961237662578,0.0004614591840054587,47.33357050922236,19.411849975585938,17.91161445326647,0.0036790595666904846,0.030625263589330605,0.016304910693453314,0.5324006647614197,1.4347192617030031,0.7902051097246354,4.878128910023844,10.984228651940743,2.049256891301882
2017-03-05,0.0004913260694657886,0.0003566481693084711,0.0003179493890092849,60.51987310332902,22.167267084121704,20.020973117270508,,0.03908040023705282,0.021464614481081976,0.5492424425257292,1.3706776887804535,0.8914902869943142,6.421817231094927,12.187332952488745,1.4118229336868362
2017-03-11,0.0005379597627389679,0.0007638674265528778,0.0004587529398427912,60.51987310332902,21.62585973739624,18.756366639701938,-0.011338377020152418,0.029396073195961558,0.015545232253490677,0.5288200280990689,1.2785891950860855,0.600536726317553,4.650847115601535,12.068297519473381,2.0372220046270213
2017-03-17,0.0006290077784861872,-5.126245268449736e-05,4.1715732795076465e-06,60.51987310332902,10.186306685209274,9.99256292581637,-0.057423436727873006,0.010958451584791933,0.005772772209358689,0.5267872166693792,1.155768758776976,-0.08055426957340506,1.727107098891481,8.247100903611765,0.01835492331312532
2017-03-23,0.0007296911848308021,-0.0011498977611404393,0.0006444545988361783,60.51987310332902,-0.49627789855003357,7.412884041818835,-0.0767707449796606,0.000606842629296656,0.0003356000257384937,0.5530264512357372,1.0047074117776549,-0.5604209346828262,0.10040534526920251,4.4502682237128885,2.8622104728367432
2017-03-29,0.0006126525608188907,-0.0015342471246064804,0.0006227041294218211,60.51987310332902,-0.22971630096435547,7.166294039207725,,0.014456657986289123,0.00840120921625533,0.5811307996788153,0.8352427765057948,-0.40585153412336705,2.5134870302251264,1.8871964259113314,2.7656105830712674
2017-04-04,0.0007156518462644393,-0.002251880674549067,0.000720629142167196,43.950452296487065,-8.559651523828506,4.079676007214358,-0.08902695410940892,0.0034426718527029903,0.0020346838451123167,0.591018816828214,0.6562840286572946,-0.3200098136866389,0.6087399234628189,0.27033896918074235,3.200597114570797
2017-04-10,0.0007777886407048875,-0.002844399500468997,0.0007785685066177796,43.950452296487065,-11.90656566619873,4.034851652214302,-0.0869734405579973,0.005502344733893333,0.0033911016763066475,0.6163012025433713,0.4759006501676821,-0.2737187520203862,1.0145551505942163,-0.4376380156871708,3.4579345173072555
2017-04-16,0.0007896242954367274,-0.003915102070790155,0.0007924377896531192,43.950452296487065,-18.4248189330101,3.5700396359939863,-0.0676006226232215,0.0032660401831544348,0.00217538729659567,0.6660626246473853,0.29817389390357363,-0.2024055557883319,0.6508358041042671,-0.6003395023187053,3.5195433342084246
2017-04-28,0.000565805754747192,-0.003917639924000849,0.0005706670318831422,43.950452296487065,-8.165858268737793,8.134269558987821,0.035792098017396495,0.02469792910194966,0.017936838446933,0.7262486815348846,0.12651857516174303,-0.1456591118042394,5.366371630452597,0.2334263826562154,2.5344715458790095
2017-05-04,0.0005760714615527043,-0.003638684965478145,0.000581919271633401,72.34621003467134,-12.03660398721695,6.2866224409859255,-0.0026837880514869183,0.016550113162745277,0.012234175754027288,0.739220066577353,-0.050660777829148795,-0.1599210344956423,3.6602400073246466,0.041902367728463466,2.5844800659328158
2017-05-10,0.000678876275203141,-0.0030145059992401357,0.0006765879552343355,72.34621003467134,-1.7262358665466309,8.768147088309167,-0.0184060645896654,0.029001877352967942,0.021498814085183175,0.7412904283240502,-0.2239961435304143,-0.2244332160028246,6.432049122616076,-0.6688090267118533,3.0049069924049445
2017-05-16,0.0005919954332122082,-0.0033241876946075444,0.0005972646842929305,72.34621003467134,-15.02885203063488,2.90140479345273,,0.0003942992909131342,0.0003033800647636005,0.7694156995844976,-0.41267673007493144,-0.1796721349266627,0.09076572650241134,0.15794357108154447,2.652695495868774
2017-05-22,0.0006113838666416207,-0.003733961601082747,0.000615774179293358,72.34621003467134,-23.209500312805176,2.491298468435898,-0.049574301482553706,-0.010094361323375501,-0.008043249819698518,0.7968062130956985,-0.5998554370331011,-0.1649131554012134,-2.406392173111951,2.162778481892283,2.734912159655566
2017-05-28,0.0007022588455648595,-0.004330603576894632,0.0007045754171692235,72.34621003467134,-37.31012582778931,-0.6034856201863281,-0.0922478974150637,-0.03718263087067597,-0.03032270989139664,0.8155073802297998,-0.767991113575301,-0.16270282619048584,-9.071996193814138,5.3391351202848965,3.129375453342914
2017-06-03,0.0005547954118875289,-0.00489387966526067,0.0005582113798222446,23.486189739565052,-52.37343883514404,-3.254194748806098,-0.0900153549804586,-0.06701791534402855,-0.05091454960198676,0.7597155080193547,-0.8971878642628689,-0.11407051312403085,-15.23269529185574,9.499153285012905,2.4793472580367357
2017-06-09,0.0006475907343038792,-0.005177783230472244,0.0006479234022058416,23.486189739565052,-56.05426025390625,3.746654238509384,,-0.06785146909449268,-0.0399533547002647,0.5888355142999787,-1.0050190231102836,-0.1251377502253892,-11.953307704656904,12.82228131391257,2.877680629253718
2017-06-15,0.0006406030937861154,-0.0057325623243755786,0.0006417818937082079,23.486189739565052,-68.55331993103027,9.121246279658152,0.001642286866624293,-0.08853164635966687,-0.03976172482290809,0.4491244256474448,-1.0939738034003696,-0.11195277381641779,-11.89597557556202,18.166911810003953,2.8503100452162187
2017-06-21,0.0006944819819246853,-0.0061448325088449,0.0006940089743428536,23.486189739565052,-76.89030075073242,9.733089619007046,-0.07600364616923241,-0.09917146281274358,-0.0553816909648239,0.5584438244033577,-1.1651284122702241,-0.11294122059989724,-16.569181693830863,23.220005129764484,3.0822661830734264
2017-06-27,0.0004285316212254777,-0.006446583286972896,0.00043085037659049456,23.486189739565052,-77.25864028930664,14.016479177470202,-0.057563633444687595,-0.08765537225431011,-0.05057976435171773,0.577029827732329,-1.215731984377409,-0.06682855632914864,-15.132533712397187,27.235637703273113,1.9133751865942754
2017-07-03,0.0005621474032587806,-0.006000310042864498,0.0005614648621124769,26.453801588943136,-62.08145046234131,18.68880533822615,,-0.05138886061928177,-0.029713283211094163,0.5782047481306747,-1.2506506356684757,-0.09356427151519925,-8.889666957940616,25.085054987554358,2.4934173086124076
2017-07-09,0.0004946399916726598,-0.006276238373537524,0.0004953344734199751,26.453801588943136,-74.8402156829834,18.126560981560218,-0.05387976370755332,-0.07880749012633685,-0.0463816723062466,0.5885439598684313,-1.2743076443642067,-0.07891459691863793,-13.876541909744969,29.803393572810265,2.1997093184949223
2017-07-15,0.00047219640546892447,-0.006402100992538351,0.00047287004018910635,26.453801588943136,-72.52316856384277,23.563769607620884,-0.01549289358989181,-0.06305356076325849,-0.0364881197477716,0.5786845232225701,-1.283662723761719,-0.07385060658205775,-10.9165732435127,32.38050287422318,2.0998399769104017
2017-07-21,0.0006005441158841798,-0.0066721079736069555,0.0005992556897900876,26.453801588943136,-85.97197532653809,19.817302725374148,-0.07697456086987062,-0.09546756787965888,-0.06226293803722883,0.6521894232784273,-1.2882492051493033,-0.08980797742025974,-18.627924051395162,35.78398129297306,2.66124548379625
2017-07-27,0.00024859121768450973,-0.006756038503986872,0.0002500165168903372,26.453801588943136,-77.20222091674805,25.659131593550423,,-0.06187501831190478,-0.040606954426723095,0.6562738167127184,-1.2793525289936432,-0.03699321721554945,-12.148852702183357,36.69798259380499,1.110001701928792
2017-08-02,0.0003036371330446066,-0.007042816533378016,0.000303222385501014,29.5203338333005,-89.7166690826416,22.875943658960473,-0.05871402230796399,-0.09115812896968652,-0.060289042447450154,0.6613677038884653,-1.2696045591845988,-0.04304360925137305,-18.037370854085466,39.56695118939441,1.3463633236515293
2017-08-08,0.00010875808075717328,-0.007353459178759181,0.00011019551418747715,29.5203338333005,-90.49942779541016,24.39206980500749,-0.0495343353121952,-0.08311666127703367,-0.05727507315305878,0.6890925630681548,-1.244589015890047,-0.014973318375479596,-17.13564676461848,41.03870667157482,0.4890098980511473
2017-08-14,0.0002824548486452052,-0.006992870876054269,0.00028272259985939713,29.5203338333005,-81.19733047485352,25.77000369024907,-0.0732590121295128,-0.061034050179596136,-0.04670261642416256,0.7651895341491755,-1.2072667849475647,-0.04041757899515373,-13.972562477385157,38.48730257040144,1.2552635972327866
2017-08-20,0.0004954049858562151,-0.007157215467344713,0.0004932436486189789,29.5203338333005,-84.35413360595703,27.361034767600493,,-0.06276633156323853,-0.04704254030611898,0.7494868528157095,-1.1614957522044154,-0.06890383912970043,-14.074261440780578,39.24503287510556,2.190263333275514
2017-08-26,-3.550917025939884e-05,-0.007332084107090964,-3.233248790882128e-05,29.5203338333005,-93.3163013458252,20.856018860085403,-0.08360896842164431,-0.0840969853618268,-0.061967194552129776,0.7368539346031998,-1.110899534020503,0.004421037800517158,-18.53944304884713,39.5394275683305,-0.1439656593979693
2017-09-01,0.0003493752869027169,-0.007494636508290853,0.0003483206311692394,32.58686607765787,-95.54573822021484,23.852839120700757,0.008289667611593693,-0.08462260319496138,-0.05349622634180083,0.6321741984059657,-1.0370511444315151,-0.04646588694373924,-16.005085412697046,38.31127487895987,1.5466496544379327
2017-09-07,0.00017226389027847586,-0.006823153113138858,0.00017432990387327273,32.58686607765787,-73.26400470733643,14.607024742523667,-0.07508937132812202,-0.04929994300626314,-0.042285990758042284,0.8577289988483394,-0.9388004293804182,-0.025542478735957937,-12.651189441266334,26.484182388985115,0.7740317948048859
2017-09-13,0.00022624397243554381,-0.004481643209592434,0.00022732986209226554,32.58686607765787,-15.666505813598633,14.196953314558776,,0.030647793619802275,0.030866095474063927,1.0071229223535558,-0.8016759706541865,-0.05071300657379354,9.234567149885903,3.952948570368844,1.0094375943040308
2017-09-19,0.00023870250734681872,-0.0030687082734255355,0.00023993783127257323,32.58686607765787,-2.086092472076416,18.452774594126012,0.0974417291868809,0.04635627403346566,0.053000668081244554,1.1433332205039204,-0.6581957043173057,-0.07816530355880541,15.856823510324816,1.5305889232099834,1.065362160591215
2017-09-25,0.0002546187373874211,-0.00219387580163799,0.00025177814809616817,32.58686607765787,5.433066964149475,15.93586544388087,0.050843741241658996,0.04568039224497814,0.05211715569679969,1.1409086729663354,-0.5128219487535701,-0.11473465274795737,15.592492880985333,-0.774621748303814,1.1179943111993513
2017-10-07,0.00018353872874932972,-0.001848133033860666,0.00018493787986985773,35.554477927035954,1.229407548904419,13.151427579651509,,0.03539291193481668,0.03978969257734121,1.124227716855344,-0.37003270363003604,-0.10003939933242707,11.904343012465766,0.42591250259447605,0.8211720645912662
2017-10-13,0.00017939933459921417,-0.0019808140226524884,0.0001735569794209587,35.554477927035954,-5.838815808296204,6.5682625187548815,-0.034886762286505,0.01643626287506257,0.017899848805603125,1.089046150068647,-0.2257861293880823,-0.0876070949800314,5.355305011190762,0.4422195820920662,0.7707379254720538
2017-10-19,-5.423343972587349e-05,-0.0024400223210884753,-4.099779545846252e-05,35.554477927035954,-14.543350175023079,0.2918220288443679,-0.07937036334006081,0.0005312098481388517,0.0005815195193718633,1.0947077156217577,-0.07759986086195902,0.016803078358411452,0.17397992742947366,0.2999384859853565,-0.18209638457046226
2017-10-25,0.00012781489059044657,-0.002407337273244714,0.00012417311999383916,35.554477927035954,-4.7723283767700195,9.950083556416109,-0.021469372421782096,0.029182493734771234,0.0321740780317855,1.1025129765880757,0.08080419157469532,-0.051565388170519644,9.625891435470026,-0.22714935697675512,0.5513414779228388
2017-10-31,0.00011491077603487907,-0.0026171309772315965,0.00011528968601157261,35.554477927035954,-11.501748085021973,4.3400745950049,,0.013474944103351445,0.015989626705827695,1.1866191490806115,0.24446212765709818,-0.044046224313202584,4.78380174909547,-0.9557100302700874,0.5119828761795178
2017-11-06,3.858749406127868e-05,-0.002405007320592567,3.5629774292524805e-05,38.62101017139329,3.123875379562378,15.578752438126983,0.055098724034611274,0.03826945939493138,0.04825627561628048,1.2609604729005346,0.4173548548715369,-0.014789496569241441,14.43738868611979,0.9833842372696677,0.15797951473752395
2017-11-12,9.53881302913153e-05,0.00018127098987363865,1.4197515089168287e-05,38.62101017139329,29.262521624565125,24.083748268343832,0.06623905081037787,0.034446835536411154,0.04474971896275911,1.2990952076122508,0.5857637177571013,0.07785298722688903,13.3882915332573,10.632815655405324,0.06264107968121058
2017-11-18,0.00021341973334266482,0.0027330870195747536,0.00021078872590137864,38.62101017139329,45.29938316345215,30.75829706361743,0.05560722082283551,0.0335764680731687,0.04302113648741165,1.281288323526508,0.7333311423397028,0.0770858754215399,12.87113150062132,16.951482098951864,0.9356834640442461
2017-11-24,7.546617999388514e-05,0.0034366639467204863,8.065670625880222e-05,38.62101017139329,38.14780330657959,22.350671488572132,,0.019765948282507564,0.024353879765951155,1.2321128952615852,0.8665746117723307,0.02344513238485201,7.2862321782131385,14.706590385257782,0.357848925101212
2017-11-30,0.0002447909122630456,0.0039291340748057735,0.0002425463123062204,38.62101017139329,46.729615211486816,32.29613722987951,0.08735055317406151,0.04368812935521389,0.051355768277656304,1.1755085199482758,0.9781720503963875,0.061701030641465315,15.364699791475,15.854729575022366,1.0767078633821485
2017-12-06,0.0001493901421846324,0.004287510455348809,0.00015320165758032735,41.58862202077138,43.71377754211426,26.788299886489213,-0.009055194282735296,0.030577624751554844,0.031138510969433666,1.0183430277019898,1.0817425360523742,0.03570913462301202,9.316068847655714,16.79225123345258,0.6799798053809217
2017-12-12,0.0005083362033538954,0.005634020602510503,0.0005051466402181078,41.58862202077138,68.98308181762695,49.9284283998481,0.04819207558007951,0.049937793414790634,0.04615220296982346,0.9241938783012797,1.167380603099942,0.08962978624886808,13.807888911576807,33.87779978427905,2.2427397039922488
2017-12-24,0.0003429799893702814,0.0073316008269888044,0.0003443661071024058,41.58862202077138,56.1944375038147,28.638631907146028,-0.03711766726287172,0.02249962863725654,0.01875696901184629,0.8336568267081137,1.27201180677787,0.04695628321320008,5.611739587009639,21.49788945369488,1.5290028664415065
2017-12-30,0.00028073642752780257,0.008127599553503728,0.00028104866743623247,41.58862202077138,67.28292560577393,36.6197310340011,0.01878152908896799,0.0428618114804106,0.034783043665263656,0.811515950070397,1.3596387365282054,0.03456308855261532,10.40644589057897,24.965644323363442,1.247640820058684
2018-01-05,0.00019639613165701417,0.008350384713533998,0.00019755167408980757,44.65515426512875,64.8675594329834,34.14136415183484,0.007311709486242185,0.03667628851777089,0.030272075757879956,0.8253854733205113,1.4402774393629088,0.023642566505671498,9.056847393849173,24.207684039717407,0.8768327182682614
2018-01-11,0.0003685316245601946,0.008714530206511029,0.00036843616105570353,44.65515426512875,68.93196773529053,39.79789321528163,,0.039464124779806,0.03475165815128263,0.8805885939491362,1.5072768550446758,0.042261869185283886,10.397055922980542,27.765120748239752,1.635716544061342
2018-01-17,0.00035136283841631053,0.008678738580123024,0.0003522881986747324,44.65515426512875,62.57129764556885,33.72032129503824,0.029762706036799508,0.028915254039715593,0.026927562758187928,0.9312580384458136,1.5674861023580866,0.040578087403529674,8.056230717040329,24.09998969815527,1.5641008798426417
2018-01-23,0.0004446959923435436,0.007973569624828869,0.00044532653426171805,44.65515426512875,54.32814311981201,28.521251408083543,0.007826754401310504,0.02071722048590302,0.020087268507677107,0.9695928332348172,1.6147796114797561,0.055837870669795134,6.009740689352876,20.534091289530625,1.977419429200044
2018-01-29,0.00040186314382218666,0.007000326602454088,0.0004027172120111666,44.65515426512875,44.336026668548584,21.417864631082246,-0.021723450688494406,0.011522971015532105,0.011699331300768782,1.0153051053412314,1.6462797331023917,0.057517836433362585,3.5002243998270974,16.129346619130438,1.7882936121247113
2018-02-04,0.0002941152692138651,0.0074216062795713356,0.0002952250084174765,47.72168650948612,63.31002712249756,43.30933248608018,,0.048128410110230196,0.05187381853116089,1.0778211541239873,1.6602396040217817,0.03975769327451055,15.519690883789327,26.47915253990746,1.3104890623833956
2018-02-10,0.0004647563313547955,0.007519822897496198,0.00046496066819544477,47.72168650948612,59.755385398864746,39.332470411614395,0.059725266784150494,0.042104301364204,0.04780525680691511,1.1354007846703738,1.6689660247349891,0.06181285213540499,14.302452167037037,22.965580892661965,2.0644373519153936
2018-02-16,0.0005091119805066349,0.007146625376179827,0.0005089507002514046,47.72168650948612,56.2379674911499,37.7996078339805,0.012592993192668794,0.03474049414665485,0.04011546265750779,1.154717675809758,1.6689378803159953,0.07119708859808131,12.001807419107346,23.537955137118704,2.259845277754453
2018-02-22,0.00035882219745609587,0.007406765531655424,0.0003583117519395922,47.72168650948612,61.30194664001465,43.868264347488164,0.04484784428632779,0.037088032156144604,0.04536936317815778,1.2232884987574397,1.6582392193880973,0.04835474436118827,13.573677667403926,28.703908091712044,1.590678588372196
2018-02-28,-7.91802536631501e-05,0.00913515729430614,-7.716819454257628e-05,47.72168650948612,71.49193859100342,46.57404986498215,,0.03666628898387309,0.0472908875855555,1.2897647647504065,1.6425926784812763,-0.008467523865826537,14.148562371728422,32.769035929582316,-0.3435484363285888
2018-03-06,0.0004952813600603925,0.010779429121853923,0.0004936288589689566,50.491457568905645,88.92901515960693,64.77642037059704,0.09721538493009321,0.0512992058885169,0.06952967689050646,1.35537530623004,1.6254189469239848,0.04577163975619206,20.801998448257706,41.78309593876419,2.191325983575146
2018-03-12,0.0005009446671530107,0.012029987026799915,0.0005000259055768111,50.491457568905645,96.94946956634521,69.06083633626923,0.11921491818102117,0.05191144384729342,0.07024803094057985,1.3532282235729507,1.6372164665621616,0.04154387855149089,21.016916746504055,45.824255185497385,2.2196644042677973
2018-03-18,0.0005952036357549453,0.013110822820362245,0.0005940800511481056,50.491457568905645,101.89234924316406,69.36449853342316,0.09009237853482807,0.05037714175942986,0.06153882913893103,1.221562537882806,1.689918862937386,0.04529292935397688,18.411284008576022,48.31581521712395,2.637399307723183
2018-03-24,0.0006225284363673503,0.01468093481596,0.0006217591889199318,50.491457568905645,101.68117904663086,60.04808547490842,,0.03447567066030005,0.0353753184291592,1.0260951491770434,1.785099915395346,0.04233666559233429,10.583643589036555,46.70394380602482,2.7604980798470438
2018-03-30,0.00021902232256899265,0.012943888270488202,0.00022010468008304928,50.491457568905645,85.24241256713867,44.64475844222905,-0.009258384274863918,0.0285463901367557,0.023931776155907462,0.8383468467031646,1.9001542491704049,0.016991512814924257,7.159946554090934,36.50799214991816,0.9768197382199572
2018-04-11,0.0005738591338805357,0.010881004847234976,0.0005736131555437679,53.557989813263035,77.94093608856201,45.45407921681036,-0.006288014962636007,0.04237024370181737,0.029801679755589443,0.7033634256465504,2.0067916430556316,0.05270211165561167,8.916113575610332,33.99105543715098,2.5469102040490457
2018-04-17,0.000424494175064968,0.01045971381246602,0.0004252260751140235,53.557989813263035,77.31078624725342,49.363354767699306,,0.04011134357536748,0.026144264336121055,0.6517922863141474,2.1031053686240564,0.04063646952729703,7.821882259100312,39.653689740717894,1.8877827678811003
2018-04-23,0.0004451272565412303,0.007324007126605636,0.0004460514410514428,53.557989813263035,51.22304630279541,35.33043522343529,-0.07244561066348351,0.01602610347906922,0.009553843593866043,0.5961426373131666,2.193684650654105,0.06088550017118001,2.858334002147994,30.49157982081205,1.9805214004752474
2018-04-29,0.00031609699218016727,0.0041745313604497625,0.0003205750547146706,53.557989813263035,26.64156472682953,21.449651248534497,-0.1033946890865155,-0.00339392093734081,-0.002077711863961201,0.6121862890504222,2.2649380636353165,0.07677493916683502,-0.6216131140392058,20.64780434940051,1.4234600131731936
2018-05-05,0.0006508300197375441,0.003979952258642783,0.0006481056896132839,56.52560166264113,44.354233741760254,40.734722099005126,,0.04683026532818498,0.02856787093797458,0.6100300892547131,2.313818011712204,0.16280974438167223,8.546980706635711,29.309891410996606,2.877849981372809
2018-05-11,0.0004923619912070656,0.0031003482755842526,0.0004923554122373973,56.52560166264113,35.29219436645508,35.321989384885484,,0.03307974274091062,0.01953067477069171,0.5904119304572943,2.3475905068831615,0.15876910775476216,5.8432180968300695,27.292591160527074,2.186180127528343
2018-05-17,0.00034350747446943683,0.0026711110701960195,0.00035116696491680616,56.52560166264113,32.444793701171875,34.19563914585144,-0.04135350940892571,0.02955457712425863,0.01637961115223866,0.5542157170232068,2.362635250435019,0.13142480514537255,4.900477911158769,27.73604847777601,1.5591127569166614
2018-05-23,0.00046697989310552044,0.002243676809321471,0.00047385345959363967,56.52560166264113,32.86479949951172,37.72039174255387,0.0259037613149056,0.035034308949809294,0.021180812743734692,0.60457344182466,2.357738040307797,0.21114156524342134,6.336908979483058,29.279520260332877,2.10396250273794
2018-05-29,0.0005333806970221424,0.0011104250655940007,0.0004136546151171764,56.52560166264113,16.774714469909668,21.48940772209305,-0.005952822438858918,0.015681852709992603,0.009870920006123517,0.6294485854872037,2.335134120296163,0.372465641078829,2.953197423506129,16.699339171489452,1.8368711270974676
2018-06-04,0.0004297018571443125,-0.00021374086400349768,6.6839820505051e-05,59.59213390699848,0.2921544909477234,7.1068285962527735,,-0.00808979983569567,-0.005308228405183594,0.6561631329568145,2.2934599653004444,-0.3125829629305288,-1.5881241505194383,8.398207346515383,0.2967454002568285
2018-06-10,0.00042520167917892946,-0.0002843025700158819,0.00014467787803355942,59.59213390699848,12.32176947593689,20.819185217375466,0.015212999013712175,0.022106417765883714,0.015312961731376739,0.6926930402540773,2.2372513361218433,-0.5085155044667313,4.581356054278196,15.595604263782754,0.6422248993145173
2018-06-22,0.0004450779255486061,-0.0023091921587943265,0.0004656202464260261,59.59213390699848,-16.454050600528717,-3.1423721417873516,-0.0800015069967844,-0.0188391680837993,-0.013359424171591418,0.7091302605384059,2.1603630586295557,-0.20164863088545895,-3.996893604506392,-1.213580846429453,2.0681023091484936
2018-06-28,0.0003818495301012383,-0.0027079102478149153,0.0003846120253491593,59.59213390699848,-16.980141162872314,-4.6620162668883225,,-0.009408857732825349,-0.006378428682255357,0.6779174330591141,2.0867040796629355,-0.14204296807815384,-1.908308358164037,-4.4620395107798165,1.708331602055531
2018-07-04,0.0002585305250314498,-0.003796821410682938,0.0002631110523978761,-15.820297591363186,-35.181379318237305,-19.279502735135384,-0.023738038064432115,-0.04077170488870409,-0.02693859060347026,0.6607177864405095,2.0242333161913786,-0.06932002076423702,-8.059530045193572,-12.38891189720455,1.1689392072627391
2018-07-10,0.0004618364204426264,-0.004533683030224722,0.0004595575660629865,-15.820297591363186,-44.756874084472656,-25.901667482033506,-0.05886039617991232,-0.052099531987928854,-0.03409874010488383,0.6544922536498852,1.963835592602547,-0.10139135378813151,-10.201714871569994,-17.741521884407646,2.0415692739441345
2018-07-16,0.0002488107624295601,-0.004701080955996417,0.0002506147685721869,-15.820297591363186,-41.83518886566162,-24.939134355017792,0.01322018111636522,-0.035225855647753976,-0.020542437110853795,0.583163609033968,1.910954236795342,-0.053332566871774616,-6.1459187502963735,-19.906750728822317,1.113535124100899
2018-07-22,0.00022026057413960485,-0.005062581237467612,0.00022227178821807343,-15.820297591363186,-45.344679832458496,-28.19735503021385,,-0.035296002202728445,-0.020838705244528712,0.5903984571634531,1.8658729675428387,-0.0439280863955309,-6.234556718033217,-22.950504771932966,0.9877064597523337
2018-07-28,0.00041425713701038444,-0.005364081056839609,0.00041263365199100153,-15.820297591363186,-54.07961845397949,-35.307085190452526,-0.04568218778598401,-0.04997305157368242,-0.030367964827996242,0.6076868206301231,1.8330501440271763,-0.07695401114160615,-9.085535637157207,-28.054869724528146,1.83332017123283
2018-08-03,0.00011163770105405388,-0.005862095430501313,0.00011455695496469022,-36.517419135161056,-67.24507522583008,-47.33314569607115,-0.046260320057750604,-0.07471765207364438,-0.044963024378368625,0.6017724477483777,1.8238917340900307,-0.01957434099812243,-13.452108584090164,-34.39066060247399,0.5096234904930061
2018-08-09,0.0003010169588443325,-0.006294750986420183,0.0003004375405257994,-36.517419135161056,-75.10556411743164,-54.12829499464998,-0.061526581495062904,-0.08441208702738782,-0.05138984505507259,0.6087972334862299,1.8310168434237846,-0.047764016915144446,-15.374894935514737,-40.08872814710999,1.3353280879747502
2018-08-15,9.608458495414493e-05,-0.006545547736813262,9.820229273309272e-05,-36.517419135161056,-71.31377983093262,-55.06780505637235,,-0.061696913767115016,-0.03696911463135224,0.5992052498913988,1.868634818179624,-0.015036358334923363,-11.0604780517807,-44.44444526523226,0.4371182606406072
2018-08-21,0.00018410622433940558,-0.006807228733251236,0.0001859938644291518,-36.517419135161056,-82.58611679077148,-65.8682175944172,-0.0581660970154215,-0.08811750563825486,-0.05430035073717256,0.6162265981528068,1.941110222772278,-0.02736201834297358,-16.245664618193295,-50.449783756846365,0.8272307806224626
2018-08-27,0.0003323870609229864,-0.006485662457410779,0.00033180188127859443,-36.517419135161056,-50.906822204589844,-42.96190150600643,0.019039015763424677,-0.003327763278359761,-0.0022402634786880186,0.6732039785571028,2.0736245275565426,-0.05118668548525114,-0.6702455626357092,-43.76609517092328,1.4744392275525617
2018-09-02,0.00022710585327068953,-0.006065019588811893,0.0002252335227073174,-57.21454067895893,-35.82104825973511,-25.772247457073874,0.05332813761461827,0.015953201234883838,0.011722254837456713,0.734790131765179,2.217214383603249,-0.03715391242609636,3.507082699706182,-30.28014914533789,1.0008189885578365
2018-09-08,0.0001047898025782281,-0.005574216634324003,0.00010393929240862557,-57.21454067895893,-28.34864091873169,-18.86609869182257,,0.023509211798124863,0.018061126969240164,0.7682574441173206,2.327721010844533,-0.01866000677472254,5.40355646668075,-24.731627280878307,0.4619721223749847
2018-09-14,0.0002608164126350978,-0.005702680186879583,0.00025726397897625415,-57.21454067895893,-41.383967876434326,-32.60262045907807,-0.045578006279289096,-0.010338773743287505,-0.00850595077889083,0.822723370304274,2.406906219449797,-0.04513638892573266,-2.5448237762140797,-31.2009968966419,1.14320021377791
2018-09-20,-3.5729020594669006e-05,-0.005731331786773097,-3.500621957312362e-05,-57.21454067895893,-35.043766021728516,-30.260615862808137,-0.025114520736317703,0.013467073893216391,0.011422936079850518,0.8482121781186971,2.461716274943171,0.0060874255262156505,3.417532041487768,-33.52319216288692,-0.1549557414089828
2018-09-26,0.00013492978760688243,-0.00587512984535854,0.00013319537563257007,-57.21454067895893,-40.57614776492119,-35.98380862656001,-0.06459318794089641,0.0011392974883378587,0.0010385801948624672,0.9115970196490735,2.488417925578117,-0.02269554590545077,0.31072406155349325,-36.886741948496436,0.5922092603829304
2018-10-02,0.00019098212070013074,-0.005984475084149565,0.00018780159366921383,-77.24401314069881,-35.343098640441895,-29.47670888740473,,0.01875662650569395,0.01838129341041037,0.979989306970012,2.4911162922438264,-0.0314013940846841,5.499344367764987,-35.81068284218791,0.8346295870181925
2018-10-08,0.00012436323450593887,-0.0059429185409634044,0.00012238070003602899,-77.24401314069881,-34.08411645889282,-25.994771726347107,0.048028724992697475,0.01894086560674329,0.020254141764461147,1.0693355934720485,2.440724401989768,-0.020610210363649177,6.059666093639507,-32.59844067606008,0.5440028560734657
2018-10-14,0.00025653211051313815,-0.005979911833273732,0.00025243266258962094,-77.24401314069881,-37.53128623962402,-27.50233352190922,-0.014794036843161718,0.00838130521509845,0.009637823191272913,1.1499191288143185,2.3373920506833317,-0.042232409234385086,2.883459150617964,-31.507446371552827,1.1216536990256414
2018-10-20,8.634137921682236e-05,-0.005947168581029949,8.353868588778496e-05,-77.24401314069881,-36.597840785980225,-24.126416765194662,-0.0314994163984296,0.008177306117035262,0.01024272906427326,1.2525798738211882,2.182171234029234,-0.01406295590654177,3.0644358442291106,-27.56230674602941,0.3714541366056372
2018-10-26,-5.092867067368092e-05,-0.006071202435571799,-5.087284953123894e-05,-77.24401314069881,-41.28951144218445,-27.88544038345342,,-0.0035834598391701377,-0.004966482576271818,1.3859462081824145,1.9749663406287699,0.00836168154601075,-1.4858800941589236,-26.174091931006938,-0.2254683582875584
2018-11-01,0.00018431027129473773,-0.0021413559429390716,0.00016254042186495806,-2.459876496340586,16.537960052490234,43.514265753205166,0.09624059581728692,0.032040655057964516,0.048552221659150005,1.5153317424788768,1.7170030411400115,-0.07582385192324406,14.525930290221226,28.267167311267496,0.7211681517164464
2018-11-07,0.00017655843694875626,0.0015928265207563186,0.00015522957681112385,-2.459876496340586,42.620328426361084,55.58499913760322,0.11182980895232578,0.044256869182154476,0.0702750275646711,1.5878897188915442,1.518513835804372,0.09732949949408239,21.0249936390997,33.871517422416375,0.6884880760871462
2018-11-13,0.0002597044134810069,0.002867324204849808,0.0002566727069778034,-2.459876496340586,36.77918577194214,36.82779210995497,0.06937454260523299,0.0266706009380525,0.042957191270733414,1.6106570440804686,1.42147689870926,0.08947085033666242,12.852000269791516,22.83642026845763,1.139371571705822
2018-11-19,0.00019378320431052385,0.0028993236019427826,0.00019122932869340852,-2.459876496340586,29.718199729919434,25.231363949777617,,0.017164443787764667,0.02773771035993915,1.6159982055294693,1.3739701465179806,0.06592523260933464,8.298611954925668,16.083845672694203,0.8489063221577453
2018-11-25,9.432688821754096e-05,0.003992969890944664,9.406148226303858e-05,-2.459876496340586,50.162373542785645,48.39145631409013,0.09737673868900479,0.04919770996476805,0.08032565051884097,1.6327111683930935,1.3519654182953353,0.023510667362490554,24.031954874169262,23.94256624213352,0.41693519778734556
2018-12-01,0.00020897396316933123,0.004665058512436815,0.00020812801850292673,26.56579382113837,46.02102851867676,38.764561109874315,0.06774501071487629,0.031218461951048933,0.05175967099481608,1.657982737137278,1.4005301249999722,0.044583548707878964,15.485540043743622,22.35529376124743,0.9237273048832616
2018-12-07,0.0002822557784448811,0.004663113909201044,0.00028137907170334455,26.56579382113837,40.87694692611694,32.165885223446224,0.07476173782612908,0.023342171449114275,0.038807516755132145,1.6625495549860125,1.4644854890979553,0.060316618024330616,11.61049410012746,19.306205488141302,1.2491856351774673
2018-12-13,0.0002478220179974535,0.004198752364974467,0.00024837470916636744,26.56579382113837,34.29774188995361,25.547771559424994,,0.01684097145723213,0.02728556042707822,1.6201892210535633,1.5344035596570902,0.05913256529232511,8.163337024530628,16.28172308379825,1.1027114510961133
2018-12-19,0.0002891530224652463,0.004082874987417995,0.00028841337522719654,26.56579382113837,36.198514461517334,30.048340753878243,0.031667454525895894,0.026084877522776738,0.041153614728968814,1.5776809644988514,1.603695118683424,0.07061351986953274,12.312403394026026,16.45547227565157,1.2804650842006486
2018-12-25,0.0002839216089406484,0.004184421357216195,0.0002835594281463952,26.56579382113837,35.71431255340576,29.093085934130748,0.06348642169407917,0.0236733817039493,0.03674940415908934,1.5523512702436864,1.676027439068307,0.06774064899673793,10.994744725991252,16.839418390398368,1.2589228177411282
2018-12-31,0.00021120372403594343,0.0036617681924324685,0.00021490445294696054,26.56579382113837,27.825090885162354,20.241909057742124,0.02521240508069969,0.012253067682098587,0.01826618983379986,1.4907442207706312,1.7506213580420056,0.05866889365568866,5.464907498083983,13.822855997146696,0.9541455625114437
2019-01-06,0.00037257468866947716,0.0029491230036953198,0.0003717496940300715,17.79034504147579,20.07549273967743,13.806895863307535,,0.0046389035496493414,0.006598507002818658,1.4224281518673618,1.8216174263798246,0.12603940983886477,1.974151737388456,10.181860156609051,1.6508839693100283
2019-01-12,0.00037930859471736153,0.002209988474012034,0.0003839760176168433,17.79034504147579,13.291783928871155,8.257390400635888,-0.0686936109366823,0.00013951174694393112,0.00018887827516724968,1.3538521257508063,1.891207514228547,0.1737352155442872,0.05650890040990812,6.495598358797379,1.7052831414286014
2019-01-18,0.00039260044323519947,0.0013513076926974232,0.00037618730267273,17.79034504147579,8.291392982006073,5.679965509678716,-0.0066546435074769095,0.0023623972547034714,0.0030379598942902168,1.2859648766699663,1.9586012068354324,0.2783778682395633,0.9089016350013115,3.100329948194846,1.6707339264825583
2019-01-24,0.000284285814274984,0.001196774964537184,0.00028503260075864325,17.79034504147579,13.455764293670654,12.868053828463157,-0.012334371105478914,0.020242998089428012,0.024674106368894094,1.2188958503029372,2.024886382640935,0.23813576242805234,7.382038078591476,4.220268972677957,1.265746777193724
2019-01-30,0.00020296361472638933,0.0009538624375569071,0.00019189798823469656,17.79034504147579,12.9674654006958,13.866537831967594,,0.01954161063613871,0.023341402977441736,1.1944462210436224,2.090787626898549,0.2011339169577601,6.983317774962898,6.0311471431963595,0.8520729138083379
2019-02-05,0.00033690479759308187,0.0035636249981934043,0.00034373977621926207,66.20055309944385,46.865851402282715,55.14192897511873,0.042024061172921595,0.0450342731750127,0.05261265668301398,1.1682803556871026,2.1562481494842487,0.09640250508304252,15.74073764792955,37.87542937128452,1.5257619559046673
2019-02-11,0.00043559445512720527,0.0033414441984582766,0.0004350537877283088,66.20055309944385,36.42891883850098,40.14516623908028,0.02815919704118261,0.030085460889812465,0.03487169631558156,1.1590879874933149,2.20699259631749,0.1301580129859667,10.432969130392829,27.780604759083925,1.931592349603533
2019-02-17,0.0002939823520201692,0.0024707878778578163,0.000301548415938807,66.20055309944385,25.431288242340088,28.669032350254515,-0.0016237165174157187,0.015188308612936949,0.01737106420950239,1.143712881545364,2.232580952265742,0.12200510103317015,5.197102401319983,22.133101822492034,1.3388281264424977
2019-02-23,0.00029085654242145506,0.0012955236826033278,0.0002570423033389731,66.20055309944385,13.507109701633453,17.572954886977463,,0.002604340073440046,0.002948987739156992,1.132335891626359,2.2295767045533403,0.19836320372229227,0.8822828052326348,15.549325167618825,1.1413469141260013
2019-03-01,0.0002714823116613054,-8.254942147356559e-05,1.8264703656967727e-06,78.4290948335705,0.9020083844661713,5.986200845084362,-0.03757515265648581,-0.009838811392644597,-0.011000275346636747,1.1180492142435468,2.2005471417609748,-0.021842083953021035,-3.2910797363764117,9.269271998784687,0.008008582676086104
2019-03-07,0.00014585536556034026,-0.0013134816509916547,0.00013260532408272354,78.4290948335705,-9.66914689540863,-2.0635531127018356,-0.058793614542347494,-0.01789833371073484,-0.019774961789931277,1.104849317792689,2.1481162771251037,-0.10096614383101403,-5.916304272725198,3.263750051884412,0.5890011081389509
2019-03-13,7.060077624111114e-05,-0.002421235062212368,8.427964263200761e-05,78.4290948335705,-16.868441820144653,-7.095485501219753,-0.07181730582421039,-0.017625968338118584,-0.019099181407977343,1.083581965064168,2.0865895255545883,-0.03482090686689077,-5.714123231687049,-1.7558124442295764,0.3744501746968722
2019-03-19,0.0003441954744695188,-0.0032823128359389386,0.0003432983176447298,78.4290948335705,-19.192792177200317,-5.960651118729055,,-0.006378653106062155,-0.006646391326162737,1.0419740994922781,2.031134035801192,-0.10459983720733847,-1.9884778448068472,-5.4970329000467935,1.5248596261245848
2019-03-25,0.0002516474400246018,-0.004304114525417901,0.0002589384955864804,78.4290948335705,-32.797276973724365,-17.605566056647035,-0.0582460941152495,-0.029042525761085472,-0.029419434860578682,1.012977834730829,1.9939604168646645,-0.06017842693327548,-8.801752944747772,-9.95419099076191,1.1503778788626489
2019-03-31,0.0003525116175361411,-0.005168656663620652,0.00035736484140426797,78.4290948335705,-42.501110553741455,-24.973096338246368,-0.070426271984769,-0.04171769522162819,-0.041680504842389304,0.999108522677456,1.9946839288972382,-0.06916181607499457,-12.470039209579081,-14.090722411731285,1.5876652830639986
2019-04-06,0.0002213524043391892,-0.004490554919718948,0.00022478362420797897,49.46437737525806,-16.392960906028748,4.878324855478861,0.024700307266165594,0.010977570075208097,0.011135143783623984,1.0143541519057804,2.052935964908917,-0.05005345787891813,3.3314298881733992,0.5486049237996239,0.9982900435058388
2019-04-12,0.00022583202226734398,-0.00391819556834061,0.00022858665981114864,49.46437737525806,-9.868510991334915,8.34312006620077,,0.026018022175564297,0.02625835543599827,1.0092371840877163,2.110686024190491,-0.05833204798695786,7.856016214394586,-0.5280172857370233,1.0151211375432068
2019-04-24,0.0002681973768695691,-0.003447004887599192,0.0002712828240035238,49.46437737525806,-0.03956270217895508,21.00871184404295,0.03300715419308467,0.03741557825279808,0.036633301963628184,0.9790922304104337,2.1696938888601793,-0.07867726480962282,10.960009087946714,8.844166254239411,1.2045365018568217
2019-04-30,0.00027556795103656737,-0.002116219952281284,0.000279477445085321,49.46437737525806,11.470269203186035,31.087398891241385,-0.005781556418246403,0.04278442904977531,0.039881660047120064,0.9321536113225172,2.2201085514163705,-0.13200438868397518,11.931857985196656,17.91478266375064,1.2407582422940908
2019-05-06,0.00028302758292476324,-0.0008040746445949765,0.00018048634431916164,77.34359834465192,34.311312675476074,66.91631296714657,,0.05103751901081859,0.05020981265572501,0.9837823943809234,2.259425236878001,-0.22410286669808668,15.021850980215216,51.093992294499955,0.8004696924313993
2019-05-12,0.00030670993001614375,0.0003446541014184845,7.003395522852562e-05,77.34359834465192,30.816391587257385,51.25951018348215,0.07431403928967231,0.04210549990572315,0.04307034122343181,1.0229148524508438,2.280759043167598,0.20269143314629975,12.885852651187722,38.06349008767836,0.31016744461606593
2019-05-18,0.00023244589684246717,0.0020488285131676776,0.00023648899373488643,77.34359834465192,38.08620071411133,54.40341539114918,0.030131685319221918,0.0316211432129893,0.03027758729157276,0.9575108365827637,2.2684759962559293,0.11533126540964413,9.058496343196454,44.29549764896002,1.0494213989927001
2019-05-24,0.0002504197094886997,0.0039934059681669964,0.00025246943642102764,77.34359834465192,52.966917991638184,63.31413281581,-0.028267135366125407,0.039918486769538825,0.034944429243336815,0.8753946372035917,2.2216820557481642,0.06316302460098686,10.454729482489455,51.739159104854764,1.1202442284657823
2019-05-30,0.000283028077689881,0.0066857491081648845,0.00028394313921058516,77.34359834465192,81.86643981933594,95.03568597132856,,0.050434193610785535,0.046965612056609575,0.9312255970434671,2.149837187086717,0.04241650410382432,14.05124592570143,79.7249551055758,1.2594849400513288
2019-06-05,0.000539629595011423,0.005322456959893529,0.0005360281657811092,10.392865833441801,48.75166702270508,51.057083755189595,-0.04226453735740651,0.0143232023006981,0.014436436117494827,1.007905621551628,2.12977136626147,0.10067685284678073,4.319115737980692,44.35808806162373,2.379879955585171
2019-06-11,0.0003270767541899779,0.002861391251737899,0.0003254201338288215,10.392865833441801,22.611274003982544,27.085758007204046,,-0.013273030499407682,-0.015222152657352696,1.1468483145602653,2.176398260164011,0.11369453294691036,-4.55418765221715,30.195064227679786,1.4448814317414096
2019-06-17,0.00011949422187818823,0.0004990739224091101,5.654943774189452e-05,10.392865833441801,0.525324821472168,7.180217919067957,-0.0905046260480171,-0.037288644418133066,-0.04775434193543882,1.2806671489569195,2.2416162406054645,0.11325310576635624,-14.287219375446321,21.216397820764612,0.25103947374966645
2019-06-23,0.00015961868339865146,-0.0015442738924509314,0.00013103426574453356,10.392865833441801,-12.13493537902832,-0.0923820800709585,,-0.039059833774601885,-0.051635648169342505,1.3219628241971133,2.3049485276121127,-0.08485453374479979,-15.448434699113406,14.774063556478298,0.5819890625641492
2019-07-05,2.2355001484477307e-06,-0.004514259402311538,5.789561759398587e-06,-56.17994497504471,-52.32257270812988,-48.794022578419224,,-0.09265520933063755,-0.12721378172951284,1.372980349928885,2.3635531299526567,-0.0013247124876977128,-38.06001995812014,-10.760561960076837,0.026559339777749536
2019-07-11,0.0001483557047387087,-0.004847992806491064,0.0001466044630928712,-56.17994497504471,-38.0449013710022,-27.95286584144271,,-0.0375184583792091,-0.052831096472753324,1.4081361216597785,2.420084231774132,-0.030263648454672047,-15.806090808916494,-12.798401566108172,0.6516265335819573
2019-07-17,0.0002720045362431058,-0.004961524078769486,0.00026768867749841536,-56.17994497504471,-40.52560901641846,-34.081171484334824,,-0.03293844872128878,-0.04672914173958518,1.4186807076127783,2.465521282921953,-0.05398141722490089,-13.980498363109604,-21.290200077122435,1.1895269558972166
2019-07-23,-0.00010197937953570249,-0.005498773635704168,-9.86310636170841e-05,-56.17994497504471,-56.00465774536133,-58.2894157784841,,-0.06473178664934309,-0.09142501206566037,1.4123665790489681,2.496634144362591,0.017896296325178664,-27.352679376271958,-30.499676962985006,-0.4370594392271326
2019-07-29,0.00012521987665160237,-0.00551063345317182,0.00012068238473222486,-56.17994497504471,-26.055013179779053,-8.73125108102175,0.03958084908614981,0.015711999535570675,0.022144712625091496,1.409414032565218,2.530372173494265,-0.02190649357859137,6.625290066998191,-15.892702085312783,0.536160937292841
2019-08-04,-1.9753171357376e-05,-0.005490938169879778,-2.0180597436100493e-05,-53.52230041603335,-34.17175650596619,-25.75632304953291,0.001193565827572296,0.0023607642020385,0.003323167049865269,1.407665808807056,2.541429821995285,0.0036570530955254955,0.99423036185628,-26.661367549377594,-0.08918586201159646
2019-08-10,5.526294117509065e-05,-0.005772222141972705,5.432747186453066e-05,-53.52230041603335,-46.01715898513794,-43.70029308449127,,-0.02271442257801813,-0.03198005971418365,1.4079186738883838,2.530337341525675,-0.009441696174149267,-9.56784472905367,-34.37450015967561,0.24205180423801076
2019-08-16,5.666711368313668e-05,-0.0060870988401173776,5.352843561767339e-05,-53.52230041603335,-50.34863471984863,-50.50140419168329,-0.024297804402732603,-0.023457605979177343,-0.032913796165083095,1.4031182975065633,2.5094350233318563,-0.008826386967086467,-9.847201473847402,-40.89282339790939,0.23862068007350118
2019-08-22,-0.0006698449957119798,-0.00633790053707628,-0.000663451718936739,-53.52230041603335,-56.9012565612793,-63.131128892022154,-0.06056414392176909,-0.035006350418786795,-0.049321419458009025,1.408927776473945,2.485300306231986,0.10464486851261692,-14.756060101459473,-45.42944731446006,-2.9456214761026174
2019-08-28,9.4738532795521e-05,-0.006257482769528977,9.281921007399346e-05,-53.52230041603335,-51.786338806152344,-53.1514716531342,-0.07142277898439262,-0.018118473274176254,-0.025351459373116596,1.3992050538413363,2.4755047787147824,-0.014866915417271944,-7.584689619241496,-45.97995818358419,0.41317614969148364
2019-09-03,0.0003903102246177816,-0.006396495000829283,0.00038602714887736616,-88.33375427573503,-50.19373559951782,-48.55799544833822,,-0.01021664363753036,-0.013685218739386511,1.3395024065549772,2.465773723062821,-0.060381241632104975,-4.0943653373953115,-46.17900716266866,1.7153770517257576
2019-09-09,0.00013681041892333565,-0.0057160823500144176,0.00013215549635306313,-88.33375427573503,-17.43147611618042,6.166586190617144,0.0827829851462776,0.040010815905448825,0.05083096929133819,1.2704307108222663,2.398387696112379,-0.02311601092331171,15.207689602628182,-9.627964066921992,0.5868606549109536
2019-09-15,4.261290305941043e-05,-0.0055075423935511125,3.982438979009674e-05,-88.33375427573503,-33.56467843055725,-18.38832675873624,-0.0352218422147442,-0.00733881555492811,-0.008904759339997506,1.2133782724676663,2.3019059160722146,-0.007244073147109055,-2.6641399508362817,-15.901384941009258,0.17719813310929916
2019-09-21,0.00016157958307950435,-0.005303997713339115,0.0001559033870358963,-88.33375427573503,-25.27191972732544,-7.798373567626966,0.022036620090531617,0.015409720032937243,0.017456711194887273,1.1328376607475492,2.1681699372754446,-0.029399841595250303,5.222726401556313,-13.713678575177557,0.6925786059942779
2019-09-27,6.335575599870322e-05,-0.004810178488821926,5.6720521191145843e-05,-88.33375427573503,-13.79865026473999,6.147458178704497,,0.033493347943771526,0.03607771993092579,1.0771607541740196,1.9950759574650236,-0.01178691904749674,10.79378917870774,-4.898148203625556,0.2518172036223122
2019-10-03,-0.00022660256362804534,-0.004794635728276653,-0.0002275023615878238,-85.30502212668203,-15.541905403137207,3.2636636294730748,0.12128522554012047,0.028797787408007692,0.0315495100494473,1.0955532660357945,1.8042482969948785,0.04745260669047661,9.439032200960845,-5.16486241211646,-1.0105061593713098
2019-10-09,7.13079120097184e-05,-0.004383638055517558,6.219796392826745e-05,-85.30502212668203,-5.024994373321533,16.34348636047626,0.03513298248471727,0.040436594592516195,0.04120142617902074,1.0189143421747513,1.593921482946723,-0.014174188721028203,12.326707699097879,3.740810028365029,0.27596863301335034
2019-10-15,-7.93838640610254e-05,-0.00420917133501808,-8.047652626747686e-05,-85.30502212668203,-11.363973021507263,8.02819751944947,-0.017121978410323507,0.0181370140102032,0.019100882827580767,1.0531437433325757,1.4024928256670444,0.019126966323273972,5.714632265088801,2.6711400533489185,-0.357574798988248
2019-10-21,0.0002217360655841851,-0.0038245865843506976,0.00021276128768667847,-85.30502212668203,-9.301996231079102,10.078168522663395,,0.015999286112578257,0.018660633508578897,1.1663416340750574,1.225129755867072,-0.055620131054514306,5.582917779126996,3.5504479418666945,0.9448028016697052
2019-10-27,0.00015692128218426047,-0.003561328390528473,0.00015151035229423213,-85.30502212668203,-6.799272060394287,11.866877394414477,-0.0018164234366054022,0.021065902033467983,0.027708225929885675,1.3153116294695022,1.0694750588435802,-0.04253053649241331,8.289790756616549,2.9043603181250317,0.6727263196728978
2019-11-02,8.928854950419305e-05,-0.00316180199237337,9.295726687171659e-05,13.795075496847009,-1.2145154476165771,18.477711719766752,0.003124532192666396,0.033024657645186105,0.051173284232744524,1.5495477586034532,0.9344853056347804,-0.029377347349282545,15.310103926962864,2.755058923852358,0.4125488689515281
2019-11-08,0.00016111916048167882,-0.00026065156971810666,2.478310610183594e-05,13.795075496847009,30.46043109893799,40.219439955230996,0.13311815824225318,0.04570834121316937,0.08605269099915511,1.882647427475706,0.8005487028526039,-0.09443664856950518,25.745379882201625,14.3646827111708,0.10937736185856528
2019-11-14,0.0002804190648085871,0.004490354724360657,0.00027109769512037997,13.795075496847009,67.87161922454834,53.4180905964887,,0.04378137333531537,0.09261941059133272,2.115498065398125,0.703550777278757,0.06033050480545222,27.710021411914724,24.504916405849425,1.2031527787245537
2019-11-20,0.00018935600238102166,0.012965279363672977,0.00018667057766094965,13.795075496847009,120.80755615234375,70.57853722494839,0.1360351851480396,0.04906048652365672,0.11722458351590523,2.3893889323616904,0.7143509441590696,0.01437702468922047,35.07143587385875,34.67922803889781,0.8278733121918295
2019-11-26,9.886391345127163e-05,0.016831504847456102,9.576127293327245e-05,13.795075496847009,124.60483837127686,71.08997286962916,0.15109745578258219,0.0458538110024457,0.12260224027040814,2.673763370810529,0.940609393649132,0.005673100964381766,36.68033170748381,33.98554959719277,0.42409156495258493
2019-12-02,7.792848046584664e-05,0.017850406911101402,7.976245164826664e-05,103.62031653177,117.60876083374023,71.3502849017951,0.16729518417273478,0.04157900547972216,0.12232733472700777,2.9420457107052767,1.3287330264411272,0.004452911138056882,36.59808503321496,34.39917134636686,0.3530285222132772
2019-12-08,0.00013879413600726662,0.018082016042146876,0.00014096090043136958,103.62031653177,111.57041549682617,65.12896814296542,,0.030379852650453513,0.0931982788439913,3.0677659933482273,1.6516587047430016,0.007781783099491472,27.883208129185284,36.62081138467987,0.62494862910027
2019-12-14,0.00025060610497085986,0.01753689061528263,0.0002517880060231773,103.62031653177,110.58944320678711,79.72386320512112,0.13261410955108568,0.043037209743951,0.13629760463290916,3.16697121964479,1.908110084725299,0.014340245722213934,40.777732428412065,37.829197382673016,1.1169333940360489
2019-12-20,7.886326639628647e-05,0.016967993514516166,8.088543333346591e-05,103.62031653177,102.6624584197998,69.61426112220677,0.1180863114538763,0.033176910669443144,0.10790763330851062,3.252491902686302,2.1278832206848803,0.00475105595274609,32.28397600888734,36.97223882799981,0.3580462853196159
2019-12-26,0.00017304787471140412,0.018763860326252768,0.0001736274158046304,103.62031653177,118.59339618682861,92.97364224338551,0.12796699828524358,0.03728546318293064,0.12275544062461742,3.2923136832805957,2.301910432995706,0.009234195337368304,36.726166431202614,55.47792146687263,0.7695543453102784
2020-01-01,0.0002118583855982372,0.017700742216414156,0.00021321900431254748,92.06903116749257,103.27241659164429,67.24978017440654,,0.022410448860444732,0.07422671179861644,3.312147483561979,2.456402925085412,0.01203122546051533,22.207264763874036,44.09666981532161,0.9458455952108987
2020-01-07,0.00020241719030956415,0.016148254976839027,0.00020481150196183102,92.06903116749257,89.57500100135803,49.79320059920223,0.0659764568902245,0.012953059758925106,0.04300301328414119,3.3199115949813036,2.5766471262178134,0.012671447675261486,12.865709372068887,36.018685026821736,0.90880620031161
2020-01-13,0.00025607391435834257,0.014437364745840675,0.00025915646931713753,92.06903116749257,76.62689185142517,35.52845857026935,0.05455109447836701,0.006325515640306254,0.020861494828178655,3.2979911859278292,2.6513199302715464,0.01794117538439749,6.241374941631021,28.13665790851018,1.150425720128146
2020-01-19,0.00023129910405906526,0.012954113361439923,0.00023348809694436108,92.06903116749257,74.80471229553223,51.678987523868095,0.1040204078277219,0.0253092251218461,0.08240379768905905,3.2558799130492053,2.6797434936535653,0.01800909334799326,24.6536982238213,25.98914896377569,1.0361403362711015
2020-01-25,0.00015035822289711473,0.011343023399746244,0.00015371589774018616,92.06903116749257,61.51724433898926,33.03062605403346,,0.017537752813459814,0.05538441831015509,3.158011114608073,2.678219584387099,0.013540512367210251,16.569997665310733,15.778472702127633,0.6821556865950958
2020-01-31,0.00014159200364439426,0.00994394576423474,0.00014529862620129766,92.06903116749257,53.82918691635132,28.225065825289512,0.051795647095896374,0.017017490165836313,0.05167868546796212,3.036798315400843,2.650180557975574,0.014601008054877518,15.461310666026245,12.118901513755128,0.6448536455081387
2020-02-06,0.0002105467778229588,0.008354007746465442,0.00021387553019972327,80.6636029352057,43.436482667922974,18.28115471081061,0.03567289930346221,0.009949105900900142,0.028761652968999546,2.890878160860399,2.599984088891847,0.025593533949847348,8.60495672046114,8.72658848933185,0.9496095010176252
2020-02-12,0.00018644915545074878,0.006491013565925741,0.00019048121247542036,80.6636029352057,31.87347960472107,8.816422067359147,0.0318485825976452,0.004436690708777094,0.012099260145757492,2.727091190247171,2.5340667088513853,0.029340638259656136,3.6198757427489077,4.350678390767506,0.8458679338427338
2020-02-18,0.00015536131687177954,0.004656026677517411,0.0001612306159891525,80.6636029352057,22.966766208410263,6.521182552189784,,0.0065279496216516155,0.016654785482753277,2.551304229970375,2.4591290633170613,0.034623574918190334,4.9828050015806,0.8223861810922832,0.7159913695169009
2020-02-24,0.00026802893845080076,0.002984870247837723,0.00027090183367653366,80.6636029352057,12.307501405477524,-1.063731481500099,-0.002055448018293493,0.0007978552032697915,0.0018867892439642744,2.364826645526387,2.3828479914389047,0.09076117711565646,0.5644925833172281,-2.8314505266924,1.203226461875073
2020-03-01,0.00016422619810974834,0.0013664052972295893,0.0001578008119772116,82.03454411095436,3.2961444556713104,-5.686597593357491,-0.025830572158377307,-0.0007412175420434884,-0.0016140522392804773,2.177568861674051,2.31472586324682,0.11550340937083847,-0.48289469588350326,-5.904672243220354,0.7009693457463656
2020-03-07,0.00010777221760428188,0.002673476984082157,0.00011585187991705392,82.03454411095436,34.934600830078125,48.71330749494203,0.06873858043523537,0.04921009383126245,0.09798901731145415,1.9912381725475023,2.2646402483963284,0.04326494118559376,29.31650882355077,18.88308724025266,0.5137114311385985
2020-03-19,9.869787609851597e-05,0.000637703173740789,4.787795151816112e-05,82.03454411095436,11.327513933181763,17.757873333959484,-0.025420043160545608,0.010686758001072378,0.019804111839472085,1.8531449703909093,2.1933444571340286,0.07497535123301458,5.925025430544893,11.620505963221179,0.21234194019341204
2020-03-25,0.00011033664341731606,-0.0007498521226896315,8.316350596446751e-05,82.03454411095436,-1.8134117126464844,3.923570376135122,-0.056105732867871294,-0.003407194545594607,-0.005888536145253356,1.7282653122543425,2.0958976187536074,-0.11088718464654503,-1.7617415359051507,5.316009902260031,0.36930200978024136
2020-03-31,0.00018784212298406897,-0.0011591487937714362,0.0001730588205205857,82.03454411095436,3.2313387393951416,15.220729099566023,0.0155147352063785,0.018884263208457295,0.030208488504646403,1.5996646610558558,1.98340279093448,-0.1492453689916835,9.037823259087604,5.414530296496194,0.7683755439822244
2020-04-06,0.00011469860911084948,-0.0022283760351389237,0.00011998320890419828,6.988986188165559,-11.401467621326447,-1.3501481865355842,,-0.007634790761046919,-0.011134595169387793,1.4584021380385497,1.8570443763022677,-0.053846777025406294,-3.331265752900516,1.4481898350263425,0.5329277313385891
2020-04-12,9.55990748544657e-05,-0.003683640591220616,9.634870253652012e-05,6.988986188165559,-30.265084743499756,-18.88155336944547,-0.057875637165653304,-0.03858482881976797,-0.05088629158138704,1.318816051227801,1.7305273082900758,-0.026176662644749594,-15.22424101266224,-4.085571261104076,0.42825890432084734
2020-04-18,-8.430491433763268e-05,-0.004736473451734113,-8.007100481818891e-05,6.988986188165559,-44.95466995239258,-31.117075616496386,-0.07172552775874161,-0.06110934153779376,-0.07251025953979456,1.1865658787200282,1.6090848156935647,0.01688020190547217,-21.693733868559374,-9.068246001126614,-0.3550957468103994
2020-04-24,1.54571374942982e-05,-0.004864775372766417,1.62937662217937e-05,6.988986188165559,-41.49739646911621,-24.680361556653125,-0.06601390547539329,-0.044036245101928724,-0.04895705845822884,1.1117446173012737,1.5046847008996709,-0.0033692302126819298,-14.647050002592353,-10.106107594909954,0.07279604084918258
2020-04-30,-2.3663183667746804e-05,-0.0053553667644408165,-2.1476059787361997e-05,6.988986188165559,-43.79471969604492,-24.1893567906415,,-0.03629216871132523,-0.03718566931024594,1.0246196529622627,1.4171246619269664,0.003992708695481324,-11.125267222330187,-12.969122771749392,-0.09496679656192096
2020-05-06,2.2891972918944934e-05,-0.0056236490271608375,2.4703660997860417e-05,7.286799536427406,-51.885369300842285,-30.152138192213535,-0.08183732115562539,-0.05270935055039411,-0.050810682312748545,0.9639785309851183,1.3520485452113642,-0.004413882673362987,-15.201620112361368,-15.060761359558558,0.11024327970639443
2020-05-12,2.054224606319008e-05,-0.005903771734939056,2.2979947567910114e-05,7.286799536427406,-51.808061599731445,-27.41474902531378,-0.0318182210175946,-0.044629940730873084,-0.03800519357698229,0.8515627167457097,1.3197295526564143,-0.003910658755113593,-11.370453785641928,-16.14683524560217,0.10254000593031633
2020-05-18,0.00012190722046135602,-0.005330372312280396,0.00012142920748110889,7.286799536427406,-37.452749490737915,-15.722185790297962,-0.040001815079625996,-0.012236402057903129,-0.009689467315157142,0.7918559123266959,1.3207432490072981,-0.022792749726835187,-2.898910121094832,-13.362874655791051,0.5395989865879219
2020-05-24,-8.918353122943403e-05,-0.00525156101390678,-8.652618646020908e-05,7.286799536427406,-37.58343315124512,-16.9202981717289,,-0.013787463804469628,-0.009877897666548327,0.7164405148498816,1.3400935311767639,0.01646417537598953,-2.955285010962604,-13.581000922724927,-0.3840122380413668
2020-05-30,-7.059383787499132e-05,-0.005679629659869789,-6.867079434298148e-05,7.286799536427406,-47.654998779296875,-24.699138010081988,-0.012385851150273297,-0.02990106081443675,-0.0193973550818552,0.6487179569391672,1.37876707886097,0.01207415485236656,-5.803331301948704,-18.59123377532527,-0.3045729328080143
2020-06-05,-1.2514437542346737e-05,-0.0055227008529152855,-1.0974878766942406e-05,13.6807471167566,-37.04064929485321,-16.824882087900423,0.06423642608966032,-0.005532145305289177,-0.0034066015978789226,0.6157831021939963,1.4513234226205125,0.001975402739020479,-1.0191924415887126,-15.757236210846031,-0.0484534354656807
2020-06-11,1.2137409073250869e-05,-0.00392900822454223,1.2816812007964422e-05,13.6807471167566,-16.604279279708862,-3.0465279307531574,,0.015683264821410112,0.009551866315774017,0.6090483342941595,1.5499648215664283,-0.003265175861264568,2.8577424369683246,-5.961248890962622,0.05697852324114017
2020-06-17,7.70422630658982e-06,-0.0029101420030395175,8.169012687728105e-06,13.6807471167566,-7.117191314697266,0.7290491200145626,,0.028162015321476174,0.016785015932684052,0.5960161494509204,1.6538617617126095,-0.0028061337744250212,5.021767553091403,-4.328988397737765,0.03626996466092446
2020-06-23,-2.202833996204159e-06,-0.00303549389420521,-5.706428794864457e-06,13.6807471167566,-22.139926195144653,-12.545365941500624,-0.043331080732566,-0.007674496433381769,-0.0044073498511362046,0.5742852171988182,1.760676732066293,0.0018638387807810872,-1.3185978831548737,-11.201640275615304,-0.025127782730445324
2020-06-29,-0.00038521290988945725,-0.0037292403665034612,-0.00037445082886575383,13.6807471167566,-39.63561248779297,-28.692191264129004,-0.0615134338792816,-0.040775485394666085,-0.021986221816549027,0.5392019642131614,1.8808512339089403,0.10038357047871153,-6.577872536803775,-20.45169573729265,-1.6626229900325802
2020-07-05,-2.414686540639613e-07,-0.004125207812892384,-8.628630303791287e-06,-56.649132204625325,-35.55662679672241,-26.62348185694055,0.0017473817762921895,-0.01793538171287929,-0.008032147059452715,0.44783808831260496,2.0374144074179372,0.0020665875744672888,-2.4030704317817233,-24.18254852996418,-0.0378628951946486
2020-07-11,-0.00037221927195140483,-0.00479554632678969,-0.00036944623548485926,-56.649132204625325,-55.01335620880127,-42.488007771522305,,-0.05937818219302036,-0.021028986365480246,0.35415342115259485,2.166533251370313,0.07700834382119442,-6.291485324058524,-34.556366107158226,-1.6401563403055537
2020-07-17,-0.00022588457213067772,-0.005101689477747584,-0.00022822820190124775,-56.649132204625325,-55.70559024810791,-45.74484638305107,0.016967323511559912,-0.050130927542726106,-0.012058007825619152,0.2405303156488024,2.2784633024148304,0.04470274777363715,-3.6075338085147513,-41.12443127841107,-1.0128812961252418
2020-07-23,-0.00036784927360066535,-0.005420154353018347,-0.0003664135177314916,-56.649132204625325,-63.10435104370117,-53.933787015355655,0.05848673175229027,-0.06211830948985039,-0.012482080837982764,0.20094044639161068,2.375524742335214,0.06756631160832433,-3.7344086415306994,-48.572890255256546,-1.6264881185684077
2020-07-29,-0.00020562079734453323,-0.005687474945730742,-0.00020612777831787463,-56.649132204625325,-66.2741813659668,-63.455542765087685,-0.0374815064142302,-0.06319402600417029,-0.026608753473300953,0.42106438148987363,2.4688049588971888,0.03620054621572956,-7.960848852114468,-54.580278326243466,-0.9144155867297511
2020-08-04,-0.00020664362236210468,-0.005788585600237539,-0.00020828553901346733,-79.46611401815173,-52.80823516845703,-56.91428179972502,,-0.023436912012309477,-0.014293503286163443,0.6098714403440284,2.574452672522211,0.035945052516903685,-4.276352867958402,-51.713816218578074,-0.9241127131885409
2020-08-10,-0.000291377969545362,-0.005871628517887473,-0.0002907761605815217,-79.46611401815173,-58.58765983581543,-67.6935547299629,-0.03339054804839012,-0.03522968715548275,-0.027695930659844225,0.7861531820481678,2.6453173130592633,0.04947920396002195,-8.286112238323907,-58.117135179450166,-1.2903073121888307
2020-08-16,-0.00010157017967948081,-0.006243348993358211,-0.00010324388223487351,-79.46611401815173,-67.24167060852051,-81.24988203989813,-0.06309034348187562,-0.049031415516596503,-0.04612043314574848,0.9406302604120679,2.6966266206766707,0.016486565995700486,-13.798383965478035,-66.99434846787862,-0.4571496065414593
2020-08-22,-0.0003446431015553451,-0.006518956732911363,-0.0003419594536849026,-79.46611401815173,-71.58426284790039,-91.59188453250776,-0.072488579368992,-0.05343012664408295,-0.05595762704421314,1.0473047802593989,2.752095061819345,0.05240362048433991,-16.741491158875803,-73.33316988724175,-1.5172234863902088
2020-08-28,-3.815150702656569e-05,-0.006707647342892642,-3.944924865733753e-05,-79.46611401815173,-74.5717887878418,-98.63541825640056,,-0.0553301145873144,-0.06176308721491636,1.116265304628103,2.833544920436394,0.005824147960954932,-18.478377893623154,-79.9835351349762,-0.1735052278011999
2020-09-03,-0.0002827309886860228,-0.0049051296128896915,-0.00028473852846313424,-119.5476312246445,-36.78890986740589,-45.88329261261771,0.0347333978511086,0.00045568180986729957,0.000551415806901037,1.210089573383709,2.9580597793409327,0.05801435625743836,0.1649734512295184,-44.78439698607369,-1.2638690777735422
2020-09-09,-0.00022087545366310837,-0.004881601670781777,-0.00022475587384426248,-119.5476312246445,-46.492172718048096,-65.73981096171626,-0.03099393526630581,-0.01895320803430219,-0.02471218270698966,1.303852237693201,2.9961574227711485,0.045990616532393086,-7.393429817506453,-57.34926859849508,-0.9971125457147262
2020-09-15,-0.00031817439011582496,-0.005210689168642091,-0.00031807084579066417,-119.5476312246445,-59.42043972015381,-85.91389184107759,-0.05759955280603252,-0.04774896652827547,-0.0652608524730285,1.3667490045964248,2.9545275729119886,0.06098041130577105,-19.524844822934504,-64.97782611496366,-1.4112209031794216
2020-09-21,-5.892270709672334e-05,-0.005592186344614447,-6.377115732122839e-05,-119.5476312246445,-66.96003913879395,-95.24242920775517,,-0.05874220928703217,-0.08306890760076198,1.414126377080273,2.8558489219262833,0.011337736700831167,-24.85268685673201,-70.10815286780013,-0.2815894832230288
2020-09-27,-0.0003784793312596655,-0.004528616677750064,-0.00038002912563658104,-119.5476312246445,-32.5644993185997,-35.96670491343914,0.03849910717677987,0.0013566073502388385,0.001937601624616693,1.4282700327958322,2.7112693038223186,0.08388864832646462,0.5796947115415318,-34.859126527596324,-1.6872730973843482
2020-10-03,-0.0002699211705411351,-0.003917639973701981,-0.0002686616881245407,-9.661299662129652,-24.538991928100586,-24.293269336323906,0.020692217591966516,0.017244443246557464,0.024871164902517638,1.4422712607716524,2.483350609592687,0.06855492649924695,7.44099436163459,-30.541426047647285,-1.1928376503112121
2020-10-09,-8.426585699715974e-05,-0.002074353813402041,-8.68361079638843e-05,-9.661299662129652,-10.155810832977295,-7.433931374512538,,0.020123320849891574,0.029276714025959414,1.4548649422402447,2.270109735767556,0.04184858789476966,8.75905350023634,-15.807431826526296,-0.3855530482225817
2020-10-15,-8.226118515529992e-05,-0.0005487649182569498,-2.543046210488532e-05,-9.661299662129652,15.020133018493652,28.369994002436435,,0.042174227974059265,0.061940976761573716,1.468692605343545,2.056174793300369,0.046537888006987785,18.531599168897525,9.951835329372809,-0.1134404958338974
2020-10-21,-0.0002342438325221217,0.0013350913016516586,-0.0002024813469526063,-9.661299662129652,23.542656898498535,29.161276066321914,0.043333347869491806,0.02627803874540081,0.0399493576471916,1.520256440529967,1.857072576058163,-0.15175665315315398,11.95211186001124,18.10898843618454,-0.899824229873864
2020-10-27,-0.00012201492208340528,0.0020149335434176407,-0.0001347246238736557,-9.661299662129652,34.66438102722168,41.43350291580659,0.10139389801255042,0.04716639884731874,0.07502206766041004,1.5905829042251507,1.6879333949713882,-0.0669477344298468,22.445220585657847,19.587378092589198,-0.5990957624404516
2020-11-02,-0.0002593933837423599,0.002370633736392236,-0.0002540253501326535,-41.041324308920565,25.896307468414307,23.51183034047341,0.0312494640122514,0.02512757595426567,0.04128578422250628,1.6430468381689476,1.5654398553670164,-0.10719827833066138,12.351946071662844,12.288542972922219,-1.1286587041116536
2020-11-08,-1.740850856812062e-05,0.0020070435304608836,-3.0154637637660218e-05,-41.041324308920565,17.41225838661194,13.458163497088847,,0.01245158010572072,0.021775661243325584,1.7488271414903425,1.4828065211025625,-0.015051062345574925,6.514876692247271,7.077451436838833,-0.13416463199725734
2020-11-14,-5.842284880862894e-05,0.0014107622759396143,-6.423082081198937e-05,-41.041324308920565,9.301263332366943,4.485550398186778,-0.021004294726220202,0.0034034092582169743,0.006367061379072085,1.8707892280952865,1.420711517851452,-0.045542728427347315,1.904907470460335,2.8660011894196633,-0.2853582616932204
2020-11-20,-0.00010188275481858613,0.0009104236167021829,-9.59771642728876e-05,-41.041324308920565,9.501564621925354,10.365552544780769,0.07228487763103089,0.017524965714246866,0.035090418097630666,2.0023102281509186,1.3659702417214694,-0.10546902427467124,10.498406658283987,0.29360711448352206,-0.4264612279867398
2020-11-26,-5.85050089220083e-05,0.0005170311286595841,-5.988927732892317e-05,-41.041324308920565,7.299321010708809,10.491220785460754,0.02986625918718097,0.017427075791953475,0.036880687170788205,2.116286611194803,1.3122424870086622,-0.11591852407676796,11.034022184592748,-0.2766220942038893,-0.26617930492810565
2020-12-02,-0.00015809115720265867,0.00011492176950622657,-1.3964222879905694e-05,23.371180913647013,6.87457001209259,15.10929998700737,,0.023924117546038463,0.05404578706423319,2.259050389642585,1.257792654292122,-0.12205181632761333,16.169503856827948,-0.9979202337733483,-0.06228363604723095
2020-12-08,-0.00010613779303902151,0.004423002793089381,-0.00011143670182512568,23.371180913647013,66.11902904510498,72.31190623866812,0.1584246651229452,0.04718864836807316,0.1131455743796482,2.397728654932191,1.2039578646819868,-0.025260029725620272,33.851071483895176,38.95703225279128,-0.49619749801834484
2020-12-14,-1.2691249074912284e-06,0.00829972099010945,-3.7774466714715365e-06,23.371180913647013,73.77598762512207,60.395294796318424,0.12459589065583457,0.037620637231327,0.09266198082588187,2.463062500938222,1.2740446813343622,-0.0004835206749245201,27.722757641861943,32.690360626937995,-0.017823472481513707
2020-12-20,3.3413583943122413e-06,0.00875534516650589,2.212763357363051e-06,23.371180913647013,65.22725486755371,45.07421741658368,0.12299424418779129,0.024024267484121953,0.0598118074306111,2.4896412542085513,1.418534220286448,0.0002326651255261051,17.89459092868219,27.170579152227837,0.00904733567364903
2020-12-26,4.418229801295934e-05,0.009009543611171011,4.2159912085872616e-05,23.371180913647013,70.05863571166992,58.10129417971274,,0.03957192657671055,0.0964815642336224,2.438131589236425,1.5957031260176735,0.004654467481134478,28.865506633000408,29.049540933121722,0.1862466135906067
2021-01-01,3.211311414553461e-05,0.010270379277759645,3.3492473079936516e-05,89.13254729834208,78.0441370010376,66.95130920375992,0.11495350694072828,0.0431171135744311,0.10431597831396389,2.4193636740986384,1.8225588085636915,0.0032357512737396085,31.20941900007375,35.59429320604152,0.14759699764464904
2021-01-07,0.00011217344436510144,0.010343488655962574,0.00011406772798309482,89.13254729834208,70.39097118377686,52.50817825090611,0.1193410261701072,0.02701148877813257,0.06351301773860511,2.3513334737040754,2.01587353205585,0.011008471789043598,19.001924869048587,33.00053197187434,0.5057214099831895
2021-01-13,9.735889617069302e-05,0.010410600980225837,9.924405600314572e-05,89.13254729834208,71.47946453094482,55.10534810695545,-0.022687260960009614,0.03214489310641585,0.06976751218585935,2.170407347596198,2.162716627570503,0.009512595272500087,20.87315438721975,33.792356554587855,0.43983716514784155
2021-01-19,7.904932718439636e-05,0.010646163985420287,7.998093838302636e-05,89.13254729834208,79.89406299591064,72.62006498468264,,0.04530808572276112,0.0970650359562605,2.14233363444659,2.2684564117946646,0.007486274064666859,29.0400706236836,43.226017401814865,0.3539769591841684
2021-01-25,7.86948716332638e-05,0.012766133676120006,7.839119104138688e-05,89.13254729834208,98.17598152160645,94.20209296674673,0.05435787859615107,0.047845133547135085,0.1003418697564618,2.0972220645514357,2.3501077423525847,0.006111968445014503,30.02043893079266,63.83511173890751,0.34654229704655987
2021-01-31,3.1461945042895653e-05,0.01282412134023403,3.271512391173621e-05,89.13254729834208,85.4837999343872,67.71019145264097,0.11050434121461619,0.02809983460494946,0.06153807517965052,2.189979978345186,2.4430786978985224,0.002530539322171534,18.411058437848748,49.1550017411863,0.14413127360592898
2021-02-06,4.4574210193889716e-05,0.01225934168041043,4.645732081277191e-05,85.90675560402754,76.15844869613647,52.77432361955192,0.0802096010145735,0.01870867687590192,0.04091111665891031,2.186745590309846,2.5029321040943233,0.003772849977333699,12.239852438769807,40.32904539747284,0.20542578330927425
2021-02-12,8.866887074610827e-05,0.011218728587896187,9.116632648706946e-05,85.90675560402754,66.0911374092102,39.921741822691686,,0.012618023574679553,0.026819184999491017,2.125466388675068,2.5216505965953093,0.008112572526297494,8.023806088175894,31.493712752261878,0.4042229822539122
2021-02-18,7.768514333939789e-05,0.009672588014205008,8.074809937872494e-05,85.90675560402754,53.77864754199982,26.680394693189324,0.021821201149627406,0.005126337794426196,0.010514482427148497,2.0510709299298937,2.4960770950998104,0.00833756302939441,3.1457394441543873,23.176475361826316,0.35817988720862015
2021-02-24,-4.557315841601553e-05,0.0077914355941937075,-4.0993375157149e-05,85.90675560402754,40.99784143269062,15.412122077007812,0.006378801464062389,-0.0005188949137198531,-0.0010204224457777656,1.966530059935571,2.428108903696424,-0.005269159180605928,-0.3052915975298414,15.899752302462831,-0.1823386279251778
2021-03-02,7.955922629399834e-05,0.006088444052220865,8.180457764591491e-05,68.48821703962005,38.51075983047485,24.5190899424013,-0.006652672442385099,0.018990496701033595,0.03576802002528152,1.883469431493847,2.32462468343242,0.013420667803496442,10.701132672238094,13.455047630485769,0.3629096396774391
2021-03-08,0.0001018367242132747,0.004243648860860816,0.00010337466487884767,68.48821703962005,27.51003861427307,17.517910724392618,,0.018077380194404673,0.03307208960214219,1.8294735877922559,2.201779058387499,0.02434437241707623,9.894559954129974,7.16451650019002,0.4588342700726235
2021-03-14,-8.113734650475404e-06,0.0026585485505679074,1.6799851501132133e-06,68.48821703962005,17.305732131004333,10.230316826531038,-0.028189500658120592,0.0121897816616576,0.021384025763979807,1.7542583089279016,2.066453620407832,0.0006169289042032104,6.397706571545245,3.825325793476358,0.007284461509433871
2021-03-20,0.00010650000186352668,0.000955976768813982,8.198924516229912e-05,68.48821703962005,5.840596228837967,3.1641278205235914,-0.0424579786075803,0.003978245788543362,0.006758730977123155,1.6989224236941554,1.9231301281540147,0.08575402966866504,2.0220877988504493,0.7779403678158289,0.36409965385731324
2021-03-26,-5.8479723455882285e-06,-0.00084480786037755,-1.788382817673772e-06,68.48821703962005,-8.865165829658508,-8.627510596308284,-0.0664245135336983,-0.012267496400679517,-0.020235424811588316,1.649515447216063,1.7781166792802816,0.002077174268027681,-6.054066326144111,-2.565650601183324,-0.007793668980846745
2021-04-01,0.00021151757974358884,-0.002497359936640464,0.00020185039422428657,20.586113164965422,-23.526554346084595,-19.033840865702107,,-0.030527018248475018,-0.04849450720946995,1.5885766115363231,1.6421224060832758,-0.08085820075539932,-14.508663190093934,-5.422023989126106,0.8968463135179332
2021-04-07,-8.4587221493063e-05,-0.003637127831378706,-7.765962077987994e-05,20.586113164965422,-28.75788640975952,-19.741496532979156,-0.04250359677758919,-0.02376415369216753,-0.036981260783123714,1.556178320598576,1.5166214538694653,0.021331401554953614,-11.064111956634026,-8.332802012318378,-0.34458256402674997
2021-04-13,-4.586646681935849e-05,-0.002762326435602702,-4.484791021762913e-05,20.586113164965422,1.2435083389282227,20.11717228923143,0.08329635345907918,0.03299418727715007,0.05076386174093301,1.5385698491227642,1.4086581507996891,0.01626392673175208,15.187612259803862,5.129100022431001,-0.19953999300343217
2021-04-19,2.1039514110373833e-05,-0.0031353159169151823,2.0005760626026342e-05,20.586113164965422,-11.974275588989258,3.2693680421750404,-0.03323946908630809,0.013790186023771099,0.02008600226504365,1.4565432424493778,1.3007282076418913,-0.006376808770638979,6.009361852883698,-2.828792589010531,0.08879877830187367
2021-04-25,-4.240695270062747e-05,-0.004181021082439784,-4.071784176154902e-05,20.586113164965422,-26.858091831207275,-10.905188535170675,,-0.012498311271428456,-0.017661999569231028,1.4131508797998118,1.1958662039606172,0.009728804748938554,-5.284144901332589,-5.440384575793348,-0.18065905804473736
2021-05-01,-0.00012298605869808557,-0.004411068294558618,-0.00011880302335041795,82.82675668332095,-21.625412940979004,-1.7777969456229261,-0.01916980588098041,0.011976226904448058,0.016516842880656822,1.3791357672525681,1.1022876848588916,0.02693188003966756,4.941535116215277,-6.191700364338498,-0.5276316974997054
2021-05-07,-0.00025052544660219314,-0.004210158084414495,-0.00024335518009083602,82.82675668332095,-21.641748428344727,-3.8207696469195307,-0.0721885676287422,0.003748982088716645,0.005050485984884615,1.347161940326448,1.0459152965445284,0.05779953018095839,1.5110123665030566,-4.250988412477219,-1.080793600945368
2021-05-13,-0.00010362188331135871,-0.0038604254657854664,-0.00010003616046502942,82.82675668332095,-8.495291292667389,10.732801280564637,-0.004370473624850518,0.025817175624209723,0.03420955458073268,1.3250696001251627,1.0171016052593307,0.025924310883424426,10.234868521317026,0.9424283211596234,-0.444495561912012
2021-05-19,-1.347361248270931e-05,-0.0033653160108646496,-1.216650366275665e-05,82.82675668332095,-8.39110517501831,8.148178382502232,,0.0174768327968555,0.023055554892392,1.319206698397907,0.9830709204411997,0.0036247397352089333,6.897797293816322,1.304559625946525,-0.054178537260614924
2021-05-25,-0.00012294607003503802,-0.002791433439911728,-0.00011343934458443554,82.82675668332095,1.4347777366638184,15.535618519522377,0.041613427551074694,0.029535502463485786,0.03789221268375053,1.2829378044472408,0.941283398237504,0.040660004252167786,11.336651983723721,4.703075385571962,-0.5041088497733067
2021-05-31,7.623195998086272e-05,-0.003190497461504904,7.545674025251725e-05,82.82675668332095,-19.559404611587524,-5.59022069515067,-0.06099355784400182,-0.012719505137017365,-0.015183323979987427,1.1937039858413714,0.8731798179151593,-0.023657860130718612,-4.542570827252291,-1.3828870949243934,0.33523722702601455
2021-06-06,-0.00010091563453250887,-0.003950776437379844,-9.915089022489419e-05,5.667377567199906,-37.943325996398926,-21.07009800982449,-0.0819199188652445,-0.047594160228069386,-0.05216176372900697,1.09596983073238,0.8159752473193206,0.025076701455380077,-15.605838782451508,-5.024246408014369,-0.440012819358612
2021-06-12,-0.00027950739021697404,-0.0041906788166841125,-0.0002784735795098469,5.667377567199906,-36.194923877716064,-16.450274012560534,,-0.03207674199556635,-0.030255951688668695,0.943236432579427,0.7715700620685597,0.06643764016393579,-9.052023369379155,-6.1616978570819185,-1.2365527860994592
2021-06-18,-0.0005588573636422431,-0.004926303748000294,-0.000554183586608976,5.667377567199906,-54.21169853210449,-27.76008686725143,-0.07372445817106771,-0.06789061295049041,-0.0547930808040931,0.8070788938678641,0.7408844678238513,0.11247765990189738,-16.39308037713076,-8.906085919256935,-2.4609205708637334
2021-06-24,-0.00041029249550127747,-0.005744364986362882,-0.00040884187872517684,5.667377567199906,-71.95229721069336,-33.3845383869686,-0.0678110407586015,-0.10135122094760454,-0.06557157409914778,0.6469736968738272,0.7415159753142045,0.07115349838047773,-19.617807009348116,-11.95144194592816,-1.8152894316923243
2021-06-30,-0.0003547902684594071,-0.0064102967230610375,-0.0003538360515691947,5.667377567199906,-85.00269317626953,-38.04564340969226,-0.0789348487161407,-0.12238385229727965,-0.06923695900256535,0.5657360648722147,0.7912642894091505,0.05517778713712472,-20.714422648641705,-15.760320039201712,-1.5709007218488449
2021-07-06,-0.0006316746235760426,-0.006444858576841739,-0.0006306344840871698,-28.473926524559275,-79.0677261352539,-37.89827264183454,,-0.09701545875075682,-0.052234773168347244,0.5384170094226324,0.9090162896418847,0.09783253762710718,-15.627681861720466,-19.47028982896862,-2.8003009511454557
2021-07-12,-0.0007697718334319567,-0.00642894479435796,-0.0007666621259829538,-28.473926524559275,-78.21035194396973,-41.29461185455037,-0.041345933257478096,-0.09091999534540575,-0.04839678998940048,0.5323008410365697,1.0425167830065545,0.11923223660193048,-14.47942799799813,-23.410776111415505,-3.4044077451367345
2021-07-18,-0.00026640961877354743,-0.006142254407258463,-0.00026850432747094574,-28.473926524559275,-61.780592918395996,-34.51598956179078,-0.017564758908801298,-0.04420809874267845,-0.02615583920934197,0.591652659879968,1.198547766014536,0.043694097741838064,-7.8253452479354175,-25.49868263183608,-1.191961682019284
2021-07-24,-0.00038854605517634513,-0.006336435951688202,-0.00038817177859445354,-28.473926524559275,-70.12957763671875,-46.53171656566886,-0.0566563133399455,-0.060967671380141975,-0.04144770468234246,0.6798308635393046,1.36471334155652,0.061234278112133715,-12.40038969034322,-32.40807122457169,-1.7232556507539423
2021-07-30,-0.0006055013160156583,-0.00584313253641966,-0.0006036227047803855,-28.473926524559275,-58.02471733093262,-42.717832606472456,,-0.04102349423603814,-0.030279951302105243,0.7381124369338836,1.564562788661123,0.1032801323900901,-9.059203611597914,-30.9783838001573,-2.680245194717246
2021-08-05,-0.0005633190390589213,-0.005378139250190372,-0.0005655061333923306,-82.48674414916991,-53.155696868896484,-44.46187107925773,-0.04496591471965891,-0.035401384603321734,-0.028673642528009018,0.8099582219537976,1.7866974056189062,0.10512084651136455,-8.578625617847237,-33.372325145784444,-2.510920315626055
2021-08-11,-0.0005528734414773559,-0.005060712538096368,-0.0005529993276867777,-82.48674414916991,-61.099517822265625,-58.03540702462803,-0.0637136460321952,-0.05837956122439766,-0.04761983136526989,0.8156935469629546,1.953611275867591,0.10923344274524213,-14.246976290808739,-41.333294476008994,-2.455136257810291
2021-08-17,-0.0004032302764179683,-0.005472379666699112,-0.0004051801628930598,-82.48674414916991,-73.01009559631348,-71.04193166867117,-0.04293350769151161,-0.07951637005792606,-0.05818160941248251,0.731693478589357,2.0804578409762375,0.07399417389665708,-17.40686571320526,-51.83669229580877,-1.79837365965715
2021-08-23,-0.0004866717150370157,-0.005817664415729951,-0.0004857841111095057,-82.48674414916991,-82.58680725097656,-82.85660805625662,,-0.09740740732840203,-0.0680778244090756,0.6988978176942554,2.1854462326484807,0.0834506539734194,-20.367630931874963,-60.332806240584176,-2.156170883797476
2021-08-29,-0.0003616324625844634,-0.00594419046753103,-0.0003625342700235907,-82.48674414916991,-73.07305717468262,-78.46781854964571,-0.012414659849441817,-0.06192242445411964,-0.04129120770126989,0.6668215604488146,2.2917163913016294,0.06094112641774308,-12.35356867659746,-64.50541624740835,-1.6088336256399105
2021-09-04,-0.0003853180911327279,-0.006106710168701568,-0.0003870140589441318,-104.75766328968625,-77.4253044128418,-87.27505706067659,-0.0593232929551154,-0.07003320354781606,-0.05153479080310854,0.7358622509381926,2.389667927776042,0.06332261593050637,-15.418260033133034,-70.13938907526895,-1.7174079522746024
2021-09-10,-0.0006015143240737295,-0.006446737746877318,-0.0006005690509855341,-104.75766328968625,-87.61296272277832,-99.81312694980738,-0.0755075844291879,-0.09263640880436111,-0.06887394815532323,0.7434868109015124,2.4480591543040155,0.09310315971420216,-20.60581649054143,-76.54161701952782,-2.6656934397381375
2021-09-16,-0.000496263697271285,-0.006772343800577119,-0.0004966537678374388,-104.75766328968625,-95.11078834533691,-107.44227839845502,,-0.10637910262043591,-0.0748367196924067,0.7034907970546297,2.49495070670979,0.07327773167031065,-22.389767888115976,-82.8484879801574,-2.20402253018164
2021-09-22,-0.0004739733645627773,-0.00626460262611217,-0.00047595718890164687,-104.75766328968625,-56.09024506807327,-72.96383948907638,0.02910833665700671,-0.002158282605762441,-0.001446170065744322,0.6700559333069562,2.5494243124860296,0.07593287477870786,-0.4326674422909288,-70.41847632326412,-2.1126957235213366
2021-09-28,-0.0005488612456182515,-0.006321562719979301,-0.0005493951838011908,-104.75766328968625,-56.68598213791847,-74.08130027934955,0.07316264221044297,-0.0015995697062467307,-0.0010218528820822108,0.6388298541111481,2.5358545417984573,0.08686547006144694,-0.3057195577205994,-71.33673002576742,-2.4388506958615292
2021-10-04,-0.0003298317547822869,-0.006487551583846951,-0.00033251224112164064,-92.96738454077874,-63.796706199645996,-76.41653308747232,-0.04187328338225202,-0.019884272381419328,-0.012197292624339195,0.6134140787438036,2.455425406384969,0.05120992150778892,-3.6492052543838724,-71.29180104374747,-1.4755267893409798
2021-10-10,-0.00043157705803686144,-0.0050073245753772255,-0.0004346040383227091,-92.96738454077874,-21.24195671081543,-16.563797328067388,,0.031624448764998224,0.017229173341082274,0.5448054911284789,2.338012110487245,0.08678219920661938,5.154651267405679,-19.788445609762523,-1.930002985710544
2021-10-16,-0.00040242695248970153,-0.00484661595338487,-0.0004073288552001271,-92.96738454077874,-28.393373012542725,-22.519538850302336,-0.013263920419197217,0.011843246172810103,0.00630703410654524,0.5325426842030034,2.1705743319058683,0.08402777344595985,1.8869484163441628,-22.597729854739992,-1.8087574119065077
2021-10-22,-0.0005467072129184878,-0.004934471218147329,-0.0005483123987279907,-92.96738454077874,-34.36574895679951,-26.44523740085899,-0.04881719770310411,-0.0005289985430205343,-0.0002927949385428802,0.553489120917134,1.9462590697791935,0.11110089486391032,-0.08759885173662194,-23.92277206359626,-2.434866485526109
2021-10-28,-0.0003674215055006123,-0.00507280645943009,-0.00037246487160123414,-92.96738454077874,-38.2843074798584,-25.528090346649904,-0.049373190167886105,-0.006928672893889482,-0.003962458445510519,0.5718928438669808,1.6583861933520987,0.07340636599567002,-1.1854945703918554,-22.688738539002777,-1.65385723725527
2021-11-03,-0.00035214147064187886,-0.004665559310563339,-0.00035805911794097305,-79.65600381001238,-19.447266578674316,-8.227835314228347,,0.037543825382957474,0.02103762620521342,0.5603484991373088,1.2986293700697185,0.07673953546698245,6.2940702049433535,-12.931731689428767,-1.5901738297429326
2021-11-09,-0.0004126958316127336,-0.0030386719866069,-0.0004158464854454052,-79.65600381001238,0.9055793285369873,7.486259160396491,0.03835444708385252,0.041642212606805167,0.025458651360193048,0.6113664420423375,0.883371407434451,0.13686083768221907,7.616759487081403,1.7166076442463782,-1.8471079709312899
2021-11-15,-0.00034294530050182106,-0.0018892600688289463,-0.00031096006910950235,-79.65600381001238,16.405800819396973,13.94348336245144,0.08538335620980728,0.04848901810219382,0.0346682191554824,0.7149705337900806,0.48130854083754926,0.16461677967323926,10.372092512552301,4.952758505223025,-1.3813676553238874
2021-11-21,-0.00047406771918111803,0.00013588030821409802,-3.361903672395955e-05,-79.65600381001238,25.45636647939682,9.520533487546835,0.06140254179223539,0.03129574875337152,0.024329338290525606,0.7774007416232398,0.15436401893000484,-0.24787082940898894,7.278889820869466,2.3911271772166995,-0.14948351053932996
2021-11-27,-0.00025895112193473937,0.000789797230684286,-0.00022274038105956213,-79.65600381001238,28.438082695007324,8.284748301584347,,0.040418603719287266,0.03377625898032517,0.8356612023242048,-0.06473209821040693,-0.2821027467829405,10.105234459857083,-0.8310434131539453,-0.9894427451187902
2021-12-03,-0.0002513573504919684,0.0022793223928339046,-0.00025897669034413923,-32.191715723207615,42.016279220581055,9.231409805156026,0.08855350574297208,0.04739217091837807,0.04630350096438973,0.9770284852351812,-0.19595990644907935,-0.1136439962648703,13.853154484335736,-3.471342311903391,-1.1504023672763188
2021-12-09,-6.9147144670648e-05,0.003551487802994302,-7.670335840899029e-05,-32.191715723207615,51.000182151794434,10.036342125183612,0.10302970020941807,0.050590058197652145,0.05283688664243543,1.0444124502882577,-0.27029421214332644,-0.021609757677844118,15.807823121018735,-5.4306299015286905,-0.3408510943064316
2021-12-15,-0.00021465759490900995,0.004697636574821473,-0.00021592039360502372,-32.191715723207615,49.49229145050049,3.919979698990435,0.04084781650808497,0.03336055209353812,0.03368547292007219,1.0097396717423333,-0.2788009370328075,-0.045968764673097816,10.07807294309238,-5.199016793033792,-0.9590764510681525
2021-12-21,-0.00022727730683335426,0.004674562318690789,-0.0002289790615120003,-32.191715723207615,41.079713344573975,1.033618965899184,,0.018646263463814303,0.018440201376278595,0.9889488804051492,-0.23516790402792426,-0.04898660519378707,5.516968545948794,-3.4663232686202154,-1.0170263114293947
2021-12-27,-0.00024424192960658433,0.005105934935031087,-0.0002466207669365015,-32.191715723207615,48.56528568267822,7.707986023374234,0.060454221892172505,0.037600147271526226,0.03694772593639409,0.9826484367090179,-0.15374082466021088,-0.04830848302914595,11.054078948272275,-2.2505956481442113,-1.0954972767538302
2022-01-08,-0.0003016786882589138,0.005718720048992765,-0.00030514784965950716,-39.85614185374943,52.7213773727417,10.467081352304698,0.04981874775716719,0.042604545818369366,0.04083708557607678,0.9585147498150178,-0.027107959563937634,-0.053368521799691454,12.217703702588405,-0.39512981244553846,-1.3554925378381686
2022-01-20,-0.0004034688696200526,0.004879255806654825,-0.0004056945437913028,-39.85614185374943,36.60522747039795,4.1950011807801015,-0.0081221798507011,0.015194691802809544,0.014611394087661407,0.9616117442381896,0.15646803121615926,-0.08315259260650992,4.371459939574594,1.6255024962090712,-1.8019612550035635
2022-02-01,-0.0003238852601433671,0.0031324184569891944,-0.0003343320048984864,-34.20742134194034,20.350847959518433,1.5264936733481638,-0.010794512379907,0.003173018339654328,0.0031763132492407774,1.0010384149203524,0.37548770799315556,-0.10673747198596445,0.9502944100536831,2.0611583240632037,-1.484959060768723
2022-02-13,-0.00042174694826179507,0.0007912350372980548,-0.00023488103548926156,-34.20742134194034,1.8488249778747559,-3.2319569731382645,-0.014350550000435697,-0.00899307379824014,-0.0094047107398213,1.045772663587139,0.6095909315925325,-0.2968404607227766,-2.813716199546835,0.6249253779277043,-1.0431661515191342
2022-02-25,-0.0005402215989241874,-0.0006002343901023721,-0.0002683319845033018,-34.20742134194034,-0.9985281229019165,0.9534706216986946,-0.0035338275962649157,0.010435059500635387,0.011283766913788495,1.0813323022356922,0.8460228011026409,0.44705442984357613,3.375895190779739,-1.2306138544279555,-1.191810714653089
2022-03-09,-0.00040032472460815074,-0.002584403949023706,-0.0004168406912691464,-52.00582045915625,-15.505256831645966,-6.240961876596456,-0.04145633199116411,-0.002792035739542118,-0.003168372682339469,1.13478944322506,1.078382491288925,0.16128519970484573,-0.9479187387181263,-3.4417569084922395,-1.8512862293860908
2022-03-21,-0.0004544015042419112,-0.004515475389318624,-0.00045802520305700836,-52.00582045915625,-36.48254156112671,-22.205261663513117,-0.06803937516790562,-0.03258273052371445,-0.038412135679463125,1.1789108850624381,1.299352877091684,0.10141856738427939,-11.492203366006983,-8.679128048279939,-2.0339302492261955
2022-04-02,-0.0005238973768363273,-0.005418848976177504,-0.000525278953858775,-37.723892657969856,-35.1216402053833,-18.329468122745652,0.04657854057018182,-0.005894261435434312,-0.006734676891044291,1.1425819782199824,1.5048792769641515,0.0969247819086902,-2.014891259420606,-13.981872662824507,-2.332704200500541
2022-04-26,-0.0005842495826008296,-0.005703145843433566,-0.0005843301767811691,-37.723892657969856,-34.93620228022337,-18.852163356725708,-0.014022264005291912,-0.0002337769328315576,-0.0002624038738389608,1.1224540875811289,1.6965202959597638,0.10244707714408373,-0.07850640504213499,-16.1786861736005,-2.594970778083072
2022-05-08,-0.0004130448447475708,-0.005702538599287266,-0.00041690544232338557,-47.36356624021886,-31.464752435684204,-16.392987508482317,0.004783592494654487,0.013146562055864466,0.01448856747296264,1.1020803318309007,1.8743715229120315,0.07309910877202208,4.334712479171576,-18.876302432116525,-1.8513975555373687
2022-05-20,-0.0007939310395094132,-0.006597159507229833,-0.000791240189577795,-47.36356624021886,-60.84701442718506,-52.61806628166562,-0.07925019354649471,-0.05351477045126245,-0.05880814424777643,1.0989142577250672,2.028189256816986,0.11990970716920252,-17.59431339388538,-31.51037820405062,-3.513374683729614
2022-06-01,-0.00047322411555149915,-0.007081055759783794,-0.0004762558640027672,-106.58938789991218,-71.0318660736084,-66.83336550738076,-0.0635501733228501,-0.06360113485698857,-0.06594539013776016,1.0368587020662887,2.188809764554325,0.06722357434604831,-19.729645881652875,-44.98959098739971,-2.114128638328176
2022-06-13,-0.00037525771185108783,-0.007429581132242902,-0.0003779274835595284,-106.58938789991218,-78.97329139709473,-77.54362219113924,-0.05734102882638331,-0.07178757507169171,-0.06638785741015601,0.9247820022316788,2.2860124631320686,0.05082934845621003,-19.862023938410967,-56.00437963727302,-1.6772186154552429
2022-06-25,-0.0006606488837795829,-0.007927344256671631,-0.0006608667367519189,-106.58938789991218,-98.28130149841309,-100.47997286459359,-0.07812812126952501,-0.1080216017688965,-0.08671765265124573,0.8027806589720003,2.328093462416361,0.08332006811793363,-25.944324158567575,-71.60215546257795,-2.9334932434480647
2022-07-07,-0.0008696821401762342,-0.00795950250603994,-0.0008713629787787034,-147.2493387126721,-92.13250541687012,-98.86762145498908,-0.039412026903614616,-0.07926982114212786,-0.05713926309058633,0.7208198816058603,2.3560223601903267,0.10943105736708418,-17.095014895822963,-77.90416791976288,-3.868438639403232
2022-07-19,-0.0007045537582533931,-0.008299334421806748,-0.000707610449600085,-147.2493387126721,-109.82097625732422,-110.50558625102703,-0.07759295617041462,-0.11814918835261634,-0.07480756586543622,0.6331619108729971,2.259397409756971,0.08521358547753041,-22.38104560015891,-84.98360879622408,-3.140931854644045
2022-09-29,-0.0006721473415317511,-0.0059735433242806835,-0.000678557384897496,-154.72547116545024,-27.081443786621094,-18.56468656180052,-0.02675313046602501,0.029548667294533888,0.01253094648169121,0.4240782285300992,2.055207912037348,0.11358367265019921,3.7490283419242014,-19.300229718698883,-3.013485185025838
2022-10-11,-0.0005019394680792963,-0.005174941693823598,-0.000511804357259558,-150.751985727115,-23.30252718925476,-7.4120415810821605,,0.011152123621986332,0.0042199991963926455,0.3784031938161937,1.7514543457662983,0.09889665850110907,1.2625460186338735,-6.401541781648691,-2.273045818067344
2022-10-23,-0.000783263321493802,-0.005400242350084419,-0.0007880578681904311,-150.751985727115,-31.405648112297058,-13.981514991421331,-0.0666235854072918,0.00012855353921133655,4.754870907427334e-05,0.36987475697658767,1.4070372514433802,0.1459233064971746,0.01422569781155913,-10.49583104736323,-3.499909641869659
2022-11-04,-0.000507908896536616,-0.00527405651997892,-0.0005180593416864884,-136.0518755941716,-30.247302532196045,-10.62107770762944,,0.008682704937255058,0.0031432584113033554,0.362013731206794,0.9830008419254024,0.09822221461122181,0.9404050114798268,-9.260710784862002,-2.300771934247264
2022-11-16,-0.0005973957828181362,-0.0037869032450785767,-0.0005894688490547555,-136.0518755941716,-5.987356185913086,1.3187886813686909,0.05273459671664252,0.04281739850438319,0.01624375659899096,0.3793728055974278,0.46654971491984654,0.15566218291891148,4.859832731542907,-0.9229005958349163,-2.6181434543393
2022-11-28,-0.00036465571028464796,0.0001579184218734042,-2.4597507571863258e-05,-136.0518755941716,30.579690515995026,2.36262570274497,,0.030063887142467778,0.013244243791619157,0.44053663882041866,-0.07137035937486358,-0.15593693167839687,3.9624337566744243,-1.4905175625388145,-0.10929049139063965
2022-12-10,-0.00047823433996462586,0.0038701370790974465,-0.0004811989855622171,-86.71760713444192,58.93688201904297,-3.496585321895987,0.11732332081109662,0.04984733540619909,0.029853974874668312,0.5989081388481926,-0.38349326345999835,-0.12434027957019456,8.931759311856787,-10.291164258349582,-2.1371803754031924
2022-12-22,-0.0004306563292565322,0.00820785519890066,-0.0004366288641425249,-86.71760713444192,68.31841564178467,-7.266551944421669,,0.0338589349832163,0.020081117876764254,0.5930817932317825,-0.521534363525826,-0.05319473720798287,6.007900533890822,-11.335295054102202,-1.939157424210288
2023-01-03,-0.0005226758308643973,0.008328168973978478,-0.0005246358775408439,-47.11277047817163,57.372385025024414,-5.989919490170055,0.07316784499470072,0.020036958920693935,0.01302459926849374,0.6500287453822191,-0.5251559269772927,-0.06299423261025676,3.8967201616519938,-7.5565782824938985,-2.3300613693281504
2023-01-15,-0.00043008548672595384,0.007651212111870365,-0.0004323490475773024,-47.11277047817163,53.07699918746948,-2.2809737828239944,,0.02605770314391837,0.017040388405535456,0.6539482129879328,-0.4831258415867508,-0.05650762808144792,5.098170292490699,-5.458909274822011,-1.9202348004926824
2023-01-27,-0.0004026515758531666,0.010189173968896625,-0.00040530983401876336,-47.11277047817163,79.46604537963867,-2.2060519277273025,0.07850871384891608,0.04104611351960166,0.028118995993065984,0.6850586713803657,-0.4020870133976111,-0.03977884362122935,8.412685592304102,-8.818595833321213,-1.8001416867101918
2023-02-08,-0.0002940879436145103,0.008668655721706386,-0.0002963154836433578,-27.580895513635877,56.224342823028564,-1.7477497681232133,,0.014827847251052791,0.009420314595018036,0.6353123575877937,-0.24459974516815142,-0.034182481364472356,2.8183845855671024,-3.2500823508070367,-1.316052002883279
2023-02-20,-0.00039635013089799645,0.005499730289575844,-0.00039687527776181966,-27.580895513635877,31.097950235009193,-2.2528123506946276,-0.038252050540348304,-0.0004318964585658173,-0.0002567102546002754,0.5943791608125792,-0.06077761252278502,-0.07216267397423975,-0.07680297905391102,-0.4133304078337072,-1.7626789638070095
2023-03-04,-0.00033571468665548923,0.004280782933662408,-0.000343662341861435,-28.390390283291236,33.265456676483154,4.05121942969013,,0.029233932204171535,0.016138352533445297,0.5520417992603279,0.1360818761977165,-0.0802863771386985,4.8282977768878785,0.749364928064285,-1.5264432752620332
2023-03-16,-0.0004419356933730221,0.0014395523303445401,-0.0003651746333147079,-28.390390283291236,16.16687536239624,3.111947542579352,-0.005880580841020916,0.024314429285731326,0.012928212911549698,0.5317094947869695,0.3465584470634755,-0.25369189631076033,3.867883139286125,0.8660381819457125,-1.6219737786524853
2023-03-28,-0.0004744389094347632,-0.0014208939036686186,-0.0003981139738008609,-28.390390283291236,-2.301129251718521,0.4607377682151196,,0.014686741300445923,0.008173264854047216,0.5565063540541193,0.5629294114649515,0.2801886076297355,2.445290276248988,-0.2163249950116034,-1.768227513022265
2023-04-09,-0.0004499281872930503,-0.003813736666870682,-0.00045886510067671017,-47.28420701712059,-23.93990135192871,-6.9144314407646785,-0.06586101259631821,-0.010222306427447297,-0.006041836605629774,0.5910443644505905,0.7782542207886741,0.12031490647394413,-1.8076062095450027,-3.0688997098282997,-2.0379255213913767
2023-04-21,-0.0005475920857796943,-0.004581364910237085,-0.000550078768012929,-47.28420701712059,-23.12186861038208,-6.168418177443977,,0.008348080751656712,0.004834738138756203,0.5791436717711108,0.9810401537744997,0.1200658649161167,1.4464645854534517,-5.171819923098475,-2.443062839798954
2023-05-03,-0.0005053738946961736,-0.004103940145284923,-0.0005145021160580381,12.989072716307179,3.7034664154052734,15.07881205465257,,0.046465545318775336,0.026722417775819338,0.5751017790169269,1.1668678709200928,0.12538172692448207,7.9948551175014515,9.369374480950734,-2.285417543799616
2023-05-15,-0.000502271950238434,-0.0010672245561806903,-0.00038622853320435774,12.989072716307179,31.051873683929443,35.06986516517423,,0.04999118270176997,0.028652707639033336,0.5731552263919307,1.3540741252430393,0.3619870344117177,8.572362284728742,28.21354072657701,-1.7160378461315235
2023-05-27,-0.0004212452564323819,0.00212430792542051,-0.0003940916833784132,12.989072716307179,36.009599685668945,31.850503272610652,-0.0051642073505455965,0.028360131684503218,0.01692826103487289,0.5969034708016878,1.5774634123132085,-0.18558605975415313,5.064623848801581,28.536785746758955,-1.7509063229498825
2023-06-08,-0.00045057324459129336,0.0008708664253127552,-0.0003120294315981461,-48.22696572663008,28.1437087059021,31.06982765888271,,0.03441498812067227,0.02307617401277849,0.6705268626525308,1.8277840475818599,-0.35848198326062664,6.903966154790028,25.55227547031299,-1.386413966220308
2023-07-02,-0.0007638269686075425,-0.0029478440669584716,-0.0007299493103423988,-51.99331495172743,-24.130565255880356,-12.598636848478245,,-0.0358133003726583,-0.02893359829700106,0.8079009193771609,2.1651830899459013,0.24761265052568154,-8.65639959501822,-0.7003918344711206,-3.2418454189889028
2023-07-14,-0.0007493914687010026,-0.004017070724295024,-0.0007537296261912967,-51.99331495172743,-28.552547216415405,-18.636152234366328,-0.0443862396045871,-0.024200779817505288,-0.022075418904083596,0.9121779988310813,2.502060877127284,0.18761876455625068,-6.604558662203224,-8.684233232135245,-3.3473603400278584
2023-07-26,-0.0008792071253927922,-0.004625051385756862,-0.000878356332978273,-51.99331495172743,-37.52577590942383,-30.524040241130002,,-0.03843773334917577,-0.03710009098747781,0.9651997595813842,2.830497969839539,0.18989304608795876,-11.099663764683886,-15.523693161344227,-3.9006833151018885
2023-08-07,-0.0006076348596187806,-0.004653526232788252,-0.0006176484511523255,-125.57698452934198,-32.19102191925049,-31.53440295610224,0.009307879960920168,-0.011668569903030572,-0.011655724957541207,0.9988991842534165,3.1504738964979397,0.13270412904294818,-3.487178185250512,-25.3044908667267,-2.742733904125028
2023-08-19,-0.0011879382305713868,-0.0055187559298914834,-0.0011868003558576819,-125.57698452934198,-60.8283748626709,-81.04199892041838,,-0.06732465909505977,-0.06877702309710486,1.021572541496191,3.4122589631011415,0.21500051056738165,-20.57681829867825,-55.19542086934351,-5.269759752396618
2023-08-31,-0.0009219302679347372,-0.005375642070806208,-0.0009263462438076751,-125.57698452934198,-43.63266134262085,-61.38306736542502,0.008408736167955372,-0.01798091991538612,-0.017515266694789602,0.9741029256129404,3.618692011489845,0.17228382974017092,-5.2402451284162614,-52.02952707145853,-4.113295165550226
2023-09-12,-0.0009397145709889507,-0.005966813087447065,-0.0009433864844740101,-160.35745445409933,-70.86951065063477,-105.17394007288047,,-0.07754778473838585,-0.07192791054978095,0.9275301775858069,3.75401543977659,0.15804417495431863,-21.519505778794418,-79.46621331642466,-4.188220977661395
2023-09-24,-0.0009702527546259141,-0.0058511065482509395,-0.0009734166912473175,-160.35745445409933,-51.2604193687439,-86.3470713152593,0.03292955357676078,-0.01549505555157859,-0.012098630198358582,0.7808058614624334,3.7991122966201756,0.16631268473319222,-3.61968727409206,-78.40545825676102,-4.321925784406217
2023-10-06,-0.0008714761002855873,-0.0062510010278629125,-0.0008741133567751892,-157.91470339775466,-70.09621238708496,-108.10029478003045,,-0.058128485901798414,-0.037721977503693806,0.6489413394909489,3.7259044651075177,0.1397744199543232,-11.285720753927334,-92.93407965391954,-3.880494372183586
2023-10-30,-0.0003926419536518431,-0.003624750627826856,-0.00039146637973890854,-157.91470339775466,-16.123061656951904,-21.51540784860949,,0.02118070222905682,0.00951406468666463,0.44918551725885303,3.5566428778730375,0.10797688247862051,2.8464328859213177,-22.62351894945808,-1.738321785072729
2023-11-23,-0.000560949463390795,0.004561855131456127,-0.0005591459684118684,-69.10673623379144,37.13490390777588,28.72347698179953,,0.02762326134578729,0.00875104059995319,0.31679968887119747,3.3205735320323777,-0.12259830854601812,2.6181501356253523,28.58926611570468,-2.4839392695305045
2023-12-29,-0.0005657957750307893,0.0038428641349206316,-0.000565196157243891,-16.020099739464502,25.055823802947998,16.54924447638578,0.00733958053385661,0.007036737668653951,0.0017406293285594837,0.24736311207299083,3.151321758481605,-0.1470973315270971,0.5207642291895955,18.539079821841888,-2.510599574645705
2024-01-10,-0.0003434212645451105,0.0029915448000030764,-0.00034148034143192106,4.504673821482811,20.21779441833496,7.738957369670049,,0.013671546351427434,0.0024693859322143974,0.18062228432240007,2.997932215668742,-0.11416159241868126,0.738794779831446,8.51697842375092,-1.516815833912317
2024-01-22,-0.00030688582918891074,0.007423598747227089,-0.000311245208422097,4.504673821482811,58.87550687789917,52.719380185797306,-0.03892434571072689,0.02401334513700662,0.0027514915908680767,0.11458177006034001,2.8460768561474703,-0.04195544788450895,0.8231955959433905,53.279490488092435,-1.3833058982385207
2024-02-03,-0.00032501704990216853,0.006707619229182171,-0.0003254416766469811,20.055735471375602,45.86649131774902,29.99088907058387,,0.016545750917881033,0.0022369258757740243,0.1351963949461232,2.7655588881892674,-0.04853693844336334,0.6692470133292434,30.76760748942543,-1.445965432170806
2024-02-15,-0.0003255399293201542,0.006495639272223741,-0.0003262001237294969,20.055735471375602,47.49355173110962,30.537422144037382,0.018528213042573488,0.0240592467271017,0.003832736394492847,0.1593040895239432,2.694405352273,-0.05023808883756898,1.146684122470115,30.840081702627778,-1.4493436810605094
2024-02-27,-0.00026023512472682955,0.0047258132984171475,-0.00026257753060693383,20.055735471375602,29.441985726356506,16.697509534029223,,0.005958240362691057,0.000999773952315747,0.16779684797143635,2.6333255115050047,-0.055577527837119986,0.29911394867304913,17.56492049737902,-1.1665249120228462
2024-03-10,-0.0003720407490553832,0.002711111529421828,-0.00036920257263628784,33.51407602194063,12.65944242477417,3.6357790796324294,0.06791279644960299,-0.005142636444971675,-0.0009024384667503163,0.17548167684159263,2.571160185223735,-0.1361889647287469,-0.26999296450853105,5.545645108259969,-1.639873064119009
2024-03-22,-0.0003399165812815106,0.0016330274835510972,-0.0003220279883438743,33.51407602194063,16.844398647546768,1.4857753630637252,,0.030713920598033,0.0063767192817442584,0.2076165841931831,2.5045966100896804,-0.19720839857872594,1.9077969370217338,1.008288393648798,-1.4303099676068067
2024-04-03,-0.00017397433984377744,0.0021863726204305323,-0.00020529746089728335,42.01195470068253,21.646604537963867,15.642839810519796,-0.02173537044846341,0.018871852247274293,0.004084173318088717,0.21641613470551646,2.437638994741754,-0.09393018549400049,1.2219094180329386,15.33302814958132,-0.9120977570944625
2024-04-15,-0.0004670631838897741,0.00039852226630854304,-0.00017533686658237845,42.01195470068253,4.216628968715668,4.036481908731204,,0.0015080706440135155,0.0003655964472584952,0.24242660561677154,2.3582921940684933,-0.44002520276243207,0.10937972199318746,4.705929267234044,-0.778827080496027
2024-04-27,-0.0003897181246364987,0.006268707500915127,-0.0003999837777817944,42.01195470068253,73.91998863220215,74.11977715045059,-0.003161414819607411,0.04807947391501216,0.012827177635729698,0.26679113957036427,2.273587820858324,-0.0638554599076468,3.8376552460350646,72.05992989861086,-1.7778079941953309
2024-05-09,-0.000278834742487458,0.013153906548922123,-0.00027906408552849947,73.35257630486325,100.60322284698486,69.24458921609708,,0.04446934254252792,0.01658723967276694,0.373003933145714,2.268977882609099,-0.021236461002438128,4.962596539563226,65.52265236979348,-1.2406596932596143
2024-05-21,-0.000263823510606823,0.015817210528922487,-0.0002638027157008108,73.35257630486325,112.40181159973145,70.78205867121017,0.07678921685113158,0.04339732684390944,0.020600128999871906,0.4746865878160192,2.255608570183085,-0.016696119411687364,6.1631791006892245,65.79178272347967,-1.1729031529587302
2024-06-02,-0.0003258977900194502,0.013194077632355139,-0.00032487559544489047,55.72489643385757,76.2702910900116,31.338665518642028,,0.012458624724756145,0.005326379467186992,0.42752547611480013,2.2368883135539464,-0.024632651859738824,1.5935546138915537,31.18858567563637,-1.4434747708858966
2024-06-14,-0.000568789395031569,0.009379707453789354,-0.0005653010396979005,55.72489643385757,50.06387710571289,13.081650972236332,-0.030308916999258417,0.0052027332611841795,0.0019407357912819012,0.3730223507249679,2.1920830971700966,-0.06027520780777814,0.5806323964700684,15.01202486133341,-2.5110062855671456
2024-06-26,-0.0002755309338616705,0.009084775997997951,-0.0002756266121804898,55.72489643385757,68.75918579101562,35.35891594309715,,0.044125004114164666,0.014257667956307977,0.32311992355670044,2.1249270637099102,-0.0303554679730079,4.265631597424957,32.318089913861996,-1.2248055681898022
2024-07-08,-0.0005956686451035118,0.00846297280122954,-0.000597067094890638,-14.918358824019185,55.70390272140503,23.13073486682171,-0.06670993148773541,0.020755887794142492,0.005228730246228433,0.25191551901258735,2.034006928714128,-0.07056298419050712,1.5643397658770524,24.218663611232007,-2.652268510287348
2024-07-20,-0.000509620842051742,0.0069747423609256565,-0.0005124884833337585,-14.918358824019185,39.357234716415405,11.510970037336136,,0.005526695686819295,0.001593323322175853,0.2882958303595031,1.978938088298993,-0.07348581774804386,0.4766929857544097,13.310689224183768,-2.2764121726020425
2024-08-01,-0.0007178248721110201,0.005223907871843458,-0.000721327343624146,-110.27321064049032,24.722151219844818,1.2856889044627962,-0.0920014306379536,-0.003201008149104103,-0.0010493002575906135,0.3278030572600358,1.9381704099388424,-0.13808544982806176,-0.31393130683650095,4.803411347319568,-3.2037911360202713
