id,url
1df55684-a829-4605-8d6b-c17efb2bf311,https://d3gm2hf49xd6jj.cloudfront.net/1df55684-a829-4605-8d6b-c17efb2bf311/S1BB_20171026T051839_20171107T051838_VVP012_INT80_G_weF_8E5A.zip
ba2ae348-9bfc-44df-a05a-18fa2ef1d878,https://d3gm2hf49xd6jj.cloudfront.net/ba2ae348-9bfc-44df-a05a-18fa2ef1d878/S1AB_20180629T051917_20180705T051827_VVP006_INT80_G_weF_99B2.zip
2d0c70e5-0523-451b-854f-0f6c32ef5def,https://d3gm2hf49xd6jj.cloudfront.net/2d0c70e5-0523-451b-854f-0f6c32ef5def/S1AA_20171113T051915_20171125T051915_VVP012_INT80_G_weF_8F26.zip
50c1bbab-0968-4d46-bbd3-0fc9e8ba395d,https://d3gm2hf49xd6jj.cloudfront.net/50c1bbab-0968-4d46-bbd3-0fc9e8ba395d/S1AB_20170105T051855_20170111T051805_VVP006_INT80_G_weF_0E79.zip
d6967d9e-4c46-4793-a3ee-6807e6d2743e,https://d3gm2hf49xd6jj.cloudfront.net/d6967d9e-4c46-4793-a3ee-6807e6d2743e/S1BA_20180611T051839_20180629T051917_VVP018_INT80_G_weF_DE8A.zip
70b7e563-0665-44f4-b36f-17fe0077b294,https://d3gm2hf49xd6jj.cloudfront.net/70b7e563-0665-44f4-b36f-17fe0077b294/S1BB_20171213T051813_20171225T051812_VVP012_INT80_G_weF_71CC.zip
1ee85eca-e8d6-4b01-b4f7-7e5d6fcff025,https://d3gm2hf49xd6jj.cloudfront.net/1ee85eca-e8d6-4b01-b4f7-7e5d6fcff025/S1AA_20200910T051934_20200922T051934_VVP012_INT80_G_weF_0607.zip
bed5950a-e64c-45be-aef7-36f641cba55e,https://d3gm2hf49xd6jj.cloudfront.net/bed5950a-e64c-45be-aef7-36f641cba55e/S1AB_20180629T051917_20180717T051836_VVP018_INT80_G_weF_7452.zip
1ad0c347-9cb9-42d9-88fb-decf7c24e93c,https://d3gm2hf49xd6jj.cloudfront.net/1ad0c347-9cb9-42d9-88fb-decf7c24e93c/S1AB_20170210T051854_20170216T051804_VVP006_INT80_G_weF_FB0B.zip
a308fdca-adfa-43e6-8d04-fa94d1196d5a,https://d3gm2hf49xd6jj.cloudfront.net/a308fdca-adfa-43e6-8d04-fa94d1196d5a/S1BA_20170111T051805_20170129T051855_VVP018_INT80_G_weF_5506.zip
ed784c45-8ef6-43da-9ec4-d3d809f745e5,https://d3gm2hf49xd6jj.cloudfront.net/ed784c45-8ef6-43da-9ec4-d3d809f745e5/S1AA_20171207T051914_20171219T051914_VVP012_INT80_G_weF_A6C8.zip
91082015-0427-40a6-ab7f-f1618ce82736,https://d3gm2hf49xd6jj.cloudfront.net/91082015-0427-40a6-ab7f-f1618ce82736/S1AB_20170105T051855_20170123T051804_VVP018_INT80_G_weF_8EEB.zip
f6338cfd-68a1-4548-aa97-dfa1dabd3d13,https://d3gm2hf49xd6jj.cloudfront.net/f6338cfd-68a1-4548-aa97-dfa1dabd3d13/S1BB_20180705T051827_20180717T051836_VVP012_INT80_G_weF_151F.zip
9a10d529-ee99-44d9-a281-e8511e4439f0,https://d3gm2hf49xd6jj.cloudfront.net/9a10d529-ee99-44d9-a281-e8511e4439f0/S1BB_20171014T051814_20171026T051814_VVP012_INT80_G_weF_6C32.zip
dc25251c-e3b7-4048-bd4f-09f223c2b3df,https://d3gm2hf49xd6jj.cloudfront.net/dc25251c-e3b7-4048-bd4f-09f223c2b3df/S1AB_20180711T051917_20180729T051837_VVP018_INT80_G_weF_CAF6.zip
d84efbc1-1445-4104-bcb4-a47b96df10ac,https://d3gm2hf49xd6jj.cloudfront.net/d84efbc1-1445-4104-bcb4-a47b96df10ac/S1AA_20171101T051915_20171113T051915_VVP012_INT80_G_weF_5373.zip
4fb223dd-5b61-4b59-a561-2da8002f7447,https://d3gm2hf49xd6jj.cloudfront.net/4fb223dd-5b61-4b59-a561-2da8002f7447/S1AB_20200922T051934_20201010T051852_VVP018_INT80_G_weF_3760.zip
15456c3d-6f0d-4dac-91c2-c63dedf184e1,https://d3gm2hf49xd6jj.cloudfront.net/15456c3d-6f0d-4dac-91c2-c63dedf184e1/S1AB_20200910T051934_20200916T051852_VVP006_INT80_G_weF_5287.zip
201b0107-019d-4b04-ba0c-0890adbf48be,https://d3gm2hf49xd6jj.cloudfront.net/201b0107-019d-4b04-ba0c-0890adbf48be/S1AB_20170129T051855_20170216T051804_VVP018_INT80_G_weF_52DF.zip
a4492809-5f05-4f18-b4ce-9ef7e2127060,https://d3gm2hf49xd6jj.cloudfront.net/a4492809-5f05-4f18-b4ce-9ef7e2127060/S1AB_20180711T051917_20180717T051836_VVP006_INT80_G_weF_7508.zip
f5253c84-7b8c-4d19-9d14-0a0dff9ae4ce,https://d3gm2hf49xd6jj.cloudfront.net/f5253c84-7b8c-4d19-9d14-0a0dff9ae4ce/S1BA_20171107T051838_20171113T051915_VVP006_INT80_G_weF_F534.zip
294666df-d323-48b6-9d29-1da1384cf132,https://d3gm2hf49xd6jj.cloudfront.net/294666df-d323-48b6-9d29-1da1384cf132/S1AA_20180629T051917_20180711T051917_VVP012_INT80_G_weF_D201.zip
7eb0db7f-872c-4185-a575-3555bb2da084,https://d3gm2hf49xd6jj.cloudfront.net/7eb0db7f-872c-4185-a575-3555bb2da084/S1AB_20171101T051915_20171107T051838_VVP006_INT80_G_weF_CA2D.zip
9032d461-d733-464a-b19c-e73ffc8b4105,https://d3gm2hf49xd6jj.cloudfront.net/9032d461-d733-464a-b19c-e73ffc8b4105/S1BA_20180717T051836_20180723T051918_VVP006_INT80_G_weF_7FE8.zip
83b1f8d8-8f15-4305-aafa-9886b085ef1f,https://d3gm2hf49xd6jj.cloudfront.net/83b1f8d8-8f15-4305-aafa-9886b085ef1f/S1BA_20170123T051804_20170129T051855_VVP006_INT80_G_weF_8865.zip
5512bc47-fd4c-44dd-9216-da7b904d8d56,https://d3gm2hf49xd6jj.cloudfront.net/5512bc47-fd4c-44dd-9216-da7b904d8d56/S1AB_20171020T051915_20171026T051839_VVP006_INT80_G_weF_458D.zip
f42b9978-8043-4d2e-a190-dbd9c85de604,https://d3gm2hf49xd6jj.cloudfront.net/f42b9978-8043-4d2e-a190-dbd9c85de604/S1BB_20170111T051805_20170123T051804_VVP012_INT80_G_weF_0032.zip
82f4cf82-3dfe-46a2-b482-0f0bce6116cd,https://d3gm2hf49xd6jj.cloudfront.net/82f4cf82-3dfe-46a2-b482-0f0bce6116cd/S1BA_20170216T051804_20170222T051854_VVP006_INT80_G_weF_E2E9.zip
a78f57ef-c639-42c7-bdf4-f7438c5acded,https://d3gm2hf49xd6jj.cloudfront.net/a78f57ef-c639-42c7-bdf4-f7438c5acded/S1AA_20171219T051914_20171231T051913_VVP012_INT80_G_weF_6F33.zip
65f822bb-9ffd-46db-8147-18648e6d8f20,https://d3gm2hf49xd6jj.cloudfront.net/65f822bb-9ffd-46db-8147-18648e6d8f20/S1AA_20180617T051916_20180629T051917_VVP012_INT80_G_weF_E5AF.zip
cd4d6d13-e48a-498d-9a44-b536b7778dab,https://d3gm2hf49xd6jj.cloudfront.net/cd4d6d13-e48a-498d-9a44-b536b7778dab/S1AB_20200922T051934_20200928T051852_VVP006_INT80_G_weF_B7B0.zip
d9cd4e4b-8070-42cf-9dcc-b62f6b6e7dec,https://d3gm2hf49xd6jj.cloudfront.net/d9cd4e4b-8070-42cf-9dcc-b62f6b6e7dec/S1BA_20200823T051851_20200910T051934_VVP018_INT80_G_weF_1BEB.zip
17c3a6a8-1c25-4656-8742-8cd1dcd1c110,https://d3gm2hf49xd6jj.cloudfront.net/17c3a6a8-1c25-4656-8742-8cd1dcd1c110/S1BA_20171026T051839_20171101T051915_VVP006_INT80_G_weF_6B33.zip
b0acffc4-0aef-4015-ba32-01aa9b0f152c,https://d3gm2hf49xd6jj.cloudfront.net/b0acffc4-0aef-4015-ba32-01aa9b0f152c/S1AB_20180617T051916_20180705T051827_VVP018_INT80_G_weF_D120.zip
7c81df3e-5430-445b-91e6-316394bd8073,https://d3gm2hf49xd6jj.cloudfront.net/7c81df3e-5430-445b-91e6-316394bd8073/S1AB_20170129T051855_20170204T051804_VVP006_INT80_G_weF_D4D3.zip
51ba3e4f-f200-4039-9b2f-f1ae3305998f,https://d3gm2hf49xd6jj.cloudfront.net/51ba3e4f-f200-4039-9b2f-f1ae3305998f/S1AA_20200817T051932_20200829T051933_VVP012_INT80_G_weF_80DB.zip
c45cb333-13fd-4a96-83f5-b495ad685322,https://d3gm2hf49xd6jj.cloudfront.net/c45cb333-13fd-4a96-83f5-b495ad685322/S1AA_20171020T051915_20171101T051915_VVP012_INT80_G_weF_15AB.zip
7006e83b-42fd-417d-a68f-5d9e10048bf2,https://d3gm2hf49xd6jj.cloudfront.net/7006e83b-42fd-417d-a68f-5d9e10048bf2/S1BB_20171201T051813_20171213T051813_VVP012_INT80_G_weF_FBA3.zip
6686fbc2-b43c-44c1-b3ab-39656aef8073,https://d3gm2hf49xd6jj.cloudfront.net/6686fbc2-b43c-44c1-b3ab-39656aef8073/S1BB_20200823T051851_20200904T051852_VVP012_INT80_G_weF_6E22.zip
521ec686-df3b-4939-839f-00574af36a1e,https://d3gm2hf49xd6jj.cloudfront.net/521ec686-df3b-4939-839f-00574af36a1e/S1BA_20200916T051852_20200922T051934_VVP006_INT80_G_weF_0E10.zip
1eedef5f-d76a-4a89-ae07-edc019768348,https://d3gm2hf49xd6jj.cloudfront.net/1eedef5f-d76a-4a89-ae07-edc019768348/S1AB_20171020T051915_20171107T051838_VVP018_INT80_G_weF_9510.zip
e1d21766-68b6-4cbf-890f-ad7a5e9f49a9,https://d3gm2hf49xd6jj.cloudfront.net/e1d21766-68b6-4cbf-890f-ad7a5e9f49a9/S1BB_20200904T051852_20200916T051852_VVP012_INT80_G_weF_B080.zip
41425d63-1daf-4f29-936d-2ed34479986a,https://d3gm2hf49xd6jj.cloudfront.net/41425d63-1daf-4f29-936d-2ed34479986a/S1BB_20200916T051852_20200928T051852_VVP012_INT80_G_weF_99AF.zip
6ab297a0-c0bd-466b-b1b7-e09b51be2000,https://d3gm2hf49xd6jj.cloudfront.net/6ab297a0-c0bd-466b-b1b7-e09b51be2000/S1AA_20200829T051933_20200910T051934_VVP012_INT80_G_weF_1313.zip
cb845e52-70d2-47e2-b857-4de9bd896c42,https://d3gm2hf49xd6jj.cloudfront.net/cb845e52-70d2-47e2-b857-4de9bd896c42/S1BA_20180705T051827_20180711T051917_VVP006_INT80_G_weF_04C6.zip
4e04b946-9de8-41fd-9d1a-db610b9fbed8,https://d3gm2hf49xd6jj.cloudfront.net/4e04b946-9de8-41fd-9d1a-db610b9fbed8/S1BB_20171014T051839_20171026T051839_VVP012_INT80_G_weF_A941.zip
1abd29a1-d912-44b5-a44a-0763ccf08169,https://d3gm2hf49xd6jj.cloudfront.net/1abd29a1-d912-44b5-a44a-0763ccf08169/S1BA_20180705T051827_20180723T051918_VVP018_INT80_G_weF_5109.zip
6855155e-a678-40d2-8caa-81861d7502c4,https://d3gm2hf49xd6jj.cloudfront.net/6855155e-a678-40d2-8caa-81861d7502c4/S1BA_20170123T051804_20170210T051854_VVP018_INT80_G_weF_B17D.zip
741eb0a9-c89a-4914-9ab7-f7da77fa0585,https://d3gm2hf49xd6jj.cloudfront.net/741eb0a9-c89a-4914-9ab7-f7da77fa0585/S1BB_20171225T051812_20180106T051812_VVP012_INT80_G_weF_FD45.zip
dec5a3b0-3445-4f97-816d-5ed22f08e265,https://d3gm2hf49xd6jj.cloudfront.net/dec5a3b0-3445-4f97-816d-5ed22f08e265/S1AB_20170129T051855_20170216T051829_VVP018_INT80_G_weF_8636.zip
5c60d1f2-6147-4721-b13f-5ed7ff9351d4,https://d3gm2hf49xd6jj.cloudfront.net/5c60d1f2-6147-4721-b13f-5ed7ff9351d4/S1AA_20170129T051855_20170210T051854_VVP012_INT80_G_weF_A3EE.zip
9ea690a8-96b9-4af2-bf2c-b7bd792003d3,https://d3gm2hf49xd6jj.cloudfront.net/9ea690a8-96b9-4af2-bf2c-b7bd792003d3/S1BB_20180611T051839_20180623T051840_VVP012_INT80_G_weF_360C.zip
91b3a5e2-6db2-431b-a082-63b1950e465a,https://d3gm2hf49xd6jj.cloudfront.net/91b3a5e2-6db2-431b-a082-63b1950e465a/S1AB_20170210T051854_20170228T051804_VVP018_INT80_G_weF_6C2B.zip
743fd96b-85ab-4fa3-9112-c8fa136c3372,https://d3gm2hf49xd6jj.cloudfront.net/743fd96b-85ab-4fa3-9112-c8fa136c3372/S1BA_20200823T051851_20200829T051933_VVP006_INT80_G_weF_3012.zip
ce29848b-ba4f-4c93-8e8e-3b9aa74ec675,https://d3gm2hf49xd6jj.cloudfront.net/ce29848b-ba4f-4c93-8e8e-3b9aa74ec675/S1BB_20170123T051804_20170204T051804_VVP012_INT80_G_weF_5A1F.zip
905b1574-fe16-4cab-9e21-555c0d318110,https://d3gm2hf49xd6jj.cloudfront.net/905b1574-fe16-4cab-9e21-555c0d318110/S1BB_20180623T051815_20180705T051827_VVP012_INT80_G_weF_2948.zip
7c6f078f-46ea-46c3-b88c-16b54da60a33,https://d3gm2hf49xd6jj.cloudfront.net/7c6f078f-46ea-46c3-b88c-16b54da60a33/S1BA_20180623T051840_20180629T051917_VVP006_INT80_G_weF_6EAF.zip
cb6fde42-74c1-43ca-98b1-9f6710de848f,https://d3gm2hf49xd6jj.cloudfront.net/cb6fde42-74c1-43ca-98b1-9f6710de848f/S1AB_20200910T051934_20200928T051852_VVP018_INT80_G_weF_F2F4.zip
4a6cc0a9-8cc4-442a-8702-071cfb5b44d6,https://d3gm2hf49xd6jj.cloudfront.net/4a6cc0a9-8cc4-442a-8702-071cfb5b44d6/S1AB_20180617T051916_20180623T051840_VVP006_INT80_G_weF_FBF7.zip
4c8d6a5d-4f8c-4acc-a641-e6c8b1ca56a0,https://d3gm2hf49xd6jj.cloudfront.net/4c8d6a5d-4f8c-4acc-a641-e6c8b1ca56a0/S1BB_20170204T051804_20170216T051804_VVP012_INT80_G_weF_E74F.zip
f0cb7672-0be9-40ba-98b3-386ad1c5c474,https://d3gm2hf49xd6jj.cloudfront.net/f0cb7672-0be9-40ba-98b3-386ad1c5c474/S1BB_20180611T051815_20180623T051815_VVP012_INT80_G_weF_A71C.zip
4a2d4bff-573a-4456-aa57-3e6daf974e0e,https://d3gm2hf49xd6jj.cloudfront.net/4a2d4bff-573a-4456-aa57-3e6daf974e0e/S1BA_20200916T051852_20201004T051934_VVP018_INT80_G_weF_FEAB.zip
8cfe9f78-4e7f-406d-968c-bf3a73a8ac62,https://d3gm2hf49xd6jj.cloudfront.net/8cfe9f78-4e7f-406d-968c-bf3a73a8ac62/S1AB_20200817T051932_20200904T051852_VVP018_INT80_G_weF_DFFD.zip
691b400b-7441-42a5-8e3e-66d2da848201,https://d3gm2hf49xd6jj.cloudfront.net/691b400b-7441-42a5-8e3e-66d2da848201/S1BA_20171014T051839_20171101T051915_VVP018_INT80_G_weF_BCE2.zip
2dbd46c7-14e0-467e-8c15-3e39d05ca835,https://d3gm2hf49xd6jj.cloudfront.net/2dbd46c7-14e0-467e-8c15-3e39d05ca835/S1AB_20200829T051933_20200904T051852_VVP006_INT80_G_weF_7936.zip
9c1942a4-a2ed-40f2-93d8-8b63efdeaca6,https://d3gm2hf49xd6jj.cloudfront.net/9c1942a4-a2ed-40f2-93d8-8b63efdeaca6/S1AB_20170210T051854_20170216T051829_VVP006_INT80_G_weF_9A1A.zip
2c594a7b-6429-4c3e-8e0f-ca0210260669,https://d3gm2hf49xd6jj.cloudfront.net/2c594a7b-6429-4c3e-8e0f-ca0210260669/S1BA_20200904T051852_20200922T051934_VVP018_INT80_G_weF_E917.zip
a5ca0bb3-2738-461a-98b5-c7cd23001496,https://d3gm2hf49xd6jj.cloudfront.net/a5ca0bb3-2738-461a-98b5-c7cd23001496/S1BA_20170204T051804_20170222T051854_VVP018_INT80_G_weF_F18C.zip
1e489caf-9a28-4f67-afb5-764e0d1af14d,https://d3gm2hf49xd6jj.cloudfront.net/1e489caf-9a28-4f67-afb5-764e0d1af14d/S1BA_20180623T051840_20180711T051917_VVP018_INT80_G_weF_4485.zip
5341fe62-0c92-4fdc-ae9a-1ff3a328a792,https://d3gm2hf49xd6jj.cloudfront.net/5341fe62-0c92-4fdc-ae9a-1ff3a328a792/S1BB_20180623T051840_20180705T051827_VVP012_INT80_G_weF_406B.zip
a53fd6e1-2750-4bc0-b8f8-48764968793c,https://d3gm2hf49xd6jj.cloudfront.net/a53fd6e1-2750-4bc0-b8f8-48764968793c/S1AA_20200922T051934_20201004T051934_VVP012_INT80_G_weF_AEDE.zip
f685f446-a4bc-43de-a631-9dbaf4f8844c,https://d3gm2hf49xd6jj.cloudfront.net/f685f446-a4bc-43de-a631-9dbaf4f8844c/S1BB_20170216T051804_20170228T051804_VVP012_INT80_G_weF_5B1B.zip
aed70dfb-a904-44ac-b27b-084d29529160,https://d3gm2hf49xd6jj.cloudfront.net/aed70dfb-a904-44ac-b27b-084d29529160/S1BA_20171026T051839_20171113T051915_VVP018_INT80_G_weF_D396.zip
72dc0d10-c0f0-4f51-9899-fa3ad7627c82,https://d3gm2hf49xd6jj.cloudfront.net/72dc0d10-c0f0-4f51-9899-fa3ad7627c82/S1AB_20200829T051933_20200916T051852_VVP018_INT80_G_weF_C074.zip
dfe31e6e-12b7-4f7a-8afe-0c2cb24cb4b8,https://d3gm2hf49xd6jj.cloudfront.net/dfe31e6e-12b7-4f7a-8afe-0c2cb24cb4b8/S1BA_20200904T051852_20200910T051934_VVP006_INT80_G_weF_0E68.zip
efe03c8d-d460-48c2-8cde-dcb2a62fed08,https://d3gm2hf49xd6jj.cloudfront.net/efe03c8d-d460-48c2-8cde-dcb2a62fed08/S1BA_20171107T051838_20171125T051915_VVP018_INT80_G_weF_8F43.zip
65dc1db5-011a-440f-936e-9ddd38fc88be,https://d3gm2hf49xd6jj.cloudfront.net/65dc1db5-011a-440f-936e-9ddd38fc88be/S1BA_20170204T051804_20170210T051854_VVP006_INT80_G_weF_3DC8.zip
6f17cbb5-e2d6-4c1d-9fe0-ba0786e18d4a,https://d3gm2hf49xd6jj.cloudfront.net/6f17cbb5-e2d6-4c1d-9fe0-ba0786e18d4a/S1AA_20180711T051917_20180723T051918_VVP012_INT80_G_weF_2B1E.zip
29083e3e-11d1-4cfd-86a1-598220a7c954,https://d3gm2hf49xd6jj.cloudfront.net/29083e3e-11d1-4cfd-86a1-598220a7c954/S1AA_20171125T051915_20171207T051914_VVP012_INT80_G_weF_2EBC.zip
1d14666f-36c8-4725-8c01-5c14e6fd38c0,https://d3gm2hf49xd6jj.cloudfront.net/1d14666f-36c8-4725-8c01-5c14e6fd38c0/S1AA_20170210T051854_20170222T051854_VVP012_INT80_G_weF_0567.zip
4310d5f4-e84c-45fc-bba3-96646292332c,https://d3gm2hf49xd6jj.cloudfront.net/4310d5f4-e84c-45fc-bba3-96646292332c/S1BB_20180530T051838_20180611T051839_VVP012_INT80_G_weF_692F.zip
149f8169-555d-4b59-891e-7213f5b17c0b,https://d3gm2hf49xd6jj.cloudfront.net/149f8169-555d-4b59-891e-7213f5b17c0b/S1AB_20171008T051915_20171014T051839_VVP006_INT80_G_weF_533C.zip
32e7628d-1772-4722-ac23-ec0674b8c76d,https://d3gm2hf49xd6jj.cloudfront.net/32e7628d-1772-4722-ac23-ec0674b8c76d/S1AA_20180605T051915_20180617T051916_VVP012_INT80_G_weF_D171.zip
6ea7eb07-d5d2-45c4-ab42-472353ed9de8,https://d3gm2hf49xd6jj.cloudfront.net/6ea7eb07-d5d2-45c4-ab42-472353ed9de8/S1BB_20170815T051837_20170827T051837_VVP012_INT80_G_weF_9C03.zip
3761d0b4-3f7d-45fc-9c0e-964f70a899ba,https://d3gm2hf49xd6jj.cloudfront.net/3761d0b4-3f7d-45fc-9c0e-964f70a899ba/S1AB_20170821T051913_20170827T051837_VVP006_INT80_G_weF_F837.zip
9dc5f4cf-1481-4465-bd59-df771fca74be,https://d3gm2hf49xd6jj.cloudfront.net/9dc5f4cf-1481-4465-bd59-df771fca74be/S1BB_20200730T051850_20200811T051850_VVP012_INT80_G_weF_4238.zip
a84a96a2-f7c7-4344-ba97-25c8e84f2962,https://d3gm2hf49xd6jj.cloudfront.net/a84a96a2-f7c7-4344-ba97-25c8e84f2962/S1BA_20170815T051837_20170821T051913_VVP006_INT80_G_weF_4CAF.zip
305ace50-e823-4b89-923d-ed3b9ce9876c,https://d3gm2hf49xd6jj.cloudfront.net/305ace50-e823-4b89-923d-ed3b9ce9876c/S1AA_20180512T051914_20180524T051915_VVP012_INT80_G_weF_7396.zip
3a57036a-7658-4136-a4ff-f3aaf94d5422,https://d3gm2hf49xd6jj.cloudfront.net/3a57036a-7658-4136-a4ff-f3aaf94d5422/S1AB_20170914T051914_20170920T051838_VVP006_INT80_G_weF_2031.zip
f2c453f3-8ef0-4505-9be4-868e1f102882,https://d3gm2hf49xd6jj.cloudfront.net/f2c453f3-8ef0-4505-9be4-868e1f102882/S1AA_20170821T051913_20170902T051914_VVP012_INT80_G_weF_37E2.zip
eae2aebe-3ccc-4bfe-8d07-39bfbc362e52,https://d3gm2hf49xd6jj.cloudfront.net/eae2aebe-3ccc-4bfe-8d07-39bfbc362e52/S1BA_20170908T051838_20170926T051915_VVP018_INT80_G_weF_7ACF.zip
14c4f439-2c03-4276-923e-488aa69f2840,https://d3gm2hf49xd6jj.cloudfront.net/14c4f439-2c03-4276-923e-488aa69f2840/S1BA_20200811T051850_20200829T051933_VVP018_INT80_G_weF_4853.zip
a9c87974-7315-493b-a6a5-e5add26ce49d,https://d3gm2hf49xd6jj.cloudfront.net/a9c87974-7315-493b-a6a5-e5add26ce49d/S1BA_20170827T051837_20170914T051914_VVP018_INT80_G_weF_7946.zip
632cdadf-90d2-429e-a8eb-2e9159525bef,https://d3gm2hf49xd6jj.cloudfront.net/632cdadf-90d2-429e-a8eb-2e9159525bef/S1BB_20200718T051849_20200730T051850_VVP012_INT80_G_weF_C889.zip
bc75c17e-25d2-4e25-9bc4-ebfa1a90c7f0,https://d3gm2hf49xd6jj.cloudfront.net/bc75c17e-25d2-4e25-9bc4-ebfa1a90c7f0/S1AB_20180605T051915_20180623T051840_VVP018_INT80_G_weF_BC60.zip
81cdea9f-5739-4b4e-abe8-1a07bc18d0c7,https://d3gm2hf49xd6jj.cloudfront.net/81cdea9f-5739-4b4e-abe8-1a07bc18d0c7/S1BA_20180611T051839_20180617T051916_VVP006_INT80_G_weF_E502.zip
7508900f-2b2b-44c5-b86b-17b1f8f135cb,https://d3gm2hf49xd6jj.cloudfront.net/7508900f-2b2b-44c5-b86b-17b1f8f135cb/S1BA_20200706T051848_20200724T051931_VVP018_INT80_G_weF_9C80.zip
2e0491ca-99f5-44f2-96f3-38b34b60b647,https://d3gm2hf49xd6jj.cloudfront.net/2e0491ca-99f5-44f2-96f3-38b34b60b647/S1AA_20170926T051915_20171008T051915_VVP012_INT80_G_weF_EE4C.zip
e008db63-3c96-4267-a620-5bb42134b670,https://d3gm2hf49xd6jj.cloudfront.net/e008db63-3c96-4267-a620-5bb42134b670/S1BB_20170908T051838_20170920T051838_VVP012_INT80_G_weF_101C.zip
b6a1a732-37b1-4dbd-af6e-31c0ae1d4f48,https://d3gm2hf49xd6jj.cloudfront.net/b6a1a732-37b1-4dbd-af6e-31c0ae1d4f48/S1AB_20200724T051931_20200811T051850_VVP018_INT80_G_weF_1C13.zip
fdc0d2f2-4acd-4051-bcf2-c739932d8a19,https://d3gm2hf49xd6jj.cloudfront.net/fdc0d2f2-4acd-4051-bcf2-c739932d8a19/S1AB_20170902T051914_20170908T051838_VVP006_INT80_G_weF_A4B2.zip
ccbb4932-24db-4f86-84f1-5e4f309aea24,https://d3gm2hf49xd6jj.cloudfront.net/ccbb4932-24db-4f86-84f1-5e4f309aea24/S1AA_20200805T051932_20200817T051932_VVP012_INT80_G_weF_499F.zip
1268b63b-bbb1-492f-b130-b9af9421a932,https://d3gm2hf49xd6jj.cloudfront.net/1268b63b-bbb1-492f-b130-b9af9421a932/S1BB_20170920T051813_20171002T051814_VVP012_INT80_G_weF_862A.zip
9d0fb8d5-289c-4ed1-a679-d2f423621871,https://d3gm2hf49xd6jj.cloudfront.net/9d0fb8d5-289c-4ed1-a679-d2f423621871/S1AA_20170902T051914_20170914T051914_VVP012_INT80_G_weF_2564.zip
9d066f3a-9304-4e82-a623-1544315ba3db,https://d3gm2hf49xd6jj.cloudfront.net/9d066f3a-9304-4e82-a623-1544315ba3db/S1AB_20170821T051913_20170908T051838_VVP018_INT80_G_weF_72E7.zip
1fc49e3e-b1b7-414f-a663-95ec3858847c,https://d3gm2hf49xd6jj.cloudfront.net/1fc49e3e-b1b7-414f-a663-95ec3858847c/S1AB_20200712T051930_20200730T051850_VVP018_INT80_G_weF_4C67.zip
7df15405-a4ce-4b52-ba13-c0e786c334da,https://d3gm2hf49xd6jj.cloudfront.net/7df15405-a4ce-4b52-ba13-c0e786c334da/S1BA_20200811T051850_20200817T051932_VVP006_INT80_G_weF_1D83.zip
e0cd99c9-5c2a-43f0-9836-881066b82740,https://d3gm2hf49xd6jj.cloudfront.net/e0cd99c9-5c2a-43f0-9836-881066b82740/S1AB_20170809T051913_20170815T051837_VVP006_INT80_G_weF_1807.zip
94efbed8-1774-4b9f-b0cb-187d42b0ac9a,https://d3gm2hf49xd6jj.cloudfront.net/94efbed8-1774-4b9f-b0cb-187d42b0ac9a/S1AA_20180418T051913_20180430T051913_VVP012_INT80_G_weF_DC29.zip
6d22e99c-0f3d-42e7-91c7-e54e476479db,https://d3gm2hf49xd6jj.cloudfront.net/6d22e99c-0f3d-42e7-91c7-e54e476479db/S1BA_20200730T051850_20200817T051932_VVP018_INT80_G_weF_E5D3.zip
80c128f6-3128-4a6f-ac42-d1e9dde60a71,https://d3gm2hf49xd6jj.cloudfront.net/80c128f6-3128-4a6f-ac42-d1e9dde60a71/S1BA_20171002T051838_20171020T051915_VVP018_INT80_G_weF_004A.zip
ed453d89-57e6-42b5-87b2-535a5fa2ddf2,https://d3gm2hf49xd6jj.cloudfront.net/ed453d89-57e6-42b5-87b2-535a5fa2ddf2/S1BA_20170815T051837_20170902T051914_VVP018_INT80_G_weF_FA3E.zip
94393fff-6736-4dfb-bbd8-5711b548c85c,https://d3gm2hf49xd6jj.cloudfront.net/94393fff-6736-4dfb-bbd8-5711b548c85c/S1BA_20171014T051839_20171020T051915_VVP006_INT80_G_weF_52AC.zip
547e98db-d788-4eb6-98f0-d91c8a9b4995,https://d3gm2hf49xd6jj.cloudfront.net/547e98db-d788-4eb6-98f0-d91c8a9b4995/S1AB_20180605T051915_20180611T051839_VVP006_INT80_G_weF_9B1D.zip
85e64d1a-5da9-4a23-9ce7-db0d2ca5469b,https://d3gm2hf49xd6jj.cloudfront.net/85e64d1a-5da9-4a23-9ce7-db0d2ca5469b/S1AB_20170902T051914_20170920T051838_VVP018_INT80_G_weF_57B9.zip
089cd597-c917-4a86-b254-3adb62765f11,https://d3gm2hf49xd6jj.cloudfront.net/089cd597-c917-4a86-b254-3adb62765f11/S1AB_20200805T051932_20200823T051851_VVP018_INT80_G_weF_043A.zip
84276f58-f7c2-49c4-8988-320146cbf3d3,https://d3gm2hf49xd6jj.cloudfront.net/84276f58-f7c2-49c4-8988-320146cbf3d3/S1AB_20200817T051932_20200823T051851_VVP006_INT80_G_weF_972C.zip
c7ded5a6-f955-4e1f-bbde-6ba48f9d8c54,https://d3gm2hf49xd6jj.cloudfront.net/c7ded5a6-f955-4e1f-bbde-6ba48f9d8c54/S1AB_20180524T051915_20180530T051838_VVP006_INT80_G_weF_AE69.zip
38fc475f-e2d8-4af0-af56-84a7a088a5ff,https://d3gm2hf49xd6jj.cloudfront.net/38fc475f-e2d8-4af0-af56-84a7a088a5ff/S1BA_20180424T051837_20180430T051913_VVP006_INT80_G_weF_F669.zip
818f8308-38bc-4c16-8bd8-53e513605a1e,https://d3gm2hf49xd6jj.cloudfront.net/818f8308-38bc-4c16-8bd8-53e513605a1e/S1AB_20200712T051930_20200718T051849_VVP006_INT80_G_weF_4B61.zip
6d7c9366-33d6-4dc2-8c23-404a4095f383,https://d3gm2hf49xd6jj.cloudfront.net/6d7c9366-33d6-4dc2-8c23-404a4095f383/S1BB_20170920T051838_20171002T051838_VVP012_INT80_G_weF_3DC6.zip
307a79dd-e89a-437d-9b74-316f7f69e73f,https://d3gm2hf49xd6jj.cloudfront.net/307a79dd-e89a-437d-9b74-316f7f69e73f/S1BB_20180424T051812_20180506T051812_VVP012_INT80_G_weF_BAB9.zip
552154ac-22cd-4921-b90b-bc8d5d04b6c9,https://d3gm2hf49xd6jj.cloudfront.net/552154ac-22cd-4921-b90b-bc8d5d04b6c9/S1AB_20180524T051915_20180611T051839_VVP018_INT80_G_weF_1637.zip
0676cd1a-aa8e-4e63-9b52-76eaa9da9892,https://d3gm2hf49xd6jj.cloudfront.net/0676cd1a-aa8e-4e63-9b52-76eaa9da9892/S1AA_20180524T051915_20180605T051915_VVP012_INT80_G_weF_BCF0.zip
69ce6083-d3aa-4ab3-ac4a-9ef5932830d5,https://d3gm2hf49xd6jj.cloudfront.net/69ce6083-d3aa-4ab3-ac4a-9ef5932830d5/S1BA_20170920T051838_20170926T051915_VVP006_INT80_G_weF_6E3E.zip
54850645-848b-4aa8-92d5-dc45d770c09a,https://d3gm2hf49xd6jj.cloudfront.net/54850645-848b-4aa8-92d5-dc45d770c09a/S1BB_20171002T051838_20171014T051839_VVP012_INT80_G_weF_3CFB.zip
6d624214-ed9c-4623-811d-d8d76a831cbf,https://d3gm2hf49xd6jj.cloudfront.net/6d624214-ed9c-4623-811d-d8d76a831cbf/S1AA_20200724T051931_20200805T051932_VVP012_INT80_G_weF_75C0.zip
48c1cd29-6566-4c7d-9cc1-b42f64eb4f4c,https://d3gm2hf49xd6jj.cloudfront.net/48c1cd29-6566-4c7d-9cc1-b42f64eb4f4c/S1BB_20170827T051837_20170908T051838_VVP012_INT80_G_weF_B309.zip
ac51d747-ab11-40b4-8e7a-437d585e7767,https://d3gm2hf49xd6jj.cloudfront.net/ac51d747-ab11-40b4-8e7a-437d585e7767/S1BB_20170908T051813_20170920T051813_VVP012_INT80_G_weF_56CE.zip
6a1b0f48-9b8a-4bac-82fc-0cfbb46b96c0,https://d3gm2hf49xd6jj.cloudfront.net/6a1b0f48-9b8a-4bac-82fc-0cfbb46b96c0/S1AB_20200724T051931_20200730T051850_VVP006_INT80_G_weF_1471.zip
101cd4ea-2b61-4540-b36c-a9ba6215c79c,https://d3gm2hf49xd6jj.cloudfront.net/101cd4ea-2b61-4540-b36c-a9ba6215c79c/S1BB_20171002T051814_20171014T051814_VVP012_INT80_G_weF_567F.zip
9ce7e81b-5bf6-43eb-8cc7-f9601b499f12,https://d3gm2hf49xd6jj.cloudfront.net/9ce7e81b-5bf6-43eb-8cc7-f9601b499f12/S1BA_20171002T051838_20171008T051915_VVP006_INT80_G_weF_C3DF.zip
e4756dc3-391a-4441-bfd0-9f0249ad17c2,https://d3gm2hf49xd6jj.cloudfront.net/e4756dc3-391a-4441-bfd0-9f0249ad17c2/S1AA_20200712T051930_20200724T051931_VVP012_INT80_G_weF_1191.zip
345a95ee-f4f1-412a-a02a-58bcec243132,https://d3gm2hf49xd6jj.cloudfront.net/345a95ee-f4f1-412a-a02a-58bcec243132/S1AB_20170926T051915_20171014T051839_VVP018_INT80_G_weF_50C7.zip
af474305-81a2-4726-9f22-d34282ea938b,https://d3gm2hf49xd6jj.cloudfront.net/af474305-81a2-4726-9f22-d34282ea938b/S1BA_20200718T051849_20200805T051932_VVP018_INT80_G_weF_0470.zip
9951c896-e090-446f-a46d-d4379093ba4a,https://d3gm2hf49xd6jj.cloudfront.net/9951c896-e090-446f-a46d-d4379093ba4a/S1BA_20200730T051850_20200805T051932_VVP006_INT80_G_weF_61EB.zip
fcc102a1-c6fd-43b1-8685-8e77afbd2b63,https://d3gm2hf49xd6jj.cloudfront.net/fcc102a1-c6fd-43b1-8685-8e77afbd2b63/S1BB_20180530T051814_20180611T051815_VVP012_INT80_G_weF_78D2.zip
5f495f72-473f-4afa-87de-f0a49a078c45,https://d3gm2hf49xd6jj.cloudfront.net/5f495f72-473f-4afa-87de-f0a49a078c45/S1AB_20170809T051913_20170827T051837_VVP018_INT80_G_weF_AE48.zip
66160245-ab56-4337-a4f2-36ab0df9b92f,https://d3gm2hf49xd6jj.cloudfront.net/66160245-ab56-4337-a4f2-36ab0df9b92f/S1BB_20200811T051850_20200823T051851_VVP012_INT80_G_weF_B972.zip
e6742b71-1549-4092-972a-6af721ff860d,https://d3gm2hf49xd6jj.cloudfront.net/e6742b71-1549-4092-972a-6af721ff860d/S1AA_20180430T051913_20180512T051914_VVP012_INT80_G_weF_9EB1.zip
ec361f8d-90ac-4f74-a51e-168a106d9cfe,https://d3gm2hf49xd6jj.cloudfront.net/ec361f8d-90ac-4f74-a51e-168a106d9cfe/S1BA_20170920T051838_20171008T051915_VVP018_INT80_G_weF_3F1C.zip
06c7006c-50d0-488a-8418-d04a2a3a018f,https://d3gm2hf49xd6jj.cloudfront.net/06c7006c-50d0-488a-8418-d04a2a3a018f/S1AB_20180512T051914_20180530T051838_VVP018_INT80_G_weF_7816.zip
177da9e6-755d-43c8-b540-149a0c580d90,https://d3gm2hf49xd6jj.cloudfront.net/177da9e6-755d-43c8-b540-149a0c580d90/S1BA_20180424T051837_20180512T051914_VVP018_INT80_G_weF_AB78.zip
982abff2-b0ca-46e1-b73f-0b0e8b8bf0bb,https://d3gm2hf49xd6jj.cloudfront.net/982abff2-b0ca-46e1-b73f-0b0e8b8bf0bb/S1AB_20170914T051914_20171002T051838_VVP018_INT80_G_weF_93D9.zip
f0d77b05-52eb-44d4-abd2-faf0b98d12b4,https://d3gm2hf49xd6jj.cloudfront.net/f0d77b05-52eb-44d4-abd2-faf0b98d12b4/S1AA_20170809T051913_20170821T051913_VVP012_INT80_G_weF_30BB.zip
4d6599d8-95ae-43c4-9cf1-53870d15fe1c,https://d3gm2hf49xd6jj.cloudfront.net/4d6599d8-95ae-43c4-9cf1-53870d15fe1c/S1BA_20170827T051837_20170902T051914_VVP006_INT80_G_weF_8D58.zip
2da938ac-5e87-414e-8082-9cdc114daf46,https://d3gm2hf49xd6jj.cloudfront.net/2da938ac-5e87-414e-8082-9cdc114daf46/S1BA_20180530T051838_20180617T051916_VVP018_INT80_G_weF_CE6B.zip
a4592820-d744-4a1b-9334-1fdf2db88c22,https://d3gm2hf49xd6jj.cloudfront.net/a4592820-d744-4a1b-9334-1fdf2db88c22/S1BB_20170815T051812_20170827T051812_VVP012_INT80_G_weF_7354.zip
1324ce70-5f8f-4907-9b80-e7bba397b683,https://d3gm2hf49xd6jj.cloudfront.net/1324ce70-5f8f-4907-9b80-e7bba397b683/S1AA_20170914T051914_20170926T051915_VVP012_INT80_G_weF_0E25.zip
136ec706-ad09-4287-af46-342898d24485,https://d3gm2hf49xd6jj.cloudfront.net/136ec706-ad09-4287-af46-342898d24485/S1BB_20180518T051813_20180530T051814_VVP012_INT80_G_weF_416F.zip
682b5d1a-b63c-4c1c-9f17-0372cb9c1f58,https://d3gm2hf49xd6jj.cloudfront.net/682b5d1a-b63c-4c1c-9f17-0372cb9c1f58/S1BA_20170908T051838_20170914T051914_VVP006_INT80_G_weF_035B.zip
8c4e148e-fa06-4abe-9303-fd047a1154c0,https://d3gm2hf49xd6jj.cloudfront.net/8c4e148e-fa06-4abe-9303-fd047a1154c0/S1BB_20180506T051812_20180518T051813_VVP012_INT80_G_weF_2E9A.zip
479d3e9e-ab2e-458d-9a4d-d3b16a12add1,https://d3gm2hf49xd6jj.cloudfront.net/479d3e9e-ab2e-458d-9a4d-d3b16a12add1/S1BA_20200718T051849_20200724T051931_VVP006_INT80_G_weF_D05A.zip
5fa63410-0874-4933-b260-e0378d80bebd,https://d3gm2hf49xd6jj.cloudfront.net/5fa63410-0874-4933-b260-e0378d80bebd/S1AB_20170926T051915_20171002T051838_VVP006_INT80_G_weF_3B33.zip
2bcf2c70-8730-4e25-98ac-9d295506b2db,https://d3gm2hf49xd6jj.cloudfront.net/2bcf2c70-8730-4e25-98ac-9d295506b2db/S1AB_20200805T051932_20200811T051850_VVP006_INT80_G_weF_5012.zip
368cb242-9b86-4ce4-a3d6-6a43850855e3,https://d3gm2hf49xd6jj.cloudfront.net/368cb242-9b86-4ce4-a3d6-6a43850855e3/S1AB_20171008T051915_20171026T051839_VVP018_INT80_G_weF_8BD0.zip
d30d3cb1-6b73-4a54-8053-ea08aa017055,https://d3gm2hf49xd6jj.cloudfront.net/d30d3cb1-6b73-4a54-8053-ea08aa017055/S1BB_20170803T051811_20170815T051812_VVP012_INT80_G_weF_D680.zip
6a41386b-7934-4dda-b54f-35a5dfa26c84,https://d3gm2hf49xd6jj.cloudfront.net/6a41386b-7934-4dda-b54f-35a5dfa26c84/S1AA_20171008T051915_20171020T051915_VVP012_INT80_G_weF_3C26.zip
387dad8f-c331-47a0-9600-3be7265d294b,https://d3gm2hf49xd6jj.cloudfront.net/387dad8f-c331-47a0-9600-3be7265d294b/S1BA_20180530T051838_20180605T051915_VVP006_INT80_G_weF_B305.zip
4b224978-e89d-482c-b30a-bfa18bb3790a,https://d3gm2hf49xd6jj.cloudfront.net/4b224978-e89d-482c-b30a-bfa18bb3790a/S1BA_20200624T051847_20200712T051930_VVP018_INT80_G_weF_66C4.zip
70cd8baf-3ff8-4bc4-b9b4-0c9ddccb77d9,https://d3gm2hf49xd6jj.cloudfront.net/70cd8baf-3ff8-4bc4-b9b4-0c9ddccb77d9/S1AA_20180205T051912_20180217T051912_VVP012_INT80_G_weF_C9A3.zip
26e5a00b-dfe0-464e-980c-6d486f38591b,https://d3gm2hf49xd6jj.cloudfront.net/26e5a00b-dfe0-464e-980c-6d486f38591b/S1BB_20200612T051847_20200624T051847_VVP012_INT80_G_weF_4806.zip
2efb91cd-797a-4361-9400-7a2e95b685dd,https://d3gm2hf49xd6jj.cloudfront.net/2efb91cd-797a-4361-9400-7a2e95b685dd/S1AB_20180418T051913_20180424T051837_VVP006_INT80_G_weF_04ED.zip
3b88f08c-bc74-4fa7-8f17-198d142d0cf4,https://d3gm2hf49xd6jj.cloudfront.net/3b88f08c-bc74-4fa7-8f17-198d142d0cf4/S1AB_20170728T051912_20170815T051837_VVP018_INT80_G_weF_53EC.zip
a54aeb4e-063c-4e2a-9127-b22d841efcf6,https://d3gm2hf49xd6jj.cloudfront.net/a54aeb4e-063c-4e2a-9127-b22d841efcf6/S1AA_20200630T051929_20200712T051930_VVP012_INT80_G_weF_7F4A.zip
2b7498d3-f935-4271-8283-2f81259396de,https://d3gm2hf49xd6jj.cloudfront.net/2b7498d3-f935-4271-8283-2f81259396de/S1BB_20180130T051811_20180211T051811_VVP012_INT80_G_weF_9905.zip
f03ff3a0-1cb4-4410-b572-edd2ea123db7,https://d3gm2hf49xd6jj.cloudfront.net/f03ff3a0-1cb4-4410-b572-edd2ea123db7/S1BA_20170722T051835_20170728T051912_VVP006_INT80_G_weF_5C72.zip
fa3957a6-dbd6-4843-990b-a364aa75ea2b,https://d3gm2hf49xd6jj.cloudfront.net/fa3957a6-dbd6-4843-990b-a364aa75ea2b/S1BA_20170803T051836_20170821T051913_VVP018_INT80_G_weF_B5FF.zip
c9b54def-3454-4372-b2ff-3b0820c437c7,https://d3gm2hf49xd6jj.cloudfront.net/c9b54def-3454-4372-b2ff-3b0820c437c7/S1BA_20170803T051836_20170809T051913_VVP006_INT80_G_weF_1188.zip
f93d7719-b873-4a67-92e3-ef5f85111059,https://d3gm2hf49xd6jj.cloudfront.net/f93d7719-b873-4a67-92e3-ef5f85111059/S1BB_20180331T051811_20180412T051811_VVP012_INT80_G_weF_296A.zip
787d972a-0e9e-4676-ab7a-2cf65cda434d,https://d3gm2hf49xd6jj.cloudfront.net/787d972a-0e9e-4676-ab7a-2cf65cda434d/S1AA_20180325T051912_20180406T051912_VVP012_INT80_G_weF_51A4.zip
456d3b85-6e53-46d3-aad1-b22906da7420,https://d3gm2hf49xd6jj.cloudfront.net/456d3b85-6e53-46d3-aad1-b22906da7420/S1AB_20170728T051912_20170803T051836_VVP006_INT80_G_weF_4236.zip
8f74023a-87bb-4871-add9-4a6a3b9f1653,https://d3gm2hf49xd6jj.cloudfront.net/8f74023a-87bb-4871-add9-4a6a3b9f1653/S1AA_20180313T051912_20180325T051912_VVP012_INT80_G_weF_CB9B.zip
7b1a0e57-51eb-47f9-87d0-1b820f646164,https://d3gm2hf49xd6jj.cloudfront.net/7b1a0e57-51eb-47f9-87d0-1b820f646164/S1BB_20180412T051811_20180424T051812_VVP012_INT80_G_weF_7F62.zip
c7287dd3-ff48-489a-be1c-3b55a36f6324,https://d3gm2hf49xd6jj.cloudfront.net/c7287dd3-ff48-489a-be1c-3b55a36f6324/S1AB_20170716T051911_20170803T051836_VVP018_INT80_G_weF_F587.zip
390d4745-c131-48cc-a2b1-79eaa760b4ef,https://d3gm2hf49xd6jj.cloudfront.net/390d4745-c131-48cc-a2b1-79eaa760b4ef/S1BB_20180211T051811_20180223T051810_VVP012_INT80_G_weF_6ADF.zip
ceaeac79-7cb8-4d7d-939f-872b01951e37,https://d3gm2hf49xd6jj.cloudfront.net/ceaeac79-7cb8-4d7d-939f-872b01951e37/S1BB_20180319T051811_20180331T051811_VVP012_INT80_G_weF_223E.zip
0a141480-3806-489b-9c30-3f711dd7da2a,https://d3gm2hf49xd6jj.cloudfront.net/0a141480-3806-489b-9c30-3f711dd7da2a/S1BB_20170722T051835_20170803T051836_VVP012_INT80_G_weF_E1C4.zip
5e3b4c4e-f066-4473-a8ec-e57a6d73de9a,https://d3gm2hf49xd6jj.cloudfront.net/5e3b4c4e-f066-4473-a8ec-e57a6d73de9a/S1BB_20170710T051835_20170722T051835_VVP012_INT80_G_weF_C39A.zip
592c4a9c-7673-4e07-b679-bfee4fbb057d,https://d3gm2hf49xd6jj.cloudfront.net/592c4a9c-7673-4e07-b679-bfee4fbb057d/S1BB_20180223T051810_20180307T051811_VVP012_INT80_G_weF_0469.zip
de32f299-5c33-40b7-ad3c-60a45d3214d0,https://d3gm2hf49xd6jj.cloudfront.net/de32f299-5c33-40b7-ad3c-60a45d3214d0/S1BB_20200624T051847_20200706T051848_VVP012_INT80_G_weF_F0C1.zip
bfefac18-06c3-4dd5-84d2-ca2989fae2f4,https://d3gm2hf49xd6jj.cloudfront.net/bfefac18-06c3-4dd5-84d2-ca2989fae2f4/S1BB_20200531T051846_20200612T051847_VVP012_INT80_G_weF_5549.zip
953df49e-f6e1-4b9c-8f06-e2582ca47c81,https://d3gm2hf49xd6jj.cloudfront.net/953df49e-f6e1-4b9c-8f06-e2582ca47c81/S1AA_20180301T051912_20180313T051912_VVP012_INT80_G_weF_0368.zip
456a13b5-4381-4d69-813c-515841c24e85,https://d3gm2hf49xd6jj.cloudfront.net/456a13b5-4381-4d69-813c-515841c24e85/S1BA_20200624T051847_20200630T051929_VVP006_INT80_G_weF_6DBB.zip
f70ae87f-71a2-4d60-8aa4-3f53b4271eaa,https://d3gm2hf49xd6jj.cloudfront.net/f70ae87f-71a2-4d60-8aa4-3f53b4271eaa/S1BB_20170722T051811_20170803T051811_VVP012_INT80_G_weF_D8B4.zip
ecc8379d-818a-423c-8f90-cc4446868e68,https://d3gm2hf49xd6jj.cloudfront.net/ecc8379d-818a-423c-8f90-cc4446868e68/S1AA_20180406T051912_20180418T051913_VVP012_INT80_G_weF_926D.zip
b946a108-b09c-45bd-af66-ee0eb5f053b1,https://d3gm2hf49xd6jj.cloudfront.net/b946a108-b09c-45bd-af66-ee0eb5f053b1/S1AA_20180124T051912_20180205T051912_VVP012_INT80_G_weF_4647.zip
2910bafc-8ff0-4f92-a45f-cc7edb6967cc,https://d3gm2hf49xd6jj.cloudfront.net/2910bafc-8ff0-4f92-a45f-cc7edb6967cc/S1BA_20170710T051835_20170728T051912_VVP018_INT80_G_weF_0E7D.zip
8cf4f393-3a3d-44ea-bc6d-5759a6681e2f,https://d3gm2hf49xd6jj.cloudfront.net/8cf4f393-3a3d-44ea-bc6d-5759a6681e2f/S1AB_20170704T051911_20170710T051835_VVP006_INT80_G_weF_F2E4.zip
d4fee3ed-2146-416c-83e5-35a67945cb03,https://d3gm2hf49xd6jj.cloudfront.net/d4fee3ed-2146-416c-83e5-35a67945cb03/S1BB_20170710T051810_20170722T051811_VVP012_INT80_G_weF_9D12.zip
814f2372-71aa-46e4-b22d-b4492a17c2e7,https://d3gm2hf49xd6jj.cloudfront.net/814f2372-71aa-46e4-b22d-b4492a17c2e7/S1AB_20200630T051929_20200706T051848_VVP006_INT80_G_weF_F5B1.zip
4dd0bd2a-ab10-421e-b020-e62cc75e3558,https://d3gm2hf49xd6jj.cloudfront.net/4dd0bd2a-ab10-421e-b020-e62cc75e3558/S1BA_20200706T051848_20200712T051930_VVP006_INT80_G_weF_F517.zip
11cf9a5f-a3fe-43eb-9951-1fc4538ff9b1,https://d3gm2hf49xd6jj.cloudfront.net/11cf9a5f-a3fe-43eb-9951-1fc4538ff9b1/S1AB_20200618T051929_20200706T051848_VVP018_INT80_G_weF_C4CC.zip
d0fbac35-f0f9-4683-a746-bd370037a4cc,https://d3gm2hf49xd6jj.cloudfront.net/d0fbac35-f0f9-4683-a746-bd370037a4cc/S1BB_20180106T051812_20180118T051811_VVP012_INT80_G_weF_249A.zip
9bc37aa8-3989-4e88-ad8e-2dc19c9e091f,https://d3gm2hf49xd6jj.cloudfront.net/9bc37aa8-3989-4e88-ad8e-2dc19c9e091f/S1AA_20200606T051928_20200618T051929_VVP012_INT80_G_weF_6816.zip
d2dbe332-12be-4e3e-8cdc-be429f5ce8d6,https://d3gm2hf49xd6jj.cloudfront.net/d2dbe332-12be-4e3e-8cdc-be429f5ce8d6/S1BA_20170710T051835_20170716T051911_VVP006_INT80_G_weF_F1AC.zip
9e1f992d-f3f8-492e-9619-5d243bbbc9d1,https://d3gm2hf49xd6jj.cloudfront.net/9e1f992d-f3f8-492e-9619-5d243bbbc9d1/S1AB_20200618T051929_20200624T051847_VVP006_INT80_G_weF_D511.zip
7fddfdf5-ffca-4762-9370-9c9b9508073e,https://d3gm2hf49xd6jj.cloudfront.net/7fddfdf5-ffca-4762-9370-9c9b9508073e/S1BA_20200531T051846_20200606T051928_VVP006_INT80_G_weF_AB65.zip
69385357-23e6-4f09-aa3b-b4cbd3ea5539,https://d3gm2hf49xd6jj.cloudfront.net/69385357-23e6-4f09-aa3b-b4cbd3ea5539/S1BA_20200612T051847_20200618T051929_VVP006_INT80_G_weF_9975.zip
b43fcb4b-9ffe-42b9-b028-3e2283dbc2ba,https://d3gm2hf49xd6jj.cloudfront.net/b43fcb4b-9ffe-42b9-b028-3e2283dbc2ba/S1BB_20180118T051811_20180130T051811_VVP012_INT80_G_weF_5C12.zip
c8cf36fb-e91c-4e26-95cb-e130d250ccd3,https://d3gm2hf49xd6jj.cloudfront.net/c8cf36fb-e91c-4e26-95cb-e130d250ccd3/S1BB_20180307T051811_20180319T051811_VVP012_INT80_G_weF_1F0D.zip
a2b5a0a7-7ddd-432e-84cd-df362daf5ea5,https://d3gm2hf49xd6jj.cloudfront.net/a2b5a0a7-7ddd-432e-84cd-df362daf5ea5/S1BB_20170803T051836_20170815T051837_VVP012_INT80_G_weF_6562.zip
c17f03d4-358c-41a6-8c0f-76fdb5004f5d,https://d3gm2hf49xd6jj.cloudfront.net/c17f03d4-358c-41a6-8c0f-76fdb5004f5d/S1BB_20200706T051848_20200718T051849_VVP012_INT80_G_weF_3C6B.zip
9a837d1b-2d03-4130-9e68-da6f61035170,https://d3gm2hf49xd6jj.cloudfront.net/9a837d1b-2d03-4130-9e68-da6f61035170/S1AB_20180406T051912_20180424T051837_VVP018_INT80_G_weF_8593.zip
cc69c309-b530-4dc2-a59d-0b453ac21e54,https://d3gm2hf49xd6jj.cloudfront.net/cc69c309-b530-4dc2-a59d-0b453ac21e54/S1AB_20170704T051911_20170722T051835_VVP018_INT80_G_weF_6BE8.zip
128a1d33-5997-446f-8877-7a3eb6029a46,https://d3gm2hf49xd6jj.cloudfront.net/128a1d33-5997-446f-8877-7a3eb6029a46/S1AB_20170716T051911_20170722T051835_VVP006_INT80_G_weF_EDA4.zip
adf1af1d-d1ef-474a-a695-b81334dd8896,https://d3gm2hf49xd6jj.cloudfront.net/adf1af1d-d1ef-474a-a695-b81334dd8896/S1AA_20170704T051911_20170716T051911_VVP012_INT80_G_weF_5E39.zip
b921c27f-12a7-44c5-92b7-c37b001aa132,https://d3gm2hf49xd6jj.cloudfront.net/b921c27f-12a7-44c5-92b7-c37b001aa132/S1BA_20200612T051847_20200630T051929_VVP018_INT80_G_weF_3470.zip
10a62c6a-521c-4abf-9f9a-f81c70ddc3de,https://d3gm2hf49xd6jj.cloudfront.net/10a62c6a-521c-4abf-9f9a-f81c70ddc3de/S1AA_20180217T051912_20180301T051912_VVP012_INT80_G_weF_E4B8.zip
83120223-3158-489d-bd91-707ad74a54f2,https://d3gm2hf49xd6jj.cloudfront.net/83120223-3158-489d-bd91-707ad74a54f2/S1BA_20170722T051835_20170809T051913_VVP018_INT80_G_weF_5D63.zip
4bf54b8f-c0f7-494b-84c0-00e08a3a2222,https://d3gm2hf49xd6jj.cloudfront.net/4bf54b8f-c0f7-494b-84c0-00e08a3a2222/S1AA_20170728T051912_20170809T051913_VVP012_INT80_G_weF_AC1A.zip
5a03773f-f519-4b0d-ba9a-64419881106e,https://d3gm2hf49xd6jj.cloudfront.net/5a03773f-f519-4b0d-ba9a-64419881106e/S1AA_20180112T051913_20180124T051912_VVP012_INT80_G_weF_06E8.zip
f75aa786-3b60-4625-97c8-98dfe6184c80,https://d3gm2hf49xd6jj.cloudfront.net/f75aa786-3b60-4625-97c8-98dfe6184c80/S1AA_20200618T051929_20200630T051929_VVP012_INT80_G_weF_0E13.zip
7bb300f5-1386-4e05-98ae-74b06670076e,https://d3gm2hf49xd6jj.cloudfront.net/7bb300f5-1386-4e05-98ae-74b06670076e/S1AB_20200606T051928_20200612T051847_VVP006_INT80_G_weF_FF0B.zip
57d66d2c-e502-4dbf-bf6b-048842bb8b52,https://d3gm2hf49xd6jj.cloudfront.net/57d66d2c-e502-4dbf-bf6b-048842bb8b52/S1BA_20200531T051846_20200618T051929_VVP018_INT80_G_weF_FDCB.zip
061e248d-ddbb-448f-9e39-e1681f58f6d6,https://d3gm2hf49xd6jj.cloudfront.net/061e248d-ddbb-448f-9e39-e1681f58f6d6/S1AB_20200606T051928_20200624T051847_VVP018_INT80_G_weF_68CD.zip
23cca1ed-8bd6-4de3-a7c5-0dfefe0b1571,https://d3gm2hf49xd6jj.cloudfront.net/23cca1ed-8bd6-4de3-a7c5-0dfefe0b1571/S1AA_20171231T051913_20180112T051913_VVP012_INT80_G_weF_5F79.zip
eb1a44ca-de8a-4215-bcc1-79c8bb676a50,https://d3gm2hf49xd6jj.cloudfront.net/eb1a44ca-de8a-4215-bcc1-79c8bb676a50/S1AB_20200314T051925_20200320T051835_VVP006_INT80_G_weF_C80B.zip
3e2cd316-2e4e-4fe4-a315-e3566ee6d330,https://d3gm2hf49xd6jj.cloudfront.net/3e2cd316-2e4e-4fe4-a315-e3566ee6d330/S1AA_20171020T051915_20171101T051915_VVP012_INT80_G_weF_3B2C.zip
67112e18-02bf-4ce7-819e-f48649e9e1b0,https://d3gm2hf49xd6jj.cloudfront.net/67112e18-02bf-4ce7-819e-f48649e9e1b0/S1AA_20200501T051926_20200513T051927_VVP012_INT80_G_weF_4D82.zip
b9af4a20-5153-4c2f-801b-1b380f220ca4,https://d3gm2hf49xd6jj.cloudfront.net/b9af4a20-5153-4c2f-801b-1b380f220ca4/S1AA_20170610T051909_20170622T051910_VVP012_INT80_G_weF_5E50.zip
464282be-5fca-4f00-bcee-ac70019bedcf,https://d3gm2hf49xd6jj.cloudfront.net/464282be-5fca-4f00-bcee-ac70019bedcf/S1BB_20200225T051834_20200308T051834_VVP012_INT80_G_weF_211D.zip
a0151ae6-07c2-421e-a3eb-034f204cfaf6,https://d3gm2hf49xd6jj.cloudfront.net/a0151ae6-07c2-421e-a3eb-034f204cfaf6/S1BB_20200413T051835_20200425T051845_VVP012_INT80_G_weF_886B.zip
7b4a54c8-65bf-4c44-ab54-9b761b04e7de,https://d3gm2hf49xd6jj.cloudfront.net/7b4a54c8-65bf-4c44-ab54-9b761b04e7de/S1AB_20170622T051910_20170710T051835_VVP018_INT80_G_weF_6879.zip
47a8a37a-906d-48ce-a553-5815df1e2ed2,https://d3gm2hf49xd6jj.cloudfront.net/47a8a37a-906d-48ce-a553-5815df1e2ed2/S1BB_20200213T051835_20200225T051834_VVP012_INT80_G_weF_C698.zip
37a3195a-f85e-4062-a5e9-9291f0826392,https://d3gm2hf49xd6jj.cloudfront.net/37a3195a-f85e-4062-a5e9-9291f0826392/S1BB_20171014T051814_20171026T051814_VVP012_INT80_G_weF_0DB5.zip
dd28e26c-d619-4bff-860c-9ea532a6d540,https://d3gm2hf49xd6jj.cloudfront.net/dd28e26c-d619-4bff-860c-9ea532a6d540/S1BA_20171014T051839_20171101T051915_VVP018_INT80_G_weF_3B5F.zip
6322cef1-4370-4e25-809d-52b26556ef48,https://d3gm2hf49xd6jj.cloudfront.net/6322cef1-4370-4e25-809d-52b26556ef48/S1BA_20170604T051832_20170610T051909_VVP006_INT80_G_weF_C32E.zip
5902484b-842f-482e-ab82-948fa13d26d7,https://d3gm2hf49xd6jj.cloudfront.net/5902484b-842f-482e-ab82-948fa13d26d7/S1BA_20200401T051835_20200407T051925_VVP006_INT80_G_weF_362A.zip
fb5e0b84-99e5-4833-8865-a3894a2d4ccd,https://d3gm2hf49xd6jj.cloudfront.net/fb5e0b84-99e5-4833-8865-a3894a2d4ccd/S1AB_20200407T051925_20200413T051835_VVP006_INT80_G_weF_8BC4.zip
1d3ffcba-b954-4b26-a5b2-ff96aca90d2e,https://d3gm2hf49xd6jj.cloudfront.net/1d3ffcba-b954-4b26-a5b2-ff96aca90d2e/S1AB_20200207T051925_20200225T051834_VVP018_INT80_G_weF_38AA.zip
2836b462-46ce-4df5-a645-0e31c4a08489,https://d3gm2hf49xd6jj.cloudfront.net/2836b462-46ce-4df5-a645-0e31c4a08489/S1BA_20170628T051834_20170704T051911_VVP006_INT80_G_weF_0B1B.zip
c497a3aa-7cda-4349-9bb8-4bdeae41fc9b,https://d3gm2hf49xd6jj.cloudfront.net/c497a3aa-7cda-4349-9bb8-4bdeae41fc9b/S1BB_20200519T051845_20200531T051846_VVP012_INT80_G_weF_6340.zip
4dbccd11-ccab-4b9a-bfdf-090a04d77e5f,https://d3gm2hf49xd6jj.cloudfront.net/4dbccd11-ccab-4b9a-bfdf-090a04d77e5f/S1BA_20200507T051845_20200525T051928_VVP018_INT80_G_weF_4742.zip
374df5a3-2e1e-43a2-90d9-125c29533a7e,https://d3gm2hf49xd6jj.cloudfront.net/374df5a3-2e1e-43a2-90d9-125c29533a7e/S1AA_20200207T051925_20200219T051925_VVP012_INT80_G_weF_8102.zip
c2e382ae-086d-4206-9321-bb9dbf3e4116,https://d3gm2hf49xd6jj.cloudfront.net/c2e382ae-086d-4206-9321-bb9dbf3e4116/S1BB_20200401T051835_20200413T051835_VVP012_INT80_G_weF_45F7.zip
51b6e1e0-e409-4c5e-b8ff-500b1d7d34b2,https://d3gm2hf49xd6jj.cloudfront.net/51b6e1e0-e409-4c5e-b8ff-500b1d7d34b2/S1BA_20200413T051835_20200501T051926_VVP018_INT80_G_weF_C221.zip
93b47633-fd0d-4814-a593-9aeef0ab465e,https://d3gm2hf49xd6jj.cloudfront.net/93b47633-fd0d-4814-a593-9aeef0ab465e/S1AB_20200525T051928_20200612T051847_VVP018_INT80_G_weF_E73D.zip
0e405137-1ba7-4ee4-965d-8b1758007ea3,https://d3gm2hf49xd6jj.cloudfront.net/0e405137-1ba7-4ee4-965d-8b1758007ea3/S1AB_20200219T051925_20200225T051834_VVP006_INT80_G_weF_173B.zip
b1f1ecf8-5fe3-40f0-83b1-b12a6b8d87b3,https://d3gm2hf49xd6jj.cloudfront.net/b1f1ecf8-5fe3-40f0-83b1-b12a6b8d87b3/S1AA_20171113T051915_20171125T051915_VVP012_INT80_G_weF_46D0.zip
89c9ede9-a780-4b86-87ab-37a1c3fdf339,https://d3gm2hf49xd6jj.cloudfront.net/89c9ede9-a780-4b86-87ab-37a1c3fdf339/S1BA_20200308T051834_20200314T051925_VVP006_INT80_G_weF_D020.zip
1c418c6c-60e5-4c52-85da-c892acda8c16,https://d3gm2hf49xd6jj.cloudfront.net/1c418c6c-60e5-4c52-85da-c892acda8c16/S1AA_20171101T051915_20171113T051915_VVP012_INT80_G_weF_4D8C.zip
97252451-36b7-400e-8580-236fe415d16b,https://d3gm2hf49xd6jj.cloudfront.net/97252451-36b7-400e-8580-236fe415d16b/S1BB_20170628T051834_20170710T051835_VVP012_INT80_G_weF_72CD.zip
4a1f4eb7-19b7-450e-951c-d3e3b9c0a118,https://d3gm2hf49xd6jj.cloudfront.net/4a1f4eb7-19b7-450e-951c-d3e3b9c0a118/S1AB_20170610T051909_20170616T051833_VVP006_INT80_G_weF_DFD4.zip
abb6f0d3-c9d4-4f5b-9eb2-21e5325debcf,https://d3gm2hf49xd6jj.cloudfront.net/abb6f0d3-c9d4-4f5b-9eb2-21e5325debcf/S1AA_20200525T051928_20200606T051928_VVP012_INT80_G_weF_4EA1.zip
2b5ff78d-1be4-4d6a-8012-f6750321a93d,https://d3gm2hf49xd6jj.cloudfront.net/2b5ff78d-1be4-4d6a-8012-f6750321a93d/S1BA_20200425T051845_20200501T051926_VVP006_INT80_G_weF_06AD.zip
01a4ac8e-c66d-489e-8d4b-110a8b018207,https://d3gm2hf49xd6jj.cloudfront.net/01a4ac8e-c66d-489e-8d4b-110a8b018207/S1BB_20171213T051813_20171225T051812_VVP012_INT80_G_weF_6DBD.zip
325e8da7-8b3e-4d6f-9890-ad49282d5006,https://d3gm2hf49xd6jj.cloudfront.net/325e8da7-8b3e-4d6f-9890-ad49282d5006/S1BA_20200213T051835_20200219T051925_VVP006_INT80_G_weF_28AA.zip
a4f0320e-1eb6-4c12-9dc2-c583e91900a3,https://d3gm2hf49xd6jj.cloudfront.net/a4f0320e-1eb6-4c12-9dc2-c583e91900a3/S1BA_20171026T051839_20171101T051915_VVP006_INT80_G_weF_0B1D.zip
3559dabc-7761-4cc9-a250-e794f019f290,https://d3gm2hf49xd6jj.cloudfront.net/3559dabc-7761-4cc9-a250-e794f019f290/S1BA_20170604T051832_20170622T051910_VVP018_INT80_G_weF_73C0.zip
64622b8e-871d-4e25-8223-60321d63131e,https://d3gm2hf49xd6jj.cloudfront.net/64622b8e-871d-4e25-8223-60321d63131e/S1AB_20200525T051928_20200531T051846_VVP006_INT80_G_weF_5224.zip
dc04e50d-020a-4a61-aa49-e9cadb7b195c,https://d3gm2hf49xd6jj.cloudfront.net/dc04e50d-020a-4a61-aa49-e9cadb7b195c/S1AA_20170529T051909_20170610T051909_VVP012_INT80_G_weF_296D.zip
b6bfe7b0-5383-4707-a341-ca0d4de80542,https://d3gm2hf49xd6jj.cloudfront.net/b6bfe7b0-5383-4707-a341-ca0d4de80542/S1BA_20170628T051834_20170716T051911_VVP018_INT80_G_weF_A2FA.zip
a53d74e6-c676-40ed-8f20-18732b44d266,https://d3gm2hf49xd6jj.cloudfront.net/a53d74e6-c676-40ed-8f20-18732b44d266/S1AA_20171125T051915_20171207T051914_VVP012_INT80_G_weF_0EF3.zip
98538a03-c392-4f1d-ae26-665d99f61957,https://d3gm2hf49xd6jj.cloudfront.net/98538a03-c392-4f1d-ae26-665d99f61957/S1BA_20171107T051838_20171113T051915_VVP006_INT80_G_weF_FAEE.zip
18cd2a6b-5c02-40ff-869e-6c622be23e6d,https://d3gm2hf49xd6jj.cloudfront.net/18cd2a6b-5c02-40ff-869e-6c622be23e6d/S1AB_20170610T051909_20170628T051834_VVP018_INT80_G_weF_2B88.zip
eaeb2f62-d0b0-475d-b312-92935b2d64b3,https://d3gm2hf49xd6jj.cloudfront.net/eaeb2f62-d0b0-475d-b312-92935b2d64b3/S1BB_20170604T051808_20170616T051808_VVP012_INT80_G_weF_9A97.zip
72d30a03-18cc-4d83-9c5c-e3463d4c163e,https://d3gm2hf49xd6jj.cloudfront.net/72d30a03-18cc-4d83-9c5c-e3463d4c163e/S1BB_20200507T051845_20200519T051845_VVP012_INT80_G_weF_9A28.zip
325d1f51-689f-4d77-91e3-9640f05616e8,https://d3gm2hf49xd6jj.cloudfront.net/325d1f51-689f-4d77-91e3-9640f05616e8/S1BB_20170604T051832_20170616T051833_VVP012_INT80_G_weF_20A9.zip
742c5e3d-9d52-407e-8908-b06880b88478,https://d3gm2hf49xd6jj.cloudfront.net/742c5e3d-9d52-407e-8908-b06880b88478/S1BA_20170616T051833_20170622T051910_VVP006_INT80_G_weF_55A1.zip
22fb31dd-93ad-4ac3-bfe3-e33b247bae5f,https://d3gm2hf49xd6jj.cloudfront.net/22fb31dd-93ad-4ac3-bfe3-e33b247bae5f/S1AB_20170529T051909_20170616T051833_VVP018_INT80_G_weF_7FF0.zip
3c574a8b-e9d9-406d-8cd0-82b922ba56a6,https://d3gm2hf49xd6jj.cloudfront.net/3c574a8b-e9d9-406d-8cd0-82b922ba56a6/S1BB_20200320T051835_20200401T051835_VVP012_INT80_G_weF_9019.zip
a249059b-f567-4d16-8b0e-45443055fa7b,https://d3gm2hf49xd6jj.cloudfront.net/a249059b-f567-4d16-8b0e-45443055fa7b/S1AB_20200513T051927_20200531T051846_VVP018_INT80_G_weF_8DD8.zip
50dca1f2-77a6-47c2-b15d-a5a540251bbc,https://d3gm2hf49xd6jj.cloudfront.net/50dca1f2-77a6-47c2-b15d-a5a540251bbc/S1AB_20200407T051925_20200425T051845_VVP018_INT80_G_weF_0A72.zip
11cb03f5-af0b-48fe-8b01-d559e1f5ffa0,https://d3gm2hf49xd6jj.cloudfront.net/11cb03f5-af0b-48fe-8b01-d559e1f5ffa0/S1BB_20200308T051834_20200320T051835_VVP012_INT80_G_weF_A43D.zip
b2b3e620-b6a5-4f10-b147-cb263096ae70,https://d3gm2hf49xd6jj.cloudfront.net/b2b3e620-b6a5-4f10-b147-cb263096ae70/S1BA_20200201T051835_20200219T051925_VVP018_INT80_G_weF_3759.zip
40fcb837-eee6-4eb3-a87e-b8231af4995c,https://d3gm2hf49xd6jj.cloudfront.net/40fcb837-eee6-4eb3-a87e-b8231af4995c/S1AA_20171219T051914_20171231T051913_VVP012_INT80_G_weF_2F2A.zip
b21be9a1-1f09-47dd-8a05-fca0c252d058,https://d3gm2hf49xd6jj.cloudfront.net/b21be9a1-1f09-47dd-8a05-fca0c252d058/S1BB_20200425T051845_20200507T051845_VVP012_INT80_G_weF_2627.zip
5e909bb2-b1d5-483c-a03a-06af604eca70,https://d3gm2hf49xd6jj.cloudfront.net/5e909bb2-b1d5-483c-a03a-06af604eca70/S1AB_20171020T051915_20171026T051839_VVP006_INT80_G_weF_AD8A.zip
cf45480c-7c85-4302-9a3d-7b77ff800bab,https://d3gm2hf49xd6jj.cloudfront.net/cf45480c-7c85-4302-9a3d-7b77ff800bab/S1AB_20171101T051915_20171107T051838_VVP006_INT80_G_weF_04FF.zip
2fbf3bfd-ba61-45fc-b0b2-0238a0d89891,https://d3gm2hf49xd6jj.cloudfront.net/2fbf3bfd-ba61-45fc-b0b2-0238a0d89891/S1AB_20200314T051925_20200401T051835_VVP018_INT80_G_weF_0CFC.zip
6964a4d6-41f0-4505-98b7-dae3f5ae4c48,https://d3gm2hf49xd6jj.cloudfront.net/6964a4d6-41f0-4505-98b7-dae3f5ae4c48/S1BA_20170616T051833_20170704T051911_VVP018_INT80_G_weF_D861.zip
c5cd1ba7-f5ea-4938-b079-6ae0d8ae3ae7,https://d3gm2hf49xd6jj.cloudfront.net/c5cd1ba7-f5ea-4938-b079-6ae0d8ae3ae7/S1BB_20171026T051839_20171107T051838_VVP012_INT80_G_weF_33E2.zip
ed554a88-f317-4c1c-9510-14346aae3e09,https://d3gm2hf49xd6jj.cloudfront.net/ed554a88-f317-4c1c-9510-14346aae3e09/S1BB_20171014T051839_20171026T051839_VVP012_INT80_G_weF_F82A.zip
8a97bc66-8866-4ddf-a9a4-6f1d4ad45e4a,https://d3gm2hf49xd6jj.cloudfront.net/8a97bc66-8866-4ddf-a9a4-6f1d4ad45e4a/S1BB_20171225T051812_20180106T051812_VVP012_INT80_G_weF_CB9A.zip
0afcd4bf-00bd-4e8f-a7cb-fd185d45a7a5,https://d3gm2hf49xd6jj.cloudfront.net/0afcd4bf-00bd-4e8f-a7cb-fd185d45a7a5/S1AA_20171207T051914_20171219T051914_VVP012_INT80_G_weF_4CFE.zip
e0509c12-e60a-4f22-8e37-6e520a5980a4,https://d3gm2hf49xd6jj.cloudfront.net/e0509c12-e60a-4f22-8e37-6e520a5980a4/S1BA_20200425T051845_20200513T051927_VVP018_INT80_G_weF_ACDA.zip
f7439e01-5a56-4404-bd26-7c0d0346d9a7,https://d3gm2hf49xd6jj.cloudfront.net/f7439e01-5a56-4404-bd26-7c0d0346d9a7/S1BA_20200507T051845_20200513T051927_VVP006_INT80_G_weF_37DE.zip
441cacd0-7ebb-49cb-b202-aafdb926e7de,https://d3gm2hf49xd6jj.cloudfront.net/441cacd0-7ebb-49cb-b202-aafdb926e7de/S1BA_20171107T051838_20171125T051915_VVP018_INT80_G_weF_9C3E.zip
ca78c2ad-36fd-469b-b517-f7b4fda9d4d2,https://d3gm2hf49xd6jj.cloudfront.net/ca78c2ad-36fd-469b-b517-f7b4fda9d4d2/S1AB_20200501T051926_20200519T051845_VVP018_INT80_G_weF_B151.zip
d74dbfeb-0149-4730-bb6e-064d64698f37,https://d3gm2hf49xd6jj.cloudfront.net/d74dbfeb-0149-4730-bb6e-064d64698f37/S1BB_20170616T051833_20170628T051834_VVP012_INT80_G_weF_EECD.zip
f0c81151-6394-47f3-ad8c-21570dcc8cac,https://d3gm2hf49xd6jj.cloudfront.net/f0c81151-6394-47f3-ad8c-21570dcc8cac/S1AA_20200513T051927_20200525T051928_VVP012_INT80_G_weF_EAD9.zip
36cf73b1-57d7-4690-a809-2eab6983d017,https://d3gm2hf49xd6jj.cloudfront.net/36cf73b1-57d7-4690-a809-2eab6983d017/S1AB_20171020T051915_20171107T051838_VVP018_INT80_G_weF_24A1.zip
20cfc36b-0903-488a-b412-ce7e6b730fbf,https://d3gm2hf49xd6jj.cloudfront.net/20cfc36b-0903-488a-b412-ce7e6b730fbf/S1AB_20200513T051927_20200519T051845_VVP006_INT80_G_weF_317A.zip
b1f905db-0f41-4490-a7c8-ff4942fc7d4a,https://d3gm2hf49xd6jj.cloudfront.net/b1f905db-0f41-4490-a7c8-ff4942fc7d4a/S1BA_20200519T051845_20200525T051928_VVP006_INT80_G_weF_9F2D.zip
bcd84c64-7dc6-4c4a-b9ab-2ac6b3cf834c,https://d3gm2hf49xd6jj.cloudfront.net/bcd84c64-7dc6-4c4a-b9ab-2ac6b3cf834c/S1BA_20200519T051845_20200606T051928_VVP018_INT80_G_weF_A572.zip
7f0099d2-713f-4878-a664-713b0528c510,https://d3gm2hf49xd6jj.cloudfront.net/7f0099d2-713f-4878-a664-713b0528c510/S1BB_20171201T051813_20171213T051813_VVP012_INT80_G_weF_97EF.zip
1fa6e366-b0de-4718-8b28-dd192dcaa946,https://d3gm2hf49xd6jj.cloudfront.net/1fa6e366-b0de-4718-8b28-dd192dcaa946/S1AB_20200207T051925_20200213T051835_VVP006_INT80_G_weF_A911.zip
eb1b159c-3b4f-4235-a9e1-426c6abcc967,https://d3gm2hf49xd6jj.cloudfront.net/eb1b159c-3b4f-4235-a9e1-426c6abcc967/S1BB_20170616T051808_20170628T051809_VVP012_INT80_G_weF_5BCE.zip
45fcad77-c68d-451e-b119-cfb93e37f60a,https://d3gm2hf49xd6jj.cloudfront.net/45fcad77-c68d-451e-b119-cfb93e37f60a/S1AB_20200501T051926_20200507T051845_VVP006_INT80_G_weF_7513.zip
e4442e69-2975-460a-91fd-ddf1ef08c62c,https://d3gm2hf49xd6jj.cloudfront.net/e4442e69-2975-460a-91fd-ddf1ef08c62c/S1BB_20170628T051809_20170710T051810_VVP012_INT80_G_weF_D4AC.zip
fb30a64b-bb3b-43cd-bdf0-814292dda98b,https://d3gm2hf49xd6jj.cloudfront.net/fb30a64b-bb3b-43cd-bdf0-814292dda98b/S1AB_20200219T051925_20200308T051834_VVP018_INT80_G_weF_3A6D.zip
340f986f-bf53-400c-bedd-6152b1f5d2e0,https://d3gm2hf49xd6jj.cloudfront.net/340f986f-bf53-400c-bedd-6152b1f5d2e0/S1AB_20170622T051910_20170628T051834_VVP006_INT80_G_weF_70EC.zip
ef1c7744-46c0-4149-a449-c1d7c67af68b,https://d3gm2hf49xd6jj.cloudfront.net/ef1c7744-46c0-4149-a449-c1d7c67af68b/S1AA_20170622T051910_20170704T051911_VVP012_INT80_G_weF_02D8.zip
b68dce81-db09-4bff-a5a7-91f09fec6176,https://d3gm2hf49xd6jj.cloudfront.net/b68dce81-db09-4bff-a5a7-91f09fec6176/S1BA_20171026T051839_20171113T051915_VVP018_INT80_G_weF_8554.zip
6f685ebf-df68-4502-a71b-db2ba18a44a8,https://d3gm2hf49xd6jj.cloudfront.net/6f685ebf-df68-4502-a71b-db2ba18a44a8/S1BA_20200320T051835_20200407T051925_VVP018_INT80_G_weF_6472.zip
f25f50b7-18d2-48df-a371-a81146f9f110,https://d3gm2hf49xd6jj.cloudfront.net/f25f50b7-18d2-48df-a371-a81146f9f110/S1BA_20200225T051834_20200314T051925_VVP018_INT80_G_weF_BB3A.zip
16e15538-48aa-4d3a-8b70-9a79825af711,https://d3gm2hf49xd6jj.cloudfront.net/16e15538-48aa-4d3a-8b70-9a79825af711/S1AB_20200114T051926_20200120T051835_VVP006_INT80_G_weF_151C.zip
60c49b1b-82a9-4eaa-8f51-6591ba3a1d3c,https://d3gm2hf49xd6jj.cloudfront.net/60c49b1b-82a9-4eaa-8f51-6591ba3a1d3c/S1AA_20200126T051925_20200207T051925_VVP012_INT80_G_weF_539E.zip
21e45d2b-e014-4370-ac40-a6d71db2fb8e,https://d3gm2hf49xd6jj.cloudfront.net/21e45d2b-e014-4370-ac40-a6d71db2fb8e/S1BB_20170511T051831_20170523T051832_VVP012_INT80_G_weF_6972.zip
3b95b4af-5ae6-4dbf-a279-542c176dc850,https://d3gm2hf49xd6jj.cloudfront.net/3b95b4af-5ae6-4dbf-a279-542c176dc850/S1BB_20170523T051807_20170604T051808_VVP012_INT80_G_weF_7991.zip
f2ba952c-d521-4d79-92cd-5e6fee0022b6,https://d3gm2hf49xd6jj.cloudfront.net/f2ba952c-d521-4d79-92cd-5e6fee0022b6/S1BA_20170523T051832_20170610T051909_VVP018_INT80_G_weF_EECD.zip
609f07db-64fb-467a-9125-77ee389126c1,https://d3gm2hf49xd6jj.cloudfront.net/609f07db-64fb-467a-9125-77ee389126c1/S1BB_20170920T051813_20171002T051814_VVP012_INT80_G_weF_50D0.zip
c7f57c3a-0259-42c3-854d-51c9bfff885c,https://d3gm2hf49xd6jj.cloudfront.net/c7f57c3a-0259-42c3-854d-51c9bfff885c/S1BB_20200120T051835_20200201T051835_VVP012_INT80_G_weF_45F8.zip
cd09b475-1e85-49dd-8ff3-902ee52e704c,https://d3gm2hf49xd6jj.cloudfront.net/cd09b475-1e85-49dd-8ff3-902ee52e704c/S1AB_20200126T051925_20200213T051835_VVP018_INT80_G_weF_69FB.zip
f1edeefc-66a9-4b99-abfe-8abdb824b241,https://d3gm2hf49xd6jj.cloudfront.net/f1edeefc-66a9-4b99-abfe-8abdb824b241/S1AB_20170517T051857_20170604T051832_VVP018_INT80_G_weF_06F6.zip
e29a1f25-8851-4b76-9a37-3515a20b1acb,https://d3gm2hf49xd6jj.cloudfront.net/e29a1f25-8851-4b76-9a37-3515a20b1acb/S1AB_20170517T051857_20170523T051832_VVP006_INT80_G_weF_53C9.zip
c926ca36-38b0-4712-b6b2-b4200a0fea76,https://d3gm2hf49xd6jj.cloudfront.net/c926ca36-38b0-4712-b6b2-b4200a0fea76/S1AB_20171008T051915_20171014T051839_VVP006_INT80_G_weF_2032.zip
3f091edd-43ba-463a-908f-672e1c5fa10f,https://d3gm2hf49xd6jj.cloudfront.net/3f091edd-43ba-463a-908f-672e1c5fa10f/S1AA_20171008T051915_20171020T051915_VVP012_INT80_G_weF_66BD.zip
1899223e-f371-4c45-9d01-a4a36967a7b1,https://d3gm2hf49xd6jj.cloudfront.net/1899223e-f371-4c45-9d01-a4a36967a7b1/S1BA_20171014T051839_20171020T051915_VVP006_INT80_G_weF_175F.zip
d6899447-bc8d-4601-9ddf-ce9394715c50,https://d3gm2hf49xd6jj.cloudfront.net/d6899447-bc8d-4601-9ddf-ce9394715c50/S1AB_20170505T051856_20170511T051806_VVP006_INT80_G_weF_18ED.zip
146c9fd2-fcc8-4e43-b401-050c453a28f7,https://d3gm2hf49xd6jj.cloudfront.net/146c9fd2-fcc8-4e43-b401-050c453a28f7/S1AB_20170529T051909_20170604T051832_VVP006_INT80_G_weF_96D2.zip
76ee2e78-a547-46ed-9f8e-2bc4fae1bcf4,https://d3gm2hf49xd6jj.cloudfront.net/76ee2e78-a547-46ed-9f8e-2bc4fae1bcf4/S1AA_20200114T051926_20200126T051925_VVP012_INT80_G_weF_0727.zip
d87800e1-b11e-493d-890b-d5aca95a44a4,https://d3gm2hf49xd6jj.cloudfront.net/d87800e1-b11e-493d-890b-d5aca95a44a4/S1BA_20200120T051835_20200207T051925_VVP018_INT80_G_weF_1700.zip
1f40b8d8-4907-479d-b667-b8c3695733dc,https://d3gm2hf49xd6jj.cloudfront.net/1f40b8d8-4907-479d-b667-b8c3695733dc/S1BA_20170523T051832_20170529T051909_VVP006_INT80_G_weF_A0CB.zip
58bd7c53-96d1-4ef1-b43b-529998805bdf,https://d3gm2hf49xd6jj.cloudfront.net/58bd7c53-96d1-4ef1-b43b-529998805bdf/S1BA_20191227T051836_20200114T051926_VVP018_INT80_G_weF_E248.zip
1e3b9287-733a-4abd-ae48-ed9658dc24b9,https://d3gm2hf49xd6jj.cloudfront.net/1e3b9287-733a-4abd-ae48-ed9658dc24b9/S1AB_20200114T051926_20200201T051835_VVP018_INT80_G_weF_5EA7.zip
806a0813-341a-447c-babd-dc248e17235a,https://d3gm2hf49xd6jj.cloudfront.net/806a0813-341a-447c-babd-dc248e17235a/S1BA_20200120T051835_20200126T051925_VVP006_INT80_G_weF_9EEB.zip
be437781-e344-407a-92e8-5187c592ce75,https://d3gm2hf49xd6jj.cloudfront.net/be437781-e344-407a-92e8-5187c592ce75/S1AB_20170517T051857_20170523T051807_VVP006_INT80_G_weF_997C.zip
775c6d4f-a2ee-4f85-a01e-643a02a7a5f0,https://d3gm2hf49xd6jj.cloudfront.net/775c6d4f-a2ee-4f85-a01e-643a02a7a5f0/S1BB_20171002T051838_20171014T051839_VVP012_INT80_G_weF_5BBB.zip
84351296-9d08-4628-825d-c1d63fc1feca,https://d3gm2hf49xd6jj.cloudfront.net/84351296-9d08-4628-825d-c1d63fc1feca/S1BA_20200108T051836_20200114T051926_VVP006_INT80_G_weF_0AEB.zip
9d53479e-9caf-4773-9087-e16eac24025b,https://d3gm2hf49xd6jj.cloudfront.net/9d53479e-9caf-4773-9087-e16eac24025b/S1AB_20170926T051915_20171014T051839_VVP018_INT80_G_weF_4E83.zip
7b2d236b-f24d-4f68-a1e7-07ec53555169,https://d3gm2hf49xd6jj.cloudfront.net/7b2d236b-f24d-4f68-a1e7-07ec53555169/S1BA_20170511T051806_20170517T051857_VVP006_INT80_G_weF_F087.zip
b2b234bf-f543-4ec0-a96d-67fbde59c64d,https://d3gm2hf49xd6jj.cloudfront.net/b2b234bf-f543-4ec0-a96d-67fbde59c64d/S1AB_20170914T051914_20170920T051838_VVP006_INT80_G_weF_8FDA.zip
c8a28e58-4774-4daf-8c81-87201edb94c4,https://d3gm2hf49xd6jj.cloudfront.net/c8a28e58-4774-4daf-8c81-87201edb94c4/S1AA_20200102T051926_20200114T051926_VVP012_INT80_G_weF_D925.zip
f5c5f05a-1be8-4391-bc9c-4a4ea19bbf22,https://d3gm2hf49xd6jj.cloudfront.net/f5c5f05a-1be8-4391-bc9c-4a4ea19bbf22/S1AB_20200102T051926_20200120T051835_VVP018_INT80_G_weF_D95F.zip
86187017-4b99-4ac3-8084-7d1f974c0230,https://d3gm2hf49xd6jj.cloudfront.net/86187017-4b99-4ac3-8084-7d1f974c0230/S1BA_20200108T051836_20200126T051925_VVP018_INT80_G_weF_2766.zip
7a2370ba-81ec-4b4e-84be-255af419f691,https://d3gm2hf49xd6jj.cloudfront.net/7a2370ba-81ec-4b4e-84be-255af419f691/S1BB_20171002T051814_20171014T051814_VVP012_INT80_G_weF_7A90.zip
33e0c420-e0a6-4bb4-9dcc-4cca72b04d32,https://d3gm2hf49xd6jj.cloudfront.net/33e0c420-e0a6-4bb4-9dcc-4cca72b04d32/S1AB_20170505T051856_20170523T051832_VVP018_INT80_G_weF_34D7.zip
03872677-cde9-4c4f-ac1d-4a82693d4df1,https://d3gm2hf49xd6jj.cloudfront.net/03872677-cde9-4c4f-ac1d-4a82693d4df1/S1AB_20170517T051857_20170604T051808_VVP018_INT80_G_weF_73A9.zip
29a6d0b7-6378-433c-a5d5-d552f4030d2f,https://d3gm2hf49xd6jj.cloudfront.net/29a6d0b7-6378-433c-a5d5-d552f4030d2f/S1BB_20200108T051836_20200120T051835_VVP012_INT80_G_weF_BBFB.zip
101854eb-84ff-4c95-944b-d26119e041e6,https://d3gm2hf49xd6jj.cloudfront.net/101854eb-84ff-4c95-944b-d26119e041e6/S1BB_20191227T051836_20200108T051836_VVP012_INT80_G_weF_9728.zip
8bd5d7b5-8dc3-44ca-8794-d6067cdf483a,https://d3gm2hf49xd6jj.cloudfront.net/8bd5d7b5-8dc3-44ca-8794-d6067cdf483a/S1BA_20170908T051838_20170926T051915_VVP018_INT80_G_weF_2917.zip
cb23ad40-2a06-4055-b60d-1e6558828a73,https://d3gm2hf49xd6jj.cloudfront.net/cb23ad40-2a06-4055-b60d-1e6558828a73/S1BA_20170920T051838_20170926T051915_VVP006_INT80_G_weF_46BA.zip
8a7d2b74-9601-4d39-bd92-ec4ec9b46b09,https://d3gm2hf49xd6jj.cloudfront.net/8a7d2b74-9601-4d39-bd92-ec4ec9b46b09/S1AA_20170505T051856_20170517T051857_VVP012_INT80_G_weF_0506.zip
e8204871-0cf4-4989-8495-7fbb6b59f29c,https://d3gm2hf49xd6jj.cloudfront.net/e8204871-0cf4-4989-8495-7fbb6b59f29c/S1BA_20171002T051838_20171020T051915_VVP018_INT80_G_weF_C8A9.zip
1aaf9367-249f-49ee-93b9-281dc8e388e4,https://d3gm2hf49xd6jj.cloudfront.net/1aaf9367-249f-49ee-93b9-281dc8e388e4/S1AB_20200126T051925_20200201T051835_VVP006_INT80_G_weF_2A09.zip
858d1a4a-a914-46a7-ba18-f1bf47d60563,https://d3gm2hf49xd6jj.cloudfront.net/858d1a4a-a914-46a7-ba18-f1bf47d60563/S1AA_20170517T051857_20170529T051909_VVP012_INT80_G_weF_5211.zip
c775b933-7faf-4a9c-8f68-0f5e245e1bbc,https://d3gm2hf49xd6jj.cloudfront.net/c775b933-7faf-4a9c-8f68-0f5e245e1bbc/S1AB_20170505T051856_20170511T051831_VVP006_INT80_G_weF_5EFD.zip
d8b6c071-1769-496b-8f44-46d5d7bb8a4b,https://d3gm2hf49xd6jj.cloudfront.net/d8b6c071-1769-496b-8f44-46d5d7bb8a4b/S1BA_20170511T051831_20170517T051857_VVP006_INT80_G_weF_8118.zip
9ac0c257-873d-4360-bfca-004af735c5d5,https://d3gm2hf49xd6jj.cloudfront.net/9ac0c257-873d-4360-bfca-004af735c5d5/S1BB_20170920T051838_20171002T051838_VVP012_INT80_G_weF_8618.zip
710b8bb2-c818-432c-9927-cc561e9bcc08,https://d3gm2hf49xd6jj.cloudfront.net/710b8bb2-c818-432c-9927-cc561e9bcc08/S1AA_20170926T051915_20171008T051915_VVP012_INT80_G_weF_C7F8.zip
d575c0ed-2521-44e7-b3a6-c5a63136da72,https://d3gm2hf49xd6jj.cloudfront.net/d575c0ed-2521-44e7-b3a6-c5a63136da72/S1BA_20170511T051831_20170529T051909_VVP018_INT80_G_weF_6C78.zip
cade0991-183b-46a0-842f-2a770f55dd80,https://d3gm2hf49xd6jj.cloudfront.net/cade0991-183b-46a0-842f-2a770f55dd80/S1BB_20170523T051832_20170604T051832_VVP012_INT80_G_weF_8700.zip
ea1401eb-fcac-441e-ae00-31ef00d1de54,https://d3gm2hf49xd6jj.cloudfront.net/ea1401eb-fcac-441e-ae00-31ef00d1de54/S1BB_20170511T051806_20170523T051807_VVP012_INT80_G_weF_81F0.zip
1b608747-4843-4d45-b6f6-aeda6faa4b61,https://d3gm2hf49xd6jj.cloudfront.net/1b608747-4843-4d45-b6f6-aeda6faa4b61/S1BB_20200201T051835_20200213T051835_VVP012_INT80_G_weF_9619.zip
aee4578a-ed42-412a-add9-d334477e84d7,https://d3gm2hf49xd6jj.cloudfront.net/aee4578a-ed42-412a-add9-d334477e84d7/S1BA_20170920T051838_20171008T051915_VVP018_INT80_G_weF_2A10.zip
2291153c-023f-4a86-9772-f2bf313e4e24,https://d3gm2hf49xd6jj.cloudfront.net/2291153c-023f-4a86-9772-f2bf313e4e24/S1AA_20170914T051914_20170926T051915_VVP012_INT80_G_weF_C0E8.zip
e9c79ff4-b862-41c7-99fd-942f0c3e99a1,https://d3gm2hf49xd6jj.cloudfront.net/e9c79ff4-b862-41c7-99fd-942f0c3e99a1/S1AB_20171008T051915_20171026T051839_VVP018_INT80_G_weF_FF08.zip
a66eae66-2b18-431e-b117-1569b6b8d699,https://d3gm2hf49xd6jj.cloudfront.net/a66eae66-2b18-431e-b117-1569b6b8d699/S1BA_20191227T051836_20200102T051926_VVP006_INT80_G_weF_F10B.zip
87550371-9ebc-4e6e-a383-9aa553041733,https://d3gm2hf49xd6jj.cloudfront.net/87550371-9ebc-4e6e-a383-9aa553041733/S1AB_20170926T051915_20171002T051838_VVP006_INT80_G_weF_7452.zip
aaf4ffd9-b814-4dde-9327-f28096a3d1da,https://d3gm2hf49xd6jj.cloudfront.net/aaf4ffd9-b814-4dde-9327-f28096a3d1da/S1AB_20170505T051856_20170523T051807_VVP018_INT80_G_weF_D4CC.zip
7de6d91a-a3b8-4d51-b6a7-71b765ed0844,https://d3gm2hf49xd6jj.cloudfront.net/7de6d91a-a3b8-4d51-b6a7-71b765ed0844/S1AB_20200102T051926_20200108T051836_VVP006_INT80_G_weF_A91D.zip
5b7e74df-9192-48c8-83e7-e166903cd65c,https://d3gm2hf49xd6jj.cloudfront.net/5b7e74df-9192-48c8-83e7-e166903cd65c/S1BA_20200201T051835_20200207T051925_VVP006_INT80_G_weF_8999.zip
8525dc20-ffe1-492d-b1f0-8b7bcd5e7f53,https://d3gm2hf49xd6jj.cloudfront.net/8525dc20-ffe1-492d-b1f0-8b7bcd5e7f53/S1BA_20171002T051838_20171008T051915_VVP006_INT80_G_weF_8A8B.zip
cf651c4a-7227-433d-a4f4-43a62f0b59f0,https://d3gm2hf49xd6jj.cloudfront.net/cf651c4a-7227-433d-a4f4-43a62f0b59f0/S1AB_20170914T051914_20171002T051838_VVP018_INT80_G_weF_741F.zip
3a558e9c-215f-42aa-8da5-e70939d835e9,https://d3gm2hf49xd6jj.cloudfront.net/3a558e9c-215f-42aa-8da5-e70939d835e9/S1BB_20170908T051813_20170920T051813_VVP012_INT80_G_weF_788A.zip
b9965da1-0948-4f89-8332-3d3245994f65,https://d3gm2hf49xd6jj.cloudfront.net/b9965da1-0948-4f89-8332-3d3245994f65/S1BB_20170710T051810_20170722T051811_VVP012_INT80_G_weF_B976.zip
805f9ec3-446f-4390-9e29-86f400d1a65c,https://d3gm2hf49xd6jj.cloudfront.net/805f9ec3-446f-4390-9e29-86f400d1a65c/S1AB_20170411T051855_20170417T051805_VVP006_INT80_G_weF_A17B.zip
62f4ac67-3517-4b46-98f0-d3c8d1a3e2ef,https://d3gm2hf49xd6jj.cloudfront.net/62f4ac67-3517-4b46-98f0-d3c8d1a3e2ef/S1BB_20170827T051837_20170908T051838_VVP012_INT80_G_weF_2E8F.zip
276b5f38-9144-4ed4-bd2e-c700c9536d3f,https://d3gm2hf49xd6jj.cloudfront.net/276b5f38-9144-4ed4-bd2e-c700c9536d3f/S1AB_20170728T051912_20170803T051836_VVP006_INT80_G_weF_22F4.zip
74517839-d553-44e2-bf0f-ba381b5c9aa6,https://d3gm2hf49xd6jj.cloudfront.net/74517839-d553-44e2-bf0f-ba381b5c9aa6/S1AB_20170423T051856_20170429T051806_VVP006_INT80_G_weF_893A.zip
6e2ac149-55e1-4de9-9ec7-e9e560643591,https://d3gm2hf49xd6jj.cloudfront.net/6e2ac149-55e1-4de9-9ec7-e9e560643591/S1BA_20191203T051837_20191209T051927_VVP006_INT80_G_weF_404F.zip
bc41cc5b-268b-48d7-afd9-4de6da2ee408,https://d3gm2hf49xd6jj.cloudfront.net/bc41cc5b-268b-48d7-afd9-4de6da2ee408/S1BB_20170417T051805_20170429T051806_VVP012_INT80_G_weF_8683.zip
ccc4d85e-32a2-4458-888b-ddefe71282ba,https://d3gm2hf49xd6jj.cloudfront.net/ccc4d85e-32a2-4458-888b-ddefe71282ba/S1AB_20191115T051928_20191203T051837_VVP018_INT80_G_weF_B1CC.zip
fcddc89f-570f-498e-9aa4-678ec6379a3e,https://d3gm2hf49xd6jj.cloudfront.net/fcddc89f-570f-498e-9aa4-678ec6379a3e/S1BB_20170722T051835_20170803T051836_VVP012_INT80_G_weF_1CE2.zip
772c502a-e95e-4ebe-a463-aec773a4ca57,https://d3gm2hf49xd6jj.cloudfront.net/772c502a-e95e-4ebe-a463-aec773a4ca57/S1AB_20170902T051914_20170908T051838_VVP006_INT80_G_weF_C362.zip
1a5d8d80-1ad8-4732-82c4-4bcfdfaa44ec,https://d3gm2hf49xd6jj.cloudfront.net/1a5d8d80-1ad8-4732-82c4-4bcfdfaa44ec/S1AB_20170704T051911_20170722T051835_VVP018_INT80_G_weF_6F43.zip
334fb040-3243-4696-bcfc-85b12ac3fceb,https://d3gm2hf49xd6jj.cloudfront.net/334fb040-3243-4696-bcfc-85b12ac3fceb/S1AA_20170330T051855_20170411T051855_VVP012_INT80_G_weF_8D04.zip
95ca969c-10c8-4fad-ad9f-063242670161,https://d3gm2hf49xd6jj.cloudfront.net/95ca969c-10c8-4fad-ad9f-063242670161/S1AB_20170423T051856_20170511T051831_VVP018_INT80_G_weF_FCE6.zip
91a01bf8-39bd-4212-8b09-f4ceaecc7db9,https://d3gm2hf49xd6jj.cloudfront.net/91a01bf8-39bd-4212-8b09-f4ceaecc7db9/S1AB_20191221T051927_20200108T051836_VVP018_INT80_G_weF_8103.zip
4010d115-997f-4213-a646-c37cb30a8c12,https://d3gm2hf49xd6jj.cloudfront.net/4010d115-997f-4213-a646-c37cb30a8c12/S1AA_20170809T051913_20170821T051913_VVP012_INT80_G_weF_F388.zip
a3c40689-44d6-4c0b-a235-2718e2b2225f,https://d3gm2hf49xd6jj.cloudfront.net/a3c40689-44d6-4c0b-a235-2718e2b2225f/S1BA_20170417T051805_20170505T051856_VVP018_INT80_G_weF_E3E6.zip
1acf255c-540f-4c5f-b599-1d34ae6b375b,https://d3gm2hf49xd6jj.cloudfront.net/1acf255c-540f-4c5f-b599-1d34ae6b375b/S1AB_20170809T051913_20170815T051837_VVP006_INT80_G_weF_FEFD.zip
bebe39d5-a1fb-4ba3-8954-6dfc352fc960,https://d3gm2hf49xd6jj.cloudfront.net/bebe39d5-a1fb-4ba3-8954-6dfc352fc960/S1BA_20191203T051837_20191221T051927_VVP018_INT80_G_weF_56EB.zip
f675e7ff-cc32-48ec-a588-347a8691ff33,https://d3gm2hf49xd6jj.cloudfront.net/f675e7ff-cc32-48ec-a588-347a8691ff33/S1BA_20170815T051837_20170821T051913_VVP006_INT80_G_weF_FB70.zip
893323d7-02e3-4e2c-971d-4cf0284b2fb1,https://d3gm2hf49xd6jj.cloudfront.net/893323d7-02e3-4e2c-971d-4cf0284b2fb1/S1BA_20191215T051837_20191221T051927_VVP006_INT80_G_weF_C91B.zip
2054bf1a-96be-4103-b7dc-6ed7bc03eb9b,https://d3gm2hf49xd6jj.cloudfront.net/2054bf1a-96be-4103-b7dc-6ed7bc03eb9b/S1AB_20191221T051927_20191227T051836_VVP006_INT80_G_weF_65D9.zip
fcc8a8c3-3aec-4b31-8fa4-6539e1f44893,https://d3gm2hf49xd6jj.cloudfront.net/fcc8a8c3-3aec-4b31-8fa4-6539e1f44893/S1BA_20170722T051835_20170809T051913_VVP018_INT80_G_weF_6EF8.zip
b6b6a318-66b2-40dc-8682-18dc83a6fcc1,https://d3gm2hf49xd6jj.cloudfront.net/b6b6a318-66b2-40dc-8682-18dc83a6fcc1/S1AA_20170821T051913_20170902T051914_VVP012_INT80_G_weF_1E72.zip
fd79fa8f-6f28-455a-92de-bf585e581e77,https://d3gm2hf49xd6jj.cloudfront.net/fd79fa8f-6f28-455a-92de-bf585e581e77/S1BA_20170827T051837_20170902T051914_VVP006_INT80_G_weF_4E19.zip
4e618b8f-bf28-4207-b2f1-04069c0f3c23,https://d3gm2hf49xd6jj.cloudfront.net/4e618b8f-bf28-4207-b2f1-04069c0f3c23/S1AB_20170716T051911_20170722T051835_VVP006_INT80_G_weF_144B.zip
4fc99858-acb4-4cce-bef4-c2e1de2979c0,https://d3gm2hf49xd6jj.cloudfront.net/4fc99858-acb4-4cce-bef4-c2e1de2979c0/S1AB_20170704T051911_20170710T051835_VVP006_INT80_G_weF_29E9.zip
373cf4d2-62e5-4a14-a7ca-195bfa0747cf,https://d3gm2hf49xd6jj.cloudfront.net/373cf4d2-62e5-4a14-a7ca-195bfa0747cf/S1BA_20170827T051837_20170914T051914_VVP018_INT80_G_weF_450E.zip
90f56214-8424-4a4f-b644-d5c5916e71f7,https://d3gm2hf49xd6jj.cloudfront.net/90f56214-8424-4a4f-b644-d5c5916e71f7/S1BA_20170417T051805_20170423T051856_VVP006_INT80_G_weF_EB60.zip
2aea8f75-8cc9-470d-89fb-1416042b8776,https://d3gm2hf49xd6jj.cloudfront.net/2aea8f75-8cc9-470d-89fb-1416042b8776/S1BA_20170324T051804_20170411T051855_VVP018_INT80_G_weF_E601.zip
5217ea08-9884-4a8c-b6d1-064b0dd0bf08,https://d3gm2hf49xd6jj.cloudfront.net/5217ea08-9884-4a8c-b6d1-064b0dd0bf08/S1AB_20191209T051927_20191215T051837_VVP006_INT80_G_weF_556F.zip
b5c249f4-8ac0-4787-8d58-1ef13e5d3468,https://d3gm2hf49xd6jj.cloudfront.net/b5c249f4-8ac0-4787-8d58-1ef13e5d3468/S1BA_20170405T051805_20170411T051855_VVP006_INT80_G_weF_F487.zip
73dff76a-7c46-498d-93d4-5a56a40838ab,https://d3gm2hf49xd6jj.cloudfront.net/73dff76a-7c46-498d-93d4-5a56a40838ab/S1BB_20170803T051836_20170815T051837_VVP012_INT80_G_weF_FE5B.zip
8094285c-72fc-4874-960d-ae4d822b001e,https://d3gm2hf49xd6jj.cloudfront.net/8094285c-72fc-4874-960d-ae4d822b001e/S1BA_20170803T051836_20170809T051913_VVP006_INT80_G_weF_450B.zip
bdfa73a2-5fcf-4721-83fe-6b325546dc8e,https://d3gm2hf49xd6jj.cloudfront.net/bdfa73a2-5fcf-4721-83fe-6b325546dc8e/S1AA_20191209T051927_20191221T051927_VVP012_INT80_G_weF_ECB0.zip
33b89e6b-2d94-4d7a-94d0-c4fbe0d0621c,https://d3gm2hf49xd6jj.cloudfront.net/33b89e6b-2d94-4d7a-94d0-c4fbe0d0621c/S1BA_20191121T051838_20191127T051928_VVP006_INT80_G_weF_FFBD.zip
400b9dfe-4402-4bb7-9ffa-522ec4831efd,https://d3gm2hf49xd6jj.cloudfront.net/400b9dfe-4402-4bb7-9ffa-522ec4831efd/S1AB_20191127T051928_20191215T051837_VVP018_INT80_G_weF_6107.zip
31023d99-c36c-4ee3-9f1c-235823d4e465,https://d3gm2hf49xd6jj.cloudfront.net/31023d99-c36c-4ee3-9f1c-235823d4e465/S1BB_20191121T051838_20191203T051837_VVP012_INT80_G_weF_D9D0.zip
76f89dcf-24a6-4c3a-9438-90d5788354b8,https://d3gm2hf49xd6jj.cloudfront.net/76f89dcf-24a6-4c3a-9438-90d5788354b8/S1AA_20170423T051856_20170505T051856_VVP012_INT80_G_weF_E41B.zip
ffe1bde8-4819-4dad-b684-294f0e955ae2,https://d3gm2hf49xd6jj.cloudfront.net/ffe1bde8-4819-4dad-b684-294f0e955ae2/S1AA_20170902T051914_20170914T051914_VVP012_INT80_G_weF_799E.zip
cfcf262a-4d19-4a99-bdd3-1bbb6308b803,https://d3gm2hf49xd6jj.cloudfront.net/cfcf262a-4d19-4a99-bdd3-1bbb6308b803/S1BB_20170908T051838_20170920T051838_VVP012_INT80_G_weF_5EB7.zip
4cc029ec-b5d0-44ba-9318-c2620d292fb1,https://d3gm2hf49xd6jj.cloudfront.net/4cc029ec-b5d0-44ba-9318-c2620d292fb1/S1AB_20170809T051913_20170827T051837_VVP018_INT80_G_weF_F847.zip
ab9c3976-aa51-4d5a-a641-354516563c6a,https://d3gm2hf49xd6jj.cloudfront.net/ab9c3976-aa51-4d5a-a641-354516563c6a/S1AB_20191127T051928_20191203T051837_VVP006_INT80_G_weF_AD57.zip
29e95b2c-686d-4917-8fc4-a806f0d206f6,https://d3gm2hf49xd6jj.cloudfront.net/29e95b2c-686d-4917-8fc4-a806f0d206f6/S1AB_20170728T051912_20170815T051837_VVP018_INT80_G_weF_55FB.zip
fd23b043-e0d7-40e7-92bd-48da88889ed1,https://d3gm2hf49xd6jj.cloudfront.net/fd23b043-e0d7-40e7-92bd-48da88889ed1/S1BA_20170405T051805_20170423T051856_VVP018_INT80_G_weF_5071.zip
c65a54de-94ca-4b78-a06e-c26b2a54a9a3,https://d3gm2hf49xd6jj.cloudfront.net/c65a54de-94ca-4b78-a06e-c26b2a54a9a3/S1BA_20170710T051835_20170716T051911_VVP006_INT80_G_weF_596D.zip
bc8c9f4d-d6b5-43c6-b8c2-f981677fc4e3,https://d3gm2hf49xd6jj.cloudfront.net/bc8c9f4d-d6b5-43c6-b8c2-f981677fc4e3/S1AB_20170716T051911_20170803T051836_VVP018_INT80_G_weF_2F21.zip
74539597-4fe6-4d28-8c62-2e63731485a9,https://d3gm2hf49xd6jj.cloudfront.net/74539597-4fe6-4d28-8c62-2e63731485a9/S1BA_20170815T051837_20170902T051914_VVP018_INT80_G_weF_8CC0.zip
238f9b5e-9df9-46e5-87a2-4b61df25866c,https://d3gm2hf49xd6jj.cloudfront.net/238f9b5e-9df9-46e5-87a2-4b61df25866c/S1AA_20191115T051928_20191127T051928_VVP012_INT80_G_weF_87A2.zip
74f748b4-20aa-4941-a524-13eee9f9a801,https://d3gm2hf49xd6jj.cloudfront.net/74f748b4-20aa-4941-a524-13eee9f9a801/S1BB_20170429T051806_20170511T051806_VVP012_INT80_G_weF_8AD8.zip
82323c65-a74f-42ad-8079-a968542c6d99,https://d3gm2hf49xd6jj.cloudfront.net/82323c65-a74f-42ad-8079-a968542c6d99/S1BB_20170722T051811_20170803T051811_VVP012_INT80_G_weF_3B5A.zip
ac2f26ff-8050-4fd9-840b-4ce171c94475,https://d3gm2hf49xd6jj.cloudfront.net/ac2f26ff-8050-4fd9-840b-4ce171c94475/S1BB_20191215T051837_20191227T051836_VVP012_INT80_G_weF_A621.zip
3be1cd4a-beab-4f80-9398-d7179a2d49cc,https://d3gm2hf49xd6jj.cloudfront.net/3be1cd4a-beab-4f80-9398-d7179a2d49cc/S1BA_20170908T051838_20170914T051914_VVP006_INT80_G_weF_FEDF.zip
d228ab05-a8d8-4460-ad3a-9fefc15eafbc,https://d3gm2hf49xd6jj.cloudfront.net/d228ab05-a8d8-4460-ad3a-9fefc15eafbc/S1AB_20170330T051855_20170405T051805_VVP006_INT80_G_weF_F23F.zip
b3fc88ff-58cc-4670-b54a-7088276be392,https://d3gm2hf49xd6jj.cloudfront.net/b3fc88ff-58cc-4670-b54a-7088276be392/S1BA_20191121T051838_20191209T051927_VVP018_INT80_G_weF_C7A0.zip
0919c9ea-e06c-4fa0-b9a8-503430c694ad,https://d3gm2hf49xd6jj.cloudfront.net/0919c9ea-e06c-4fa0-b9a8-503430c694ad/S1AB_20170330T051855_20170417T051805_VVP018_INT80_G_weF_5639.zip
fa7f0f23-4343-4e02-8f88-fb63ea0be3da,https://d3gm2hf49xd6jj.cloudfront.net/fa7f0f23-4343-4e02-8f88-fb63ea0be3da/S1BB_20170803T051811_20170815T051812_VVP012_INT80_G_weF_8B75.zip
611ddbed-7a13-40b8-b276-98cc287ae1e3,https://d3gm2hf49xd6jj.cloudfront.net/611ddbed-7a13-40b8-b276-98cc287ae1e3/S1AA_20170411T051855_20170423T051856_VVP012_INT80_G_weF_4EBF.zip
53d0bf60-30de-4a66-839f-d2bf2206e4f0,https://d3gm2hf49xd6jj.cloudfront.net/53d0bf60-30de-4a66-839f-d2bf2206e4f0/S1BA_20191215T051837_20200102T051926_VVP018_INT80_G_weF_9129.zip
7f5ea112-4b40-4848-a088-041ae67029aa,https://d3gm2hf49xd6jj.cloudfront.net/7f5ea112-4b40-4848-a088-041ae67029aa/S1BA_20170722T051835_20170728T051912_VVP006_INT80_G_weF_1982.zip
9b85dbdc-557d-4012-80d4-f9e96e04542d,https://d3gm2hf49xd6jj.cloudfront.net/9b85dbdc-557d-4012-80d4-f9e96e04542d/S1AB_20170821T051913_20170827T051837_VVP006_INT80_G_weF_A719.zip
51d02ebd-c8cf-426d-9f3d-2aca241f3849,https://d3gm2hf49xd6jj.cloudfront.net/51d02ebd-c8cf-426d-9f3d-2aca241f3849/S1AB_20191209T051927_20191227T051836_VVP018_INT80_G_weF_F8F7.zip
dcb20ba7-4c0a-4d77-919b-757575e6ca44,https://d3gm2hf49xd6jj.cloudfront.net/dcb20ba7-4c0a-4d77-919b-757575e6ca44/S1BB_20170815T051837_20170827T051837_VVP012_INT80_G_weF_6F8E.zip
9a5ecc02-0b0d-4e48-855f-014ccdcd1642,https://d3gm2hf49xd6jj.cloudfront.net/9a5ecc02-0b0d-4e48-855f-014ccdcd1642/S1AA_20170704T051911_20170716T051911_VVP012_INT80_G_weF_9A45.zip
3c4745c9-ec24-4491-9e4c-aa045e0d5ef1,https://d3gm2hf49xd6jj.cloudfront.net/3c4745c9-ec24-4491-9e4c-aa045e0d5ef1/S1AA_20191127T051928_20191209T051927_VVP012_INT80_G_weF_9FBA.zip
7d773614-2b0b-473e-b56e-7b7514c13323,https://d3gm2hf49xd6jj.cloudfront.net/7d773614-2b0b-473e-b56e-7b7514c13323/S1BA_20170429T051806_20170517T051857_VVP018_INT80_G_weF_7506.zip
ba56ac91-79ae-4624-b759-6c8edc4d78a8,https://d3gm2hf49xd6jj.cloudfront.net/ba56ac91-79ae-4624-b759-6c8edc4d78a8/S1AA_20170728T051912_20170809T051913_VVP012_INT80_G_weF_A0E8.zip
7a7d391f-9749-4f42-b7bf-7a11ac0397b0,https://d3gm2hf49xd6jj.cloudfront.net/7a7d391f-9749-4f42-b7bf-7a11ac0397b0/S1AA_20191221T051927_20200102T051926_VVP012_INT80_G_weF_BFC9.zip
31c0b013-c69f-4a1e-ac3a-e7f5125bb0c7,https://d3gm2hf49xd6jj.cloudfront.net/31c0b013-c69f-4a1e-ac3a-e7f5125bb0c7/S1AB_20170902T051914_20170920T051838_VVP018_INT80_G_weF_C267.zip
936c1281-2cbc-4e7f-b4b6-62e2b83e20bc,https://d3gm2hf49xd6jj.cloudfront.net/936c1281-2cbc-4e7f-b4b6-62e2b83e20bc/S1AB_20170423T051856_20170511T051806_VVP018_INT80_G_weF_F1CA.zip
63c3fda3-259a-4014-801c-92be91ca6e92,https://d3gm2hf49xd6jj.cloudfront.net/63c3fda3-259a-4014-801c-92be91ca6e92/S1BA_20170803T051836_20170821T051913_VVP018_INT80_G_weF_28C7.zip
030c4a67-a3a7-4fbf-840a-3ff52f94d07f,https://d3gm2hf49xd6jj.cloudfront.net/030c4a67-a3a7-4fbf-840a-3ff52f94d07f/S1AB_20170821T051913_20170908T051838_VVP018_INT80_G_weF_A468.zip
4c6fc1ca-0f6f-4834-9806-b3ee408c20fe,https://d3gm2hf49xd6jj.cloudfront.net/4c6fc1ca-0f6f-4834-9806-b3ee408c20fe/S1BA_20170710T051835_20170728T051912_VVP018_INT80_G_weF_679D.zip
2e48e929-6449-43b9-804b-78e517668521,https://d3gm2hf49xd6jj.cloudfront.net/2e48e929-6449-43b9-804b-78e517668521/S1BA_20170429T051806_20170505T051856_VVP006_INT80_G_weF_9985.zip
38ea8f6b-6f66-4710-834c-46ecedc15e5b,https://d3gm2hf49xd6jj.cloudfront.net/38ea8f6b-6f66-4710-834c-46ecedc15e5b/S1BB_20170710T051835_20170722T051835_VVP012_INT80_G_weF_634C.zip
75812d44-977a-4812-8669-fdbc44175461,https://d3gm2hf49xd6jj.cloudfront.net/75812d44-977a-4812-8669-fdbc44175461/S1BB_20191203T051837_20191215T051837_VVP012_INT80_G_weF_DA69.zip
d7a427c8-8bb8-4d7a-8604-d5ce84e61f01,https://d3gm2hf49xd6jj.cloudfront.net/d7a427c8-8bb8-4d7a-8604-d5ce84e61f01/S1BB_20170815T051812_20170827T051812_VVP012_INT80_G_weF_B471.zip
54b68915-63ee-4179-9201-11049cafa25f,https://d3gm2hf49xd6jj.cloudfront.net/54b68915-63ee-4179-9201-11049cafa25f/S1BB_20170405T051805_20170417T051805_VVP012_INT80_G_weF_F7C8.zip
66179a75-bb96-410d-b79b-9673d3ba1c88,https://d3gm2hf49xd6jj.cloudfront.net/66179a75-bb96-410d-b79b-9673d3ba1c88/S1AB_20170411T051855_20170429T051806_VVP018_INT80_G_weF_3515.zip
8482417a-5f88-439c-ac1d-e6bb78d0649c,https://d3gm2hf49xd6jj.cloudfront.net/8482417a-5f88-439c-ac1d-e6bb78d0649c/S1AA_20170306T051854_20170318T051854_VVP012_INT80_G_weF_495C.zip
a5768890-4912-42cd-98d0-e001aff5579d,https://d3gm2hf49xd6jj.cloudfront.net/a5768890-4912-42cd-98d0-e001aff5579d/S1BA_20191028T051846_20191115T051928_VVP018_INT80_G_weF_6238.zip
2e0fe8f4-af87-40ee-a854-3e3820b11ab9,https://d3gm2hf49xd6jj.cloudfront.net/2e0fe8f4-af87-40ee-a854-3e3820b11ab9/S1BA_20170604T051832_20170622T051910_VVP018_INT80_G_weF_4D7F.zip
00a69970-abb2-442d-9e27-4b64be4aabde,https://d3gm2hf49xd6jj.cloudfront.net/00a69970-abb2-442d-9e27-4b64be4aabde/S1BA_20170616T051833_20170704T051911_VVP018_INT80_G_weF_12E9.zip
153f1ec3-a4b9-42f7-a341-c51ea66c5e5f,https://d3gm2hf49xd6jj.cloudfront.net/153f1ec3-a4b9-42f7-a341-c51ea66c5e5f/S1BB_20170628T051809_20170710T051810_VVP012_INT80_G_weF_29BA.zip
3a89564e-0a7a-461f-9af4-d9af1cd9c34b,https://d3gm2hf49xd6jj.cloudfront.net/3a89564e-0a7a-461f-9af4-d9af1cd9c34b/S1AA_20170222T051854_20170306T051854_VVP012_INT80_G_weF_921E.zip
2fbc7bb4-e12b-486f-a3e4-1dbca85a312e,https://d3gm2hf49xd6jj.cloudfront.net/2fbc7bb4-e12b-486f-a3e4-1dbca85a312e/S1AA_20170610T051909_20170622T051910_VVP012_INT80_G_weF_BA09.zip
768c0b4b-f337-4f4f-b07f-d55193ae6fc7,https://d3gm2hf49xd6jj.cloudfront.net/768c0b4b-f337-4f4f-b07f-d55193ae6fc7/S1AB_20191010T051928_20191016T051846_VVP006_INT80_G_weF_0FB1.zip
18762678-c847-4d40-af00-7f4361b648bd,https://d3gm2hf49xd6jj.cloudfront.net/18762678-c847-4d40-af00-7f4361b648bd/S1BA_20191109T051838_20191127T051928_VVP018_INT80_G_weF_010A.zip
5c08f4a8-db0d-464f-b28c-94b4f4170b07,https://d3gm2hf49xd6jj.cloudfront.net/5c08f4a8-db0d-464f-b28c-94b4f4170b07/S1AB_20170318T051854_20170324T051804_VVP006_INT80_G_weF_13D1.zip
893c8df1-780f-4dfc-9466-d53ba622c6f2,https://d3gm2hf49xd6jj.cloudfront.net/893c8df1-780f-4dfc-9466-d53ba622c6f2/S1AA_20170210T051854_20170222T051854_VVP012_INT80_G_weF_234C.zip
5a29b7ba-70f4-4a1f-886f-8f8c60d2317c,https://d3gm2hf49xd6jj.cloudfront.net/5a29b7ba-70f4-4a1f-886f-8f8c60d2317c/S1AB_20191010T051928_20191028T051846_VVP018_INT80_G_weF_D28C.zip
c4dc80c1-b4d0-402f-8280-47511bf5555f,https://d3gm2hf49xd6jj.cloudfront.net/c4dc80c1-b4d0-402f-8280-47511bf5555f/S1BB_20170616T051833_20170628T051834_VVP012_INT80_G_weF_AFDD.zip
761aeede-e730-4144-8644-efdd8dbbaa50,https://d3gm2hf49xd6jj.cloudfront.net/761aeede-e730-4144-8644-efdd8dbbaa50/S1BA_20191016T051846_20191103T051928_VVP018_INT80_G_weF_D1AA.zip
b98ef373-ce89-4766-a050-93c6e769e590,https://d3gm2hf49xd6jj.cloudfront.net/b98ef373-ce89-4766-a050-93c6e769e590/S1AB_20170222T051854_20170312T051804_VVP018_INT80_G_weF_7501.zip
d96650ed-fd84-48e3-bc32-d6a362dfde14,https://d3gm2hf49xd6jj.cloudfront.net/d96650ed-fd84-48e3-bc32-d6a362dfde14/S1AB_20191115T051928_20191121T051838_VVP006_INT80_G_weF_94A6.zip
ae75fba4-a838-4d32-b7b1-3d4e5552f33a,https://d3gm2hf49xd6jj.cloudfront.net/ae75fba4-a838-4d32-b7b1-3d4e5552f33a/S1AB_20170306T051854_20170312T051804_VVP006_INT80_G_weF_A5AB.zip
87b2aa39-e70e-4f03-a806-e0e9cb6cbfdd,https://d3gm2hf49xd6jj.cloudfront.net/87b2aa39-e70e-4f03-a806-e0e9cb6cbfdd/S1BA_20170616T051833_20170622T051910_VVP006_INT80_G_weF_FD13.zip
4065addc-d0d2-4546-a631-0c9410c8ade4,https://d3gm2hf49xd6jj.cloudfront.net/4065addc-d0d2-4546-a631-0c9410c8ade4/S1BA_20191004T051846_20191022T051928_VVP018_INT80_G_weF_65C6.zip
61810539-d3c6-4f06-b009-7cbc8c9be002,https://d3gm2hf49xd6jj.cloudfront.net/61810539-d3c6-4f06-b009-7cbc8c9be002/S1BB_20191109T051838_20191121T051838_VVP012_INT80_G_weF_5D9C.zip
5e8814bb-0172-4b4d-b5fb-9e7e84dad94f,https://d3gm2hf49xd6jj.cloudfront.net/5e8814bb-0172-4b4d-b5fb-9e7e84dad94f/S1AB_20170622T051910_20170710T051835_VVP018_INT80_G_weF_0677.zip
c9968520-d261-4130-9f40-68487ebe322e,https://d3gm2hf49xd6jj.cloudfront.net/c9968520-d261-4130-9f40-68487ebe322e/S1BA_20170324T051804_20170330T051855_VVP006_INT80_G_weF_13AB.zip
6c72192d-1b53-4ce2-96a7-5842e27b881a,https://d3gm2hf49xd6jj.cloudfront.net/6c72192d-1b53-4ce2-96a7-5842e27b881a/S1BB_20170604T051832_20170616T051833_VVP012_INT80_G_weF_B3BB.zip
12c50924-be2d-4395-8fa1-196e22ce7403,https://d3gm2hf49xd6jj.cloudfront.net/12c50924-be2d-4395-8fa1-196e22ce7403/S1AB_20170105T051855_20170111T051805_VVP006_INT80_G_weF_A1ED.zip
141ed63b-8bf0-4d3f-8a4b-c2b368eb93a6,https://d3gm2hf49xd6jj.cloudfront.net/141ed63b-8bf0-4d3f-8a4b-c2b368eb93a6/S1AB_20170129T051855_20170204T051804_VVP006_INT80_G_weF_A6FF.zip
42f1c530-7e29-4ee4-bbb6-2ab4fc7166f6,https://d3gm2hf49xd6jj.cloudfront.net/42f1c530-7e29-4ee4-bbb6-2ab4fc7166f6/S1AA_20191010T051928_20191022T051928_VVP012_INT80_G_weF_6637.zip
643da2d8-a6dd-49e9-82da-7e3c355f0da0,https://d3gm2hf49xd6jj.cloudfront.net/643da2d8-a6dd-49e9-82da-7e3c355f0da0/S1BB_20191016T051846_20191028T051846_VVP012_INT80_G_weF_6EA4.zip
bae8ac6b-f811-48cc-a75a-13b9392ae401,https://d3gm2hf49xd6jj.cloudfront.net/bae8ac6b-f811-48cc-a75a-13b9392ae401/S1BB_20170616T051808_20170628T051809_VVP012_INT80_G_weF_5277.zip
af1a1ae3-20ce-4a4d-8b72-102d9b0a1f72,https://d3gm2hf49xd6jj.cloudfront.net/af1a1ae3-20ce-4a4d-8b72-102d9b0a1f72/S1BB_20170228T051804_20170312T051804_VVP012_INT80_G_weF_645E.zip
750c2557-ab47-4882-95ac-544a8fb5b297,https://d3gm2hf49xd6jj.cloudfront.net/750c2557-ab47-4882-95ac-544a8fb5b297/S1AB_20191022T051928_20191028T051846_VVP006_INT80_G_weF_283C.zip
79923ab0-4c36-472b-8af4-5ca2f0644197,https://d3gm2hf49xd6jj.cloudfront.net/79923ab0-4c36-472b-8af4-5ca2f0644197/S1AB_20170105T051855_20170123T051804_VVP018_INT80_G_weF_A9DF.zip
16ee7010-74ea-4eeb-98c3-333aab8c0de8,https://d3gm2hf49xd6jj.cloudfront.net/16ee7010-74ea-4eeb-98c3-333aab8c0de8/S1AA_20191103T051928_20191115T051928_VVP012_INT80_G_weF_5508.zip
99a8b44e-7104-4b83-a7cb-a4fedee91d5b,https://d3gm2hf49xd6jj.cloudfront.net/99a8b44e-7104-4b83-a7cb-a4fedee91d5b/S1BB_20170312T051804_20170324T051804_VVP012_INT80_G_weF_8A92.zip
a1c60703-e729-4a75-bc75-cb0b48c37faa,https://d3gm2hf49xd6jj.cloudfront.net/a1c60703-e729-4a75-bc75-cb0b48c37faa/S1BA_20170204T051804_20170222T051854_VVP018_INT80_G_weF_B732.zip
d354566f-91aa-4647-81a9-54c42d0b7a68,https://d3gm2hf49xd6jj.cloudfront.net/d354566f-91aa-4647-81a9-54c42d0b7a68/S1BA_20191016T051846_20191022T051928_VVP006_INT80_G_weF_7019.zip
77072bc6-9388-4a38-b732-226474f03848,https://d3gm2hf49xd6jj.cloudfront.net/77072bc6-9388-4a38-b732-226474f03848/S1AB_20170622T051910_20170628T051834_VVP006_INT80_G_weF_E149.zip
3bf3bbfa-e051-4b7a-9856-836d6dd0bf55,https://d3gm2hf49xd6jj.cloudfront.net/3bf3bbfa-e051-4b7a-9856-836d6dd0bf55/S1AA_20170129T051855_20170210T051854_VVP012_INT80_G_weF_2D70.zip
16b4a5de-9a1a-4df0-90c8-f9a38c3a7234,https://d3gm2hf49xd6jj.cloudfront.net/16b4a5de-9a1a-4df0-90c8-f9a38c3a7234/S1BB_20191028T051846_20191109T051838_VVP012_INT80_G_weF_730E.zip
5f5f14e1-9f91-42f5-92bc-07331072a4d2,https://d3gm2hf49xd6jj.cloudfront.net/5f5f14e1-9f91-42f5-92bc-07331072a4d2/S1BA_20170312T051804_20170318T051854_VVP006_INT80_G_weF_E30E.zip
13bead69-bc0b-4415-bbc3-692db202c32e,https://d3gm2hf49xd6jj.cloudfront.net/13bead69-bc0b-4415-bbc3-692db202c32e/S1AB_20170222T051854_20170312T051829_VVP018_INT80_G_weF_290F.zip
5b386334-4c15-4edc-8adf-17eef5436b27,https://d3gm2hf49xd6jj.cloudfront.net/5b386334-4c15-4edc-8adf-17eef5436b27/S1AB_20170222T051854_20170228T051804_VVP006_INT80_G_weF_08A3.zip
99dff268-8c96-494c-81aa-8735d7dba863,https://d3gm2hf49xd6jj.cloudfront.net/99dff268-8c96-494c-81aa-8735d7dba863/S1BB_20170216T051804_20170228T051804_VVP012_INT80_G_weF_5D6B.zip
aa991301-9d16-40b7-937d-7d16ee00bd84,https://d3gm2hf49xd6jj.cloudfront.net/aa991301-9d16-40b7-937d-7d16ee00bd84/S1AB_20170210T051854_20170216T051829_VVP006_INT80_G_weF_4070.zip
9b97a98c-fefd-41f2-b8b3-dc898296bd22,https://d3gm2hf49xd6jj.cloudfront.net/9b97a98c-fefd-41f2-b8b3-dc898296bd22/S1BB_20170123T051804_20170204T051804_VVP012_INT80_G_weF_2505.zip
cdd92766-f687-4cd8-97c5-478fd92ab0de,https://d3gm2hf49xd6jj.cloudfront.net/cdd92766-f687-4cd8-97c5-478fd92ab0de/S1BA_20170628T051834_20170716T051911_VVP018_INT80_G_weF_F421.zip
18bad825-bbc7-42c5-9deb-c41a33c18876,https://d3gm2hf49xd6jj.cloudfront.net/18bad825-bbc7-42c5-9deb-c41a33c18876/S1BB_20170324T051804_20170405T051805_VVP012_INT80_G_weF_EDBB.zip
141cab1c-7556-4f93-b4a9-00893af1d4ec,https://d3gm2hf49xd6jj.cloudfront.net/141cab1c-7556-4f93-b4a9-00893af1d4ec/S1AB_20191022T051928_20191109T051838_VVP018_INT80_G_weF_53DF.zip
4ff38a09-b712-4914-b60b-4b4b0de9f935,https://d3gm2hf49xd6jj.cloudfront.net/4ff38a09-b712-4914-b60b-4b4b0de9f935/S1AB_20170129T051855_20170216T051829_VVP018_INT80_G_weF_B713.zip
94b5f064-86d0-43c0-863b-b3a920b587a4,https://d3gm2hf49xd6jj.cloudfront.net/94b5f064-86d0-43c0-863b-b3a920b587a4/S1BA_20170604T051832_20170610T051909_VVP006_INT80_G_weF_CB8A.zip
a65eed6d-7082-436f-b92f-c4e1930be09b,https://d3gm2hf49xd6jj.cloudfront.net/a65eed6d-7082-436f-b92f-c4e1930be09b/S1BB_20170604T051808_20170616T051808_VVP012_INT80_G_weF_9BF4.zip
70bf18ba-9edd-43ce-b0b2-f34271867974,https://d3gm2hf49xd6jj.cloudfront.net/70bf18ba-9edd-43ce-b0b2-f34271867974/S1BA_20170123T051804_20170210T051854_VVP018_INT80_G_weF_C976.zip
8b3ec83b-5115-4a20-ac5c-18ef62c06174,https://d3gm2hf49xd6jj.cloudfront.net/8b3ec83b-5115-4a20-ac5c-18ef62c06174/S1BB_20170111T051805_20170123T051804_VVP012_INT80_G_weF_8E6F.zip
e9f48833-858f-47f7-ba18-d26dd74f97c6,https://d3gm2hf49xd6jj.cloudfront.net/e9f48833-858f-47f7-ba18-d26dd74f97c6/S1BB_20170204T051804_20170216T051804_VVP012_INT80_G_weF_AF91.zip
b26a83cd-c26d-40f6-a3c1-7c48764a54b5,https://d3gm2hf49xd6jj.cloudfront.net/b26a83cd-c26d-40f6-a3c1-7c48764a54b5/S1BA_20170216T051804_20170306T051854_VVP018_INT80_G_weF_5896.zip
922b50c6-5ba9-4fa3-987c-9cb8f5bd845f,https://d3gm2hf49xd6jj.cloudfront.net/922b50c6-5ba9-4fa3-987c-9cb8f5bd845f/S1BA_20170228T051804_20170306T051854_VVP006_INT80_G_weF_5F6C.zip
310528d9-5236-4f63-8f40-813461fdc832,https://d3gm2hf49xd6jj.cloudfront.net/310528d9-5236-4f63-8f40-813461fdc832/S1AB_20170210T051854_20170228T051804_VVP018_INT80_G_weF_7A72.zip
51c39c1d-1944-44ba-8f9a-2b55724c2666,https://d3gm2hf49xd6jj.cloudfront.net/51c39c1d-1944-44ba-8f9a-2b55724c2666/S1AB_20170306T051854_20170312T051829_VVP006_INT80_G_weF_5CE4.zip
9530f89c-d17a-4012-8e2b-fd45d3337b03,https://d3gm2hf49xd6jj.cloudfront.net/9530f89c-d17a-4012-8e2b-fd45d3337b03/S1BB_20170628T051834_20170710T051835_VVP012_INT80_G_weF_B1AA.zip
8c6dacc3-9e04-4b37-9b5d-a9e76643b260,https://d3gm2hf49xd6jj.cloudfront.net/8c6dacc3-9e04-4b37-9b5d-a9e76643b260/S1AB_20191103T051928_20191109T051838_VVP006_INT80_G_weF_D3B7.zip
4e028305-7f7f-4075-bcd4-8bc9a2b7c9cc,https://d3gm2hf49xd6jj.cloudfront.net/4e028305-7f7f-4075-bcd4-8bc9a2b7c9cc/S1AB_20170129T051855_20170216T051804_VVP018_INT80_G_weF_1F2F.zip
de70326b-0ff7-4a25-82e4-3be0b805cfaf,https://d3gm2hf49xd6jj.cloudfront.net/de70326b-0ff7-4a25-82e4-3be0b805cfaf/S1AB_20170610T051909_20170616T051833_VVP006_INT80_G_weF_FB36.zip
e87e4ee9-1013-4b9a-b85b-1d9228c27905,https://d3gm2hf49xd6jj.cloudfront.net/e87e4ee9-1013-4b9a-b85b-1d9228c27905/S1AA_20170529T051909_20170610T051909_VVP012_INT80_G_weF_D8C5.zip
665c37b7-7388-4c96-8f46-91f5991faeea,https://d3gm2hf49xd6jj.cloudfront.net/665c37b7-7388-4c96-8f46-91f5991faeea/S1AB_20170210T051854_20170216T051804_VVP006_INT80_G_weF_2694.zip
14be59a3-9e6d-4758-a548-b4e2a7982cb8,https://d3gm2hf49xd6jj.cloudfront.net/14be59a3-9e6d-4758-a548-b4e2a7982cb8/S1AB_20170318T051854_20170405T051805_VVP018_INT80_G_weF_549D.zip
3114abcc-0ca7-4fcb-8fad-256485b951b4,https://d3gm2hf49xd6jj.cloudfront.net/3114abcc-0ca7-4fcb-8fad-256485b951b4/S1AA_20191022T051928_20191103T051928_VVP012_INT80_G_weF_37DD.zip
9d15ddcf-4901-43f9-9d93-352a3ac2d43d,https://d3gm2hf49xd6jj.cloudfront.net/9d15ddcf-4901-43f9-9d93-352a3ac2d43d/S1BA_20170628T051834_20170704T051911_VVP006_INT80_G_weF_B75A.zip
2cca7c15-cf4d-4792-b5bc-53c686ecab55,https://d3gm2hf49xd6jj.cloudfront.net/2cca7c15-cf4d-4792-b5bc-53c686ecab55/S1BA_20191109T051838_20191115T051928_VVP006_INT80_G_weF_818A.zip
8c1b5379-2b58-479a-be40-d53fd3936b61,https://d3gm2hf49xd6jj.cloudfront.net/8c1b5379-2b58-479a-be40-d53fd3936b61/S1AB_20170529T051909_20170616T051833_VVP018_INT80_G_weF_EEF8.zip
64155443-0819-43df-bb14-b8321781e7a5,https://d3gm2hf49xd6jj.cloudfront.net/64155443-0819-43df-bb14-b8321781e7a5/S1AA_20170318T051854_20170330T051855_VVP012_INT80_G_weF_0995.zip
c83a7030-c521-41a5-b795-21003fec7939,https://d3gm2hf49xd6jj.cloudfront.net/c83a7030-c521-41a5-b795-21003fec7939/S1AB_20170610T051909_20170628T051834_VVP018_INT80_G_weF_953C.zip
961fca9e-f79e-4dd2-82ad-3715f612a3ae,https://d3gm2hf49xd6jj.cloudfront.net/961fca9e-f79e-4dd2-82ad-3715f612a3ae/S1BA_20170228T051804_20170318T051854_VVP018_INT80_G_weF_535B.zip
a98c01f5-9b87-4f3b-b736-941aa113326a,https://d3gm2hf49xd6jj.cloudfront.net/a98c01f5-9b87-4f3b-b736-941aa113326a/S1AB_20170306T051854_20170324T051804_VVP018_INT80_G_weF_A983.zip
e2d358b9-4609-4a83-96ba-f4b2e2155109,https://d3gm2hf49xd6jj.cloudfront.net/e2d358b9-4609-4a83-96ba-f4b2e2155109/S1AA_20170622T051910_20170704T051911_VVP012_INT80_G_weF_D760.zip
fde6fd18-cadd-41e7-b9d9-58786ded8aa9,https://d3gm2hf49xd6jj.cloudfront.net/fde6fd18-cadd-41e7-b9d9-58786ded8aa9/S1BA_20170312T051804_20170330T051855_VVP018_INT80_G_weF_5EE8.zip
59781442-2568-4204-9a58-83d9ba6d788a,https://d3gm2hf49xd6jj.cloudfront.net/59781442-2568-4204-9a58-83d9ba6d788a/S1BA_20170204T051804_20170210T051854_VVP006_INT80_G_weF_22E8.zip
e833d254-6f2f-4f2c-866d-809f39580a63,https://d3gm2hf49xd6jj.cloudfront.net/e833d254-6f2f-4f2c-866d-809f39580a63/S1BA_20191028T051846_20191103T051928_VVP006_INT80_G_weF_46A1.zip
2d12c04b-9679-4d45-aebe-b045051d7ce5,https://d3gm2hf49xd6jj.cloudfront.net/2d12c04b-9679-4d45-aebe-b045051d7ce5/S1BA_20170111T051805_20170129T051855_VVP018_INT80_G_weF_25E8.zip
85ca8563-0426-4e3a-b871-eadf1b39703b,https://d3gm2hf49xd6jj.cloudfront.net/85ca8563-0426-4e3a-b871-eadf1b39703b/S1BA_20170216T051804_20170222T051854_VVP006_INT80_G_weF_3CC6.zip
d446dcaa-e8c5-482a-a6e7-0d74524c944f,https://d3gm2hf49xd6jj.cloudfront.net/d446dcaa-e8c5-482a-a6e7-0d74524c944f/S1AB_20191103T051928_20191121T051838_VVP018_INT80_G_weF_18CC.zip
60392953-daef-405c-8296-5b864c64e15b,https://d3gm2hf49xd6jj.cloudfront.net/60392953-daef-405c-8296-5b864c64e15b/S1BA_20170123T051804_20170129T051855_VVP006_INT80_G_weF_7B20.zip
09c493fb-170b-4081-8920-75ff3a05554a,https://d3gm2hf49xd6jj.cloudfront.net/09c493fb-170b-4081-8920-75ff3a05554a/S1BA_20170511T051806_20170517T051857_VVP006_INT80_G_weF_CC04.zip
077964ab-2a77-4750-aa5a-c697ecc24f14,https://d3gm2hf49xd6jj.cloudfront.net/077964ab-2a77-4750-aa5a-c697ecc24f14/S1BA_20170523T051832_20170529T051909_VVP006_INT80_G_weF_37DE.zip
ac6e4b2e-6284-461f-8064-fc94449e2556,https://d3gm2hf49xd6jj.cloudfront.net/ac6e4b2e-6284-461f-8064-fc94449e2556/S1BB_20170511T051806_20170523T051807_VVP012_INT80_G_weF_0900.zip
e06e834e-d023-4a1e-90d4-b8482374e62a,https://d3gm2hf49xd6jj.cloudfront.net/e06e834e-d023-4a1e-90d4-b8482374e62a/S1BA_20170511T051831_20170529T051909_VVP018_INT80_G_weF_9609.zip
69295364-b9c7-4e1c-9f7f-7b3035d4f1ab,https://d3gm2hf49xd6jj.cloudfront.net/69295364-b9c7-4e1c-9f7f-7b3035d4f1ab/S1BB_20170523T051807_20170604T051808_VVP012_INT80_G_weF_79CC.zip
cf6f327d-9193-4477-a5ab-80805468b3d8,https://d3gm2hf49xd6jj.cloudfront.net/cf6f327d-9193-4477-a5ab-80805468b3d8/S1AB_20170529T051909_20170604T051832_VVP006_INT80_G_weF_D289.zip
4cd31a1a-9dc3-44fe-a1b6-4c43d2501fb4,https://d3gm2hf49xd6jj.cloudfront.net/4cd31a1a-9dc3-44fe-a1b6-4c43d2501fb4/S1AB_20170505T051856_20170511T051831_VVP006_INT80_G_weF_1C20.zip
23c6cc02-8405-40eb-8036-4282c8566f04,https://d3gm2hf49xd6jj.cloudfront.net/23c6cc02-8405-40eb-8036-4282c8566f04/S1AB_20170517T051857_20170604T051808_VVP018_INT80_G_weF_695F.zip
89e41212-a332-42e7-96a9-1e5726411c82,https://d3gm2hf49xd6jj.cloudfront.net/89e41212-a332-42e7-96a9-1e5726411c82/S1AB_20170505T051856_20170523T051832_VVP018_INT80_G_weF_396B.zip
dee97d13-c5d1-4d6a-8337-7770acc5177d,https://d3gm2hf49xd6jj.cloudfront.net/dee97d13-c5d1-4d6a-8337-7770acc5177d/S1AB_20170505T051856_20170523T051807_VVP018_INT80_G_weF_C5B4.zip
4fa4ff63-2bbe-4ac9-9d42-1176874cf1bd,https://d3gm2hf49xd6jj.cloudfront.net/4fa4ff63-2bbe-4ac9-9d42-1176874cf1bd/S1BA_20170523T051832_20170610T051909_VVP018_INT80_G_weF_698B.zip
f01865d5-72f2-4b8f-b44d-95c92d44b358,https://d3gm2hf49xd6jj.cloudfront.net/f01865d5-72f2-4b8f-b44d-95c92d44b358/S1AB_20170505T051856_20170511T051806_VVP006_INT80_G_weF_D19B.zip
0c39cb11-69f1-4ab1-8fb9-fa36b52a3ee0,https://d3gm2hf49xd6jj.cloudfront.net/0c39cb11-69f1-4ab1-8fb9-fa36b52a3ee0/S1AB_20170517T051857_20170604T051832_VVP018_INT80_G_weF_5F1E.zip
f9fd687b-8525-49d7-acc6-624ed97e4e36,https://d3gm2hf49xd6jj.cloudfront.net/f9fd687b-8525-49d7-acc6-624ed97e4e36/S1AB_20170517T051857_20170523T051832_VVP006_INT80_G_weF_8912.zip
bd62766f-3c06-438a-8cc1-2679fbdf17d7,https://d3gm2hf49xd6jj.cloudfront.net/bd62766f-3c06-438a-8cc1-2679fbdf17d7/S1AA_20170517T051857_20170529T051909_VVP012_INT80_G_weF_68A1.zip
6eaf8ee7-8061-4abe-8b82-9376d36bb73a,https://d3gm2hf49xd6jj.cloudfront.net/6eaf8ee7-8061-4abe-8b82-9376d36bb73a/S1BB_20170523T051832_20170604T051832_VVP012_INT80_G_weF_C6F9.zip
c3d2e466-2987-42eb-9ae8-e10009d2762b,https://d3gm2hf49xd6jj.cloudfront.net/c3d2e466-2987-42eb-9ae8-e10009d2762b/S1BB_20170511T051831_20170523T051832_VVP012_INT80_G_weF_13BA.zip
d480d0c4-c0c0-4aa7-bb11-0b151cf437a7,https://d3gm2hf49xd6jj.cloudfront.net/d480d0c4-c0c0-4aa7-bb11-0b151cf437a7/S1AB_20170517T051857_20170523T051807_VVP006_INT80_G_weF_D21A.zip
08415182-66b0-4f57-a576-f623e84593b4,https://d3gm2hf49xd6jj.cloudfront.net/08415182-66b0-4f57-a576-f623e84593b4/S1AA_20170505T051856_20170517T051857_VVP012_INT80_G_weF_E5CB.zip
d7c3b740-5b34-4805-b830-9c321d3a270f,https://d3gm2hf49xd6jj.cloudfront.net/d7c3b740-5b34-4805-b830-9c321d3a270f/S1BA_20170511T051831_20170517T051857_VVP006_INT80_G_weF_C400.zip
263aed2a-b401-4890-ae7a-0ec713b379a6,https://d3gm2hf49xd6jj.cloudfront.net/263aed2a-b401-4890-ae7a-0ec713b379a6/S1AA_20190718T051924_20190730T051925_VVP012_INT80_G_weF_DC59.zip
11dc2ffa-5967-42b3-b9d5-3ada6f05e568,https://d3gm2hf49xd6jj.cloudfront.net/11dc2ffa-5967-42b3-b9d5-3ada6f05e568/S1AB_20190928T051928_20191004T051846_VVP006_INT80_G_weF_4042.zip
1a833af4-1c41-4fb6-9cb0-2830e6843690,https://d3gm2hf49xd6jj.cloudfront.net/1a833af4-1c41-4fb6-9cb0-2830e6843690/S1BA_20190805T051843_20190811T051926_VVP006_INT80_G_weF_B8D3.zip
0b92dddb-3412-4c5e-9193-408dfdb66199,https://d3gm2hf49xd6jj.cloudfront.net/0b92dddb-3412-4c5e-9193-408dfdb66199/S1BA_20191004T051846_20191010T051928_VVP006_INT80_G_weF_4B4F.zip
5ce9d120-cb76-4c66-8338-f16b1ab92ceb,https://d3gm2hf49xd6jj.cloudfront.net/5ce9d120-cb76-4c66-8338-f16b1ab92ceb/S1AB_20190904T051927_20190910T051845_VVP006_INT80_G_weF_C478.zip
56dec8b2-747c-4122-b998-c5dc14c51e55,https://d3gm2hf49xd6jj.cloudfront.net/56dec8b2-747c-4122-b998-c5dc14c51e55/S1BA_20190910T051845_20190916T051927_VVP006_INT80_G_weF_4F43.zip
f2d472f2-3840-4674-a127-9db5692db6e9,https://d3gm2hf49xd6jj.cloudfront.net/f2d472f2-3840-4674-a127-9db5692db6e9/S1BA_20190922T051846_20190928T051928_VVP006_INT80_G_weF_5D00.zip
4d712373-38ad-487f-a70f-f75dd0b82b96,https://d3gm2hf49xd6jj.cloudfront.net/4d712373-38ad-487f-a70f-f75dd0b82b96/S1AB_20190916T051927_20190922T051846_VVP006_INT80_G_weF_760B.zip
102cf0c8-be77-479c-a77d-4fb42e6f09df,https://d3gm2hf49xd6jj.cloudfront.net/102cf0c8-be77-479c-a77d-4fb42e6f09df/S1BB_20190922T051846_20191004T051846_VVP012_INT80_G_weF_5EFB.zip
ff9cdce2-6116-40ea-aba0-7080b47c4966,https://d3gm2hf49xd6jj.cloudfront.net/ff9cdce2-6116-40ea-aba0-7080b47c4966/S1BA_20190829T051845_20190904T051927_VVP006_INT80_G_weF_F092.zip
9b37c4b1-86ca-4a28-8a92-f70e663037b4,https://d3gm2hf49xd6jj.cloudfront.net/9b37c4b1-86ca-4a28-8a92-f70e663037b4/S1AB_20190730T051925_20190805T051843_VVP006_INT80_G_weF_65F6.zip
6ab345a0-eb53-4a11-b732-6e1fff38d9c5,https://d3gm2hf49xd6jj.cloudfront.net/6ab345a0-eb53-4a11-b732-6e1fff38d9c5/S1BB_20190805T051843_20190817T051844_VVP012_INT80_G_weF_A6EE.zip
0fda0add-f9b8-43de-9f35-82ba845c37f0,https://d3gm2hf49xd6jj.cloudfront.net/0fda0add-f9b8-43de-9f35-82ba845c37f0/S1BA_20190910T051845_20190928T051928_VVP018_INT80_G_weF_0A2A.zip
00421265-c3e6-4dfa-9bf6-ed151cb7fae6,https://d3gm2hf49xd6jj.cloudfront.net/00421265-c3e6-4dfa-9bf6-ed151cb7fae6/S1BB_20190910T051845_20190922T051846_VVP012_INT80_G_weF_697C.zip
b28147ee-31e9-4337-be69-8abf6d165a53,https://d3gm2hf49xd6jj.cloudfront.net/b28147ee-31e9-4337-be69-8abf6d165a53/S1AB_20190904T051927_20190922T051846_VVP018_INT80_G_weF_ABBE.zip
e813902d-dafc-4796-84d5-79ee0d251e1d,https://d3gm2hf49xd6jj.cloudfront.net/e813902d-dafc-4796-84d5-79ee0d251e1d/S1BA_20190922T051846_20191010T051928_VVP018_INT80_G_weF_569A.zip
0a2d8fe5-2c5c-4f3d-81cf-81f95182edfb,https://d3gm2hf49xd6jj.cloudfront.net/0a2d8fe5-2c5c-4f3d-81cf-81f95182edfb/S1AB_20190811T051926_20190829T051845_VVP018_INT80_G_weF_17E7.zip
6b131594-e915-439f-8066-51bbbd9b401a,https://d3gm2hf49xd6jj.cloudfront.net/6b131594-e915-439f-8066-51bbbd9b401a/S1BA_20190817T051844_20190904T051927_VVP018_INT80_G_weF_140B.zip
5f8f2954-6b5e-4623-baa5-e0bb6c7842fe,https://d3gm2hf49xd6jj.cloudfront.net/5f8f2954-6b5e-4623-baa5-e0bb6c7842fe/S1AA_20190811T051926_20190823T051926_VVP012_INT80_G_weF_E56E.zip
f7c61b40-e810-42be-971f-8fab43a4186d,https://d3gm2hf49xd6jj.cloudfront.net/f7c61b40-e810-42be-971f-8fab43a4186d/S1AB_20190718T051924_20190805T051843_VVP018_INT80_G_weF_EC14.zip
abfc0329-5075-4573-9f16-c88637bfc401,https://d3gm2hf49xd6jj.cloudfront.net/abfc0329-5075-4573-9f16-c88637bfc401/S1AA_20190916T051927_20190928T051928_VVP012_INT80_G_weF_5514.zip
6e9c4875-0fc9-49b8-8d0c-85364bd8887d,https://d3gm2hf49xd6jj.cloudfront.net/6e9c4875-0fc9-49b8-8d0c-85364bd8887d/S1AA_20190928T051928_20191010T051928_VVP012_INT80_G_weF_3343.zip
cb34772d-5781-41bd-addd-77a9200b2514,https://d3gm2hf49xd6jj.cloudfront.net/cb34772d-5781-41bd-addd-77a9200b2514/S1AA_20190904T051927_20190916T051927_VVP012_INT80_G_weF_0F38.zip
995c29d1-c02f-40c6-8087-54c5852bbd43,https://d3gm2hf49xd6jj.cloudfront.net/995c29d1-c02f-40c6-8087-54c5852bbd43/S1AB_20190823T051926_20190910T051845_VVP018_INT80_G_weF_781C.zip
27797a8b-b7b4-45f7-864e-241518be6c39,https://d3gm2hf49xd6jj.cloudfront.net/27797a8b-b7b4-45f7-864e-241518be6c39/S1AB_20190928T051928_20191016T051846_VVP018_INT80_G_weF_91C7.zip
140bf2c8-a93a-4bcf-a9e5-271f5f9ff86b,https://d3gm2hf49xd6jj.cloudfront.net/140bf2c8-a93a-4bcf-a9e5-271f5f9ff86b/S1BB_20190829T051845_20190910T051845_VVP012_INT80_G_weF_F890.zip
2a32ff93-e678-41cd-978b-252562b06f99,https://d3gm2hf49xd6jj.cloudfront.net/2a32ff93-e678-41cd-978b-252562b06f99/S1BA_20190829T051845_20190916T051927_VVP018_INT80_G_weF_9972.zip
dd8a969a-ec12-492b-8ae1-d41dd048a095,https://d3gm2hf49xd6jj.cloudfront.net/dd8a969a-ec12-492b-8ae1-d41dd048a095/S1AA_20190730T051925_20190811T051926_VVP012_INT80_G_weF_4E9C.zip
205a7b0f-db96-4d0e-8cee-ae2d2302ea6b,https://d3gm2hf49xd6jj.cloudfront.net/205a7b0f-db96-4d0e-8cee-ae2d2302ea6b/S1AB_20190730T051925_20190817T051844_VVP018_INT80_G_weF_BCA6.zip
d55a02fa-1401-4550-b97c-929cb8c0f150,https://d3gm2hf49xd6jj.cloudfront.net/d55a02fa-1401-4550-b97c-929cb8c0f150/S1BB_20191004T051846_20191016T051846_VVP012_INT80_G_weF_92FA.zip
43ea0bf8-4060-4b6b-a447-a4976177ea33,https://d3gm2hf49xd6jj.cloudfront.net/43ea0bf8-4060-4b6b-a447-a4976177ea33/S1BB_20190817T051844_20190829T051845_VVP012_INT80_G_weF_33CB.zip
9f9614e6-7f66-47ef-bb85-35ca97d2c731,https://d3gm2hf49xd6jj.cloudfront.net/9f9614e6-7f66-47ef-bb85-35ca97d2c731/S1AB_20190823T051926_20190829T051845_VVP006_INT80_G_weF_4A92.zip
f78cc932-7aad-4721-91ed-396999d067bb,https://d3gm2hf49xd6jj.cloudfront.net/f78cc932-7aad-4721-91ed-396999d067bb/S1BB_20190724T051843_20190805T051843_VVP012_INT80_G_weF_771F.zip
cf1e6aa4-7fe2-473d-964a-8d8db3b1fe19,https://d3gm2hf49xd6jj.cloudfront.net/cf1e6aa4-7fe2-473d-964a-8d8db3b1fe19/S1BA_20190817T051844_20190823T051926_VVP006_INT80_G_weF_D819.zip
cfd7c851-c708-4e7d-9289-37d36b86d3ab,https://d3gm2hf49xd6jj.cloudfront.net/cfd7c851-c708-4e7d-9289-37d36b86d3ab/S1BA_20190724T051843_20190730T051925_VVP006_INT80_G_weF_95C8.zip
49561b4f-2f1a-498c-897d-654537f060f1,https://d3gm2hf49xd6jj.cloudfront.net/49561b4f-2f1a-498c-897d-654537f060f1/S1BA_20190805T051843_20190823T051926_VVP018_INT80_G_weF_5937.zip
cdbb6b8d-d730-4dc4-8fe5-e6eb20fabcbe,https://d3gm2hf49xd6jj.cloudfront.net/cdbb6b8d-d730-4dc4-8fe5-e6eb20fabcbe/S1AB_20190811T051926_20190817T051844_VVP006_INT80_G_weF_FEC1.zip
365480c5-bca4-4509-956c-6a2605ac727c,https://d3gm2hf49xd6jj.cloudfront.net/365480c5-bca4-4509-956c-6a2605ac727c/S1AB_20190916T051927_20191004T051846_VVP018_INT80_G_weF_D5AA.zip
679b9493-fd8b-48b3-87fd-f84d1d2b9202,https://d3gm2hf49xd6jj.cloudfront.net/679b9493-fd8b-48b3-87fd-f84d1d2b9202/S1AA_20190823T051926_20190904T051927_VVP012_INT80_G_weF_4973.zip
57d72746-92a1-496f-8c24-6dc8f503c0d4,https://d3gm2hf49xd6jj.cloudfront.net/57d72746-92a1-496f-8c24-6dc8f503c0d4/S1BA_20190724T051843_20190811T051926_VVP018_INT80_G_weF_B363.zip
1232d28c-df37-4768-9574-a9ac8411cdb3,https://d3gm2hf49xd6jj.cloudfront.net/1232d28c-df37-4768-9574-a9ac8411cdb3/S1BB_20170429T051806_20170511T051806_VVP012_INT80_G_weF_8F9C.zip
99bb8eb6-203d-47a2-874f-1fc4273e1b96,https://d3gm2hf49xd6jj.cloudfront.net/99bb8eb6-203d-47a2-874f-1fc4273e1b96/S1BA_20190618T051841_20190706T051923_VVP018_INT80_G_weF_93AA.zip
2bff88e0-7d0d-4b49-a333-e48ccee48777,https://d3gm2hf49xd6jj.cloudfront.net/2bff88e0-7d0d-4b49-a333-e48ccee48777/S1BA_20170324T051804_20170411T051855_VVP018_INT80_G_weF_0967.zip
aefce330-2432-4679-8af3-5902097d9f22,https://d3gm2hf49xd6jj.cloudfront.net/aefce330-2432-4679-8af3-5902097d9f22/S1AB_20190718T051924_20190724T051843_VVP006_INT80_G_weF_3983.zip
cdb40cd6-7649-49a3-89b4-2ec40f633e34,https://d3gm2hf49xd6jj.cloudfront.net/cdb40cd6-7649-49a3-89b4-2ec40f633e34/S1AA_20170423T051856_20170505T051856_VVP012_INT80_G_weF_F5B6.zip
c25e991d-457a-447b-8702-f55730f006a4,https://d3gm2hf49xd6jj.cloudfront.net/c25e991d-457a-447b-8702-f55730f006a4/S1BB_20170405T051805_20170417T051805_VVP012_INT80_G_weF_B5FC.zip
f187fa35-81d1-416b-9dc1-a48b5ee8af2c,https://d3gm2hf49xd6jj.cloudfront.net/f187fa35-81d1-416b-9dc1-a48b5ee8af2c/S1BA_20170417T051805_20170505T051856_VVP018_INT80_G_weF_F557.zip
13f2846e-981a-4990-80dd-584bbb918a57,https://d3gm2hf49xd6jj.cloudfront.net/13f2846e-981a-4990-80dd-584bbb918a57/S1AB_20170411T051855_20170429T051806_VVP018_INT80_G_weF_D9C1.zip
1f9b6e11-9342-4435-a6e7-2fd1ef1ab49b,https://d3gm2hf49xd6jj.cloudfront.net/1f9b6e11-9342-4435-a6e7-2fd1ef1ab49b/S1AB_20170330T051855_20170417T051805_VVP018_INT80_G_weF_D318.zip
a70b8007-cb22-4689-9a12-e1d90fc4fa29,https://d3gm2hf49xd6jj.cloudfront.net/a70b8007-cb22-4689-9a12-e1d90fc4fa29/S1AB_20190706T051923_20190724T051843_VVP018_INT80_G_weF_F545.zip
008ad9ea-332c-4187-97ef-28f4ba461cb9,https://d3gm2hf49xd6jj.cloudfront.net/008ad9ea-332c-4187-97ef-28f4ba461cb9/S1AB_20170411T051855_20170417T051805_VVP006_INT80_G_weF_099D.zip
b8753e01-369c-4a99-ae23-802461f4ca3b,https://d3gm2hf49xd6jj.cloudfront.net/b8753e01-369c-4a99-ae23-802461f4ca3b/S1BA_20190630T051841_20190706T051923_VVP006_INT80_G_weF_E46F.zip
4f3a2bb7-bc38-4968-b546-933a1ccf42c9,https://d3gm2hf49xd6jj.cloudfront.net/4f3a2bb7-bc38-4968-b546-933a1ccf42c9/S1AA_20170411T051855_20170423T051856_VVP012_INT80_G_weF_F243.zip
da21b5b6-0218-4955-b618-a0c2cc7fe03f,https://d3gm2hf49xd6jj.cloudfront.net/da21b5b6-0218-4955-b618-a0c2cc7fe03f/S1BA_20190630T051841_20190718T051924_VVP018_INT80_G_weF_E7C4.zip
922c669c-465d-414f-ac5a-ddacc1bcd5da,https://d3gm2hf49xd6jj.cloudfront.net/922c669c-465d-414f-ac5a-ddacc1bcd5da/S1BA_20170417T051805_20170423T051856_VVP006_INT80_G_weF_B7BE.zip
c838dfcb-d4a7-4184-8322-600cbc029d82,https://d3gm2hf49xd6jj.cloudfront.net/c838dfcb-d4a7-4184-8322-600cbc029d82/S1BA_20190712T051842_20190718T051924_VVP006_INT80_G_weF_11CA.zip
f3a39dde-8b15-4f1c-b396-3d2c7fec694a,https://d3gm2hf49xd6jj.cloudfront.net/f3a39dde-8b15-4f1c-b396-3d2c7fec694a/S1BA_20190712T051842_20190730T051925_VVP018_INT80_G_weF_B0CE.zip
80040feb-2c1a-45b7-ad29-0d230ac1f17a,https://d3gm2hf49xd6jj.cloudfront.net/80040feb-2c1a-45b7-ad29-0d230ac1f17a/S1BB_20170417T051805_20170429T051806_VVP012_INT80_G_weF_F749.zip
796ffef3-a485-4940-993a-7b5a49088fd5,https://d3gm2hf49xd6jj.cloudfront.net/796ffef3-a485-4940-993a-7b5a49088fd5/S1AB_20190624T051922_20190630T051841_VVP006_INT80_G_weF_519C.zip
6849f2da-d082-4dbe-977c-9dd0acfdf1f4,https://d3gm2hf49xd6jj.cloudfront.net/6849f2da-d082-4dbe-977c-9dd0acfdf1f4/S1AB_20190624T051922_20190712T051842_VVP018_INT80_G_weF_521F.zip
6efc0da2-7d87-419f-aab6-4c3c2cb35979,https://d3gm2hf49xd6jj.cloudfront.net/6efc0da2-7d87-419f-aab6-4c3c2cb35979/S1BA_20170429T051806_20170505T051856_VVP006_INT80_G_weF_5FDF.zip
ebe18387-915c-4b76-8015-d64f16dcdf5f,https://d3gm2hf49xd6jj.cloudfront.net/ebe18387-915c-4b76-8015-d64f16dcdf5f/S1BA_20170405T051805_20170423T051856_VVP018_INT80_G_weF_A409.zip
6428188b-4d82-4d66-acb7-815aaa359e49,https://d3gm2hf49xd6jj.cloudfront.net/6428188b-4d82-4d66-acb7-815aaa359e49/S1AB_20190612T051922_20190618T051841_VVP006_INT80_G_weF_D5D2.zip
4e35eb6a-4c3b-424d-b171-99b55582a07e,https://d3gm2hf49xd6jj.cloudfront.net/4e35eb6a-4c3b-424d-b171-99b55582a07e/S1BA_20170429T051806_20170517T051857_VVP018_INT80_G_weF_4560.zip
e05c9005-7ccc-4f4b-9ced-0a6a99c26ec1,https://d3gm2hf49xd6jj.cloudfront.net/e05c9005-7ccc-4f4b-9ced-0a6a99c26ec1/S1BA_20170405T051805_20170411T051855_VVP006_INT80_G_weF_E957.zip
d98d0e9a-85ca-435c-83ad-3f82c900979d,https://d3gm2hf49xd6jj.cloudfront.net/d98d0e9a-85ca-435c-83ad-3f82c900979d/S1AB_20170330T051855_20170405T051805_VVP006_INT80_G_weF_0AB4.zip
a080a9f0-9b84-4292-a301-53f09fbd7b3a,https://d3gm2hf49xd6jj.cloudfront.net/a080a9f0-9b84-4292-a301-53f09fbd7b3a/S1AB_20170423T051856_20170511T051806_VVP018_INT80_G_weF_78ED.zip
e8a46f05-0cf9-49b4-a986-11415086bff8,https://d3gm2hf49xd6jj.cloudfront.net/e8a46f05-0cf9-49b4-a986-11415086bff8/S1AA_20170330T051855_20170411T051855_VVP012_INT80_G_weF_BBF2.zip
cf8a669a-17c0-4396-8f60-7f2f9b92bd45,https://d3gm2hf49xd6jj.cloudfront.net/cf8a669a-17c0-4396-8f60-7f2f9b92bd45/S1AB_20190612T051922_20190630T051841_VVP018_INT80_G_weF_6CB4.zip
5532ae3b-f21f-400b-a886-9ba1fcde5a38,https://d3gm2hf49xd6jj.cloudfront.net/5532ae3b-f21f-400b-a886-9ba1fcde5a38/S1BB_20190618T051841_20190630T051841_VVP012_INT80_G_weF_46EB.zip
a15a63a0-2b44-46b3-a78d-908f9fbf2bed,https://d3gm2hf49xd6jj.cloudfront.net/a15a63a0-2b44-46b3-a78d-908f9fbf2bed/S1BB_20190712T051842_20190724T051843_VVP012_INT80_G_weF_2A84.zip
5c65f7a5-1922-4795-b47a-29f8cd28aa2c,https://d3gm2hf49xd6jj.cloudfront.net/5c65f7a5-1922-4795-b47a-29f8cd28aa2c/S1BA_20190606T051840_20190624T051922_VVP018_INT80_G_weF_B184.zip
d63fa1b6-d076-4030-8108-16744bf80639,https://d3gm2hf49xd6jj.cloudfront.net/d63fa1b6-d076-4030-8108-16744bf80639/S1AA_20190706T051923_20190718T051924_VVP012_INT80_G_weF_A7CD.zip
1e323217-f491-471c-94a7-99f85674d3c1,https://d3gm2hf49xd6jj.cloudfront.net/1e323217-f491-471c-94a7-99f85674d3c1/S1AA_20190612T051922_20190624T051922_VVP012_INT80_G_weF_A29C.zip
62edc6ef-e2c6-42e8-9272-0b74cce61338,https://d3gm2hf49xd6jj.cloudfront.net/62edc6ef-e2c6-42e8-9272-0b74cce61338/S1AB_20190706T051923_20190712T051842_VVP006_INT80_G_weF_165B.zip
ba0c3819-65f7-4fef-8aa1-f7404cf292d9,https://d3gm2hf49xd6jj.cloudfront.net/ba0c3819-65f7-4fef-8aa1-f7404cf292d9/S1AA_20190624T051922_20190706T051923_VVP012_INT80_G_weF_9FB0.zip
22f5bd6d-6389-4d70-ad92-1a20cbb9b343,https://d3gm2hf49xd6jj.cloudfront.net/22f5bd6d-6389-4d70-ad92-1a20cbb9b343/S1AB_20170423T051856_20170511T051831_VVP018_INT80_G_weF_A5A5.zip
9bbdce87-397a-46c5-8ba1-66d3524370f3,https://d3gm2hf49xd6jj.cloudfront.net/9bbdce87-397a-46c5-8ba1-66d3524370f3/S1AB_20170423T051856_20170429T051806_VVP006_INT80_G_weF_209F.zip
8d4170c3-fa9a-4a61-abf3-d9f8770f6eb9,https://d3gm2hf49xd6jj.cloudfront.net/8d4170c3-fa9a-4a61-abf3-d9f8770f6eb9/S1BB_20190630T051841_20190712T051842_VVP012_INT80_G_weF_FB94.zip
b475a00e-a89d-45a8-88d5-00f01960277b,https://d3gm2hf49xd6jj.cloudfront.net/b475a00e-a89d-45a8-88d5-00f01960277b/S1AB_20170306T051854_20170324T051804_VVP018_INT80_G_weF_232F.zip
c420e2be-0808-4b1c-ae92-9c32b9206213,https://d3gm2hf49xd6jj.cloudfront.net/c420e2be-0808-4b1c-ae92-9c32b9206213/S1BA_20170228T051804_20170318T051854_VVP018_INT80_G_weF_B8AD.zip
b2220102-3eb1-46da-9909-237cff0008d0,https://d3gm2hf49xd6jj.cloudfront.net/b2220102-3eb1-46da-9909-237cff0008d0/S1BA_20170312T051804_20170318T051854_VVP006_INT80_G_weF_EF93.zip
9ba0cfe0-ab2a-4a29-86b2-98a87328eef4,https://d3gm2hf49xd6jj.cloudfront.net/9ba0cfe0-ab2a-4a29-86b2-98a87328eef4/S1AB_20170222T051854_20170312T051829_VVP018_INT80_G_weF_4BD0.zip
0407c433-c88d-431e-bb99-f68a09afb465,https://d3gm2hf49xd6jj.cloudfront.net/0407c433-c88d-431e-bb99-f68a09afb465/S1BA_20170228T051804_20170306T051854_VVP006_INT80_G_weF_0040.zip
c1b31397-9d29-4b76-a87d-cdbf45542757,https://d3gm2hf49xd6jj.cloudfront.net/c1b31397-9d29-4b76-a87d-cdbf45542757/S1AB_20170318T051854_20170324T051804_VVP006_INT80_G_weF_F97B.zip
2cebac70-73f3-4a1e-9d14-a4681d376824,https://d3gm2hf49xd6jj.cloudfront.net/2cebac70-73f3-4a1e-9d14-a4681d376824/S1BB_20170228T051804_20170312T051804_VVP012_INT80_G_weF_5F1A.zip
20607e8c-6732-49b2-9a83-76b4384d3026,https://d3gm2hf49xd6jj.cloudfront.net/20607e8c-6732-49b2-9a83-76b4384d3026/S1BB_20170312T051804_20170324T051804_VVP012_INT80_G_weF_FB77.zip
05c619dd-10e5-4be4-9634-b28bf2ce12e2,https://d3gm2hf49xd6jj.cloudfront.net/05c619dd-10e5-4be4-9634-b28bf2ce12e2/S1AB_20170222T051854_20170228T051804_VVP006_INT80_G_weF_3738.zip
83884ea2-bf6f-4c4a-b7e5-51b6c0cf7cee,https://d3gm2hf49xd6jj.cloudfront.net/83884ea2-bf6f-4c4a-b7e5-51b6c0cf7cee/S1AA_20170222T051854_20170306T051854_VVP012_INT80_G_weF_6CB4.zip
2201adf9-250e-439f-ab0d-4899089912db,https://d3gm2hf49xd6jj.cloudfront.net/2201adf9-250e-439f-ab0d-4899089912db/S1AA_20170306T051854_20170318T051854_VVP012_INT80_G_weF_4ACE.zip
35ad9d72-297f-4592-bb2b-4a46b83787a2,https://d3gm2hf49xd6jj.cloudfront.net/35ad9d72-297f-4592-bb2b-4a46b83787a2/S1BA_20170216T051804_20170306T051854_VVP018_INT80_G_weF_9A68.zip
9b06ba89-1e0c-418a-847a-9606a2dcf0b9,https://d3gm2hf49xd6jj.cloudfront.net/9b06ba89-1e0c-418a-847a-9606a2dcf0b9/S1AB_20170222T051854_20170312T051804_VVP018_INT80_G_weF_4529.zip
02b21528-0a50-4d6f-b234-1428bd018fce,https://d3gm2hf49xd6jj.cloudfront.net/02b21528-0a50-4d6f-b234-1428bd018fce/S1AB_20170306T051854_20170312T051829_VVP006_INT80_G_weF_7687.zip
2e5ac552-e499-40d8-9d8b-ba623219aeb7,https://d3gm2hf49xd6jj.cloudfront.net/2e5ac552-e499-40d8-9d8b-ba623219aeb7/S1AB_20170318T051854_20170405T051805_VVP018_INT80_G_weF_A07A.zip
8b3951e8-7eca-4b75-8429-268bf528e0fe,https://d3gm2hf49xd6jj.cloudfront.net/8b3951e8-7eca-4b75-8429-268bf528e0fe/S1BA_20170324T051804_20170330T051855_VVP006_INT80_G_weF_E56B.zip
4ee5fbee-7c19-4bef-8f9f-a5a3105ab673,https://d3gm2hf49xd6jj.cloudfront.net/4ee5fbee-7c19-4bef-8f9f-a5a3105ab673/S1AB_20170306T051854_20170312T051804_VVP006_INT80_G_weF_FBB4.zip
851a849c-1021-4b08-b898-5f9ec71d699a,https://d3gm2hf49xd6jj.cloudfront.net/851a849c-1021-4b08-b898-5f9ec71d699a/S1BA_20170312T051804_20170330T051855_VVP018_INT80_G_weF_C6B1.zip
c291a02d-fbc5-47fc-9308-64fbd0723442,https://d3gm2hf49xd6jj.cloudfront.net/c291a02d-fbc5-47fc-9308-64fbd0723442/S1AA_20170318T051854_20170330T051855_VVP012_INT80_G_weF_A036.zip
14182461-25cf-480e-8e90-0673b1cef7bb,https://d3gm2hf49xd6jj.cloudfront.net/14182461-25cf-480e-8e90-0673b1cef7bb/S1BB_20170324T051804_20170405T051805_VVP012_INT80_G_weF_A660.zip
37d08bcc-bbe7-42bb-b24f-4a72fa0efc01,https://d3gm2hf49xd6jj.cloudfront.net/37d08bcc-bbe7-42bb-b24f-4a72fa0efc01/S1BB_20190407T051818_20190419T051818_VVP012_INT80_G_weF_067C.zip
dedc238a-5e4f-4817-9eef-4d05f84ffb86,https://d3gm2hf49xd6jj.cloudfront.net/dedc238a-5e4f-4817-9eef-4d05f84ffb86/S1AB_20170210T051854_20170228T051804_VVP018_INT80_G_weF_E985.zip
79ff1667-1e2a-4e93-a51f-894dc7b9ff29,https://d3gm2hf49xd6jj.cloudfront.net/79ff1667-1e2a-4e93-a51f-894dc7b9ff29/S1BB_20190501T051819_20190513T051819_VVP012_INT80_G_weF_DB75.zip
ac74962c-b33a-4353-be37-6446a5c9483a,https://d3gm2hf49xd6jj.cloudfront.net/ac74962c-b33a-4353-be37-6446a5c9483a/S1BA_20170204T051804_20170222T051854_VVP018_INT80_G_weF_4C46.zip
56f34625-aa12-4aac-b944-8e2cecb561fe,https://d3gm2hf49xd6jj.cloudfront.net/56f34625-aa12-4aac-b944-8e2cecb561fe/S1BB_20170216T051804_20170228T051804_VVP012_INT80_G_weF_7815.zip
eaf788fe-d51d-4c24-a34e-454be19b0d8f,https://d3gm2hf49xd6jj.cloudfront.net/eaf788fe-d51d-4c24-a34e-454be19b0d8f/S1AB_20170210T051854_20170216T051829_VVP006_INT80_G_weF_9B1E.zip
ed10b4b5-38d3-4e1c-9e6d-0f7575b316e7,https://d3gm2hf49xd6jj.cloudfront.net/ed10b4b5-38d3-4e1c-9e6d-0f7575b316e7/S1AA_20190531T051921_20190612T051922_VVP012_INT80_G_weF_45F1.zip
26bd184f-71f5-4a37-8eb6-ed2e0f590ae8,https://d3gm2hf49xd6jj.cloudfront.net/26bd184f-71f5-4a37-8eb6-ed2e0f590ae8/S1BA_20170204T051804_20170210T051854_VVP006_INT80_G_weF_B448.zip
38cba9c0-7844-4210-a6d6-012911f6e41a,https://d3gm2hf49xd6jj.cloudfront.net/38cba9c0-7844-4210-a6d6-012911f6e41a/S1BB_20170111T051805_20170123T051804_VVP012_INT80_G_weF_E3CC.zip
592cb66e-147e-4b10-93b9-fbef42371ae3,https://d3gm2hf49xd6jj.cloudfront.net/592cb66e-147e-4b10-93b9-fbef42371ae3/S1AB_20170105T051855_20170111T051805_VVP006_INT80_G_weF_4099.zip
40565069-fa63-4437-b45c-72ae64ea882c,https://d3gm2hf49xd6jj.cloudfront.net/40565069-fa63-4437-b45c-72ae64ea882c/S1BA_20170123T051804_20170210T051854_VVP018_INT80_G_weF_719A.zip
6edc5ce6-69aa-414d-9368-c7a903bd7a24,https://d3gm2hf49xd6jj.cloudfront.net/6edc5ce6-69aa-414d-9368-c7a903bd7a24/S1AA_20190507T051920_20190519T051921_VVP012_INT80_G_weF_8079.zip
6caecdd9-7da4-44d4-92e4-0b380a5d4b84,https://d3gm2hf49xd6jj.cloudfront.net/6caecdd9-7da4-44d4-92e4-0b380a5d4b84/S1BB_20190606T051840_20190618T051841_VVP012_INT80_G_weF_F01B.zip
a51e7ef6-4a23-40f2-bb64-23498466ee27,https://d3gm2hf49xd6jj.cloudfront.net/a51e7ef6-4a23-40f2-bb64-23498466ee27/S1BB_20170123T051804_20170204T051804_VVP012_INT80_G_weF_396F.zip
368b4786-d9ad-4dfb-a11a-3a8dfed7dfa8,https://d3gm2hf49xd6jj.cloudfront.net/368b4786-d9ad-4dfb-a11a-3a8dfed7dfa8/S1AB_20190531T051921_20190606T051840_VVP006_INT80_G_weF_2916.zip
8b60d56f-bdca-42cc-994f-286ca31cb2b2,https://d3gm2hf49xd6jj.cloudfront.net/8b60d56f-bdca-42cc-994f-286ca31cb2b2/S1BB_20190326T051817_20190407T051818_VVP012_INT80_G_weF_57E5.zip
a1ce90d2-c341-401b-b256-133daab92857,https://d3gm2hf49xd6jj.cloudfront.net/a1ce90d2-c341-401b-b256-133daab92857/S1AB_20170210T051854_20170216T051804_VVP006_INT80_G_weF_8B14.zip
679f38be-3413-4c35-955a-7aa651f95d4d,https://d3gm2hf49xd6jj.cloudfront.net/679f38be-3413-4c35-955a-7aa651f95d4d/S1AA_20170129T051855_20170210T051854_VVP012_INT80_G_weF_37D7.zip
b7c0afcc-b597-42d1-8081-0b7ef77379f4,https://d3gm2hf49xd6jj.cloudfront.net/b7c0afcc-b597-42d1-8081-0b7ef77379f4/S1AB_20190519T051921_20190606T051840_VVP018_INT80_G_weF_3904.zip
d5d667ac-f8ec-4d3f-9aae-940c04e99c01,https://d3gm2hf49xd6jj.cloudfront.net/d5d667ac-f8ec-4d3f-9aae-940c04e99c01/S1AB_20170105T051855_20170123T051804_VVP018_INT80_G_weF_E9EF.zip
3cd78dfe-12a4-4a20-8172-9c6aa906fb78,https://d3gm2hf49xd6jj.cloudfront.net/3cd78dfe-12a4-4a20-8172-9c6aa906fb78/S1AA_20190401T051919_20190413T051919_VVP012_INT80_G_weF_9502.zip
58591dd9-8cdc-4af9-96d0-476cadb06cc0,https://d3gm2hf49xd6jj.cloudfront.net/58591dd9-8cdc-4af9-96d0-476cadb06cc0/S1AA_20190425T051920_20190507T051920_VVP012_INT80_G_weF_73BB.zip
24267f8d-5a6d-41bb-98fb-9e109dde476f,https://d3gm2hf49xd6jj.cloudfront.net/24267f8d-5a6d-41bb-98fb-9e109dde476f/S1AB_20170129T051855_20170204T051804_VVP006_INT80_G_weF_44C9.zip
2f8be6f1-d7a6-402a-b227-5eb7844dafcc,https://d3gm2hf49xd6jj.cloudfront.net/2f8be6f1-d7a6-402a-b227-5eb7844dafcc/S1BB_20170204T051804_20170216T051804_VVP012_INT80_G_weF_7A78.zip
867fc7f1-ac5b-4f31-aefc-9af917d3aa47,https://d3gm2hf49xd6jj.cloudfront.net/867fc7f1-ac5b-4f31-aefc-9af917d3aa47/S1BA_20170216T051804_20170222T051854_VVP006_INT80_G_weF_D5EF.zip
a395d464-0c05-423a-88ec-85fc077b8d93,https://d3gm2hf49xd6jj.cloudfront.net/a395d464-0c05-423a-88ec-85fc077b8d93/S1AB_20190531T051921_20190618T051841_VVP018_INT80_G_weF_468D.zip
848a9a18-3ea1-4077-820b-dd6ae7639c75,https://d3gm2hf49xd6jj.cloudfront.net/848a9a18-3ea1-4077-820b-dd6ae7639c75/S1BB_20190419T051818_20190501T051819_VVP012_INT80_G_weF_856C.zip
420b2887-8ca9-4702-a677-daff66213f7f,https://d3gm2hf49xd6jj.cloudfront.net/420b2887-8ca9-4702-a677-daff66213f7f/S1BB_20190525T051839_20190606T051840_VVP012_INT80_G_weF_8D64.zip
f1bab728-5f3e-45de-9988-10d2ac209826,https://d3gm2hf49xd6jj.cloudfront.net/f1bab728-5f3e-45de-9988-10d2ac209826/S1BA_20190606T051840_20190612T051922_VVP006_INT80_G_weF_7E99.zip
90b2f374-4d15-42d6-92b2-c93866d9c333,https://d3gm2hf49xd6jj.cloudfront.net/90b2f374-4d15-42d6-92b2-c93866d9c333/S1BA_20170111T051805_20170129T051855_VVP018_INT80_G_weF_94BC.zip
a80039f0-0f34-4a4a-ba66-354a52fdf498,https://d3gm2hf49xd6jj.cloudfront.net/a80039f0-0f34-4a4a-ba66-354a52fdf498/S1BA_20170123T051804_20170129T051855_VVP006_INT80_G_weF_30C4.zip
de83ab07-78f3-4c01-9364-0acdf332bf6d,https://d3gm2hf49xd6jj.cloudfront.net/de83ab07-78f3-4c01-9364-0acdf332bf6d/S1BA_20190525T051839_20190612T051922_VVP018_INT80_G_weF_B6CA.zip
5efc5311-9f6d-463c-b54a-ec3b89ed9c51,https://d3gm2hf49xd6jj.cloudfront.net/5efc5311-9f6d-463c-b54a-ec3b89ed9c51/S1AA_20190413T051919_20190425T051920_VVP012_INT80_G_weF_64AA.zip
017829ad-9ef0-4e60-9ffb-6dc5028ee210,https://d3gm2hf49xd6jj.cloudfront.net/017829ad-9ef0-4e60-9ffb-6dc5028ee210/S1AB_20190507T051920_20190525T051839_VVP018_INT80_G_weF_675E.zip
bf5fa6dc-37e3-4491-95af-82b7a5e990d3,https://d3gm2hf49xd6jj.cloudfront.net/bf5fa6dc-37e3-4491-95af-82b7a5e990d3/S1BA_20190525T051839_20190531T051921_VVP006_INT80_G_weF_AA8D.zip
7a6cd3ec-709b-4328-8314-bef1e053be4e,https://d3gm2hf49xd6jj.cloudfront.net/7a6cd3ec-709b-4328-8314-bef1e053be4e/S1AA_20170210T051854_20170222T051854_VVP012_INT80_G_weF_1A3E.zip
8e92debd-e38c-4501-9076-25c42c1440ad,https://d3gm2hf49xd6jj.cloudfront.net/8e92debd-e38c-4501-9076-25c42c1440ad/S1AB_20170129T051855_20170216T051829_VVP018_INT80_G_weF_4B47.zip
7643618c-3e3d-4ac0-8c56-ebf3bc5f0998,https://d3gm2hf49xd6jj.cloudfront.net/7643618c-3e3d-4ac0-8c56-ebf3bc5f0998/S1AB_20170129T051855_20170216T051804_VVP018_INT80_G_weF_BAFC.zip
95eae602-77e4-4eec-87ea-3028dd43c833,https://d3gm2hf49xd6jj.cloudfront.net/95eae602-77e4-4eec-87ea-3028dd43c833/S1AB_20190519T051921_20190525T051839_VVP006_INT80_G_weF_2DCA.zip
49bac5ba-0d41-416d-bff0-454bddcf0cd1,https://d3gm2hf49xd6jj.cloudfront.net/49bac5ba-0d41-416d-bff0-454bddcf0cd1/S1AA_20190519T051921_20190531T051921_VVP012_INT80_G_weF_2315.zip
87c09721-79e9-4efa-8df8-5753873deb5c,https://d3gm2hf49xd6jj.cloudfront.net/87c09721-79e9-4efa-8df8-5753873deb5c/S1AA_20181226T051920_20190107T051919_VVP012_INT80_G_weF_3A1C.zip
3c4c34b1-16d5-4b4e-bc4a-ff6bc5075291,https://d3gm2hf49xd6jj.cloudfront.net/3c4c34b1-16d5-4b4e-bc4a-ff6bc5075291/S1AA_20190107T051919_20190119T051919_VVP012_INT80_G_weF_09D9.zip
1ae01b46-83b6-415b-a7a2-130c6dbdaf90,https://d3gm2hf49xd6jj.cloudfront.net/1ae01b46-83b6-415b-a7a2-130c6dbdaf90/S1BB_20190125T051818_20190206T051818_VVP012_INT80_G_weF_490B.zip
bd4d9cd5-6569-49f6-aaba-f0678e6417ca,https://d3gm2hf49xd6jj.cloudfront.net/bd4d9cd5-6569-49f6-aaba-f0678e6417ca/S1BB_20181208T051820_20181220T051819_VVP012_INT80_G_weF_7650.zip
77b83626-ec33-4ba4-9a7a-010f5184e0be,https://d3gm2hf49xd6jj.cloudfront.net/77b83626-ec33-4ba4-9a7a-010f5184e0be/S1AA_20190224T051918_20190308T051918_VVP012_INT80_G_weF_57D3.zip
304ede9a-27e7-49f8-b247-1e1f62590281,https://d3gm2hf49xd6jj.cloudfront.net/304ede9a-27e7-49f8-b247-1e1f62590281/S1AA_20181214T051920_20181226T051920_VVP012_INT80_G_weF_61DA.zip
9dba6b76-d4c6-4d94-980b-b2594dc9e951,https://d3gm2hf49xd6jj.cloudfront.net/9dba6b76-d4c6-4d94-980b-b2594dc9e951/S1AA_20190320T051918_20190401T051919_VVP012_INT80_G_weF_2A8B.zip
c1d44070-2445-4a35-aaeb-8f8d38607da1,https://d3gm2hf49xd6jj.cloudfront.net/c1d44070-2445-4a35-aaeb-8f8d38607da1/S1AA_20190119T051919_20190131T051919_VVP012_INT80_G_weF_AFE2.zip
a833f45f-3f75-4c97-9053-3ca7c2716f5f,https://d3gm2hf49xd6jj.cloudfront.net/a833f45f-3f75-4c97-9053-3ca7c2716f5f/S1BB_20190302T051817_20190314T051817_VVP012_INT80_G_weF_D5FA.zip
949caa48-ddf1-4144-bfe1-423199c85267,https://d3gm2hf49xd6jj.cloudfront.net/949caa48-ddf1-4144-bfe1-423199c85267/S1BB_20190206T051818_20190218T051817_VVP012_INT80_G_weF_1260.zip
0de63566-728c-44c5-a891-14842a02d8fe,https://d3gm2hf49xd6jj.cloudfront.net/0de63566-728c-44c5-a891-14842a02d8fe/S1BB_20181220T051819_20190101T051819_VVP012_INT80_G_weF_58FD.zip
48368923-6ba1-4ce8-8c50-438df63e10f5,https://d3gm2hf49xd6jj.cloudfront.net/48368923-6ba1-4ce8-8c50-438df63e10f5/S1BB_20190218T051817_20190302T051817_VVP012_INT80_G_weF_C450.zip
6566e602-654d-41ad-b6d1-f79bd7cb41b3,https://d3gm2hf49xd6jj.cloudfront.net/6566e602-654d-41ad-b6d1-f79bd7cb41b3/S1AA_20181120T051921_20181202T051921_VVP012_INT80_G_weF_A690.zip
3e1f69de-b0e5-4673-a509-725ab29115d0,https://d3gm2hf49xd6jj.cloudfront.net/3e1f69de-b0e5-4673-a509-725ab29115d0/S1BB_20190101T051819_20190113T051818_VVP012_INT80_G_weF_C793.zip
bb1533a1-5f0a-49ad-b4ab-37a07caecca4,https://d3gm2hf49xd6jj.cloudfront.net/bb1533a1-5f0a-49ad-b4ab-37a07caecca4/S1AA_20190131T051919_20190212T051918_VVP012_INT80_G_weF_A128.zip
20de1e38-296a-4232-895c-9017d38c9cb6,https://d3gm2hf49xd6jj.cloudfront.net/20de1e38-296a-4232-895c-9017d38c9cb6/S1AA_20190308T051918_20190320T051918_VVP012_INT80_G_weF_6727.zip
c50243cb-aef8-456e-8da5-5ed54442ac47,https://d3gm2hf49xd6jj.cloudfront.net/c50243cb-aef8-456e-8da5-5ed54442ac47/S1BB_20190113T051818_20190125T051818_VVP012_INT80_G_weF_259C.zip
40ba4890-3450-4e1c-9f97-d924ae0aa99c,https://d3gm2hf49xd6jj.cloudfront.net/40ba4890-3450-4e1c-9f97-d924ae0aa99c/S1AA_20181202T051921_20181214T051920_VVP012_INT80_G_weF_5F99.zip
9c91f934-219b-43ea-9368-64583a90dd71,https://d3gm2hf49xd6jj.cloudfront.net/9c91f934-219b-43ea-9368-64583a90dd71/S1BB_20190314T051817_20190326T051817_VVP012_INT80_G_weF_79C8.zip
13e58192-3bcf-4b29-9431-aa62b8198a80,https://d3gm2hf49xd6jj.cloudfront.net/13e58192-3bcf-4b29-9431-aa62b8198a80/S1AA_20190212T051918_20190224T051918_VVP012_INT80_G_weF_7BB0.zip
c0edc55b-bd03-45ff-82ad-108318e82162,https://d3gm2hf49xd6jj.cloudfront.net/c0edc55b-bd03-45ff-82ad-108318e82162/S1AA_20181015T051922_20181027T051922_VVP012_INT80_G_weF_5644.zip
b0a6379a-26cb-4050-bdf7-2e9ebe7dc2ad,https://d3gm2hf49xd6jj.cloudfront.net/b0a6379a-26cb-4050-bdf7-2e9ebe7dc2ad/S1AB_20181003T051921_20181021T051840_VVP018_INT80_G_weF_7F32.zip
2f8ae58b-55ba-4704-ad57-7b9b10572a15,https://d3gm2hf49xd6jj.cloudfront.net/2f8ae58b-55ba-4704-ad57-7b9b10572a15/S1AA_20181027T051922_20181108T051922_VVP012_INT80_G_weF_B682.zip
d9ece44c-7859-4252-9e64-d4f22dab1ce4,https://d3gm2hf49xd6jj.cloudfront.net/d9ece44c-7859-4252-9e64-d4f22dab1ce4/S1BA_20181021T051840_20181027T051922_VVP006_INT80_G_weF_D65D.zip
c3702b9e-7bd7-467b-987a-59eb7827f78c,https://d3gm2hf49xd6jj.cloudfront.net/c3702b9e-7bd7-467b-987a-59eb7827f78c/S1BA_20181102T051840_20181120T051921_VVP018_INT80_G_weF_D7D7.zip
1505eaa5-0e2e-45dc-ab8a-7df80171b531,https://d3gm2hf49xd6jj.cloudfront.net/1505eaa5-0e2e-45dc-ab8a-7df80171b531/S1BB_20181102T051840_20181114T051840_VVP012_INT80_G_weF_3C10.zip
6e20ee67-49b1-489d-9f40-3c0efd3167ec,https://d3gm2hf49xd6jj.cloudfront.net/6e20ee67-49b1-489d-9f40-3c0efd3167ec/S1AB_20181015T051922_20181021T051840_VVP006_INT80_G_weF_32BD.zip
dc28c959-2ea3-4605-b14d-26a39e1c464c,https://d3gm2hf49xd6jj.cloudfront.net/dc28c959-2ea3-4605-b14d-26a39e1c464c/S1BA_20181009T051839_20181027T051922_VVP018_INT80_G_weF_1D03.zip
22b73c0b-8ec5-4d36-b470-5df90da3c0ae,https://d3gm2hf49xd6jj.cloudfront.net/22b73c0b-8ec5-4d36-b470-5df90da3c0ae/S1AB_20181027T051922_20181114T051840_VVP018_INT80_G_weF_E564.zip
9f4e5b74-319d-4070-8823-99d354243499,https://d3gm2hf49xd6jj.cloudfront.net/9f4e5b74-319d-4070-8823-99d354243499/S1BB_20181009T051839_20181021T051840_VVP012_INT80_G_weF_3580.zip
7d4b5444-b5ad-4477-a681-4437935ed072,https://d3gm2hf49xd6jj.cloudfront.net/7d4b5444-b5ad-4477-a681-4437935ed072/S1AA_20181108T051922_20181120T051921_VVP012_INT80_G_weF_2938.zip
1ca64671-4df1-4fa6-96e3-828c38264d3e,https://d3gm2hf49xd6jj.cloudfront.net/1ca64671-4df1-4fa6-96e3-828c38264d3e/S1BA_20181114T051840_20181202T051921_VVP018_INT80_G_weF_243C.zip
8fddbc6d-ca7b-4719-9822-aa10699c6dac,https://d3gm2hf49xd6jj.cloudfront.net/8fddbc6d-ca7b-4719-9822-aa10699c6dac/S1BA_20181009T051839_20181015T051922_VVP006_INT80_G_weF_1477.zip
41a57afe-09c9-4481-8632-0934f6b67ab1,https://d3gm2hf49xd6jj.cloudfront.net/41a57afe-09c9-4481-8632-0934f6b67ab1/S1AB_20181015T051922_20181102T051840_VVP018_INT80_G_weF_B1B6.zip
80f95a45-8bbb-40a9-87cb-9908737b0cd9,https://d3gm2hf49xd6jj.cloudfront.net/80f95a45-8bbb-40a9-87cb-9908737b0cd9/S1BA_20181021T051840_20181108T051922_VVP018_INT80_G_weF_9582.zip
9420f5a6-2e52-44f1-9d19-fde805a94ebf,https://d3gm2hf49xd6jj.cloudfront.net/9420f5a6-2e52-44f1-9d19-fde805a94ebf/S1BB_20181021T051840_20181102T051840_VVP012_INT80_G_weF_05E5.zip
afbc8adf-c4d2-4879-a2f9-1388cc96b89e,https://d3gm2hf49xd6jj.cloudfront.net/afbc8adf-c4d2-4879-a2f9-1388cc96b89e/S1AB_20181108T051922_20181114T051840_VVP006_INT80_G_weF_5CE0.zip
6eab3617-74c2-44e0-96f7-ffa5ab2d801f,https://d3gm2hf49xd6jj.cloudfront.net/6eab3617-74c2-44e0-96f7-ffa5ab2d801f/S1AB_20181027T051922_20181102T051840_VVP006_INT80_G_weF_3315.zip
fc416a6b-b6ca-405a-b1b9-96721cc6266a,https://d3gm2hf49xd6jj.cloudfront.net/fc416a6b-b6ca-405a-b1b9-96721cc6266a/S1BA_20181102T051840_20181108T051922_VVP006_INT80_G_weF_C4C4.zip
0002c746-616b-4add-b326-c27f1c6c6f65,https://d3gm2hf49xd6jj.cloudfront.net/0002c746-616b-4add-b326-c27f1c6c6f65/S1BA_20181114T051840_20181120T051921_VVP006_INT80_G_weF_484A.zip
a6c88c46-f8d3-497f-94e9-62998c134158,https://d3gm2hf49xd6jj.cloudfront.net/a6c88c46-f8d3-497f-94e9-62998c134158/S1BA_20180927T051845_20181015T051922_VVP018_INT80_G_weF_48DC.zip
915e0c99-f72d-4bf0-9f25-78bfd308f575,https://d3gm2hf49xd6jj.cloudfront.net/915e0c99-f72d-4bf0-9f25-78bfd308f575/S1AA_20180909T051921_20180921T051921_VVP012_INT80_G_weF_6D7E.zip
fcafd8d1-7680-40e1-b81d-d3e911205342,https://d3gm2hf49xd6jj.cloudfront.net/fcafd8d1-7680-40e1-b81d-d3e911205342/S1AB_20180909T051921_20180915T051839_VVP006_INT80_G_weF_25A0.zip
c36924a5-2917-4978-89c3-2db1489cdc3d,https://d3gm2hf49xd6jj.cloudfront.net/c36924a5-2917-4978-89c3-2db1489cdc3d/S1AA_20180828T051920_20180909T051921_VVP012_INT80_G_weF_2CD4.zip
b0221615-d221-49f5-b802-a320cdce044b,https://d3gm2hf49xd6jj.cloudfront.net/b0221615-d221-49f5-b802-a320cdce044b/S1BB_20180927T051845_20181009T051839_VVP012_INT80_G_weF_5055.zip
a8a6241b-c677-4586-9d01-0f82da1a0863,https://d3gm2hf49xd6jj.cloudfront.net/a8a6241b-c677-4586-9d01-0f82da1a0863/S1AB_20180921T051921_20180927T051845_VVP006_INT80_G_weF_90A0.zip
465c7658-9bf0-4f78-b36e-fffb5ecb7c45,https://d3gm2hf49xd6jj.cloudfront.net/465c7658-9bf0-4f78-b36e-fffb5ecb7c45/S1AB_20180828T051920_20180903T051839_VVP006_INT80_G_weF_24F3.zip
2cdb98ae-a0f7-4a5c-9b19-bc177fe98c69,https://d3gm2hf49xd6jj.cloudfront.net/2cdb98ae-a0f7-4a5c-9b19-bc177fe98c69/S1AA_20181003T051921_20181015T051922_VVP012_INT80_G_weF_5680.zip
3cee65eb-6e6e-47f1-b68c-6fef0e45846a,https://d3gm2hf49xd6jj.cloudfront.net/3cee65eb-6e6e-47f1-b68c-6fef0e45846a/S1AA_20180921T051921_20181003T051921_VVP012_INT80_G_weF_D379.zip
d37d7bfc-99f9-4372-ae89-cef8ca4f2317,https://d3gm2hf49xd6jj.cloudfront.net/d37d7bfc-99f9-4372-ae89-cef8ca4f2317/S1BA_20180903T051839_20180909T051921_VVP006_INT80_G_weF_949A.zip
3a2ee2e2-5ab5-4d15-ab4b-bce089de0365,https://d3gm2hf49xd6jj.cloudfront.net/3a2ee2e2-5ab5-4d15-ab4b-bce089de0365/S1BA_20180915T051839_20180921T051921_VVP006_INT80_G_weF_412B.zip
b0939eef-8d9b-4e56-b188-89184b6a152a,https://d3gm2hf49xd6jj.cloudfront.net/b0939eef-8d9b-4e56-b188-89184b6a152a/S1AB_20180828T051920_20180915T051839_VVP018_INT80_G_weF_C78C.zip
b523b122-9612-4062-b974-8511b6483637,https://d3gm2hf49xd6jj.cloudfront.net/b523b122-9612-4062-b974-8511b6483637/S1AB_20181003T051921_20181009T051839_VVP006_INT80_G_weF_D19D.zip
793b05de-c724-4c7d-942a-22014678340e,https://d3gm2hf49xd6jj.cloudfront.net/793b05de-c724-4c7d-942a-22014678340e/S1AB_20180921T051921_20181009T051839_VVP018_INT80_G_weF_F4EF.zip
380219db-dabd-44e0-9ddc-8c9b8c38a691,https://d3gm2hf49xd6jj.cloudfront.net/380219db-dabd-44e0-9ddc-8c9b8c38a691/S1BA_20180903T051839_20180921T051921_VVP018_INT80_G_weF_45A0.zip
6087f5e8-5bf0-4808-af9e-b38c43a88cca,https://d3gm2hf49xd6jj.cloudfront.net/6087f5e8-5bf0-4808-af9e-b38c43a88cca/S1BB_20180915T051839_20180927T051845_VVP012_INT80_G_weF_FD35.zip
c0d595e1-9841-4e15-98b8-2e065cbd71e5,https://d3gm2hf49xd6jj.cloudfront.net/c0d595e1-9841-4e15-98b8-2e065cbd71e5/S1BA_20180915T051839_20181003T051921_VVP018_INT80_G_weF_657C.zip
2a776fe4-36c6-4d99-a1eb-66e2b2eca80c,https://d3gm2hf49xd6jj.cloudfront.net/2a776fe4-36c6-4d99-a1eb-66e2b2eca80c/S1AB_20180909T051921_20180927T051845_VVP018_INT80_G_weF_D705.zip
9fd55e3f-4fca-4a47-8d95-fce09c5864f1,https://d3gm2hf49xd6jj.cloudfront.net/9fd55e3f-4fca-4a47-8d95-fce09c5864f1/S1BA_20180927T051845_20181003T051921_VVP006_INT80_G_weF_CC5B.zip
20225aa6-161e-4acc-a677-8787389d82d8,https://d3gm2hf49xd6jj.cloudfront.net/20225aa6-161e-4acc-a677-8787389d82d8/S1BB_20180903T051839_20180915T051839_VVP012_INT80_G_weF_3A52.zip
48720355-9798-4fd4-a820-371614d3dc12,https://d3gm2hf49xd6jj.cloudfront.net/48720355-9798-4fd4-a820-371614d3dc12/S1BA_20180822T051838_20180909T051921_VVP018_INT80_G_weF_2191.zip
36e4a499-6557-485c-b50c-4b63ae82e54e,https://d3gm2hf49xd6jj.cloudfront.net/36e4a499-6557-485c-b50c-4b63ae82e54e/S1AA_20180804T051919_20180816T051920_VVP012_INT80_G_weF_E57B.zip
155335f6-226c-40c8-8608-0b144a165c4a,https://d3gm2hf49xd6jj.cloudfront.net/155335f6-226c-40c8-8608-0b144a165c4a/S1BA_20180810T051837_20180828T051920_VVP018_INT80_G_weF_CA4A.zip
c6e1972f-0a38-461f-84a1-23fcef1c7ca2,https://d3gm2hf49xd6jj.cloudfront.net/c6e1972f-0a38-461f-84a1-23fcef1c7ca2/S1AA_20180723T051918_20180804T051919_VVP012_INT80_G_weF_E7E5.zip
bf886e73-1ad8-4ab4-800b-1679f673757d,https://d3gm2hf49xd6jj.cloudfront.net/bf886e73-1ad8-4ab4-800b-1679f673757d/S1AB_20180723T051918_20180729T051837_VVP006_INT80_G_weF_3D16.zip
dd5c1ed7-f6f0-430b-b40e-4ed7ee080141,https://d3gm2hf49xd6jj.cloudfront.net/dd5c1ed7-f6f0-430b-b40e-4ed7ee080141/S1BA_20180717T051836_20180804T051919_VVP018_INT80_G_weF_FD5B.zip
b07f4ce4-5d16-4610-831c-d87d57868561,https://d3gm2hf49xd6jj.cloudfront.net/b07f4ce4-5d16-4610-831c-d87d57868561/S1BA_20180810T051837_20180816T051920_VVP006_INT80_G_weF_A3B6.zip
7cc5fbe6-ecdd-4319-8462-4eb40f20b06c,https://d3gm2hf49xd6jj.cloudfront.net/7cc5fbe6-ecdd-4319-8462-4eb40f20b06c/S1AB_20180804T051919_20180822T051838_VVP018_INT80_G_weF_2272.zip
4f29d698-e9eb-4eb7-a577-8fc240c5182a,https://d3gm2hf49xd6jj.cloudfront.net/4f29d698-e9eb-4eb7-a577-8fc240c5182a/S1BA_20180729T051837_20180804T051919_VVP006_INT80_G_weF_FFC7.zip
f6d0974a-b29b-4c0d-b307-3c0d69e38c78,https://d3gm2hf49xd6jj.cloudfront.net/f6d0974a-b29b-4c0d-b307-3c0d69e38c78/S1BA_20180822T051838_20180828T051920_VVP006_INT80_G_weF_9709.zip
685d4da3-8d79-41f3-a381-dee3fe503b80,https://d3gm2hf49xd6jj.cloudfront.net/685d4da3-8d79-41f3-a381-dee3fe503b80/S1AB_20180723T051918_20180810T051837_VVP018_INT80_G_weF_D544.zip
c5496d24-3da6-42e2-86ac-3ee2d29eaff5,https://d3gm2hf49xd6jj.cloudfront.net/c5496d24-3da6-42e2-86ac-3ee2d29eaff5/S1AB_20180804T051919_20180810T051837_VVP006_INT80_G_weF_24A9.zip
b1514f4e-fb74-42c4-8e29-7367efd6f2a5,https://d3gm2hf49xd6jj.cloudfront.net/b1514f4e-fb74-42c4-8e29-7367efd6f2a5/S1BA_20180729T051837_20180816T051920_VVP018_INT80_G_weF_CE3C.zip
ad7ee3c5-d974-4b6b-bc6e-81eac54df62a,https://d3gm2hf49xd6jj.cloudfront.net/ad7ee3c5-d974-4b6b-bc6e-81eac54df62a/S1BB_20180822T051838_20180903T051839_VVP012_INT80_G_weF_822C.zip
60c29a0b-a16b-400b-96dd-a2bfd1d90f5f,https://d3gm2hf49xd6jj.cloudfront.net/60c29a0b-a16b-400b-96dd-a2bfd1d90f5f/S1AA_20180816T051920_20180828T051920_VVP012_INT80_G_weF_C820.zip
70f3536a-6ced-4df2-a854-4666ec1d506f,https://d3gm2hf49xd6jj.cloudfront.net/70f3536a-6ced-4df2-a854-4666ec1d506f/S1AB_20180816T051920_20180903T051839_VVP018_INT80_G_weF_87EA.zip
34715344-b4dc-467b-988a-abdff4ef0a39,https://d3gm2hf49xd6jj.cloudfront.net/34715344-b4dc-467b-988a-abdff4ef0a39/S1BB_20180729T051837_20180810T051837_VVP012_INT80_G_weF_8C99.zip
3e2a6c41-2d92-400b-b3e3-228d84ab614e,https://d3gm2hf49xd6jj.cloudfront.net/3e2a6c41-2d92-400b-b3e3-228d84ab614e/S1BB_20180717T051836_20180729T051837_VVP012_INT80_G_weF_03C7.zip
445cf618-a505-43c1-8fd0-2edee8d0301c,https://d3gm2hf49xd6jj.cloudfront.net/445cf618-a505-43c1-8fd0-2edee8d0301c/S1BB_20180810T051837_20180822T051838_VVP012_INT80_G_weF_F46A.zip
f03496c5-9677-4348-8042-bdbdb55db6e2,https://d3gm2hf49xd6jj.cloudfront.net/f03496c5-9677-4348-8042-bdbdb55db6e2/S1AB_20180816T051920_20180822T051838_VVP006_INT80_G_weF_CDDD.zip
4835f8b3-ad16-4972-9fde-9846fd90009f,https://d3gm2hf49xd6jj.cloudfront.net/4835f8b3-ad16-4972-9fde-9846fd90009f/S1AA_20180617T051916_20180629T051917_VVP012_INT80_G_weF_3E50.zip
9961926d-3ab9-42de-8dc6-68aa72dd430c,https://d3gm2hf49xd6jj.cloudfront.net/9961926d-3ab9-42de-8dc6-68aa72dd430c/S1AB_20180617T051916_20180705T051827_VVP018_INT80_G_weF_3814.zip
a12328a9-5755-4f0e-8cad-4b98a7fa013a,https://d3gm2hf49xd6jj.cloudfront.net/a12328a9-5755-4f0e-8cad-4b98a7fa013a/S1AB_20180629T051917_20180717T051836_VVP018_INT80_G_weF_1A9F.zip
9893df95-10c7-4708-a6e2-2782e8a71af2,https://d3gm2hf49xd6jj.cloudfront.net/9893df95-10c7-4708-a6e2-2782e8a71af2/S1BB_20180611T051815_20180623T051815_VVP012_INT80_G_weF_B352.zip
dac162fc-1075-4312-bc9e-b9875f1f9bef,https://d3gm2hf49xd6jj.cloudfront.net/dac162fc-1075-4312-bc9e-b9875f1f9bef/S1BA_20180611T051839_20180629T051917_VVP018_INT80_G_weF_B0FD.zip
f627579c-b805-4bd5-8501-b4d6558a36c3,https://d3gm2hf49xd6jj.cloudfront.net/f627579c-b805-4bd5-8501-b4d6558a36c3/S1AA_20180629T051917_20180711T051917_VVP012_INT80_G_weF_28C7.zip
8e1e9b53-4550-44f7-923a-d61a2d103615,https://d3gm2hf49xd6jj.cloudfront.net/8e1e9b53-4550-44f7-923a-d61a2d103615/S1AB_20180617T051916_20180623T051840_VVP006_INT80_G_weF_016F.zip
5b5d2cb5-4156-4a78-bf87-ff097ed1c47f,https://d3gm2hf49xd6jj.cloudfront.net/5b5d2cb5-4156-4a78-bf87-ff097ed1c47f/S1BA_20180705T051827_20180723T051918_VVP018_INT80_G_weF_E6A2.zip
d29a0fbd-7d51-456f-ba53-1f7ea42e5969,https://d3gm2hf49xd6jj.cloudfront.net/d29a0fbd-7d51-456f-ba53-1f7ea42e5969/S1AB_20180711T051917_20180717T051836_VVP006_INT80_G_weF_9A39.zip
7eb96bb2-23a0-4374-b49f-408690b38c23,https://d3gm2hf49xd6jj.cloudfront.net/7eb96bb2-23a0-4374-b49f-408690b38c23/S1BB_20180705T051827_20180717T051836_VVP012_INT80_G_weF_3F09.zip
2201c2c4-16a3-40b7-bf4f-37fcb1b756c4,https://d3gm2hf49xd6jj.cloudfront.net/2201c2c4-16a3-40b7-bf4f-37fcb1b756c4/S1BA_20180717T051836_20180723T051918_VVP006_INT80_G_weF_46A9.zip
4fb6ed5d-cc40-4046-87f6-fb4932c2ebe3,https://d3gm2hf49xd6jj.cloudfront.net/4fb6ed5d-cc40-4046-87f6-fb4932c2ebe3/S1AB_20180629T051917_20180705T051827_VVP006_INT80_G_weF_6E75.zip
5e6e601a-d4a1-4824-b2ad-4ad80995df8f,https://d3gm2hf49xd6jj.cloudfront.net/5e6e601a-d4a1-4824-b2ad-4ad80995df8f/S1BB_20180611T051839_20180623T051840_VVP012_INT80_G_weF_9336.zip
d4650b9d-3c27-4816-b44d-b6d454c777d3,https://d3gm2hf49xd6jj.cloudfront.net/d4650b9d-3c27-4816-b44d-b6d454c777d3/S1BA_20180623T051840_20180629T051917_VVP006_INT80_G_weF_1EFD.zip
44b9ccb5-5536-46e4-9d3c-7c573bff1bb5,https://d3gm2hf49xd6jj.cloudfront.net/44b9ccb5-5536-46e4-9d3c-7c573bff1bb5/S1BA_20180623T051840_20180711T051917_VVP018_INT80_G_weF_1057.zip
3d453c57-34d7-4159-9096-dd899539e378,https://d3gm2hf49xd6jj.cloudfront.net/3d453c57-34d7-4159-9096-dd899539e378/S1BA_20180705T051827_20180711T051917_VVP006_INT80_G_weF_98A2.zip
d8418921-327b-4320-b17b-c8f9622b32b6,https://d3gm2hf49xd6jj.cloudfront.net/d8418921-327b-4320-b17b-c8f9622b32b6/S1BB_20180623T051840_20180705T051827_VVP012_INT80_G_weF_8D40.zip
81cd61a6-927d-4125-8399-38b5da6a58ea,https://d3gm2hf49xd6jj.cloudfront.net/81cd61a6-927d-4125-8399-38b5da6a58ea/S1BB_20180623T051815_20180705T051827_VVP012_INT80_G_weF_8DB4.zip
0d5b060c-2555-4ea8-9393-1f2e8ff56add,https://d3gm2hf49xd6jj.cloudfront.net/0d5b060c-2555-4ea8-9393-1f2e8ff56add/S1AB_20180711T051917_20180729T051837_VVP018_INT80_G_weF_2988.zip
9f0398c6-5bca-40ae-8901-af68544efdff,https://d3gm2hf49xd6jj.cloudfront.net/9f0398c6-5bca-40ae-8901-af68544efdff/S1AA_20180711T051917_20180723T051918_VVP012_INT80_G_weF_85BF.zip
9767d20d-6acf-4dcd-aab6-0697389a1031,https://d3gm2hf49xd6jj.cloudfront.net/9767d20d-6acf-4dcd-aab6-0697389a1031/S1AA_20180418T051913_20180430T051913_VVP012_INT80_G_weF_14A2.zip
d8042955-6570-49fc-83b4-50d980fd842f,https://d3gm2hf49xd6jj.cloudfront.net/d8042955-6570-49fc-83b4-50d980fd842f/S1AA_20180430T051913_20180512T051914_VVP012_INT80_G_weF_4EF4.zip
3ccfe4cc-7fa2-4dde-a79d-90396f7f434d,https://d3gm2hf49xd6jj.cloudfront.net/3ccfe4cc-7fa2-4dde-a79d-90396f7f434d/S1BA_20180424T051837_20180430T051913_VVP006_INT80_G_weF_0AEA.zip
f27d0447-dd50-42af-8876-bffc375c89eb,https://d3gm2hf49xd6jj.cloudfront.net/f27d0447-dd50-42af-8876-bffc375c89eb/S1BB_20180424T051812_20180506T051812_VVP012_INT80_G_weF_5137.zip
aadc18ee-117a-4f1d-ab39-68dd847cfc0f,https://d3gm2hf49xd6jj.cloudfront.net/aadc18ee-117a-4f1d-ab39-68dd847cfc0f/S1BB_20180530T051838_20180611T051839_VVP012_INT80_G_weF_879E.zip
dd994ee9-3a0c-437e-b723-b4210414c16a,https://d3gm2hf49xd6jj.cloudfront.net/dd994ee9-3a0c-437e-b723-b4210414c16a/S1BB_20180518T051813_20180530T051814_VVP012_INT80_G_weF_DE7E.zip
c8f74e52-d76e-4457-81bb-d8b09ea9c805,https://d3gm2hf49xd6jj.cloudfront.net/c8f74e52-d76e-4457-81bb-d8b09ea9c805/S1BA_20180530T051838_20180605T051915_VVP006_INT80_G_weF_D71B.zip
f0ac6318-7c03-4317-96e7-cf393509faa3,https://d3gm2hf49xd6jj.cloudfront.net/f0ac6318-7c03-4317-96e7-cf393509faa3/S1AB_20180512T051914_20180530T051838_VVP018_INT80_G_weF_0934.zip
29defb37-1fb9-49de-bcae-c9a9cb89272f,https://d3gm2hf49xd6jj.cloudfront.net/29defb37-1fb9-49de-bcae-c9a9cb89272f/S1AA_20180605T051915_20180617T051916_VVP012_INT80_G_weF_CF46.zip
8a401a6f-1d4d-4e41-a1a3-9d879fe967cf,https://d3gm2hf49xd6jj.cloudfront.net/8a401a6f-1d4d-4e41-a1a3-9d879fe967cf/S1BA_20180530T051838_20180617T051916_VVP018_INT80_G_weF_EBB9.zip
d0cc94b8-1ee1-4974-befc-24df6921d579,https://d3gm2hf49xd6jj.cloudfront.net/d0cc94b8-1ee1-4974-befc-24df6921d579/S1AB_20180524T051915_20180530T051838_VVP006_INT80_G_weF_70D2.zip
94525920-a376-48f2-9bde-8fbe23630c0b,https://d3gm2hf49xd6jj.cloudfront.net/94525920-a376-48f2-9bde-8fbe23630c0b/S1AB_20180524T051915_20180611T051839_VVP018_INT80_G_weF_D1F9.zip
21fc8adb-53c6-4232-960b-42e49f43f4ed,https://d3gm2hf49xd6jj.cloudfront.net/21fc8adb-53c6-4232-960b-42e49f43f4ed/S1BB_20180506T051812_20180518T051813_VVP012_INT80_G_weF_653C.zip
4101bfa9-5074-4267-9969-48a7e0e7851f,https://d3gm2hf49xd6jj.cloudfront.net/4101bfa9-5074-4267-9969-48a7e0e7851f/S1BA_20180611T051839_20180617T051916_VVP006_INT80_G_weF_F8F7.zip
7a6eeab5-e7f2-4afa-8621-01b485ad7f5c,https://d3gm2hf49xd6jj.cloudfront.net/7a6eeab5-e7f2-4afa-8621-01b485ad7f5c/S1BB_20180530T051814_20180611T051815_VVP012_INT80_G_weF_EDAC.zip
93a822fe-0ef0-4e85-9b1a-3097cf0f90b0,https://d3gm2hf49xd6jj.cloudfront.net/93a822fe-0ef0-4e85-9b1a-3097cf0f90b0/S1AB_20180605T051915_20180623T051840_VVP018_INT80_G_weF_1BC3.zip
606401c4-4b3a-40af-b7ad-bd3c582050fc,https://d3gm2hf49xd6jj.cloudfront.net/606401c4-4b3a-40af-b7ad-bd3c582050fc/S1AA_20180512T051914_20180524T051915_VVP012_INT80_G_weF_D573.zip
332977f4-8185-4269-9979-73204461b898,https://d3gm2hf49xd6jj.cloudfront.net/332977f4-8185-4269-9979-73204461b898/S1AB_20180605T051915_20180611T051839_VVP006_INT80_G_weF_C326.zip
8d265e92-162d-4978-9aeb-8371fd8acfe3,https://d3gm2hf49xd6jj.cloudfront.net/8d265e92-162d-4978-9aeb-8371fd8acfe3/S1AA_20180524T051915_20180605T051915_VVP012_INT80_G_weF_5686.zip
8d7278e4-d15d-4d94-8cb3-ee7be3fdab74,https://d3gm2hf49xd6jj.cloudfront.net/8d7278e4-d15d-4d94-8cb3-ee7be3fdab74/S1BA_20180424T051837_20180512T051914_VVP018_INT80_G_weF_CBD9.zip
0db7643f-1ee1-4345-a8b0-a3b60646e6c2,https://d3gm2hf49xd6jj.cloudfront.net/0db7643f-1ee1-4345-a8b0-a3b60646e6c2/S1BB_20180130T051811_20180211T051811_VVP012_INT80_G_weF_F2BB.zip
96886648-b692-405b-8b23-97a2169c08cc,https://d3gm2hf49xd6jj.cloudfront.net/96886648-b692-405b-8b23-97a2169c08cc/S1BB_20180307T051811_20180319T051811_VVP012_INT80_G_weF_93CC.zip
f591babf-2bf1-4189-9367-be019695f539,https://d3gm2hf49xd6jj.cloudfront.net/f591babf-2bf1-4189-9367-be019695f539/S1BB_20180331T051811_20180412T051811_VVP012_INT80_G_weF_5B2C.zip
f8c6a422-af3a-4594-b530-e751a8de3345,https://d3gm2hf49xd6jj.cloudfront.net/f8c6a422-af3a-4594-b530-e751a8de3345/S1AB_20180418T051913_20180424T051837_VVP006_INT80_G_weF_E878.zip
0633a72f-34f1-4a3a-b961-ece4523e6419,https://d3gm2hf49xd6jj.cloudfront.net/0633a72f-34f1-4a3a-b961-ece4523e6419/S1AA_20180313T051912_20180325T051912_VVP012_INT80_G_weF_3E75.zip
433b8197-c8c5-473d-9130-8ebf461e4196,https://d3gm2hf49xd6jj.cloudfront.net/433b8197-c8c5-473d-9130-8ebf461e4196/S1AA_20180112T051913_20180124T051912_VVP012_INT80_G_weF_CE6F.zip
b5e9f9e4-8da8-4e30-b40f-a673ad4b9ae6,https://d3gm2hf49xd6jj.cloudfront.net/b5e9f9e4-8da8-4e30-b40f-a673ad4b9ae6/S1BB_20180211T051811_20180223T051810_VVP012_INT80_G_weF_8552.zip
23b8fd8d-c1cf-4dfc-b3e8-86acdd99e713,https://d3gm2hf49xd6jj.cloudfront.net/23b8fd8d-c1cf-4dfc-b3e8-86acdd99e713/S1AA_20180325T051912_20180406T051912_VVP012_INT80_G_weF_45F1.zip
f0888af7-b744-45e5-a805-85b05bcf141a,https://d3gm2hf49xd6jj.cloudfront.net/f0888af7-b744-45e5-a805-85b05bcf141a/S1BB_20180223T051810_20180307T051811_VVP012_INT80_G_weF_00BA.zip
6c9fb8d1-43db-47e5-a515-ccec1b08a0f7,https://d3gm2hf49xd6jj.cloudfront.net/6c9fb8d1-43db-47e5-a515-ccec1b08a0f7/S1BB_20180118T051811_20180130T051811_VVP012_INT80_G_weF_7795.zip
5135ce69-a2fc-49af-b2d8-7a1c98f73094,https://d3gm2hf49xd6jj.cloudfront.net/5135ce69-a2fc-49af-b2d8-7a1c98f73094/S1AA_20180406T051912_20180418T051913_VVP012_INT80_G_weF_A439.zip
d2013e62-1b0d-49b5-bc14-d0fa47dd008a,https://d3gm2hf49xd6jj.cloudfront.net/d2013e62-1b0d-49b5-bc14-d0fa47dd008a/S1AA_20180217T051912_20180301T051912_VVP012_INT80_G_weF_FE99.zip
5106372b-a576-4dc2-97b0-e67f15e9e6cf,https://d3gm2hf49xd6jj.cloudfront.net/5106372b-a576-4dc2-97b0-e67f15e9e6cf/S1AA_20180205T051912_20180217T051912_VVP012_INT80_G_weF_C87F.zip
cc706299-2c62-4c2c-9d96-2fb35831c9f1,https://d3gm2hf49xd6jj.cloudfront.net/cc706299-2c62-4c2c-9d96-2fb35831c9f1/S1AA_20180124T051912_20180205T051912_VVP012_INT80_G_weF_F05F.zip
ac05b388-a64c-4ff0-ae96-ca2fa828e60e,https://d3gm2hf49xd6jj.cloudfront.net/ac05b388-a64c-4ff0-ae96-ca2fa828e60e/S1AA_20171231T051913_20180112T051913_VVP012_INT80_G_weF_EBB1.zip
bd5f2a0b-1d0a-4be2-899d-c1f0e5986177,https://d3gm2hf49xd6jj.cloudfront.net/bd5f2a0b-1d0a-4be2-899d-c1f0e5986177/S1BB_20180319T051811_20180331T051811_VVP012_INT80_G_weF_8612.zip
65f34bb4-bada-49cd-94c0-98a8449772dc,https://d3gm2hf49xd6jj.cloudfront.net/65f34bb4-bada-49cd-94c0-98a8449772dc/S1AA_20180301T051912_20180313T051912_VVP012_INT80_G_weF_C276.zip
bebbe8fc-f28b-4efc-8c7f-411cfad6c264,https://d3gm2hf49xd6jj.cloudfront.net/bebbe8fc-f28b-4efc-8c7f-411cfad6c264/S1BB_20180106T051812_20180118T051811_VVP012_INT80_G_weF_5D77.zip
f93dd885-569d-4fb9-ab7d-a6d30623166d,https://d3gm2hf49xd6jj.cloudfront.net/f93dd885-569d-4fb9-ab7d-a6d30623166d/S1AB_20180406T051912_20180424T051837_VVP018_INT80_G_weF_5844.zip
405c0d11-6c69-417a-a951-d5050286cd2e,https://d3gm2hf49xd6jj.cloudfront.net/405c0d11-6c69-417a-a951-d5050286cd2e/S1BB_20180412T051811_20180424T051812_VVP012_INT80_G_weF_D3B6.zip
49309aec-e071-459f-8d55-945464962315,https://d3gm2hf49xd6jj.cloudfront.net/49309aec-e071-459f-8d55-945464962315/S1BB_20171014T051839_20171026T051839_VVP012_INT80_G_weF_B83C.zip
c3553db0-51e3-4df1-83f2-e5a9fd9a59da,https://d3gm2hf49xd6jj.cloudfront.net/c3553db0-51e3-4df1-83f2-e5a9fd9a59da/S1BB_20171014T051814_20171026T051814_VVP012_INT80_G_weF_4065.zip
80429d50-4eea-40a8-a0c9-2580b7bc1db7,https://d3gm2hf49xd6jj.cloudfront.net/80429d50-4eea-40a8-a0c9-2580b7bc1db7/S1BB_20171225T051812_20180106T051812_VVP012_INT80_G_weF_503B.zip
d8b1809d-fc38-449d-ae2b-4ae5acd217bd,https://d3gm2hf49xd6jj.cloudfront.net/d8b1809d-fc38-449d-ae2b-4ae5acd217bd/S1BB_20171026T051839_20171107T051838_VVP012_INT80_G_weF_4F03.zip
d5ca1615-ce47-4d67-b74a-2caab45cb892,https://d3gm2hf49xd6jj.cloudfront.net/d5ca1615-ce47-4d67-b74a-2caab45cb892/S1AA_20171020T051915_20171101T051915_VVP012_INT80_G_weF_F765.zip
9e58e6b7-d45b-4585-b81b-29578f3553cc,https://d3gm2hf49xd6jj.cloudfront.net/9e58e6b7-d45b-4585-b81b-29578f3553cc/S1AA_20171101T051915_20171113T051915_VVP012_INT80_G_weF_3485.zip
43ce190b-5fde-44c1-8a28-07fda0533c77,https://d3gm2hf49xd6jj.cloudfront.net/43ce190b-5fde-44c1-8a28-07fda0533c77/S1BA_20171026T051839_20171101T051915_VVP006_INT80_G_weF_CDE7.zip
3f739036-5326-4b3a-a9da-c34840ce2f8f,https://d3gm2hf49xd6jj.cloudfront.net/3f739036-5326-4b3a-a9da-c34840ce2f8f/S1BA_20171107T051838_20171113T051915_VVP006_INT80_G_weF_FB88.zip
ec4d152d-a668-4b31-b3f8-c4cb61773860,https://d3gm2hf49xd6jj.cloudfront.net/ec4d152d-a668-4b31-b3f8-c4cb61773860/S1BA_20171026T051839_20171113T051915_VVP018_INT80_G_weF_1FF0.zip
1a914c42-31a4-4b9d-aaed-c6a1df1f0e27,https://d3gm2hf49xd6jj.cloudfront.net/1a914c42-31a4-4b9d-aaed-c6a1df1f0e27/S1BA_20171014T051839_20171101T051915_VVP018_INT80_G_weF_5BF8.zip
4d79ee38-e886-4750-bb73-8ddf254e50b8,https://d3gm2hf49xd6jj.cloudfront.net/4d79ee38-e886-4750-bb73-8ddf254e50b8/S1AA_20171113T051915_20171125T051915_VVP012_INT80_G_weF_3B27.zip
d2e4ac54-d4d8-4f35-a7f7-7e37feac6168,https://d3gm2hf49xd6jj.cloudfront.net/d2e4ac54-d4d8-4f35-a7f7-7e37feac6168/S1AB_20171101T051915_20171107T051838_VVP006_INT80_G_weF_14D6.zip
685ae608-69f7-443a-bdeb-964dcf845761,https://d3gm2hf49xd6jj.cloudfront.net/685ae608-69f7-443a-bdeb-964dcf845761/S1BB_20171213T051813_20171225T051812_VVP012_INT80_G_weF_B609.zip
03dd3954-a9f9-470c-9862-9f541cf2e7ce,https://d3gm2hf49xd6jj.cloudfront.net/03dd3954-a9f9-470c-9862-9f541cf2e7ce/S1BA_20171107T051838_20171125T051915_VVP018_INT80_G_weF_8696.zip
02bbe477-217a-4970-9ebc-0ce440b3bd39,https://d3gm2hf49xd6jj.cloudfront.net/02bbe477-217a-4970-9ebc-0ce440b3bd39/S1BB_20171201T051813_20171213T051813_VVP012_INT80_G_weF_980D.zip
65e1cb41-e968-4ac8-8147-4e8383cb8fad,https://d3gm2hf49xd6jj.cloudfront.net/65e1cb41-e968-4ac8-8147-4e8383cb8fad/S1AA_20171219T051914_20171231T051913_VVP012_INT80_G_weF_353F.zip
8575d3e3-a3bc-482f-a01d-2932328ca66c,https://d3gm2hf49xd6jj.cloudfront.net/8575d3e3-a3bc-482f-a01d-2932328ca66c/S1AA_20171207T051914_20171219T051914_VVP012_INT80_G_weF_778D.zip
c4dc9066-ff5f-4562-9287-4a9626eb3972,https://d3gm2hf49xd6jj.cloudfront.net/c4dc9066-ff5f-4562-9287-4a9626eb3972/S1AA_20171125T051915_20171207T051914_VVP012_INT80_G_weF_E762.zip
a517c818-a664-47c6-8f66-9b702a9315e6,https://d3gm2hf49xd6jj.cloudfront.net/a517c818-a664-47c6-8f66-9b702a9315e6/S1AB_20171020T051915_20171107T051838_VVP018_INT80_G_weF_CF30.zip
506038eb-0286-4b15-9d85-ab2541e24fab,https://d3gm2hf49xd6jj.cloudfront.net/506038eb-0286-4b15-9d85-ab2541e24fab/S1AB_20171020T051915_20171026T051839_VVP006_INT80_G_weF_4C8D.zip
7f777d35-8478-4226-a612-acf637727296,https://d3gm2hf49xd6jj.cloudfront.net/7f777d35-8478-4226-a612-acf637727296/S1BB_20171002T051838_20171014T051839_VVP012_INT80_G_weF_3826.zip
14a2f749-0639-4e78-aa56-6564817bf6da,https://d3gm2hf49xd6jj.cloudfront.net/14a2f749-0639-4e78-aa56-6564817bf6da/S1AB_20171008T051915_20171014T051839_VVP006_INT80_G_weF_2F5E.zip
579b0046-bece-47fc-9abb-39f47b65d207,https://d3gm2hf49xd6jj.cloudfront.net/579b0046-bece-47fc-9abb-39f47b65d207/S1AA_20170926T051915_20171008T051915_VVP012_INT80_G_weF_9C9E.zip
01f02bf9-748d-42f4-b3c2-9725292388f1,https://d3gm2hf49xd6jj.cloudfront.net/01f02bf9-748d-42f4-b3c2-9725292388f1/S1AB_20170926T051915_20171002T051838_VVP006_INT80_G_weF_1C1C.zip
a9d16ca4-55e8-4166-9d58-cbcad587a1f6,https://d3gm2hf49xd6jj.cloudfront.net/a9d16ca4-55e8-4166-9d58-cbcad587a1f6/S1BA_20171014T051839_20171020T051915_VVP006_INT80_G_weF_B3B6.zip
05ce78e8-ee0b-4841-ab4f-35604b2f0d9b,https://d3gm2hf49xd6jj.cloudfront.net/05ce78e8-ee0b-4841-ab4f-35604b2f0d9b/S1BA_20170920T051838_20170926T051915_VVP006_INT80_G_weF_5E51.zip
1558d1ca-fcb8-4411-8496-df05d2373568,https://d3gm2hf49xd6jj.cloudfront.net/1558d1ca-fcb8-4411-8496-df05d2373568/S1BA_20171002T051838_20171008T051915_VVP006_INT80_G_weF_8182.zip
36c76a75-941a-4962-b4fb-af019c04f62f,https://d3gm2hf49xd6jj.cloudfront.net/36c76a75-941a-4962-b4fb-af019c04f62f/S1BA_20170908T051838_20170926T051915_VVP018_INT80_G_weF_C580.zip
d3f306cc-83f3-44c4-b19c-12410626afca,https://d3gm2hf49xd6jj.cloudfront.net/d3f306cc-83f3-44c4-b19c-12410626afca/S1BB_20170920T051838_20171002T051838_VVP012_INT80_G_weF_7AD4.zip
2eadaf27-fece-4afc-95be-934865babd5d,https://d3gm2hf49xd6jj.cloudfront.net/2eadaf27-fece-4afc-95be-934865babd5d/S1BA_20170920T051838_20171008T051915_VVP018_INT80_G_weF_DB4F.zip
2f065bcc-2354-4022-9e60-502aa513144e,https://d3gm2hf49xd6jj.cloudfront.net/2f065bcc-2354-4022-9e60-502aa513144e/S1BB_20170908T051813_20170920T051813_VVP012_INT80_G_weF_282D.zip
ce3ec8b4-6a96-42e7-a0b2-6637a9637e27,https://d3gm2hf49xd6jj.cloudfront.net/ce3ec8b4-6a96-42e7-a0b2-6637a9637e27/S1AA_20171008T051915_20171020T051915_VVP012_INT80_G_weF_A391.zip
fc379196-31b7-4ad0-9864-7239bd7f6abe,https://d3gm2hf49xd6jj.cloudfront.net/fc379196-31b7-4ad0-9864-7239bd7f6abe/S1AB_20170926T051915_20171014T051839_VVP018_INT80_G_weF_F157.zip
aa140072-bf67-4768-83d6-1cdac60e1943,https://d3gm2hf49xd6jj.cloudfront.net/aa140072-bf67-4768-83d6-1cdac60e1943/S1AB_20171008T051915_20171026T051839_VVP018_INT80_G_weF_EE06.zip
0aacf38d-e248-4613-a350-600eccd2fb86,https://d3gm2hf49xd6jj.cloudfront.net/0aacf38d-e248-4613-a350-600eccd2fb86/S1BB_20170920T051813_20171002T051814_VVP012_INT80_G_weF_BFAC.zip
c2878642-e54c-4b6d-a768-fe03acaf7a70,https://d3gm2hf49xd6jj.cloudfront.net/c2878642-e54c-4b6d-a768-fe03acaf7a70/S1AB_20170914T051914_20171002T051838_VVP018_INT80_G_weF_2E4B.zip
562d933b-e830-4385-a5b1-3238105db1e3,https://d3gm2hf49xd6jj.cloudfront.net/562d933b-e830-4385-a5b1-3238105db1e3/S1BA_20171002T051838_20171020T051915_VVP018_INT80_G_weF_315A.zip
a9afc2dd-e48e-40ca-92a9-936cf1bb06fe,https://d3gm2hf49xd6jj.cloudfront.net/a9afc2dd-e48e-40ca-92a9-936cf1bb06fe/S1AB_20170914T051914_20170920T051838_VVP006_INT80_G_weF_CE73.zip
19b9a098-6754-49bd-89e2-ef8d6c7c4f7e,https://d3gm2hf49xd6jj.cloudfront.net/19b9a098-6754-49bd-89e2-ef8d6c7c4f7e/S1AA_20170914T051914_20170926T051915_VVP012_INT80_G_weF_5C93.zip
385bb048-aab1-406f-9d4e-ba7c6a277af4,https://d3gm2hf49xd6jj.cloudfront.net/385bb048-aab1-406f-9d4e-ba7c6a277af4/S1BB_20171002T051814_20171014T051814_VVP012_INT80_G_weF_FD5D.zip
42386a1a-6195-40ed-8592-a032f03f01f2,https://d3gm2hf49xd6jj.cloudfront.net/42386a1a-6195-40ed-8592-a032f03f01f2/S1BA_20170827T051837_20170914T051914_VVP018_INT80_G_weF_4291.zip
ca3a9961-6622-406b-8c82-d7b080b587b8,https://d3gm2hf49xd6jj.cloudfront.net/ca3a9961-6622-406b-8c82-d7b080b587b8/S1AB_20170902T051914_20170908T051838_VVP006_INT80_G_weF_E77D.zip
689132de-b2cf-4e47-a8d7-e9e54eb4f186,https://d3gm2hf49xd6jj.cloudfront.net/689132de-b2cf-4e47-a8d7-e9e54eb4f186/S1BB_20170815T051837_20170827T051837_VVP012_INT80_G_weF_0A67.zip
42d427bf-9ada-4bd0-b7d9-1f971aedf530,https://d3gm2hf49xd6jj.cloudfront.net/42d427bf-9ada-4bd0-b7d9-1f971aedf530/S1AB_20170821T051913_20170827T051837_VVP006_INT80_G_weF_A516.zip
5bc7b0c0-37ed-44ac-be59-7dad86307c4e,https://d3gm2hf49xd6jj.cloudfront.net/5bc7b0c0-37ed-44ac-be59-7dad86307c4e/S1BA_20170908T051838_20170914T051914_VVP006_INT80_G_weF_BD56.zip
c284560c-9527-4e71-ae9e-225c28de5207,https://d3gm2hf49xd6jj.cloudfront.net/c284560c-9527-4e71-ae9e-225c28de5207/S1AB_20170902T051914_20170920T051838_VVP018_INT80_G_weF_2AA4.zip
64b7e20a-a245-4fac-b669-29524f952381,https://d3gm2hf49xd6jj.cloudfront.net/64b7e20a-a245-4fac-b669-29524f952381/S1BA_20170827T051837_20170902T051914_VVP006_INT80_G_weF_8D96.zip
acadd3de-57f7-4b37-8ecf-6e93ee4529f8,https://d3gm2hf49xd6jj.cloudfront.net/acadd3de-57f7-4b37-8ecf-6e93ee4529f8/S1BB_20170803T051811_20170815T051812_VVP012_INT80_G_weF_D151.zip
92ff19a0-0f55-45ba-b0b2-0245a2d85c1f,https://d3gm2hf49xd6jj.cloudfront.net/92ff19a0-0f55-45ba-b0b2-0245a2d85c1f/S1BB_20170908T051838_20170920T051838_VVP012_INT80_G_weF_7057.zip
7316f3a1-5ce8-438a-bc1c-c0240550ab61,https://d3gm2hf49xd6jj.cloudfront.net/7316f3a1-5ce8-438a-bc1c-c0240550ab61/S1BA_20170815T051837_20170902T051914_VVP018_INT80_G_weF_752A.zip
97b7cf0c-7e5a-4d34-92e3-a0ac7a2a8217,https://d3gm2hf49xd6jj.cloudfront.net/97b7cf0c-7e5a-4d34-92e3-a0ac7a2a8217/S1AB_20170821T051913_20170908T051838_VVP018_INT80_G_weF_C331.zip
d22af8fd-7072-47e8-8f51-9bcbdbc82120,https://d3gm2hf49xd6jj.cloudfront.net/d22af8fd-7072-47e8-8f51-9bcbdbc82120/S1BB_20170827T051837_20170908T051838_VVP012_INT80_G_weF_6A56.zip
fb63d680-cfcc-4749-9dd4-4079c65e2fdd,https://d3gm2hf49xd6jj.cloudfront.net/fb63d680-cfcc-4749-9dd4-4079c65e2fdd/S1AA_20170902T051914_20170914T051914_VVP012_INT80_G_weF_423B.zip
f643b25d-e49a-4387-b0b6-6c2ca12d1649,https://d3gm2hf49xd6jj.cloudfront.net/f643b25d-e49a-4387-b0b6-6c2ca12d1649/S1AB_20170809T051913_20170827T051837_VVP018_INT80_G_weF_6116.zip
c8ee6014-9505-4b5e-aa7a-54d694ad5d75,https://d3gm2hf49xd6jj.cloudfront.net/c8ee6014-9505-4b5e-aa7a-54d694ad5d75/S1BA_20170815T051837_20170821T051913_VVP006_INT80_G_weF_1B71.zip
25acea36-23dc-43b7-9c53-3bb39f9112ef,https://d3gm2hf49xd6jj.cloudfront.net/25acea36-23dc-43b7-9c53-3bb39f9112ef/S1AB_20170809T051913_20170815T051837_VVP006_INT80_G_weF_46BC.zip
2cb0df3a-bf57-482d-ae04-f90363719b14,https://d3gm2hf49xd6jj.cloudfront.net/2cb0df3a-bf57-482d-ae04-f90363719b14/S1AA_20170809T051913_20170821T051913_VVP012_INT80_G_weF_287B.zip
a7572b46-383c-4dbf-aeda-e8f8d9eadfff,https://d3gm2hf49xd6jj.cloudfront.net/a7572b46-383c-4dbf-aeda-e8f8d9eadfff/S1AA_20170821T051913_20170902T051914_VVP012_INT80_G_weF_240C.zip
61ed2a64-2265-42a0-be1d-12b442ea3030,https://d3gm2hf49xd6jj.cloudfront.net/61ed2a64-2265-42a0-be1d-12b442ea3030/S1BB_20170815T051812_20170827T051812_VVP012_INT80_G_weF_BA10.zip
74f5828a-8406-49d6-b31e-6b8131885048,https://d3gm2hf49xd6jj.cloudfront.net/74f5828a-8406-49d6-b31e-6b8131885048/S1BB_20170710T051835_20170722T051835_VVP012_INT80_G_weF_922A.zip
7c55d38a-4bd9-4007-93d0-3f8d16e1c1c5,https://d3gm2hf49xd6jj.cloudfront.net/7c55d38a-4bd9-4007-93d0-3f8d16e1c1c5/S1AB_20170728T051912_20170815T051837_VVP018_INT80_G_weF_75E9.zip
cdb82ae7-6f33-4da5-b4b0-76cb3ca42db8,https://d3gm2hf49xd6jj.cloudfront.net/cdb82ae7-6f33-4da5-b4b0-76cb3ca42db8/S1BA_20170722T051835_20170809T051913_VVP018_INT80_G_weF_9807.zip
9f6af293-5653-4958-b09c-dea9d91df683,https://d3gm2hf49xd6jj.cloudfront.net/9f6af293-5653-4958-b09c-dea9d91df683/S1BA_20170803T051836_20170809T051913_VVP006_INT80_G_weF_B39A.zip
a065fd45-2784-40ea-bc67-0882b1077138,https://d3gm2hf49xd6jj.cloudfront.net/a065fd45-2784-40ea-bc67-0882b1077138/S1BA_20170710T051835_20170728T051912_VVP018_INT80_G_weF_AC94.zip
1e4792d9-292f-4b40-b331-5fff4f8fad71,https://d3gm2hf49xd6jj.cloudfront.net/1e4792d9-292f-4b40-b331-5fff4f8fad71/S1BA_20170803T051836_20170821T051913_VVP018_INT80_G_weF_0110.zip
76a0f45a-e01b-4d58-869d-39319ef3620c,https://d3gm2hf49xd6jj.cloudfront.net/76a0f45a-e01b-4d58-869d-39319ef3620c/S1AA_20170704T051911_20170716T051911_VVP012_INT80_G_weF_2D3C.zip
6e279bca-2696-422c-b11a-ddfa8f9ff2f4,https://d3gm2hf49xd6jj.cloudfront.net/6e279bca-2696-422c-b11a-ddfa8f9ff2f4/S1BB_20170710T051810_20170722T051811_VVP012_INT80_G_weF_B599.zip
9cd40a1e-183d-45d2-8697-381176aa06e9,https://d3gm2hf49xd6jj.cloudfront.net/9cd40a1e-183d-45d2-8697-381176aa06e9/S1BB_20170722T051835_20170803T051836_VVP012_INT80_G_weF_56B2.zip
36ef8049-53b2-4595-9be8-9a68753595e3,https://d3gm2hf49xd6jj.cloudfront.net/36ef8049-53b2-4595-9be8-9a68753595e3/S1BA_20170710T051835_20170716T051911_VVP006_INT80_G_weF_C92D.zip
2ddf19d6-34ca-41c4-bf1b-939d00188351,https://d3gm2hf49xd6jj.cloudfront.net/2ddf19d6-34ca-41c4-bf1b-939d00188351/S1AA_20170728T051912_20170809T051913_VVP012_INT80_G_weF_ED37.zip
6a10298e-4170-41f2-9b86-36a6f89e3a48,https://d3gm2hf49xd6jj.cloudfront.net/6a10298e-4170-41f2-9b86-36a6f89e3a48/S1AB_20170728T051912_20170803T051836_VVP006_INT80_G_weF_A75C.zip
95e09f4e-67f0-4ea7-a717-7c37e313853a,https://d3gm2hf49xd6jj.cloudfront.net/95e09f4e-67f0-4ea7-a717-7c37e313853a/S1AB_20170704T051911_20170710T051835_VVP006_INT80_G_weF_2550.zip
a6affef4-d5a3-450a-ae73-ec0f5e7d6e81,https://d3gm2hf49xd6jj.cloudfront.net/a6affef4-d5a3-450a-ae73-ec0f5e7d6e81/S1BB_20170722T051811_20170803T051811_VVP012_INT80_G_weF_896E.zip
abdcfe5d-64a8-4907-b63c-369df19fd114,https://d3gm2hf49xd6jj.cloudfront.net/abdcfe5d-64a8-4907-b63c-369df19fd114/S1AB_20170704T051911_20170722T051835_VVP018_INT80_G_weF_BE92.zip
9adcebda-925e-428e-853b-dea6fa3eb0a9,https://d3gm2hf49xd6jj.cloudfront.net/9adcebda-925e-428e-853b-dea6fa3eb0a9/S1BA_20170722T051835_20170728T051912_VVP006_INT80_G_weF_F80A.zip
18935fbc-b4ec-442f-b80e-2e63610f78a0,https://d3gm2hf49xd6jj.cloudfront.net/18935fbc-b4ec-442f-b80e-2e63610f78a0/S1AB_20170716T051911_20170722T051835_VVP006_INT80_G_weF_10DD.zip
fb822cce-022c-4dc2-b51e-4c8ebccf981c,https://d3gm2hf49xd6jj.cloudfront.net/fb822cce-022c-4dc2-b51e-4c8ebccf981c/S1BB_20170803T051836_20170815T051837_VVP012_INT80_G_weF_891D.zip
fd10ecc1-1de1-4eb2-bf8e-dc63399fb891,https://d3gm2hf49xd6jj.cloudfront.net/fd10ecc1-1de1-4eb2-bf8e-dc63399fb891/S1AB_20170716T051911_20170803T051836_VVP018_INT80_G_weF_D81E.zip
8de0fe10-07da-4539-974b-dd56def6e5f8,https://d3gm2hf49xd6jj.cloudfront.net/8de0fe10-07da-4539-974b-dd56def6e5f8/S1AB_20170622T051910_20170710T051835_VVP018_INT80_G_weF_6E43.zip
d429e1ee-f34b-4a6f-a933-4cd5433f0e6f,https://d3gm2hf49xd6jj.cloudfront.net/d429e1ee-f34b-4a6f-a933-4cd5433f0e6f/S1BB_20170616T051833_20170628T051834_VVP012_INT80_G_weF_C35A.zip
20d0b95c-28da-40e6-96e1-8af569d4b293,https://d3gm2hf49xd6jj.cloudfront.net/20d0b95c-28da-40e6-96e1-8af569d4b293/S1BB_20170604T051832_20170616T051833_VVP012_INT80_G_weF_584E.zip
5b7e024e-92b0-4141-856a-e04d8094c42d,https://d3gm2hf49xd6jj.cloudfront.net/5b7e024e-92b0-4141-856a-e04d8094c42d/S1BA_20170604T051832_20170610T051909_VVP006_INT80_G_weF_BF4B.zip
8f2d7633-4f85-478b-8f2e-957bbc5ae267,https://d3gm2hf49xd6jj.cloudfront.net/8f2d7633-4f85-478b-8f2e-957bbc5ae267/S1BB_20170628T051834_20170710T051835_VVP012_INT80_G_weF_4F89.zip
71b25ff5-1a39-476b-9297-b0a0cf52d658,https://d3gm2hf49xd6jj.cloudfront.net/71b25ff5-1a39-476b-9297-b0a0cf52d658/S1BA_20170616T051833_20170622T051910_VVP006_INT80_G_weF_D67B.zip
26f577cb-f5d2-4293-9bff-21e7a09e4fd8,https://d3gm2hf49xd6jj.cloudfront.net/26f577cb-f5d2-4293-9bff-21e7a09e4fd8/S1BB_20170604T051808_20170616T051808_VVP012_INT80_G_weF_50AC.zip
ca0e21ad-76e1-42b1-9881-74ef089fb226,https://d3gm2hf49xd6jj.cloudfront.net/ca0e21ad-76e1-42b1-9881-74ef089fb226/S1AB_20170529T051909_20170616T051833_VVP018_INT80_G_weF_FCC3.zip
2e9a49c0-9bde-46bf-9ac7-f4afe597f074,https://d3gm2hf49xd6jj.cloudfront.net/2e9a49c0-9bde-46bf-9ac7-f4afe597f074/S1BA_20170604T051832_20170622T051910_VVP018_INT80_G_weF_85D2.zip
b1166f46-670f-44a8-9604-d6d69f55c255,https://d3gm2hf49xd6jj.cloudfront.net/b1166f46-670f-44a8-9604-d6d69f55c255/S1BA_20170628T051834_20170704T051911_VVP006_INT80_G_weF_3BCA.zip
235993d1-7a7a-45af-a647-0ef3e1ad1ec9,https://d3gm2hf49xd6jj.cloudfront.net/235993d1-7a7a-45af-a647-0ef3e1ad1ec9/S1AA_20170529T051909_20170610T051909_VVP012_INT80_G_weF_F847.zip
19b8eb0d-59d8-41fc-a695-50f73caffa55,https://d3gm2hf49xd6jj.cloudfront.net/19b8eb0d-59d8-41fc-a695-50f73caffa55/S1AB_20170610T051909_20170628T051834_VVP018_INT80_G_weF_7DBE.zip
47f4d80f-0654-4c03-8321-3da42a456032,https://d3gm2hf49xd6jj.cloudfront.net/47f4d80f-0654-4c03-8321-3da42a456032/S1AB_20170610T051909_20170616T051833_VVP006_INT80_G_weF_0359.zip
f890c982-9381-476d-ac1f-3c8846e2cf2e,https://d3gm2hf49xd6jj.cloudfront.net/f890c982-9381-476d-ac1f-3c8846e2cf2e/S1BB_20170628T051809_20170710T051810_VVP012_INT80_G_weF_02B6.zip
37fbb100-2d9f-4c2d-88c6-ab58ec9ffa52,https://d3gm2hf49xd6jj.cloudfront.net/37fbb100-2d9f-4c2d-88c6-ab58ec9ffa52/S1BB_20170616T051808_20170628T051809_VVP012_INT80_G_weF_BA93.zip
ad29b99b-580d-4fc7-948f-16e8d7f8b7a4,https://d3gm2hf49xd6jj.cloudfront.net/ad29b99b-580d-4fc7-948f-16e8d7f8b7a4/S1AB_20170622T051910_20170628T051834_VVP006_INT80_G_weF_8703.zip
80a07827-03e0-4655-a486-c975b78eae92,https://d3gm2hf49xd6jj.cloudfront.net/80a07827-03e0-4655-a486-c975b78eae92/S1BA_20170616T051833_20170704T051911_VVP018_INT80_G_weF_6652.zip
d42c0376-00f2-4b27-a628-35873113b1ab,https://d3gm2hf49xd6jj.cloudfront.net/d42c0376-00f2-4b27-a628-35873113b1ab/S1BA_20170628T051834_20170716T051911_VVP018_INT80_G_weF_FF95.zip
eaa699d2-6c0d-497f-898f-9b62c48e5138,https://d3gm2hf49xd6jj.cloudfront.net/eaa699d2-6c0d-497f-898f-9b62c48e5138/S1AA_20170622T051910_20170704T051911_VVP012_INT80_G_weF_B5EE.zip
40e2e899-4545-4af3-b402-53bc79e48c72,https://d3gm2hf49xd6jj.cloudfront.net/40e2e899-4545-4af3-b402-53bc79e48c72/S1AA_20170610T051909_20170622T051910_VVP012_INT80_G_weF_B950.zip
9b257f66-3c4b-4e01-afbe-5c27d9f2e00e,https://d3gm2hf49xd6jj.cloudfront.net/9b257f66-3c4b-4e01-afbe-5c27d9f2e00e/S1AB_20170517T051857_20170523T051832_VVP006_INT80_G_weF_3EA6.zip
54950bed-a418-40cd-88e9-0381564317cb,https://d3gm2hf49xd6jj.cloudfront.net/54950bed-a418-40cd-88e9-0381564317cb/S1AB_20170517T051857_20170604T051808_VVP018_INT80_G_weF_05A2.zip
32e2fecb-14bb-4162-8c29-6006a7a1db75,https://d3gm2hf49xd6jj.cloudfront.net/32e2fecb-14bb-4162-8c29-6006a7a1db75/S1AB_20170505T051856_20170523T051832_VVP018_INT80_G_weF_3B23.zip
33ced725-a520-4b84-ad43-fe66c45483cf,https://d3gm2hf49xd6jj.cloudfront.net/33ced725-a520-4b84-ad43-fe66c45483cf/S1AB_20170529T051909_20170604T051832_VVP006_INT80_G_weF_E59D.zip
b4041f33-8bbb-42b4-8cd3-8c94d559687d,https://d3gm2hf49xd6jj.cloudfront.net/b4041f33-8bbb-42b4-8cd3-8c94d559687d/S1AB_20170505T051856_20170523T051807_VVP018_INT80_G_weF_9BC9.zip
0b9d0eac-1fae-4025-82aa-99ba6491d8c9,https://d3gm2hf49xd6jj.cloudfront.net/0b9d0eac-1fae-4025-82aa-99ba6491d8c9/S1BA_20170511T051806_20170517T051857_VVP006_INT80_G_weF_262E.zip
e3a75ce6-7bcb-4421-8c58-40ce0174c1bb,https://d3gm2hf49xd6jj.cloudfront.net/e3a75ce6-7bcb-4421-8c58-40ce0174c1bb/S1BB_20170511T051806_20170523T051807_VVP012_INT80_G_weF_EC37.zip
ae175805-98f3-40c0-8d7d-2c33ba590297,https://d3gm2hf49xd6jj.cloudfront.net/ae175805-98f3-40c0-8d7d-2c33ba590297/S1BA_20170511T051831_20170529T051909_VVP018_INT80_G_weF_95DB.zip
86b490ba-bc2f-4370-80fd-0d585f024093,https://d3gm2hf49xd6jj.cloudfront.net/86b490ba-bc2f-4370-80fd-0d585f024093/S1AA_20170505T051856_20170517T051857_VVP012_INT80_G_weF_3246.zip
12b95a70-c602-40f4-97c6-522edb895535,https://d3gm2hf49xd6jj.cloudfront.net/12b95a70-c602-40f4-97c6-522edb895535/S1AB_20170505T051856_20170511T051806_VVP006_INT80_G_weF_3311.zip
62321daa-8343-44a4-a4a2-fceb4c778afe,https://d3gm2hf49xd6jj.cloudfront.net/62321daa-8343-44a4-a4a2-fceb4c778afe/S1AA_20170517T051857_20170529T051909_VVP012_INT80_G_weF_4E98.zip
f40cd080-3710-45d7-ace8-747a35bbfd48,https://d3gm2hf49xd6jj.cloudfront.net/f40cd080-3710-45d7-ace8-747a35bbfd48/S1BB_20170511T051831_20170523T051832_VVP012_INT80_G_weF_6C73.zip
120f62ae-c11e-4a65-b89e-e00270237863,https://d3gm2hf49xd6jj.cloudfront.net/120f62ae-c11e-4a65-b89e-e00270237863/S1BA_20170523T051832_20170610T051909_VVP018_INT80_G_weF_901C.zip
596dd954-3fb1-4877-b1f8-725195a90107,https://d3gm2hf49xd6jj.cloudfront.net/596dd954-3fb1-4877-b1f8-725195a90107/S1AB_20170517T051857_20170604T051832_VVP018_INT80_G_weF_A46C.zip
92d04d08-1f6b-46cf-a57f-c0e30c75b219,https://d3gm2hf49xd6jj.cloudfront.net/92d04d08-1f6b-46cf-a57f-c0e30c75b219/S1BB_20170523T051807_20170604T051808_VVP012_INT80_G_weF_27A3.zip
54300a86-bf7e-43f4-ae07-712eb0924c17,https://d3gm2hf49xd6jj.cloudfront.net/54300a86-bf7e-43f4-ae07-712eb0924c17/S1BA_20170511T051831_20170517T051857_VVP006_INT80_G_weF_60B3.zip
441f79d8-b537-4ed5-a8ff-3e431649ddd7,https://d3gm2hf49xd6jj.cloudfront.net/441f79d8-b537-4ed5-a8ff-3e431649ddd7/S1BA_20170523T051832_20170529T051909_VVP006_INT80_G_weF_2C9D.zip
2af76cb0-37e9-4867-af54-bdda6ebd1d63,https://d3gm2hf49xd6jj.cloudfront.net/2af76cb0-37e9-4867-af54-bdda6ebd1d63/S1AB_20170517T051857_20170523T051807_VVP006_INT80_G_weF_23F6.zip
dd55a231-c8eb-46dd-bc5c-f8a580db6b2e,https://d3gm2hf49xd6jj.cloudfront.net/dd55a231-c8eb-46dd-bc5c-f8a580db6b2e/S1BB_20170523T051832_20170604T051832_VVP012_INT80_G_weF_87BA.zip
84879904-31e0-48a2-8fae-84ee6d29de0a,https://d3gm2hf49xd6jj.cloudfront.net/84879904-31e0-48a2-8fae-84ee6d29de0a/S1AB_20170505T051856_20170511T051831_VVP006_INT80_G_weF_419B.zip
f0f08ecb-5a35-4682-975b-fd0e7d762605,https://d3gm2hf49xd6jj.cloudfront.net/f0f08ecb-5a35-4682-975b-fd0e7d762605/S1AA_20170411T051855_20170423T051856_VVP012_INT80_G_weF_EEB7.zip
e1648166-4b7e-44ba-bd35-dcea2adbe80c,https://d3gm2hf49xd6jj.cloudfront.net/e1648166-4b7e-44ba-bd35-dcea2adbe80c/S1AA_20170330T051855_20170411T051855_VVP012_INT80_G_weF_725B.zip
7170b35b-e6cf-4b2f-8364-6fd6f7f97243,https://d3gm2hf49xd6jj.cloudfront.net/7170b35b-e6cf-4b2f-8364-6fd6f7f97243/S1AA_20170423T051856_20170505T051856_VVP012_INT80_G_weF_5632.zip
11ecbfdb-ad7c-40f9-b53d-d2043c5a1509,https://d3gm2hf49xd6jj.cloudfront.net/11ecbfdb-ad7c-40f9-b53d-d2043c5a1509/S1AB_20170423T051856_20170429T051806_VVP006_INT80_G_weF_A256.zip
205eb271-e4e9-4db1-a717-cf93f3b53525,https://d3gm2hf49xd6jj.cloudfront.net/205eb271-e4e9-4db1-a717-cf93f3b53525/S1AB_20170330T051855_20170405T051805_VVP006_INT80_G_weF_16B5.zip
dc92867f-c085-4a2f-a7f1-6fe50bd59168,https://d3gm2hf49xd6jj.cloudfront.net/dc92867f-c085-4a2f-a7f1-6fe50bd59168/S1BA_20170405T051805_20170423T051856_VVP018_INT80_G_weF_1318.zip
abe18ba7-62f3-4e92-96d1-e86a464b96f8,https://d3gm2hf49xd6jj.cloudfront.net/abe18ba7-62f3-4e92-96d1-e86a464b96f8/S1AB_20170411T051855_20170417T051805_VVP006_INT80_G_weF_2E54.zip
9e8e788f-a5f4-457b-82d3-5ecdb72c7f8b,https://d3gm2hf49xd6jj.cloudfront.net/9e8e788f-a5f4-457b-82d3-5ecdb72c7f8b/S1BB_20170429T051806_20170511T051806_VVP012_INT80_G_weF_3764.zip
85405ca4-8e53-4647-90b3-68451c4bfcac,https://d3gm2hf49xd6jj.cloudfront.net/85405ca4-8e53-4647-90b3-68451c4bfcac/S1BA_20170324T051804_20170411T051855_VVP018_INT80_G_weF_EF52.zip
a7cc1bc8-c4a8-4f58-8efc-8ed1bcd2e988,https://d3gm2hf49xd6jj.cloudfront.net/a7cc1bc8-c4a8-4f58-8efc-8ed1bcd2e988/S1BA_20170417T051805_20170423T051856_VVP006_INT80_G_weF_EF08.zip
9ac2a7ce-84b4-4aa2-9529-56ca9aebcefa,https://d3gm2hf49xd6jj.cloudfront.net/9ac2a7ce-84b4-4aa2-9529-56ca9aebcefa/S1BA_20170429T051806_20170517T051857_VVP018_INT80_G_weF_E25B.zip
d8985814-f10e-4a38-b17d-a1a6b650dc92,https://d3gm2hf49xd6jj.cloudfront.net/d8985814-f10e-4a38-b17d-a1a6b650dc92/S1BA_20170429T051806_20170505T051856_VVP006_INT80_G_weF_54FC.zip
c9878a55-9a80-4395-941b-f647b1742db2,https://d3gm2hf49xd6jj.cloudfront.net/c9878a55-9a80-4395-941b-f647b1742db2/S1BB_20170405T051805_20170417T051805_VVP012_INT80_G_weF_8B87.zip
8a610f2c-0fbf-4e60-ba5f-3ef2eec4592b,https://d3gm2hf49xd6jj.cloudfront.net/8a610f2c-0fbf-4e60-ba5f-3ef2eec4592b/S1BA_20170417T051805_20170505T051856_VVP018_INT80_G_weF_00DC.zip
61c15320-ebe4-41da-ba41-5fd389d44653,https://d3gm2hf49xd6jj.cloudfront.net/61c15320-ebe4-41da-ba41-5fd389d44653/S1AB_20170411T051855_20170429T051806_VVP018_INT80_G_weF_3C30.zip
8f2ad1e9-06f1-4bc4-8a4e-1611ccb8bb0d,https://d3gm2hf49xd6jj.cloudfront.net/8f2ad1e9-06f1-4bc4-8a4e-1611ccb8bb0d/S1AB_20170330T051855_20170417T051805_VVP018_INT80_G_weF_FF72.zip
f20b31d6-e843-45d8-ae23-7be449f2ccda,https://d3gm2hf49xd6jj.cloudfront.net/f20b31d6-e843-45d8-ae23-7be449f2ccda/S1BB_20170417T051805_20170429T051806_VVP012_INT80_G_weF_D0D7.zip
63d8edad-84cd-493a-99f0-67fbb6568620,https://d3gm2hf49xd6jj.cloudfront.net/63d8edad-84cd-493a-99f0-67fbb6568620/S1AB_20170423T051856_20170511T051831_VVP018_INT80_G_weF_C154.zip
4ee9a48a-4e43-473f-8585-28fab556bfac,https://d3gm2hf49xd6jj.cloudfront.net/4ee9a48a-4e43-473f-8585-28fab556bfac/S1BA_20170405T051805_20170411T051855_VVP006_INT80_G_weF_E79A.zip
0a8f6604-1204-498d-9339-ae182754a11e,https://d3gm2hf49xd6jj.cloudfront.net/0a8f6604-1204-498d-9339-ae182754a11e/S1AB_20170423T051856_20170511T051806_VVP018_INT80_G_weF_F10A.zip
637b1119-ae8a-4b43-abea-bc4e87f70217,https://d3gm2hf49xd6jj.cloudfront.net/637b1119-ae8a-4b43-abea-bc4e87f70217/S1AA_20170210T051854_20170222T051854_VVP012_INT80_G_weF_5586.zip
8996b15d-9b0e-4fbb-9aeb-ac0d3ecea5cf,https://d3gm2hf49xd6jj.cloudfront.net/8996b15d-9b0e-4fbb-9aeb-ac0d3ecea5cf/S1AB_20170306T051854_20170324T051804_VVP018_INT80_G_weF_3650.zip
b1119200-316a-4fb9-8f2d-ef150677786b,https://d3gm2hf49xd6jj.cloudfront.net/b1119200-316a-4fb9-8f2d-ef150677786b/S1AB_20170105T051855_20170123T051804_VVP018_INT80_G_weF_7A6C.zip
10275001-c0c9-462b-a487-c32e28d20fd5,https://d3gm2hf49xd6jj.cloudfront.net/10275001-c0c9-462b-a487-c32e28d20fd5/S1AB_20170318T051854_20170405T051805_VVP018_INT80_G_weF_5DD4.zip
4c00fba4-eb85-4a42-9eab-8b81d224e280,https://d3gm2hf49xd6jj.cloudfront.net/4c00fba4-eb85-4a42-9eab-8b81d224e280/S1BA_20170228T051804_20170306T051854_VVP006_INT80_G_weF_3C3B.zip
e35a6d8e-dcf1-43d4-bdef-385c952ab9d4,https://d3gm2hf49xd6jj.cloudfront.net/e35a6d8e-dcf1-43d4-bdef-385c952ab9d4/S1BB_20170111T051805_20170123T051804_VVP012_INT80_G_weF_3D83.zip
c95788c0-c2b5-4477-a105-6dd28c94268b,https://d3gm2hf49xd6jj.cloudfront.net/c95788c0-c2b5-4477-a105-6dd28c94268b/S1BB_20170228T051804_20170312T051804_VVP012_INT80_G_weF_0D8F.zip
b0d0485e-e363-48c3-89d5-878b0416ae91,https://d3gm2hf49xd6jj.cloudfront.net/b0d0485e-e363-48c3-89d5-878b0416ae91/S1BB_20170216T051804_20170228T051804_VVP012_INT80_G_weF_37C6.zip
6266327f-6ca1-4376-b1c0-d7aad482ff11,https://d3gm2hf49xd6jj.cloudfront.net/6266327f-6ca1-4376-b1c0-d7aad482ff11/S1AB_20170105T051855_20170111T051805_VVP006_INT80_G_weF_CB8A.zip
4c6e9a6a-d2ac-458d-8855-f931c0bfd1c7,https://d3gm2hf49xd6jj.cloudfront.net/4c6e9a6a-d2ac-458d-8855-f931c0bfd1c7/S1BA_20170111T051805_20170129T051855_VVP018_INT80_G_weF_4990.zip
0f98d128-912c-4824-b1fa-3f3b14a7e953,https://d3gm2hf49xd6jj.cloudfront.net/0f98d128-912c-4824-b1fa-3f3b14a7e953/S1AB_20170210T051854_20170216T051829_VVP006_INT80_G_weF_8237.zip
d6825e88-88fc-44b7-bdf1-e688ca68ff41,https://d3gm2hf49xd6jj.cloudfront.net/d6825e88-88fc-44b7-bdf1-e688ca68ff41/S1BA_20170216T051804_20170222T051854_VVP006_INT80_G_weF_40BE.zip
b5eafd98-e00e-4846-9466-331c955a39ea,https://d3gm2hf49xd6jj.cloudfront.net/b5eafd98-e00e-4846-9466-331c955a39ea/S1AB_20170222T051854_20170312T051829_VVP018_INT80_G_weF_439A.zip
9f1c5e53-6013-499d-b590-a0cd90fb48f0,https://d3gm2hf49xd6jj.cloudfront.net/9f1c5e53-6013-499d-b590-a0cd90fb48f0/S1AB_20170129T051855_20170216T051829_VVP018_INT80_G_weF_3271.zip
7922d595-44b8-420d-a8fd-520f675659d7,https://d3gm2hf49xd6jj.cloudfront.net/7922d595-44b8-420d-a8fd-520f675659d7/S1BA_20170324T051804_20170330T051855_VVP006_INT80_G_weF_E911.zip
612f8d84-ba5f-478b-b4d1-8b285b546d30,https://d3gm2hf49xd6jj.cloudfront.net/612f8d84-ba5f-478b-b4d1-8b285b546d30/S1BA_20170312T051804_20170318T051854_VVP006_INT80_G_weF_FB1C.zip
a80374b1-eb24-428c-8339-29fcfdccb7c7,https://d3gm2hf49xd6jj.cloudfront.net/a80374b1-eb24-428c-8339-29fcfdccb7c7/S1AB_20170210T051854_20170228T051804_VVP018_INT80_G_weF_4E79.zip
1bf98a97-0f95-4aa4-97f9-760b1468643a,https://d3gm2hf49xd6jj.cloudfront.net/1bf98a97-0f95-4aa4-97f9-760b1468643a/S1AB_20170210T051854_20170216T051804_VVP006_INT80_G_weF_CB14.zip
423cfcf1-10dd-4759-be4d-b5bc7b4fd50a,https://d3gm2hf49xd6jj.cloudfront.net/423cfcf1-10dd-4759-be4d-b5bc7b4fd50a/S1AA_20170222T051854_20170306T051854_VVP012_INT80_G_weF_AA9A.zip
1b07fa3a-103d-4a51-bf92-2f6a31ae430a,https://d3gm2hf49xd6jj.cloudfront.net/1b07fa3a-103d-4a51-bf92-2f6a31ae430a/S1BB_20170312T051804_20170324T051804_VVP012_INT80_G_weF_3A17.zip
10832f16-a3be-4b61-9e2d-8dce09a2f412,https://d3gm2hf49xd6jj.cloudfront.net/10832f16-a3be-4b61-9e2d-8dce09a2f412/S1BA_20170204T051804_20170222T051854_VVP018_INT80_G_weF_E31B.zip
4dbccd1c-d46b-467f-904a-2e81cdc55ac7,https://d3gm2hf49xd6jj.cloudfront.net/4dbccd1c-d46b-467f-904a-2e81cdc55ac7/S1AB_20170318T051854_20170324T051804_VVP006_INT80_G_weF_5F38.zip
aacb70b8-44b3-479f-a038-3f0738e61c68,https://d3gm2hf49xd6jj.cloudfront.net/aacb70b8-44b3-479f-a038-3f0738e61c68/S1AB_20170306T051854_20170312T051829_VVP006_INT80_G_weF_3A7A.zip
90355eae-c00d-43b7-aca1-70d4cfd7b8b0,https://d3gm2hf49xd6jj.cloudfront.net/90355eae-c00d-43b7-aca1-70d4cfd7b8b0/S1BB_20170123T051804_20170204T051804_VVP012_INT80_G_weF_1D0C.zip
28eb47d9-9d3f-4a59-a34d-3d23e9c324fa,https://d3gm2hf49xd6jj.cloudfront.net/28eb47d9-9d3f-4a59-a34d-3d23e9c324fa/S1BA_20170123T051804_20170129T051855_VVP006_INT80_G_weF_D113.zip
88863115-ae7e-4c9b-a19e-bc87101c7128,https://d3gm2hf49xd6jj.cloudfront.net/88863115-ae7e-4c9b-a19e-bc87101c7128/S1AB_20170222T051854_20170312T051804_VVP018_INT80_G_weF_1230.zip
1191d1e9-61d3-4b02-818c-d2a87e4c6550,https://d3gm2hf49xd6jj.cloudfront.net/1191d1e9-61d3-4b02-818c-d2a87e4c6550/S1BA_20170228T051804_20170318T051854_VVP018_INT80_G_weF_B05D.zip
6c6dd2ce-f84f-4f3f-9128-77f361ca0ce1,https://d3gm2hf49xd6jj.cloudfront.net/6c6dd2ce-f84f-4f3f-9128-77f361ca0ce1/S1AA_20170306T051854_20170318T051854_VVP012_INT80_G_weF_2E10.zip
99fd79b7-9976-44be-ad40-8c009ccf572e,https://d3gm2hf49xd6jj.cloudfront.net/99fd79b7-9976-44be-ad40-8c009ccf572e/S1BA_20170216T051804_20170306T051854_VVP018_INT80_G_weF_59FC.zip
0ebd176a-6cc0-4234-afd3-55d8eae77af8,https://d3gm2hf49xd6jj.cloudfront.net/0ebd176a-6cc0-4234-afd3-55d8eae77af8/S1BA_20170204T051804_20170210T051854_VVP006_INT80_G_weF_90C5.zip
cbd9d980-2066-4051-846e-a9d744e4a0d0,https://d3gm2hf49xd6jj.cloudfront.net/cbd9d980-2066-4051-846e-a9d744e4a0d0/S1BB_20170204T051804_20170216T051804_VVP012_INT80_G_weF_98A5.zip
479673a4-8204-44b3-952d-efdd65ccc489,https://d3gm2hf49xd6jj.cloudfront.net/479673a4-8204-44b3-952d-efdd65ccc489/S1BA_20170123T051804_20170210T051854_VVP018_INT80_G_weF_F2A0.zip
c4ecff4b-56a8-4268-89f0-622ddadf72af,https://d3gm2hf49xd6jj.cloudfront.net/c4ecff4b-56a8-4268-89f0-622ddadf72af/S1AB_20170129T051855_20170216T051804_VVP018_INT80_G_weF_8BF3.zip
23489582-b68c-4755-af17-e1dd0ea5d92f,https://d3gm2hf49xd6jj.cloudfront.net/23489582-b68c-4755-af17-e1dd0ea5d92f/S1AA_20170129T051855_20170210T051854_VVP012_INT80_G_weF_1EA7.zip
3ee644f1-cdad-4636-81ae-a561c494449d,https://d3gm2hf49xd6jj.cloudfront.net/3ee644f1-cdad-4636-81ae-a561c494449d/S1AB_20170222T051854_20170228T051804_VVP006_INT80_G_weF_3403.zip
dc80db89-c357-4a1a-aea5-a2e3513a1d82,https://d3gm2hf49xd6jj.cloudfront.net/dc80db89-c357-4a1a-aea5-a2e3513a1d82/S1AA_20170318T051854_20170330T051855_VVP012_INT80_G_weF_5C1C.zip
88956e71-8ebc-4ab4-8960-fd0f4a43b900,https://d3gm2hf49xd6jj.cloudfront.net/88956e71-8ebc-4ab4-8960-fd0f4a43b900/S1AB_20170306T051854_20170312T051804_VVP006_INT80_G_weF_2FCE.zip
467ba9be-6e0a-4a9e-8c8c-c0244dc78ca9,https://d3gm2hf49xd6jj.cloudfront.net/467ba9be-6e0a-4a9e-8c8c-c0244dc78ca9/S1BB_20170324T051804_20170405T051805_VVP012_INT80_G_weF_F9B3.zip
b871e55b-c205-4172-8751-cc97c63cb4db,https://d3gm2hf49xd6jj.cloudfront.net/b871e55b-c205-4172-8751-cc97c63cb4db/S1BA_20170312T051804_20170330T051855_VVP018_INT80_G_weF_17F6.zip
7081a888-fe83-46ba-9261-9ab2341a9ec3,https://d3gm2hf49xd6jj.cloudfront.net/7081a888-fe83-46ba-9261-9ab2341a9ec3/S1AB_20170129T051855_20170204T051804_VVP006_INT80_G_weF_0E88.zip
